v 226.13406372070312 365.68408203125 1608.922607421875
v 400.7337951660156 349.8835754394531 1608.542236328125
v 576.7371215820312 325.5017395019531 1608.8125
v 753.3511962890625 290.5390319824219 1608.0391845703125
v 931.6714477539062 243.6715545654297 1608.0770263671875
v 1105.2708740234375 184.54000854492188 1608.761474609375
v 1297.1380615234375 98.55158233642578 1607.7828369140625
v 1455.841064453125 11.97391128540039 1609.051513671875
v 226.11192321777344 510.8039855957031 1489.7386474609375
v 400.6768493652344 502.0714416503906 1489.8955078125
v 576.71484375 484.8145446777344 1489.8026123046875
v 753.3720092773438 456.5680236816406 1489.70947265625
v 931.6995239257812 414.12518310546875 1489.873046875
v 1105.2974853515625 355.7409362792969 1489.7537841796875
v 1297.3529052734375 268.5676574707031 1489.8297119140625
v 1455.98828125 174.13124084472656 1489.646240234375
v 226.10372924804688 648.4144287109375 1387.2899169921875
v 400.65472412109375 649.9580078125 1387.357421875
v 576.7171020507812 644.8934936523438 1387.1029052734375
v 753.3567504882812 626.32470703125 1387.1529541015625
v 931.6865234375 591.2948608398438 1387.1265869140625
v 1105.3026123046875 537.3153686523438 1387.2384033203125
v 1297.4112548828125 450.9812316894531 1387.1646728515625
v 1455.98193359375 353.2325744628906 1387.190673828125
v 226.12338256835938 757.8922119140625 1301.8533935546875
v 400.6776428222656 769.5513305664062 1302.0743408203125
v 576.7146606445312 777.9530639648438 1301.64453125
v 753.2848510742188 772.2630615234375 1301.8636474609375
v 931.652099609375 749.0687255859375 1301.665283203125
v 1105.324951171875 703.023193359375 1301.74658203125
v 1297.461181640625 620.5069580078125 1301.738525390625
v 1456.0408935546875 521.7599487304688 1301.6170654296875
v 1578.0850830078125 422.1677551269531 1301.7044677734375
v 226.16204833984375 859.6434936523438 1217.079345703125
v 400.7273864746094 880.6029052734375 1217.3155517578125
v 576.7100830078125 903.1065673828125 1216.912841796875
v 753.18994140625 912.8135986328125 1217.1754150390625
v 931.60546875 906.326416015625 1216.92822265625
v 1105.3511962890625 873.1585693359375 1216.987060546875
v 1297.4876708984375 798.4178466796875 1217.163330078125
v 1456.084716796875 701.3335571289062 1216.7862548828125
v 1578.2945556640625 597.1397094726562 1216.72998046875
v 226.209716796875 950.2638549804688 1134.50732421875
v 400.7628479003906 979.00732421875 1134.607666015625
v 576.6710815429688 1014.8622436523438 1134.28173828125
v 753.14453125 1041.0166015625 1134.561279296875
v 931.5404663085938 1054.116943359375 1134.03369140625
v 1105.3814697265625 1038.1793212890625 1134.2939453125
v 1297.447509765625 975.5702514648438 1134.8673095703125
v 1455.9007568359375 882.8557739257812 1134.2568359375
v 1578.6181640625 775.4169921875 1133.6473388671875
v 226.25576782226562 1031.6212158203125 1051.027587890625
v 400.8028869628906 1065.8446044921875 1051.2132568359375
v 576.6067504882812 1112.618408203125 1050.99853515625
v 753.1412963867188 1155.863525390625 1051.3736572265625
v 931.3597412109375 1191.6568603515625 1049.78125
v 1105.3311767578125 1198.535888671875 1050.8948974609375
v 1297.210693359375 1152.867431640625 1053.5946044921875
v 1455.8720703125 1066.6796875 1052.06103515625
v 1579.2147216796875 957.30029296875 1049.5797119140625
v 226.3123779296875 1106.91943359375 959.5458374023438
v 401.00140380859375 1144.5814208984375 959.928955078125
v 576.757568359375 1199.748779296875 959.808837890625
v 753.1472778320312 1259.259033203125 959.5714721679688
v 930.6912841796875 1321.0560302734375 957.0776977539062
v 1105.3623046875 1354.9251708984375 957.8616333007812
v 1296.485595703125 1329.4464111328125 964.5881958007812
v 226.3275604248047 1182.0240478515625 839.9338989257812
v 400.93994140625 1223.79541015625 840.2826538085938
v 576.6256713867188 1285.4166259765625 840.1317138671875
v 753.1676635742188 1354.1934814453125 840.0204467773438
v 931.08349609375 1428.3740234375 839.553466796875
v 226.34295654296875 1239.45361328125 658.3416137695312
v 401.0210876464844 1285.3154296875 658.4588012695312
v 134.81101989746094 370.5797424316406 1609.1573486328125
v 226.14112854003906 301.5400390625 1686.340576171875
v 134.81858825683594 306.990478515625 1686.424072265625
v 314.0004577636719 358.7680969238281 1608.689208984375
v 400.7208557128906 283.7322998046875 1686.2041015625
v 313.9991149902344 293.715576171875 1686.236083984375
v 489.0531311035156 338.8091735839844 1608.6563720703125
v 576.7197265625 256.56182861328125 1686.1959228515625
v 489.0352478027344 271.2337341308594 1686.19091796875
v 665.62158203125 309.2889099121094 1608.541015625
v 753.3427734375 219.92898559570312 1686.248046875
v 665.6409912109375 239.43734741210938 1686.2613525390625
v 843.5648193359375 268.3168640136719 1607.7596435546875
v 931.5847778320312 171.373291015625 1686.091796875
v 843.5594482421875 196.8706512451172 1686.15869140625
v 1019.49365234375 215.8304901123047 1608.7230224609375
v 1105.1650390625 112.09896087646484 1686.13037109375
v 1019.3788452148438 142.82130432128906 1686.0072021484375
v 1203.7701416015625 142.69537353515625 1607.7615966796875
v 1296.9954833984375 30.272972106933594 1686.3380126953125
v 1203.7255859375 72.82149505615234 1686.529541015625
v 1375.4808349609375 57.95885467529297 1608.486083984375
v 1455.69921875 -53.18806076049805 1686.1143798828125
v 1375.2989501953125 -9.306004524230957 1686.0771484375
v 1203.795166015625 1350.64794921875 961.3845825195312
v 1296.9432373046875 1243.23486328125 1008.7451171875
v 1203.587890625 1182.4215087890625 1052.4185791015625
v 1105.4158935546875 1278.402099609375 1005.250244140625
v 1203.7127685546875 1268.2366943359375 1007.3719482421875
v 843.402587890625 1391.2705078125 840.0315551757812
v 930.6520385742188 1385.586669921875 897.9894409179688
v 842.864990234375 1291.2718505859375 958.4584350585938
v 753.1044921875 1313.5604248046875 898.8034057617188
v 842.9537963867188 1350.154296875 898.6841430664062
v 1103.9151611328125 1442.8582763671875 898.6056518554688
v 1018.2672729492188 1342.91357421875 956.5800170898438
v 1017.9195556640625 1416.6573486328125 897.6172485351562
v 665.4697265625 1319.548095703125 840.009765625
v 576.72119140625 1326.796142578125 752.08544921875
v 665.6485595703125 1362.3939208984375 752.1104125976562
v 134.8106689453125 1230.01318359375 658.4193115234375
v 134.78897094726562 1231.5189208984375 564.1843872070312
v 314.0373840332031 1258.49951171875 658.4692993164062
v 1334.3343505859375 1316.390380859375 965.4940185546875
v 1454.8326416015625 1162.524658203125 1008.4412841796875
v 1376.1441650390625 1115.78466796875 1053.4007568359375
v 1375.518310546875 1209.6580810546875 1009.0767822265625
v 1527.74755859375 -125.46356201171875 1771.4871826171875
v 1468.9244384765625 -92.84640502929688 1771.4871826171875
v 1405.416748046875 -59.9349365234375 1771.4871826171875
v 1341.0985107421875 -28.741708755493164 1771.4871826171875
v 1277.4044189453125 0.3066878020763397 1771.4871826171875
v 1213.0517578125 27.963083267211914 1771.4871826171875
v 1149.3056640625 53.71401596069336 1771.4871826171875
v 1084.932861328125 77.89677429199219 1771.4871826171875
v 1021.1802368164062 99.92731475830078 1771.4871826171875
v 956.9544067382812 120.4068603515625 1771.4871826171875
v 893.1380615234375 139.16946411132812 1771.4871826171875
v 828.9534301757812 156.58529663085938 1771.4871826171875
v 765.0896606445312 172.59933471679688 1771.4871826171875
v 700.9173583984375 187.38671875 1771.4871826171875
v 637.0133666992188 200.8013153076172 1771.4871826171875
v 572.8685913085938 213.01905822753906 1771.4871826171875
v 508.93560791015625 223.97512817382812 1771.4871826171875
v 444.8055114746094 233.6627655029297 1771.4871826171875
v 380.86285400390625 241.960205078125 1771.4871826171875
v 316.7706604003906 248.964111328125 1771.4871826171875
v 252.79299926757812 254.72056579589844 1771.4871826171875
v 188.71847534179688 259.2197570800781 1771.4871826171875
v 124.71878814697266 262.412353515625 1771.4871826171875
v 60.66814041137695 264.3205871582031 1771.4871826171875
v 43.152610778808594 264.6204833984375 1771.4871826171875
v 88.93006896972656 308.6804504394531 1686.440673828125
v 134.8175048828125 281.6383056640625 1728.5689697265625
v 88.92998504638672 283.29608154296875 1728.57373046875
v 66.01142120361328 283.87274169921875 1728.5738525390625
v 88.92945861816406 272.6121826171875 1750.2762451171875
v 66.011474609375 273.1893310546875 1750.2763671875
v 43.152610778808594 267.4676513671875 1764.3709716796875
v 43.152610778808594 268.9554443359375 1760.8106689453125
v 43.152610778808594 270.4888000488281 1757.2423095703125
v 43.152610778808594 272.0697937011719 1753.6607666015625
v 43.152610778808594 273.6969299316406 1750.0689697265625
v 43.152610778808594 275.26336669921875 1746.693603515625
v 43.152610778808594 276.87481689453125 1743.2989501953125
v 43.152610778808594 278.53009033203125 1739.8885498046875
v 43.152610778808594 280.2278747558594 1736.4661865234375
v 43.152610778808594 281.9669189453125 1733.035400390625
v 43.152610778808594 283.7459716796875 1729.5997314453125
v 43.152610778808594 284.65008544921875 1727.88134765625
v 43.152610778808594 285.105712890625 1727.0220947265625
v 43.152610778808594 285.33441162109375 1726.592529296875
v 43.152610778808594 285.563720703125 1726.1630859375
v 43.152610778808594 287.4176330566406 1722.731201171875
v 43.152610778808594 291.2252197265625 1715.9027099609375
v 43.152610778808594 295.1562805175781 1709.1458740234375
v 43.152610778808594 297.16455078125 1705.803466796875
v 43.152610778808594 298.1787414550781 1704.1429443359375
v 43.152610778808594 298.6882629394531 1703.3155517578125
v 43.152610778808594 298.7520446777344 1703.212158203125
v 43.152610778808594 298.7839660644531 1703.1605224609375
v 43.152610778808594 298.7919616699219 1703.147705078125
v 43.152610778808594 298.7939453125 1703.1444091796875
v 43.152610778808594 298.7959289550781 1703.1412353515625
v 43.152610778808594 298.7999267578125 1703.134765625
v 43.152610778808594 298.81585693359375 1703.1090087890625
v 43.152610778808594 298.9433898925781 1702.90283203125
v 43.152610778808594 299.1987609863281 1702.4910888671875
v 43.152610778808594 303.338134765625 1695.96630859375
v 43.152610778808594 307.57867431640625 1689.551025390625
v 43.152610778808594 311.9215393066406 1683.2265625
v 43.152610778808594 313.0234069824219 1681.657470703125
v 43.152610778808594 313.29986572265625 1681.265869140625
v 43.152610778808594 313.5767517089844 1680.87451171875
v 43.152610778808594 314.1318054199219 1680.092529296875
v 43.152610778808594 316.3692932128906 1676.97265625
v 43.152610778808594 320.92822265625 1670.76416015625
v 43.152610778808594 325.6004638671875 1664.5821533203125
v 43.152610778808594 327.9796142578125 1661.4952392578125
v 43.152610778808594 329.1800231933594 1659.951904296875
v 43.152610778808594 329.7738952636719 1659.191650390625
v 43.152610778808594 330.358154296875 1658.4456787109375
v 43.152610778808594 335.0906066894531 1652.4803466796875
v 43.152610778808594 339.9227294921875 1646.526611328125
v 43.152610778808594 344.84912109375 1640.5972900390625
v 43.152610778808594 365.3903503417969 1617.3778076171875
v 43.152610778808594 368.0408630371094 1614.5577392578125
v 43.152610778808594 369.3722229003906 1613.156494140625
v 43.152610778808594 370.0393981933594 1612.4581298828125
v 43.152610778808594 370.37335205078125 1612.1094970703125
v 43.152610778808594 370.4568786621094 1612.0223388671875
v 43.152610778808594 370.46734619140625 1612.011474609375
v 43.152610778808594 370.4725646972656 1612.006103515625
v 43.152610778808594 370.4777526855469 1612.0006103515625
v 43.152610778808594 370.4986267089844 1611.9788818359375
v 43.152610778808594 370.54034423828125 1611.9354248046875
v 43.152610778808594 370.707275390625 1611.7615966796875
v 43.152610778808594 376.07989501953125 1606.2490234375
v 43.152610778808594 387.009521484375 1595.4786376953125
v 43.152610778808594 392.5699768066406 1590.1943359375
v 43.152610778808594 392.7447814941406 1590.030029296875
v 43.152610778808594 392.919677734375 1589.8658447265625
v 43.152610778808594 393.2696533203125 1589.5374755859375
v 43.152610778808594 393.970458984375 1588.88134765625
v 43.152610778808594 395.3755187988281 1587.571044921875
v 43.152610778808594 398.1993408203125 1584.95703125
v 43.152610778808594 409.68267822265625 1574.561279296875
v 43.152610778808594 415.7762756347656 1569.169189453125
v 43.152610778808594 417.2568054199219 1567.86962890625
v 43.152610778808594 418.73028564453125 1566.5799560546875
v 43.152610778808594 421.69140625 1563.999267578125
v 43.152610778808594 427.66851806640625 1558.83447265625
v 43.152610778808594 433.7148742675781 1553.6688232421875
v 43.152610778808594 439.825927734375 1548.50634765625
v 43.152610778808594 445.9969787597656 1543.3514404296875
v 43.152610778808594 452.2234191894531 1538.2080078125
v 43.152610778808594 458.50054931640625 1533.08056640625
v 43.152610778808594 471.18804931640625 1522.890380859375
v 43.152610778808594 471.98626708984375 1522.2569580078125
v 43.152610778808594 472.1859130859375 1522.0986328125
v 43.152610778808594 472.1983947753906 1522.0887451171875
v 43.152610778808594 472.2108459472656 1522.078857421875
v 43.152610778808594 472.2358093261719 1522.05908203125
v 43.152610778808594 472.2856750488281 1522.01953125
v 43.152610778808594 472.3854675292969 1521.9405517578125
v 43.152610778808594 472.78460693359375 1521.624267578125
v 43.152610778808594 474.38238525390625 1520.36083984375
v 43.152610778808594 477.58270263671875 1517.84033203125
v 43.152610778808594 483.9978942871094 1512.8250732421875
v 43.152610778808594 485.603759765625 1511.57666015625
v 43.152610778808594 486.4068908691406 1510.9532470703125
v 43.152610778808594 486.8084716796875 1510.641845703125
v 43.152610778808594 487.2100830078125 1510.3304443359375
v 43.152610778808594 490.4230651855469 1507.8450927734375
v 43.152610778808594 496.8453063964844 1502.902587890625
v 43.152610778808594 500.0519104003906 1500.4456787109375
v 43.152610778808594 500.8528747558594 1499.8330078125
v 43.152610778808594 501.0530700683594 1499.679931640625
v 43.152610778808594 501.25323486328125 1499.52685546875
v 43.152610778808594 501.65350341796875 1499.2208251953125
v 43.152610778808594 503.2535705566406 1497.99853515625
v 43.152610778808594 509.6351013183594 1493.13525390625
v 43.152610778808594 512.812255859375 1490.7191162109375
v 43.152610778808594 514.3969116210938 1489.5150146484375
v 43.152610778808594 515.1881713867188 1488.913818359375
v 43.152610778808594 515.58349609375 1488.613525390625
v 43.152610778808594 515.7811279296875 1488.4635009765625
v 43.152610778808594 515.9786376953125 1488.3134765625
v 43.152610778808594 519.1324462890625 1485.918701171875
v 43.152610778808594 522.2720947265625 1483.53515625
v 43.152610778808594 525.396240234375 1481.162841796875
v 43.152610778808594 528.503662109375 1478.8017578125
v 43.152610778808594 530.0506591796875 1477.62548828125
v 43.152610778808594 531.6796875 1476.38623046875
v 43.152610778808594 534.9384155273438 1473.904541015625
v 43.152610778808594 541.403076171875 1468.9715576171875
v 43.152610778808594 547.80712890625 1464.0716552734375
v 43.152610778808594 554.162353515625 1459.1956787109375
v 43.152610778808594 557.3253173828125 1456.763916015625
v 43.152610778808594 558.9037475585938 1455.5489501953125
v 43.152610778808594 559.298095703125 1455.245361328125
v 43.152610778808594 559.6922607421875 1454.9417724609375
v 43.152610778808594 560.48046875 1454.3345947265625
v 43.152610778808594 573.068359375 1444.6083984375
v 43.152610778808594 573.8547973632812 1443.9989013671875
v 43.152610778808594 574.248046875 1443.694091796875
v 43.152610778808594 574.641357421875 1443.38916015625
v 43.152610778808594 576.2150268554688 1442.16845703125
v 43.152610778808594 579.365478515625 1439.72216796875
v 43.152610778808594 585.6838989257812 1434.8055419921875
v 43.152610778808594 588.854736328125 1432.3330078125
v 43.152610778808594 592.0374755859375 1429.8477783203125
v 43.152610778808594 598.4243774414062 1424.8505859375
v 43.152610778808594 601.6249389648438 1422.341552734375
v 43.152610778808594 603.2261962890625 1421.085205078125
v 43.152610778808594 604.0269165039062 1420.45654296875
v 43.152610778808594 604.82763671875 1419.8277587890625
v 43.152610778808594 611.228515625 1414.794677734375
v 43.152610778808594 616.9825439453125 1410.26025390625
v 43.152610778808594 617.7001953125 1409.694091796875
v 43.152610778808594 618.0588989257812 1409.4110107421875
v 43.152610778808594 618.4174194335938 1409.1280517578125
v 43.152610778808594 619.8501586914062 1407.9970703125
v 43.152610778808594 622.7081298828125 1405.7391357421875
v 43.152610778808594 628.3897094726562 1401.2440185546875
v 43.152610778808594 634.0169067382812 1396.7835693359375
v 43.152610778808594 639.5794677734375 1392.3662109375
v 43.152610778808594 645.0672607421875 1388.0003662109375
v 43.152610778808594 647.8546142578125 1385.77978515625
v 43.152610778808594 650.7963256835938 1383.43408203125
v 43.152610778808594 656.6066284179688 1378.794189453125
v 43.152610778808594 659.4785766601562 1376.4971923828125
v 43.152610778808594 660.9070434570312 1375.3538818359375
v 43.152610778808594 660.9961547851562 1375.2825927734375
v 43.152610778808594 661.0852661132812 1375.211181640625
v 43.152610778808594 661.263427734375 1375.068603515625
v 43.152610778808594 661.6195068359375 1374.783447265625
v 43.152610778808594 662.3309326171875 1374.213623046875
v 43.152610778808594 667.9869995117188 1369.6781005859375
v 43.152610778808594 673.5900268554688 1365.1756591796875
v 43.152610778808594 679.1549072265625 1360.694091796875
v 43.152610778808594 684.6990966796875 1356.2196044921875
v 43.152610778808594 687.4676513671875 1353.981689453125
v 43.152610778808594 688.8516845703125 1352.8619384765625
v 43.152610778808594 689.19775390625 1352.5819091796875
v 43.152610778808594 689.5438232421875 1352.3017578125
v 43.152610778808594 690.236083984375 1351.7413330078125
v 43.152610778808594 695.782958984375 1347.245361328125
v 43.152610778808594 701.3547973632812 1342.7196044921875
v 43.152610778808594 702.7532348632812 1341.582275390625
v 43.152610778808594 702.92822265625 1341.43994140625
v 43.152610778808594 702.9391479492188 1341.4310302734375
v 43.152610778808594 702.9500732421875 1341.422119140625
v 43.152610778808594 702.9719848632812 1341.404296875
v 43.152610778808594 703.0157470703125 1341.36865234375
v 43.152610778808594 703.103271484375 1341.2974853515625
v 43.152610778808594 703.4535522460938 1341.012451171875
v 43.152610778808594 704.1546630859375 1340.44189453125
v 43.152610778808594 706.9647827148438 1338.1534423828125
v 43.152610778808594 712.608642578125 1333.5499267578125
v 43.152610778808594 718.2733154296875 1328.9193115234375
v 43.152610778808594 723.942626953125 1324.274169921875
v 43.152610778808594 729.6027221679688 1319.6253662109375
v 43.152610778808594 730.3088989257812 1319.04443359375
v 43.152610778808594 730.6619262695312 1318.7540283203125
v 43.152610778808594 731.0147705078125 1318.463623046875
v 43.152610778808594 732.4251098632812 1317.302734375
v 43.152610778808594 735.2392578125 1314.98388671875
v 43.152610778808594 740.8363037109375 1310.362548828125
v 43.152610778808594 743.6161499023438 1308.0623779296875
v 43.152610778808594 744.3088989257812 1307.4886474609375
v 43.152610778808594 744.4819946289062 1307.34521484375
v 43.152610778808594 744.5684814453125 1307.2735595703125
v 43.152610778808594 744.6549682617188 1307.201904296875
v 43.152610778808594 745.000732421875 1306.9154052734375
v 43.152610778808594 746.3812255859375 1305.77099609375
v 43.152610778808594 751.85791015625 1301.22216796875
v 43.152610778808594 757.2531127929688 1296.7261962890625
v 43.152610778808594 760.0535888671875 1294.38623046875
v 43.152610778808594 762.928955078125 1291.9791259765625
v 43.152610778808594 768.604736328125 1287.213623046875
v 43.152610778808594 771.40869140625 1284.8521728515625
v 43.152610778808594 771.583251953125 1284.7049560546875
v 43.152610778808594 771.6704711914062 1284.6314697265625
v 43.152610778808594 771.7577514648438 1284.557861328125
v 43.152610778808594 772.1065063476562 1284.2637939453125
v 43.152610778808594 772.8031005859375 1283.676025390625
v 43.152610778808594 774.193115234375 1282.50244140625
v 43.152610778808594 779.7128295898438 1277.830322265625
v 43.152610778808594 782.45166015625 1275.5050048828125
v 43.152610778808594 783.8165893554688 1274.344482421875
v 43.152610778808594 784.4979858398438 1273.7645263671875
v 43.152610778808594 784.8384399414062 1273.4747314453125
v 43.152610778808594 785.1787719726562 1273.1849365234375
v 43.152610778808594 790.6082763671875 1268.5517578125
v 43.152610778808594 800.2733764648438 1260.2584228515625
v 43.152610778808594 805.11083984375 1256.0858154296875
v 43.152610778808594 809.966552734375 1251.883544921875
v 43.152610778808594 810.5752563476562 1251.355712890625
v 43.152610778808594 810.8798217773438 1251.0916748046875
v 43.152610778808594 811.032470703125 1250.959228515625
v 43.152610778808594 811.1853637695312 1250.8265380859375
v 43.152610778808594 812.4089965820312 1249.7645263671875
v 43.152610778808594 814.860107421875 1247.634765625
v 43.152610778808594 819.7733764648438 1243.3548583984375
v 43.152610778808594 829.6121215820312 1234.74072265625
v 43.152610778808594 834.519287109375 1230.42138671875
v 43.152610778808594 839.4061889648438 1226.10400390625
v 43.152610778808594 844.2637939453125 1221.7960205078125
v 43.152610778808594 849.0830078125 1217.5045166015625
v 43.152610778808594 853.8547973632812 1213.2373046875
v 43.152610778808594 858.5701904296875 1209.00146484375
v 43.152610778808594 860.9039306640625 1206.8975830078125
v 43.152610778808594 863.2703247070312 1204.759033203125
v 43.152610778808594 868.2161254882812 1200.2716064453125
v 43.152610778808594 873.0875244140625 1195.82763671875
v 43.152610778808594 877.8948364257812 1191.418212890625
v 43.152610778808594 882.6483154296875 1187.0345458984375
v 43.152610778808594 887.3583374023438 1182.6678466796875
v 43.152610778808594 892.0349731445312 1178.3094482421875
v 43.152610778808594 896.6884765625 1173.9505615234375
v 43.152610778808594 905.96630859375 1165.197021484375
v 43.152610778808594 908.2870483398438 1162.994873046875
v 43.152610778808594 909.448486328125 1161.8909912109375
v 43.152610778808594 910.029541015625 1161.33837890625
v 43.152610778808594 910.3201293945312 1161.061767578125
v 43.152610778808594 910.4654541015625 1160.9234619140625
v 43.152610778808594 910.5381469726562 1160.8543701171875
v 43.152610778808594 910.5426635742188 1160.8499755859375
v 43.152610778808594 910.544921875 1160.8477783203125
v 43.152610778808594 910.5472412109375 1160.845703125
v 43.152610778808594 910.556396484375 1160.8369140625
v 43.152610778808594 910.5746459960938 1160.819580078125
v 43.152610778808594 910.6112060546875 1160.7847900390625
v 43.152610778808594 915.29833984375 1156.313232421875
v 43.152610778808594 919.995361328125 1151.8126220703125
v 43.152610778808594 924.6937255859375 1147.2899169921875
v 43.152610778808594 934.0601806640625 1138.2081298828125
v 43.152610778808594 938.711181640625 1133.663330078125
v 43.152610778808594 943.3292236328125 1129.125732421875
v 43.152610778808594 947.50146484375 1125.0032958984375
v 43.152610778808594 951.6328735351562 1120.8980712890625
v 43.152610778808594 955.7171630859375 1116.815673828125
v 43.152610778808594 957.7628784179688 1114.76123046875
v 43.152610778808594 959.8994750976562 1112.6083984375
v 43.152610778808594 964.1282348632812 1108.3253173828125
v 43.152610778808594 968.3031005859375 1104.067138671875
v 43.152610778808594 972.4307250976562 1099.8272705078125
v 43.152610778808594 976.5176391601562 1095.599365234375
v 43.152610778808594 980.5704345703125 1091.377197265625
v 43.152610778808594 984.595458984375 1087.154052734375
v 43.152610778808594 992.5885009765625 1078.68017578125
v 43.152610778808594 996.5693359375 1074.4168701171875
v 43.152610778808594 998.5586547851562 1072.2757568359375
v 43.152610778808594 999.5534057617188 1071.2025146484375
v 43.152610778808594 999.8020629882812 1070.933837890625
v 43.152610778808594 999.9264526367188 1070.799560546875
v 43.152610778808594 999.95751953125 1070.7659912109375
v 43.152610778808594 999.96533203125 1070.757568359375
v 43.152610778808594 999.96728515625 1070.7554931640625
v 43.152610778808594 999.9682006835938 1070.75439453125
v 43.152610778808594 999.9691772460938 1070.7532958984375
v 43.152610778808594 999.97314453125 1070.7491455078125
v 43.152610778808594 999.98876953125 1070.7322998046875
v 43.152610778808594 1000.05126953125 1070.6646728515625
v 43.152610778808594 1000.5514526367188 1070.1239013671875
v 43.152610778808594 1004.5540771484375 1065.78076171875
v 43.152610778808594 1008.5543823242188 1061.410888671875
v 43.152610778808594 1016.5240478515625 1052.611572265625
v 43.152610778808594 1024.4127197265625 1043.767578125
v 43.152610778808594 1028.311767578125 1039.341796875
v 43.152610778808594 1032.172607421875 1034.92041015625
v 43.152610778808594 1035.9896240234375 1030.508544921875
v 43.152610778808594 1039.756591796875 1026.111328125
v 43.152610778808594 1040.6898193359375 1025.014892578125
v 43.152610778808594 1041.6519775390625 1023.8814086914062
v 43.152610778808594 1043.5791015625 1021.6019287109375
v 43.152610778808594 1047.3924560546875 1017.0545043945312
v 43.152610778808594 1051.1575927734375 1012.5162353515625
v 43.152610778808594 1054.88232421875 1007.9797973632812
v 43.152610778808594 1062.2420654296875 998.882568359375
v 43.152610778808594 1065.8927001953125 994.306884765625
v 43.152610778808594 1069.5340576171875 989.7034301757812
v 43.152610778808594 1072.7000732421875 985.6707763671875
v 43.152610778808594 1075.8701171875 981.6065063476562
v 43.152610778808594 1076.663818359375 980.5849609375
v 43.152610778808594 1076.7630615234375 980.4570922851562
v 43.152610778808594 1076.812744140625 980.3931884765625
v 43.152610778808594 1076.8626708984375 980.328857421875
v 43.152610778808594 1077.0626220703125 980.0711059570312
v 43.152610778808594 1077.462646484375 979.5552978515625
v 43.152610778808594 1079.063720703125 977.4871215820312
v 43.152610778808594 1082.265869140625 973.3321533203125
v 43.15261459350586 1088.6422119140625 964.9837036132812
v 43.15261459350586 1091.80029296875 960.8104858398438
v 43.15261459350586 1094.9276123046875 956.6513671875
v 43.15261459350586 1098.0164794921875 952.516357421875
v 43.15261459350586 1101.058837890625 948.415283203125
v 43.15261459350586 1102.5601806640625 946.3805541992188
v 43.15261459350586 1104.0469970703125 944.3579711914062
v 43.152610778808594 1105.5184326171875 942.3488159179688
v 43.152610778808594 1106.9732666015625 940.354248046875
v 43.152610778808594 1108.4107666015625 938.37548828125
v 43.152610778808594 1109.8299560546875 936.4137573242188
v 43.152610778808594 1111.252685546875 934.4382934570312
v 43.152610778808594 1112.938232421875 932.0861206054688
v 43.152610778808594 1116.2158203125 927.4735717773438
v 43.152610778808594 1119.3760986328125 922.9755249023438
v 43.152610778808594 1122.4271240234375 918.5827026367188
v 43.152610778808594 1125.3770751953125 914.2861938476562
v 43.152610778808594 1126.0997314453125 913.22607421875
v 43.152610778808594 1126.4588623046875 912.6980590820312
v 43.152610778808594 1126.5484619140625 912.5662231445312
v 43.152610778808594 1126.59326171875 912.5003662109375
v 43.152610778808594 1126.637939453125 912.4345092773438
v 43.152610778808594 1126.816650390625 912.1713256835938
v 43.152610778808594 1128.2347412109375 910.0759887695312
v 43.152610778808594 1131.0113525390625 905.9381713867188
v 43.152610778808594 1133.714599609375 901.8638305664062
v 43.152610778808594 1136.3516845703125 897.8450927734375
v 43.152610778808594 1138.9295654296875 893.8740234375
v 43.152610778808594 1141.455078125 889.94287109375
v 43.152610778808594 1141.611572265625 889.697998046875
v 43.152610778808594 1141.7679443359375 889.453125
v 43.152610778808594 1142.0802001953125 888.963623046875
v 43.152610778808594 1142.7030029296875 887.9854125976562
v 43.152610778808594 1143.9423828125 886.0303955078125
v 43.152610778808594 1144.559326171875 885.052734375
v 43.152610778808594 1144.8671875 884.5636596679688
v 43.152610778808594 1145.0208740234375 884.3189697265625
v 43.152610778808594 1145.174560546875 884.0742797851562
v 43.152610778808594 1146.4017333984375 882.1123657226562
v 43.152610778808594 1147.6258544921875 880.1401977539062
v 43.152610778808594 1148.2371826171875 879.1490478515625
v 43.152610778808594 1148.5428466796875 878.6520385742188
v 43.152610778808594 1148.619140625 878.5276489257812
v 43.152610778808594 1148.695556640625 878.4031372070312
v 43.152610778808594 1148.848388671875 878.1539916992188
v 43.152610778808594 1150.071533203125 876.14892578125
v 43.152610778808594 1151.29736328125 874.1205444335938
v 43.152610778808594 1151.9117431640625 873.096435546875
v 43.152610778808594 1152.0654296875 872.8392944335938
v 43.152610778808594 1152.142333984375 872.7105712890625
v 43.152610778808594 1152.21923828125 872.5816650390625
v 43.152610778808594 1152.5272216796875 872.0650024414062
v 43.152610778808594 1153.7635498046875 869.9771118164062
v 43.152610778808594 1155.0081787109375 867.8526000976562
v 43.152610778808594 1155.3206787109375 867.3152465820312
v 43.152610778808594 1155.477294921875 867.0455932617188
v 43.152610778808594 1155.5556640625 866.9105224609375
v 43.152610778808594 1155.5948486328125 866.8429565429688
v 43.152610778808594 1155.634033203125 866.7752685546875
v 43.152610778808594 1156.2628173828125 865.686767578125
v 43.152610778808594 1157.5308837890625 863.4727783203125
v 43.152610778808594 1158.8140869140625 861.205810546875
v 43.152610778808594 1160.1143798828125 858.8814697265625
v 43.15261459350586 1161.4334716796875 856.4951782226562
v 43.152610778808594 1163.0556640625 853.5208740234375
v 43.152610778808594 1164.711181640625 850.44091796875
v 43.152610778808594 1166.4033203125 847.2465209960938
v 43.152610778808594 1168.1356201171875 843.9288940429688
v 43.152610778808594 1168.88037109375 842.4879760742188
v 43.152610778808594 1169.5189208984375 841.2456665039062
v 43.152610778808594 1170.810791015625 838.713134765625
v 43.152610778808594 1172.119873046875 836.1198120117188
v 43.152610778808594 1173.4437255859375 833.4697265625
v 43.152610778808594 1174.779541015625 830.7669067382812
v 43.152610778808594 1176.12451171875 828.015380859375
v 43.152610778808594 1177.4759521484375 825.2194213867188
v 43.152610778808594 1178.830810546875 822.3831176757812
v 43.152610778808594 1179.169677734375 821.6682739257812
v 43.152610778808594 1179.339111328125 821.31005859375
v 43.152610778808594 1179.4239501953125 821.1307373046875
v 43.152610778808594 1179.46630859375 821.041015625
v 43.152610778808594 1179.5086669921875 820.9512939453125
v 43.152610778808594 1180.1856689453125 819.5120239257812
v 43.152610778808594 1181.5352783203125 816.615966796875
v 43.152610778808594 1184.2052001953125 810.7694091796875
v 43.152610778808594 1186.8170166015625 804.8809814453125
v 43.152610778808594 1188.09375 801.9324951171875
v 43.152610778808594 1189.34716796875 798.9872436523438
v 43.152610778808594 1189.9625244140625 797.5214233398438
v 43.152610778808594 1190.5706787109375 796.0592041015625
v 43.152610778808594 1191.767333984375 793.1409301757812
v 43.152610778808594 1194.0859375 787.3243408203125
v 43.152610778808594 1196.310791015625 781.5256958007812
v 43.152610778808594 1198.4488525390625 775.734619140625
v 43.152610778808594 1202.49365234375 764.1334838867188
v 43.152610778808594 1206.27685546875 752.438232421875
v 43.152610778808594 1209.8114013671875 740.6927490234375
v 43.152610778808594 1213.1322021484375 728.77783203125
v 43.152610778808594 1216.2183837890625 716.7221069335938
v 43.152610778808594 1217.666748046875 710.650634765625
v 43.152610778808594 1218.3662109375 707.6055908203125
v 43.152610778808594 1218.4093017578125 707.4151000976562
v 43.152610778808594 1218.430908203125 707.31982421875
v 43.152610778808594 1218.436279296875 707.2960205078125
v 43.152610778808594 1218.441650390625 707.272216796875
v 43.152610778808594 1218.452392578125 707.224609375
v 43.152610778808594 1218.538330078125 706.8435668945312
v 43.152610778808594 1218.70947265625 706.0813598632812
v 43.152610778808594 1219.04833984375 704.5562133789062
v 43.152610778808594 1221.5989990234375 692.3355102539062
v 43.152610778808594 1223.8555908203125 680.1170654296875
v 43.152610778808594 1224.86962890625 674.0250244140625
v 43.152610778808594 1225.80517578125 667.9531860351562
v 43.152610778808594 1226.5511474609375 662.7151489257812
v 43.152610778808594 1226.7281494140625 661.4092407226562
v 43.152610778808594 1226.9034423828125 660.0880126953125
v 43.152610778808594 1227.24267578125 657.44677734375
v 43.152610778808594 1228.4371337890625 646.896240234375
v 43.152610778808594 1229.3582763671875 636.3005981445312
v 43.152610778808594 1229.7105712890625 630.9573364257812
v 43.152610778808594 1229.987548828125 625.5684814453125
v 43.152610778808594 1230.1868896484375 620.1224365234375
v 43.152610778808594 1230.2567138671875 617.3743896484375
v 43.152610778808594 1230.2840576171875 615.9934692382812
v 43.152610778808594 1230.2900390625 615.64599609375
v 43.152610778808594 1230.2958984375 615.2977294921875
v 43.152610778808594 1230.306396484375 614.600341796875
v 43.152610778808594 1230.3359375 611.8016967773438
v 43.152610778808594 1230.345947265625 608.9921264648438
v 43.152610778808594 1230.3106689453125 603.3604736328125
v 43.152610778808594 1230.2066650390625 597.7457885742188
v 43.152610778808594 1230.1309814453125 594.9573974609375
v 43.152610778808594 1230.0875244140625 593.5701904296875
v 43.152610778808594 1230.0760498046875 593.2241821289062
v 43.152610778808594 1230.0731201171875 593.1377563476562
v 43.152610778808594 1230.0703125 593.0513305664062
v 43.152610778808594 1230.064453125 592.8786010742188
v 43.152610778808594 1230.04052734375 592.1889038085938
v 43.152610778808594 1229.936279296875 589.4510498046875
v 43.152610778808594 1229.8193359375 586.7503662109375
v 43.152610778808594 1229.6904296875 584.0916137695312
v 43.152610778808594 1229.550537109375 581.4793090820312
v 43.152610778808594 1229.4005126953125 578.91796875
v 43.152610778808594 1229.2412109375 576.4120483398438
v 43.152610778808594 1229.073486328125 573.9657592773438
v 43.152610778808594 1228.8980712890625 571.58349609375
v 43.152610778808594 1228.8077392578125 570.4176025390625
v 43.152610778808594 1228.6719970703125 568.7349853515625
v 43.152610778808594 1228.3863525390625 565.43603515625
v 43.152610778808594 1227.774658203125 559.2601928710938
v 43.152610778808594 1227.7347412109375 558.8911743164062
v 43.152610778808594 1227.7247314453125 558.7991943359375
v 43.152610778808594 1227.714599609375 558.7073364257812
v 43.152610778808594 1227.694580078125 558.5239868164062
v 43.152610778808594 1227.613525390625 557.7948608398438
v 43.152610778808594 1227.448974609375 556.35693359375
v 43.152610778808594 1227.1094970703125 553.5575561523438
v 43.152610778808594 1226.756591796875 550.8511962890625
v 43.152610778808594 1226.5750732421875 549.5296630859375
v 43.152610778808594 1226.3902587890625 548.2276000976562
v 43.152610778808594 1226.296630859375 547.5833740234375
v 43.152610778808594 1226.2730712890625 547.4230346679688
v 43.152610778808594 1226.2613525390625 547.3429565429688
v 43.152610778808594 1226.24951171875 547.262939453125
v 43.152610778808594 1226.2021484375 546.9435424804688
v 43.152610778808594 1226.010498046875 545.6751098632812
v 43.152610778808594 1225.616455078125 543.17919921875
v 43.152610778808594 1225.2081298828125 540.7301025390625
v 43.152610778808594 1224.785400390625 538.3186645507812
v 43.152610778808594 1224.3485107421875 535.93603515625
v 43.152610778808594 1224.3206787109375 535.787841796875
v 43.152610778808594 1224.2928466796875 535.6397094726562
v 43.152610778808594 1224.2369384765625 535.3436279296875
v 43.152610778808594 1224.12451171875 534.7520141601562
v 43.152610778808594 1223.8966064453125 533.5704956054688
v 43.152610778808594 1223.4293212890625 531.2105102539062
v 43.152610778808594 1223.3101806640625 530.620361328125
v 43.152610778808594 1223.2501220703125 530.3251342773438
v 43.152610778808594 1223.2200927734375 530.177490234375
v 43.152610778808594 1223.18994140625 530.0298461914062
v 43.152610778808594 1222.9464111328125 528.8466796875
v 43.152610778808594 1222.4468994140625 526.4674682617188
v 43.152610778808594 1222.19091796875 525.2691650390625
v 43.152610778808594 1222.061279296875 524.6674194335938
v 43.152610778808594 1221.9305419921875 524.063232421875
v 43.152610778808594 1220.8466796875 519.1622924804688
v 43.15260696411133 1219.6942138671875 514.1529541015625
v 43.15260696411133 1218.471923828125 509.04925537109375
v 43.15260696411133 1217.17822265625 503.86541748046875
v 43.152610778808594 1215.8115234375 498.6158447265625
v 54.55877685546875 273.4162902832031 1750.2764892578125
v 66.01141357421875 268.49029541015625 1760.936279296875
v 54.55881118774414 268.7168884277344 1760.9364013671875
v 48.833953857421875 268.8149108886719 1760.9365234375
v 54.558815002441406 266.5205383300781 1766.235107421875
v 48.8339729309082 266.6183776855469 1766.2352294921875
v 48.83388900756836 273.51446533203125 1750.2764892578125
v 54.558799743652344 271.01324462890625 1755.622314453125
v 48.833927154541016 271.1113586425781 1755.6224365234375
v 54.55854797363281 284.0993957519531 1728.57373046875
v 66.011474609375 278.326416015625 1739.4639892578125
v 54.558685302734375 278.5533142089844 1739.4639892578125
v 66.01075744628906 309.2689514160156 1686.4451904296875
v 88.93022155761719 295.43060302734375 1707.0284423828125
v 66.01116943359375 296.0091552734375 1707.0296630859375
v 88.92477416992188 372.1403503417969 1609.24755859375
v 134.8163604736328 336.72467041015625 1647.025390625
v 88.9282455444336 338.4192810058594 1647.079345703125
v 134.8011016845703 513.2816162109375 1489.5748291015625
v 226.12042236328125 434.68341064453125 1547.901123046875
v 134.80288696289062 438.4596862792969 1547.9384765625
v 48.83377456665039 278.6514587402344 1739.4638671875
v 54.558738708496094 275.9308166503906 1744.88720703125
v 48.833839416503906 276.02899169921875 1744.88720703125
v 48.833614349365234 284.19744873046875 1728.57373046875
v 54.558624267578125 281.278076171875 1734.021240234375
v 48.83369827270508 281.37615966796875 1734.021240234375
v 54.55816650390625 296.23651123046875 1707.030029296875
v 66.01132202148438 289.78228759765625 1717.7232666015625
v 54.558372497558594 290.00897216796875 1717.7232666015625
v 45.97148132324219 284.24261474609375 1728.57373046875
v 48.833656311035156 282.77508544921875 1731.297119140625
v 45.9715690612793 281.42138671875 1734.0211181640625
v 45.971527099609375 282.8202819824219 1731.297119140625
v 48.83341979980469 290.1070251464844 1717.723388671875
v 54.55846405029297 287.0115966796875 1723.13623046875
v 48.833518981933594 287.109619140625 1723.13623046875
v 45.97138214111328 287.15478515625 1723.13623046875
v 48.83356857299805 285.64251708984375 1725.852783203125
v 45.971431732177734 285.6877136230469 1725.852783203125
v 44.540443420410156 285.7093505859375 1725.852783203125
v 45.971458435058594 284.9623718261719 1727.2127685546875
v 44.54049301147461 284.2642822265625 1728.57373046875
v 44.540470123291016 284.9840087890625 1727.2127685546875
v 43.82497024536133 285.71990966796875 1725.852783203125
v 44.54045486450195 285.3459777832031 1726.53271484375
v 43.82499313354492 284.9945983886719 1727.2127685546875
v 43.824981689453125 285.3565673828125 1726.53271484375
v 44.5403938293457 287.1764221191406 1723.13623046875
v 45.97140884399414 286.4185485839844 1724.493896484375
v 44.54042053222656 286.440185546875 1724.493896484375
v 45.97127914428711 290.1522216796875 1717.723388671875
v 48.83346939086914 288.5980224609375 1720.42578125
v 45.97133255004883 288.6432189941406 1720.42578125
v 48.83319854736328 296.3348083496094 1707.0302734375
v 54.55827331542969 293.0858459472656 1712.3497314453125
v 48.833309173583984 293.1839904785156 1712.3497314453125
v 54.55769348144531 309.50030517578125 1686.4468994140625
v 66.010986328125 302.5095520019531 1696.6025390625
v 54.55793762207031 302.7385559082031 1696.603515625
v 66.00955200195312 339.01434326171875 1647.0999755859375
v 88.929443359375 322.99163818359375 1666.638916015625
v 66.01020812988281 323.59002685546875 1666.649658203125
v 48.83296203613281 302.83758544921875 1696.6038818359375
v 54.55805206298828 299.45526123046875 1701.779052734375
v 48.83308029174805 299.55389404296875 1701.779296875
v 45.97093963623047 299.599365234375 1701.7794189453125
v 48.8331413269043 297.9361877441406 1704.395263671875
v 45.9710578918457 296.3801574707031 1707.0302734375
v 45.97100067138672 297.9815673828125 1704.3953857421875
v 44.53995132446289 299.6211242675781 1701.7794189453125
v 45.970970153808594 298.7884521484375 1703.0849609375
v 44.540008544921875 298.0032958984375 1704.3953857421875
v 44.539981842041016 298.8102111816406 1703.0849609375
v 45.970821380615234 302.88323974609375 1696.60400390625
v 48.83302307128906 301.1876525878906 1699.1824951171875
v 45.970882415771484 301.23321533203125 1699.1826171875
v 48.83272171020508 309.6003723144531 1686.4476318359375
v 54.55781555175781 306.0866394042969 1691.495849609375
v 48.83284378051758 306.1861877441406 1691.496337890625
v 54.55720138549805 323.8254699707031 1666.6539306640625
v 66.010498046875 316.2935791015625 1676.4854736328125
v 54.55744552612305 316.5273132324219 1676.48828125
v 43.82450485229492 298.8208312988281 1703.0849609375
v 44.53999328613281 298.40625 1703.7396240234375
v 43.82453536987305 298.013916015625 1704.3953857421875
v 43.824520111083984 298.4168701171875 1703.7396240234375
v 45.97102737426758 297.17877197265625 1705.7105712890625
v 44.54006576538086 296.40185546875 1707.0302734375
v 44.5400390625 297.20050048828125 1705.7105712890625
v 48.833255767822266 294.7505187988281 1709.682373046875
v 45.97117233276367 293.2292175292969 1712.349853515625
v 45.97111511230469 294.7958068847656 1709.682373046875
v 43.46677017211914 298.8260803222656 1703.0850830078125
v 43.82451248168945 298.6187438964844 1703.412109375
v 43.4667854309082 298.422119140625 1703.7396240234375
v 43.46677780151367 298.6239929199219 1703.4122314453125
v 43.8244743347168 299.63177490234375 1701.779541015625
v 44.53996658325195 299.21514892578125 1702.431640625
v 43.82448959350586 299.2257995605469 1702.431640625
v 44.539894104003906 301.2550354003906 1699.1827392578125
v 45.97091293334961 300.4142761230469 1700.4786376953125
v 44.539920806884766 300.4360656738281 1700.478759765625
v 43.287906646728516 298.8287048339844 1703.0850830078125
v 43.466773986816406 298.7250061035156 1703.24853515625
v 43.28791427612305 298.6265869140625 1703.4122314453125
v 43.28791046142578 298.7276306152344 1703.24853515625
v 43.466758728027344 299.2310485839844 1702.431640625
v 43.82449722290039 299.023193359375 1702.7581787109375
v 43.466766357421875 299.0284423828125 1702.7581787109375
v 43.1984748840332 298.83001708984375 1703.0850830078125
v 43.287906646728516 298.7781677246094 1703.166748046875
v 43.19847869873047 298.7289123535156 1703.24853515625
v 43.1984748840332 298.7794494628906 1703.166748046875
v 43.287899017333984 299.03106689453125 1702.7581787109375
v 43.46677017211914 298.92724609375 1702.9215087890625
v 43.28790283203125 298.9298400878906 1702.921630859375
v 43.15375900268555 298.8306579589844 1703.0850830078125
v 43.1984748840332 298.8047180175781 1703.1258544921875
v 43.15375900268555 298.7801208496094 1703.166748046875
v 43.15375900268555 298.8053894042969 1703.1258544921875
v 43.19847106933594 298.93115234375 1702.921630859375
v 43.287906646728516 298.8792724609375 1703.0032958984375
v 43.19847106933594 298.8805847167969 1703.0032958984375
v 43.19847869873047 298.7541809082031 1703.2076416015625
v 43.15376281738281 298.7295837402344 1703.24853515625
v 43.28791046142578 298.6770935058594 1703.330322265625
v 43.198482513427734 298.6278991699219 1703.4122314453125
v 43.19847869873047 298.67840576171875 1703.330322265625
v 43.46678161621094 298.5230407714844 1703.5758056640625
v 43.28792190551758 298.42474365234375 1703.7396240234375
v 43.28791809082031 298.525634765625 1703.575927734375
v 43.824527740478516 298.21527099609375 1704.0673828125
v 43.466800689697266 298.0191650390625 1704.3955078125
v 43.466793060302734 298.22052001953125 1704.0673828125
v 44.54002380371094 297.60137939453125 1705.052490234375
v 43.824562072753906 297.21112060546875 1705.710693359375
v 43.824546813964844 297.61199951171875 1705.052490234375
v 43.15375900268555 298.78643798828125 1703.1566162109375
v 43.176116943359375 298.8050537109375 1703.1258544921875
v 43.1984748840332 298.7920837402344 1703.1463623046875
v 43.176116943359375 298.77978515625 1703.166748046875
v 43.176116943359375 298.79241943359375 1703.1463623046875
v 43.24319076538086 298.829345703125 1703.0850830078125
v 43.287906646728516 298.8034362792969 1703.1258544921875
v 43.24319076538086 298.77880859375 1703.166748046875
v 43.24319076538086 298.8040771484375 1703.1258544921875
v 43.37733840942383 298.827392578125 1703.0850830078125
v 43.466773986816406 298.7755432128906 1703.166748046875
v 43.377342224121094 298.726318359375 1703.24853515625
v 43.377342224121094 298.77685546875 1703.166748046875
v 43.64563751220703 298.8234558105469 1703.0849609375
v 43.82450866699219 298.7197570800781 1703.24853515625
v 43.64564514160156 298.6213684082031 1703.412109375
v 43.6456413269043 298.7223815917969 1703.24853515625
v 44.1822395324707 298.8155517578125 1703.0849609375
v 44.53998947143555 298.60809326171875 1703.412109375
v 44.182254791259766 298.4115905761719 1703.7396240234375
v 44.182247161865234 298.6134338378906 1703.412109375
v 45.255470275878906 298.7994079589844 1703.0849609375
v 45.970985412597656 298.3844909667969 1703.739501953125
v 45.255496978759766 297.9925231933594 1704.3953857421875
v 45.2554817199707 298.39544677734375 1703.7396240234375
v 47.40198516845703 299.5769348144531 1701.779296875
v 48.83311080932617 298.7430114746094 1703.0848388671875
v 47.402042388916016 297.9591979980469 1704.3953857421875
v 47.40201187133789 298.76605224609375 1703.0848388671875
v 51.69544982910156 299.505859375 1701.7791748046875
v 54.558109283447266 297.83770751953125 1704.3951416015625
v 51.69556427001953 296.28692626953125 1707.0301513671875
v 51.69550704956055 297.8882141113281 1704.3951416015625
v 60.28391647338867 302.62921142578125 1696.60302734375
v 66.0110855102539 299.22723388671875 1701.7784423828125
v 60.28413009643555 296.1279602050781 1707.0299072265625
v 60.284027099609375 299.34637451171875 1701.7786865234375
v 77.4682388305664 308.99578857421875 1686.443115234375
v 88.9301986694336 301.9268798828125 1696.5999755859375
v 77.46853637695312 295.74066162109375 1707.0291748046875
v 77.46842193603516 302.2391357421875 1696.6014404296875
v 111.8664779663086 307.9219055175781 1686.433837890625
v 134.81837463378906 293.76495361328125 1707.0186767578125
v 111.86561584472656 282.55230712890625 1728.5723876953125
v 111.8663330078125 294.6837463378906 1707.025146484375
v 180.65121459960938 304.60772705078125 1686.39208984375
v 226.13734436035156 276.2785949707031 1728.51611328125
v 180.65032958984375 279.29705810546875 1728.551513671875
v 43.15375900268555 298.7674865722656 1703.187255859375
v 43.15375518798828 298.8812255859375 1703.0032958984375
v 43.1984748840332 298.85528564453125 1703.044189453125
v 43.15375900268555 298.85595703125 1703.044189453125
v 43.164939880371094 298.7925720214844 1703.1463623046875
v 43.176116943359375 298.7861022949219 1703.1566162109375
v 43.164939880371094 298.7799377441406 1703.166748046875
v 43.164939880371094 298.7862548828125 1703.1566162109375
v 43.1984748840332 298.7668151855469 1703.187255859375
v 43.17612075805664 298.7545166015625 1703.2076416015625
v 43.176116943359375 298.76715087890625 1703.187255859375
v 43.28791046142578 298.7528991699219 1703.2076416015625
v 43.243194580078125 298.728271484375 1703.24853515625
v 43.243194580078125 298.7535400390625 1703.2076416015625
v 43.164939880371094 298.8052062988281 1703.1258544921875
v 43.176116943359375 298.7987365722656 1703.1361083984375
v 43.164939880371094 298.79888916015625 1703.1361083984375
v 43.176116943359375 298.830322265625 1703.0850830078125
v 43.1984748840332 298.8173828125 1703.10546875
v 43.176116943359375 298.81768798828125 1703.10546875
v 48.832489013671875 316.62841796875 1676.489501953125
v 54.55757141113281 312.98028564453125 1681.4473876953125
v 48.832603454589844 313.08087158203125 1681.4483642578125
v 45.9704704284668 313.12725830078125 1681.4488525390625
v 48.832664489746094 311.3323059082031 1683.9423828125
v 45.97058868408203 309.6465148925781 1686.447998046875
v 45.97052764892578 311.3785400390625 1683.9427490234375
v 44.539485931396484 313.14947509765625 1681.448974609375
v 45.97050094604492 312.2508239746094 1682.6944580078125
v 44.53954315185547 311.40069580078125 1683.9429931640625
v 44.53951644897461 312.2729797363281 1682.6947021484375
v 45.970359802246094 316.6750183105469 1676.489990234375
v 48.83254623413086 314.8462219238281 1678.9644775390625
v 45.97041702270508 314.8927307128906 1678.9649658203125
v 48.832271575927734 323.92730712890625 1666.6558837890625
v 54.55732345581055 320.1421203613281 1671.5601806640625
v 48.83237838745117 320.24365234375 1671.5616455078125
v 54.556766510009766 339.2486572265625 1647.1082763671875
v 66.0098876953125 331.1648254394531 1656.86474609375
v 54.55697250366211 331.4006042480469 1656.870849609375
v 66.0083236694336 372.6891174316406 1609.28125
v 88.92660522460938 354.8688049316406 1627.7999267578125
v 66.00888061523438 355.4453430175781 1627.83056640625
v 88.92046356201172 439.677001953125 1547.98046875
v 134.80599975585938 403.32891845703125 1578.15625
v 88.92183685302734 404.7266540527344 1578.212158203125
v 43.82401657104492 313.1603088378906 1681.4490966796875
v 44.53950119018555 312.710693359375 1682.071533203125
v 43.82404327392578 312.2838439941406 1682.6947021484375
v 43.82402801513672 312.7215576171875 1682.0716552734375
v 44.539432525634766 314.91497802734375 1678.9652099609375
v 45.97044372558594 314.0079040527344 1680.2056884765625
v 44.539459228515625 314.0301208496094 1680.2059326171875
v 43.8239860534668 314.0409851074219 1680.2060546875
v 44.53947448730469 313.5892639160156 1680.8271484375
v 43.82400131225586 313.6001281738281 1680.8272705078125
v 48.83207702636719 331.5025634765625 1656.87353515625
v 54.55708694458008 327.57806396484375 1661.760498046875
v 48.83216857910156 327.6800842285156 1661.7626953125
v 45.96997833251953 331.5495910644531 1656.874755859375
v 48.832122802734375 329.5826110839844 1659.3179931640625
v 45.970062255859375 327.7270812988281 1661.763671875
v 45.97001647949219 329.6296081542969 1659.319091796875
v 48.83191680908203 339.3499755859375 1647.11181640625
v 54.55686569213867 335.2917785644531 1651.984619140625
v 48.831993103027344 335.3935241699219 1651.9876708984375
v 54.556453704833984 355.6724548339844 1627.8427734375
v 66.00920867919922 347.11602783203125 1637.4031982421875
v 54.55659103393555 347.34735107421875 1637.4136962890625
v 44.53904724121094 329.6521301269531 1659.3197021484375
v 45.97003936767578 328.6761779785156 1660.5413818359375
v 44.53908920288086 327.7496032714844 1661.76416015625
v 44.539066314697266 328.6986999511719 1660.5418701171875
v 48.832218170166016 325.7950134277344 1664.208251953125
v 45.97015380859375 323.9742431640625 1666.6566162109375
v 45.97010803222656 325.84197998046875 1664.209228515625
v 44.53900909423828 331.57208251953125 1656.8753662109375
v 45.96999740600586 330.5874328613281 1658.096923828125
v 44.53902816772461 330.6099548339844 1658.097412109375
v 45.96990203857422 335.4404296875 1651.9891357421875
v 48.832035064697266 333.4396667480469 1654.4298095703125
v 45.969940185546875 333.48663330078125 1654.43115234375
v 54.55634689331055 372.9052429199219 1609.294677734375
v 66.00857543945312 363.97784423828125 1618.43798828125
v 54.55636978149414 364.1997985839844 1618.4512939453125
v 66.00801086425781 405.2167663574219 1578.2327880859375
v 88.92318725585938 388.1500244140625 1593.4840087890625
v 66.00802612304688 388.6702575683594 1593.5123291015625
v 48.83177947998047 372.9987487792969 1609.3004150390625
v 54.55635070800781 368.5317077636719 1613.84033203125
v 48.83172607421875 364.2957763671875 1618.45703125
v 48.83174514770508 368.62646484375 1613.84619140625
v 54.556488037109375 388.8751220703125 1593.5235595703125
v 66.00814056396484 380.6116943359375 1601.314697265625
v 54.5563850402832 380.8222961425781 1601.3272705078125
v 45.96976089477539 368.670166015625 1613.848876953125
v 48.83173370361328 366.45574951171875 1616.143798828125
v 45.969730377197266 364.34002685546875 1618.459716796875
v 45.96974563598633 366.4997253417969 1616.146484375
v 54.55640411376953 359.912353515625 1623.12109375
v 48.83173751831055 355.77069091796875 1627.8480224609375
v 48.831722259521484 360.009521484375 1623.126708984375
v 45.96981430053711 373.0418395996094 1609.3031005859375
v 48.83176040649414 370.80755615234375 1611.56494140625
v 45.96978759765625 370.8509521484375 1611.567626953125
v 48.83189010620117 380.91339111328125 1601.332763671875
v 54.556358337402344 376.8471374511719 1605.2879638671875
v 48.83182907104492 376.939453125 1605.2935791015625
v 44.53887176513672 370.8717346191406 1611.5689697265625
v 45.96977233886719 369.75927734375 1612.7061767578125
v 44.538848876953125 368.6910705566406 1613.8502197265625
v 44.53886032104492 369.7801208496094 1612.7073974609375
v 43.82343673706055 370.88189697265625 1611.569580078125
v 44.53886795043945 370.32562255859375 1612.1376953125
v 43.823421478271484 369.7903137207031 1612.7081298828125
v 43.823429107666016 370.3357849121094 1612.1383056640625
v 44.538902282714844 373.0624694824219 1609.304443359375
v 45.96979904174805 371.94512939453125 1610.433349609375
v 44.53888702392578 371.9658203125 1610.4345703125
v 45.969871520996094 376.98199462890625 1605.2962646484375
v 48.83180236816406 374.9649963378906 1607.2908935546875
v 45.96984100341797 375.0078125 1607.2935791015625
v 43.465721130371094 370.88690185546875 1611.56982421875
v 43.82343292236328 370.6087646484375 1611.853759765625
v 43.46571350097656 370.3408203125 1612.1385498046875
v 43.46571731567383 370.61376953125 1611.8541259765625
v 43.82345199584961 371.9759521484375 1610.4351806640625
v 44.53887939453125 371.41845703125 1611.001220703125
v 43.82344436645508 371.4285888671875 1611.0018310546875
v 43.286861419677734 370.61627197265625 1611.854248046875
v 43.46571350097656 370.477294921875 1611.996337890625
v 43.28685760498047 370.34332275390625 1612.1387939453125
v 43.28685760498047 370.47979736328125 1611.9964599609375
v 43.82342529296875 370.06298828125 1612.423095703125
v 43.46570587158203 369.7953796386719 1612.7083740234375
v 43.4657096862793 370.0680236816406 1612.42333984375
v 44.53885269165039 369.23529052734375 1613.2783203125
v 43.82340621948242 368.7013244628906 1613.850830078125
v 43.82341384887695 369.2455139160156 1613.2789306640625
v 45.96975326538086 367.5836181640625 1614.9957275390625
v 44.53882598876953 366.5207824707031 1616.1478271484375
v 44.53883361816406 367.6046142578125 1614.9969482421875
v 43.19742965698242 370.48101806640625 1611.99658203125
v 43.28685760498047 370.41156005859375 1612.067626953125
v 43.19742965698242 370.3445739746094 1612.1387939453125
v 43.19742965698242 370.41278076171875 1612.067626953125
v 43.4657096862793 370.20440673828125 1612.2808837890625
v 43.2868537902832 370.0705261230469 1612.4234619140625
v 43.2868537902832 370.2069091796875 1612.2811279296875
v 43.15271759033203 370.4816589355469 1611.99658203125
v 43.19742965698242 370.4468994140625 1612.0321044921875
v 43.15271759033203 370.4134216308594 1612.0677490234375
v 43.15271759033203 370.4475402832031 1612.0321044921875
v 43.19743347167969 370.6175231933594 1611.8543701171875
v 43.28685760498047 370.54803466796875 1611.92529296875
v 43.19742965698242 370.5492858886719 1611.9254150390625
v 43.286865234375 370.889404296875 1611.570068359375
v 43.46571731567383 370.7503356933594 1611.7119140625
v 43.286861419677734 370.7528076171875 1611.7120361328125
v 43.465728759765625 371.4336242675781 1611.002197265625
v 43.82344055175781 371.1551513671875 1611.2855224609375
v 43.46572494506836 371.1601867675781 1611.285888671875
v 43.19742965698242 370.51513671875 1611.9609375
v 43.15271759033203 370.5157775878906 1611.9610595703125
v 43.15271759033203 370.49871826171875 1611.978759765625
v 43.175071716308594 370.4813537597656 1611.99658203125
v 43.19742965698242 370.4639587402344 1612.0142822265625
v 43.175071716308594 370.4472351074219 1612.0321044921875
v 43.175071716308594 370.46429443359375 1612.0142822265625
v 43.24214553833008 370.48040771484375 1611.9964599609375
v 43.28685760498047 370.4456787109375 1612.031982421875
v 43.24214172363281 370.41217041015625 1612.067626953125
v 43.24214553833008 370.4462890625 1612.0321044921875
v 43.376285552978516 370.4785461425781 1611.996337890625
v 43.46571350097656 370.4090576171875 1612.0673828125
v 43.376285552978516 370.3420715332031 1612.138671875
v 43.376285552978516 370.4103088378906 1612.0675048828125
v 43.64457321166992 370.61126708984375 1611.8538818359375
v 43.823429107666016 370.4722595214844 1611.9959716796875
v 43.644569396972656 370.33831787109375 1612.138427734375
v 43.64457321166992 370.4747619628906 1611.99609375
v 44.18115234375 370.8768310546875 1611.5692138671875
v 44.53886795043945 370.5986022949219 1611.8531494140625
v 44.18114471435547 370.3307189941406 1612.137939453125
v 44.181148529052734 370.60369873046875 1611.853515625
v 45.25432205200195 370.8614196777344 1611.5682373046875
v 45.96977996826172 370.3048095703125 1612.1363525390625
v 45.254310607910156 369.769775390625 1612.706787109375
v 45.25431823730469 370.3152770996094 1612.136962890625
v 47.40074920654297 370.8295593261719 1611.5662841796875
v 48.83175277709961 369.7157287597656 1612.7034912109375
v 47.400726318359375 368.64862060546875 1613.8475341796875
v 47.40073776245117 369.7378234863281 1612.704833984375
v 51.69395446777344 372.9532165527344 1609.297607421875
v 54.55634689331055 370.7134094238281 1611.55908203125
v 51.69393539428711 368.580322265625 1613.8433837890625
v 51.69394302368164 370.76171875 1611.5621337890625
v 60.28183364868164 372.8020324707031 1609.2882080078125
v 66.0084457397461 368.3126220703125 1613.8267822265625
v 60.281959533691406 364.09381103515625 1618.4449462890625
v 60.281890869140625 368.4270935058594 1613.8338623046875
v 77.46440887451172 372.4341125488281 1609.2655029296875
v 88.92569732666016 363.4143981933594 1618.404541015625
v 77.465576171875 355.17742919921875 1627.816162109375
v 77.4649887084961 363.71600341796875 1618.42236328125
v 111.85887908935547 371.43695068359375 1609.205810546875
v 134.81390380859375 353.2296142578125 1627.719482421875
v 111.86421203613281 337.65594482421875 1647.0540771484375
v 111.86177062988281 354.1298828125 1627.762451171875
v 180.6475830078125 368.4170227050781 1609.0455322265625
v 226.1403350830078 331.3822326660156 1646.8980712890625
v 180.64999389648438 334.36962890625 1646.9620361328125
v 54.55691146850586 405.40972900390625 1578.240966796875
v 66.00797271728516 396.87017822265625 1585.8323974609375
v 54.55665969848633 397.069091796875 1585.842041015625
v 66.00910186767578 440.1063232421875 1547.9990234375
v 88.92091369628906 421.9100646972656 1563.0948486328125
v 66.00836944580078 422.3699035644531 1563.1119384765625
v 88.92060852050781 514.04833984375 1489.4915771484375
v 134.80166625976562 475.5096435546875 1518.1600341796875
v 88.9204330444336 476.5205383300781 1518.1749267578125
v 134.7965545654297 647.5188598632812 1386.8472900390625
v 226.10545349121094 580.0594482421875 1438.697509765625
v 134.79847717285156 580.9631958007812 1438.4599609375
v 48.832298278808594 397.1551513671875 1585.84619140625
v 54.55656433105469 392.9541015625 1589.670166015625
v 48.832061767578125 388.9637145996094 1593.5284423828125
v 48.83217239379883 393.04144287109375 1589.6746826171875
v 45.97026824951172 393.0816955566406 1589.6767578125
v 48.832115173339844 390.99810791015625 1591.5980224609375
v 45.97014617919922 389.0045471191406 1593.53076171875
v 45.9702033996582 391.0386657714844 1591.6002197265625
v 54.55643081665039 384.8313903808594 1597.4075927734375
v 48.831966400146484 384.9212646484375 1597.4127197265625
v 44.53938293457031 393.1009826660156 1589.677734375
v 45.97023391723633 392.0590515136719 1590.6376953125
v 44.5393180847168 391.0580749511719 1591.601318359375
v 44.53934860229492 392.0783996582031 1590.638671875
v 45.97040557861328 397.1947937011719 1585.84814453125
v 48.83223342895508 395.09375 1587.757568359375
v 45.970333099365234 395.13372802734375 1587.759521484375
v 48.832611083984375 405.4931640625 1578.2445068359375
v 54.5567741394043 401.2207336425781 1582.0340576171875
v 48.83244323730469 401.30548095703125 1582.037841796875
v 54.55766677856445 422.5509948730469 1563.1187744140625
v 66.00814056396484 413.71539306640625 1570.671875
v 54.55724334716797 413.9023742675781 1570.6790771484375
v 43.82395935058594 393.11041259765625 1589.67822265625
v 44.53936767578125 392.58941650390625 1590.157958984375
v 43.82392501831055 392.0878601074219 1590.63916015625
v 43.82394027709961 392.5988464355469 1590.158447265625
v 44.539451599121094 395.1528625488281 1587.760498046875
v 45.970298767089844 394.1065673828125 1588.7174072265625
v 44.5394172668457 394.12579345703125 1588.7183837890625
v 43.466251373291016 393.11505126953125 1589.678466796875
v 43.823951721191406 392.85455322265625 1589.9183349609375
v 43.46623229980469 392.603515625 1590.15869140625
v 43.46623992919922 392.8592224121094 1589.9185791015625
v 43.82399368286133 394.1351623535156 1588.7188720703125
v 44.53940200805664 393.61309814453125 1589.1978759765625
v 43.823974609375 393.62249755859375 1589.1983642578125
v 48.83346939086914 422.6293029785156 1563.121826171875
v 54.55744552612305 418.2073669433594 1566.89990234375
v 48.83300018310547 413.9832458496094 1570.68212890625
v 48.83322525024414 418.2869567871094 1566.9029541015625
v 54.55873489379883 440.2755126953125 1548.006591796875
v 66.00869750976562 431.1717529296875 1555.5498046875
v 54.558170318603516 431.3469543457031 1555.556884765625
v 66.0111312866211 476.87847900390625 1518.1845703125
v 88.92034912109375 457.9189147949219 1532.9681396484375
v 66.01007080078125 458.3150634765625 1532.986572265625
v 45.971378326416016 418.3236389160156 1566.904296875
v 48.83311080932617 416.1301574707031 1568.7928466796875
v 45.97114562988281 414.0205383300781 1570.68359375
v 45.971256256103516 416.1671447753906 1568.7943115234375
v 54.55706787109375 409.6366882324219 1574.457763671875
v 48.832794189453125 409.7188415527344 1574.4610595703125
v 45.97162628173828 422.6654052734375 1563.1231689453125
v 48.833343505859375 420.4533996582031 1565.0125732421875
v 45.971500396728516 420.48980712890625 1565.013916015625
v 48.83401107788086 431.4227294921875 1555.56005859375
v 54.55790710449219 426.93145751953125 1559.3372802734375
v 48.83373260498047 427.0085144042969 1559.34033203125
v 54.559993743896484 458.4713134765625 1532.9942626953125
v 66.00955963134766 449.1589660644531 1540.473388671875
v 54.559349060058594 449.3218688964844 1540.481201171875
v 54.56131362915039 477.0196838378906 1518.188720703125
v 66.0105972290039 467.5599365234375 1525.552490234375
v 54.56065368652344 467.708984375 1525.55908203125
v 66.01300048828125 514.3140258789062 1489.458251953125
v 88.92057037353516 495.31658935546875 1503.6798095703125
v 66.01216125488281 495.6304016113281 1503.6697998046875
v 88.91846466064453 581.202880859375 1438.3048095703125
v 134.80007934570312 547.6309814453125 1463.8372802734375
v 88.91997528076172 548.1426391601562 1463.6939697265625
v 48.837284088134766 477.0807189941406 1518.1904296875
v 54.56098556518555 472.3562927246094 1521.864990234375
v 48.836605072021484 467.7734375 1525.5618896484375
v 48.83694839477539 472.4190979003906 1521.867431640625
v 54.56256866455078 495.7539978027344 1503.6658935546875
v 66.01165771484375 486.246337890625 1510.8897705078125
v 54.56195831298828 486.37896728515625 1510.890380859375
v 45.975128173828125 472.4480285644531 1521.8685302734375
v 48.83677673339844 470.0940856933594 1523.7125244140625
v 45.974788665771484 467.80316162109375 1525.563232421875
v 45.97495651245117 470.1234436035156 1523.7137451171875
v 54.56032180786133 463.08001708984375 1529.2694091796875
v 48.8359260559082 458.53887939453125 1532.99755859375
v 48.836265563964844 463.1460876464844 1529.2724609375
v 44.54426193237305 472.4619140625 1521.8690185546875
v 45.975040435791016 471.28521728515625 1522.7906494140625
v 44.54409408569336 470.1374816894531 1523.71435546875
v 44.5441780090332 471.2991638183594 1522.7911376953125
v 45.9754638671875 477.10888671875 1518.1912841796875
v 48.83711624145508 474.7481384277344 1520.0267333984375
v 45.97529602050781 474.77667236328125 1520.0277099609375
v 48.83794403076172 486.43634033203125 1510.890625
v 54.56163787841797 481.6952819824219 1514.5303955078125
v 48.837615966796875 481.7545166015625 1514.531494140625
v 43.82884216308594 472.46868896484375 1521.8692626953125
v 44.544219970703125 471.8804016113281 1522.3299560546875
v 43.828758239746094 471.3059997558594 1522.7913818359375
v 43.828800201416016 471.88720703125 1522.3302001953125
v 44.54443359375 474.7903747558594 1520.0281982421875
v 45.97521209716797 473.61187744140625 1520.947509765625
v 44.544349670410156 473.62567138671875 1520.947998046875
v 43.471134185791016 472.4720458984375 1521.869384765625
v 43.82882308959961 472.17791748046875 1522.0997314453125
v 43.471092224121094 471.89056396484375 1522.330322265625
v 43.47111511230469 472.1812744140625 1522.099853515625
v 43.82892608642578 473.63238525390625 1520.9482421875
v 44.54430389404297 473.0436706542969 1521.408447265625
v 43.82888412475586 473.0504150390625 1521.40869140625
v 43.29228210449219 472.47369384765625 1521.8695068359375
v 43.471126556396484 472.32666015625 1521.984619140625
v 43.29226303100586 472.1829528808594 1522.0999755859375
v 43.29227066040039 472.32830810546875 1521.9847412109375
v 43.47117614746094 473.0537414550781 1521.4088134765625
v 43.82886505126953 472.759521484375 1521.638916015625
v 43.47115707397461 472.76287841796875 1521.6390380859375
v 43.20284652709961 472.3291320800781 1521.9847412109375
v 43.292266845703125 472.255615234375 1522.0423583984375
v 43.20283508300781 472.18377685546875 1522.0999755859375
v 43.20283889770508 472.2564697265625 1522.0423583984375
v 43.47110366821289 472.0359191894531 1522.215087890625
v 43.292240142822266 471.8922424316406 1522.3304443359375
v 43.29225158691406 472.03759765625 1522.2152099609375
v 43.82878112792969 471.5965576171875 1522.560791015625
v 43.47105026245117 471.3093566894531 1522.79150390625
v 43.471073150634766 471.5999450683594 1522.5609130859375
v 44.54413604736328 470.71820068359375 1523.2525634765625
v 43.82867431640625 470.14434814453125 1523.714599609375
v 43.82871627807617 470.72503662109375 1523.2529296875
v 45.97487258911133 468.9627380371094 1524.637939453125
v 44.54392623901367 467.8173828125 1525.5638427734375
v 44.544010162353516 468.97686767578125 1524.6385498046875
v 48.8364372253418 465.4573669433594 1527.415283203125
v 45.97444534301758 463.1765441894531 1529.27392578125
v 45.97461700439453 465.4874572753906 1527.4166259765625
v 43.20283889770508 472.2201232910156 1522.0711669921875
v 43.29225540161133 472.1102600097656 1522.1575927734375
v 43.202823638916016 472.0384216308594 1522.2152099609375
v 43.20283126831055 472.111083984375 1522.1575927734375
v 43.20283126831055 472.1474304199219 1522.1287841796875
v 43.15811538696289 472.11151123046875 1522.1575927734375
v 43.158119201660156 472.1478576660156 1522.1287841796875
v 45.97612380981445 486.4627990722656 1510.8907470703125
v 48.8377799987793 484.0946960449219 1512.708740234375
v 45.97579574584961 481.7818298339844 1514.531982421875
v 45.97595977783203 484.12158203125 1512.708984375
v 48.83856964111328 495.80743408203125 1503.6641845703125
v 54.5622673034668 491.06658935546875 1507.268798828125
v 48.838260650634766 491.12200927734375 1507.26806640625
v 54.563621520996094 514.4183349609375 1489.44482421875
v 66.01261138916016 504.9974060058594 1496.5255126953125
v 54.56312561035156 505.11151123046875 1496.516845703125
v 66.01364135742188 548.314453125 1463.6339111328125
v 88.9204330444336 531.3068237304688 1476.473388671875
v 66.01350402832031 531.525634765625 1476.4224853515625
v 44.54525375366211 486.4754638671875 1510.8907470703125
v 45.97603988647461 485.2920227050781 1511.79931640625
v 44.54509353637695 484.13446044921875 1512.709228515625
v 44.54517364501953 485.3048095703125 1511.7994384765625
v 45.9764404296875 491.1475830078125 1507.267822265625
v 48.838104248046875 488.7789611816406 1509.0770263671875
v 45.976280212402344 488.8049621582031 1509.076904296875
v 43.829830169677734 486.4816589355469 1510.8907470703125
v 44.54521560668945 485.8901062011719 1511.344970703125
v 43.829750061035156 485.31103515625 1511.7994384765625
v 43.82979202270508 485.89630126953125 1511.344970703125
v 44.545413970947266 488.8174133300781 1509.076904296875
v 45.97620391845703 487.6337890625 1509.9832763671875
v 44.54533386230469 487.6463317871094 1509.9832763671875
v 43.82991027832031 487.6524963378906 1509.9832763671875
v 44.54529571533203 487.0608825683594 1510.4368896484375
v 43.829872131347656 487.0670471191406 1510.4368896484375
v 48.83914566040039 505.1608581542969 1496.5130615234375
v 54.5628547668457 500.43701171875 1500.0819091796875
v 48.838863372802734 500.4884338378906 1500.0791015625
v 45.9770393371582 500.5121154785156 1500.077880859375
v 48.83871841430664 498.14874267578125 1501.8692626953125
v 45.97674560546875 495.8320617675781 1503.6634521484375
v 45.97689437866211 498.17291259765625 1501.8682861328125
v 44.54616928100586 500.5234680175781 1500.0772705078125
v 45.976966857910156 499.3427429199219 1500.9725341796875
v 44.546024322509766 498.1844787597656 1501.8677978515625
v 44.54609680175781 499.3542175292969 1500.971923828125
v 45.97732162475586 505.18359375 1496.5113525390625
v 48.83900833129883 502.8259582519531 1498.293701171875
v 45.9771842956543 502.84918212890625 1498.292236328125
v 48.839656829833984 514.4634399414062 1489.4390869140625
v 54.563385009765625 509.7733154296875 1492.97119140625
v 48.83940887451172 509.820556640625 1492.96630859375
v 54.56431579589844 531.6112670898438 1476.40185546875
v 66.01329040527344 522.9703369140625 1482.9056396484375
v 54.56401062011719 523.0653076171875 1482.88818359375
v 44.54631042480469 502.86029052734375 1498.29150390625
v 45.97711181640625 501.6809387207031 1499.1844482421875
v 44.546241760253906 501.69219970703125 1499.183837890625
v 43.830814361572266 501.69769287109375 1499.1834716796875
v 44.54620361328125 501.10791015625 1499.63037109375
v 43.83074188232422 500.5290222167969 1500.0770263671875
v 43.830780029296875 501.1134338378906 1499.630126953125
v 43.47306823730469 501.11614990234375 1499.6300048828125
v 43.83076095581055 500.82122802734375 1499.853515625
v 43.4730339050293 500.5317687988281 1500.076904296875
v 43.47304916381836 500.823974609375 1499.8533935546875
v 44.54613494873047 499.93890380859375 1500.5245361328125
v 43.83067321777344 499.35980224609375 1500.9716796875
v 43.83070755004883 499.9444885253906 1500.524169921875
v 43.47310256958008 501.7004089355469 1499.183349609375
v 43.83079528808594 501.40557861328125 1499.40673828125
v 43.473087310791016 501.4082946777344 1499.4066162109375
v 43.83088684082031 502.8657531738281 1498.2911376953125
v 44.5462760925293 502.2763366699219 1498.737548828125
v 43.830848693847656 502.28179931640625 1498.7371826171875
v 44.54644775390625 505.1944885253906 1496.510498046875
v 45.97725296020508 504.0167541503906 1497.4012451171875
v 44.54637908935547 504.02777099609375 1497.400390625
v 45.97758865356445 509.84234619140625 1492.964111328125
v 48.83927917480469 507.4925537109375 1494.7373046875
v 45.977455139160156 507.5148010253906 1494.7353515625
v 45.97783279418945 514.4841918945312 1489.4364013671875
v 48.839534759521484 512.1443481445312 1491.2003173828125
v 45.97771453857422 512.1656494140625 1491.1978759765625
v 48.840065002441406 523.1063842773438 1482.880615234375
v 54.56382751464844 518.7527465820312 1486.1578369140625
v 48.83987045288086 518.7958374023438 1486.151123046875
v 44.546958923339844 514.494140625 1489.43505859375
v 45.97777557373047 513.3255615234375 1490.3165283203125
v 44.54684066772461 512.1758422851562 1491.1966552734375
v 44.54690170288086 513.3356323242188 1490.3153076171875
v 45.978050231933594 518.815673828125 1486.1480712890625
v 48.83976745605469 516.6321411132812 1487.79296875
v 45.977943420410156 516.6524658203125 1487.7900390625
v 44.54706954956055 516.6622314453125 1487.7886962890625
v 45.97789001464844 515.5689697265625 1488.6126708984375
v 44.54701614379883 515.5787963867188 1488.611328125
v 43.83158874511719 515.5836181640625 1488.6107177734375
v 44.54698944091797 515.03662109375 1489.0230712890625
v 43.8315315246582 514.4990234375 1489.4344482421875
v 43.83156204223633 515.0414428710938 1489.0224609375
v 43.473876953125 515.5859985351562 1488.6103515625
v 43.831573486328125 515.3125610351562 1488.8165283203125
v 43.47385025024414 515.0438842773438 1489.0220947265625
v 43.47386169433594 515.31494140625 1488.816162109375
v 43.831642150878906 516.6669921875 1487.7879638671875
v 44.54704284667969 516.1206665039062 1488.1998291015625
v 43.83161544799805 516.1254272460938 1488.19921875
v 44.547176361083984 518.8251953125 1486.1466064453125
v 45.977996826171875 517.7347412109375 1486.968505859375
v 44.547122955322266 517.744384765625 1486.967041015625
v 45.97824478149414 523.1253051757812 1482.877197265625
v 48.839969635009766 520.9540405273438 1484.513671875
v 45.9781494140625 520.9734497070312 1484.5103759765625
v 48.840389251708984 531.6483154296875 1476.3929443359375
v 54.56417465209961 527.3526000976562 1479.6361083984375
v 48.840240478515625 527.3916625976562 1479.6278076171875
v 54.56464767456055 548.3814697265625 1463.609619140625
v 66.01361846923828 539.9668579101562 1470.00439453125
v 54.56452560424805 540.0431518554688 1469.9815673828125
v 66.01302337646484 581.2794799804688 1438.240234375
v 88.9192886352539 564.7064819335938 1451.0213623046875
v 66.01346588134766 564.8310546875 1450.958251953125
v 88.91544342041016 647.1942138671875 1386.6256103515625
v 134.7970428466797 614.5713500976562 1412.5384521484375
v 88.9167251586914 614.5289916992188 1412.3548583984375
v 134.80502319335938 753.9953002929688 1301.4195556640625
v 226.11033630371094 703.3407592773438 1344.9881591796875
v 134.7991943359375 700.923583984375 1344.5015869140625
v 43.47390365600586 516.1278076171875 1488.1988525390625
v 43.831600189208984 515.8545532226562 1488.4049072265625
v 43.4738883972168 515.85693359375 1488.404541015625
v 45.97857666015625 531.6654052734375 1476.3887939453125
v 48.84031677246094 529.5237426757812 1478.0081787109375
v 45.97842025756836 527.40966796875 1479.6240234375
v 45.97850036621094 529.5413208007812 1478.004150390625
v 48.84062576293945 540.0761108398438 1469.9715576171875
v 54.56443405151367 535.8405151367188 1473.1844482421875
v 48.840518951416016 535.87548828125 1473.1749267578125
v 54.56465148925781 564.87939453125 1450.9324951171875
v 66.01358795166016 556.593994140625 1457.2916259765625
v 54.56468963623047 556.6517333984375 1457.2664794921875
v 48.840843200683594 556.6766357421875 1457.2554931640625
v 54.56467819213867 552.5234985351562 1460.4356689453125
v 48.84077453613281 548.410400390625 1463.5989990234375
v 48.8408203125 552.5504760742188 1460.4249267578125
v 48.84083557128906 564.9002685546875 1450.92138671875
v 54.56467819213867 560.769287109375 1454.099609375
v 48.840850830078125 560.7921752929688 1454.0885009765625
v 54.56437301635742 581.3089599609375 1438.214111328125
v 66.01327514648438 573.051025390625 1444.6141357421875
v 54.564544677734375 573.0899658203125 1444.5882568359375
v 66.0116195678711 614.5068969726562 1412.2803955078125
v 88.9175796508789 597.8238525390625 1425.4029541015625
v 66.01239013671875 597.8515014648438 1425.3348388671875
v 45.97906494140625 560.802734375 1454.08349609375
v 48.840850830078125 558.7355346679688 1455.671875
v 45.97905349731445 556.6881103515625 1457.25048828125
v 45.979061126708984 558.74658203125 1455.6668701171875
v 44.5482063293457 560.8078002929688 1454.0810546875
v 45.97906494140625 559.77490234375 1454.8751220703125
v 44.54819869995117 558.7518310546875 1455.6644287109375
v 44.54820251464844 559.7800903320312 1454.8726806640625
v 45.979061126708984 564.909912109375 1450.916259765625
v 48.84084701538086 562.8469848632812 1452.505126953125
v 45.97906494140625 562.8570556640625 1452.5
v 48.840763092041016 573.1068115234375 1444.5770263671875
v 54.564605712890625 568.9852294921875 1447.762939453125
v 48.8408088684082 569.0040893554688 1447.751708984375
v 43.83277893066406 559.7825927734375 1454.8714599609375
v 44.54820251464844 559.2660522460938 1455.2685546875
v 43.8327751159668 558.7544555664062 1455.6632080078125
v 43.83277893066406 559.2686157226562 1455.267333984375
v 45.97905731201172 557.7176513671875 1456.4586181640625
v 44.54819107055664 556.6936645507812 1457.248046875
v 44.548194885253906 557.7230834960938 1456.4561767578125
v 48.84083557128906 554.6150512695312 1458.8397216796875
v 45.97902297973633 552.5628662109375 1460.419921875
v 45.979042053222656 554.6270141601562 1458.834716796875
v 45.97899627685547 573.1145629882812 1444.5718994140625
v 48.84078598022461 571.0553588867188 1446.1651611328125
v 45.97903823852539 569.0127563476562 1447.74658203125
v 45.97901916503906 571.0635986328125 1446.1600341796875
v 48.84062194824219 581.3217163085938 1438.2027587890625
v 54.56446838378906 577.1968383789062 1441.4061279296875
v 48.8406982421875 577.2116088867188 1441.3948974609375
v 54.563865661621094 597.8617553710938 1425.307373046875
v 66.01272583007812 589.5419311523438 1431.8170166015625
v 54.56414794921875 589.5618286132812 1431.790283203125
v 44.54814529418945 573.1182861328125 1444.5693359375
v 45.979007720947266 572.0890502929688 1445.3660888671875
v 44.54816436767578 571.0675659179688 1446.1575927734375
v 44.54815673828125 572.0928955078125 1445.3636474609375
v 45.97894287109375 577.2184448242188 1441.3896484375
v 48.84073257446289 575.1587524414062 1442.987060546875
v 45.978973388671875 575.166015625 1442.9818115234375
v 44.54812240600586 575.1694946289062 1442.9793701171875
v 45.97898483276367 574.1401977539062 1443.777099609375
v 44.548133850097656 574.143798828125 1443.774658203125
v 43.83271408081055 574.1455688476562 1443.7734375
v 44.54813766479492 573.6310424804688 1444.172119140625
v 43.832725524902344 573.1200561523438 1444.568115234375
v 43.83272171020508 573.6328125 1444.1708984375
v 43.83270263671875 575.1712036132812 1442.9781494140625
v 44.548126220703125 574.6566162109375 1443.3770751953125
v 43.83271026611328 574.6583862304688 1443.3758544921875
v 44.548091888427734 577.2216796875 1441.38720703125
v 45.97895812988281 576.1920776367188 1442.18603515625
v 44.5481071472168 576.1954345703125 1442.18359375
v 45.9788703918457 581.3275756835938 1438.197509765625
v 48.84066390991211 579.2658081054688 1439.8001708984375
v 45.97890853881836 579.2721557617188 1439.794921875
v 48.840423583984375 589.5704345703125 1431.77880859375
v 54.564266204833984 585.4295654296875 1435.0096435546875
v 48.84053039550781 585.4402465820312 1434.9981689453125
v 48.840171813964844 597.8661499023438 1425.29541015625
v 54.56401443481445 593.7069702148438 1428.5552978515625
v 48.84030532836914 593.7135009765625 1428.5435791015625
v 54.56317901611328 614.49755859375 1412.2503662109375
v 66.01201629638672 606.1837768554688 1418.8140869140625
v 54.563541412353516 606.1842651367188 1418.7852783203125
v 66.00991821289062 647.0729370117188 1386.5374755859375
v 88.91598510742188 631.0706787109375 1399.360595703125
v 66.01078033447266 630.998779296875 1399.27880859375
v 88.91558837890625 700.1275024414062 1344.2724609375
v 134.79734802246094 674.5774536132812 1365.513916015625
v 88.91513061523438 674.0138549804688 1365.279052734375
v 48.839874267578125 606.1844482421875 1418.77294921875
v 54.5637092590332 602.0221557617188 1422.049560546875
v 48.840030670166016 602.0244750976562 1422.0374755859375
v 45.97831344604492 602.0255126953125 1422.0318603515625
v 48.84010314941406 599.94482421875 1423.66748046875
v 45.978450775146484 597.8681640625 1425.2899169921875
v 45.97838592529297 599.9464111328125 1423.661865234375
v 45.97816848754883 606.1845092773438 1418.7672119140625
v 48.8399543762207 604.1044921875 1420.40576171875
v 45.978240966796875 604.1050415039062 1420.400146484375
v 48.839534759521484 614.4934692382812 1412.2373046875
v 54.5633659362793 610.3440551757812 1415.517822265625
v 48.8397102355957 610.3421020507812 1415.505126953125
v 54.56236267089844 630.9697265625 1399.245849609375
v 66.0112075805664 622.7891845703125 1405.760009765625
v 54.562782287597656 622.7699584960938 1405.728515625
v 44.54741668701172 604.1052856445312 1420.3973388671875
v 45.97827911376953 603.0652465820312 1421.2161865234375
v 44.5474853515625 602.0260009765625 1422.0291748046875
v 44.54745101928711 603.0656127929688 1421.21337890625
v 44.547340393066406 606.1845092773438 1418.764404296875
v 45.978206634521484 605.144775390625 1419.583740234375
v 44.54737854003906 605.1449584960938 1419.5810546875
v 45.97800827026367 610.3411865234375 1415.499267578125
v 48.83979415893555 608.2637939453125 1417.13916015625
v 45.97808837890625 608.2633666992188 1417.1334228515625
v 48.83916091918945 622.7616577148438 1405.71484375
v 54.562984466552734 618.640869140625 1408.9862060546875
v 48.839351654052734 618.6346435546875 1408.972900390625
v 45.977664947509766 618.6317749023438 1408.9666748046875
v 48.839447021484375 616.5656127929688 1410.6044921875
v 45.977840423583984 614.4915771484375 1412.2313232421875
v 45.977752685546875 616.563232421875 1410.598388671875
v 44.54684829711914 618.6304321289062 1408.9637451171875
v 45.97771072387695 617.597900390625 1409.7823486328125
v 44.54693603515625 616.5620727539062 1410.595458984375
v 44.54689407348633 617.5966796875 1409.7794189453125
v 45.97747802734375 622.7578125 1405.7086181640625
v 48.83926010131836 620.7001953125 1407.3428955078125
v 45.97757339477539 620.6968383789062 1407.336669921875
v 48.8387565612793 630.9571533203125 1399.2315673828125
v 54.56257629394531 626.8809204101562 1402.4805908203125
v 48.83896255493164 626.8704833984375 1402.4666748046875
v 54.561466217041016 647.0244750976562 1386.5020751953125
v 66.01034545898438 639.1039428710938 1392.8626708984375
v 54.561920166015625 639.065185546875 1392.8282470703125
v 66.00853729248047 673.808837890625 1365.1865234375
v 88.9151840209961 660.7762451171875 1375.8426513671875
v 66.00920867919922 660.6126708984375 1375.751220703125
v 43.83144760131836 618.6297607421875 1408.9622802734375
v 44.546871185302734 618.1136474609375 1409.37158203125
v 43.83149337768555 617.5960693359375 1409.778076171875
v 43.83147048950195 618.1129760742188 1409.3701171875
v 44.54676055908203 620.6951904296875 1407.3336181640625
v 45.97761917114258 619.664794921875 1408.1514892578125
v 44.54680633544922 619.6632690429688 1408.1484375
v 48.83787536621094 647.0034790039062 1386.4866943359375
v 54.56169509887695 643.0637817382812 1389.652099609375
v 48.83832550048828 639.04833984375 1392.8134765625
v 48.83810043334961 643.0448608398438 1389.636962890625
v 54.56065368652344 660.5475463867188 1375.7144775390625
v 66.00955963134766 653.896240234375 1381.1082763671875
v 54.56106185913086 653.8394165039062 1381.072021484375
v 48.83747100830078 653.8147583007812 1381.056396484375
v 54.56126403808594 650.4465942382812 1383.7769775390625
v 48.83767318725586 650.4237670898438 1383.7613525390625
v 48.837059020996094 660.5193481445312 1375.6986083984375
v 54.560855865478516 657.2055053710938 1378.38525390625
v 48.83726501464844 657.1790771484375 1378.369384765625
v 54.5598258972168 673.7274169921875 1365.149169921875
v 66.00886535644531 667.2432250976562 1370.4495849609375
v 54.56024169921875 667.169921875 1370.4124755859375
v 66.00733184814453 699.8416137695312 1344.1826171875
v 88.91526794433594 687.0750122070312 1354.800537109375
v 66.0079116821289 686.8292236328125 1354.70849609375
v 88.91837310791016 752.7561645507812 1301.2288818359375
v 134.8018341064453 727.612060546875 1322.969970703125
v 88.91669464111328 726.5888671875 1322.7586669921875
v 134.82212829589844 853.1879272460938 1216.8333740234375
v 226.1410675048828 809.2644653320312 1259.8885498046875
v 134.81256103515625 804.0693359375 1259.504638671875
v 45.97541046142578 660.50634765625 1375.691162109375
v 48.837162017822266 658.85205078125 1377.0321044921875
v 45.975616455078125 657.1669311523438 1378.3621826171875
v 45.97551345825195 658.8394775390625 1377.0247802734375
v 48.83663558959961 667.13818359375 1370.3963623046875
v 54.560447692871094 663.8681640625 1373.0576171875
v 48.836849212646484 663.8381958007812 1373.0416259765625
v 45.97520065307617 663.8243408203125 1373.0341796875
v 48.836952209472656 662.1812744140625 1374.368408203125
v 45.97530746459961 662.1678466796875 1374.361083984375
v 44.544517517089844 662.1614379882812 1374.3575439453125
v 45.97535705566406 661.3377685546875 1375.0257568359375
v 44.544620513916016 660.5001220703125 1375.687744140625
v 44.54457092285156 661.3314208984375 1375.022216796875
v 43.829185485839844 661.3283081054688 1375.0205078125
v 44.544593811035156 660.9159545898438 1375.3548583984375
v 43.8292350769043 660.4970703125 1375.68603515625
v 43.82920837402344 660.912841796875 1375.3531494140625
v 45.975460052490234 659.673583984375 1376.3575439453125
v 44.54472351074219 658.8334350585938 1377.0213623046875
v 44.544673919677734 659.66748046875 1376.35400390625
v 43.471519470214844 660.911376953125 1375.352294921875
v 43.8292236328125 660.7050170898438 1375.51953125
v 43.4715461730957 660.4955444335938 1375.6851806640625
v 43.47153091430664 660.7034912109375 1375.5186767578125
v 44.544647216796875 660.083984375 1376.020751953125
v 43.829288482666016 659.6644897460938 1376.352294921875
v 43.829261779785156 660.0809326171875 1376.01904296875
v 43.29267501831055 660.9105834960938 1375.351806640625
v 43.471527099609375 660.8074340820312 1375.4354248046875
v 43.292686462402344 660.7027587890625 1375.518310546875
v 43.29267883300781 660.8067016601562 1375.43505859375
v 43.471492767333984 661.3267822265625 1375.0196533203125
v 43.82919692993164 661.1206665039062 1375.186767578125
v 43.47150802612305 661.119140625 1375.1859130859375
v 43.829132080078125 662.1582641601562 1374.3558349609375
v 44.5445442199707 661.74658203125 1374.6898193359375
v 43.829158782958984 661.7434692382812 1374.6881103515625
v 44.54441452026367 663.8177490234375 1373.0306396484375
v 45.97525405883789 662.9967041015625 1373.697265625
v 44.544464111328125 662.9901733398438 1373.6937255859375
v 45.97499084472656 667.12353515625 1370.3890380859375
v 48.83674240112305 665.4903564453125 1371.7176513671875
v 45.975093841552734 665.4761352539062 1371.710205078125
v 48.83620834350586 673.6921997070312 1365.133056640625
v 54.56003189086914 670.4555053710938 1367.777099609375
v 48.836421966552734 670.4219970703125 1367.760986328125
v 54.55899429321289 686.7318115234375 1354.6715087890625
v 66.00821685791016 680.33056640625 1359.945068359375
v 54.559410095214844 680.2410888671875 1359.9078369140625
v 43.292659759521484 661.1183471679688 1375.185546875
v 43.47151184082031 661.0152587890625 1375.2691650390625
v 43.292667388916016 661.0144653320312 1375.2686767578125
v 48.8353385925293 686.6896362304688 1354.655517578125
v 54.559200286865234 683.4879760742188 1357.2900390625
v 48.83577346801758 680.2023315429688 1359.8917236328125
v 48.83555603027344 683.447509765625 1357.2740478515625
v 54.55816650390625 699.7283935546875 1344.146484375
v 66.00761413574219 693.325927734375 1349.4599609375
v 54.55857849121094 693.2205810546875 1349.42333984375
v 66.00634765625 726.2245483398438 1322.67626953125
v 88.91606140136719 713.316650390625 1333.578369140625
v 66.0068130493164 712.9911499023438 1333.491943359375
v 48.834896087646484 693.1749877929688 1349.407470703125
v 54.55878448486328 689.9751586914062 1352.0499267578125
v 48.83511734008789 689.9312133789062 1352.033935546875
v 45.97346496582031 689.9110107421875 1352.026611328125
v 48.835227966308594 688.310302734375 1353.34521484375
v 45.97368621826172 686.670166015625 1354.6480712890625
v 45.973575592041016 688.2904663085938 1353.337890625
v 44.54267883300781 689.9013061523438 1352.0230712890625
v 45.97351837158203 689.1006469726562 1352.682373046875
v 44.542789459228516 688.2809448242188 1353.3343505859375
v 44.5427360534668 689.091064453125 1352.6788330078125
v 45.97323989868164 693.1539306640625 1349.400146484375
v 48.83500671386719 691.5526733398438 1350.721435546875
v 45.97335433959961 691.5320434570312 1350.714111328125
v 48.83445739746094 699.6793823242188 1344.130859375
v 54.558372497558594 696.4708251953125 1346.78955078125
v 48.83467483520508 696.4235229492188 1346.7738037109375
v 54.557350158691406 712.8624267578125 1333.4571533203125
v 66.00706481933594 706.3964233398438 1338.8602294921875
v 54.55775833129883 706.275390625 1338.82470703125
v 43.827354431152344 689.0863647460938 1352.6771240234375
v 44.542762756347656 688.6859741210938 1353.006591796875
v 43.82740783691406 688.2763061523438 1353.3326416015625
v 43.8273811340332 688.6813354492188 1353.0048828125
v 45.973628997802734 687.4802856445312 1353.9930419921875
v 44.54290008544922 686.6608276367188 1354.64453125
v 44.5428466796875 687.4708862304688 1353.989501953125
v 48.835445404052734 685.0687866210938 1355.9649658203125
v 45.973907470703125 683.4288330078125 1357.2666015625
v 45.97379684448242 685.0497436523438 1355.95751953125
v 43.82729721069336 689.8965454101562 1352.0213623046875
v 44.54270935058594 689.4961547851562 1352.35107421875
v 43.82732391357422 689.491455078125 1352.3492431640625
v 44.54256820678711 691.5221557617188 1350.7105712890625
v 45.97340774536133 690.721435546875 1351.37060546875
v 44.542625427246094 690.7116088867188 1351.3670654296875
v 48.834014892578125 706.2230224609375 1338.809326171875
v 54.557960510253906 702.9960327148438 1341.491943359375
v 48.83423614501953 702.9453125 1341.4764404296875
v 45.97256851196289 702.9219360351562 1341.4693603515625
v 48.834346771240234 701.3109741210938 1342.80517578125
v 45.97279357910156 699.6567993164062 1344.12353515625
v 45.97268295288086 701.2879638671875 1342.7979736328125
v 44.54178237915039 702.9107666015625 1341.4659423828125
v 45.972625732421875 702.1045532226562 1342.134033203125
v 44.54189682006836 701.2769165039062 1342.7945556640625
v 44.541839599609375 702.0934448242188 1342.130615234375
v 45.97234344482422 706.1988525390625 1338.80224609375
v 48.83412551879883 704.582763671875 1340.14453125
v 45.97245788574219 704.5589599609375 1340.1373291015625
v 48.83357238769531 712.8067016601562 1333.442138671875
v 54.557552337646484 709.5650634765625 1336.145751953125
v 48.83379364013672 709.510986328125 1336.130615234375
v 54.55656051635742 726.0806274414062 1322.6431884765625
v 66.00657653808594 719.6070556640625 1328.0921630859375
v 54.55695343017578 719.470703125 1328.0582275390625
v 66.00560760498047 752.3173828125 1301.1552734375
v 88.91747283935547 739.787841796875 1311.9346923828125
v 66.00594329833984 739.3856811523438 1311.8568115234375
v 88.92337036132812 802.4383544921875 1259.3466796875
v 134.80860900878906 779.5582275390625 1280.2144775390625
v 88.92057800292969 778.1163330078125 1280.0394287109375
v 43.82640075683594 702.9052734375 1341.4642333984375
v 44.54180908203125 702.5020141601562 1341.79833984375
v 43.82645797729492 702.0880126953125 1342.1290283203125
v 43.8264274597168 702.49658203125 1341.7967529296875
v 44.54166793823242 704.547607421875 1340.1339111328125
v 45.972511291503906 703.7400512695312 1340.8037109375
v 44.541725158691406 703.728759765625 1340.80029296875
v 43.468711853027344 702.9025268554688 1341.46337890625
v 43.826416015625 702.7008666992188 1341.6304931640625
v 43.4687385559082 702.4938354492188 1341.7958984375
v 43.468727111816406 702.6981811523438 1341.629638671875
v 43.82634353637695 703.7232666015625 1340.7987060546875
v 44.54175567626953 703.3196411132812 1341.1331787109375
v 43.82637023925781 703.3141479492188 1341.131591796875
v 43.468685150146484 703.3114624023438 1341.1307373046875
v 43.826385498046875 703.1096801757812 1341.2979736328125
v 43.46869659423828 703.1069946289062 1341.297119140625
v 43.28985595703125 703.1056518554688 1341.296630859375
v 43.46870422363281 703.0047607421875 1341.3802490234375
v 43.28986740112305 702.9011840820312 1341.4630126953125
v 43.289859771728516 703.00341796875 1341.3798828125
v 43.200439453125 703.0027465820312 1341.379638671875
v 43.28986358642578 702.9523315429688 1341.42138671875
v 43.20044708251953 702.9005126953125 1341.4627685546875
v 43.200443267822266 702.95166015625 1341.4212646484375
v 43.468719482421875 702.8003540039062 1341.5465087890625
v 43.28988265991211 702.6968383789062 1341.6292724609375
v 43.28987503051758 702.7990112304688 1341.546142578125
v 43.200443267822266 702.9260864257812 1341.4420166015625
v 43.15573501586914 702.9002075195312 1341.462646484375
v 43.28987121582031 702.85009765625 1341.5045166015625
v 43.20045471191406 702.79833984375 1341.5458984375
v 43.2004508972168 702.8494262695312 1341.50439453125
v 43.15572738647461 703.0023803710938 1341.3795166015625
v 43.200443267822266 702.9771728515625 1341.400390625
v 43.20043182373047 703.10498046875 1341.2965087890625
v 43.28985595703125 703.0545043945312 1341.3382568359375
v 43.200435638427734 703.0538330078125 1341.3380126953125
v 43.28984069824219 703.3101196289062 1341.13037109375
v 43.46868896484375 703.209228515625 1341.2138671875
v 43.28984832763672 703.2078857421875 1341.2135009765625
v 43.46865463256836 703.7205200195312 1340.7978515625
v 43.826358795166016 703.5186767578125 1340.965087890625
v 43.46866989135742 703.5159912109375 1340.96435546875
v 43.82628631591797 704.5419921875 1340.13232421875
v 44.54169845581055 704.1381225585938 1340.46728515625
v 43.826316833496094 704.132568359375 1340.465576171875
v 44.54155731201172 706.1873168945312 1338.798828125
v 45.9724006652832 705.3786010742188 1339.47021484375
v 44.5416145324707 705.3671264648438 1339.466796875
v 45.97211837768555 709.4860229492188 1336.12353515625
v 48.83390426635742 707.8659057617188 1337.4713134765625
v 45.972232818603516 707.84130859375 1337.4642333984375
v 54.5557975769043 739.2268676757812 1311.8255615234375
v 66.00614166259766 732.823974609375 1317.2593994140625
v 54.556175231933594 732.6725463867188 1317.227294921875
v 48.832271575927734 732.6069946289062 1317.21337890625
v 54.556365966796875 729.3800659179688 1319.9344482421875
v 48.832698822021484 726.018310546875 1322.62890625
v 48.83248519897461 729.3161010742188 1319.9202880859375
v 45.970558166503906 732.5767822265625 1317.2069091796875
v 48.83237838745117 730.9625854492188 1318.5665283203125
v 45.97077941894531 729.28662109375 1319.913818359375
v 45.97066879272461 730.9327392578125 1318.56005859375
v 48.83184814453125 739.1581420898438 1311.81201171875
v 54.55598449707031 735.9556274414062 1314.523681640625
v 48.83205795288086 735.8884887695312 1314.510009765625
v 54.555076599121094 752.1442260742188 1301.1258544921875
v 66.00576782226562 745.8900146484375 1306.4837646484375
v 54.5554313659668 745.7239990234375 1306.453369140625
v 66.00515747070312 777.6072387695312 1279.972412109375
v 88.9194107055664 765.6396484375 1290.510498046875
v 66.00534057617188 765.1649780273438 1290.4404296875
v 44.53987121582031 730.91845703125 1318.5570068359375
v 45.97072219848633 730.1099243164062 1319.23681640625
v 44.539981842041016 729.2725219726562 1319.91064453125
v 44.53992462158203 730.095703125 1319.2337646484375
v 48.83259201049805 727.6679077148438 1321.2745361328125
v 45.97100067138672 725.9895629882812 1322.622314453125
v 45.970890045166016 727.6387939453125 1321.2679443359375
v 54.55675506591797 722.7766723632812 1325.351806640625
v 48.833133697509766 719.4116821289062 1328.0435791015625
v 48.832916259765625 722.7160034179688 1325.3372802734375
v 43.82448196411133 730.9114379882812 1318.555419921875
v 44.53989791870117 730.5071411132812 1318.8953857421875
v 43.82453918457031 730.0887451171875 1319.2322998046875
v 43.82451248168945 730.5001831054688 1318.893798828125
v 44.539756774902344 732.5623168945312 1317.203857421875
v 45.970611572265625 731.7550048828125 1317.8834228515625
v 44.53981399536133 731.7406616210938 1317.88037109375
v 45.970340728759766 735.8575439453125 1314.503662109375
v 48.8321647644043 734.2490844726562 1315.861083984375
v 45.9704475402832 734.218505859375 1315.854736328125
v 43.82442855834961 731.7335815429688 1317.8787841796875
v 44.53984069824219 731.32958984375 1318.2186279296875
v 43.82445526123047 731.3225708007812 1318.2171630859375
v 48.8314323425293 745.652099609375 1306.440185546875
v 54.55561447143555 742.4838256835938 1309.1348876953125
v 48.83163833618164 742.4135131835938 1309.12158203125
v 45.96969223022461 745.6189575195312 1306.4342041015625
v 48.83153533935547 744.0350341796875 1307.779541015625
v 45.969905853271484 742.381103515625 1309.1153564453125
v 45.96979904174805 744.0022583007812 1307.7735595703125
v 48.831024169921875 752.0692749023438 1301.113037109375
v 54.55525207519531 748.9449462890625 1303.7830810546875
v 48.83122634887695 748.8715209960938 1303.7701416015625
v 54.55438995361328 764.9777221679688 1290.4124755859375
v 66.00546264648438 758.7988891601562 1295.7611083984375
v 54.554725646972656 758.61865234375 1295.732421875
v 44.53899002075195 743.986572265625 1307.7706298828125
v 45.969852447509766 743.1921997070312 1308.444091796875
v 44.53909683227539 742.3655395507812 1309.1124267578125
v 44.53904342651367 743.1766357421875 1308.441162109375
v 48.83174133300781 740.7877807617188 1310.4656982421875
v 45.97011947631836 739.12646484375 1311.8057861328125
v 45.97001266479492 740.7557373046875 1310.4595947265625
v 44.53887939453125 745.6030883789062 1306.4312744140625
v 45.96974563598633 744.8112182617188 1307.103515625
v 44.538936614990234 744.79541015625 1307.1005859375
v 45.969478607177734 748.8377075195312 1303.76416015625
v 48.831329345703125 747.264404296875 1305.1036376953125
v 45.96958541870117 747.2308959960938 1305.09765625
v 43.823543548583984 744.7877197265625 1307.09912109375
v 44.538963317871094 744.3911743164062 1307.435546875
v 43.82360076904297 743.9788818359375 1307.7691650390625
v 43.82357406616211 744.3834838867188 1307.43408203125
v 43.46588134765625 744.379638671875 1307.433349609375
v 43.823585510253906 744.1812133789062 1307.6015625
v 43.46590805053711 743.97509765625 1307.7684326171875
v 43.46589660644531 744.1774291992188 1307.6009521484375
v 44.53901672363281 743.5817260742188 1308.1058349609375
v 43.82365417480469 743.1690063476562 1308.4398193359375
v 43.82362747192383 743.5740966796875 1308.1043701171875
v 43.46585464477539 744.7838745117188 1307.0985107421875
v 43.82355880737305 744.5856323242188 1307.2666015625
v 43.46586608886719 744.581787109375 1307.265869140625
v 43.823490142822266 745.5953369140625 1306.4298095703125
v 44.53890609741211 745.1994018554688 1306.765869140625
v 43.823516845703125 745.1917114257812 1306.764404296875
v 44.53877258300781 747.21484375 1305.0947265625
v 45.96963882446289 746.425537109375 1305.7655029296875
v 44.53882598876953 746.4096069335938 1305.7626953125
v 43.28702163696289 744.5798950195312 1307.2655029296875
v 43.46587371826172 744.480712890625 1307.349609375
v 43.28703689575195 744.3777465820312 1307.4329833984375
v 43.28702926635742 744.4788208007812 1307.3492431640625
v 43.287010192871094 744.781982421875 1307.09814453125
v 43.46586227416992 744.682861328125 1307.18212890625
v 43.28701400756836 744.6809692382812 1307.181884765625
v 43.46582794189453 745.1878662109375 1306.7637939453125
v 43.82353210449219 744.98974609375 1306.9317626953125
v 43.46583938598633 744.9859008789062 1306.9310302734375
v 48.83061599731445 758.5406494140625 1295.719970703125
v 54.554901123046875 755.3953857421875 1298.420166015625
v 48.83081817626953 755.3189086914062 1298.4075927734375
v 48.830223083496094 764.896728515625 1290.4002685546875
v 54.55455780029297 761.8121948242188 1293.0635986328125
v 48.83041763305664 761.7327270507812 1293.05126953125
v 54.55377197265625 777.4065551757812 1279.9456787109375
v 66.00523376464844 771.4281005859375 1285.182861328125
v 54.55406951904297 771.2340698242188 1285.155517578125
v 66.00515747070312 801.8635864257812 1259.28662109375
v 88.92189025878906 790.3318481445312 1269.6939697265625
v 66.00508880615234 789.78955078125 1269.6300048828125
v 88.93142700195312 851.1909790039062 1216.7479248046875
v 134.81700134277344 828.6617431640625 1238.337646484375
v 88.92693328857422 826.8447875976562 1238.2115478515625
v 134.8470458984375 941.8157348632812 1134.49658203125
v 226.1854705810547 905.9083862304688 1176.011962890625
v 134.8345489501953 898.4075317382812 1175.83984375
v 48.8298454284668 771.1500854492188 1285.1435546875
v 54.554229736328125 768.1175537109375 1287.777099609375
v 48.83003234863281 768.0350952148438 1287.76513671875
v 48.82948303222656 777.3197021484375 1279.93408203125
v 54.55392074584961 774.32958984375 1282.545654296875
v 48.82966232299805 774.2442016601562 1282.533935546875
v 54.553245544433594 789.5758056640625 1269.6043701171875
v 66.00511169433594 783.721435546875 1274.79345703125
v 54.553497314453125 783.51416015625 1274.7672119140625
v 45.967838287353516 774.204833984375 1282.528564453125
v 48.829750061035156 772.6996459960938 1283.83740234375
v 45.96803283691406 771.1113891601562 1285.13818359375
v 45.967933654785156 772.6605834960938 1283.83203125
v 44.5370979309082 772.6419067382812 1283.829345703125
v 45.96798324584961 771.8865966796875 1284.4847412109375
v 44.53719711303711 771.0928344726562 1285.135498046875
v 44.537147521972656 771.8679809570312 1284.4820556640625
v 48.82993698120117 769.5953369140625 1286.4527587890625
v 45.968231201171875 767.9970092773438 1287.759521484375
v 45.96813201904297 769.5570068359375 1286.447265625
v 43.821746826171875 771.85888671875 1284.4808349609375
v 44.537174224853516 771.4805908203125 1284.8087158203125
v 43.82179641723633 771.0838012695312 1285.13427734375
v 43.821773529052734 771.4714965820312 1284.8074951171875
v 45.968082427978516 770.3348388671875 1285.7923583984375
v 44.537296295166016 769.5386352539062 1286.444580078125
v 44.53724670410156 770.31640625 1285.7896728515625
v 43.46407699584961 771.467041015625 1284.8067626953125
v 43.82178497314453 771.2777099609375 1284.9708251953125
v 43.4640998840332 771.079345703125 1285.1336669921875
v 43.464088439941406 771.273193359375 1284.97021484375
v 44.53722381591797 770.7047729492188 1285.4625244140625
v 43.82184600830078 770.307373046875 1285.7884521484375
v 43.82182312011719 770.6957397460938 1285.461181640625
v 43.46405029296875 771.8544311523438 1284.480224609375
v 43.82175827026367 771.6652221679688 1284.6441650390625
v 43.46406555175781 771.6607666015625 1284.6434326171875
v 43.82169723510742 772.6327514648438 1283.828125
v 44.53712463378906 772.255126953125 1284.1556396484375
v 43.82172393798828 772.2459716796875 1284.1544189453125
v 44.5369987487793 774.1859741210938 1282.52587890625
v 45.96788787841797 773.4332885742188 1283.179931640625
v 44.53704833984375 773.41455078125 1283.1773681640625
v 45.9676513671875 777.2796630859375 1279.9287109375
v 48.82957077026367 775.7841186523438 1281.23291015625
v 45.967742919921875 775.7444458007812 1281.2275390625
v 48.829139709472656 783.4244995117188 1274.755859375
v 54.55363082885742 780.46728515625 1277.353515625
v 48.829307556152344 780.3790283203125 1277.342041015625
v 43.28521728515625 771.6585083007812 1284.6431884765625
v 43.46406936645508 771.5639038085938 1284.72509765625
v 43.28522872924805 771.4647827148438 1284.8065185546875
v 43.285221099853516 771.5616455078125 1284.724853515625
v 43.28520584106445 771.8521728515625 1284.4798583984375
v 43.46405792236328 771.757568359375 1284.561767578125
v 43.28520965576172 771.75537109375 1284.5615234375
v 43.464027404785156 772.241455078125 1284.1536865234375
v 43.82173538208008 772.052490234375 1284.317626953125
v 43.46403884887695 772.0479736328125 1284.31689453125
v 45.967288970947266 783.3831176757812 1274.7506103515625
v 48.8292236328125 781.9033203125 1276.04833984375
v 45.967464447021484 780.3383178710938 1277.336669921875
v 45.967376708984375 781.8623046875 1276.0430908203125
v 48.82882308959961 789.4833374023438 1269.59326171875
v 54.553367614746094 786.549560546875 1272.184814453125
v 48.8289794921875 786.45849609375 1272.173583984375
v 54.55283737182617 801.6370849609375 1259.2625732421875
v 66.0051040649414 795.8306274414062 1264.46630859375
v 54.55302429199219 795.6104736328125 1264.44140625
v 66.00580596923828 826.2059936523438 1238.164306640625
v 88.925048828125 814.5874633789062 1248.8709716796875
v 66.00538635253906 813.9805297851562 1248.81640625
v 45.96711349487305 786.41650390625 1272.16845703125
v 48.82905960083008 784.9427490234375 1273.46435546875
v 45.967201232910156 784.901123046875 1273.4591064453125
v 44.536346435546875 784.8811645507812 1273.4566650390625
v 45.96724319458008 784.1424560546875 1274.104736328125
v 44.53643798828125 783.3633422851562 1274.7481689453125
v 44.53639221191406 784.12255859375 1274.102294921875
v 43.82093811035156 784.8713989257812 1273.4554443359375
v 44.53636932373047 784.501953125 1273.7794189453125
v 43.82098388671875 784.1128540039062 1274.10107421875
v 43.820960998535156 784.4921875 1273.7781982421875
v 44.536258697509766 786.3963623046875 1272.166015625
v 45.96715545654297 785.6591186523438 1272.813720703125
v 44.53630447387695 785.6390380859375 1272.811279296875
v 45.96694564819336 789.4407348632812 1269.5882568359375
v 48.82889938354492 787.971923828125 1270.88330078125
v 45.9670295715332 787.9295654296875 1270.878173828125
v 48.82853317260742 795.5152587890625 1264.4306640625
v 54.553131103515625 792.5953369140625 1267.02392578125
v 48.82867431640625 792.50146484375 1267.0130615234375
v 43.82089614868164 785.6292724609375 1272.81005859375
v 44.53632354736328 785.2601928710938 1273.1339111328125
v 43.82091522216797 785.2504272460938 1273.1326904296875
v 54.55256652832031 813.741455078125 1248.794677734375
v 66.0052490234375 807.9074096679688 1254.0750732421875
v 54.55268096923828 807.6746215820312 1254.0521240234375
v 48.82784652709961 813.6380615234375 1248.7852783203125
v 54.55261993408203 810.703369140625 1251.4300537109375
v 48.828041076660156 807.5739135742188 1254.042236328125
v 48.827938079833984 810.601318359375 1251.42041015625
v 54.55246353149414 825.9544067382812 1238.1453857421875
v 66.00556945800781 820.0855102539062 1243.50830078125
v 54.552494049072266 819.8402099609375 1243.4879150390625
v 66.0073013305664 850.4906616210938 1216.717041015625
v 88.92904663085938 839.0929565429688 1227.465087890625
v 66.00643157958984 838.4228515625 1227.426025390625
v 88.94344329833984 896.1104736328125 1175.8026123046875
v 134.82803344726562 876.4263916015625 1196.020263671875
v 88.93698120117188 874.26904296875 1195.9637451171875
v 45.96596908569336 810.5543212890625 1251.4158935546875
v 48.82798767089844 809.0865478515625 1252.73291015625
v 45.966087341308594 807.5275268554688 1254.03759765625
v 45.966026306152344 809.0398559570312 1252.7283935546875
v 54.55275344848633 804.6533203125 1256.662353515625
v 48.828269958496094 801.5391235351562 1259.252197265625
v 48.82815170288086 804.5540161132812 1256.652099609375
v 44.535072326660156 810.5317993164062 1251.413818359375
v 45.96599578857422 809.7967529296875 1252.072509765625
v 44.535133361816406 809.0174560546875 1252.7261962890625
v 44.53510284423828 809.7743530273438 1252.0704345703125
v 45.96586227416992 813.5904541015625 1248.7808837890625
v 48.82788848876953 812.1185302734375 1250.1044921875
v 45.96591567993164 812.0712280273438 1250.10009765625
v 48.82768630981445 819.734130859375 1243.4791259765625
v 54.55252456665039 816.787841796875 1246.1466064453125
v 48.827762603759766 816.68310546875 1246.1375732421875
v 44.53501510620117 812.0485229492188 1250.0980224609375
v 45.9659423828125 811.3124389648438 1250.7584228515625
v 44.53504180908203 811.2898559570312 1250.75634765625
v 43.81961441040039 811.27880859375 1250.7552490234375
v 44.535057067871094 810.9107666015625 1251.085205078125
v 43.819644927978516 810.520751953125 1251.4127197265625
v 43.81962966918945 810.8997192382812 1251.0841064453125
v 43.46192169189453 810.8942260742188 1251.0836181640625
v 43.819637298583984 810.710205078125 1251.2484130859375
v 43.461936950683594 810.5153198242188 1251.4122314453125
v 43.46192932128906 810.7047729492188 1251.2479248046875
v 44.53508758544922 810.1530151367188 1251.7421875
v 43.81967544555664 809.7633666992188 1252.0693359375
v 43.81966018676758 810.1419677734375 1251.7412109375
v 43.46190643310547 811.2733154296875 1250.7547607421875
v 43.81962203979492 811.0892333984375 1250.919677734375
v 43.4619140625 811.0838012695312 1250.919189453125
v 43.819583892822266 812.0374145507812 1250.096923828125
v 44.53502655029297 811.6691284179688 1250.42724609375
v 43.81959915161133 811.6580200195312 1250.42626953125
v 44.53495788574219 813.567626953125 1248.77880859375
v 45.96588897705078 812.83056640625 1249.44091796875
v 44.53498458862305 812.8078002929688 1249.4388427734375
v 45.965763092041016 816.6348266601562 1246.13330078125
v 48.82780075073242 815.15966796875 1247.462890625
v 45.96581268310547 815.1116943359375 1247.45849609375
v 54.552547454833984 838.1590576171875 1227.4105224609375
v 66.00609588623047 832.3242797851562 1232.7987060546875
v 54.5524787902832 832.0665893554688 1232.781494140625
v 54.55284118652344 850.2151489257812 1216.7047119140625
v 66.0068359375 844.4841918945312 1222.0606689453125
v 54.55266571044922 844.2144775390625 1222.0467529296875
v 66.00980377197266 873.5137329101562 1195.9447021484375
v 88.9340591430664 862.9259643554688 1206.2413330078125
v 66.00841522216797 862.1972045898438 1206.2171630859375
v 54.55337142944336 861.9105224609375 1206.207763671875
v 66.00782775878906 856.3883056640625 1211.442138671875
v 54.553077697753906 856.1071166992188 1211.431396484375
v 48.82788848876953 861.78662109375 1206.20361328125
v 54.55321502685547 859.0209350585938 1208.8125
v 48.827701568603516 855.9855346679688 1211.4267578125
v 48.82778549194336 858.898193359375 1208.80810546875
v 54.55414962768555 873.2167358398438 1195.937255859375
v 66.00907897949219 867.9033203125 1201.053466796875
v 54.55373001098633 867.6113891601562 1201.045166015625
v 66.01323699951172 895.3070678710938 1175.7918701171875
v 88.94013214111328 885.2892456054688 1185.853759765625
v 66.01142883300781 884.5091552734375 1185.838623046875
v 88.95684051513672 939.2708129882812 1134.552978515625
v 134.84107971191406 920.072021484375 1155.4503173828125
v 88.95025634765625 917.6464233398438 1155.4482421875
v 134.86331176757812 1021.9652099609375 1051.2215576171875
v 226.23287963867188 992.3640747070312 1092.7796630859375
v 134.85536193847656 983.2142333984375 1092.8861083984375
v 48.82813262939453 867.4852294921875 1201.04150390625
v 54.55354309082031 864.7738647460938 1203.6187744140625
v 48.8280029296875 864.6488037109375 1203.6148681640625
v 54.555145263671875 884.2024536132812 1185.8328857421875
v 66.0105972290039 879.0438842773438 1190.8775634765625
v 54.554622650146484 878.7418823242188 1190.8709716796875
v 54.556312561035156 894.9912109375 1175.7877197265625
v 66.01231384277344 889.925048828125 1180.8145751953125
v 54.55570983886719 889.6137084960938 1180.8095703125
v 66.01716613769531 916.7996215820312 1155.451904296875
v 88.94683837890625 906.856689453125 1165.7020263671875
v 66.01516723632812 906.0311279296875 1165.697021484375
v 54.557613372802734 905.7067260742188 1165.6953125
v 66.01419067382812 900.6705932617188 1170.757080078125
v 54.556949615478516 900.3504028320312 1170.7540283203125
v 54.55899429321289 916.4669799804688 1155.45361328125
v 66.01615905761719 911.4041748046875 1160.59814453125
v 54.55829620361328 911.0755615234375 1160.5980224609375
v 66.02116394042969 938.3849487304688 1134.5804443359375
v 88.95361328125 928.48486328125 1145.0360107421875
v 66.0191879272461 927.6177978515625 1145.051025390625
v 88.96752166748047 980.5012817382812 1093.02294921875
v 134.85189819335938 963.1203002929688 1113.4146728515625
v 88.96268463134766 960.476806640625 1113.5245361328125
v 48.83171463012695 910.93359375 1160.5980224609375
v 54.557952880859375 908.3886108398438 1163.15234375
v 48.83115768432617 905.5665283203125 1165.694580078125
v 48.8314323425293 908.24755859375 1163.15185546875
v 45.96895217895508 910.8682250976562 1160.597900390625
v 48.831573486328125 909.58984375 1161.87646484375
v 45.96870040893555 908.1825561523438 1163.1517333984375
v 45.96882629394531 909.5245971679688 1161.8763427734375
v 48.8322868347168 916.3232421875 1155.4544677734375
v 54.55864334106445 913.768798828125 1158.031494140625
v 48.832000732421875 913.6259155273438 1158.0318603515625
v 54.56041717529297 927.27734375 1145.057373046875
v 66.01817321777344 922.2085571289062 1150.2657470703125
v 54.5597038269043 921.8719482421875 1150.269775390625
v 44.537574768066406 909.493408203125 1161.876220703125
v 45.9687614440918 908.8533935546875 1162.514404296875
v 44.53745651245117 908.1514282226562 1163.151611328125
v 44.53751754760742 908.8222045898438 1162.5142822265625
v 48.831295013427734 906.906494140625 1164.424560546875
v 45.96845245361328 905.501953125 1165.6942138671875
v 45.96857452392578 906.8417358398438 1164.4241943359375
v 54.55727767944336 903.0279541015625 1168.2286376953125
v 48.83061981201172 900.2120971679688 1170.7528076171875
v 48.83088684082031 902.888671875 1168.2276611328125
v 44.537696838378906 910.8368530273438 1160.597900390625
v 45.96888732910156 910.1962280273438 1161.237548828125
v 44.537635803222656 910.1649169921875 1161.237548828125
v 45.96921157836914 913.5601196289062 1158.031982421875
v 48.83185577392578 912.279052734375 1159.31640625
v 45.96908187866211 912.2134399414062 1159.31640625
v 43.82204055786133 910.149658203125 1161.2374267578125
v 44.53760528564453 909.8291015625 1161.5570068359375
v 43.82197952270508 909.4781494140625 1161.876220703125
v 43.8220100402832 909.8138427734375 1161.5570068359375
v 43.82209777832031 910.8215942382812 1160.597900390625
v 44.53766632080078 910.5008544921875 1160.9178466796875
v 43.82206726074219 910.4855346679688 1160.9178466796875
v 44.537818908691406 912.1820068359375 1159.3165283203125
v 45.969017028808594 911.5405883789062 1159.9576416015625
v 44.537757873535156 911.5092163085938 1159.9576416015625
v 43.46427536010742 910.4779663085938 1160.9178466796875
v 43.822052001953125 910.3175659179688 1161.07763671875
v 43.46424865722656 910.14208984375 1161.2374267578125
v 43.464263916015625 910.3099975585938 1161.07763671875
v 43.28538131713867 910.4742431640625 1160.9178466796875
v 43.46426773071289 910.3939819335938 1160.9976806640625
v 43.285369873046875 910.3062744140625 1161.07763671875
v 43.28537368774414 910.3902587890625 1160.9976806640625
v 43.46430587768555 910.8140258789062 1160.597900390625
v 43.82208251953125 910.653564453125 1160.7579345703125
v 43.464290618896484 910.64599609375 1160.7579345703125
v 43.8221549987793 911.493896484375 1159.9576416015625
v 44.53772735595703 911.1730346679688 1160.27783203125
v 43.82212829589844 911.15771484375 1160.27783203125
v 43.285396575927734 910.6422119140625 1160.7579345703125
v 43.46428298950195 910.56201171875 1160.837890625
v 43.2853889465332 910.5582275390625 1160.837890625
v 43.19594192504883 910.5563354492188 1160.837890625
v 43.28538513183594 910.5162353515625 1160.8778076171875
v 43.1959342956543 910.4723510742188 1160.9178466796875
v 43.19593811035156 910.5143432617188 1160.8778076171875
v 43.19594192504883 910.5353393554688 1160.8577880859375
v 43.19594955444336 910.6403198242188 1160.7579345703125
v 43.28539276123047 910.6002197265625 1160.7978515625
v 43.195945739746094 910.5983276367188 1160.7978515625
v 43.2854118347168 910.8102416992188 1160.597900390625
v 43.464298248291016 910.72998046875 1160.6778564453125
v 43.285404205322266 910.7261962890625 1160.6778564453125
v 43.46433639526367 911.1500854492188 1160.27783203125
v 43.822113037109375 910.9896240234375 1160.4378662109375
v 43.46432113647461 910.9820556640625 1160.4378662109375
v 43.173580169677734 910.555908203125 1160.837890625
v 43.19594192504883 910.5458374023438 1160.847900390625
v 43.173580169677734 910.5348510742188 1160.8577880859375
v 43.173580169677734 910.5453491210938 1160.847900390625
v 43.195945739746094 910.5773315429688 1160.81787109375
v 43.240665435791016 910.5573120117188 1160.837890625
v 43.2853889465332 910.5372314453125 1160.8577880859375
v 43.24066162109375 910.5152587890625 1160.8778076171875
v 43.240665435791016 910.5362548828125 1160.8577880859375
v 43.37483596801758 910.5601196289062 1160.837890625
v 43.46427917480469 910.5199584960938 1160.8778076171875
v 43.37482833862305 910.4761352539062 1160.9178466796875
v 43.37483215332031 910.5181274414062 1160.8778076171875
v 43.643184661865234 910.6497802734375 1160.7579345703125
v 43.82207489013672 910.5695190429688 1160.837890625
v 43.64317321777344 910.4817504882812 1160.9178466796875
v 43.64318084716797 910.5657348632812 1160.837890625
v 44.179893493652344 910.8292236328125 1160.597900390625
v 44.537681579589844 910.6688232421875 1160.7579345703125
v 44.17986297607422 910.4931640625 1160.9178466796875
v 44.17987823486328 910.6611938476562 1160.7579345703125
v 45.25331497192383 910.8524169921875 1160.597900390625
v 45.96892166137695 910.5321655273438 1160.9178466796875
v 45.25325393676758 910.180419921875 1161.237548828125
v 45.2532844543457 910.516357421875 1160.9178466796875
v 47.400291442871094 910.9004516601562 1160.5980224609375
v 48.831642150878906 910.2615356445312 1161.237548828125
v 47.4001579284668 909.5567626953125 1161.8763427734375
v 47.40022277832031 910.2283935546875 1161.237548828125
v 51.69482421875 911.0027465820312 1160.5980224609375
v 54.55812454223633 909.7313232421875 1161.876708984375
v 51.69451141357422 908.3162231445312 1163.152099609375
v 51.69466781616211 909.6587524414062 1161.8765869140625
v 60.286407470703125 911.232421875 1160.59814453125
v 66.01566314697266 908.7151489257812 1163.1533203125
v 60.285579681396484 905.861572265625 1165.6961669921875
v 60.28599166870117 908.5444946289062 1163.15283203125
v 77.48140716552734 917.1926879882812 1155.449951171875
v 88.94854736328125 912.2404174804688 1160.5992431640625
v 77.47868347167969 906.4144287109375 1165.69921875
v 77.48004150390625 911.7923583984375 1160.5985107421875
v 111.89569854736328 918.736572265625 1155.44677734375
v 134.8378448486328 909.2188110351562 1165.725341796875
v 111.88731384277344 897.1436157226562 1175.8182373046875
v 111.89152526855469 907.9188232421875 1165.7108154296875
v 180.64613342285156 945.4435424804688 1134.470947265625
v 226.1976318359375 928.0462036132812 1155.5657958984375
v 180.64617919921875 901.6508178710938 1175.9073486328125
v 180.64622497558594 923.5099487304688 1155.48388671875
v 314.0119934082031 963.0203247070312 1134.6376953125
v 400.7481384277344 930.8425903320312 1176.2808837890625
v 314.0216979980469 869.1947631835938 1217.299072265625
v 314.0185546875 917.1038818359375 1176.225341796875
v 43.16239929199219 910.545166015625 1160.847900390625
v 43.173580169677734 910.5401000976562 1160.852783203125
v 43.16239929199219 910.53466796875 1160.8577880859375
v 43.16239929199219 910.5399169921875 1160.852783203125
v 43.19594192504883 910.5248413085938 1160.8677978515625
v 43.17357635498047 910.5138549804688 1160.8778076171875
v 43.173580169677734 910.5243530273438 1160.8677978515625
v 43.19593811035156 910.4933471679688 1160.8978271484375
v 43.285377502441406 910.4322509765625 1160.957763671875
v 43.19593048095703 910.3883666992188 1160.9976806640625
v 43.1959342956543 910.4303588867188 1160.957763671875
v 43.15681076049805 910.5450439453125 1160.847900390625
v 43.16239929199219 910.5425415039062 1160.850341796875
v 43.15681076049805 910.539794921875 1160.852783203125
v 43.15681076049805 910.5424194335938 1160.850341796875
v 43.16239929199219 910.5556640625 1160.837890625
v 43.173580169677734 910.5506591796875 1160.8428955078125
v 43.16239929199219 910.5504150390625 1160.8428955078125
v 43.173583984375 910.576904296875 1160.81787109375
v 43.195945739746094 910.5668334960938 1160.827880859375
v 43.173583984375 910.56640625 1160.827880859375
v 43.24066925048828 910.5993041992188 1160.7978515625
v 43.28539276123047 910.5792236328125 1160.81787109375
v 43.24066925048828 910.5783081054688 1160.81787109375
v 43.37484359741211 910.6441040039062 1160.7579345703125
v 43.46428680419922 910.60400390625 1160.7978515625
v 43.374839782714844 910.6021118164062 1160.7978515625
v 43.15681076049805 910.55029296875 1160.8428955078125
v 43.16239929199219 910.5477905273438 1160.8453369140625
v 43.15681076049805 910.5476684570312 1160.8453369140625
v 54.561832427978516 938.0372314453125 1134.591796875
v 66.02017974853516 933.0142822265625 1139.81884765625
v 54.561126708984375 932.6701049804688 1139.8277587890625
v 66.02484130859375 959.5590209960938 1113.573974609375
v 88.95989990234375 950.008544921875 1123.9815673828125
v 66.02307891845703 949.1055297851562 1124.0211181640625
v 54.56321716308594 948.751220703125 1124.0374755859375
v 66.02214050292969 943.7719116210938 1129.29248046875
v 54.56253433227539 943.4207763671875 1129.306396484375
v 54.56450271606445 959.1990356445312 1113.5943603515625
v 66.02397918701172 954.3723754882812 1118.77783203125
v 54.563873291015625 954.01513671875 1118.7962646484375
v 66.02801513671875 979.5609741210938 1093.0841064453125
v 88.96517181396484 970.6172485351562 1103.229248046875
v 66.02645111083984 969.6873168945312 1103.2855224609375
v 88.97891235351562 1019.1342163085938 1051.4183349609375
v 134.85867309570312 1002.6378173828125 1072.3515625
v 88.97247314453125 999.867919921875 1072.510009765625
v 134.90689086914062 1096.58154296875 959.9166259765625
v 226.2840576171875 1070.8028564453125 1005.8119506835938
v 134.8837127685547 1060.6820068359375 1006.091064453125
v 48.836891174316406 959.0435791015625 1113.6031494140625
v 54.56418991088867 956.617919921875 1116.189697265625
v 48.836360931396484 953.86083984375 1118.80419921875
v 48.83662796020508 956.4630126953125 1116.1981201171875
v 54.5656852722168 969.3226318359375 1103.3087158203125
v 66.0256576538086 964.6607055664062 1108.413330078125
v 54.565101623535156 964.2982788085938 1108.43505859375
v 48.83739471435547 964.1417236328125 1108.444580078125
v 54.56480407714844 961.7587280273438 1111.0098876953125
v 48.8371467590332 961.6027221679688 1111.01904296875
v 54.56686019897461 979.1923217773438 1093.1092529296875
v 66.02722930908203 974.6502685546875 1098.1796875
v 54.56626510620117 974.2835083007812 1098.203857421875
v 66.03155517578125 998.9089965820312 1072.5806884765625
v 88.96989440917969 990.2208862304688 1082.8138427734375
v 66.02967071533203 989.2711181640625 1082.8792724609375
v 54.568145751953125 988.89892578125 1082.90625
v 66.02882385253906 984.4307861328125 1087.98779296875
v 54.56748580932617 984.060302734375 1088.0137939453125
v 54.56965255737305 998.5333251953125 1072.609619140625
v 66.03057861328125 994.0934448242188 1077.747314453125
v 54.56886291503906 993.719482421875 1077.7752685546875
v 66.03654479980469 1018.1561889648438 1051.504638671875
v 88.97541809082031 1009.51806640625 1062.0350341796875
v 66.03380584716797 1008.5496215820312 1062.11279296875
v 89.00322723388672 1057.7664794921875 1006.3448486328125
v 134.871337890625 1041.935546875 1028.51171875
v 88.9889144897461 1039.0478515625 1028.74951171875
v 48.84134292602539 998.37109375 1072.6221923828125
v 54.56924819946289 996.1265258789062 1075.197509765625
v 48.84064483642578 993.5579833984375 1077.787353515625
v 48.84098434448242 995.9646606445312 1075.209716796875
v 54.57149124145508 1008.1702270507812 1062.1446533203125
v 66.03262329101562 1003.7283935546875 1067.3687744140625
v 54.57052230834961 1003.350830078125 1067.399169921875
v 48.84211730957031 1003.1878662109375 1067.4122314453125
v 54.57007598876953 1000.9412231445312 1070.0103759765625
v 48.84172058105469 1000.7786254882812 1070.023193359375
v 45.9781379699707 1000.7037353515625 1070.0291748046875
v 48.841529846191406 999.5746459960938 1071.32421875
v 45.977783203125 998.29638671875 1072.6279296875
v 45.97795867919922 999.4998168945312 1071.330078125
v 44.546485900878906 1000.6679077148438 1070.031982421875
v 45.97804641723633 1000.1017456054688 1070.679931640625
v 44.54631423950195 999.4640502929688 1071.3328857421875
v 44.5463981628418 1000.06591796875 1070.6827392578125
v 45.978511810302734 1003.11279296875 1067.4183349609375
v 48.841915130615234 1001.9830932617188 1068.7191162109375
v 45.97832107543945 1001.9081420898438 1068.72509765625
v 48.84298324584961 1008.0064697265625 1062.158447265625
v 54.57099151611328 1005.7609252929688 1064.77685546875
v 48.84253692626953 1005.5975341796875 1064.790283203125
v 54.57377624511719 1017.7731323242188 1051.5399169921875
v 66.03510284423828 1013.3624267578125 1056.8216552734375
v 54.57257080078125 1012.981201171875 1056.855224609375
v 66.04460906982422 1038.0538330078125 1028.8524169921875
v 88.98340606689453 1029.2093505859375 1040.0770263671875
v 66.0401382446289 1028.22216796875 1040.17236328125
v 43.83060836791992 1000.0484008789062 1070.6842041015625
v 44.546356201171875 999.7649536132812 1071.0079345703125
v 43.83052444458008 999.446533203125 1071.334228515625
v 43.83056640625 999.7474365234375 1071.00927734375
v 45.97787094116211 998.8980712890625 1071.9793701171875
v 44.546146392822266 998.2606201171875 1072.6307373046875
v 44.54623031616211 998.8622436523438 1071.982177734375
v 48.84115982055664 997.1678466796875 1073.9173583984375
v 45.977447509765625 995.89013671875 1075.2154541015625
v 45.97761535644531 997.0932006835938 1073.923095703125
v 43.47272491455078 1000.0397338867188 1070.684814453125
v 43.830589294433594 999.8978881835938 1070.8468017578125
v 43.472679138183594 999.73876953125 1071.010009765625
v 43.47270202636719 999.8892211914062 1070.847412109375
v 43.83069610595703 1000.650390625 1070.0333251953125
v 44.546443939208984 1000.3668823242188 1070.357421875
v 43.83065414428711 1000.349365234375 1070.35888671875
v 44.54666519165039 1001.8721923828125 1068.72802734375
v 45.97822952270508 1001.305908203125 1069.3775634765625
v 44.54657745361328 1001.27001953125 1069.38037109375
v 43.29378128051758 1000.035400390625 1070.6851806640625
v 43.472713470458984 999.9644775390625 1070.76611328125
v 43.29376220703125 999.8849487304688 1070.8477783203125
v 43.29376983642578 999.960205078125 1070.7664794921875
v 43.4727668762207 1000.3406982421875 1070.3594970703125
v 43.830631256103516 1000.1988525390625 1070.521484375
v 43.47274398803711 1000.190185546875 1070.522216796875
v 43.20429992675781 999.9580688476562 1070.7666015625
v 43.293766021728516 999.9225463867188 1070.80712890625
v 43.20429229736328 999.8828125 1070.847900390625
v 43.20429611206055 999.92041015625 1070.8072509765625
v 43.47269058227539 999.8140258789062 1070.9287109375
v 43.293739318847656 999.7344970703125 1071.0103759765625
v 43.29375076293945 999.8096923828125 1070.9290771484375
v 43.83054733276367 999.5969848632812 1071.1717529296875
v 43.47264099121094 999.4378662109375 1071.3349609375
v 43.472660064697266 999.5883178710938 1071.1724853515625
v 44.54627227783203 999.1631469726562 1071.6575927734375
v 43.830440521240234 998.8447875976562 1071.9835205078125
v 43.830482482910156 999.1456298828125 1071.658935546875
v 43.20431137084961 1000.0332641601562 1070.685302734375
v 43.29377746582031 999.997802734375 1070.725830078125
v 43.204307556152344 999.9956665039062 1070.7259521484375
v 43.29380416870117 1000.1859130859375 1070.5225830078125
v 43.47273254394531 1000.114990234375 1070.603515625
v 43.293792724609375 1000.1106567382812 1070.6038818359375
v 43.15957260131836 999.9945678710938 1070.72607421875
v 43.20430374145508 999.9768676757812 1070.746337890625
v 43.15956497192383 999.9569702148438 1070.7667236328125
v 43.159568786621094 999.9757690429688 1070.7464599609375
v 43.159568786621094 999.9663696289062 1070.756591796875
v 43.20429992675781 999.939208984375 1070.7869873046875
v 43.15956497192383 999.9381713867188 1070.787109375
v 43.159568786621094 999.961669921875 1070.76171875
v 43.18193817138672 999.976318359375 1070.746337890625
v 43.20430374145508 999.9674682617188 1070.7564697265625
v 43.18193435668945 999.95751953125 1070.7667236328125
v 43.18193435668945 999.9669189453125 1070.756591796875
v 43.24904251098633 999.9967041015625 1070.7259521484375
v 43.29377365112305 999.97900390625 1070.7462158203125
v 43.2490348815918 999.9591064453125 1070.7666015625
v 43.24903869628906 999.9779052734375 1070.7462158203125
v 43.38325119018555 1000.03759765625 1070.68505859375
v 43.47271728515625 1000.0021362304688 1070.7254638671875
v 43.383243560791016 999.9623413085938 1070.766357421875
v 43.38324737548828 999.9999389648438 1070.7257080078125
v 43.65166473388672 1000.0440673828125 1070.6845703125
v 43.83060073852539 999.97314453125 1070.7655029296875
v 43.65164566040039 999.8935546875 1070.8470458984375
v 43.65165328979492 999.9688110351562 1070.765869140625
v 44.18850326538086 1000.05712890625 1070.6834716796875
v 44.54637908935547 999.9154052734375 1070.8453369140625
v 44.18845748901367 999.7561645507812 1071.0086669921875
v 44.188480377197266 999.9066162109375 1070.8460693359375
v 45.262210845947266 1000.0836791992188 1070.681396484375
v 45.978004455566406 999.80078125 1071.005126953125
v 45.262123107910156 999.4818115234375 1071.3314208984375
v 45.262168884277344 999.78271484375 1071.006591796875
v 47.409881591796875 1000.7406616210938 1070.0262451171875
v 48.84162139892578 1000.1765747070312 1070.674072265625
v 47.40969467163086 999.5366821289062 1071.3271484375
v 47.409786224365234 1000.1386108398438 1070.6771240234375
v 51.705692291259766 1000.8577880859375 1070.0169677734375
v 54.569862365722656 999.737060546875 1071.3115234375
v 51.705291748046875 998.4500732421875 1072.6160888671875
v 51.70549011230469 999.6536865234375 1071.3179931640625
v 60.3006591796875 1003.531005859375 1067.3846435546875
v 66.0320816040039 1001.31787109375 1069.980712890625
v 60.29969024658203 998.7125854492188 1072.5958251953125
v 60.30016326904297 1001.1209716796875 1069.9962158203125
v 77.5025405883789 1008.9985961914062 1062.0758056640625
v 88.97388458251953 1004.6919555664062 1067.2947998046875
v 77.49990844726562 999.3536376953125 1072.5469970703125
v 77.50116729736328 1004.1751708984375 1067.3336181640625
v 111.92764282226562 1020.4012451171875 1051.3203125
v 134.86073303222656 1012.3181762695312 1061.8592529296875
v 111.92098999023438 1001.108642578125 1072.430419921875
v 111.92404174804688 1010.7718505859375 1061.947021484375
v 180.64425659179688 1026.0640869140625 1051.0665283203125
v 226.24411010742188 1012.0308227539062 1072.224853515625
v 180.64463806152344 987.1163330078125 1092.786376953125
v 180.64389038085938 1006.6339111328125 1072.235107421875
v 314.0021057128906 1046.52001953125 1051.15576171875
v 400.7746276855469 1024.202392578125 1092.8992919921875
v 314.0043029785156 1006.3540649414062 1092.9012451171875
v 43.15956497192383 999.9475708007812 1070.77685546875
v 43.15397644042969 999.9662475585938 1070.756591796875
v 43.159568786621094 999.9640502929688 1070.7591552734375
v 43.15397644042969 999.9615478515625 1070.76171875
v 43.15397644042969 999.9638671875 1070.7591552734375
v 43.159568786621094 999.9710693359375 1070.75146484375
v 43.159568786621094 999.9851684570312 1070.7362060546875
v 43.159576416015625 1000.0322265625 1070.6854248046875
v 43.204307556152344 1000.0144653320312 1070.7056884765625
v 43.15957260131836 1000.0133666992188 1070.705810546875
v 43.204322814941406 1000.1085205078125 1070.60400390625
v 43.29378890991211 1000.0730590820312 1070.64453125
v 43.20431900024414 1000.0709228515625 1070.6446533203125
v 43.17074966430664 999.9666137695312 1070.756591796875
v 43.18193435668945 999.9622192382812 1070.7615966796875
v 43.17074966430664 999.9572143554688 1070.7667236328125
v 43.17074966430664 999.9619140625 1070.7615966796875
v 43.20429992675781 999.9486083984375 1070.77685546875
v 43.18193054199219 999.938720703125 1070.7869873046875
v 43.18193435668945 999.9481201171875 1070.77685546875
v 43.29376983642578 999.9413452148438 1070.786865234375
v 43.24903106689453 999.9215087890625 1070.8072509765625
v 43.2490348815918 999.9403076171875 1070.786865234375
v 43.47270584106445 999.9268798828125 1070.8067626953125
v 43.38323211669922 999.8870849609375 1070.84765625
v 43.383235931396484 999.9247436523438 1070.8070068359375
v 43.15397644042969 999.970947265625 1070.75146484375
v 43.159568786621094 999.96875 1070.7540283203125
v 43.15397644042969 999.9685668945312 1070.7540283203125
v 43.170753479003906 999.97607421875 1070.7464599609375
v 43.18193435668945 999.9716186523438 1070.75146484375
v 43.170753479003906 999.9713134765625 1070.75146484375
v 43.18193817138672 999.9951171875 1070.72607421875
v 43.20430374145508 999.9862670898438 1070.7362060546875
v 43.18193817138672 999.9857177734375 1070.7362060546875
v 43.15397644042969 999.9674072265625 1070.75537109375
v 43.15397644042969 999.9697875976562 1070.7528076171875
v 43.15397644042969 999.9756469726562 1070.7464599609375
v 43.159568786621094 999.9734497070312 1070.7489013671875
v 43.159568786621094 999.98046875 1070.7413330078125
v 54.576812744140625 1027.835693359375 1040.2113037109375
v 66.03824615478516 1023.212158203125 1045.8424072265625
v 54.5752067565918 1022.8273315429688 1045.879638671875
v 54.58061981201172 1037.664794921875 1028.8944091796875
v 66.0422592163086 1033.173583984375 1034.50537109375
v 54.57861328125 1032.78564453125 1034.5458984375
v 66.05634307861328 1056.768310546875 1006.4549560546875
v 88.99560546875 1048.5570068359375 1017.5166625976562
v 66.05007934570312 1047.559326171875 1017.6241455078125
v 89.03179168701172 1093.6883544921875 960.2603759765625
v 134.89723205566406 1078.6651611328125 983.4530639648438
v 89.01902770996094 1075.7493896484375 983.728271484375
v 134.81777954101562 1173.0521240234375 840.1563720703125
v 226.32672119140625 1148.7674560546875 898.53564453125
v 134.87850952148438 1139.0045166015625 898.9762573242188
v 54.585304260253906 1047.1689453125 1017.6680297851562
v 66.0472183227539 1042.8502197265625 1023.2244873046875
v 54.58285140991211 1042.4603271484375 1023.267578125
v 48.85328674316406 1042.2921142578125 1023.2862548828125
v 54.58170700073242 1040.07373046875 1026.0772705078125
v 48.851253509521484 1037.496826171875 1028.91259765625
v 48.85224151611328 1039.9056396484375 1026.095703125
v 45.98909378051758 1042.214599609375 1023.2948608398438
v 48.85275650024414 1041.1016845703125 1024.68994140625
v 45.988101959228516 1039.828125 1026.104248046875
v 45.988590240478516 1041.024169921875 1024.6986083984375
v 48.85552215576172 1047.00048828125 1017.68701171875
v 54.58405303955078 1044.8248291015625 1020.465087890625
v 48.8543815612793 1044.656494140625 1020.48388671875
v 54.59068298339844 1056.3780517578125 1006.4999389648438
v 66.05313873291016 1052.1937255859375 1012.0390014648438
v 54.587928771972656 1051.8033447265625 1012.08349609375
v 66.0694351196289 1074.7578125 983.8484497070312
v 89.01122283935547 1066.79150390625 995.1204223632812
v 66.06294250488281 1065.795654296875 995.2339477539062
v 54.596370697021484 1065.406494140625 995.2803344726562
v 66.05963134765625 1061.29736328125 1000.8579711914062
v 54.59351348876953 1060.9075927734375 1000.903564453125
v 54.60197448730469 1074.37060546875 983.8975830078125
v 66.06623077392578 1070.277587890625 989.5687866210938
v 54.59920883178711 1069.8892822265625 989.6163330078125
v 66.08023071289062 1092.7113037109375 960.4098510742188
v 89.02606964111328 1084.740478515625 972.0721435546875
v 66.07534790039062 1083.7548828125 972.2047729492188
v 89.02020263671875 1136.514892578125 899.40869140625
v 134.90423583984375 1119.94482421875 927.5578002929688
v 89.03593444824219 1117.185302734375 927.9969482421875
v 54.60710525512695 1083.3702392578125 972.259033203125
v 66.0724868774414 1079.25048828125 978.0592651367188
v 54.60462188720703 1078.864501953125 978.1106567382812
v 48.873191833496094 1078.6978759765625 978.1328735351562
v 54.60331726074219 1076.615234375 981.0133666992188
v 48.87076187133789 1074.203369140625 983.9188842773438
v 48.87199401855469 1076.4482421875 981.0350952148438
v 46.00689697265625 1076.371337890625 981.0451049804688
v 48.87137985229492 1075.3253173828125 982.479248046875
v 46.0057258605957 1074.1263427734375 983.9287109375
v 46.00631332397461 1075.2484130859375 982.4891357421875
v 54.60060501098633 1072.1292724609375 986.7646484375
v 48.868228912353516 1069.7216796875 989.6369018554688
v 48.8695068359375 1071.9617919921875 986.7855834960938
v 46.00803756713867 1078.62109375 978.1431274414062
v 48.872596740722656 1077.572509765625 979.5862426757812
v 46.007469177246094 1077.49560546875 979.5963745117188
v 48.875465393066406 1083.2041015625 972.282470703125
v 54.60588836669922 1081.1171875 975.1913452148438
v 48.874351501464844 1080.9508056640625 975.2141723632812
v 54.61136245727539 1092.3302001953125 960.4708862304688
v 66.07794189453125 1088.2493896484375 966.3120727539062
v 54.60936737060547 1087.8663330078125 966.36962890625
v 66.08451080322266 1116.2630615234375 928.18701171875
v 89.03652954101562 1105.9212646484375 943.7278442382812
v 66.08448791503906 1104.96435546875 943.9017333984375
v 44.57503890991211 1077.4588623046875 979.6012573242188
v 46.00718307495117 1076.933349609375 980.3213500976562
v 44.57448196411133 1076.3345947265625 981.0499267578125
v 44.57476043701172 1076.8966064453125 980.326171875
v 43.85858154296875 1076.8785400390625 980.3285522460938
v 44.57461929321289 1076.615478515625 980.6881713867188
v 43.85830307006836 1076.3165283203125 981.05224609375
v 43.85844421386719 1076.5975341796875 980.6905517578125
v 46.00660705566406 1075.8096923828125 981.7677001953125
v 44.57391357421875 1075.2115478515625 982.493896484375
v 44.574195861816406 1075.77294921875 981.7724609375
v 43.5004997253418 1076.86962890625 980.3297119140625
v 43.85851287841797 1076.738037109375 980.5095825195312
v 43.500362396240234 1076.588623046875 980.6917114257812
v 43.500431060791016 1076.7291259765625 980.5107421875
v 43.858856201171875 1077.44091796875 979.6036376953125
v 44.57490158081055 1077.1776123046875 979.9638671875
v 43.85871887207031 1077.15966796875 979.9662475585938
v 44.575592041015625 1078.5843505859375 978.1480712890625
v 46.007755279541016 1078.0582275390625 978.8703002929688
v 44.5753173828125 1078.021484375 978.8751831054688
v 46.0091438293457 1080.8741455078125 975.2246704101562
v 48.873775482177734 1079.8240966796875 976.6753540039062
v 46.00859451293945 1079.747314453125 976.6857299804688
v 43.32146072387695 1076.865234375 980.3302612304688
v 43.500465393066406 1076.7994384765625 980.4202270507812
v 43.32139205932617 1076.7247314453125 980.5112915039062
v 43.32142639160156 1076.7950439453125 980.4207763671875
v 43.50063705444336 1077.1507568359375 979.9674072265625
v 43.85865020751953 1077.0191650390625 980.1473999023438
v 43.50056838989258 1077.01025390625 980.1485595703125
v 43.321529388427734 1077.005859375 980.149169921875
v 43.50053405761719 1076.93994140625 980.2391357421875
v 43.321495056152344 1076.935546875 980.23974609375
v 54.61514663696289 1104.5916748046875 943.9727172851562
v 66.08281707763672 1098.9259033203125 952.095947265625
v 54.61363983154297 1098.5484619140625 952.1621704101562
v 48.88148498535156 1098.385498046875 952.1907958984375
v 54.61259078979492 1095.4571533203125 956.306640625
v 48.8793830871582 1092.165771484375 960.497314453125
v 48.88051223754883 1095.2933349609375 956.334228515625
v 48.88288879394531 1104.430908203125 944.0034790039062
v 54.614498138427734 1101.595947265625 948.0474853515625
v 48.88228225708008 1101.4339599609375 948.0772094726562
v 54.615318298339844 1115.904541015625 928.2646484375
v 66.08509826660156 1110.7620849609375 935.9085693359375
v 54.61574172973633 1110.3956298828125 935.9835205078125
v 66.07302856445312 1135.691650390625 899.5978393554688
v 89.02989959716797 1127.301025390625 913.3132934570312
v 66.08021545410156 1126.4266357421875 913.5072631835938
v 88.98246002197266 1170.947509765625 840.493408203125
v 134.8440399169922 1155.6546630859375 872.0567626953125
v 88.99734497070312 1153.3980712890625 872.4352416992188
v 226.34445190429688 1218.3817138671875 751.81494140625
v 134.81451416015625 1209.2491455078125 752.027587890625
v 46.016719818115234 1101.359375 948.0908813476562
v 48.88190460205078 1099.9156494140625 950.129638671875
v 46.01595687866211 1098.3104248046875 952.2040405273438
v 46.016357421875 1099.8408203125 950.1431274414062
v 46.017303466796875 1104.3568115234375 944.0176391601562
v 48.88261032104492 1102.9393310546875 946.0347290039062
v 46.017032623291016 1102.864990234375 946.0486450195312
v 48.88346481323242 1110.2374267578125 936.0159912109375
v 54.61556625366211 1107.5277099609375 939.9480590820312
v 48.88328552246094 1107.3680419921875 939.9796752929688
v 46.0176887512207 1107.2945556640625 939.9943237304688
v 48.883113861083984 1105.907470703125 941.9847412109375
v 46.017520904541016 1105.8336181640625 941.9990844726562
v 46.01786422729492 1110.1646728515625 936.0309448242188
v 48.88340377807617 1108.811767578125 937.9896850585938
v 46.01780319213867 1108.738525390625 938.0044555664062
v 48.88311004638672 1115.749755859375 928.2982177734375
v 54.615657806396484 1113.188232421875 932.088623046875
v 48.88340377807617 1113.0316162109375 932.1217041015625
v 54.611812591552734 1126.087158203125 913.5864868164062
v 66.08281707763672 1121.4736328125 920.7322387695312
v 54.61395263671875 1121.1241455078125 920.8112182617188
v 46.01781463623047 1112.9595947265625 932.136962890625
v 48.88346481323242 1111.644287109375 934.0597534179688
v 46.01786804199219 1111.57177734375 934.0748901367188
v 48.8799934387207 1125.9407958984375 913.6207885742188
v 54.612972259521484 1123.6357421875 917.172607421875
v 48.88190460205078 1120.9735107421875 920.8453979492188
v 48.88102722167969 1123.4871826171875 917.2069091796875
v 54.60586166381836 1135.372802734375 899.6751708984375
v 66.07688903808594 1131.1549072265625 906.474853515625
v 54.60906219482422 1130.825927734375 906.553466796875
v 66.05611419677734 1152.6527099609375 872.6040649414062
v 89.00872039794922 1145.1014404296875 885.97900390625
v 66.06448364257812 1144.3228759765625 886.1586303710938
v 46.014617919921875 1125.8734130859375 913.6365966796875
v 48.88052749633789 1124.72119140625 915.4075927734375
v 46.01559066772461 1123.418701171875 917.2227172851562
v 46.01512145996094 1124.6533203125 915.4234008789062
v 48.877525329589844 1130.68408203125 906.5875244140625
v 54.610504150390625 1128.4825439453125 910.04833984375
v 48.87881851196289 1128.33837890625 910.08251953125
v 46.013511657714844 1128.2720947265625 910.0983276367188
v 48.87942123413086 1127.1463623046875 911.845947265625
v 46.01408004760742 1127.0794677734375 911.8617553710938
v 44.58153533935547 1127.0474853515625 911.8693237304688
v 46.01435089111328 1126.4781494140625 912.7477416992188
v 44.582054138183594 1125.8411865234375 913.6441650390625
v 44.5817985534668 1126.446044921875 912.7553100585938
v 43.865291595458984 1127.0318603515625 911.873046875
v 44.5816650390625 1126.7471923828125 912.3119506835938
v 43.86555099487305 1126.430419921875 912.759033203125
v 43.865421295166016 1126.7315673828125 912.315673828125
v 44.58098220825195 1128.2403564453125 910.1058349609375
v 46.013797760009766 1127.677490234375 910.9786376953125
v 44.581260681152344 1127.6456298828125 910.9862060546875
v 46.012290954589844 1130.6187744140625 906.6032104492188
v 48.8781852722168 1129.5174560546875 908.3298950195312
v 46.012916564941406 1129.45166015625 908.3456420898438
v 48.87465286254883 1135.2354736328125 899.7086791992188
v 54.60750961303711 1133.121337890625 903.0972900390625
v 48.87613296508789 1132.981689453125 903.131103515625
v 54.59877395629883 1144.0218505859375 886.232177734375
v 66.06883239746094 1140.06982421875 892.839111328125
v 54.602378845214844 1139.7603759765625 892.9146728515625
v 43.50730514526367 1126.7237548828125 912.3175048828125
v 43.86548614501953 1126.5810546875 912.5372314453125
v 43.5074348449707 1126.422607421875 912.7608642578125
v 43.50736999511719 1126.5733642578125 912.5390625
v 44.58192825317383 1126.14404296875 913.1994018554688
v 43.86580276489258 1125.825439453125 913.6478881835938
v 43.86567687988281 1126.1282958984375 913.2030639648438
v 46.01487350463867 1125.26513671875 914.5284423828125
v 44.582542419433594 1124.620849609375 915.4309692382812
v 44.58230209350586 1125.2327880859375 914.5360717773438
v 43.32831573486328 1126.5694580078125 912.5399780273438
v 43.50740432739258 1126.498046875 912.64990234375
v 43.32837677001953 1126.418701171875 912.76171875
v 43.328346252441406 1126.494140625 912.6508178710938
v 43.86561584472656 1126.2794189453125 912.98095703125
v 43.50756072998047 1126.12060546875 913.2048950195312
v 43.50749969482422 1126.271728515625 912.9827880859375
v 43.328250885009766 1126.719970703125 912.3184204101562
v 43.50733947753906 1126.6485595703125 912.4282836914062
v 43.32828140258789 1126.644775390625 912.42919921875
v 43.50717544555664 1127.024169921875 911.8748779296875
v 43.8653564453125 1126.8818359375 912.09423828125
v 43.507240295410156 1126.8740234375 912.0960693359375
v 43.86502456665039 1127.6300048828125 910.9899291992188
v 44.581398010253906 1127.346923828125 911.4274291992188
v 43.86515808105469 1127.3314208984375 911.43115234375
v 48.871524810791016 1139.627197265625 892.9473876953125
v 54.60414505004883 1137.58447265625 896.2825317382812
v 48.873111724853516 1137.44921875 896.315673828125
v 48.8682861328125 1143.8922119140625 886.2640380859375
v 54.600582122802734 1141.904541015625 889.5670776367188
v 48.86990737915039 1141.773193359375 889.599365234375
v 54.591861724853516 1152.36474609375 872.6732788085938
v 66.0601806640625 1148.4976806640625 879.4617309570312
v 54.59521484375 1148.2037353515625 879.5331420898438
v 66.04598236083984 1170.2528076171875 840.6458129882812
v 88.98796081542969 1161.8582763671875 857.6632080078125
v 66.04943084716797 1161.1390380859375 857.822265625
v 88.99864196777344 1207.2918701171875 752.3211059570312
v 134.81072998046875 1193.127197265625 796.7290649414062
v 88.98566436767578 1191.1380615234375 797.0587768554688
v 46.005104064941406 1141.7127685546875 889.6142578125
v 48.87071990966797 1140.7039794921875 891.2711791992188
v 46.006629943847656 1139.5657958984375 892.9625244140625
v 46.00586700439453 1140.64306640625 891.2861328125
v 44.57282638549805 1141.6839599609375 889.6213989257812
v 46.00548553466797 1141.1788330078125 890.4496459960938
v 44.57356643676758 1140.614013671875 891.2933349609375
v 44.57319641113281 1141.14990234375 890.4568481445312
v 46.00357437133789 1143.8326416015625 886.2787475585938
v 48.86909866333008 1142.835693359375 887.9310302734375
v 46.00434112548828 1142.7757568359375 887.94580078125
v 48.86509323120117 1148.0771484375 879.5640258789062
v 54.59697723388672 1146.1190185546875 882.8936157226562
v 48.866676330566406 1145.9910888671875 882.9249877929688
v 43.856719970703125 1141.6697998046875 889.6248779296875
v 44.57301330566406 1141.4171142578125 890.0390014648438
v 43.85708236694336 1141.1356201171875 890.4603271484375
v 43.856903076171875 1141.4029541015625 890.04248046875
v 44.572086334228516 1142.7469482421875 887.952880859375
v 46.004722595214844 1142.2451171875 888.7797241210938
v 44.57245635986328 1142.21630859375 888.7868041992188
v 43.49867248535156 1141.662841796875 889.6265869140625
v 43.8568115234375 1141.536376953125 889.8336181640625
v 43.49885177612305 1141.39599609375 890.044189453125
v 43.49876403808594 1141.5294189453125 889.8353271484375
v 43.856353759765625 1142.2021484375 888.790283203125
v 44.5726432800293 1141.9503173828125 889.2039794921875
v 43.856536865234375 1141.9361572265625 889.2074584960938
v 43.49848937988281 1141.92919921875 889.209228515625
v 43.85662841796875 1141.8031005859375 889.4161376953125
v 43.49858093261719 1141.7960205078125 889.4178466796875
v 46.002052307128906 1145.9322509765625 882.939453125
v 48.86747741699219 1144.9437255859375 884.5961303710938
v 46.002811431884766 1144.884521484375 884.6107177734375
v 44.57060241699219 1144.8560791015625 884.61767578125
v 46.00319290161133 1144.359130859375 885.4449462890625
v 44.57134246826172 1143.8040771484375 886.2857666015625
v 44.57097244262695 1144.3306884765625 885.4519653320312
v 43.85452651977539 1144.84228515625 884.62109375
v 44.57078552246094 1144.593505859375 885.034912109375
v 43.85489273071289 1144.3167724609375 885.4553833007812
v 43.85470962524414 1144.5797119140625 885.038330078125
v 44.56986618041992 1145.904052734375 882.9464111328125
v 46.00243377685547 1145.4088134765625 883.775634765625
v 44.57023620605469 1145.3804931640625 883.7825927734375
v 46.00056076049805 1148.01904296875 879.5783081054688
v 48.86587905883789 1147.0352783203125 881.2484130859375
v 46.001304626464844 1146.9766845703125 881.2627563476562
v 48.862091064453125 1152.240966796875 872.7033081054688
v 54.593502044677734 1150.2830810546875 876.1324462890625
v 48.863555908203125 1150.157958984375 876.1629028320312
v 54.58643341064453 1160.8614501953125 857.8875732421875
v 66.0524673461914 1156.846923828125 865.4395751953125
v 54.5888786315918 1156.5643310546875 865.5067749023438
v 43.854164123535156 1145.36669921875 883.7860107421875
v 44.57041931152344 1145.118408203125 884.2002563476562
v 43.854347229003906 1145.1046142578125 884.2036743164062
v 43.49631881713867 1145.0977783203125 884.205322265625
v 43.85443878173828 1144.9735107421875 884.4124145507812
v 43.496498107910156 1144.83544921875 884.622802734375
v 43.49640655517578 1144.9666748046875 884.4140625
v 43.49613952636719 1145.3599853515625 883.7876586914062
v 43.85425567626953 1145.2357177734375 883.994873046875
v 43.4962272644043 1145.2288818359375 883.9965209960938
v 43.85380554199219 1145.8902587890625 882.9497680664062
v 44.57004928588867 1145.6424560546875 883.3646240234375
v 43.85398483276367 1145.628662109375 883.3680419921875
v 44.56913757324219 1146.94873046875 881.2696533203125
v 46.001678466796875 1146.454833984375 882.1019287109375
v 44.56950378417969 1146.4267578125 882.1088256835938
v 44.56842041015625 1147.9912109375 879.5850830078125
v 46.00093078613281 1147.498046875 880.421630859375
v 44.56877899169922 1147.47021484375 880.428466796875
v 45.999114990234375 1150.1004638671875 876.1768798828125
v 48.86431884765625 1149.1177978515625 877.86962890625
v 45.99983215332031 1149.0599365234375 877.8837890625
v 44.567710876464844 1149.0322265625 877.8905639648438
v 46.00019454956055 1148.53955078125 878.732421875
v 44.56806564331055 1148.5118408203125 878.7391967773438
v 43.852027893066406 1148.498291015625 878.7425537109375
v 44.568241119384766 1148.2515869140625 879.1624755859375
v 43.852378845214844 1147.9775390625 879.5884399414062
v 43.852203369140625 1148.2379150390625 879.1658325195312
v 43.851680755615234 1149.018798828125 877.8938598632812
v 44.56788635253906 1148.7720947265625 878.3152465820312
v 43.85185623168945 1148.758544921875 878.3185424804688
v 44.5670166015625 1150.072998046875 876.1836547851562
v 45.99946975708008 1149.5802001953125 877.0320434570312
v 44.56736373901367 1149.5526123046875 877.0387573242188
v 45.99773025512695 1152.1839599609375 872.7171020507812
v 48.86281204223633 1151.19873046875 874.4415283203125
v 45.9984130859375 1151.1414794921875 874.4554443359375
v 48.85942840576172 1156.4427490234375 865.5358276367188
v 54.59031295776367 1154.4560546875 869.1375122070312
v 48.8607063293457 1154.3333740234375 869.1669921875
v 43.49384689331055 1148.7518310546875 878.3201904296875
v 43.85194396972656 1148.62841796875 878.5306396484375
v 43.4940185546875 1148.4915771484375 878.7442016601562
v 43.493934631347656 1148.6217041015625 878.5322875976562
v 43.3149299621582 1148.618408203125 878.5330810546875
v 43.49397659301758 1148.556640625 878.6382446289062
v 43.31501770019531 1148.48828125 878.7449951171875
v 43.314971923828125 1148.5533447265625 878.6390991210938
v 43.852115631103516 1148.3681640625 878.9542846679688
v 43.49419403076172 1148.2313232421875 879.16748046875
v 43.49410629272461 1148.3614501953125 878.9559326171875
v 43.314842224121094 1148.74853515625 878.321044921875
v 43.49388885498047 1148.686767578125 878.42626953125
v 43.31488800048828 1148.6834716796875 878.4270629882812
v 43.493675231933594 1149.0120849609375 877.8955078125
v 43.851768493652344 1148.888671875 878.1063232421875
v 43.49375915527344 1148.8819580078125 878.10791015625
v 43.85133743286133 1149.5391845703125 877.0420532226562
v 44.567535400390625 1149.29248046875 877.4650268554688
v 43.85150909423828 1149.2789306640625 877.4683837890625
v 44.565677642822266 1152.15673828125 872.7236938476562
v 45.998069763183594 1151.6624755859375 873.5885009765625
v 44.56633758544922 1151.1141357421875 874.4620971679688
v 44.56600570678711 1151.63525390625 873.5951538085938
v 45.996429443359375 1154.2769775390625 869.1806030273438
v 48.861385345458984 1153.2855224609375 870.9458618164062
v 45.9970703125 1153.2288818359375 870.9595947265625
v 43.84967803955078 1152.1434326171875 872.7269287109375
v 44.56584167480469 1151.8958740234375 873.1600341796875
v 43.85000228881836 1151.621826171875 873.598388671875
v 43.84983825683594 1151.882568359375 873.1632690429688
v 44.56503677368164 1153.2017822265625 870.9661254882812
v 45.997398376464844 1152.7060546875 871.8408813476562
v 44.56535339355469 1152.678955078125 871.8474731445312
v 43.4916877746582 1152.1368408203125 872.7285766601562
v 43.84975814819336 1152.0130615234375 872.9452514648438
v 43.49184799194336 1151.8759765625 873.1648559570312
v 43.49176788330078 1152.0064697265625 872.9468383789062
v 43.849361419677734 1152.6656494140625 871.8507080078125
v 44.565513610839844 1152.417724609375 872.2861938476562
v 43.849517822265625 1152.4044189453125 872.2894287109375
v 43.31269454956055 1152.1336669921875 872.7293701171875
v 43.49172592163086 1152.0716552734375 872.8377685546875
v 43.312774658203125 1152.003173828125 872.9476318359375
v 43.3127326965332 1152.068359375 872.8385620117188
v 43.49152755737305 1152.39794921875 872.291015625
v 43.8495979309082 1152.27392578125 872.5083618164062
v 43.491607666015625 1152.267333984375 872.5099487304688
v 43.31261444091797 1152.26416015625 872.5107421875
v 43.49164962768555 1152.2021484375 872.6192626953125
v 43.312652587890625 1152.1988525390625 872.6200561523438
v 45.9952278137207 1156.386962890625 865.5492553710938
v 48.86005401611328 1155.385498046875 867.3644409179688
v 45.99581527709961 1155.3294677734375 867.3779296875
v 48.85725784301758 1160.7421875 857.9158325195312
v 54.58757781982422 1158.6968994140625 861.7628784179688
v 48.858272552490234 1158.5765380859375 861.7915649414062
v 54.583797454833984 1169.9849853515625 840.7084350585938
v 66.04721069335938 1165.5882568359375 849.60595703125
v 54.584686279296875 1165.3154296875 849.6697387695312
v 66.05088806152344 1190.4945068359375 797.2066650390625
v 88.98199462890625 1181.206298828125 819.4889526367188
v 66.0467300415039 1180.5386962890625 819.6385498046875
v 44.563819885253906 1155.3026123046875 867.3843994140625
v 45.99612045288086 1154.8026123046875 868.2824096679688
v 44.564414978027344 1154.2501220703125 869.1871337890625
v 44.56411361694336 1154.7757568359375 868.2888793945312
v 43.84785079956055 1155.2894287109375 867.3875732421875
v 44.56396484375 1155.0390625 867.8374633789062
v 43.848140716552734 1154.7625732421875 868.2920532226562
v 43.84799575805664 1155.02587890625 867.8406372070312
v 44.56325149536133 1156.3602294921875 865.5556640625
v 45.99551773071289 1155.8575439453125 866.4669799804688
v 44.563533782958984 1155.8306884765625 866.4734497070312
v 45.994140625 1158.521240234375 861.8047485351562
v 48.85883331298828 1157.5062255859375 863.678955078125
v 45.99467086791992 1157.4505615234375 863.6923217773438
v 43.84756851196289 1155.817626953125 866.4766235351562
v 44.56367492675781 1155.5665283203125 866.9297485351562
v 43.84770965576172 1155.5533447265625 866.9329223632812
v 43.4897346496582 1155.546875 866.9344482421875
v 43.847782135009766 1155.42138671875 867.1604614257812
v 43.48987579345703 1155.282958984375 867.38916015625
v 43.489803314208984 1155.4149169921875 867.1619873046875
v 43.489593505859375 1155.8111572265625 866.4781494140625
v 43.84763717651367 1155.6854248046875 866.7049560546875
v 43.489662170410156 1155.6790771484375 866.70654296875
v 43.8472900390625 1156.34716796875 865.558837890625
v 44.56338882446289 1156.0953369140625 866.0154418945312
v 43.84743118286133 1156.082275390625 866.0185546875
v 44.56270980834961 1157.424072265625 863.6986694335938
v 45.99494552612305 1156.91796875 864.6244506835938
v 44.5629768371582 1156.891357421875 864.630859375
v 43.31067657470703 1155.67578125 866.707275390625
v 43.48970031738281 1155.6129150390625 866.820556640625
v 43.31074905395508 1155.543701171875 866.9352416992188
v 43.31071090698242 1155.6097412109375 866.8213500976562
v 48.8557243347168 1165.1982421875 849.6973266601562
v 54.5854606628418 1163.065185546875 853.8626098632812
v 48.85640335083008 1162.9468994140625 853.8905639648438
v 48.854984283447266 1169.8699951171875 840.7355346679688
v 54.58412551879883 1167.6197509765625 845.290771484375
v 48.855247497558594 1167.503662109375 845.3180541992188
v 54.58481979370117 1180.2818603515625 819.7000122070312
v 66.04584503173828 1175.35546875 830.4488525390625
v 54.583866119384766 1175.0931396484375 830.5107421875
v 45.9910888671875 1169.817138671875 840.748046875
v 48.85508728027344 1168.678955078125 843.052978515625
v 45.9913215637207 1167.4503173828125 845.3306884765625
v 45.99117660522461 1168.6258544921875 843.0654907226562
v 48.8551139831543 1174.98046875 830.5375366210938
v 54.58371353149414 1172.518798828125 835.7022705078125
v 48.85493850708008 1172.4049072265625 835.7291870117188
v 48.856056213378906 1180.1717529296875 819.7266235351562
v 54.5842399597168 1177.6876220703125 825.1659545898438
v 48.85549545288086 1177.5762939453125 825.192626953125
v 54.58877182006836 1190.2476806640625 797.2673950195312
v 66.04847717285156 1185.639404296875 808.47216796875
v 54.58650588989258 1185.3878173828125 808.5333251953125
v 66.06375122070312 1206.6707763671875 752.4529418945312
v 88.99178314208984 1199.77880859375 774.7415161132812
v 66.0570297241211 1199.1514892578125 774.8848266601562
v 89.00482177734375 1228.0931396484375 658.5433959960938
v 134.8163299560547 1221.7557373046875 705.6705322265625
v 89.00845336914062 1219.7744140625 705.8699951171875
v 45.99216842651367 1180.12109375 819.7388916015625
v 48.85575485229492 1178.875244140625 822.4727783203125
v 45.99161911010742 1177.525146484375 825.2049560546875
v 45.99187469482422 1178.824462890625 822.4850463867188
v 48.857669830322266 1185.280029296875 808.5597534179688
v 54.58557891845703 1182.85546875 814.1451416015625
v 48.856788635253906 1182.7464599609375 814.171630859375
v 44.560340881347656 1180.096923828125 819.7448120117188
v 45.99201583862305 1179.4732666015625 821.114990234375
v 44.56005096435547 1178.800048828125 822.490966796875
v 44.5601921081543 1179.448974609375 821.1209106445312
v 45.992881774902344 1182.6964111328125 814.1838989257812
v 48.85640335083008 1181.462890625 816.958251953125
v 45.99250793457031 1181.41259765625 816.9705200195312
v 43.84430694580078 1179.4371337890625 821.123779296875
v 44.56011962890625 1179.1246337890625 821.8067016601562
v 43.84416580200195 1178.7882080078125 822.4938354492188
v 43.844234466552734 1179.11279296875 821.8095703125
v 45.99174118041992 1178.1749267578125 823.8485107421875
v 44.55979919433594 1177.5006103515625 825.2108154296875
v 44.55991744995117 1178.1505126953125 823.8544311523438
v 48.855281829833984 1176.277099609375 827.8822021484375
v 45.991241455078125 1174.9288330078125 830.5498657226562
v 45.99140930175781 1176.2257080078125 827.89453125
v 43.48637008666992 1179.4312744140625 821.1251831054688
v 43.844268798828125 1179.2750244140625 821.4668579101562
v 43.486297607421875 1179.10693359375 821.8109741210938
v 43.486331939697266 1179.2691650390625 821.46826171875
v 43.84445571899414 1180.0850830078125 819.7476806640625
v 44.560264587402344 1179.7730712890625 820.43359375
v 43.84437942504883 1179.76123046875 820.4364624023438
v 44.560672760009766 1181.3885498046875 816.9763793945312
v 45.992332458496094 1180.7677001953125 818.3572387695312
v 44.56050109863281 1180.7435302734375 818.3630981445312
v 43.307403564453125 1179.4283447265625 821.1259155273438
v 43.486351013183594 1179.3502197265625 821.2968139648438
v 43.307369232177734 1179.2662353515625 821.468994140625
v 43.3073844909668 1179.3472900390625 821.2974853515625
v 43.48644256591797 1179.75537109375 820.4378662109375
v 43.84434127807617 1179.5992431640625 820.7802734375
v 43.48640441894531 1179.5933837890625 820.78173828125
v 43.307437896728516 1179.5904541015625 820.7824096679688
v 43.48638916015625 1179.5123291015625 820.9534912109375
v 43.30742263793945 1179.5093994140625 820.9542236328125
v 48.85980987548828 1190.141845703125 797.2936401367188
v 54.58757400512695 1187.8587646484375 802.896728515625
v 48.858680725097656 1187.751953125 802.923095703125
v 54.59442901611328 1198.9114990234375 774.9436645507812
v 66.05380249023438 1194.9901123046875 786.022705078125
v 54.591461181640625 1194.7471923828125 786.082763671875
v 45.99580001831055 1190.09326171875 797.3057861328125
v 48.85923385620117 1188.9583740234375 800.1055297851562
v 45.994712829589844 1187.702880859375 802.9352416992188
v 45.995243072509766 1188.9095458984375 800.1176147460938
v 48.862335205078125 1194.64306640625 786.1087036132812
v 54.59007263183594 1192.54248046875 791.6647338867188
v 48.86103439331055 1192.4375 791.69091796875
v 45.996978759765625 1192.3892822265625 791.7029418945312
v 48.860408782958984 1191.30126953125 794.4891357421875
v 45.99637985229492 1191.2529296875 794.501220703125
v 66.07331848144531 1219.1514892578125 705.9600219726562
v 89.00463104248047 1213.98291015625 729.3411865234375
v 66.06964874267578 1213.3594970703125 729.4529418945312
v 54.60921096801758 1218.9140625 705.9970703125
v 66.07184600830078 1216.377685546875 717.7548828125
v 54.60593032836914 1213.1217041015625 729.4989013671875
v 54.607913970947266 1216.1395263671875 717.7962036132812
v 66.06843566894531 1227.4990234375 658.5996704101562
v 89.00891876220703 1224.5089111328125 682.147705078125
v 66.07337951660156 1223.8988037109375 682.220703125
v 88.96511840820312 1229.4248046875 564.1241455078125
v 134.79737854003906 1233.2686767578125 610.604248046875
v 88.98422241210938 1231.35595703125 610.6302490234375
v 48.878875732421875 1218.812255859375 706.0131225585938
v 54.60866165161133 1217.5584716796875 711.9070434570312
v 48.877685546875 1216.037353515625 717.8140869140625
v 48.87837219238281 1217.456298828125 711.9239501953125
v 54.60906219482422 1223.666748046875 682.2506713867188
v 66.07388305664062 1221.6627197265625 694.0999145507812
v 54.609649658203125 1221.427490234375 694.1332397460938
v 46.014095306396484 1218.7655029296875 706.0205078125
v 48.87864685058594 1218.142333984375 708.9708862304688
v 46.01361846923828 1217.409423828125 711.9317626953125
v 46.013877868652344 1218.095458984375 708.978515625
v 48.879249572753906 1221.32666015625 694.147705078125
v 54.60954666137695 1220.204345703125 700.070556640625
v 48.879173278808594 1220.1029052734375 700.0857543945312
v 44.58179473876953 1218.7431640625 706.0240478515625
v 46.01399230957031 1218.4324951171875 707.5000610351562
v 44.58158493041992 1218.0731201171875 708.9821166992188
v 44.581695556640625 1218.41015625 707.503662109375
v 46.014373779296875 1220.0562744140625 700.0927734375
v 48.879051208496094 1219.4658203125 703.0511474609375
v 46.014259338378906 1219.4190673828125 703.058349609375
v 43.865570068359375 1218.399169921875 707.50537109375
v 44.581642150878906 1218.2421875 708.2430419921875
v 43.86545944213867 1218.0621337890625 708.98388671875
v 43.865516662597656 1218.231201171875 708.2448120117188
v 46.01375198364258 1217.7545166015625 710.4557495117188
v 44.581329345703125 1217.3870849609375 711.9354858398438
v 44.58146286010742 1217.7320556640625 710.4594116210938
v 48.8780517578125 1216.754638671875 714.871826171875
v 46.012962341308594 1215.990478515625 717.8223266601562
v 46.01331329345703 1216.7076416015625 714.8798217773438
v 54.606998443603516 1214.6597900390625 723.6613159179688
v 48.87584686279297 1213.0196533203125 729.5187377929688
v 48.87683868408203 1214.5576171875 723.68017578125
v 66.06688690185547 1210.1171875 741.0277709960938
v 54.600563049316406 1206.4337158203125 752.5071411132812
v 54.603424072265625 1209.8798828125 741.0781860351562
v 43.507511138916016 1218.393798828125 707.5062866210938
v 43.865543365478516 1218.3153076171875 707.8751220703125
v 43.5074577331543 1218.225830078125 708.2456665039062
v 43.507484436035156 1218.3099365234375 707.8759765625
v 43.865665435791016 1218.732177734375 706.0257568359375
v 44.58174514770508 1218.5771484375 706.7639770507812
v 43.86561965942383 1218.566162109375 706.7656860351562
v 44.58195495605469 1219.3968505859375 703.061767578125
v 46.014183044433594 1219.0943603515625 704.5398559570312
v 44.581878662109375 1219.072021484375 704.5433959960938
v 43.50756072998047 1218.560791015625 706.7666015625
v 43.86559295654297 1218.4827880859375 707.1355590820312
v 43.507537841796875 1218.4774169921875 707.136474609375
v 43.32851028442383 1218.4747314453125 707.1369018554688
v 43.50752258300781 1218.4356689453125 707.3213500976562
v 43.32848358154297 1218.39111328125 707.5067138671875
v 43.328495025634766 1218.4329833984375 707.32177734375
v 43.23899459838867 1218.473388671875 707.1370849609375
v 43.3285026550293 1218.453857421875 707.2293701171875
v 43.238983154296875 1218.431640625 707.322021484375
v 43.238990783691406 1218.4525146484375 707.2295532226562
v 43.32853317260742 1218.55810546875 706.7670288085938
v 43.50754928588867 1218.5191650390625 706.9515380859375
v 43.328521728515625 1218.5164794921875 706.9519653320312
v 43.507606506347656 1218.726806640625 706.026611328125
v 43.86564254760742 1218.6492919921875 706.395751953125
v 43.50758361816406 1218.6439208984375 706.3966064453125
v 43.86574935913086 1219.0611572265625 704.5451049804688
v 44.58184051513672 1218.9080810546875 705.2838134765625
v 43.8657112121582 1218.897216796875 705.2855224609375
v 43.19423294067383 1218.451904296875 707.2296752929688
v 43.23898696899414 1218.442138671875 707.2757568359375
v 43.1942253112793 1218.4310302734375 707.3221435546875
v 43.19422912597656 1218.44140625 707.27587890625
v 43.3284912109375 1218.412109375 707.4142456054688
v 43.23897171020508 1218.3897705078125 707.5068969726562
v 43.238975524902344 1218.4107666015625 707.4144897460938
v 43.50749969482422 1218.3519287109375 707.691162109375
v 43.32845687866211 1218.3072509765625 707.8764038085938
v 43.32847213745117 1218.3492431640625 707.6915893554688
v 54.60414505004883 1227.273681640625 658.622802734375
v 66.07161712646484 1225.8480224609375 670.37109375
v 54.60728073120117 1225.6195068359375 670.3978271484375
v 66.04468536376953 1230.7548828125 610.6416625976562
v 88.99578094482422 1230.442138671875 634.9135131835938
v 66.05801391601562 1229.855224609375 634.9487915039062
v 48.873897552490234 1227.177001953125 658.6328125
v 54.605892181396484 1226.484619140625 664.4976806640625
v 48.87691879272461 1225.521484375 670.409423828125
v 48.875579833984375 1226.387451171875 664.5084838867188
v 54.59397506713867 1229.6326904296875 634.9632568359375
v 66.06378173828125 1228.8477783203125 646.7933959960938
v 54.59959030151367 1228.6246337890625 646.8124389648438
v 46.00920867919922 1227.1326904296875 658.637451171875
v 48.87478256225586 1226.7918701171875 661.5672607421875
v 46.01084518432617 1226.3427734375 664.5134887695312
v 46.010066986083984 1226.7474365234375 661.5720825195312
v 48.86953353881836 1228.529052734375 646.8206787109375
v 54.60202407836914 1227.990478515625 652.7144775390625
v 48.871864318847656 1227.89453125 652.7236328125
v 44.57780838012695 1226.72607421875 661.5743408203125
v 46.010467529296875 1226.5474853515625 663.0419311523438
v 44.57857131958008 1226.3214111328125 664.515869140625
v 44.57820129394531 1226.526123046875 663.0442504882812
v 48.87629318237305 1225.9638671875 667.4561157226562
v 46.012149810791016 1225.4765625 670.4147338867188
v 46.01153564453125 1225.9190673828125 667.4613037109375
v 54.608333587646484 1224.6796875 676.3175048828125
v 48.8786506652832 1223.567138671875 682.263671875
v 48.87793731689453 1224.5809326171875 676.3297729492188
v 44.576961517333984 1227.111572265625 658.6396484375
v 46.009647369384766 1226.9425048828125 660.1039428710938
v 44.577396392822266 1226.9212646484375 660.106201171875
v 46.00722885131836 1227.8504638671875 652.7278442382812
v 48.872920989990234 1227.5458984375 655.6764526367188
v 46.00825881958008 1227.501708984375 655.680908203125
v 48.86415481567383 1229.537353515625 634.9695434570312
v 54.596893310546875 1229.1729736328125 640.900634765625
v 48.86695098876953 1229.07763671875 640.907958984375
v 54.58101272583008 1230.526611328125 610.6463623046875
v 66.05152130126953 1230.4981689453125 622.9382934570312
v 54.5876579284668 1230.274169921875 622.9479370117188
v 66.02172088623047 1228.73681640625 564.0955200195312
v 88.9730453491211 1230.863525390625 585.9957275390625
v 66.03156280517578 1230.2239990234375 585.9838256835938
v 88.96273803710938 1224.6741943359375 530.8656005859375
v 48.85811233520508 1230.17822265625 622.9521484375
v 54.59088134765625 1230.000732421875 628.9843139648438
v 48.8611946105957 1229.9052734375 628.9895629882812
v 48.85175323486328 1230.428955078125 610.6483764648438
v 54.584354400634766 1230.4500732421875 616.8381958007812
v 48.854949951171875 1230.3533935546875 616.84130859375
v 54.568199157714844 1229.9798583984375 585.9788208007812
v 66.03791046142578 1230.64208984375 598.182861328125
v 54.57440185546875 1230.4068603515625 598.1825561523438
v 45.99081039428711 1230.30908203125 616.8427124023438
v 48.856536865234375 1230.2783203125 619.9069213867188
v 45.99388122558594 1230.13427734375 622.9541015625
v 45.99235153198242 1230.234130859375 619.9085693359375
v 44.55887222290039 1230.2879638671875 616.8434448242188
v 45.99158477783203 1230.2747802734375 618.3782958984375
v 44.560386657714844 1230.2130126953125 619.9093627929688
v 44.55963134765625 1230.253662109375 618.3790893554688
v 45.987709045410156 1230.3841552734375 610.6492919921875
v 48.853355407714844 1230.4034423828125 613.75390625
v 45.989261627197266 1230.35888671875 613.7550659179688
v 48.845428466796875 1230.30615234375 598.1824340820312
v 54.57767868041992 1230.5093994140625 604.4094848632812
v 48.84856414794922 1230.4102783203125 604.410400390625
v 44.557350158691406 1230.337646484375 613.755615234375
v 45.99003601074219 1230.337158203125 615.3015747070312
v 44.55811309814453 1230.31591796875 615.3021850585938
v 43.84218215942383 1230.3055419921875 615.302490234375
v 44.558494567871094 1230.302734375 616.0735473632812
v 43.84293746948242 1230.277587890625 616.84375
v 43.842559814453125 1230.2923583984375 616.0738525390625
v 43.48422622680664 1230.3004150390625 615.3026733398438
v 43.842369079589844 1230.2991943359375 615.6883544921875
v 43.48460006713867 1230.2872314453125 616.073974609375
v 43.484413146972656 1230.2940673828125 615.6885375976562
v 43.841426849365234 1230.3272705078125 613.7559204101562
v 44.55773162841797 1230.3275146484375 614.529541015625
v 43.84180450439453 1230.3172607421875 614.5298461914062
v 44.555824279785156 1230.3626708984375 610.6497192382812
v 45.98848342895508 1230.37451171875 612.2040405273438
v 44.55658721923828 1230.3531494140625 612.2045288085938
v 45.984615325927734 1230.3648681640625 604.4108276367188
v 48.850154876708984 1230.4307861328125 607.5315551757812
v 45.98615646362305 1230.3857421875 607.5322265625
v 43.483848571777344 1230.3121337890625 614.5299682617188
v 43.84199142456055 1230.3116455078125 614.9163208007812
v 43.48403549194336 1230.3065185546875 614.91650390625
v 48.83948516845703 1229.8753662109375 585.9766845703125
v 54.57122802734375 1230.2274169921875 592.0206909179688
v 48.84238815307617 1230.125 592.01953125
v 54.5584602355957 1228.4730224609375 564.0836791992188
v 66.02604675292969 1229.5675048828125 574.484375
v 54.562767028808594 1229.3134765625 574.4754638671875
v 66.01579284667969 1223.8914794921875 530.8253173828125
v 88.96194458007812 1227.361572265625 546.4219970703125
v 66.01673889160156 1226.6259765625 546.385498046875
v 45.978614807128906 1230.0780029296875 592.0189819335938
v 48.84389114379883 1230.2247314453125 595.0894165039062
v 45.9815673828125 1230.260009765625 598.182373046875
v 45.980079650878906 1230.1781005859375 595.089111328125
v 44.54688262939453 1230.0555419921875 592.0187377929688
v 45.97934341430664 1230.1302490234375 593.5507202148438
v 44.54832077026367 1230.1558837890625 595.0889282226562
v 44.5475959777832 1230.10791015625 593.5504760742188
v 45.97579574584961 1229.8275146484375 585.9757080078125
v 48.84091567993164 1230.0081787109375 588.9796752929688
v 45.97718811035156 1229.9608154296875 588.9788818359375
v 48.83427047729492 1229.204833984375 574.4716186523438
v 54.565364837646484 1229.67236328125 580.1121215820312
v 48.83676528930664 1229.5657958984375 580.1090698242188
v 43.83176040649414 1230.0970458984375 593.5504150390625
v 44.54795837402344 1230.1324462890625 594.3189697265625
v 43.83247756958008 1230.14501953125 595.0888671875
v 43.83211898803711 1230.12158203125 594.31884765625
v 45.98081970214844 1230.221435546875 596.6332397460938
v 44.54978561401367 1230.2379150390625 598.1823120117188
v 44.549049377441406 1230.19921875 596.6331787109375
v 48.846988677978516 1230.368408203125 601.2916870117188
v 45.98308181762695 1230.3226318359375 601.2918701171875
v 43.473854064941406 1230.0916748046875 593.5503540039062
v 43.831939697265625 1230.1094970703125 593.9344482421875
v 43.47420883178711 1230.1162109375 594.31884765625
v 43.474029541015625 1230.1041259765625 593.9343872070312
v 43.8310546875 1230.044677734375 592.0185546875
v 44.547237396240234 1230.082275390625 592.7837524414062
v 43.83140563964844 1230.0714111328125 592.7836303710938
v 44.54547882080078 1229.9381103515625 588.978515625
v 45.97789764404297 1230.021484375 590.4947509765625
v 44.54617691040039 1229.9989013671875 590.4944458007812
v 43.4734992980957 1230.06591796875 592.7835693359375
v 43.83158493041992 1230.0843505859375 593.1668090820312
v 43.47367477416992 1230.0789794921875 593.166748046875
v 43.29472351074219 1230.0762939453125 593.1666870117188
v 43.47376251220703 1230.0853271484375 593.3585205078125
v 43.294898986816406 1230.0889892578125 593.5503540039062
v 43.2948112487793 1230.0826416015625 593.3584594726562
v 43.20524978637695 1230.074951171875 593.1666870117188
v 43.294769287109375 1230.0794677734375 593.2625732421875
v 43.20533752441406 1230.081298828125 593.3584594726562
v 43.205291748046875 1230.078125 593.2625732421875
v 43.29454803466797 1230.063232421875 592.7835083007812
v 43.47358703613281 1230.072509765625 592.97509765625
v 43.29463577270508 1230.06982421875 592.9750366210938
v 43.473148345947266 1230.0391845703125 592.0184936523438
v 43.83123016357422 1230.05810546875 592.40087890625
v 43.473323822021484 1230.052734375 592.4008178710938
v 43.830352783203125 1229.9879150390625 590.4942626953125
v 44.54652786254883 1230.02783203125 591.2555541992188
v 43.8306999206543 1230.016845703125 591.2554321289062
v 43.20515823364258 1230.0684814453125 592.9750366210938
v 43.294677734375 1230.072998046875 593.0708618164062
v 43.205204010009766 1230.0716552734375 593.0708618164062
v 45.9731559753418 1229.5169677734375 580.107666015625
v 48.83810043334961 1229.7275390625 583.0175170898438
v 45.974449157714844 1229.67919921875 583.016357421875
v 45.97072982788086 1229.155029296875 574.4698486328125
v 48.835487365722656 1229.3912353515625 577.2581176757812
v 45.9719123840332 1229.3419189453125 577.2565307617188
v 48.830116271972656 1228.3599853515625 564.0785522460938
v 54.56045913696289 1228.911865234375 569.1238403320312
v 48.83204650878906 1228.801025390625 569.1192626953125
v 54.55330276489258 1226.3426513671875 546.3704223632812
v 66.01866149902344 1227.7574462890625 554.8248901367188
v 54.55534362792969 1227.4837646484375 554.8110961914062
v 45.96856689453125 1228.750244140625 569.1171875
v 48.83312225341797 1229.0078125 571.7564697265625
v 45.96961212158203 1228.95751953125 571.7545166015625
v 44.5369987487793 1228.7259521484375 569.1162109375
v 45.96908187866211 1228.85498046875 570.42578125
v 44.538028717041016 1228.9334716796875 571.7536010742188
v 44.53750228881836 1228.830810546875 570.4248046875
v 45.9666862487793 1228.3082275390625 564.076171875
v 48.8310432434082 1228.5850830078125 566.5614013671875
v 45.96759033203125 1228.5338134765625 566.5592041015625
v 48.82709503173828 1227.3665771484375 554.8051147460938
v 54.556758880615234 1227.9970703125 559.3250122070312
v 48.82847213745117 1227.882080078125 559.3194580078125
v 45.96373748779297 1227.3128662109375 554.8023681640625
v 48.82775115966797 1227.6290283203125 557.0339965820312
v 45.965084075927734 1227.829345703125 559.3168334960938
v 45.964378356933594 1227.5758056640625 557.0313110351562
v 48.8250846862793 1226.2213134765625 546.3638916015625
v 54.55419921875 1226.932373046875 550.5051879882812
v 48.82596969604492 1226.813232421875 550.4989013671875
v 54.55192565917969 1223.5892333984375 530.8086547851562
v 66.01583099365234 1225.3385009765625 538.4835815429688
v 54.55220413208008 1225.0457763671875 538.4676513671875
v 88.96652221679688 1221.332763671875 515.2075805664062
v 66.01780700683594 1220.5028076171875 515.1622924804688
v 44.53287124633789 1227.5504150390625 557.030029296875
v 45.9647216796875 1227.7037353515625 558.1666870117188
v 44.533565521240234 1227.8040771484375 559.3156127929688
v 44.53321075439453 1227.678466796875 558.1654663085938
v 48.82925796508789 1228.125732421875 561.6660766601562
v 45.965850830078125 1228.073486328125 561.6636352539062
v 43.81749725341797 1227.666015625 558.1648559570312
v 44.53338623046875 1227.7415771484375 558.7386474609375
v 43.81785202026367 1227.7918701171875 559.3150024414062
v 43.81767272949219 1227.729248046875 558.738037109375
v 45.965457916259766 1227.9525146484375 560.4822998046875
v 44.534324645996094 1228.0484619140625 561.6624145507812
v 44.533935546875 1227.927490234375 560.4810791015625
v 43.4598274230957 1227.72314453125 558.7377319335938
v 43.8177604675293 1227.7606201171875 559.0260620117188
v 43.46000289916992 1227.7857666015625 559.314697265625
v 43.45991516113281 1227.7545166015625 559.0257568359375
v 44.533748626708984 1227.8660888671875 559.8964233398438
v 43.81821823120117 1227.9151611328125 560.48046875
v 43.818031311035156 1227.853759765625 559.8958129882812
v 43.280906677246094 1227.7200927734375 558.7376098632812
v 43.459869384765625 1227.7388916015625 558.8816528320312
v 43.2809944152832 1227.75146484375 559.025634765625
v 43.280948638916016 1227.73583984375 558.8814697265625
v 43.459651947021484 1227.659912109375 558.16455078125
v 43.81758499145508 1227.69775390625 558.4509887695312
v 43.459739685058594 1227.691650390625 558.45068359375
v 43.817161560058594 1227.5379638671875 557.0294189453125
v 44.53303909301758 1227.61474609375 557.595947265625
v 43.81732940673828 1227.602294921875 557.5953369140625
v 44.53224182128906 1227.2872314453125 554.801025390625
v 45.96405029296875 1227.445556640625 555.9100341796875
v 44.53254699707031 1227.4200439453125 555.9087524414062
v 45.96263885498047 1226.758544921875 550.4959716796875
v 48.82650375366211 1227.0947265625 552.6282958984375
v 45.963157653808594 1227.04052734375 552.62548828125
v 43.280818939208984 1227.6885986328125 558.4505004882812
v 43.459781646728516 1227.7073974609375 558.5941162109375
v 43.280860900878906 1227.704345703125 558.5939331054688
v 45.961769104003906 1226.165771484375 546.3609008789062
v 48.82550048828125 1226.5220947265625 548.4122924804688
v 45.96217346191406 1226.467041015625 548.4093017578125
v 48.823970794677734 1224.92041015625 538.4607543945312
v 54.552642822265625 1225.7138671875 542.3701782226562
v 48.824424743652344 1225.590576171875 542.3634643554688
v 44.53029251098633 1226.13916015625 546.3594360351562
v 45.96196365356445 1226.317626953125 547.380615234375
v 44.530696868896484 1226.440673828125 548.4078979492188
v 44.530487060546875 1226.2911376953125 547.3792114257812
v 45.96111297607422 1225.5340576171875 542.3603515625
v 48.824729919433594 1225.910888671875 544.3491821289062
v 45.9614143371582 1225.854736328125 544.3461303710938
v 43.814796447753906 1226.2781982421875 547.3784790039062
v 44.53059005737305 1226.3662109375 547.8923950195312
v 43.81500244140625 1226.427734375 548.4072265625
v 43.81489562988281 1226.353271484375 547.8917236328125
v 45.962398529052734 1226.614013671875 549.4475708007812
v 44.53115463256836 1226.732421875 550.4945678710938
v 44.53091812133789 1226.5877685546875 549.4461669921875
v 43.45695877075195 1226.2718505859375 547.378173828125
v 43.81484603881836 1226.3157958984375 547.6348266601562
v 43.457061767578125 1226.346923828125 547.891357421875
v 43.457008361816406 1226.3094482421875 547.6344604492188
v 43.81460189819336 1226.126220703125 546.3587646484375
v 44.53038787841797 1226.2154541015625 546.8682250976562
v 43.814697265625 1226.2025146484375 546.8675537109375
v 44.52994155883789 1225.8280029296875 544.3446655273438
v 45.961585998535156 1226.011474609375 545.349609375
v 44.530113220214844 1225.98486328125 545.34814453125
v 43.27804183959961 1226.2686767578125 547.3779907226562
v 43.45698547363281 1226.2906494140625 547.5062255859375
v 43.27809524536133 1226.3062744140625 547.63427734375
v 43.27806854248047 1226.2874755859375 547.5060424804688
v 43.45685958862305 1226.1961669921875 546.8671875
v 43.81474685668945 1226.240478515625 547.1227416992188
v 43.4569091796875 1226.2340087890625 547.1223754882812
v 43.27799606323242 1226.2308349609375 547.1222534179688
v 43.45693588256836 1226.2529296875 547.2501831054688
v 43.278018951416016 1226.249755859375 547.2500610351562
v 45.96065902709961 1224.8629150390625 538.4575805664062
v 48.82417297363281 1225.260498046875 540.4021606445312
v 45.96086120605469 1225.203369140625 540.3990478515625
v 48.8236198425293 1223.459716796875 530.8014526367188
v 54.551971435546875 1224.3377685546875 534.6260375976562
v 48.823707580566406 1224.2103271484375 534.6190185546875
v 54.55329513549805 1220.1815185546875 515.1436157226562
v 66.01649475097656 1222.2808837890625 523.1173095703125
v 54.552330017089844 1221.96923828125 523.0997924804688
v 45.96038818359375 1224.15185546875 534.61572265625
v 48.823814392089844 1224.5703125 536.5345458984375
v 45.96049880981445 1224.5123291015625 536.5313110351562
v 44.5289192199707 1224.1239013671875 534.6141967773438
v 45.9604377746582 1224.3333740234375 535.572509765625
v 44.52903366088867 1224.484619140625 536.52978515625
v 44.528968811035156 1224.3055419921875 535.5709228515625
v 45.960289001464844 1223.400390625 530.798095703125
v 48.82364273071289 1223.840087890625 532.70947265625
v 45.96031951904297 1223.7811279296875 532.7061767578125
v 48.82392120361328 1221.8355712890625 523.0921630859375
v 54.55204772949219 1222.7999267578125 526.9786987304688
v 48.823699951171875 1222.6683349609375 526.9713134765625
v 43.81328201293945 1224.2919921875 535.5701904296875
v 44.52899932861328 1224.3953857421875 536.050048828125
v 43.8133430480957 1224.47119140625 536.529052734375
v 43.81331253051758 1224.3818359375 536.04931640625
v 45.960575103759766 1224.6888427734375 537.4928588867188
v 44.52919006347656 1224.83544921875 538.4560546875
v 44.52910614013672 1224.6612548828125 537.4912719726562
v 43.455448150634766 1224.2852783203125 535.56982421875
v 43.813297271728516 1224.3370361328125 535.8096923828125
v 43.45547866821289 1224.3751220703125 536.0489501953125
v 43.45546340942383 1224.330322265625 535.809326171875
v 43.813228607177734 1224.1102294921875 534.6134033203125
v 44.5289421081543 1224.2149658203125 535.0923461914062
v 43.813255310058594 1224.201416015625 535.0916137695312
v 44.528846740722656 1223.7530517578125 532.7046508789062
v 45.96034622192383 1223.9677734375 533.6605224609375
v 44.52887725830078 1223.939697265625 533.658935546875
v 43.27655029296875 1224.326904296875 535.8091430664062
v 43.45547103881836 1224.352783203125 535.9291381835938
v 43.27656555175781 1224.371826171875 536.0487670898438
v 43.27655792236328 1224.349365234375 535.928955078125
v 43.81332778930664 1224.426513671875 536.2891235351562
v 43.45551300048828 1224.4644775390625 536.5286865234375
v 43.45549392700195 1224.419921875 536.2887573242188
v 44.52906799316406 1224.5732421875 537.0101928710938
v 43.813419342041016 1224.6478271484375 537.4905395507812
v 43.81338119506836 1224.559814453125 537.0093994140625
v 43.27653503417969 1224.2818603515625 535.5696411132812
v 43.4554557800293 1224.3077392578125 535.6895751953125
v 43.27654266357422 1224.304443359375 535.6893310546875
v 43.455421447753906 1224.1947021484375 535.0911865234375
v 43.81326675415039 1224.2467041015625 535.330810546875
v 43.45543670654297 1224.239990234375 535.3304443359375
v 44.52881622314453 1223.3719482421875 530.7965087890625
v 45.96030044555664 1223.592041015625 531.7522583007812
v 44.52882766723633 1223.563720703125 531.7506713867188
v 45.96034622192383 1222.6080322265625 526.9678955078125
v 48.823638916015625 1223.0692138671875 528.8902587890625
v 45.96030044555664 1223.00927734375 528.8869018554688
v 43.81312561035156 1223.358154296875 530.7957763671875
v 44.5288200378418 1223.4681396484375 531.273681640625
v 43.81313705444336 1223.5499267578125 531.7499389648438
v 43.81312942504883 1223.454345703125 531.2728881835938
v 44.5288200378418 1222.980712890625 528.88525390625
v 45.960289001464844 1223.2061767578125 529.8432006835938
v 44.528812408447266 1223.1776123046875 529.8416137695312
v 43.8131217956543 1223.1636962890625 529.8408203125
v 44.528812408447266 1223.275146484375 530.3192138671875
v 43.8131217956543 1223.26123046875 530.3184204101562
v 43.45528793334961 1223.25439453125 530.3180541992188
v 43.8131217956543 1223.309814453125 530.55712890625
v 43.45528793334961 1223.351318359375 530.7953491210938
v 43.45528793334961 1223.3028564453125 530.5567016601562
v 43.276371002197266 1223.2509765625 530.3178100585938
v 43.45528793334961 1223.2786865234375 530.4373779296875
v 43.27637481689453 1223.2994384765625 530.5565185546875
v 43.27637481689453 1223.2752685546875 530.4371948242188
v 43.45528793334961 1223.1568603515625 529.8403930664062
v 43.8131217956543 1223.2125244140625 530.0796508789062
v 43.45528793334961 1223.2056884765625 530.0792846679688
v 43.81312942504883 1222.966796875 528.8844604492188
v 44.52881622314453 1223.0794677734375 529.3636474609375
v 43.8131217956543 1223.0655517578125 529.3628540039062
v 44.52886199951172 1222.5792236328125 526.96630859375
v 45.96031951904297 1222.8099365234375 527.9286499023438
v 44.528839111328125 1222.78125 527.9270629882812
v 45.96054458618164 1221.7742919921875 523.0886840820312
v 48.82379150390625 1222.2572021484375 525.0400390625
v 45.96043014526367 1222.1964111328125 525.03662109375
v 48.824745178222656 1220.0438232421875 515.135498046875
v 54.55274963378906 1221.0965576171875 519.1528930664062
v 48.824275970458984 1220.9609375 519.14501953125
v 66.01958465576172 1218.552734375 506.98834228515625
v 54.554691314697266 1218.2220458984375 506.9681701660156
v 43.276371002197266 1223.2022705078125 530.0790405273438
v 43.45528793334961 1223.2301025390625 530.1986694335938
v 43.276371002197266 1223.2266845703125 530.198486328125
v 43.276371002197266 1223.1534423828125 529.8402099609375
v 43.45528793334961 1223.1812744140625 529.9598388671875
v 43.276371002197266 1223.1778564453125 529.9596557617188
v 43.45528793334961 1223.0587158203125 529.3624877929688
v 43.8131217956543 1223.11474609375 529.6018676757812
v 43.45528793334961 1223.1077880859375 529.6015014648438
v 44.5289421081543 1222.167236328125 525.034912109375
v 45.960384368896484 1222.4034423828125 526.0040893554688
v 44.52889633178711 1222.37451171875 526.00244140625
v 44.529048919677734 1221.7449951171875 523.0870361328125
v 45.96048355102539 1221.986572265625 524.0648803710938
v 44.52899169921875 1221.9573974609375 524.063232421875
v 45.96086883544922 1220.898681640625 519.1414184570312
v 48.82408142089844 1221.403564453125 521.1268920898438
v 45.960693359375 1221.341796875 521.1233520507812
v 50.11421585083008 1216.6243896484375 501.1098327636719
v 57.072227478027344 1217.4442138671875 503.6033935546875
v 60.54966735839844 1217.8565673828125 504.84991455078125
v 60.658321380615234 1217.8695068359375 504.8888854980469
v 60.66511154174805 1217.870361328125 504.8913269042969
v 60.66850662231445 1217.8707275390625 504.89251708984375
v 60.670204162597656 1217.8709716796875 504.89312744140625
v 60.671913146972656 1217.87109375 504.89373779296875
v 60.68559265136719 1217.872802734375 504.8986511230469
v 60.712955474853516 1217.8759765625 504.9084777832031
v 60.76767349243164 1217.8824462890625 504.9280700683594
v 60.98655700683594 1217.9085693359375 505.0065612792969
v 61.42430114746094 1217.9605712890625 505.1634826660156
v 62.29972457885742 1218.0648193359375 505.4773254394531
v 64.05028533935547 1218.2735595703125 506.1049499511719
v 71.04801940917969 1219.1126708984375 508.6143798828125
v 78.03672790527344 1219.9581298828125 511.1214294433594
v 85.0140151977539 1220.8096923828125 513.6253051757812
v 86.75627136230469 1221.0235595703125 514.2506103515625
v 87.62706756591797 1221.1304931640625 514.5631713867188
v 88.0623779296875 1221.18408203125 514.719482421875
v 88.49763488769531 1221.2376708984375 514.8756713867188
v 91.97735595703125 1221.6669921875 516.1249389648438
v 98.9234848022461 1222.52978515625 518.6192016601562
v 105.84952545166016 1223.3974609375 521.1071166992188
v 112.75272369384766 1224.27001953125 523.5878295898438
v 114.4746322631836 1224.4888916015625 524.2067260742188
v 115.33497619628906 1224.598388671875 524.5159912109375
v 116.20148468017578 1224.7088623046875 524.8274536132812
v 119.68112182617188 1225.153564453125 526.078369140625
v 123.15457916259766 1225.5989990234375 527.3272705078125
v 124.02205657958984 1225.7105712890625 527.6392211914062
v 124.4556655883789 1225.7662353515625 527.795166015625
v 124.67243957519531 1225.794189453125 527.8731079101562
v 124.72663116455078 1225.8011474609375 527.892578125
v 124.73340606689453 1225.802001953125 527.89501953125
v 124.73678588867188 1225.802490234375 527.896240234375
v 124.74016571044922 1225.8028564453125 527.8974609375
v 124.753662109375 1225.8046875 527.9022827148438
v 124.78067016601562 1225.80810546875 527.9119873046875
v 124.88868713378906 1225.822021484375 527.9508666992188
v 126.6163330078125 1226.04443359375 528.5721435546875
v 130.0686492919922 1226.4901123046875 529.8137817382812
v 133.51773071289062 1226.9371337890625 531.054443359375
v 140.4098663330078 1227.8365478515625 533.5342407226562
v 142.1324005126953 1228.0628662109375 534.1542358398438
v 143.85513305664062 1228.2899169921875 534.7742919921875
v 147.3017120361328 1228.74658203125 536.0151977539062
v 150.7504425048828 1229.20703125 537.2572631835938
v 154.20220947265625 1229.6717529296875 538.5008544921875
v 155.9294891357422 1229.9058837890625 539.1233520507812
v 156.36148071289062 1229.9647216796875 539.279052734375
v 156.7935333251953 1230.0235595703125 539.434814453125
v 157.6578826904297 1230.1414794921875 539.746337890625
v 161.1189727783203 1230.61669921875 540.9943237304688
v 164.58636474609375 1231.098388671875 542.2452392578125
v 168.06076049804688 1231.5870361328125 543.4993286132812
v 171.5428009033203 1232.0833740234375 544.7570190429688
v 172.41458129882812 1232.2088623046875 545.072021484375
v 172.6326141357422 1232.240234375 545.1507568359375
v 172.85067749023438 1232.271728515625 545.2296142578125
v 173.2869110107422 1232.334716796875 545.3872680664062
v 175.0333709716797 1232.58837890625 546.0185546875
v 178.53372192382812 1233.1026611328125 547.284423828125
v 182.0443115234375 1233.627197265625 548.5551147460938
v 185.5655517578125 1234.1627197265625 549.8307495117188
v 187.33030700683594 1234.4349365234375 550.470458984375
v 189.07595825195312 1234.706787109375 551.1035766601562
v 192.46383666992188 1235.2418212890625 552.3330688476562
v 195.86280822753906 1235.788818359375 553.5677490234375
v 199.27261352539062 1236.347900390625 554.8075561523438
v 200.9815216064453 1236.6318359375 555.4293823242188
v 201.8369598388672 1236.7750244140625 555.74072265625
v 202.05093383789062 1236.81103515625 555.8186645507812
v 202.26490783691406 1236.846923828125 555.8965454101562
v 202.69290161132812 1236.9189453125 556.0523681640625
v 209.55160522460938 1238.0963134765625 558.5521850585938
v 212.9928436279297 1238.703369140625 559.8082275390625
v 214.7176513671875 1239.01171875 560.4382934570312
v 215.5812225341797 1239.167236328125 560.7538452148438
v 216.44503784179688 1239.323486328125 561.069580078125
v 223.35894775390625 1240.599853515625 563.5996704101562
v 230.28749084472656 1241.9259033203125 566.140380859375
v 237.24270629882812 1243.3057861328125 568.6964721679688
v 240.7340545654297 1244.017333984375 569.9816284179688
v 244.1759796142578 1244.7313232421875 571.2501220703125
v 251.02394104003906 1246.1895751953125 573.7780151367188
v 252.7388458251953 1246.562744140625 574.4119873046875
v 254.4243621826172 1246.9326171875 575.035400390625
v 257.78594970703125 1247.679443359375 576.2798461914062
v 264.552734375 1249.2203369140625 578.7891235351562
v 271.860595703125 1250.93994140625 581.5053100585938
v 279.17108154296875 1252.717041015625 584.2289428710938
v 282.816162109375 1253.6240234375 585.58935546875
v 284.63421630859375 1254.08154296875 586.2684326171875
v 285.5419921875 1254.3111572265625 586.607666015625
v 286.4497985839844 1254.541748046875 586.947021484375
v 290.0834655761719 1255.4727783203125 588.3062133789062
v 293.7209167480469 1256.4180908203125 589.6682739257812
v 297.3620910644531 1257.3770751953125 591.033203125
v 301.0068359375 1258.349853515625 592.4009399414062
v 301.2347717285156 1258.4111328125 592.4865112304688
v 301.4626770019531 1258.472412109375 592.5720825195312
v 301.9185791015625 1258.5950927734375 592.7432861328125
v 302.8305358886719 1258.8411865234375 593.0858154296875
v 304.6551208496094 1259.3359375 593.7714233398438
v 308.306884765625 1260.3350830078125 595.14453125
v 315.6209411621094 1262.3714599609375 597.8987426757812
v 317.44195556640625 1262.885498046875 598.5852661132812
v 319.2430419921875 1263.396484375 599.2645874023438
v 322.84674072265625 1264.4267578125 600.6246948242188
v 330.0584716796875 1266.516845703125 603.3497314453125
v 337.27215576171875 1268.641845703125 606.079345703125
v 344.483154296875 1270.795654296875 608.811279296875
v 351.6866760253906 1272.9725341796875 611.5432739257812
v 358.8778991699219 1275.1669921875 614.2730102539062
v 362.4673156738281 1276.2689208984375 615.6362915039062
v 362.9156494140625 1276.4068603515625 615.806640625
v 363.0277404785156 1276.4412841796875 615.8491821289062
v 363.041748046875 1276.445556640625 615.8544921875
v 363.0452575683594 1276.4466552734375 615.8558349609375
v 363.0469970703125 1276.447265625 615.8565063476562
v 363.0487365722656 1276.44775390625 615.857177734375
v 363.0557861328125 1276.449951171875 615.85986328125
v 363.0839538574219 1276.4586181640625 615.8705444335938
v 363.1402893066406 1276.4759521484375 615.8919677734375
v 363.3656311035156 1276.5452880859375 615.9775390625
v 364.2667236328125 1276.82275390625 616.3198852539062
v 366.0677490234375 1277.3780517578125 617.0042114257812
v 373.2557067871094 1279.6021728515625 619.7362060546875
v 376.8396911621094 1280.7152099609375 621.098876953125
v 380.41668701171875 1281.8284912109375 622.4591064453125
v 381.3105773925781 1282.1070556640625 622.799072265625
v 382.21600341796875 1282.3892822265625 623.1434326171875
v 384.02545166015625 1282.9537353515625 623.8317260742188
v 387.6391296386719 1284.0823974609375 625.2063598632812
v 394.8467712402344 1286.3397216796875 627.9489135742188
v 396.6448974609375 1286.9041748046875 628.6332397460938
v 397.0942077636719 1287.0452880859375 628.8042602539062
v 397.3188171386719 1287.1158447265625 628.8897705078125
v 397.5434265136719 1287.1864013671875 628.9752197265625
v 398.4416198730469 1287.4686279296875 629.317138671875
v 402.0312805175781 1288.5980224609375 630.68359375
v 409.1971130371094 1290.8585205078125 633.4120483398438
v 412.774169921875 1291.989990234375 634.7744140625
v 413.2210693359375 1292.1314697265625 634.9446411132812
v 413.66790771484375 1292.27294921875 635.1148071289062
v 414.5614929199219 1292.5560302734375 635.4552001953125
v 416.3481140136719 1293.122314453125 636.1358032226562
v 423.4892272949219 1295.390625 638.8566284179688
v 427.0573425292969 1296.5267333984375 640.2164306640625
v 428.84100341796875 1297.0953369140625 640.896240234375
v 430.6245422363281 1297.6641845703125 641.5760498046875
v 437.7591552734375 1299.9439697265625 644.2959594726562
v 441.3276672363281 1301.0863037109375 645.6565551757812
v 443.1124267578125 1301.658203125 646.337158203125
v 444.00494384765625 1301.9442138671875 646.677490234375
v 444.4512634277344 1302.0872802734375 646.84765625
v 444.6744384765625 1302.1588134765625 646.9328002929688
v 444.7860412597656 1302.194580078125 646.975341796875
v 444.79998779296875 1302.1990966796875 646.9806518554688
v 444.80694580078125 1302.2012939453125 646.9833374023438
v 444.81390380859375 1302.20361328125 646.9859619140625
v 444.841796875 1302.2125244140625 646.99658203125
v 444.89752197265625 1302.2303466796875 647.0178833007812
v 452.0366516113281 1304.521484375 649.7406005859375
v 459.1838684082031 1306.818603515625 652.466796875
v 462.7602844238281 1307.968994140625 653.8310546875
v 463.2074890136719 1308.11279296875 654.0016479492188
v 463.6546936035156 1308.2567138671875 654.1722412109375
v 464.5491943359375 1308.5445556640625 654.5134887695312
v 466.3385009765625 1309.120361328125 655.196044921875
v 473.49951171875 1311.425537109375 657.9279174804688
v 480.6658630371094 1313.7332763671875 660.6619262695312
v 481.5619812011719 1314.0218505859375 661.0037841796875
v 481.7860107421875 1314.093994140625 661.0892944335938
v 481.8980407714844 1314.1300048828125 661.1320190429688
v 481.95404052734375 1314.1480712890625 661.1533813476562
v 481.9575500488281 1314.149169921875 661.1547241210938
v 481.95928955078125 1314.1497802734375 661.1553955078125
v 481.9610595703125 1314.1502685546875 661.1560668945312
v 481.9680480957031 1314.152587890625 661.1587524414062
v 481.98199462890625 1314.1571044921875 661.1640625
v 482.00994873046875 1314.166015625 661.1747436523438
v 482.4571228027344 1314.31005859375 661.3453369140625
v 484.24591064453125 1314.8861083984375 662.0277709960938
v 487.8238525390625 1316.0382080078125 663.3927612304688
v 494.98016357421875 1318.34228515625 666.1228637695312
v 495.8609619140625 1318.625732421875 666.4588623046875
v 496.74169921875 1318.9093017578125 666.7948608398438
v 498.5030212402344 1319.4761962890625 667.466796875
v 502.02484130859375 1320.609619140625 668.810302734375
v 509.0640869140625 1322.87451171875 671.49560546875
v 509.1190490722656 1322.8922119140625 671.5166015625
v 509.1327819824219 1322.8966064453125 671.5218505859375
v 509.1396484375 1322.89892578125 671.5244750976562
v 509.1413879394531 1322.8994140625 671.5250854492188
v 509.14312744140625 1322.9000244140625 671.5257568359375
v 509.1465759277344 1322.901123046875 671.527099609375
v 509.1742248535156 1322.9100341796875 671.5376586914062
v 509.284912109375 1322.945556640625 671.579833984375
v 509.5062255859375 1323.016845703125 671.664306640625
v 509.9488525390625 1323.1591796875 671.8331298828125
v 510.8340148925781 1323.4439697265625 672.1707763671875
v 512.6039428710938 1324.01318359375 672.845947265625
v 516.1421508789062 1325.15087890625 674.1956176757812
v 523.2124633789062 1327.4212646484375 676.8922729492188
v 524.9788208007812 1327.98779296875 677.5658569335938
v 525.4203491210938 1328.1292724609375 677.7342529296875
v 525.86181640625 1328.270751953125 677.902587890625
v 526.7447509765625 1328.5535888671875 678.2392578125
v 530.2752685546875 1329.68359375 679.5853881835938
v 537.3314819335938 1331.935302734375 682.2750244140625
v 540.8574829101562 1333.0567626953125 683.61865234375
v 541.2981567382812 1333.1966552734375 683.7865600585938
v 541.7388305664062 1333.3365478515625 683.9544067382812
v 542.6200561523438 1333.6162109375 684.2901611328125
v 544.38232421875 1334.1748046875 684.96142578125
v 551.4290771484375 1336.4000244140625 687.6448364257812
v 554.9513549804688 1337.5068359375 688.9855346679688
v 556.7123413085938 1338.0587158203125 689.6555786132812
v 557.5927734375 1338.334228515625 689.9906005859375
v 558.4732055664062 1338.6094970703125 690.3255615234375
v 565.5164184570312 1340.801513671875 693.0039672851562
v 572.5604858398438 1342.974853515625 695.6805419921875
v 572.7806396484375 1343.04248046875 695.76416015625
v 572.8906860351562 1343.076171875 695.8059692382812
v 572.9457397460938 1343.0931396484375 695.8268432617188
v 572.95263671875 1343.09521484375 695.8294677734375
v 572.954345703125 1343.0958251953125 695.8301391601562
v 572.9560546875 1343.0963134765625 695.830810546875
v 572.9595336914062 1343.097412109375 695.8320922851562
v 572.973388671875 1343.1015625 695.8373413085938
v 573.0010375976562 1343.110107421875 695.8478393554688
v 573.4435424804688 1343.245849609375 696.0159301757812
v 574.3287353515625 1343.5172119140625 696.35205078125
v 576.09912109375 1344.058837890625 697.0242919921875
v 579.6404418945312 1345.1385498046875 698.368408203125
v 586.7250366210938 1347.2840576171875 701.0558471679688
v 587.6107788085938 1347.5509033203125 701.3916625976562
v 588.49658203125 1347.817626953125 701.7275390625
v 590.2682495117188 1348.35009765625 702.3991088867188
v 593.8118896484375 1349.411865234375 703.7420043945312
v 600.900390625 1351.52294921875 706.4268798828125
v 602.6726684570312 1352.0482177734375 707.097900390625
v 602.7280883789062 1352.0645751953125 707.1188354492188
v 602.7557983398438 1352.07275390625 707.1293334960938
v 602.7695922851562 1352.076904296875 707.1345825195312
v 602.7765502929688 1352.0789794921875 707.13720703125
v 602.783447265625 1352.0810546875 707.1398315429688
v 602.8944702148438 1352.1138916015625 707.181884765625
v 603.1165161132812 1352.1795654296875 707.2659301757812
v 603.5606079101562 1352.31103515625 707.4340209960938
v 604.4487915039062 1352.5736083984375 707.7702026367188
v 608.0015869140625 1353.6214599609375 709.11474609375
v 615.1076049804688 1355.7056884765625 711.8026123046875
v 618.6607666015625 1356.7421875 713.1459350585938
v 619.549072265625 1357.0006103515625 713.481689453125
v 619.9932250976562 1357.1298828125 713.6495971679688
v 620.4373779296875 1357.2589111328125 713.8174438476562
v 622.2139892578125 1357.7747802734375 714.4888916015625
v 629.3204345703125 1359.8287353515625 717.1734619140625
v 636.4264526367188 1361.8677978515625 719.856201171875
v 640.0082397460938 1362.8900146484375 721.2078247070312
v 643.5946044921875 1363.90966796875 722.5607299804688
v 650.7646484375 1365.93701171875 725.2642211914062
v 652.556396484375 1366.4412841796875 725.9395751953125
v 653.0042724609375 1366.5672607421875 726.1083374023438
v 653.4521484375 1366.6929931640625 726.277099609375
v 654.3477783203125 1366.9444580078125 726.6146240234375
v 657.9290161132812 1367.9476318359375 727.9638671875
v 665.0846557617188 1369.940673828125 730.6585693359375
v 668.6585083007812 1370.930419921875 732.0037231445312
v 669.1050415039062 1371.0537109375 732.1717529296875
v 669.551513671875 1371.1771240234375 732.3397827148438
v 670.4442749023438 1371.4234619140625 732.6757202148438
v 672.2290649414062 1371.915283203125 733.3472290039062
v 679.358642578125 1373.8704833984375 736.0286254882812
v 686.4706420898438 1375.80517578125 738.70166015625
v 693.5626220703125 1377.7188720703125 741.3652954101562
v 700.6318969726562 1379.6107177734375 744.0186767578125
v 707.806640625 1381.514404296875 746.7098388671875
v 714.9636840820312 1383.3973388671875 749.3925170898438
v 718.5341796875 1384.330810546875 750.7301635742188
v 722.10302734375 1385.2601318359375 752.0667724609375
v 728.915283203125 1387.0240478515625 754.6170043945312
v 735.715576171875 1388.771728515625 757.1612548828125
v 742.5069580078125 1390.50439453125 759.7007446289062
v 743.3554077148438 1390.719970703125 760.0178833007812
v 743.7796020507812 1390.82763671875 760.1764526367188
v 744.2037353515625 1390.935302734375 760.3350219726562
v 745.9003295898438 1391.365478515625 760.9691162109375
v 749.2930908203125 1392.223388671875 762.2368774414062
v 756.0782470703125 1393.9306640625 764.7713623046875
v 762.865478515625 1395.62744140625 767.3052978515625
v 764.56298828125 1396.0501708984375 767.9389038085938
v 764.9873657226562 1396.15576171875 768.0972900390625
v 765.0404663085938 1396.1690673828125 768.1170654296875
v 765.0669555664062 1396.1756591796875 768.126953125
v 765.0802001953125 1396.178955078125 768.1318969726562
v 765.0869140625 1396.1805419921875 768.1343994140625
v 765.0935668945312 1396.1822509765625 768.1369018554688
v 765.2005004882812 1396.2088623046875 768.1768188476562
v 765.414306640625 1396.261962890625 768.256591796875
v 766.26953125 1396.474609375 768.5757446289062
v 769.6913452148438 1397.32373046875 769.8526000976562
v 776.5369873046875 1399.0146484375 772.4061279296875
v 783.3825073242188 1400.6949462890625 774.9583740234375
v 790.2246704101562 1402.3636474609375 777.508056640625
v 797.06005859375 1404.0194091796875 780.053955078125
v 803.8838500976562 1405.6607666015625 782.5942993164062
v 810.6912231445312 1407.2864990234375 785.1272583007812
v 817.478759765625 1408.8953857421875 787.6513671875
v 824.2427978515625 1410.4864501953125 790.1653442382812
v 827.6148681640625 1411.2750244140625 791.4180908203125
v 829.3048095703125 1411.6690673828125 792.0458374023438
v 831.0198974609375 1412.068115234375 792.6828002929688
v 837.8619384765625 1413.652099609375 795.222900390625
v 844.6773071289062 1415.2183837890625 797.7517700195312
v 845.5285034179688 1415.4132080078125 798.0675659179688
v 846.390380859375 1415.6103515625 798.3872680664062
v 848.113037109375 1416.00390625 799.0261840820312
v 851.5545043945312 1416.7882080078125 800.3024291992188
v 854.9909057617188 1417.5692138671875 801.5765380859375
v 856.707275390625 1417.9583740234375 802.2128295898438
v 857.13623046875 1418.0556640625 802.371826171875
v 857.3506469726562 1418.104248046875 802.4513549804688
v 857.5650634765625 1418.1527099609375 802.5308227539062
v 858.4225463867188 1418.346923828125 802.8486328125
v 861.8497924804688 1419.1217041015625 804.1189575195312
v 865.2731323242188 1419.893798828125 805.3875122070312
v 868.6926879882812 1420.663330078125 806.654541015625
v 869.119873046875 1420.75927734375 806.8128051757812
v 869.5469970703125 1420.8553466796875 806.9710693359375
v 870.4011840820312 1421.047119140625 807.2874755859375
v 872.1089477539062 1421.4305419921875 807.9201049804688
v 875.5222778320312 1422.195556640625 809.1845092773438
v 878.93310546875 1422.95849609375 810.44775390625
v 880.6376342773438 1423.3392333984375 811.0789794921875
v 881.063720703125 1423.434326171875 811.2367553710938
v 881.48974609375 1423.5294189453125 811.39453125
v 882.3417358398438 1423.7196044921875 811.7100219726562
v 885.7486572265625 1424.4788818359375 812.9714965820312
v 889.1542358398438 1425.236328125 814.2323608398438
v 892.558837890625 1425.9921875 815.4926147460938
v 896.0438842773438 1426.76416015625 816.7825317382812
v 899.5365600585938 1427.5361328125 818.0750122070312
v 906.5139770507812 1429.0716552734375 820.6563720703125
v 908.2560424804688 1429.4534912109375 821.3007202148438
v 908.69140625 1429.548828125 821.461669921875
v 908.9090576171875 1429.5965576171875 821.5421752929688
v 909.1266479492188 1429.6441650390625 821.6226806640625
v 909.9969482421875 1429.83447265625 821.9445190429688
v 913.474365234375 1430.59326171875 823.2302856445312
v 916.9452514648438 1431.3472900390625 824.5132446289062
v 920.4085693359375 1432.0963134765625 825.7930297851562
v 923.86328125 1432.839599609375 827.0691528320312
v 924.2944946289062 1432.93212890625 827.2284545898438
v 924.510009765625 1432.9783935546875 827.3080444335938
v 924.7255249023438 1433.0245361328125 827.3876342773438
v 925.5870971679688 1433.208984375 827.705810546875
v 927.3082275390625 1433.57666015625 828.3412475585938
v 930.7418823242188 1434.306640625 829.6087036132812
v 934.1631469726562 1435.0291748046875 830.8709716796875
v 937.5709228515625 1435.743408203125 832.1276245117188
v 939.2694702148438 1436.0972900390625 832.7537231445312
v 940.1173095703125 1436.2734375 833.0662231445312
v 940.3291015625 1436.3173828125 833.144287109375
v 940.4349975585938 1436.33935546875 833.1832885742188
v 940.5408325195312 1436.3612060546875 833.2222900390625
v 940.9641723632812 1436.448974609375 833.3782958984375
v 943.9600830078125 1437.066650390625 834.48193359375
v 946.9423217773438 1437.6763916015625 835.5800170898438
v 949.9100341796875 1438.27783203125 836.6720581054688
v 952.8624877929688 1438.870361328125 837.7578735351562
v 955.798828125 1439.45361328125 838.8369750976562
v 957.3071899414062 1439.7508544921875 839.39111328125
v 958.8392333984375 1440.0509033203125 839.9536743164062
v 961.8887329101562 1440.642822265625 841.0728759765625
v 964.99267578125 1441.237548828125 842.211181640625
v 968.13427734375 1441.831298828125 843.3624267578125
v 971.259521484375 1442.4134521484375 844.5066528320312
v 977.4674682617188 1443.5433349609375 846.7765502929688
v 983.6294555664062 1444.627685546875 849.025390625
v 989.7592163085938 1445.6666259765625 851.2579956054688
v 991.2882690429688 1445.919189453125 851.814208984375
v 991.6703491210938 1445.98193359375 851.953125
v 992.052490234375 1446.0445556640625 852.092041015625
v 992.8167114257812 1446.1690673828125 852.369873046875
v 995.8732299804688 1446.660400390625 853.4801025390625
v 1001.9819946289062 1447.607666015625 855.695068359375
v 1008.0798950195312 1448.5042724609375 857.9005737304688
v 1014.1616821289062 1449.3463134765625 860.0942993164062
v 1017.1951293945312 1449.7454833984375 861.1861572265625
v 1018.709716796875 1449.9395751953125 861.730712890625
v 1020.2315063476562 1450.1307373046875 862.2774658203125
v 1026.4449462890625 1450.871337890625 864.505126953125
v 1032.6673583984375 1451.542724609375 866.7280883789062
v 1034.224365234375 1451.69873046875 867.282958984375
v 1035.0030517578125 1451.7750244140625 867.5602416992188
v 1035.7818603515625 1451.8499755859375 867.8374633789062
v 1038.898193359375 1452.1370849609375 868.9451904296875
v 1045.135986328125 1452.647216796875 871.1552124023438
v 1051.378662109375 1453.066650390625 873.3565673828125
v 1052.1590576171875 1453.1123046875 873.6310424804688
v 1052.9395751953125 1453.156494140625 873.9053344726562
v 1054.5006103515625 1453.240234375 874.4534301757812
v 1057.6221923828125 1453.3887939453125 875.5472412109375
v 1063.8616943359375 1453.607666015625 877.724853515625
v 1066.978271484375 1453.6767578125 878.8079223632812
v 1067.3675537109375 1453.6834716796875 878.9430541992188
v 1067.7568359375 1453.689697265625 879.0780639648438
v 1068.5352783203125 1453.700927734375 879.347900390625
v 1070.0911865234375 1453.718017578125 879.8866577148438
v 1076.3018798828125 1453.7149658203125 882.0291748046875
v 1079.3973388671875 1453.669677734375 883.092041015625
v 1082.484619140625 1453.594482421875 884.148681640625
v 1084.0372314453125 1453.545166015625 884.6787719726562
v 1085.6072998046875 1453.4873046875 885.2139892578125
v 1088.74072265625 1453.3477783203125 886.2792358398438
v 1091.8653564453125 1453.1763916015625 887.337890625
v 1094.9820556640625 1452.9730224609375 888.3901977539062
v 1095.7601318359375 1452.9171142578125 888.65234375
v 1096.150146484375 1452.8883056640625 888.78369140625
v 1096.5404052734375 1452.8590087890625 888.9149780273438
v 1098.097412109375 1452.737060546875 889.4383544921875
v 1101.1962890625 1452.4696044921875 890.477294921875
v 1113.4942626953125 1451.0814208984375 894.5631103515625
v 1119.6651611328125 1450.1859130859375 896.5907592773438
v 1121.218017578125 1449.9395751953125 897.0986328125
v 1121.607177734375 1449.87646484375 897.2257080078125
v 1121.8017578125 1449.8447265625 897.289306640625
v 1121.99658203125 1449.8128662109375 897.3528442382812
v 1122.7750244140625 1449.6839599609375 897.6068725585938
v 1125.8797607421875 1449.149169921875 898.6174926757812
v 1132.065673828125 1447.9830322265625 900.6196899414062
v 1138.263427734375 1446.680908203125 902.6105346679688
v 1141.701416015625 1445.9012451171875 903.7083740234375
v 1145.1680908203125 1445.0738525390625 904.8107299804688
v 1146.9150390625 1444.64111328125 905.364501953125
v 1148.603271484375 1444.213134765625 905.8984985351562
v 1151.8441162109375 1443.3642578125 906.9204711914062
v 1155.0869140625 1442.479248046875 907.9390258789062
v 1158.333251953125 1441.5582275390625 908.9547729492188
v 1164.8443603515625 1439.6058349609375 910.9801025390625
v 1171.3919677734375 1437.5028076171875 913.0009765625
v 1174.6839599609375 1436.392822265625 914.0110473632812
v 1177.9906005859375 1435.2425537109375 915.0216064453125
v 1179.6500244140625 1434.6519775390625 915.5272216796875
v 1180.481201171875 1434.352783203125 915.7800903320312
v 1180.689208984375 1434.2774658203125 915.8433227539062
v 1180.897216796875 1434.2021484375 915.9065551757812
v 1181.3131103515625 1434.051025390625 916.032958984375
v 1184.6392822265625 1432.822265625 917.0413208007812
v 1191.281982421875 1430.259765625 919.0429077148438
v 1197.9078369140625 1427.5582275390625 921.0230102539062
v 1204.5118408203125 1424.718017578125 922.9797973632812
v 1211.0887451171875 1421.7392578125 924.9114990234375
v 1212.7177734375 1420.977783203125 925.3872680664062
v 1214.28564453125 1420.23583984375 925.8441772460938
v 1217.4130859375 1418.7283935546875 926.7525024414062
v 1218.9727783203125 1417.962646484375 927.203857421875
v 1219.7515869140625 1417.57666015625 927.4288330078125
v 1220.5296630859375 1417.1885986328125 927.6533203125
v 1223.63525390625 1415.615234375 928.546630859375
v 1226.730224609375 1414.0074462890625 929.4323120117188
v 1227.1163330078125 1413.803955078125 929.54248046875
v 1227.309326171875 1413.7020263671875 929.5975341796875
v 1227.5023193359375 1413.5999755859375 929.6525268554688
v 1228.273681640625 1413.1903076171875 929.872314453125
v 1229.8145751953125 1412.3642578125 930.3103637695312
v 1232.888671875 1410.68505859375 931.1807250976562
v 1234.4217529296875 1409.8316650390625 931.613037109375
v 1234.61328125 1409.724365234375 931.6669311523438
v 1234.8046875 1409.616943359375 931.7208251953125
v 1235.1873779296875 1409.401611328125 931.8284301757812
v 1235.952392578125 1408.96923828125 932.0433959960938
v 1239.0062255859375 1407.2164306640625 932.8984985351562
v 1240.5294189453125 1406.3260498046875 933.3231811523438
v 1241.2901611328125 1405.87744140625 933.5347900390625
v 1241.6702880859375 1405.6522216796875 933.6404418945312
v 1241.8602294921875 1405.5394287109375 933.6932373046875
v 1242.0501708984375 1405.426513671875 933.7459716796875
v 1245.0845947265625 1403.5994873046875 934.5859375
v 1248.109619140625 1401.7354736328125 935.41845703125
v 1248.8643798828125 1401.2637939453125 935.6254272460938
v 1249.052978515625 1401.1455078125 935.6771240234375
v 1249.2415771484375 1401.027099609375 935.728759765625
v 1249.61865234375 1400.789794921875 935.8319702148438
v 1251.1253662109375 1399.8350830078125 936.24365234375
v 1254.132080078125 1397.8985595703125 937.0617065429688
v 1255.6322021484375 1396.9171142578125 937.4680786132812
v 1256.0068359375 1396.67041015625 937.5693969726562
v 1256.1942138671875 1396.546875 937.6200561523438
v 1256.3814697265625 1396.4232177734375 937.670654296875
v 1257.130126953125 1395.927001953125 937.8727416992188
v 1260.119384765625 1393.9212646484375 938.6768798828125
v 1261.61083984375 1392.9058837890625 939.0764770507812
v 1262.3558349609375 1392.3951416015625 939.275634765625
v 1262.7281494140625 1392.1390380859375 939.3750610351562
v 1263.1002197265625 1391.8824462890625 939.474365234375
v 1266.0728759765625 1389.8118896484375 940.2654418945312
v 1269.0372314453125 1387.711181640625 941.0502319335938
v 1270.500244140625 1386.6617431640625 941.4361572265625
v 1271.9412841796875 1385.6199951171875 941.8153076171875
v 1274.817626953125 1383.517333984375 942.5695190429688
v 1276.2529296875 1382.4566650390625 942.944580078125
v 1277.6514892578125 1381.4161376953125 943.3092651367188
v 1280.3614501953125 1379.3802490234375 944.0135498046875
v 1283.0660400390625 1377.3226318359375 944.713623046875
v 1284.4166259765625 1376.2855224609375 945.0621337890625
v 1285.091552734375 1375.7650146484375 945.2360229492188
v 1285.26025390625 1375.6346435546875 945.2794799804688
v 1285.428955078125 1375.504150390625 945.3229370117188
v 1285.766357421875 1375.2430419921875 945.4097290039062
v 1288.4637451171875 1373.1409912109375 946.1022338867188
v 1291.1593017578125 1371.016357421875 946.7915649414062
v 1292.5067138671875 1369.9454345703125 947.1351318359375
v 1292.843505859375 1369.6767578125 947.220947265625
v 1293.011962890625 1369.5423583984375 947.2637939453125
v 1293.1802978515625 1369.4078369140625 947.3067016601562
v 1293.85400390625 1368.8687744140625 947.47802734375
v 1299.2470703125 1364.5025634765625 948.8441772460938
v 1304.6524658203125 1360.040283203125 950.20361328125
v 1307.362548828125 1357.7723388671875 950.8817138671875
v 1308.7198486328125 1356.629150390625 951.2205810546875
v 1309.3992919921875 1356.0552978515625 951.3899536132812
v 1310.0791015625 1355.479736328125 951.5592651367188
v 1315.5384521484375 1350.8167724609375 952.9146728515625
v 1318.28369140625 1348.44580078125 953.5932006835938
v 1321.0408935546875 1346.0479736328125 954.2728881835938
v 1323.8111572265625 1343.623046875 954.9539794921875
v 1324.158447265625 1343.3179931640625 955.0392456054688
v 1324.3321533203125 1343.165283203125 955.0819091796875
v 1324.4190673828125 1343.0888671875 955.1032104492188
v 1324.5059814453125 1343.012451171875 955.1245727539062
v 1325.20166015625 1342.400146484375 955.2952270507812
v 1326.5960693359375 1341.170166015625 955.636962890625
v 1329.397216796875 1338.6884765625 956.322265625
v 1330.80419921875 1337.4366455078125 956.6659545898438
v 1331.5093994140625 1336.8079833984375 956.8380126953125
v 1331.8624267578125 1336.4930419921875 956.9241333007812
v 1331.95068359375 1336.4141845703125 956.9456787109375
v 1332.0390625 1336.3353271484375 956.9672241210938
v 1332.2156982421875 1336.177490234375 957.0103149414062
v 1335.70654296875 1333.049560546875 957.8603515625
v 1339.2286376953125 1329.87451171875 958.7158813476562
v 1340.8135986328125 1328.43994140625 959.1002197265625
v 1342.3568115234375 1327.039794921875 959.4739990234375
v 1345.460693359375 1324.2137451171875 960.2247924804688
v 1347.02099609375 1322.788330078125 960.6016845703125
v 1347.80322265625 1322.0726318359375 960.7904663085938
v 1347.9010009765625 1321.9830322265625 960.8140869140625
v 1347.9989013671875 1321.8934326171875 960.8377075195312
v 1348.1947021484375 1321.7139892578125 960.8849487304688
v 1348.586669921875 1321.35498046875 960.9794311523438
v 1351.732421875 1318.4654541015625 961.7374877929688
v 1354.89599609375 1315.5469970703125 962.4983520507812
v 1355.689453125 1314.81298828125 962.68896484375
v 1356.0865478515625 1314.4453125 962.7843627929688
v 1356.2852783203125 1314.2613525390625 962.83203125
v 1356.48388671875 1314.0772705078125 962.8797607421875
v 1358.0755615234375 1312.600830078125 963.2616577148438
v 1361.268798828125 1309.6285400390625 964.0266723632812
v 1364.473876953125 1306.63134765625 964.79296875
v 1364.57421875 1306.537353515625 964.81689453125
v 1364.674560546875 1306.4432373046875 964.8408813476562
v 1364.875244140625 1306.2550048828125 964.8887939453125
v 1365.2767333984375 1305.8782958984375 964.9846801757812
v 1366.080322265625 1305.1236572265625 965.1763916015625
v 1367.6888427734375 1303.6103515625 965.5599365234375
v 1370.911376953125 1300.5665283203125 966.3269653320312
v 1372.5250244140625 1299.036376953125 966.7103881835938
v 1372.726806640625 1298.8447265625 966.75830078125
v 1372.82763671875 1298.7489013671875 966.7822265625
v 1372.9285888671875 1298.653076171875 966.8062133789062
v 1373.332275390625 1298.269287109375 966.9020385742188
v 1374.1397705078125 1297.5009765625 967.0935668945312
v 1377.37158203125 1294.414794921875 967.8590087890625
v 1383.837646484375 1288.1837158203125 969.3840942382812
v 1387.068359375 1285.0401611328125 970.142578125
v 1388.6822509765625 1283.461669921875 970.5206298828125
v 1389.0855712890625 1283.0662841796875 970.614990234375
v 1389.2872314453125 1282.8685302734375 970.6621704101562
v 1389.48876953125 1282.670654296875 970.7092895507812
v 1390.294921875 1281.8787841796875 970.897705078125
v 1396.72607421875 1275.507568359375 972.3948364257812
v 1403.1146240234375 1269.0775146484375 973.87060546875
v 1404.703369140625 1267.46142578125 974.2357177734375
v 1406.260498046875 1265.87060546875 974.5927124023438
v 1409.326171875 1262.7181396484375 975.2933349609375
v 1412.377685546875 1259.5526123046875 975.987548828125
v 1415.415771484375 1256.372802734375 976.675537109375
v 1418.441162109375 1253.177734375 977.357421875
v 1421.454833984375 1249.966064453125 978.0333251953125
v 1424.4573974609375 1246.73681640625 978.7034912109375
v 1425.95458984375 1245.1153564453125 979.036376953125
v 1426.7022705078125 1244.302978515625 979.2023315429688
v 1426.88916015625 1244.0997314453125 979.2437744140625
v 1427.075927734375 1243.8963623046875 979.28515625
v 1427.4493408203125 1243.4893798828125 979.367919921875
v 1430.4317626953125 1240.2225341796875 980.0267944335938
v 1433.405029296875 1236.9356689453125 980.6803588867188
v 1436.3699951171875 1233.628173828125 981.32861328125
v 1437.1099853515625 1232.7979736328125 981.4898681640625
v 1437.294921875 1232.59033203125 981.5301513671875
v 1437.479736328125 1232.3824462890625 981.5703735351562
v 1437.8494873046875 1231.966552734375 981.6508178710938
v 1439.3270263671875 1230.2994384765625 981.9717407226562
v 1445.2203369140625 1223.575439453125 983.2433471679688
v 1448.145263671875 1220.1937255859375 983.869384765625
v 1451.0062255859375 1216.857421875 984.4785766601562
v 1456.7144775390625 1210.11669921875 985.6844482421875
v 1462.4073486328125 1203.2840576171875 986.8745727539062
v 1465.2490234375 1199.832763671875 987.4639892578125
v 1466.668701171875 1198.0982666015625 987.75732421875
v 1467.3782958984375 1197.2288818359375 987.9036865234375
v 1467.7271728515625 1196.801025390625 987.9755249023438
v 1468.0755615234375 1196.3731689453125 988.0473022460938
v 1470.861083984375 1192.9381103515625 988.6192016601562
v 1473.6436767578125 1189.4822998046875 989.1878051757812
v 1476.422607421875 1186.0072021484375 989.7529296875
v 1479.197265625 1182.5146484375 990.3145751953125
v 1484.730224609375 1175.484375 991.4271240234375
v 1485.0751953125 1175.043212890625 991.4962158203125
v 1485.420166015625 1174.601806640625 991.565185546875
v 1486.109619140625 1173.7183837890625 991.7030029296875
v 1487.4874267578125 1171.9495849609375 991.9779663085938
v 1490.2373046875 1168.4039306640625 992.5250854492188
v 1492.9793701171875 1164.848876953125 993.0684204101562
v 1494.3472900390625 1163.068115234375 993.3386840820312
v 1495.713134765625 1161.28564453125 993.6079711914062
v 1501.15234375 1154.141357421875 994.67529296875
v 1502.505859375 1152.3524169921875 994.9396362304688
v 1502.84375 1151.905029296875 995.0055541992188
v 1503.0126953125 1151.681396484375 995.0385131835938
v 1503.181640625 1151.4576416015625 995.0714111328125
v 1503.856689453125 1150.562744140625 995.2029418945312
v 1506.550048828125 1146.9815673828125 995.7265014648438
v 1509.231689453125 1143.3992919921875 996.2459106445312
v 1510.5679931640625 1141.6080322265625 996.5040893554688
v 1511.2349853515625 1140.71240234375 996.6327514648438
v 1511.401611328125 1140.488525390625 996.6648559570312
v 1511.5682373046875 1140.2646484375 996.6969604492188
v 1511.9012451171875 1139.81689453125 996.7611694335938
v 1517.2010498046875 1132.65673828125 997.778564453125
v 1519.830322265625 1129.0811767578125 998.2806396484375
v 1520.157958984375 1128.634521484375 998.3430786132812
v 1520.4853515625 1128.1878662109375 998.4054565429688
v 1521.1395263671875 1127.294921875 998.530029296875
v 1522.4449462890625 1125.510009765625 998.7781982421875
v 1527.8236083984375 1118.115478515625 999.7963256835938
v 1528.4912109375 1117.1932373046875 999.922119140625
v 1528.6578369140625 1116.9627685546875 999.9535522460938
v 1528.824462890625 1116.7322998046875 999.9849243164062
v 1529.1575927734375 1116.2716064453125 1000.047607421875
v 1530.4869384765625 1114.4298095703125 1000.2976684570312
v 1533.132080078125 1110.75341796875 1000.7938232421875
v 1535.75830078125 1107.087158203125 1001.2846069335938
v 1537.066650390625 1105.254638671875 1001.5283813476562
v 1538.40576171875 1103.375 1001.7774658203125
v 1541.0675048828125 1099.62548828125 1002.2711181640625
v 1543.7091064453125 1095.8865966796875 1002.7589111328125
v 1548.9395751953125 1088.427001953125 1003.718505859375
v 1554.1129150390625 1080.969970703125 1004.6586303710938
v 1559.244873046875 1073.48974609375 1005.5819091796875
v 1564.3505859375 1065.96142578125 1006.4906005859375
v 1566.8983154296875 1062.17138671875 1006.9403076171875
v 1568.1717529296875 1060.2685546875 1007.1640625
v 1568.3309326171875 1060.0302734375 1007.1920166015625
v 1568.4901123046875 1059.7919921875 1007.2199096679688
v 1568.808349609375 1059.315185546875 1007.2756958007812
v 1569.4444580078125 1058.3612060546875 1007.3870849609375
v 1574.5203857421875 1050.6964111328125 1008.2701416015625
v 1579.5841064453125 1042.9583740234375 1009.140625
v 1582.115966796875 1039.0550537109375 1009.5719604492188
v 1584.6502685546875 1035.125 1010.0011596679688
v 1587.1888427734375 1031.1656494140625 1010.428466796875
v 1589.7333984375 1027.17431640625 1010.854248046875
v 1592.285888671875 1023.14794921875 1011.27880859375
v 1594.84814453125 1019.0840454101562 1011.7024536132812
v 1597.4219970703125 1014.979736328125 1012.12548828125
v 1599.845458984375 1011.095458984375 1012.5216064453125
v 1602.21875 1007.2733764648438 1012.9075317382812
v 1604.6048583984375 1003.4132080078125 1013.29345703125
v 1607.0015869140625 999.5183715820312 1013.67919921875
v 1609.4068603515625 995.5924072265625 1014.0642700195312
v 1611.8184814453125 991.638916015625 1014.448486328125
v 1614.2344970703125 987.6614379882812 1014.8314819335938
v 1619.0709228515625 979.6488037109375 1015.5924072265625
v 1623.8992919921875 971.5834350585938 1016.3445434570312
v 1628.702880859375 963.493896484375 1017.0855102539062
v 1631.09033203125 959.4490356445312 1017.4510498046875
v 1632.2796630859375 957.4281005859375 1017.6324462890625
v 1632.873046875 956.418212890625 1017.7227783203125
v 1633.16943359375 955.9133911132812 1017.767822265625
v 1633.4656982421875 955.40869140625 1017.8128662109375
v 1638.1944580078125 947.3165283203125 1018.5277099609375
v 1642.8953857421875 939.2067260742188 1019.2308959960938
v 1647.5572509765625 931.0980834960938 1019.9207763671875
v 1652.1685791015625 923.0094604492188 1020.5953979492188
v 1654.451904296875 918.9783935546875 1020.926513671875
v 1656.7183837890625 914.959228515625 1021.253173828125
v 1658.9666748046875 910.9541625976562 1021.5751953125
v 1661.195556640625 906.9655151367188 1021.892333984375
v 1663.4036865234375 902.9954833984375 1022.2044677734375
v 1665.589599609375 899.0462036132812 1022.5112915039062
v 1666.673828125 897.0800170898438 1022.6626586914062
v 1667.786865234375 895.0565795898438 1022.8174438476562
v 1670.0538330078125 890.919189453125 1023.130859375
v 1672.307861328125 886.7835693359375 1023.4400634765625
v 1674.5391845703125 882.66796875 1023.74365234375
v 1676.749267578125 878.5700073242188 1024.0419921875
v 1677.846923828125 876.5269165039062 1024.189208984375
v 1678.39404296875 875.5067138671875 1024.262451171875
v 1678.6671142578125 874.9969482421875 1024.298828125
v 1678.8035888671875 874.7421264648438 1024.317138671875
v 1678.93994140625 874.4873657226562 1024.3353271484375
v 60.28585433959961 1218.3795166015625 506.9778137207031
v 77.49051666259766 1220.8861083984375 515.1839599609375
v 111.90221405029297 1225.7047119140625 530.9100341796875
v 180.49923706054688 1235.0567626953125 564.2169799804688
v 63.15241241455078 1218.464111328125 506.98297119140625
v 60.28630447387695 1217.8634033203125 504.90692138671875
v 66.01863861083984 1219.549560546875 511.09893798828125
v 60.284271240234375 1220.33447265625 515.1525268554688
v 54.55394744873047 1219.2236328125 511.0795593261719
v 60.28501510620117 1219.3787841796875 511.08880615234375
v 57.419952392578125 1218.298828125 506.9728698730469
v 54.555091857910156 1217.704833984375 504.8970947265625
v 57.42037582397461 1217.7821044921875 504.9018859863281
v 48.82597351074219 1218.0802001953125 506.9594421386719
v 63.15264892578125 1218.207763671875 505.9487609863281
v 61.719051361083984 1218.4212646484375 506.9803466796875
v 60.286075592041016 1218.122802734375 505.94354248046875
v 61.71928024291992 1218.164794921875 505.9461364746094
v 66.01910400390625 1219.056640625 509.049072265625
v 63.151527404785156 1219.462158203125 511.0937805175781
v 60.285423278808594 1218.8846435546875 509.03875732421875
v 63.15195846557617 1218.9686279296875 509.0438232421875
v 71.75342559814453 1220.6866455078125 515.1727905273438
v 71.7543716430664 1219.7359619140625 511.1098327636719
v 88.96431732177734 1223.087158203125 523.15966796875
v 77.48768615722656 1224.252685546875 530.8445434570312
v 77.48878479003906 1222.653076171875 523.1375122070312
v 58.85325622558594 1217.822265625 504.9043884277344
v 60.64459228515625 1217.873779296875 504.9075622558594
v 61.719398498535156 1218.0355224609375 505.4281005859375
v 61.00265884399414 1218.1436767578125 505.94482421875
v 60.286190032958984 1217.993408203125 505.425537109375
v 61.00277328491211 1218.0142822265625 505.42681884765625
v 58.852821350097656 1218.338623046875 506.9753112792969
v 57.420162200927734 1218.0418701171875 505.9385681152344
v 58.85303497314453 1218.081787109375 505.9410400390625
v 57.41916275024414 1219.2991943359375 511.0840759277344
v 54.5543098449707 1218.728271484375 509.029296875
v 57.4195442199707 1218.804443359375 509.0339050292969
v 48.8253173828125 1219.083740234375 511.0711364746094
v 59.569759368896484 1217.8426513671875 504.9056396484375
v 60.46544647216797 1217.8685302734375 504.9072570800781
v 61.002830505371094 1217.949462890625 505.1675720214844
v 60.644474029541016 1218.00390625 505.4261779785156
v 60.28624725341797 1217.928466796875 505.1662902832031
v 60.64453125 1217.93896484375 505.16693115234375
v 59.56953430175781 1218.1021728515625 505.9422912597656
v 58.853145599365234 1217.952392578125 505.4230041503906
v 59.56964874267578 1217.9727783203125 505.42425537109375
v 59.92802810668945 1217.85302734375 504.9062805175781
v 59.56981658935547 1217.77734375 504.6461181640625
v 59.92808532714844 1217.7877197265625 504.6467590332031
v 60.82368087768555 1217.9442138671875 505.1672668457031
v 60.644561767578125 1217.9063720703125 505.0372619628906
v 60.823707580566406 1217.91162109375 505.03759765625
v 61.361080169677734 1218.02490234375 505.4274597167969
v 62.43594741821289 1218.1861572265625 505.9474182128906
v 64.58592987060547 1218.5079345703125 506.9856262207031
v 60.68937683105469 1217.8751220703125 504.90765380859375
v 60.82372283935547 1217.8953857421875 504.9727478027344
v 60.734134674072266 1217.9090576171875 505.0374450683594
v 60.64457702636719 1217.89013671875 504.972412109375
v 60.73414993286133 1217.8927001953125 504.97259521484375
v 60.465389251708984 1217.9337158203125 505.1666259765625
v 60.28627395629883 1217.89599609375 505.03662109375
v 60.465415954589844 1217.901123046875 505.0369567871094
v 59.927913665771484 1217.9830322265625 505.4248962402344
v 59.5697021484375 1217.9078369140625 505.1650085449219
v 59.92797088623047 1217.9180908203125 505.1656494140625
v 60.55501937866211 1217.8712158203125 504.90740966796875
v 60.66698455810547 1217.87451171875 504.9075927734375
v 60.64459228515625 1217.8697509765625 504.891357421875
v 60.73415756225586 1217.884521484375 504.9401550292969
v 60.689361572265625 1217.891357421875 504.9725036621094
v 60.64458465576172 1217.8819580078125 504.94000244140625
v 60.689369201660156 1217.88330078125 504.9400634765625
v 60.554988861083984 1217.90380859375 505.037109375
v 60.465431213378906 1217.8848876953125 504.97210693359375
v 60.55500411987305 1217.887451171875 504.9722595214844
v 60.59980392456055 1217.8724365234375 504.907470703125
v 60.555023193359375 1217.863037109375 504.8749694824219
v 60.59981155395508 1217.8643798828125 504.87506103515625
v 60.655792236328125 1217.8701171875 504.891357421875
v 60.622196197509766 1217.8731689453125 504.90753173828125
v 60.59980773925781 1217.868408203125 504.8912658691406
v 60.62220001220703 1217.8690185546875 504.89129638671875
v 60.599788665771484 1217.8887939453125 504.97235107421875
v 60.55501174926758 1217.87939453125 504.9398193359375
v 60.599796295166016 1217.880615234375 504.9399108886719
v 60.6613883972168 1217.8702392578125 504.8913879394531
v 60.66698455810547 1217.8724365234375 504.8995056152344
v 60.65578842163086 1217.8741455078125 504.9075927734375
v 60.64459228515625 1217.871826171875 504.8994445800781
v 60.65578842163086 1217.8720703125 504.89947509765625
v 60.68937301635742 1217.879150390625 504.9238586425781
v 60.66697692871094 1217.882568359375 504.9400329589844
v 60.644588470458984 1217.8779296875 504.92376708984375
v 60.6669807434082 1217.8785400390625 504.923828125
v 60.67818069458008 1217.874755859375 504.9076232910156
v 60.67818069458008 1217.872802734375 504.8995056152344
v 60.672584533691406 1217.87255859375 504.8995056152344
v 60.666988372802734 1217.8714599609375 504.89544677734375
v 60.672584533691406 1217.87158203125 504.89544677734375
v 60.66978454589844 1217.8714599609375 504.89544677734375
v 60.666988372802734 1217.870849609375 504.8934326171875
v 60.6613883972168 1217.872314453125 504.89947509765625
v 60.65578842163086 1217.87109375 504.8954162597656
v 60.6613883972168 1217.8712158203125 504.89544677734375
v 83.22842407226562 1221.1014404296875 515.195556640625
v 86.09748840332031 1221.215087890625 515.2015380859375
v 100.43592834472656 1225.15771484375 530.8876953125
v 100.43801879882812 1223.58447265625 523.1829223632812
v 134.79039001464844 1229.567138671875 546.4998779296875
v 111.89976501464844 1230.3443603515625 564.1553344726562
v 111.89917755126953 1228.3360595703125 546.4620971679688
v 88.96534729003906 1222.231201171875 519.2146606445312
v 83.2264633178711 1222.8623046875 523.1484375
v 77.48957824707031 1221.790771484375 519.1918334960938
v 83.22737121582031 1222.0030517578125 519.2030639648438
v 87.53201293945312 1221.2734375 515.20458984375
v 94.70171356201172 1223.327880859375 523.1712646484375
v 94.70287322998047 1222.4752197265625 519.2266235351562
v 88.9659194946289 1221.787353515625 517.2184448242188
v 86.09637451171875 1222.1151123046875 519.2088623046875
v 83.2278823852539 1221.5576171875 517.2066040039062
v 86.09691619873047 1221.67041015625 517.2124633789062
v 88.249267578125 1221.302978515625 515.2060546875
v 91.8342056274414 1222.3511962890625 519.2206420898438
v 91.83480834960938 1221.908203125 517.2244873046875
v 88.96621704101562 1221.5614013671875 516.2147827148438
v 87.53142547607422 1221.7283935546875 517.2154541015625
v 86.09719848632812 1221.444091796875 516.2088012695312
v 87.5317153930664 1221.502197265625 516.2117919921875
v 123.3565673828125 1226.316650390625 530.9318237304688
v 117.63119506835938 1226.00244140625 530.9210815429688
v 111.9034423828125 1224.9461669921875 527.08251953125
v 117.63255310058594 1225.247802734375 527.0938110351562
v 134.79246520996094 1228.3612060546875 538.6047973632812
v 123.35248565673828 1228.917724609375 546.4816284179688
v 111.9002914428711 1227.0999755859375 538.5645751953125
v 123.35413360595703 1227.6966552734375 538.5853881835938
v 157.63760375976562 1233.0357666015625 564.20654296875
v 157.6399383544922 1231.1378173828125 546.529541015625
v 226.3536834716797 1242.683349609375 610.5781860351562
v 180.51641845703125 1233.463134765625 658.3343505859375
v 180.50389099121094 1236.6815185546875 610.5835571289062
v 114.7684097290039 1225.0948486328125 527.0881958007812
v 111.90412139892578 1224.5513916015625 525.1527099609375
v 114.76911926269531 1224.701171875 525.158447265625
v 106.172607421875 1223.8572998046875 523.1947021484375
v 106.17024230957031 1225.4232177734375 530.89892578125
v 100.4368896484375 1224.3917236328125 527.0596313476562
v 106.17134094238281 1224.660888671875 527.0711059570312
v 100.43402099609375 1227.8179931640625 546.4419555664062
v 88.96190643310547 1226.0977783203125 538.5221557617188
v 100.43455505371094 1226.567626953125 538.5432739257812
v 113.33671569824219 1224.6258544921875 525.1555786132812
v 111.90447235107422 1224.3502197265625 524.1817626953125
v 113.33708190917969 1224.4248046875 524.1846923828125
v 109.03905487060547 1223.999755859375 523.2005615234375
v 109.03772735595703 1224.801513671875 527.0768432617188
v 106.17195892333984 1224.2642822265625 525.14111328125
v 109.03836822509766 1224.40576171875 525.1469116210938
v 120.49579620361328 1225.40478515625 527.099365234375
v 129.0778045654297 1226.6475830078125 530.9422607421875
v 123.35729217529297 1225.9464111328125 529.0221557617188
v 120.49436950683594 1226.157470703125 530.9264526367188
v 117.63185119628906 1225.6302490234375 529.01123046875
v 120.49506378173828 1225.7862548828125 529.0167236328125
v 123.35526275634766 1227.0267333984375 534.7465209960938
v 117.62901306152344 1227.39013671875 538.5750732421875
v 111.90116119384766 1226.4224853515625 534.7252197265625
v 117.63001251220703 1226.7164306640625 534.7359619140625
v 121.92704772949219 1225.48486328125 527.1021118164062
v 123.357666015625 1225.7574462890625 528.064697265625
v 121.92630004882812 1225.8658447265625 529.0194702148438
v 120.49542236328125 1225.5968017578125 528.0592651367188
v 121.92667388916016 1225.6766357421875 528.06201171875
v 126.21770477294922 1226.47998046875 530.9370727539062
v 126.21846008300781 1226.1107177734375 529.0274658203125
v 134.79380798339844 1227.69921875 534.7664794921875
v 129.0751495361328 1228.0196533203125 538.5953369140625
v 129.07638549804688 1227.3536376953125 534.7567138671875
v 146.21717834472656 1230.3004150390625 546.51611328125
v 146.2195587158203 1229.109619140625 538.6221923828125
v 124.78800964355469 1226.028076171875 529.0248413085938
v 124.78839111328125 1225.83935546875 528.0674438476562
v 124.07305908203125 1225.79833984375 528.0661010742188
v 123.35785675048828 1225.6619873046875 527.5851440429688
v 124.43073272705078 1225.81884765625 528.0667724609375
v 124.07315826416016 1225.750732421875 527.8263549804688
v 124.43083190917969 1225.771240234375 527.8270263671875
v 124.78820037841797 1225.93408203125 528.54638671875
v 124.07268524169922 1225.987060546875 529.0234985351562
v 123.35747528076172 1225.852294921875 528.543701171875
v 124.07286834716797 1225.89306640625 528.5450439453125
v 126.21807861328125 1226.296630859375 529.9829711914062
v 124.78726959228516 1226.3978271484375 530.9344482421875
v 123.35692596435547 1226.1328125 529.9776611328125
v 124.78763580322266 1226.2142333984375 529.9803466796875
v 129.0770721435547 1227.0057373046875 532.8487548828125
v 126.21633911132812 1227.18798828125 534.7516479492188
v 123.35588836669922 1226.6767578125 532.8384399414062
v 126.21700286865234 1226.8389892578125 532.8436279296875
v 124.78843688964844 1225.8155517578125 527.9475708007812
v 124.60956573486328 1225.8291015625 528.0670776367188
v 124.4307861328125 1225.7950439453125 527.9468994140625
v 124.60961151123047 1225.8052978515625 527.947265625
v 125.14603424072266 1225.8599853515625 528.0680541992188
v 126.2186508178711 1226.016845703125 528.549072265625
v 125.50326538085938 1226.0692138671875 529.026123046875
v 125.50345611572266 1225.975341796875 528.5477294921875
v 124.78829193115234 1225.8868408203125 528.3069458007812
v 124.4305419921875 1225.9134521484375 528.5457153320312
v 124.07296752929688 1225.845703125 528.3056640625
v 124.4306411743164 1225.8662109375 528.3063354492188
v 124.69902801513672 1225.8104248046875 527.9473876953125
v 124.6096420288086 1225.79345703125 527.8873291015625
v 124.69905090332031 1225.798583984375 527.887451171875
v 124.96721649169922 1225.8497314453125 528.0677490234375
v 125.50355529785156 1225.9281005859375 528.3082885742188
v 125.14583587646484 1225.95458984375 528.5470581054688
v 125.14593505859375 1225.9073486328125 528.3076171875
v 124.74373626708984 1225.81298828125 527.947509765625
v 124.69904327392578 1225.8045654296875 527.9174194335938
v 124.74374389648438 1225.80712890625 527.9175415039062
v 124.78841400146484 1225.8275146484375 528.0075073242188
v 124.69898223876953 1225.834228515625 528.0672607421875
v 124.60958862304688 1225.8172607421875 528.0071411132812
v 124.69900512695312 1225.8223876953125 528.00732421875
v 124.78834533691406 1225.8631591796875 528.1871948242188
v 124.60946655273438 1225.87646484375 528.306640625
v 124.4306869506836 1225.842529296875 528.1865234375
v 124.6095199584961 1225.852783203125 528.1868896484375
v 124.7437515258789 1225.8040771484375 527.9025268554688
v 124.72138977050781 1225.8057861328125 527.91748046875
v 124.69904327392578 1225.801513671875 527.9024658203125
v 124.72139739990234 1225.8028564453125 527.9025268554688
v 124.65434265136719 1225.7960205078125 527.8873901367188
v 124.6543197631836 1225.807861328125 527.9473266601562
v 124.60962677001953 1225.79931640625 527.9172973632812
v 124.65433502197266 1225.8018798828125 527.9173583984375
v 124.52024841308594 1225.7763671875 527.8272094726562
v 124.52020263671875 1225.8001708984375 527.9470825195312
v 124.4308090209961 1225.7830810546875 527.886962890625
v 124.52022552490234 1225.7882080078125 527.8871459960938
v 124.25199890136719 1225.760986328125 527.82666015625
v 124.25189971923828 1225.80859375 528.06640625
v 124.07311248779297 1225.7745361328125 527.9462280273438
v 124.25194549560547 1225.7847900390625 527.9465942382812
v 123.71556091308594 1225.6824951171875 527.5858154296875
v 123.71537017822266 1225.77783203125 528.0653686523438
v 123.35775756835938 1225.7098388671875 527.8250122070312
v 123.71546936035156 1225.730224609375 527.82568359375
v 122.64220428466797 1225.7169189453125 528.0633544921875
v 121.9268569946289 1225.5810546875 527.5823974609375
v 122.64238739013672 1225.6214599609375 527.583740234375
v 124.73257446289062 1225.803466796875 527.9025268554688
v 124.96723937988281 1225.8377685546875 528.0078125
v 124.87779998779297 1225.844482421875 528.0675659179688
v 124.8778305053711 1225.8326416015625 528.0076904296875
v 125.14598083496094 1225.8837890625 528.1878662109375
v 124.96711730957031 1225.8970947265625 528.3073120117188
v 124.9671630859375 1225.8734130859375 528.1875610351562
v 124.73816680908203 1225.8038330078125 527.9025268554688
v 124.73257446289062 1225.802734375 527.8988037109375
v 124.73816680908203 1225.8031005859375 527.8988037109375
v 124.7437515258789 1225.8055419921875 527.9100341796875
v 124.7325668334961 1225.806396484375 527.91748046875
v 124.72139739990234 1225.8043212890625 527.9099731445312
v 124.73257446289062 1225.804931640625 527.9100341796875
v 124.74374389648438 1225.81005859375 527.9324951171875
v 124.72138214111328 1225.811767578125 527.9474487304688
v 124.69903564453125 1225.8074951171875 527.9324340820312
v 124.72138977050781 1225.8087158203125 527.9324951171875
v 124.7884292602539 1225.821533203125 527.9775390625
v 124.74371337890625 1225.824951171875 528.0074462890625
v 124.69901275634766 1225.81640625 527.9773559570312
v 124.74372100830078 1225.8189697265625 527.9774780273438
v 140.50697326660156 1228.7236328125 538.6138305664062
v 140.50839233398438 1228.065673828125 534.7756958007812
v 137.65139770507812 1227.879638671875 534.7711181640625
v 134.79454040527344 1227.3531494140625 532.8585815429688
v 137.65216064453125 1227.53466796875 532.8633422851562
v 151.93109130859375 1229.5216064453125 538.6298217773438
v 169.0657958984375 1232.0999755859375 546.5394897460938
v 203.42288208007812 1237.73876953125 564.2113647460938
v 157.64111328125 1230.5692138671875 542.53466796875
v 151.92861938476562 1230.704833984375 546.5232543945312
v 146.21826171875 1229.724365234375 542.5206298828125
v 151.92974853515625 1230.132568359375 542.528076171875
v 157.63829040527344 1232.1612548828125 554.9557495117188
v 146.21517944335938 1232.2247314453125 564.1966552734375
v 134.78919982910156 1230.6185302734375 554.92919921875
v 146.21568298339844 1231.3375244140625 554.9437866210938
v 180.50006103515625 1236.3104248046875 586.02978515625
v 157.6444854736328 1234.7154541015625 610.5924682617188
v 134.79161071777344 1232.8526611328125 586.0198974609375
v 157.63937377929688 1234.32568359375 586.0277099609375
v 157.6417694091797 1230.2705078125 540.5758056640625
v 154.78538513183594 1230.34716796875 542.531494140625
v 151.93038940429688 1229.8319091796875 540.569091796875
v 154.78604125976562 1230.0474853515625 540.5725708007812
v 163.35203552246094 1231.60205078125 546.5350341796875
v 180.50013732910156 1234.2049560546875 554.9691772460938
v 169.0632781982422 1233.972900390625 564.2135009765625
v 169.06407165527344 1233.110107421875 554.9644775390625
v 156.21389770507812 1230.1580810546875 540.57421875
v 154.78639221191406 1229.89404296875 539.6007690429688
v 156.21424865722656 1230.0048828125 539.6024780273438
v 155.5003204345703 1229.94921875 539.6016235351562
v 154.7865753173828 1229.81640625 539.1165771484375
v 155.50048828125 1229.8717041015625 539.117431640625
v 153.35891723632812 1229.6290283203125 538.6316528320312
v 153.35821533203125 1229.9388427734375 540.5708618164062
v 151.9307403564453 1229.677978515625 539.5972900390625
v 153.3585662841797 1229.78515625 539.5990600585938
v 149.0753936767578 1229.312255859375 538.6260986328125
v 149.07408142089844 1229.925048828125 542.5244750976562
v 146.2188720703125 1229.421875 540.5615844726562
v 149.07470703125 1229.62353515625 540.5654296875
v 140.50473022460938 1229.9219970703125 546.50830078125
v 134.79132080078125 1228.983642578125 542.5038452148438
v 140.50575256347656 1229.34228515625 542.5125122070312
v 174.7821044921875 1232.6341552734375 546.54296875
v 171.92356872558594 1232.3624267578125 546.5413818359375
v 169.0663604736328 1231.823974609375 544.5279541015625
v 180.5009002685547 1233.7244873046875 550.6724243164062
v 174.78038024902344 1233.6380615234375 554.9673461914062
v 169.0648193359375 1232.6236572265625 550.6671752929688
v 174.78114318847656 1233.1546630859375 550.6703491210938
v 191.95245361328125 1236.307861328125 564.21630859375
v 191.9534912109375 1235.466064453125 554.9691772460938
v 226.36045837402344 1242.3359375 586.0119018554688
v 203.42112731933594 1239.3223876953125 610.5787963867188
v 203.42132568359375 1238.964599609375 586.024169921875
v 314.0787658691406 1261.9566650390625 610.5979614257812
v 270.4054870605469 1247.8184814453125 658.4072875976562
v 270.44390869140625 1251.1292724609375 610.5853271484375
v 400.9823303222656 1262.39453125 752.112548828125
v 314.0111083984375 1199.265869140625 840.27978515625
v 314.0179138183594 1236.56787109375 752.091796875
v 170.4951629638672 1231.9544677734375 544.5289306640625
v 171.92384338378906 1232.2259521484375 545.53173828125
v 170.49459838867188 1232.2301025390625 546.5404663085938
v 169.06607055664062 1231.963134765625 545.5298461914062
v 170.494873046875 1232.0933837890625 545.5308227539062
v 174.78158569335938 1232.8990478515625 548.5877075195312
v 171.922607421875 1232.884521484375 550.6688842773438
v 169.06527709960938 1232.3665771484375 548.5844116210938
v 171.92306518554688 1232.628173828125 548.586181640625
v 163.350341796875 1232.6187744140625 554.9605712890625
v 157.6389923095703 1231.6683349609375 550.6577758789062
v 163.35107421875 1232.129150390625 550.6629638671875
v 166.20864868164062 1231.8466796875 546.5374145507812
v 163.35260009765625 1231.3243408203125 544.5233154296875
v 166.20921325683594 1231.56982421875 544.5257568359375
v 173.3527374267578 1232.4970703125 546.5421752929688
v 173.35301208496094 1232.3609619140625 545.5325927734375
v 172.63839721679688 1232.293212890625 545.5321655273438
v 171.9239959716797 1232.156982421875 545.0298461914062
v 172.6384735107422 1232.2587890625 545.281005859375
v 172.28111267089844 1232.259521484375 545.5319213867188
v 171.92391967773438 1232.1915283203125 545.2805786132812
v 172.28118896484375 1232.22509765625 545.28076171875
v 173.35287475585938 1232.4293212890625 546.036376953125
v 172.6381378173828 1232.429443359375 546.5418090820312
v 171.9237060546875 1232.2945556640625 546.0355224609375
v 172.6382598876953 1232.361572265625 546.0359497070312
v 174.78184509277344 1232.767822265625 547.5609130859375
v 173.35223388671875 1232.762451171875 548.5869750976562
v 171.92330932617188 1232.4964599609375 547.559326171875
v 173.35247802734375 1232.6309814453125 547.5601196289062
v 180.5013427734375 1233.470458984375 548.5899047851562
v 177.64053344726562 1233.4345703125 550.6715087890625
v 177.64097595214844 1233.1798095703125 548.5889282226562
v 186.2242431640625 1234.8134765625 554.9697875976562
v 186.22499084472656 1234.3359375 550.6732177734375
v 171.20933532714844 1232.159423828125 545.5313110351562
v 170.49501037597656 1232.0242919921875 545.0289306640625
v 171.20947265625 1232.09033203125 545.0294189453125
v 172.99569702148438 1232.3270263671875 545.5323486328125
v 183.3623504638672 1234.02490234375 550.6729736328125
v 197.68731689453125 1236.16357421875 554.9673461914062
v 214.8984832763672 1239.347412109375 564.2028198242188
v 189.08819580078125 1235.1341552734375 554.9696655273438
v 186.22459411621094 1234.5792236328125 552.7980346679688
v 189.0885467529297 1234.9005126953125 552.7979736328125
v 191.95289611816406 1235.90478515625 559.4715576171875
v 186.22328186035156 1235.66015625 564.2172241210938
v 180.4995880126953 1234.6488037109375 559.4718627929688
v 186.22366333007812 1235.254638671875 559.4722900390625
v 203.42193603515625 1238.43212890625 574.5672607421875
v 191.9523162841797 1237.546630859375 586.0280151367188
v 180.4992218017578 1235.7657470703125 574.5731811523438
v 191.95205688476562 1237.008544921875 574.5718994140625
v 203.42347717285156 1237.33984375 559.4666748046875
v 197.68618774414062 1237.0008544921875 564.21435546875
v 197.68670654296875 1236.5999755859375 559.4696655273438
v 203.42379760742188 1237.1273193359375 557.1875
v 200.55482482910156 1236.96435546875 559.46826171875
v 197.68699645996094 1236.38623046875 557.1904907226562
v 200.5551300048828 1236.751220703125 557.1891479492188
v 209.16087341308594 1238.5211181640625 564.20751953125
v 209.1615447998047 1238.1241455078125 559.4627075195312
v 226.36346435546875 1241.812255859375 574.5502319335938
v 214.8950958251953 1240.562255859375 586.0186767578125
v 214.89683532714844 1240.0345458984375 574.5598754882812
v 270.46405029296875 1250.8031005859375 585.98095703125
v 248.4793701171875 1246.596435546875 610.5806884765625
v 248.49330139160156 1246.2586669921875 585.99658203125
v 201.98941040039062 1236.9378662109375 557.1883544921875
v 200.55528259277344 1236.641357421875 556.0708618164062
v 201.98956298828125 1236.828125 556.070068359375
v 206.29244995117188 1237.7265625 559.4647827148438
v 201.2724151611328 1236.734375 556.0704956054688
v 199.12098693847656 1236.5673828125 557.1898193359375
v 197.68714904785156 1236.2760009765625 556.0722045898438
v 199.1211395263672 1236.457275390625 556.071533203125
v 194.81993103027344 1235.8092041015625 554.9684448242188
v 194.81932067871094 1236.2467041015625 559.4707641601562
v 191.9531707763672 1235.68994140625 557.1923828125
v 194.81961059570312 1236.032470703125 557.1915893554688
v 201.6309814453125 1236.7811279296875 556.0702514648438
v 201.2724609375 1236.70654296875 555.7930297851562
v 201.6310272216797 1236.7532958984375 555.7928466796875
v 201.98948669433594 1236.88330078125 556.6275024414062
v 201.27224731445312 1236.84423828125 557.188720703125
v 200.55520629882812 1236.696533203125 556.6282958984375
v 201.2723388671875 1236.78955078125 556.6278686523438
v 203.4236297607422 1237.2347412109375 558.3197631835938
v 201.9890899658203 1237.1507568359375 559.467529296875
v 200.5549774169922 1236.85888671875 558.3214111328125
v 201.98924255371094 1237.04541015625 558.3206176757812
v 203.4231719970703 1237.543701171875 561.8064575195312
v 200.5542755126953 1237.3642578125 564.2130126953125
v 197.68643188476562 1236.8048095703125 561.8094482421875
v 200.55453491210938 1237.168701171875 561.8080444335938
v 203.42237854003906 1238.1029052734375 569.2349853515625
v 197.685546875 1237.6978759765625 574.5699462890625
v 191.95216369628906 1236.6759033203125 569.2398681640625
v 197.68580627441406 1237.3668212890625 569.2378540039062
v 203.4238739013672 1237.07275390625 556.6266479492188
v 202.7065887451172 1237.0322265625 557.1879272460938
v 202.7066650390625 1236.9776611328125 556.6270751953125
v 214.8988800048828 1239.1541748046875 561.7977294921875
v 212.0298309326172 1238.9287109375 564.2052612304688
v 209.1612091064453 1238.326904296875 561.802490234375
v 212.0301971435547 1238.735107421875 561.8002319335938
v 220.63406372070312 1240.2174072265625 564.1974487304688
v 214.89767456054688 1239.7081298828125 569.2269287109375
v 209.1595916748047 1239.211181640625 574.5639038085938
v 209.16021728515625 1238.8834228515625 569.2313232421875
v 213.46458435058594 1238.9432373046875 561.7990112304688
v 212.03038024902344 1238.635009765625 560.6224365234375
v 213.4647674560547 1238.84326171875 560.6212158203125
v 217.76663208007812 1239.7769775390625 564.2002563476562
v 226.3647918701172 1241.4884033203125 569.2162475585938
v 220.6320037841797 1240.9017333984375 574.5552978515625
v 220.63308715820312 1240.57666015625 569.2218627929688
v 248.49903869628906 1245.7413330078125 574.527587890625
v 237.44297790527344 1244.2181396484375 586.0044555664062
v 237.4473419189453 1243.69775390625 574.5394287109375
v 231.90867614746094 1242.735107421875 574.5449829101562
v 231.91024780273438 1242.412353515625 569.2103881835938
v 242.9779510498047 1244.699951171875 574.5335693359375
v 259.5001525878906 1248.45458984375 585.9886474609375
v 292.2813720703125 1256.257080078125 610.5914306640625
v 357.7083740234375 1271.2255859375 658.4803466796875
v 259.5038757324219 1248.2200927734375 580.1375732421875
v 254.0026397705078 1247.33740234375 585.9926147460938
v 248.49630737304688 1246.02294921875 580.1477661132812
v 254.00601196289062 1247.102294921875 580.1427001953125
v 270.4543762207031 1251.1024169921875 598.155029296875
v 259.48284912109375 1248.7869873046875 610.582763671875
v 248.48660278320312 1246.5634765625 598.16064453125
v 259.4918518066406 1248.7568359375 598.1576538085938
v 270.4228210449219 1250.1690673828125 634.82568359375
v 248.45318603515625 1243.3345947265625 658.37109375
v 226.34730529785156 1241.7518310546875 634.78515625
v 248.46490478515625 1245.654052734375 634.8031616210938
v 314.0206604003906 1249.730712890625 705.745849609375
v 270.3876953125 1226.35302734375 751.9496459960938
v 226.34304809570312 1231.117919921875 705.5371704101562
v 270.39166259765625 1239.28955078125 705.6393432617188
v 259.5055847167969 1248.0853271484375 577.29443359375
v 256.7563781738281 1247.656494140625 580.14013671875
v 254.00758361816406 1246.9671630859375 577.300048828125
v 256.7580261230469 1247.521484375 577.2972412109375
v 264.9868469238281 1249.6099853515625 585.9847412109375
v 281.39532470703125 1253.3013916015625 585.973876953125
v 275.93310546875 1252.03369140625 585.977294921875
v 292.2934265136719 1256.2393798828125 598.1514282226562
v 281.37310791015625 1253.6202392578125 610.5882568359375
v 281.3846435546875 1253.5975341796875 598.1528930664062
v 314.05645751953125 1260.9364013671875 634.8656005859375
v 292.2370910644531 1252.8809814453125 658.4425048828125
v 292.257080078125 1255.271240234375 634.8480224609375
v 335.9049072265625 1268.1942138671875 610.604248046875
v 292.29913330078125 1256.123779296875 592.0
v 286.841064453125 1254.9002685546875 598.152099609375
v 281.39013671875 1253.4798583984375 592.0037841796875
v 286.8467102050781 1254.7835693359375 592.0017700195312
v 314.0895080566406 1261.9522705078125 598.1510009765625
v 303.17962646484375 1259.036865234375 610.5946655273438
v 303.19146728515625 1259.025146484375 598.1507568359375
v 286.8493957519531 1254.7020263671875 588.9678955078125
v 284.1190185546875 1254.127197265625 592.0027465820312
v 281.39276123046875 1253.3978271484375 588.9705200195312
v 284.1217041015625 1254.0452880859375 588.9691772460938
v 275.9228820800781 1252.3314208984375 598.1539306640625
v 270.4593505859375 1250.9830322265625 592.0084228515625
v 275.9281311035156 1252.212890625 592.0060424804688
v 286.8507385253906 1254.65576171875 587.4642333984375
v 285.4856872558594 1254.37255859375 588.968505859375
v 284.12298583984375 1253.9990234375 587.4656372070312
v 285.48699951171875 1254.326171875 587.4649658203125
v 289.5733337402344 1255.44921875 592.0008544921875
v 297.74310302734375 1257.6143798828125 598.1510009765625
v 297.7488098144531 1257.5001220703125 591.9984741210938
v 303.19427490234375 1258.976806640625 595.0625610351562
v 300.4673767089844 1258.3153076171875 598.15087890625
v 297.7460021972656 1257.5654296875 595.0632934570312
v 300.4702453613281 1258.2667236328125 595.0628662109375
v 308.6398010253906 1260.47119140625 598.1507568359375
v 324.9882507324219 1265.0126953125 610.6011962890625
v 357.7163391113281 1273.7664794921875 634.8759765625
v 335.8764953613281 1264.6424560546875 658.4812622070312
v 335.8907165527344 1267.1309814453125 634.8746337890625
v 401.0071716308594 1276.0621337890625 705.776123046875
v 357.661865234375 1248.811767578125 752.1393432617188
v 357.68707275390625 1262.213623046875 705.7853393554688
v 489.10894775390625 1253.0150146484375 840.1756591796875
v 489.1683044433594 1292.9798583984375 752.0535888671875
v 303.1856384277344 1259.0692138671875 604.3682861328125
v 297.7310791015625 1257.6292724609375 610.593017578125
v 292.2874755859375 1256.2862548828125 604.366943359375
v 297.7371826171875 1257.6600341796875 604.3675537109375
v 314.0675354003906 1261.6259765625 622.877197265625
v 303.15557861328125 1258.034912109375 634.857666015625
v 292.26904296875 1255.9422607421875 622.8646850585938
v 303.16741943359375 1258.7147216796875 622.8713989257812
v 303.1956787109375 1258.946533203125 593.526611328125
v 301.832275390625 1258.62060546875 595.062744140625
v 300.47161865234375 1258.2362060546875 593.5270385742188
v 301.8336486816406 1258.5902099609375 593.52685546875
v 305.9155578613281 1259.7437744140625 598.1507568359375
v 305.9183349609375 1259.6959228515625 595.0623168945312
v 314.084228515625 1261.9927978515625 604.3701171875
v 308.6283874511719 1260.4794921875 610.5963134765625
v 308.6341857910156 1260.513671875 604.369140625
v 301.15264892578125 1258.4129638671875 593.5269165039062
v 300.4723205566406 1258.219482421875 592.7615966796875
v 301.1533508300781 1258.396240234375 592.7614135742188
v 299.1109619140625 1257.849853515625 591.9981689453125
v 299.108154296875 1257.9149169921875 595.0630493164062
v 297.7474060058594 1257.5347900390625 593.527587890625
v 299.10955810546875 1257.8843994140625 593.52734375
v 295.02423095703125 1256.8074951171875 591.9992065429688
v 295.0185241699219 1256.92236328125 598.1511840820312
v 292.29632568359375 1256.189697265625 595.0642700195312
v 295.02142333984375 1256.873046875 595.063720703125
v 300.8128356933594 1258.3077392578125 592.761474609375
v 300.4726867675781 1258.210693359375 592.3794555664062
v 300.81317138671875 1258.299072265625 592.37939453125
v 299.79058837890625 1258.0599365234375 593.5271606445312
v 299.1102600097656 1257.8675537109375 592.7618408203125
v 299.7912902832031 1258.043212890625 592.76171875
v 302.5146789550781 1258.76806640625 593.5267333984375
v 304.5563049316406 1259.335205078125 595.0624389648438
v 324.9927062988281 1265.053466796875 604.3724365234375
v 319.5320129394531 1263.4681396484375 610.599609375
v 319.5370178222656 1263.5064697265625 604.3712158203125
v 335.8980712890625 1267.843017578125 622.88525390625
v 324.9693908691406 1263.9718017578125 634.8712158203125
v 324.9788818359375 1264.6722412109375 622.8818359375
v 319.5394592285156 1263.496337890625 601.2568359375
v 316.8102111816406 1262.745361328125 604.3706665039062
v 314.0868835449219 1261.981689453125 601.2560424804688
v 316.8127746582031 1262.7347412109375 601.2564086914062
v 445.0053405761719 1300.776123046875 658.4426879882812
v 357.7189636230469 1274.501953125 622.8889770507812
v 346.8099060058594 1270.400390625 634.8760986328125
v 346.8148498535156 1271.124267578125 622.8875732421875
v 401.0243225097656 1287.9429931640625 634.8660278320312
v 379.44488525390625 1278.1458740234375 658.4713134765625
v 379.4483947753906 1280.7344970703125 634.8722534179688
v 379.4480895996094 1281.4898681640625 622.8896484375
v 368.599365234375 1277.2156982421875 634.8745727539062
v 368.6001281738281 1277.9617919921875 622.8896484375
v 363.1630554199219 1276.222412109375 622.889404296875
v 357.7198486328125 1274.733642578125 616.79150390625
v 363.16339111328125 1276.4566650390625 616.7924194335938
v 360.4423828125 1275.5926513671875 616.7919921875
v 352.2691345214844 1272.802001953125 622.8883666992188
v 346.8170166015625 1271.3505859375 616.7893676757812
v 352.2706298828125 1273.031005859375 616.79052734375
v 361.8031005859375 1276.0240478515625 616.7921752929688
v 360.4424743652344 1275.6365966796875 615.2540283203125
v 374.0289001464844 1279.7181396484375 622.8897094726562
v 390.2549133300781 1284.310791015625 634.8692626953125
v 423.0174865722656 1292.9102783203125 658.4474487304688
v 489.16436767578125 1307.400146484375 705.7841186523438
v 445.0217590332031 1277.2325439453125 752.06787109375
v 445.0173645019531 1291.234619140625 705.763671875
v 363.16326904296875 1276.3509521484375 619.8512573242188
v 360.4418029785156 1275.3597412109375 622.8892211914062
v 357.7194519042969 1274.629150390625 619.8506469726562
v 360.442138671875 1275.4876708984375 619.8509521484375
v 368.5999450683594 1277.634033203125 628.9112548828125
v 363.16143798828125 1275.4815673828125 634.8753662109375
v 357.7178039550781 1274.1793212890625 628.91162109375
v 363.16241455078125 1275.897216796875 628.9115600585938
v 379.4472961425781 1279.6181640625 646.6883544921875
v 368.5940856933594 1274.650146484375 658.4765625
v 357.7127380371094 1272.6727294921875 646.6956787109375
v 368.5972900390625 1276.110107421875 646.692626953125
v 401.015380859375 1281.321533203125 682.0610961914062
v 379.424560546875 1269.0137939453125 705.7839965820312
v 357.69842529296875 1267.3447265625 682.0769653320312
v 379.4366149902344 1274.2076416015625 682.0713500976562
v 363.16339111328125 1276.4794921875 616.024169921875
v 362.4832763671875 1276.240234375 616.7922973632812
v 361.8031311035156 1276.046875 616.0239868164062
v 362.4833068847656 1276.2630615234375 616.0240478515625
v 364.5232238769531 1276.890380859375 616.7926025390625
v 368.6001281738281 1278.091552734375 619.851806640625
v 365.882568359375 1277.08984375 622.8895263671875
v 365.88262939453125 1277.218994140625 619.8515625
v 363.163330078125 1276.40673828125 618.3245849609375
v 361.80291748046875 1275.918701171875 619.8511352539062
v 360.4422912597656 1275.54296875 618.32421875
v 361.8030090332031 1275.9742431640625 618.3244018554688
v 362.8233642578125 1276.3712158203125 616.0241088867188
v 363.8433532714844 1276.67333984375 616.79248046875
v 365.8826599121094 1277.2750244140625 618.3248901367188
v 364.523193359375 1276.784423828125 619.8514404296875
v 364.5232238769531 1276.84033203125 618.3247680664062
v 362.9933776855469 1276.4254150390625 616.024169921875
v 362.8233642578125 1276.376708984375 615.8318481445312
v 363.16339111328125 1276.46826171875 616.408447265625
v 362.8233642578125 1276.348388671875 616.7923583984375
v 362.4833068847656 1276.2518310546875 616.4083862304688
v 362.8233642578125 1276.3599853515625 616.4083862304688
v 363.1633605957031 1276.432373046875 617.5592041015625
v 362.48321533203125 1276.1903076171875 618.324462890625
v 361.8030700683594 1275.9998779296875 617.5589599609375
v 362.4832763671875 1276.2159423828125 617.55908203125
v 363.16339111328125 1276.4822998046875 615.9280395507812
v 363.0783996582031 1276.452392578125 616.024169921875
v 362.9933776855469 1276.4281005859375 615.9280395507812
v 363.0783996582031 1276.4552001953125 615.9280395507812
v 363.8433532714844 1276.68505859375 616.4085693359375
v 363.5033874511719 1276.56494140625 616.7924194335938
v 363.5033874511719 1276.57666015625 616.4085083007812
v 364.5232238769531 1276.8660888671875 617.5593872070312
v 363.84332275390625 1276.623291015625 618.3246459960938
v 363.8433532714844 1276.6490478515625 617.5592651367188
v 363.16339111328125 1276.473876953125 616.2163696289062
v 362.9933776855469 1276.4141845703125 616.408447265625
v 362.8233642578125 1276.36572265625 616.21630859375
v 362.9933776855469 1276.4197998046875 616.2163696289062
v 363.0783996582031 1276.45654296875 615.8799438476562
v 363.035888671875 1276.441650390625 615.9280395507812
v 362.9933776855469 1276.429443359375 615.8799438476562
v 363.035888671875 1276.4429931640625 615.8799438476562
v 362.90838623046875 1276.40380859375 615.8318481445312
v 362.90838623046875 1276.3983154296875 616.024169921875
v 362.8233642578125 1276.3740234375 615.927978515625
v 362.90838623046875 1276.4010009765625 615.9280395507812
v 362.6533508300781 1276.317138671875 616.0241088867188
v 362.4833068847656 1276.2685546875 615.831787109375
v 362.6533508300781 1276.3226318359375 615.831787109375
v 362.1432189941406 1276.1549072265625 616.0239868164062
v 361.8031311035156 1276.0577392578125 615.6392822265625
v 362.14324951171875 1276.165771484375 615.6393432617188
v 361.12286376953125 1275.852294921875 615.254150390625
v 361.122802734375 1275.8082275390625 616.7920532226562
v 360.44244384765625 1275.6153564453125 616.0237426757812
v 361.1228332519531 1275.8309326171875 616.0238647460938
v 359.081298828125 1275.1624755859375 616.791748046875
v 357.7200012207031 1274.7772216796875 615.2535400390625
v 359.0814208984375 1275.206298828125 615.2537841796875
v 354.995849609375 1273.879638671875 616.791015625
v 352.2712707519531 1273.111328125 613.7088623046875
v 354.996337890625 1273.9605712890625 613.70947265625
v 363.035888671875 1276.4437255859375 615.8558959960938
v 363.0146484375 1276.436279296875 615.8799438476562
v 362.9933776855469 1276.43017578125 615.8558959960938
v 363.0146484375 1276.4368896484375 615.8558959960938
v 362.9508972167969 1276.4173583984375 615.8318481445312
v 362.9508972167969 1276.41455078125 615.9280395507812
v 362.90838623046875 1276.4024658203125 615.8799438476562
v 362.9508972167969 1276.4158935546875 615.8799438476562
v 363.05712890625 1276.4498291015625 615.8799438476562
v 363.1208801269531 1276.46875 615.9280395507812
v 363.5033874511719 1276.582275390625 616.2164306640625
v 363.3334045410156 1276.5224609375 616.4085083007812
v 363.3334045410156 1276.528076171875 616.2163696289062
v 363.04119873046875 1276.4454345703125 615.8558959960938
v 363.05712890625 1276.4500732421875 615.867919921875
v 363.0465087890625 1276.4464111328125 615.8799438476562
v 363.035888671875 1276.443359375 615.867919921875
v 363.0465087890625 1276.44677734375 615.867919921875
v 363.0783996582031 1276.4559326171875 615.9039916992188
v 363.05712890625 1276.4483642578125 615.9280395507812
v 363.035888671875 1276.4423828125 615.9039916992188
v 363.05712890625 1276.4490966796875 615.9039916992188
v 363.0783996582031 1276.453857421875 615.9761352539062
v 363.035888671875 1276.4388427734375 616.024169921875
v 362.9933776855469 1276.4267578125 615.97607421875
v 363.035888671875 1276.4403076171875 615.97607421875
v 363.16339111328125 1276.4766845703125 616.1203002929688
v 363.0783996582031 1276.4468994140625 616.2163696289062
v 362.9933776855469 1276.422607421875 616.1202392578125
v 363.0783996582031 1276.44970703125 616.1203002929688
v 363.0252685546875 1276.4403076171875 615.8558959960938
v 363.0465087890625 1276.4468994140625 615.8619384765625
v 363.04119873046875 1276.445068359375 615.867919921875
v 363.035888671875 1276.4434814453125 615.8619384765625
v 363.04119873046875 1276.4451904296875 615.8619384765625
v 363.0252685546875 1276.439697265625 615.8799438476562
v 363.0146484375 1276.4366455078125 615.867919921875
v 363.0252685546875 1276.43994140625 615.867919921875
v 363.0146484375 1276.4349365234375 615.9280395507812
v 362.9933776855469 1276.4288330078125 615.9039916992188
v 363.0146484375 1276.435546875 615.9039916992188
v 363.05712890625 1276.4503173828125 615.8619384765625
v 363.05181884765625 1276.448486328125 615.867919921875
v 363.05181884765625 1276.4486083984375 615.8619384765625
v 363.0677795410156 1276.453125 615.8799438476562
v 363.0677795410156 1276.4534912109375 615.867919921875
v 363.05181884765625 1276.44873046875 615.8589477539062
v 363.0491638183594 1276.44775390625 615.8619384765625
v 363.0465087890625 1276.447021484375 615.8589477539062
v 363.0491638183594 1276.4478759765625 615.8589477539062
v 390.2548828125 1284.73779296875 628.9083862304688
v 384.8569641113281 1282.515869140625 634.8707885742188
v 379.44842529296875 1281.1575927734375 628.9100952148438
v 384.85693359375 1282.9410400390625 628.9092407226562
v 401.0230712890625 1286.8094482421875 646.6781616210938
v 390.251953125 1281.70166015625 658.4651489257812
v 390.2539978027344 1283.1851806640625 646.6834106445312
v 384.8567810058594 1283.1195068359375 625.90771484375
v 382.1540832519531 1282.047607421875 628.90966796875
v 379.44830322265625 1281.3350830078125 625.908203125
v 382.1539306640625 1282.2257080078125 625.907958984375
v 374.02880859375 1278.96728515625 634.8734741210938
v 374.029052734375 1279.3880615234375 628.9107055664062
v 376.7397766113281 1280.6021728515625 622.8897094726562
v 384.8566589355469 1283.2001953125 624.4008178710938
v 383.50567626953125 1282.672119140625 625.9078369140625
v 382.15380859375 1282.30615234375 624.4010009765625
v 383.5055847167969 1282.752685546875 624.40087890625
v 387.55712890625 1283.8377685546875 628.9088134765625
v 395.6435546875 1286.1197509765625 634.86767578125
v 395.6436767578125 1286.5484619140625 628.9073486328125
v 412.030517578125 1291.724853515625 634.86279296875
v 392.9503479003906 1285.641357421875 628.9078979492188
v 406.5300598144531 1289.8260498046875 634.8643798828125
v 423.0192565917969 1294.4241943359375 646.6686401367188
v 412.02667236328125 1289.080078125 658.45263671875
v 412.0286560058594 1290.584228515625 646.6729736328125
v 445.0100402832031 1296.6561279296875 682.0486450195312
v 423.0149841308594 1283.523193359375 705.7672729492188
v 423.0158386230469 1288.857177734375 682.051513671875
v 396.9895935058594 1287.0032958984375 628.9071044921875
v 401.0245361328125 1288.1695556640625 631.8923950195312
v 398.3348388671875 1287.029541015625 634.8668823242188
v 395.6436462402344 1286.345458984375 631.8937377929688
v 398.3349914550781 1287.2557373046875 631.89306640625
v 401.0238037109375 1287.4215087890625 640.784423828125
v 395.64251708984375 1284.989990234375 646.6807861328125
v 390.2546081542969 1283.79296875 640.7886962890625
v 395.6431579589844 1285.60009765625 640.7865600585938
v 396.31671142578125 1286.7757568359375 628.9072265625
v 398.33502197265625 1287.3602294921875 630.4016723632812
v 396.98956298828125 1286.8001708984375 631.8934326171875
v 395.6436767578125 1286.4498291015625 630.4022216796875
v 396.9895935058594 1286.904541015625 630.4019775390625
v 392.9502868652344 1285.2135009765625 634.8684692382812
v 390.25494384765625 1284.53564453125 631.89501953125
v 392.9503479003906 1285.4388427734375 631.8944091796875
v 394.2972717285156 1286.094482421875 628.9076538085938
v 397.662353515625 1287.13232421875 630.4017944335938
v 396.9895935058594 1286.95458984375 629.6549682617188
v 397.6623840332031 1287.182373046875 629.6548461914062
v 399.6799621582031 1287.712158203125 631.8927612304688
v 399.6800231933594 1287.8167724609375 630.4013671875
v 403.7779541015625 1288.882568359375 634.865234375
v 403.7781982421875 1289.1094970703125 631.8917236328125
v 412.02960205078125 1291.2001953125 640.7801513671875
v 406.52850341796875 1288.6888427734375 646.675537109375
v 406.52935791015625 1289.302978515625 640.7822265625
v 397.6623840332031 1287.2069091796875 629.281005859375
v 397.3260192871094 1287.0684814453125 629.6549072265625
v 396.9895935058594 1286.9791259765625 629.2811889648438
v 397.3260192871094 1287.093017578125 629.2810668945312
v 396.3166809082031 1286.6771240234375 630.402099609375
v 395.6436767578125 1286.4998779296875 629.6552734375
v 396.31671142578125 1286.7271728515625 629.6550903320312
v 394.2972717285156 1285.8917236328125 631.8941040039062
v 392.95037841796875 1285.54296875 630.40283203125
v 394.2972717285156 1285.9959716796875 630.4025268554688
v 467.05682373046875 1308.9217529296875 658.4478759765625
v 423.0203552246094 1295.043701171875 640.7764282226562
v 417.5250549316406 1292.495849609375 646.6707153320312
v 417.526123046875 1293.11376953125 640.7781982421875
v 434.0061340332031 1296.8082275390625 658.4439697265625
v 434.0072937011719 1298.33203125 646.66552734375
v 417.5266418457031 1293.38818359375 637.8238525390625
v 414.7782287597656 1292.1549072265625 640.7791137695312
v 412.03009033203125 1291.4739990234375 637.8255615234375
v 414.77874755859375 1292.4290771484375 637.82470703125
v 409.2808532714844 1290.7734375 634.8635864257812
v 414.77899169921875 1292.5574951171875 636.344482421875
v 413.4045104980469 1291.9510498046875 637.8251342773438
v 412.0303039550781 1291.602294921875 636.3453369140625
v 413.4047546386719 1292.079345703125 636.3449096679688
v 409.2800598144531 1290.2496337890625 640.7811279296875
v 406.52972412109375 1289.575927734375 637.827392578125
v 409.2804870605469 1290.52294921875 637.8264770507812
v 410.65582275390625 1291.2486572265625 634.8632202148438
v 413.4048767089844 1292.141357421875 635.6039428710938
v 412.7175598144531 1291.8406982421875 636.3451538085938
v 412.0304260253906 1291.664306640625 635.6043701171875
v 412.7176818847656 1291.9027099609375 635.6041870117188
v 410.6553955078125 1290.9979248046875 637.8260498046875
v 409.2806701660156 1290.6510009765625 636.34619140625
v 410.6556091308594 1291.126220703125 636.3457641601562
v 414.0918884277344 1292.318359375 636.3447265625
v 414.0920104980469 1292.38037109375 635.603759765625
v 416.15277099609375 1292.9080810546875 637.8242797851562
v 420.2734375 1294.07666015625 640.7772827148438
v 428.5128173828125 1296.3695068359375 646.6668701171875
v 434.00775146484375 1298.655029296875 643.7216186523438
v 431.2598571777344 1297.3486328125 646.6661376953125
v 428.5133361816406 1296.691650390625 643.722900390625
v 431.2603454589844 1297.671142578125 643.72216796875
v 439.5042419433594 1300.3121337890625 646.6646118164062
v 456.0240173339844 1304.815185546875 658.4441528320312
v 489.14892578125 1313.03662109375 682.072509765625
v 467.08343505859375 1299.198974609375 705.7698364257812
v 467.0697937011719 1304.7236328125 682.0565795898438
v 576.7754516601562 1341.9521484375 705.8577270507812
v 533.0573120117188 1309.5823974609375 752.0652465820312
v 533.0906982421875 1324.4205322265625 705.823974609375
v 434.0065612792969 1297.6163330078125 652.5499267578125
v 428.51129150390625 1294.8505859375 658.4454345703125
v 423.0182800292969 1293.712890625 652.5533447265625
v 428.5119323730469 1295.6558837890625 652.5514526367188
v 445.007080078125 1298.8900146484375 670.2019653320312
v 434.00732421875 1292.7230224609375 682.0488891601562
v 423.0163879394531 1291.0537109375 670.2059936523438
v 434.0062255859375 1294.9373779296875 670.2026977539062
v 442.25408935546875 1301.3089599609375 646.664306640625
v 445.00506591796875 1301.590087890625 652.548583984375
v 439.5036315917969 1298.783203125 658.4429931640625
v 439.5037536621094 1299.59423828125 652.5490112304688
v 443.6294860839844 1301.80908203125 646.6642456054688
v 456.0226745605469 1305.63525390625 652.5497436523438
v 450.51239013671875 1302.7869873046875 658.443115234375
v 450.5115966796875 1303.6038818359375 652.5488891601562
v 467.06292724609375 1307.00146484375 670.2088012695312
v 456.0328063964844 1300.6573486328125 682.0513305664062
v 456.0278625488281 1302.9124755859375 670.2041015625
v 445.00506591796875 1301.9619140625 649.6062622070312
v 442.2538146972656 1300.58984375 652.5487060546875
v 439.50396728515625 1299.96484375 649.6066284179688
v 442.25390625 1300.961181640625 649.6063842773438
v 445.005126953125 1302.1390380859375 648.1353149414062
v 443.62933349609375 1301.4609375 649.6062622070312
v 442.2539978027344 1301.137939453125 648.1354370117188
v 443.62939453125 1301.637939453125 648.1353759765625
v 450.5113525390625 1303.9769287109375 649.6064453125
v 447.7576904296875 1302.5947265625 652.5486450195312
v 447.7575988769531 1302.9671630859375 649.6062622070312
v 445.005126953125 1302.225341796875 647.3997802734375
v 444.31719970703125 1301.8883056640625 648.1353149414062
v 443.6294250488281 1301.7242431640625 647.3998413085938
v 444.3172302246094 1301.974609375 647.3997802734375
v 446.38116455078125 1302.4639892578125 649.6062622070312
v 446.38116455078125 1302.6412353515625 648.1353149414062
v 444.66119384765625 1302.0999755859375 647.3997802734375
v 444.3172607421875 1302.0172119140625 647.0320434570312
v 444.66119384765625 1302.142578125 647.031982421875
v 445.693115234375 1302.3900146484375 648.1353149414062
v 445.693115234375 1302.476318359375 647.3997802734375
v 444.8331604003906 1302.205322265625 647.031982421875
v 445.34912109375 1302.350830078125 647.3997802734375
v 444.7471923828125 1302.1739501953125 647.031982421875
v 445.0051574707031 1302.2467041015625 647.2158813476562
v 444.8331604003906 1302.1627197265625 647.3997802734375
v 444.66119384765625 1302.121337890625 647.2158813476562
v 444.8331604003906 1302.18408203125 647.2158813476562
v 445.005126953125 1302.182373046875 647.767578125
v 444.6611633300781 1302.013671875 648.1353149414062
v 444.3172302246094 1301.931640625 647.767578125
v 444.6611633300781 1302.0570068359375 647.767578125
v 445.0050964355469 1302.0511474609375 648.8707885742188
v 444.3171691894531 1301.7113037109375 649.6062622070312
v 443.6293640136719 1301.5501708984375 648.870849609375
v 444.31719970703125 1301.800537109375 648.8707885742188
v 445.00506591796875 1301.7789306640625 651.0772705078125
v 443.6292724609375 1301.08935546875 652.5486450195312
v 442.25384521484375 1300.7784423828125 651.077392578125
v 443.6293029785156 1301.278076171875 651.0772705078125
v 445.0051574707031 1301.19482421875 655.493408203125
v 442.2538757324219 1299.7774658203125 658.4427490234375
v 439.503662109375 1299.2003173828125 655.4937133789062
v 442.2537841796875 1300.1953125 655.4934692382812
v 445.00604248046875 1299.8779296875 664.3077392578125
v 439.5044860839844 1296.9049072265625 670.2019653320312
v 434.00604248046875 1295.9169921875 664.308837890625
v 439.5038757324219 1297.888671875 664.3079223632812
v 444.4892272949219 1302.0799560546875 647.031982421875
v 443.97332763671875 1301.849365234375 647.3998413085938
v 443.62945556640625 1301.766845703125 647.0320434570312
v 443.9733581542969 1301.8919677734375 647.0320434570312
v 442.941650390625 1301.3878173828125 648.1353759765625
v 442.2540588378906 1301.2242431640625 647.39990234375
v 442.94171142578125 1301.47412109375 647.39990234375
v 440.8790283203125 1300.81005859375 646.6644287109375
v 440.8787841796875 1300.46240234375 649.6065063476562
v 439.50408935546875 1300.1414794921875 648.1356811523438
v 440.87890625 1300.63916015625 648.1355590820312
v 436.75537109375 1299.31982421875 646.6649780273438
v 436.7547607421875 1298.60302734375 652.5493774414062
v 434.00689697265625 1297.9857177734375 649.6076049804688
v 436.7550048828125 1298.97314453125 649.6070556640625
v 444.7901916503906 1302.1895751953125 647.031982421875
v 444.7471923828125 1302.17919921875 646.9860229492188
v 444.7901916503906 1302.1949462890625 646.9860229492188
v 444.8331604003906 1302.1947021484375 647.1239624023438
v 444.7471618652344 1302.1527099609375 647.2158813476562
v 444.66119384765625 1302.1319580078125 647.1239624023438
v 444.7471923828125 1302.163330078125 647.1239624023438
v 444.48919677734375 1302.037353515625 647.3997802734375
v 444.3172607421875 1301.9959716796875 647.2159423828125
v 444.4892272949219 1302.0587158203125 647.2158813476562
v 444.7686767578125 1302.1871337890625 646.9860229492188
v 444.7041931152344 1302.1583251953125 647.031982421875
v 444.66119384765625 1302.14794921875 646.9860229492188
v 444.7041931152344 1302.16357421875 646.9860229492188
v 444.5752258300781 1302.1112060546875 647.031982421875
v 444.4892272949219 1302.090576171875 646.9400634765625
v 444.5752258300781 1302.121826171875 646.9400634765625
v 445.0051574707031 1302.25732421875 647.1239624023438
v 444.9191589355469 1302.21533203125 647.2158813476562
v 444.9191589355469 1302.22607421875 647.1239624023438
v 445.34912109375 1302.3721923828125 647.2158813476562
v 445.1771240234375 1302.2880859375 647.3997802734375
v 445.1771240234375 1302.3094482421875 647.2158813476562
v 445.693115234375 1302.433349609375 647.7675170898438
v 445.3490905761719 1302.2645263671875 648.1353149414062
v 445.34912109375 1302.307861328125 647.767578125
v 446.38116455078125 1302.5533447265625 648.8707885742188
v 445.6930847167969 1302.2127685546875 649.6062622070312
v 445.6930847167969 1302.3021240234375 648.8707885742188
v 447.75762939453125 1302.783935546875 651.0772705078125
v 446.3812255859375 1302.091796875 652.5486450195312
v 446.3811950683594 1302.2808837890625 651.0772705078125
v 450.5119323730469 1303.2071533203125 655.4937133789062
v 447.7582092285156 1301.779296875 658.4428100585938
v 447.7579040527344 1302.19873046875 655.4934692382812
v 456.0257568359375 1303.909423828125 664.3095703125
v 450.5151062011719 1300.8927001953125 670.20263671875
v 450.5135498046875 1301.885009765625 664.3082885742188
v 444.8331604003906 1302.2078857421875 647.009033203125
v 444.8116760253906 1302.197509765625 647.031982421875
v 444.7901916503906 1302.1922607421875 647.009033203125
v 444.8116760253906 1302.2000732421875 647.009033203125
v 444.8331604003906 1302.199951171875 647.0780029296875
v 444.7901611328125 1302.178955078125 647.1239624023438
v 444.7471923828125 1302.1685791015625 647.0780029296875
v 444.7901916503906 1302.184326171875 647.0780029296875
v 461.5391845703125 1306.8603515625 658.4457397460938
v 464.2977600097656 1307.8890380859375 658.44677734375
v 461.53814697265625 1307.283935546875 655.4961547851562
v 464.29656982421875 1308.3134765625 655.4970703125
v 489.1396179199219 1315.3619384765625 670.2233276367188
v 478.11163330078125 1308.851318359375 682.0638427734375
v 478.10321044921875 1311.1527099609375 670.2153930664062
v 533.0933227539062 1330.2694091796875 682.1103515625
v 511.1825256347656 1315.8172607421875 705.8031616210938
v 511.1724853515625 1321.56494140625 682.0919189453125
v 467.0597229003906 1308.0079345703125 664.3137817382812
v 461.5441589355469 1304.948974609375 670.2061767578125
v 461.54150390625 1305.9505615234375 664.3114013671875
v 462.91729736328125 1307.7982177734375 655.49658203125
v 461.53765869140625 1307.48681640625 654.023193359375
v 458.7812194824219 1305.835693359375 658.4448852539062
v 456.0232849121094 1305.237060546875 655.4946899414062
v 458.7803649902344 1306.2584228515625 655.495361328125
v 460.1591796875 1306.770751953125 655.4957275390625
v 458.7799377441406 1306.4609375 654.0223999023438
v 460.1587219238281 1306.9732666015625 654.0227661132812
v 478.09906005859375 1312.1690673828125 664.3198852539062
v 472.5829772949219 1309.069580078125 670.2119140625
v 472.57928466796875 1310.0809326171875 664.316650390625
v 463.6069030761719 1308.0557861328125 655.496826171875
v 462.9170227050781 1307.9005126953125 654.760009765625
v 463.60662841796875 1308.1580810546875 654.7601928710938
v 464.2971496582031 1308.104248046875 656.9712524414062
v 462.9184265136719 1307.374267578125 658.4462280273438
v 461.5386657714844 1307.0751953125 656.9702758789062
v 462.9178466796875 1307.5892333984375 656.970703125
v 467.0582275390625 1308.4766845703125 661.3768920898438
v 464.3003845214844 1306.977294921875 664.3125610351562
v 461.5403137207031 1306.4171142578125 661.3746337890625
v 464.2990417480469 1307.44482421875 661.3756713867188
v 489.1347961425781 1316.38818359375 664.3271484375
v 483.6224670410156 1313.2503662109375 670.21923828125
v 483.617919921875 1314.2716064453125 664.3234252929688
v 500.1723327636719 1317.2757568359375 682.0820922851562
v 500.1631164550781 1319.624755859375 670.23193359375
v 480.8586730957031 1313.218505859375 664.3215942382812
v 478.0970153808594 1312.64208984375 661.3826293945312
v 480.85650634765625 1313.692626953125 661.38427734375
v 479.476806640625 1313.1668701171875 661.3834838867188
v 475.3392028808594 1311.1231689453125 664.3182373046875
v 472.5774841308594 1310.5517578125 661.3795776367188
v 475.3372802734375 1311.5950927734375 661.3810424804688
v 482.23614501953125 1314.21923828125 661.3851318359375
v 486.3766784667969 1315.3282470703125 664.3252563476562
v 494.653564453125 1317.4869384765625 670.2275390625
v 481.54632568359375 1313.955810546875 661.3847045898438
v 483.6167907714844 1314.51220703125 662.853759765625
v 482.23834228515625 1313.74462890625 664.322509765625
v 480.8575744628906 1313.4586181640625 662.8519897460938
v 482.23724365234375 1313.9849853515625 662.8528442382812
v 483.6202087402344 1313.772705078125 667.2681274414062
v 480.863037109375 1312.1998291015625 670.21728515625
v 478.1011047363281 1311.6724853515625 667.2644653320312
v 480.86083984375 1312.7208251953125 667.2662353515625
v 489.14434814453125 1314.2435302734375 676.1409912109375
v 483.6314392089844 1310.93701171875 682.0680541992188
v 478.107421875 1310.045654296875 676.1326293945312
v 483.6269836425781 1312.1375732421875 676.1366577148438
v 489.1573486328125 1310.3726806640625 693.946533203125
v 478.12689208984375 1303.271240234375 705.7761840820312
v 467.07684326171875 1302.1141357421875 693.9306030273438
v 478.1197204589844 1306.21484375 693.9378051757812
v 489.1721496582031 1300.64501953125 729.1632080078125
v 467.0927429199219 1284.9947509765625 752.056396484375
v 445.02276611328125 1284.69384765625 729.1597290039062
v 467.0927429199219 1292.554931640625 729.1571044921875
v 489.12872314453125 1274.92724609375 796.8179321289062
v 444.9949035644531 1237.9573974609375 840.2113647460938
v 400.95050048828125 1245.05029296875 796.8773193359375
v 444.99884033203125 1259.553466796875 796.8421020507812
v 576.734375 1247.557373046875 898.9368896484375
v 489.241455078125 1170.561279296875 959.8914184570312
v 401.0181579589844 1188.5302734375 898.9660034179688
v 489.25103759765625 1216.3076171875 899.0025634765625
v 481.8912353515625 1314.0875244140625 661.3849487304688
v 482.2366943359375 1314.1029052734375 662.1187133789062
v 481.54742431640625 1313.7216796875 662.8524169921875
v 480.8570556640625 1313.576416015625 662.1178588867188
v 481.546875 1313.8394775390625 662.1182861328125
v 479.4788818359375 1312.693359375 664.3207397460938
v 478.0980224609375 1312.4085693359375 662.8502807617188
v 479.47784423828125 1312.93310546875 662.8511352539062
v 481.89111328125 1314.116455078125 661.2015991210938
v 481.7187805175781 1314.021728515625 661.3848266601562
v 481.54620361328125 1313.9847412109375 661.201416015625
v 481.7186584472656 1314.050537109375 661.2014770507812
v 482.2364196777344 1314.1612548828125 661.7518920898438
v 481.89178466796875 1313.97119140625 662.1185302734375
v 481.5466003417969 1313.8978271484375 661.75146484375
v 481.8915100097656 1314.029541015625 661.7516479492188
v 483.6162414550781 1314.6302490234375 662.11962890625
v 482.9270324707031 1314.24853515625 662.853271484375
v 482.9264831542969 1314.366455078125 662.1192016601562
v 484.99737548828125 1314.7994384765625 664.3243408203125
v 484.9962158203125 1315.0404052734375 662.8546142578125
v 489.13720703125 1315.8868408203125 667.2720947265625
v 486.3813781738281 1314.304443359375 670.2212524414062
v 486.3790283203125 1314.8280029296875 667.2700805664062
v 481.201416015625 1313.82421875 661.384521484375
v 480.85626220703125 1313.750244140625 661.0177001953125
v 481.201171875 1313.8818359375 661.0178833007812
v 480.1666564941406 1313.4296875 661.3838500976562
v 479.4762878417969 1313.281494140625 660.650390625
v 480.1661376953125 1313.54443359375 660.6508178710938
v 482.0636901855469 1314.1534423828125 661.385009765625
v 482.0635681152344 1314.1822509765625 661.2017211914062
v 481.9773254394531 1314.1492919921875 661.20166015625
v 481.9342346191406 1314.1329345703125 661.20166015625
v 481.8910827636719 1314.1236572265625 661.15576171875
v 481.9341735839844 1314.14013671875 661.1558227539062
v 482.0636291503906 1314.1678466796875 661.2933959960938
v 481.97747802734375 1314.1204833984375 661.3849487304688
v 481.89117431640625 1314.10205078125 661.2932739257812
v 481.9773864746094 1314.1348876953125 661.2933349609375
v 482.23626708984375 1314.1903076171875 661.5684814453125
v 482.06396484375 1314.095458984375 661.7517700195312
v 481.8913879394531 1314.05859375 661.5682983398438
v 482.0638427734375 1314.12451171875 661.568359375
v 482.92620849609375 1314.4249267578125 661.7523193359375
v 482.5815734863281 1314.234619140625 662.1189575195312
v 482.581298828125 1314.2930908203125 661.7520751953125
v 481.80487060546875 1314.08349609375 661.2015380859375
v 481.7185974121094 1314.06494140625 661.10986328125
v 481.95574951171875 1314.1483154296875 661.1558227539062
v 482.02044677734375 1314.165771484375 661.20166015625
v 481.9449768066406 1314.1441650390625 661.1558227539062
v 481.9773254394531 1314.1529541015625 661.1787719726562
v 481.9557800292969 1314.14111328125 661.20166015625
v 481.9342041015625 1314.136474609375 661.1787109375
v 481.95574951171875 1314.1446533203125 661.1787109375
v 481.97735595703125 1314.14208984375 661.2474975585938
v 481.9342956542969 1314.118408203125 661.2932739257812
v 481.8911437988281 1314.1092529296875 661.2474365234375
v 481.93426513671875 1314.1256103515625 661.2474365234375
v 481.8050231933594 1314.0545654296875 661.3848876953125
v 481.7187194824219 1314.0361328125 661.2931518554688
v 481.8049621582031 1314.069091796875 661.293212890625
v 481.71905517578125 1313.9637451171875 661.7515258789062
v 481.5464782714844 1313.9268798828125 661.5680541992188
v 481.71893310546875 1313.9927978515625 661.5681762695312
v 481.20196533203125 1313.7078857421875 662.1181030273438
v 480.8567810058594 1313.634765625 661.7510375976562
v 481.2016906738281 1313.7662353515625 661.751220703125
v 480.167724609375 1313.19580078125 662.8515625
v 479.4773254394531 1313.05078125 662.1170654296875
v 480.1672058105469 1313.3134765625 662.117431640625
v 481.9126281738281 1314.1318359375 661.1558227539062
v 481.8479919433594 1314.0999755859375 661.2015991210938
v 481.8048400878906 1314.0906982421875 661.1557006835938
v 481.84796142578125 1314.107177734375 661.15576171875
v 481.9503479003906 1314.146240234375 661.1558227539062
v 481.95574951171875 1314.146484375 661.1672973632812
v 481.9449768066406 1314.140625 661.1787109375
v 481.9342041015625 1314.1383056640625 661.167236328125
v 481.9449768066406 1314.142333984375 661.1672973632812
v 481.91265869140625 1314.1246337890625 661.2015991210938
v 481.8910827636719 1314.1199951171875 661.1787109375
v 481.91265869140625 1314.1282958984375 661.1787109375
v 481.966552734375 1314.1488037109375 661.1787109375
v 481.9665222167969 1314.150634765625 661.1672973632812
v 481.9989013671875 1314.1575927734375 661.20166015625
v 481.9988708496094 1314.1611328125 661.1787719726562
v 482.0635986328125 1314.175048828125 661.24755859375
v 482.0205078125 1314.1513671875 661.2933349609375
v 482.0204772949219 1314.1585693359375 661.2474975585938
v 482.236083984375 1314.2337646484375 661.29345703125
v 482.1499328613281 1314.1864013671875 661.3850708007812
v 482.14984130859375 1314.2008056640625 661.2933959960938
v 481.95843505859375 1314.1492919921875 661.1558227539062
v 481.9611511230469 1314.1485595703125 661.1672973632812
v 481.95574951171875 1314.1474609375 661.1615600585938
v 481.9611511230469 1314.1494140625 661.1615600585938
v 481.96112060546875 1314.14990234375 661.15869140625
v 481.95843505859375 1314.1484375 661.1615600585938
v 481.95574951171875 1314.1478271484375 661.15869140625
v 481.95843505859375 1314.14892578125 661.15869140625
v 481.9503479003906 1314.1444091796875 661.1672973632812
v 481.9449768066406 1314.143310546875 661.1615600585938
v 481.9503479003906 1314.1453857421875 661.1615600585938
v 497.408935546875 1318.5543212890625 670.229736328125
v 494.65106201171875 1318.014404296875 667.2761840820312
v 522.1444091796875 1325.89892578125 682.1015625
v 554.9341430664062 1333.15283203125 705.8432006835938
v 621.125244140625 1344.51025390625 752.1009521484375
v 500.1678771972656 1318.4951171875 676.150146484375
v 494.6629638671875 1315.149658203125 682.0772094726562
v 494.65838623046875 1316.36279296875 676.1455078125
v 511.1785888671875 1318.8468017578125 693.9666748046875
v 500.1861267089844 1311.5830078125 705.793212890625
v 500.1801452636719 1314.5843505859375 693.956298828125
v 533.0787963867188 1317.4515380859375 729.1907348632812
v 511.1712341308594 1301.1812744140625 752.0572509765625
v 511.182861328125 1308.9512939453125 729.1753540039062
v 576.6558837890625 1308.0216064453125 796.8378295898438
v 532.9682006835938 1268.9189453125 840.1603393554688
v 532.9970092773438 1291.1519775390625 796.8156127929688
v 491.8970642089844 1316.4228515625 670.2254028320312
v 491.8946228027344 1316.948974609375 667.2741088867188
v 511.16876220703125 1322.79638671875 676.1594848632812
v 505.6759033203125 1319.414306640625 682.0869750976562
v 505.6717224121094 1320.6397705078125 676.1548461914062
v 511.1667175292969 1323.3782958984375 673.1978759765625
v 508.421142578125 1321.716552734375 676.1571655273438
v 505.6694641113281 1321.2188720703125 673.193359375
v 508.41900634765625 1322.297119140625 673.1956176757812
v 516.6617431640625 1323.726806640625 682.0968017578125
v 516.6586303710938 1324.964111328125 676.1640625
v 533.0931396484375 1327.50244140625 693.9871826171875
v 522.1486206054688 1320.098876953125 705.8135375976562
v 522.1476440429688 1323.155517578125 693.9771118164062
v 509.7930908203125 1322.8372802734375 673.1967163085938
v 508.4178771972656 1322.5787353515625 671.7164306640625
v 513.91455078125 1323.87890625 676.1618041992188
v 509.1050109863281 1322.848876953125 671.7169799804688
v 507.0444641113281 1321.7576904296875 673.1945190429688
v 505.6683349609375 1321.4998779296875 671.7142333984375
v 507.0433349609375 1322.0389404296875 671.71533203125
v 502.9158935546875 1320.6983642578125 670.2340698242188
v 502.9205627441406 1319.56591796875 676.1524658203125
v 500.16552734375 1319.0714111328125 673.1888427734375
v 502.91827392578125 1320.1436767578125 673.1911010742188
v 508.7614440917969 1322.7137451171875 671.7166748046875
v 509.79254150390625 1322.97900390625 672.4569702148438
v 509.1061096191406 1322.567138671875 673.1961669921875
v 508.41845703125 1322.4385986328125 672.4558715820312
v 509.1055603027344 1322.708740234375 672.4564208984375
v 511.1677551269531 1323.0902099609375 674.6781616210938
v 509.795166015625 1322.256103515625 676.1583251953125
v 508.4200744628906 1322.009765625 674.6759033203125
v 509.7941589355469 1322.549560546875 674.6770629882812
v 511.1706848144531 1322.1917724609375 679.12451171875
v 508.4251403808594 1320.4881591796875 682.0894775390625
v 505.6738586425781 1320.0380859375 679.1196899414062
v 508.4231872558594 1321.1134033203125 679.1221313476562
v 511.17578125 1320.2469482421875 688.0302124023438
v 505.6830139160156 1316.70947265625 693.96142578125
v 500.17645263671875 1315.9708251953125 688.02001953125
v 505.6796875 1318.102783203125 688.0250854492188
v 507.73065185546875 1322.3087158203125 671.7158813476562
v 509.4485168457031 1322.984130859375 671.7172241210938
v 509.2767639160156 1322.91650390625 671.7171020507812
v 509.1048583984375 1322.8836669921875 671.5321655273438
v 509.7922668457031 1323.04931640625 672.0872192382812
v 509.4490661621094 1322.8438720703125 672.4567260742188
v 509.10528564453125 1322.779052734375 672.086669921875
v 509.44879150390625 1322.9141845703125 672.0869750976562
v 511.1661682128906 1323.5201416015625 672.4580688476562
v 510.4799499511719 1323.107666015625 673.1973266601562
v 510.47943115234375 1323.24951171875 672.45751953125
v 508.9332275390625 1322.7813720703125 671.7168579101562
v 508.7613220214844 1322.7486572265625 671.5318603515625
v 508.93310546875 1322.816162109375 671.5320434570312
v 508.76202392578125 1322.57373046875 672.4561767578125
v 508.41815185546875 1322.5089111328125 672.0861206054688
v 508.7617492675781 1322.6439208984375 672.0863647460938
v 507.7317810058594 1322.02734375 673.195068359375
v 507.04388427734375 1321.8990478515625 672.4547729492188
v 507.7312316894531 1322.168701171875 672.455322265625
v 507.0466613769531 1321.1778564453125 676.156005859375
v 505.67059326171875 1320.93212890625 674.6736450195312
v 507.0455627441406 1321.4705810546875 674.6747436523438
v 509.1477966308594 1322.900634765625 671.5321655273438
v 509.2767028808594 1322.9339599609375 671.6246948242188
v 509.1908874511719 1322.8826904296875 671.717041015625
v 509.10491943359375 1322.8663330078125 671.6245727539062
v 509.1907958984375 1322.900146484375 671.6246337890625
v 509.4486389160156 1322.94921875 671.902099609375
v 509.27703857421875 1322.8465576171875 672.0867919921875
v 509.1051330566406 1322.81396484375 671.9017944335938
v 509.2768859863281 1322.881591796875 671.9019775390625
v 509.01898193359375 1322.8499755859375 671.5321044921875
v 509.1263427734375 1322.8922119140625 671.5321655273438
v 509.1907653808594 1322.9088134765625 671.5784301757812
v 509.1478576660156 1322.8831787109375 671.6245727539062
v 509.1048889160156 1322.875 671.578369140625
v 509.1478271484375 1322.8919677734375 671.578369140625
v 509.01910400390625 1322.815185546875 671.7169189453125
v 508.93316650390625 1322.798828125 671.6244506835938
v 509.01904296875 1322.83251953125 671.62451171875
v 508.9335021972656 1322.71142578125 672.0865478515625
v 508.7615966796875 1322.678955078125 671.9015502929688
v 508.9333801269531 1322.7464599609375 671.9016723632812
v 509.0619201660156 1322.8668212890625 671.5321044921875
v 509.1370544433594 1322.8963623046875 671.5321655273438
v 509.1478271484375 1322.896240234375 671.5552978515625
v 509.1263732910156 1322.8834228515625 671.578369140625
v 509.1048889160156 1322.87939453125 671.5552368164062
v 509.1263427734375 1322.8878173828125 671.5552978515625
v 509.0619812011719 1322.8494873046875 671.62451171875
v 509.0190124511719 1322.84130859375 671.5783081054688
v 509.06195068359375 1322.858154296875 671.5783081054688
v 509.1424255371094 1322.8985595703125 671.5321655273438
v 509.1370544433594 1322.8974609375 671.5264282226562
v 509.1424255371094 1322.8995361328125 671.5264282226562
v 509.1907653808594 1322.9132080078125 671.5552978515625
v 509.1693115234375 1322.900390625 671.5784301757812
v 509.1692810058594 1322.9046630859375 671.5552978515625
v 509.2337646484375 1322.9169921875 671.6246948242188
v 509.23370361328125 1322.9256591796875 671.5784912109375
v 509.3626403808594 1322.9503173828125 671.7171630859375
v 509.3625793457031 1322.9676513671875 671.624755859375
v 509.1477966308594 1322.8984375 671.5437622070312
v 509.1370849609375 1322.89208984375 671.5552978515625
v 509.1263427734375 1322.8900146484375 671.543701171875
v 509.1370849609375 1322.8941650390625 671.5437622070312
v 509.1397399902344 1322.8985595703125 671.5264282226562
v 509.1316833496094 1322.894287109375 671.5321655273438
v 509.1263122558594 1322.893310546875 671.5264282226562
v 509.1316833496094 1322.8953857421875 671.5264282226562
v 509.1156005859375 1322.887939453125 671.5321655273438
v 509.1048583984375 1322.8858642578125 671.5206298828125
v 509.1156005859375 1322.89013671875 671.5206298828125
v 509.0834045410156 1322.875244140625 671.5321655273438
v 509.0618896484375 1322.8712158203125 671.509033203125
v 509.0833740234375 1322.879638671875 671.509033203125
v 509.1692810058594 1322.9068603515625 671.5437622070312
v 509.1585388183594 1322.9005126953125 671.5552978515625
v 509.1585388183594 1322.9027099609375 671.5437622070312
v 527.621337890625 1328.0802001953125 682.1060791015625
v 527.62060546875 1328.715576171875 679.1381225585938
v 524.883544921875 1326.988525390625 682.1038818359375
v 522.1432495117188 1326.5316162109375 679.1337890625
v 524.8826293945312 1327.62255859375 679.135986328125
v 533.093505859375 1328.9276123046875 688.0498657226562
v 527.6229248046875 1325.32470703125 693.9822387695312
v 522.1463012695312 1324.568603515625 688.0403442382812
v 527.6224365234375 1326.7440185546875 688.0452270507812
v 554.9425048828125 1336.277587890625 694.0042114257812
v 544.0166015625 1328.7744140625 705.833984375
v 544.0223388671875 1331.8792724609375 693.996337890625
v 576.7513427734375 1334.8282470703125 729.2203369140625
v 554.8823852539062 1318.1376953125 752.0753784179688
v 554.9115600585938 1326.095703125 729.2066650390625
v 526.2517700195312 1328.1688232421875 679.1370849609375
v 530.35791015625 1329.173828125 682.1082763671875
v 523.5131225585938 1327.0767822265625 679.1348876953125
v 522.1426391601562 1326.839599609375 677.6507568359375
v 523.5125122070312 1327.3851318359375 677.65185546875
v 519.4010620117188 1326.0517578125 676.166259765625
v 519.4038696289062 1324.8116455078125 682.0991821289062
v 516.6602172851562 1324.3565673828125 679.1292114257812
v 519.4025268554688 1325.44287109375 679.1315307617188
v 516.66650390625 1320.995849609375 693.971923828125
v 516.6644287109375 1322.402587890625 688.0353393554688
v 526.2515258789062 1328.323974609375 678.3954467773438
v 525.5671997070312 1327.8956298828125 679.1365356445312
v 524.88232421875 1327.777587890625 678.3943481445312
v 525.5669555664062 1328.0506591796875 678.3948974609375
v 527.6209716796875 1328.400634765625 680.6218872070312
v 526.2526245117188 1327.5340576171875 682.10498046875
v 524.8831176757812 1327.308349609375 680.6196899414062
v 526.252197265625 1327.854248046875 680.6207885742188
v 527.6219482421875 1327.4228515625 685.075439453125
v 524.885009765625 1325.6552734375 688.0427856445312
v 522.1454467773438 1325.2445068359375 685.0707397460938
v 524.8843383789062 1326.33251953125 685.0731201171875
v 544.0244140625 1333.3153076171875 688.0582885742188
v 538.559326171875 1329.6876220703125 693.9918823242188
v 538.560546875 1331.118408203125 688.0542602539062
v 541.2928466796875 1332.2161865234375 688.0563354492188
v 538.5609741210938 1331.802734375 685.0840454101562
v 541.29345703125 1332.9017333984375 685.0859985351562
v 549.4830932617188 1334.076171875 694.00048828125
v 549.48583984375 1335.51708984375 688.0618896484375
v 565.8511352539062 1337.5479736328125 705.8512573242188
v 565.86083984375 1340.689208984375 694.0103149414062
v 539.9273071289062 1332.35205078125 685.0850830078125
v 538.5610961914062 1332.13671875 683.5990600585938
v 539.927490234375 1332.6864013671875 683.6000366210938
v 535.8277587890625 1331.3665771484375 682.1123657226562
v 535.8275146484375 1330.022216796875 688.0521240234375
v 533.093505859375 1329.6092529296875 685.0798950195312
v 535.8276977539062 1330.7052001953125 685.08203125
v 541.2935791015625 1333.0697021484375 684.3434448242188
v 540.6104125976562 1332.6268310546875 685.0855102539062
v 539.9274291992188 1332.5198974609375 684.342529296875
v 540.6105346679688 1332.7947998046875 684.343017578125
v 542.659423828125 1333.45166015625 685.0869140625
v 546.75537109375 1334.4156494140625 688.0601196289062
v 541.2931518554688 1332.5616455078125 686.5711669921875
v 539.9268188476562 1331.6671142578125 688.0552978515625
v 538.560791015625 1331.4632568359375 686.5691528320312
v 539.9270629882812 1332.01220703125 686.5701904296875
v 544.0234375 1332.607421875 691.0281372070312
v 541.2911987304688 1330.78271484375 693.9942016601562
v 538.56005859375 1330.4132080078125 691.0238647460938
v 541.2920532226562 1331.5096435546875 691.0260009765625
v 544.019775390625 1330.3638916015625 699.9241943359375
v 538.55517578125 1326.593994140625 705.8290405273438
v 533.0922241210938 1325.9984130859375 699.9144287109375
v 538.5575561523438 1328.177734375 699.91943359375
v 554.9237670898438 1329.749267578125 717.5836791992188
v 543.9986572265625 1321.759033203125 729.1987915039062
v 533.0859375 1321.0609130859375 717.5651245117188
v 544.0086669921875 1325.3916015625 717.5746459960938
v 541.9764404296875 1333.1766357421875 685.0864868164062
v 541.9765625 1333.3447265625 684.3439331054688
v 544.0248413085938 1333.661376953125 686.5730590820312
v 542.65869140625 1332.765625 688.0573120117188
v 542.6590576171875 1333.111328125 686.5721435546875
v 560.4014282226562 1338.4822998046875 694.0075073242188
v 557.6719360351562 1337.379638671875 694.0059204101562
v 554.9442749023438 1337.010498046875 691.0354614257812
v 557.673828125 1338.113525390625 691.0369873046875
v 565.8562622070312 1339.1561279296875 699.940185546875
v 560.3922119140625 1335.348876953125 705.847412109375
v 554.9385986328125 1334.75244140625 699.9329223632812
v 560.3970947265625 1336.952880859375 699.936767578125
v 576.7642822265625 1338.516357421875 717.5991821289062
v 565.8262329101562 1330.454345703125 729.2139282226562
v 565.8395385742188 1334.1265869140625 717.5919799804688
v 621.12939453125 1352.6497802734375 729.237060546875
v 598.8956909179688 1335.6265869140625 752.0940551757812
v 598.9169921875 1343.717529296875 729.2302856445312
v 665.5916137695312 1343.044677734375 796.9246215820312
v 621.0100708007812 1302.3819580078125 840.071044921875
v 621.067626953125 1325.437744140625 796.8817749023438
v 665.5481567382812 1229.6708984375 959.9174194335938
v 665.4678344726562 1280.1494140625 898.771484375
v 556.30908203125 1337.56201171875 691.0362548828125
v 552.212890625 1335.1763916015625 694.00244140625
v 549.4845581054688 1334.8070068359375 691.031982421875
v 552.2145385742188 1335.9083251953125 691.0338134765625
v 549.4758911132812 1330.9610595703125 705.8387451171875
v 549.4797973632812 1332.5557861328125 699.9287109375
v 563.1310424804688 1339.58544921875 694.0089721679688
v 587.8468017578125 1346.415771484375 705.862548828125
v 576.7802734375 1343.5667724609375 699.9454956054688
v 571.3118896484375 1339.7493896484375 705.854736328125
v 571.3170166015625 1341.3609619140625 699.943115234375
v 574.04833984375 1342.4638671875 699.9443969726562
v 571.3193969726562 1342.138916015625 696.9796752929688
v 574.0506591796875 1343.242431640625 696.980712890625
v 582.3096923828125 1344.183349609375 705.8603515625
v 598.9240112304688 1347.429931640625 717.6099243164062
v 587.8272705078125 1339.2674560546875 729.2257690429688
v 587.8380737304688 1342.9688720703125 717.6051025390625
v 572.6849365234375 1342.690673828125 696.980224609375
v 571.320556640625 1342.5206298828125 695.4964599609375
v 568.5863647460938 1340.2584228515625 699.9417114257812
v 565.858642578125 1339.932373046875 696.97705078125
v 568.5887451171875 1341.0355224609375 696.9784545898438
v 572.6854858398438 1342.8822021484375 696.2387084960938
v 572.0021362304688 1342.414794921875 696.9799194335938
v 571.3199462890625 1342.3304443359375 696.2381591796875
v 572.0027465820312 1342.6063232421875 696.2384643554688
v 574.0494995117188 1342.8555908203125 698.4630737304688
v 572.6826171875 1341.912353515625 699.9437255859375
v 571.3182373046875 1341.7523193359375 698.4619140625
v 572.6837768554688 1342.303955078125 698.4625244140625
v 576.7778930664062 1342.7685546875 702.904541015625
v 574.0432739257812 1340.8507080078125 705.8563232421875
v 571.3145141601562 1340.5643310546875 702.9017944335938
v 574.0458374023438 1341.6663818359375 702.9032592773438
v 576.7700805664062 1340.2674560546875 711.7432250976562
v 571.30029296875 1336.3204345703125 717.5957641601562
v 565.8455810546875 1335.8702392578125 711.7361450195312
v 571.3063354492188 1338.06787109375 711.7398681640625
v 569.9540405273438 1341.587158203125 696.9790649414062
v 568.5899047851562 1341.4168701171875 695.495361328125
v 569.9551391601562 1341.96875 695.4959106445312
v 572.685791015625 1342.9775390625 695.8678588867188
v 572.3441162109375 1342.7442626953125 696.2385864257812
v 572.0029907226562 1342.7015380859375 695.8676147460938
v 572.3444213867188 1342.839599609375 695.8677368164062
v 573.3677978515625 1342.966552734375 696.98046875
v 573.3683471679688 1343.158203125 696.2389526367188
v 575.41650390625 1343.794189453125 696.981201171875
v 573.0269165039062 1343.0201416015625 696.2388305664062
v 573.0272216796875 1343.115478515625 695.8679809570312
v 572.8565063476562 1343.0465087890625 695.867919921875
v 572.9418334960938 1343.0810546875 695.8679809570312
v 574.7335815429688 1343.518310546875 696.98095703125
v 576.7814331054688 1343.958740234375 698.464111328125
v 575.4142456054688 1343.0152587890625 699.9449462890625
v 575.4154052734375 1343.4071044921875 698.463623046875
v 573.0270385742188 1343.06787109375 696.0534057617188
v 572.856201171875 1342.951171875 696.23876953125
v 572.6856689453125 1342.929931640625 696.0532836914062
v 572.8563232421875 1342.9989013671875 696.0533447265625
v 573.3680419921875 1343.0625 696.6097412109375
v 573.0263671875 1342.82861328125 696.9803466796875
v 572.6852416992188 1342.78662109375 696.6094970703125
v 573.026611328125 1342.924560546875 696.609619140625
v 574.050048828125 1343.049560546875 697.7220458984375
v 573.3666381835938 1342.5797119140625 698.4628295898438
v 572.6843872070312 1342.4979248046875 697.7214965820312
v 573.3671875 1342.7738037109375 697.7218017578125
v 572.9844970703125 1343.0982666015625 695.8679809570312
v 573.1976318359375 1343.089111328125 696.2388916015625
v 573.19775390625 1343.1368408203125 696.053466796875
v 573.027099609375 1343.0916748046875 695.960693359375
v 572.9417114257812 1343.033447265625 696.0534057617188
v 572.8564453125 1343.022705078125 695.9606323242188
v 572.9417724609375 1343.0572509765625 695.960693359375
v 572.9845581054688 1343.104248046875 695.8447875976562
v 572.9631958007812 1343.089599609375 695.8679809570312
v 572.9418334960938 1343.0869140625 695.8447875976562
v 572.9631958007812 1343.0955810546875 695.8447875976562
v 573.0271606445312 1343.1036376953125 695.9143676757812
v 572.9844360351562 1343.074462890625 695.960693359375
v 572.9418334960938 1343.069091796875 695.914306640625
v 572.9844970703125 1343.08642578125 695.9143676757812
v 573.1978149414062 1343.16064453125 695.9607543945312
v 573.1124267578125 1343.1024169921875 696.053466796875
v 573.1124877929688 1343.126220703125 695.9607543945312
v 572.899169921875 1343.063720703125 695.8679809570312
v 572.8565063476562 1343.0584716796875 695.8215942382812
v 572.8992309570312 1343.07568359375 695.8215942382812
v 572.7711181640625 1343.0120849609375 695.867919921875
v 572.6858520507812 1343.0013427734375 695.775146484375
v 572.5150756835938 1342.9085693359375 695.8677978515625
v 572.9525146484375 1343.09130859375 695.8447875976562
v 572.94189453125 1343.0899658203125 695.8331909179688
v 572.9525146484375 1343.09423828125 695.8331909179688
v 572.9205322265625 1343.084228515625 695.8215942382812
v 572.9205322265625 1343.0723876953125 695.8679809570312
v 572.899169921875 1343.0697021484375 695.8447875976562
v 572.9205322265625 1343.078369140625 695.8447875976562
v 572.8991088867188 1343.0399169921875 695.960693359375
v 572.8564453125 1343.03466796875 695.914306640625
v 572.8991088867188 1343.0518798828125 695.914306640625
v 572.77099609375 1342.96435546875 696.0533447265625
v 572.6857299804688 1342.9537353515625 695.9605712890625
v 572.7710571289062 1342.98828125 695.9606323242188
v 572.5148315429688 1342.813232421875 696.2386474609375
v 572.34423828125 1342.7919921875 696.0531616210938
v 572.5149536132812 1342.8609619140625 696.05322265625
v 572.3435668945312 1342.552734375 696.9801025390625
v 572.00244140625 1342.5107421875 696.6092529296875
v 572.3438110351562 1342.648681640625 696.609375
v 572.0009765625 1342.0281982421875 698.4622192382812
v 571.31884765625 1341.9462890625 697.7208862304688
v 572.0015869140625 1342.2220458984375 697.72119140625
v 569.95166015625 1340.8096923828125 699.9424438476562
v 568.5875854492188 1340.6494140625 698.4605712890625
v 569.9528198242188 1341.2008056640625 698.4612426757812
v 568.5812377929688 1338.6485595703125 705.85302734375
v 565.853759765625 1338.361083984375 702.8985595703125
v 568.5838623046875 1339.4625244140625 702.9002685546875
v 572.9578857421875 1343.096435546875 695.8331909179688
v 572.973876953125 1343.099853515625 695.8447875976562
v 573.005859375 1343.10693359375 695.8679809570312
v 572.9552001953125 1343.0953369140625 695.8331909179688
v 572.9631958007812 1343.0970458984375 695.8389892578125
v 572.9578857421875 1343.0933837890625 695.8447875976562
v 572.9525146484375 1343.0927734375 695.8389892578125
v 572.9578857421875 1343.094970703125 695.8389892578125
v 572.9631958007812 1343.0926513671875 695.8563842773438
v 572.9525146484375 1343.0853271484375 695.8679809570312
v 572.9418334960938 1343.083984375 695.8563842773438
v 572.9525146484375 1343.0882568359375 695.8563842773438
v 572.9844970703125 1343.09228515625 695.8911743164062
v 572.963134765625 1343.0777587890625 695.914306640625
v 572.9418334960938 1343.0750732421875 695.8911743164062
v 572.963134765625 1343.083740234375 695.8911743164062
v 572.9472045898438 1343.092041015625 695.8331909179688
v 572.9312133789062 1343.0826416015625 695.8447875976562
v 572.9205322265625 1343.081298828125 695.8331909179688
v 572.9312133789062 1343.0855712890625 695.8331909179688
v 587.8486938476562 1347.234619140625 702.90869140625
v 585.0779418945312 1345.2994384765625 705.8615112304688
v 582.3119506835938 1345.0009765625 702.9068603515625
v 585.0800170898438 1346.11767578125 702.9078369140625
v 593.3865356445312 1348.649658203125 705.8644409179688
v 709.7926635742188 1380.2408447265625 752.115234375
v 587.8427124023438 1344.725830078125 711.7489013671875
v 582.2994995117188 1340.7415771484375 717.602294921875
v 582.3048706054688 1342.4957275390625 711.7462158203125
v 586.4642333984375 1346.676025390625 702.9082641601562
v 585.0809936523438 1346.52001953125 701.4286499023438
v 586.4652099609375 1347.0784912109375 701.4290771484375
v 590.6163330078125 1347.5325927734375 705.863525390625
v 590.6179809570312 1348.351806640625 702.9094848632812
v 598.9265747070312 1349.19140625 711.7532958984375
v 593.379638671875 1345.1983642578125 717.607666015625
v 593.3833618164062 1346.9576416015625 711.751220703125
v 621.1246948242188 1356.3800048828125 717.6170043945312
v 610.0184326171875 1348.1783447265625 729.2340087890625
v 610.0202026367188 1351.900146484375 717.6138305664062
v 643.3908081054688 1353.438720703125 752.1063842773438
v 643.3713989257812 1361.624267578125 729.241943359375
v 589.2332763671875 1347.7930908203125 702.9091186523438
v 610.0199584960938 1353.6651611328125 711.7566528320312
v 604.470947265625 1349.6639404296875 717.6119995117188
v 604.4722290039062 1351.42724609375 711.755126953125
v 604.4725952148438 1352.2835693359375 708.8150024414062
v 601.6991577148438 1350.30908203125 711.7542114257812
v 598.9276733398438 1350.0469970703125 708.8134155273438
v 601.6998901367188 1351.1650390625 708.8142700195312
v 603.086181640625 1351.7242431640625 708.8146362304688
v 601.7001953125 1351.5865478515625 707.3413696289062
v 603.0863647460938 1352.1458740234375 707.3416748046875
v 607.245849609375 1352.5458984375 711.7559204101562
v 615.571533203125 1354.1387939453125 717.6155395507812
v 632.2478637695312 1357.1318359375 729.2396850585938
v 602.3932495117188 1351.8662109375 707.341552734375
v 600.313720703125 1350.60595703125 708.8138427734375
v 598.9281616210938 1350.46826171875 707.3406372070312
v 600.3140869140625 1351.02734375 707.3410034179688
v 596.1572875976562 1349.7672119140625 705.8651733398438
v 596.1546630859375 1348.07421875 711.7523193359375
v 593.385009765625 1347.812255859375 708.8115844726562
v 596.1560668945312 1348.929443359375 708.8125610351562
v 602.7398071289062 1352.0059814453125 707.3416137695312
v 603.0863037109375 1351.9356689453125 708.0784301757812
v 602.3930053710938 1351.444580078125 708.814453125
v 601.7000122070312 1351.3763427734375 708.0780639648438
v 602.3931274414062 1351.656005859375 708.0782470703125
v 604.472412109375 1351.8575439453125 710.2860107421875
v 603.0856323242188 1350.8680419921875 711.7546997070312
v 601.6995239257812 1350.7391357421875 710.2852172851562
v 603.0858764648438 1351.29833984375 710.28564453125
v 604.4716796875 1350.5538330078125 714.6874389648438
v 601.6972045898438 1348.546630859375 717.6110229492188
v 598.9254150390625 1348.3189697265625 714.6854858398438
v 601.6982421875 1349.4361572265625 714.6864624023438
v 610.0197143554688 1350.070068359375 723.4396362304688
v 604.4663696289062 1345.9466552734375 729.2322387695312
v 598.9208374023438 1345.604248046875 723.4356689453125
v 604.468994140625 1347.8359375 723.437744140625
v 621.1297607421875 1348.68408203125 740.7311401367188
v 610.0047607421875 1340.062255859375 752.0977172851562
v 598.9075927734375 1339.7742919921875 740.7254638671875
v 610.0133666992188 1344.2235107421875 740.7285766601562
v 621.1018676757812 1335.541259765625 774.5391235351562
v 598.8338012695312 1316.6981201171875 796.8582763671875
v 576.6874389648438 1317.9580078125 774.5017700195312
v 598.8657836914062 1326.719482421875 774.5196533203125
v 602.7398681640625 1352.0584716796875 707.1573486328125
v 602.5665283203125 1351.9361572265625 707.341552734375
v 602.393310546875 1351.9185791015625 707.1572875976562
v 602.5665893554688 1351.988525390625 707.1573486328125
v 603.0863037109375 1352.0408935546875 707.7100830078125
v 602.7396850585938 1351.7957763671875 708.0783081054688
v 602.3931884765625 1351.76123046875 707.7099609375
v 602.73974609375 1351.9010009765625 707.7100219726562
v 604.47265625 1352.4949951171875 708.0787353515625
v 603.7793579101562 1352.00390625 708.8148193359375
v 603.7794799804688 1352.21533203125 708.0785522460938
v 602.0466918945312 1351.726318359375 707.3414306640625
v 601.7002563476562 1351.6912841796875 706.9728393554688
v 602.0467529296875 1351.8310546875 706.972900390625
v 601.0071411132812 1351.3070068359375 707.3411865234375
v 600.3142700195312 1351.2364501953125 706.6038818359375
v 602.6531982421875 1352.0234375 707.1573486328125
v 602.9130859375 1352.075927734375 707.3416748046875
v 602.696533203125 1352.0408935546875 707.1573486328125
v 602.7398071289062 1352.0322265625 707.24951171875
v 602.6531982421875 1351.9710693359375 707.3416137695312
v 602.5665283203125 1351.9622802734375 707.2494506835938
v 602.6531982421875 1351.997314453125 707.2494506835938
v 602.7398071289062 1351.95361328125 707.5258178710938
v 602.5664672851562 1351.8311767578125 707.7099609375
v 602.3932495117188 1351.813720703125 707.5257568359375
v 602.5665283203125 1351.8836669921875 707.5258178710938
v 602.0465698242188 1351.51611328125 708.078125
v 601.7000732421875 1351.4815673828125 707.7097778320312
v 602.046630859375 1351.6214599609375 707.7098388671875
v 601.0067749023438 1350.885498046875 708.8140258789062
v 600.3139038085938 1350.8172607421875 708.07763671875
v 601.0069580078125 1351.0968017578125 708.077880859375
v 600.3128051757812 1349.7501220703125 711.7537841796875
v 598.9271240234375 1349.621337890625 710.2843017578125
v 600.3132934570312 1350.18017578125 710.2847900390625
v 602.7831420898438 1352.075927734375 707.1573486328125
v 602.9130859375 1352.1021728515625 707.24951171875
v 602.8264770507812 1352.041015625 707.3416137695312
v 602.8264770507812 1352.067138671875 707.24951171875
v 603.0863647460938 1352.0933837890625 707.5259399414062
v 602.9130249023438 1351.970947265625 707.7100830078125
v 602.9130859375 1352.0234375 707.52587890625
v 603.7794799804688 1352.320556640625 707.7102661132812
v 603.432861328125 1352.075439453125 708.0784912109375
v 603.4329223632812 1352.1806640625 707.710205078125
v 602.761474609375 1352.067138671875 707.1573486328125
v 602.8264770507812 1352.080322265625 707.2034301757812
v 602.7831420898438 1352.0496826171875 707.24951171875
v 602.7398681640625 1352.0452880859375 707.2034301757812
v 602.7831420898438 1352.0628662109375 707.2034301757812
v 602.7831420898438 1352.0792236328125 707.1458740234375
v 602.7723388671875 1352.071533203125 707.1573486328125
v 602.7615356445312 1352.0704345703125 707.1458740234375
v 602.7723388671875 1352.0748291015625 707.1458740234375
v 602.8048095703125 1352.0845947265625 707.1573486328125
v 602.7831420898438 1352.0693359375 707.180419921875
v 602.761474609375 1352.0540771484375 707.2034301757812
v 602.7398681640625 1352.0518798828125 707.180419921875
v 602.761474609375 1352.0606689453125 707.180419921875
v 602.696533203125 1352.0147705078125 707.24951171875
v 602.6531982421875 1352.0103759765625 707.2034301757812
v 602.696533203125 1352.02783203125 707.2034301757812
v 602.7940063476562 1352.080322265625 707.1573486328125
v 602.7940063476562 1352.08349609375 707.1458740234375
v 602.8264770507812 1352.0867919921875 707.180419921875
v 602.8048095703125 1352.071533203125 707.2034301757812
v 602.8048095703125 1352.078125 707.180419921875
v 602.9131469726562 1352.115234375 707.2034912109375
v 602.8698120117188 1352.084716796875 707.24951171875
v 602.8698120117188 1352.0977783203125 707.2034301757812
v 602.999755859375 1352.1109619140625 707.3416748046875
v 602.999755859375 1352.1370849609375 707.2495727539062
v 621.1229248046875 1357.2725830078125 714.692138671875
v 618.347900390625 1355.2591552734375 717.6162719726562
v 615.5706787109375 1355.030517578125 714.6907348632812
v 618.3466186523438 1356.1512451171875 714.6914672851562
v 626.679443359375 1358.623779296875 717.618408203125
v 621.1275634765625 1354.546142578125 723.44287109375
v 615.5728759765625 1350.412841796875 729.235595703125
v 615.5726318359375 1352.3067626953125 723.4413452148438
v 619.7347412109375 1356.7117919921875 714.6918334960938
v 623.9019165039062 1357.5015869140625 717.6177368164062
v 632.2423095703125 1359.032470703125 723.4456787109375
v 626.6878051757812 1354.8895263671875 729.2384033203125
v 626.6842041015625 1356.7879638671875 723.4443359375
v 643.3853759765625 1357.6373291015625 740.735107421875
v 632.2548217773438 1348.9693603515625 752.1038208007812
v 632.254638671875 1353.155517578125 740.7332763671875
v 665.6397094726562 1353.304931640625 774.5733032226562
v 643.3349609375 1334.2274169921875 796.9049682617188
v 643.3748168945312 1344.4107666015625 774.5577392578125
v 753.2957153320312 1378.0596923828125 796.9115600585938
v 709.5802001953125 1336.81640625 839.9885864257812
v 709.7431030273438 1360.6044921875 796.9400024414062
v 619.7343139648438 1356.9322509765625 713.9593505859375
v 619.0406494140625 1356.4315185546875 714.691650390625
v 618.3462524414062 1356.3717041015625 713.958984375
v 619.040283203125 1356.6519775390625 713.9591674804688
v 621.1238403320312 1356.828369140625 716.1555786132812
v 619.7362670898438 1355.8194580078125 717.6166381835938
v 618.3472900390625 1355.707275390625 716.1548461914062
v 619.7355346679688 1356.2677001953125 716.1552124023438
v 621.1262817382812 1355.4710693359375 720.533935546875
v 618.349853515625 1353.4261474609375 723.442138671875
v 615.5722045898438 1353.2308349609375 720.5323486328125
v 618.3489990234375 1354.3505859375 720.5331420898438
v 616.9586181640625 1355.5908203125 714.6911010742188
v 615.5701904296875 1355.4700927734375 713.2254028320312
v 616.9579467773438 1356.030517578125 713.2257080078125
v 612.7945556640625 1354.7850341796875 711.7573852539062
v 612.795654296875 1353.0191650390625 717.6146850585938
v 610.0202026367188 1352.791015625 714.689208984375
v 612.7952270507812 1353.9105224609375 714.6900024414062
v 620.4288330078125 1356.9921875 714.6919555664062
v 637.8092041015625 1359.3768310546875 729.2408447265625
v 637.8016967773438 1361.2796630859375 723.4469604492188
v 654.4931640625 1366.125 729.2440795898438
v 687.8120727539062 1371.3402099609375 752.1133422851562
v 648.9331665039062 1363.873779296875 729.2430419921875
v 665.6320190429688 1366.6195068359375 740.7381591796875
v 654.5258178710938 1357.9150390625 752.1085815429688
v 654.5148315429688 1362.1265869140625 740.7366943359375
v 651.7135009765625 1364.999267578125 729.2435302734375
v 648.927490234375 1364.8353271484375 726.3501586914062
v 651.7072143554688 1365.96142578125 726.3507690429688
v 654.5051879882812 1364.154296875 735.005859375
v 648.950927734375 1359.8812255859375 740.7359008789062
v 643.3793334960938 1359.6590576171875 735.0040893554688
v 648.943115234375 1361.9058837890625 735.0050048828125
v 653.096923828125 1366.524658203125 726.3510131835938
v 665.6187744140625 1368.65380859375 735.0076293945312
v 660.0756225585938 1364.3729248046875 740.7374267578125
v 660.064208984375 1366.40380859375 735.0067749023438
v 687.7853393554688 1375.599365234375 740.7412719726562
v 676.747802734375 1366.8704833984375 752.1119995117188
v 676.7258911132812 1371.11181640625 740.7396850585938
v 709.7979125976562 1371.0042724609375 774.5858154296875
v 687.7555541992188 1351.8502197265625 796.9373779296875
v 687.8101806640625 1362.18310546875 774.5833740234375
v 652.402099609375 1366.2430419921875 726.3508911132812
v 654.4898681640625 1366.6083984375 727.7987060546875
v 653.1034545898438 1365.56201171875 729.2438354492188
v 651.7103881835938 1365.482177734375 727.7981567382812
v 653.1002197265625 1366.0452880859375 727.7984008789062
v 654.4994506835938 1365.14697265625 732.12890625
v 651.7244262695312 1363.0299072265625 735.0054321289062
v 648.9384155273438 1362.8970947265625 732.1279296875
v 651.71923828125 1364.0218505859375 732.12841796875
v 650.3173828125 1365.3983154296875 726.3504638671875
v 646.1524047851562 1362.748779296875 729.2424926757812
v 643.3667602539062 1362.58447265625 726.3490600585938
v 646.1472778320312 1363.709716796875 726.349609375
v 671.1825561523438 1368.865966796875 740.7388916015625
v 671.1675415039062 1370.9039306640625 735.008544921875
v 668.3939819335938 1369.7789306640625 735.0081176757812
v 665.6110229492188 1369.649658203125 732.130859375
v 668.3857421875 1370.775634765625 732.13134765625
v 682.2606201171875 1373.3564453125 740.7404174804688
v 698.8300170898438 1375.798095703125 752.1144409179688
v 671.1632690429688 1371.4046630859375 733.5711669921875
v 669.7809448242188 1370.3414306640625 735.00830078125
v 668.3899536132812 1370.2791748046875 733.5706787109375
v 669.77685546875 1370.8419189453125 733.5709228515625
v 671.1754760742188 1369.8919677734375 737.8775024414062
v 668.4080810546875 1367.7427978515625 740.738525390625
v 665.625732421875 1367.6435546875 737.876708984375
v 668.4014282226562 1368.767822265625 737.8771362304688
v 676.7388916015625 1369.01611328125 746.4401245117188
v 671.2018432617188 1364.6328125 752.1112670898438
v 665.64208984375 1364.53173828125 746.4387817382812
v 671.194091796875 1366.7744140625 746.439453125
v 687.8195190429688 1366.881591796875 763.3825073242188
v 676.742431640625 1357.7486572265625 774.5791625976562
v 665.6505126953125 1357.9691162109375 763.376708984375
v 676.7525634765625 1362.4296875 763.3800659179688
v 666.9985961914062 1370.212646484375 732.131103515625
v 662.8421020507812 1367.52880859375 735.0072021484375
v 660.0574951171875 1367.39794921875 732.1298828125
v 662.8348999023438 1368.5238037109375 732.13037109375
v 669.7747192382812 1371.0906982421875 732.8515014648438
v 669.0834350585938 1370.560546875 733.57080078125
v 668.3878784179688 1370.52783203125 732.8512573242188
v 669.0813598632812 1370.809326171875 732.8513793945312
v 667.0065307617188 1369.21630859375 735.0078735351562
v 665.614990234375 1369.153564453125 733.5701904296875
v 667.002685546875 1369.71630859375 733.5704345703125
v 753.3320922851562 1388.5762939453125 774.5646362304688
v 731.5540771484375 1369.31689453125 796.9310913085938
v 731.6015014648438 1379.77734375 774.5794067382812
v 798.620849609375 1372.7274169921875 840.056640625
v 798.7056884765625 1396.610595703125 796.841552734375
v 731.6049194335938 1384.5560302734375 763.380859375
v 720.7162475585938 1375.3924560546875 774.5836791992188
v 709.8047485351562 1375.740966796875 763.3841552734375
v 720.721435546875 1380.14990234375 763.3831787109375
v 742.4685668945312 1384.168701171875 774.5730590820312
v 742.4701538085938 1388.9688720703125 763.3771362304688
v 775.9885864257812 1387.2791748046875 796.881103515625
v 776.0137939453125 1397.8509521484375 774.5409545898438
v 747.900634765625 1391.1807861328125 763.374755859375
v 764.6613159179688 1393.1956787109375 774.5538330078125
v 745.1854248046875 1390.07421875 763.3759765625
v 742.4679565429688 1390.131591796875 760.5693359375
v 753.333984375 1391.0181884765625 768.97412109375
v 747.8998413085938 1386.369873046875 774.569091796875
v 742.4713745117188 1386.600341796875 768.98095703125
v 747.9021606445312 1388.806640625 768.9777221679688
v 753.3189086914062 1383.4808349609375 785.7310791015625
v 742.4263916015625 1373.6796875 796.922607421875
v 731.5833129882812 1374.7154541015625 785.7499389648438
v 742.4527587890625 1379.08984375 785.7417602539062
v 753.2322998046875 1366.274658203125 819.18359375
v 731.4022216796875 1345.470947265625 840.00048828125
v 709.6599731445312 1348.8638916015625 819.1943969726562
v 731.4775390625 1357.5457763671875 819.1906127929688
v 753.1038818359375 1333.3275146484375 872.1402587890625
v 709.5458984375 1296.698486328125 898.7539672851562
v 665.4332885742188 1299.264892578125 871.9752197265625
v 709.5151977539062 1316.17041015625 872.0068969726562
v 737.0388793945312 1386.760986328125 763.379150390625
v 743.8255615234375 1390.684814453125 760.56884765625
v 739.7547607421875 1387.864501953125 763.378173828125
v 737.0368041992188 1387.920654296875 760.5709838867188
v 739.7526245117188 1389.025634765625 760.5701904296875
v 737.036376953125 1381.9716796875 774.5764770507812
v 731.6052856445312 1382.1988525390625 768.9860229492188
v 737.0396728515625 1384.398193359375 768.9837036132812
v 743.1467895507812 1390.408203125 760.569091796875
v 745.1843872070312 1390.6580810546875 761.9727172851562
v 743.8278198242188 1389.521484375 763.3765869140625
v 742.46923828125 1389.5518798828125 761.9737548828125
v 743.8268432617188 1390.1048583984375 761.9732666015625
v 747.9019165039062 1390.0010986328125 766.1780395507812
v 745.186767578125 1387.702880859375 768.9793701171875
v 742.4713134765625 1387.7921142578125 766.1807861328125
v 745.1865844726562 1388.89599609375 766.179443359375
v 741.1103515625 1389.5784912109375 760.5697631835938
v 764.662353515625 1395.6478271484375 768.9651489257812
v 758.994140625 1390.8818359375 774.5595092773438
v 758.99560546875 1393.328857421875 768.9698486328125
v 776.0052490234375 1392.721923828125 785.7015991210938
v 764.6307983398438 1382.651123046875 796.8975219726562
v 764.6505737304688 1388.0831298828125 785.717529296875
v 798.667724609375 1384.8065185546875 819.1494140625
v 775.8875732421875 1363.4071044921875 840.0421752929688
v 775.9402465820312 1375.486083984375 819.170654296875
v 843.178955078125 1370.1373291015625 872.3327026367188
v 798.4793701171875 1331.7242431640625 898.8215942382812
v 798.5384521484375 1351.7025146484375 872.28955078125
v 761.8281860351562 1394.4871826171875 768.9675903320312
v 770.3350830078125 1395.51904296875 774.547607421875
v 821.27783203125 1405.9652099609375 796.7940673828125
v 887.1829833984375 1409.607177734375 839.8829956054688
v 763.2450561523438 1395.0672607421875 768.9663696289062
v 764.6622314453125 1394.4298095703125 771.7606201171875
v 761.826904296875 1392.03759765625 774.5567016601562
v 758.9952392578125 1392.1134033203125 771.7658081054688
v 761.8279418945312 1393.2703857421875 771.7632446289062
v 764.6572265625 1390.67626953125 780.13623046875
v 758.982177734375 1385.7777099609375 785.724609375
v 753.3269653320312 1386.0660400390625 780.1486206054688
v 758.989501953125 1388.366943359375 780.1427001953125
v 764.6622924804688 1395.949951171875 768.265869140625
v 763.9536743164062 1395.357421875 768.9657592773438
v 763.2449951171875 1395.369140625 768.26708984375
v 763.9535522460938 1395.659423828125 768.2664794921875
v 766.0801391601562 1396.2291259765625 768.9639282226562
v 770.3358764648438 1396.755615234375 771.7548828125
v 767.4974365234375 1394.356201171875 774.55078125
v 767.4982299804688 1395.591552734375 771.7578125
v 776.0106811523438 1395.3226318359375 780.12158203125
v 770.3255004882812 1390.398193359375 785.7098388671875
v 770.33154296875 1392.9951171875 780.129150390625
v 798.7177124023438 1402.0758056640625 785.6634521484375
v 787.354248046875 1391.9361572265625 796.8623657226562
v 787.3682250976562 1397.389892578125 785.6835327148438
v 764.6624145507812 1395.040771484375 770.3631591796875
v 763.244873046875 1393.849853515625 771.761962890625
v 761.8281860351562 1393.8807373046875 770.36572265625
v 763.2450561523438 1394.46044921875 770.364501953125
v 765.3712158203125 1395.9383544921875 768.9645385742188
v 767.4984130859375 1396.203125 770.3605346679688
v 766.0800170898438 1395.0103759765625 771.7592163085938
v 766.0802001953125 1395.6217041015625 770.3618774414062
v 765.0166625976562 1396.09521484375 768.2655639648438
v 764.8394775390625 1396.0225830078125 768.2657470703125
v 764.6622314453125 1396.025390625 768.0910034179688
v 764.8394775390625 1396.0980224609375 768.0908813476562
v 765.3711547851562 1396.089599609375 768.6149291992188
v 765.0167846679688 1395.7930908203125 768.96484375
v 764.662353515625 1395.799072265625 768.6155395507812
v 765.0167236328125 1395.9443359375 768.615234375
v 766.0802001953125 1395.9259033203125 769.6629638671875
v 765.3712158203125 1395.3311767578125 770.362548828125
v 764.6624145507812 1395.3448486328125 769.6642456054688
v 765.3712158203125 1395.63525390625 769.6636352539062
v 764.3079223632812 1395.8046875 768.2661743164062
v 763.9534912109375 1395.8101806640625 767.916748046875
v 764.307861328125 1395.955322265625 767.9164428710938
v 764.9280395507812 1396.13427734375 768.0908203125
v 765.0166625976562 1396.1329345703125 768.1781616210938
v 764.9281005859375 1396.0589599609375 768.265625
v 764.8394775390625 1396.060302734375 768.1782836914062
v 764.9280395507812 1396.0965576171875 768.17822265625
v 765.1939086914062 1396.1678466796875 768.2654418945312
v 765.0167236328125 1396.019775390625 768.4404296875
v 764.8395385742188 1395.8717041015625 768.6153564453125
v 764.6622924804688 1395.87451171875 768.4407348632812
v 764.8394775390625 1395.9471435546875 768.4405517578125
v 764.3079833984375 1395.502685546875 768.9654541015625
v 763.95361328125 1395.508544921875 768.6161499023438
v 764.3079833984375 1395.65380859375 768.6158447265625
v 763.9536743164062 1394.75048828125 770.3638305664062
v 763.2451171875 1394.7642822265625 769.66552734375
v 763.9537353515625 1395.054443359375 769.6649169921875
v 765.1052856445312 1396.131591796875 768.2655029296875
v 765.1052856445312 1396.1693115234375 768.1781005859375
v 765.3711547851562 1396.1651611328125 768.4401245117188
v 765.1939697265625 1396.0169677734375 768.6150512695312
v 765.1939086914062 1396.0924072265625 768.4402465820312
v 766.080078125 1396.38037109375 768.6143188476562
v 765.7256469726562 1396.083740234375 768.9642333984375
v 765.7255859375 1396.2349853515625 768.6146240234375
v 765.0609741210938 1396.151123046875 768.1781005859375
v 765.0166625976562 1396.1517333984375 768.1344604492188
v 765.0609741210938 1396.169921875 768.1343994140625
v 765.1495971679688 1396.1875 768.1780395507812
v 765.1052856445312 1396.1787109375 768.15625
v 765.0831298828125 1396.16015625 768.1781005859375
v 765.0609741210938 1396.1605224609375 768.15625
v 765.0831298828125 1396.1695556640625 768.15625
v 765.1052856445312 1396.150390625 768.2218017578125
v 765.0609741210938 1396.1134033203125 768.2655639648438
v 765.0166625976562 1396.1141357421875 768.2218627929688
v 765.0609741210938 1396.1322021484375 768.2218017578125
v 765.1939086914062 1396.130126953125 768.3528442382812
v 765.1052856445312 1396.05615234375 768.4403076171875
v 765.0167236328125 1396.0574951171875 768.3529663085938
v 765.1052856445312 1396.0938720703125 768.3529052734375
v 765.038818359375 1396.160888671875 768.1343994140625
v 764.9723510742188 1396.11474609375 768.1781616210938
v 764.9280395507812 1396.115478515625 768.134521484375
v 764.9723510742188 1396.1336669921875 768.1344604492188
v 765.1052856445312 1396.183349609375 768.145263671875
v 765.0941772460938 1396.1741943359375 768.15625
v 765.0831298828125 1396.17431640625 768.1453247070312
v 765.0941772460938 1396.1788330078125 768.1453247070312
v 765.12744140625 1396.1783447265625 768.1780395507812
v 765.12744140625 1396.187744140625 768.1561889648438
v 765.1939086914062 1396.186767578125 768.2217407226562
v 765.1495971679688 1396.1497802734375 768.2654418945312
v 765.1495971679688 1396.1685791015625 768.2217407226562
v 810.0208740234375 1401.2908935546875 796.8187255859375
v 843.489013671875 1403.388671875 819.0723266601562
v 821.183349609375 1382.04833984375 840.0558471679688
v 821.2390747070312 1394.137939453125 819.117431640625
v 832.4547119140625 1410.6220703125 796.767822265625
v 826.8775634765625 1408.2965087890625 796.7811279296875
v 843.5211181640625 1409.42724609375 807.96337890625
v 832.409423828125 1398.7760009765625 819.0966796875
v 821.260986328125 1400.157958984375 808.01513671875
v 832.4352416992188 1404.803955078125 807.9904174804688
v 887.3322143554688 1421.85498046875 818.9332275390625
v 865.3338012695312 1400.420166015625 839.976318359375
v 865.4599609375 1412.590087890625 819.0116577148438
v 930.8546142578125 1406.2789306640625 871.9044799804688
v 886.414306640625 1368.2659912109375 898.3646850585938
v 886.800537109375 1388.2552490234375 872.201171875
v 832.4585571289062 1412.0281982421875 793.9685668945312
v 829.6690673828125 1409.4599609375 796.7745361328125
v 826.881103515625 1409.7008056640625 793.9818115234375
v 829.6727294921875 1410.865234375 793.9752197265625
v 838.0097045898438 1412.9422607421875 796.7540893554688
v 832.4458618164062 1407.748291015625 802.37939453125
v 826.8596801757812 1402.484130859375 808.0030517578125
v 821.2700805664062 1403.097412109375 802.4052734375
v 826.869384765625 1405.4259033203125 802.392578125
v 809.9843139648438 1389.4771728515625 819.1349487304688
v 798.6885375976562 1390.81884765625 808.0578002929688
v 810.0046997070312 1395.4923095703125 808.03759765625
v 865.5067749023438 1418.65771484375 807.9029541015625
v 854.4982299804688 1407.988525390625 819.0440673828125
v 854.5377807617188 1414.0406494140625 807.9342041015625
v 854.5537719726562 1416.9986572265625 802.3225708007812
v 849.0367431640625 1411.734375 807.9490966796875
v 843.5341186523438 1412.3779296875 802.3517456054688
v 849.0512084960938 1414.6885986328125 802.3373413085938
v 846.294677734375 1413.533447265625 802.3446044921875
v 843.5398559570312 1413.8282470703125 799.544189453125
v 846.3007202148438 1414.984619140625 799.5369873046875
v 837.9882202148438 1407.11767578125 807.9771728515625
v 837.9998779296875 1410.0650634765625 802.3657836914062
v 844.9207763671875 1414.406494140625 799.5405883789062
v 843.5425415039062 1414.546142578125 798.1414794921875
v 844.9235229492188 1415.1246337890625 798.137939453125
v 840.7796630859375 1414.1009521484375 796.7471313476562
v 840.7693481445312 1411.221923828125 802.3588256835938
v 838.0050659179688 1411.5135498046875 799.5582275390625
v 840.7747802734375 1412.6712646484375 799.5512084960938
v 851.8041381835938 1415.8436279296875 802.3300170898438
v 860.02685546875 1416.3477783203125 807.9188232421875
v 876.3970336914062 1417.2073974609375 818.9747924804688
v 909.1285400390625 1418.9298095703125 839.7444458007812
v 855.9274291992188 1417.5762939453125 802.31884765625
v 860.0360107421875 1417.83642578125 805.1148681640625
v 857.2836303710938 1415.1939697265625 807.9265747070312
v 854.5460815429688 1415.5272216796875 805.130126953125
v 857.2923583984375 1416.6815185546875 805.12255859375
v 865.4848022460938 1415.640380859375 813.4856567382812
v 859.9835815429688 1410.2882080078125 819.0284423828125
v 854.5192260742188 1411.03125 813.517578125
v 860.006591796875 1413.3345947265625 813.5020141601562
v 865.4020385742188 1406.462646484375 829.7791137695312
v 854.3914794921875 1395.84765625 840.00830078125
v 843.4492797851562 1397.2879638671875 829.8380126953125
v 854.44921875 1401.8759765625 829.8118286132812
v 887.0020751953125 1398.5909423828125 857.2293090820312
v 865.0057373046875 1379.21826171875 872.28857421875
v 843.2969360351562 1380.3763427734375 857.3651733398438
v 865.1791381835938 1389.4835205078125 857.3202514648438
v 870.9801635742188 1420.9720458984375 807.8865356445312
v 857.2964477539062 1417.4197998046875 803.718994140625
v 855.9195556640625 1416.1043701171875 805.1263427734375
v 854.5499877929688 1416.2650146484375 803.7265625
v 855.923583984375 1416.8424072265625 803.7227783203125
v 851.7888793945312 1412.887451171875 807.9417114257812
v 849.0442504882812 1413.218994140625 805.1449584960938
v 851.7968139648438 1414.373046875 805.1376342773438
v 849.0009765625 1405.6893310546875 819.0587158203125
v 843.5060424804688 1406.4248046875 813.5464477539062
v 849.0199584960938 1408.728515625 813.5324096679688
v 857.2984619140625 1417.7874755859375 803.01708984375
v 856.610107421875 1417.131103515625 803.7208862304688
v 855.925537109375 1417.2098388671875 803.0208129882812
v 856.612060546875 1417.4986572265625 803.0189819335938
v 860.040283203125 1418.5751953125 803.7113647460938
v 858.6644897460938 1417.2589111328125 805.1187133789062
v 858.668701171875 1417.9974365234375 803.7152099609375
v 862.767822265625 1417.5023193359375 807.9109497070312
v 862.7772827148438 1418.991943359375 805.1071166992188
v 857.2994384765625 1417.970947265625 802.6660766601562
v 856.9552612304688 1417.64306640625 803.0180053710938
v 856.613037109375 1417.6820068359375 802.66796875
v 856.9562377929688 1417.826416015625 802.6669921875
v 857.982666015625 1417.7086181640625 803.7171020507812
v 857.9846801757812 1418.0762939453125 803.0151977539062
v 857.6416015625 1417.931884765625 803.01611328125
v 857.642578125 1418.1153564453125 802.6651000976562
v 868.244140625 1419.814208984375 807.894775390625
v 876.4249877929688 1420.2666015625 813.4505615234375
v 870.9301147460938 1414.8958740234375 818.9938354492188
v 870.9566650390625 1417.950439453125 813.468505859375
v 887.263427734375 1415.6895751953125 829.6915283203125
v 876.255615234375 1405.0020751953125 839.9348754882812
v 876.3319702148438 1411.0623779296875 829.7392578125
v 869.6123046875 1420.3929443359375 807.8906860351562
v 870.9688110351562 1419.466552734375 810.6828002929688
v 868.2213745117188 1416.7947998046875 813.4771728515625
v 865.4961547851562 1417.154296875 810.6995849609375
v 868.233154296875 1418.309814453125 810.6912841796875
v 869.614990234375 1420.767333984375 807.1903076171875
v 868.92822265625 1420.103515625 807.8927612304688
v 868.2467651367188 1420.1884765625 807.1943969726562
v 868.930908203125 1420.477783203125 807.1923828125
v 870.974609375 1420.220703125 809.2857666015625
v 869.6011352539062 1418.887939453125 810.6870727539062
v 868.2387084960938 1419.0634765625 809.2941284179688
v 869.6068115234375 1419.6419677734375 809.2899780273438
v 876.4378051757812 1421.7847900390625 810.6654052734375
v 873.6911010742188 1419.107666015625 813.4596557617188
v 873.70361328125 1420.624755859375 810.6741943359375
v 881.8634033203125 1419.526611328125 818.95458984375
v 881.8925170898438 1422.59033203125 813.4318237304688
v 866.8756103515625 1419.23583984375 807.8988647460938
v 865.5118408203125 1419.40478515625 806.501708984375
v 866.8807373046875 1419.983154296875 806.4977416992188
v 879.15869140625 1421.4273681640625 813.4412841796875
v 881.8992919921875 1423.351806640625 812.0411376953125
v 880.5255737304688 1422.008544921875 813.4365844726562
v 879.1653442382812 1422.188232421875 812.0504150390625
v 880.5322265625 1422.769775390625 812.0457763671875
v 884.6268310546875 1423.7557373046875 813.422119140625
v 909.2005004882812 1425.07080078125 829.5700073242188
v 898.140869140625 1414.2489013671875 839.81982421875
v 898.2197265625 1420.3580322265625 829.6353759765625
v 930.9717407226562 1417.0130615234375 856.8887329101562
v 908.7936401367188 1397.2900390625 872.0724487304688
v 908.9689331054688 1407.7762451171875 857.0872192382812
v 1018.0140380859375 1441.8790283203125 870.8972778320312
v 975.016845703125 1401.8443603515625 897.6919555664062
v 975.1219482421875 1424.26220703125 871.4463500976562
v 881.8783569335938 1421.0615234375 816.2020874023438
v 879.1300659179688 1418.365966796875 818.96484375
v 876.411376953125 1418.739990234375 816.2215576171875
v 879.144775390625 1419.899658203125 816.2119140625
v 887.29931640625 1418.77099609375 824.3690795898438
v 881.7959594726562 1413.3717041015625 829.7164306640625
v 876.365966796875 1414.1334228515625 824.4138793945312
v 881.8311767578125 1416.4476318359375 824.3922729492188
v 881.2157592773438 1423.0606689453125 812.04345703125
v 883.2595825195312 1423.1727294921875 813.427001953125
v 887.3475341796875 1423.3924560546875 816.1815795898438
v 884.5973510742188 1420.6895751953125 818.944091796875
v 884.6124877929688 1422.2257080078125 816.1919555664062
v 953.4144287109375 1438.1282958984375 839.2952270507812
v 909.2329711914062 1428.177978515625 824.2586669921875
v 903.7085571289062 1422.7093505859375 829.6038818359375
v 898.2550659179688 1423.451416015625 824.3175048828125
v 903.74267578125 1425.809326171875 824.2890014648438
v 920.1188354492188 1423.6412353515625 839.6559448242188
v 920.1812133789062 1429.81982421875 829.494873046875
v 906.4876708984375 1426.992431640625 824.2740478515625
v 903.7587280273438 1427.3609619140625 821.5875244140625
v 906.5033569335938 1428.5455322265625 821.5734252929688
v 914.6925048828125 1427.4412841796875 829.5337524414062
v 914.7230224609375 1430.5560302734375 824.2263793945312
v 907.8758544921875 1429.138916015625 821.5662841796875
v 911.9782104492188 1429.3658447265625 824.2427368164062
v 908.5620727539062 1429.435791015625 821.5626220703125
v 909.24072265625 1428.9554443359375 822.912109375
v 907.8603515625 1427.5848388671875 824.2664184570312
v 906.49560546875 1427.76904296875 822.9270629882812
v 907.8681640625 1428.3619384765625 822.9196166992188
v 909.217041015625 1426.6231689453125 826.93017578125
v 906.454345703125 1423.888916015625 829.5872802734375
v 903.7259521484375 1424.258056640625 826.9622802734375
v 906.4713134765625 1425.4393310546875 826.9464721679688
v 909.1656494140625 1421.9820556640625 834.7411499023438
v 903.6326293945312 1416.5849609375 839.78369140625
v 898.181640625 1417.284423828125 834.8121337890625
v 903.6718139648438 1419.6285400390625 834.7780151367188
v 909.0517578125 1413.2513427734375 848.76025390625
v 897.9645385742188 1403.1722412109375 857.1649780273438
v 887.0963134765625 1403.993896484375 848.9049072265625
v 898.0562744140625 1408.606689453125 848.83935546875
v 911.9857177734375 1430.144287109375 822.896728515625
v 910.6056518554688 1428.7716064453125 824.250732421875
v 910.61328125 1429.549560546875 822.9044799804688
v 914.7080078125 1428.99755859375 826.8958129882812
v 911.9467163085938 1426.2550048828125 829.5521850585938
v 911.9627685546875 1427.809326171875 826.9132690429688
v 920.1509399414062 1426.71337890625 834.6585083007812
v 914.6251220703125 1421.2822265625 839.7018432617188
v 914.6598510742188 1424.343994140625 834.7013549804688
v 931.029052734375 1422.599365234375 848.5576782226562
v 919.9826049804688 1412.3931884765625 856.995361328125
v 920.0530395507812 1417.918701171875 848.6666259765625
v 975.2123413085938 1435.8406982421875 856.2846069335938
v 953.2577514648438 1415.374755859375 871.6932373046875
v 953.3327026367188 1426.47265625 856.62060546875
v 909.2445068359375 1429.3441162109375 822.236328125
v 908.554443359375 1428.65869140625 822.9158935546875
v 907.8720092773438 1428.75048828125 822.2437744140625
v 908.5582885742188 1429.0472412109375 822.2400512695312
v 909.2463989257812 1429.5384521484375 821.8978271484375
v 908.9014282226562 1429.1956787109375 822.2382202148438
v 908.5601806640625 1429.241455078125 821.9015502929688
v 908.9033203125 1429.3900146484375 821.8997192382812
v 909.927001953125 1429.25244140625 822.9083251953125
v 909.9307861328125 1429.6412353515625 822.2326049804688
v 925.6634521484375 1432.205322265625 829.4534301757812
v 942.2927856445312 1433.2496337890625 839.4326782226562
v 922.92333984375 1431.01171875 829.4744873046875
v 920.1956787109375 1431.38037109375 826.8591918945312
v 931.1104125976562 1431.469482421875 834.5634765625
v 925.6061401367188 1426.0054931640625 839.6065063476562
v 925.6355590820312 1429.0888671875 834.6126098632812
v 925.6702270507812 1432.9874267578125 828.1409912109375
v 924.293701171875 1431.6082763671875 829.4640502929688
v 922.9303588867188 1431.792724609375 828.161376953125
v 924.300537109375 1432.389892578125 828.1512451171875
v 928.4011840820312 1433.4002685546875 829.4317626953125
v 925.6497192382812 1430.64404296875 832.052001953125
v 922.8942260742188 1427.900390625 834.635986328125
v 920.166259765625 1428.263427734375 832.0958251953125
v 922.9089965820312 1429.4530029296875 832.0742797851562
v 924.303955078125 1432.781005859375 827.4917602539062
v 923.6155395507812 1432.09130859375 828.1563720703125
v 922.933837890625 1432.18359375 827.501708984375
v 923.6189575195312 1432.482177734375 827.4967651367188
v 921.566650390625 1431.9771728515625 826.8496704101562
v 921.552490234375 1430.41552734375 829.4848022460938
v 920.1884765625 1430.5997314453125 828.1812133789062
v 921.5596313476562 1431.196044921875 828.17138671875
v 917.4374389648438 1428.629638671875 829.5146484375
v 917.4524536132812 1430.18798828125 826.8778076171875
v 923.9614868164062 1432.631591796875 827.4942626953125
v 923.6206665039062 1432.677734375 827.1661987304688
v 923.963134765625 1432.8271484375 827.1636962890625
v 924.9854736328125 1432.6885986328125 828.1461181640625
v 927.0326538085938 1432.8026123046875 829.4426879882812
v 931.1234130859375 1433.0301513671875 832.0053100585938
v 928.3743896484375 1430.278564453125 834.5884399414062
v 928.3880004882812 1431.8365478515625 832.029052734375
v 942.315673828125 1436.372802734375 834.4520874023438
v 936.6972045898438 1430.810791015625 839.4951171875
v 936.7218017578125 1433.919677734375 834.5095825195312
v 953.3731689453125 1432.21826171875 848.2817993164062
v 942.2014770507812 1421.752197265625 856.76318359375
v 942.2476196289062 1427.412109375 848.4287719726562
v 939.5211791992188 1435.14599609375 834.4812622070312
v 947.8665161132812 1435.689208984375 839.3660888671875
v 939.5269775390625 1435.93017578125 833.2091064453125
v 938.1220703125 1434.53271484375 834.4955444335938
v 936.7278442382812 1434.7022705078125 833.2366943359375
v 938.1279907226562 1435.316162109375 833.2230224609375
v 942.3043212890625 1434.806640625 836.9641723632812
v 939.4974975585938 1432.030029296875 839.4644165039062
v 936.7095947265625 1432.3603515625 837.0243530273438
v 939.5093994140625 1433.583251953125 836.9947509765625
v 942.2703857421875 1430.3070068359375 844.0187377929688
v 936.6478881835938 1425.0059814453125 848.4954223632812
v 931.0567016601562 1425.4613037109375 844.145263671875
v 936.6728515625 1427.8837890625 844.0841674804688
v 933.9180908203125 1432.694091796875 834.5369873046875
v 933.9305419921875 1434.2578125 831.9801025390625
v 940.9190673828125 1435.75927734375 834.466796875
v 940.2260131835938 1436.2373046875 833.2020874023438
v 939.8765258789062 1436.083740234375 833.2056274414062
v 940.9219360351562 1436.151611328125 833.8321533203125
v 940.2202758789062 1435.45263671875 834.4740600585938
v 939.5241088867188 1435.537841796875 833.846435546875
v 940.22314453125 1435.8447265625 833.8392944335938
v 942.3099975585938 1435.5887451171875 835.71337890625
v 940.9075317382812 1434.19482421875 836.9795532226562
v 939.5153198242188 1434.363525390625 835.7432861328125
v 940.913330078125 1434.97607421875 835.7284545898438
v 947.87744140625 1437.254150390625 836.9000244140625
v 945.0826416015625 1434.4693603515625 839.39990234375
v 945.0938110351562 1436.0302734375 836.9326171875
v 953.3937377929688 1435.1512451171875 843.87451171875
v 947.8241577148438 1429.816650390625 848.3576049804688
v 947.8453979492188 1432.72998046875 843.9489135742188
v 964.3331909179688 1431.16552734375 856.4606323242188
v 964.3761596679688 1437.0091552734375 848.115966796875
v 996.6024780273438 1433.0423583984375 871.1759643554688
v 996.7340698242188 1445.217041015625 855.8936157226562
v 1061.605224609375 1430.7723388671875 897.8814086914062
v 938.82763671875 1435.6231689453125 833.2161254882812
v 940.5725708007812 1435.9981689453125 833.8357543945312
v 940.224609375 1436.0408935546875 833.52099609375
v 940.5740356445312 1436.1944580078125 833.5174560546875
v 941.6175537109375 1436.0660400390625 834.45947265625
v 941.620361328125 1436.4586181640625 833.8248901367188
v 940.57470703125 1436.2926025390625 833.3580932617188
v 940.3993530273438 1436.11767578125 833.5192260742188
v 940.225341796875 1436.1390380859375 833.3616333007812
v 940.4000244140625 1436.2158203125 833.35986328125
v 939.8736572265625 1435.6912841796875 833.8428955078125
v 939.5255126953125 1435.7340087890625 833.528076171875
v 939.8751220703125 1435.887451171875 833.5245361328125
v 938.82177734375 1434.83935546875 834.4884643554688
v 938.1250610351562 1434.9241943359375 833.8605346679688
v 938.82470703125 1435.23095703125 833.853515625
v 938.110107421875 1432.9718017578125 837.0096435546875
v 936.7157592773438 1433.138916015625 835.772216796875
v 938.1161499023438 1433.751220703125 835.7578735351562
v 933.892333984375 1429.592041015625 839.5247802734375
v 931.0971069335938 1429.916748046875 837.0806274414062
v 933.9053344726562 1431.13818359375 837.052978515625
v 964.3985595703125 1439.9857177734375 843.7117919921875
v 958.8906860351562 1434.6156005859375 848.2012329101562
v 958.9116821289062 1437.5697021484375 843.79541015625
v 958.9222412109375 1439.0625 841.529296875
v 956.15673828125 1436.36083984375 843.8355712890625
v 953.4041137695312 1436.63427734375 841.6067504882812
v 956.1671142578125 1437.8486328125 841.568603515625
v 986.001953125 1440.517822265625 856.0947875976562
v 991.3731689453125 1442.8634033203125 855.9954833984375
v 986.0340576171875 1443.5426025390625 851.9841918945312
v 1039.591064453125 1450.884033203125 870.6255493164062
v 996.66357421875 1439.09130859375 863.7578735351562
v 985.8905639648438 1428.6553955078125 871.3131713867188
v 975.16455078125 1430.0023193359375 864.0979614257812
v 985.9427490234375 1434.54248046875 863.9320678710938
v 1017.9384155273438 1429.20556640625 884.8136596679688
v 996.4586791992188 1409.358642578125 897.619384765625
v 975.0551147460938 1413.008056640625 885.0426025390625
v 996.5099487304688 1421.1441650390625 884.9120483398438
v 1018.0235595703125 1387.004150390625 923.740478515625
v 975.2366943359375 1333.166748046875 956.6435546875
v 930.5718383789062 1360.24560546875 924.4080810546875
v 975.0458984375 1374.7730712890625 923.8895263671875
v 1019.0855102539062 1200.0389404296875 1049.8980712890625
v 931.0619506835938 1258.3912353515625 1003.8306884765625
v 1018.7110595703125 1273.298095703125 1003.945068359375
v 988.722900390625 1444.731201171875 851.93310546875
v 980.6163330078125 1438.177734375 856.1912231445312
v 975.238037109375 1438.8021240234375 852.1805419921875
v 980.6451416015625 1441.1700439453125 852.0840454101562
v 990.066162109375 1445.326416015625 851.9072875976562
v 1018.075439453125 1448.2955322265625 863.39306640625
v 1007.2972412109375 1437.443359375 871.0367431640625
v 1007.3626098632812 1443.6689453125 863.5774536132812
v 991.3906860351562 1444.3897705078125 853.9549560546875
v 988.6891479492188 1441.6898193359375 856.0454711914062
v 986.017822265625 1442.0269775390625 854.0563354492188
v 988.705810546875 1443.2073974609375 854.0059814453125
v 996.6976318359375 1442.14404296875 859.88525390625
v 991.30810546875 1436.8145751953125 863.8458862304688
v 985.9714965820312 1437.5184326171875 860.0746459960938
v 991.3396606445312 1439.8280029296875 859.9810180664062
v 994.0546875 1444.0390625 855.94482421875
v 994.0729370117188 1445.57421875 853.9031982421875
v 991.3995971679688 1445.1551513671875 852.9223022460938
v 990.048583984375 1443.79833984375 853.9805297851562
v 988.7142944335938 1443.968505859375 852.9737548828125
v 990.0573120117188 1444.5615234375 852.9481201171875
v 992.7321166992188 1444.981689453125 853.9291381835938
v 992.7412719726562 1445.749267578125 852.8963012695312
v 992.0704956054688 1445.4521484375 852.9093627929688
v 991.4041137695312 1445.538330078125 852.40283203125
v 992.0750732421875 1445.8359375 852.3898315429688
v 1012.715087890625 1445.974853515625 863.4856567382812
v 1028.7847900390625 1446.364990234375 870.7596435546875
v 1061.3358154296875 1445.2823486328125 884.7636108398438
v 1039.723388671875 1423.849609375 897.6997680664062
v 1039.620849609375 1437.304931640625 884.760009765625
v 1104.8560791015625 1404.9788818359375 925.2412719726562
v 1062.5540771484375 1350.546142578125 956.9635009765625
v 1062.19580078125 1397.517578125 924.1348876953125
v 1015.3939819335938 1447.1331787109375 863.4393920898438
v 1012.7334594726562 1447.5634765625 861.5502319335938
v 1015.4122314453125 1448.7332763671875 861.5015869140625
v 1018.0426635742188 1445.0810546875 867.1951904296875
v 1012.650390625 1439.6556396484375 870.9669189453125
v 1007.3283081054688 1440.54833984375 867.3582153320312
v 1012.6809692382812 1442.80810546875 867.27685546875
v 1017.9686889648438 1435.5146484375 878.0230102539062
v 1007.203857421875 1425.173828125 884.8580322265625
v 996.5512084960938 1427.0625 878.20751953125
v 1007.244384765625 1431.2791748046875 878.113037109375
v 1028.80517578125 1449.671142578125 867.0320434570312
v 1023.392578125 1444.115966796875 870.828125
v 1023.4177856445312 1447.369140625 867.113525390625
v 1039.5950927734375 1444.072265625 877.8633422851562
v 1028.751708984375 1433.2550048828125 884.7804565429688
v 1028.7591552734375 1439.7847900390625 877.939208984375
v 1034.1859130859375 1448.622314453125 870.6920166015625
v 1031.5020751953125 1450.826171875 866.991455078125
v 1036.8883056640625 1449.7528076171875 870.6586303710938
v 1034.1923828125 1450.3017578125 868.8333129882812
v 1036.8929443359375 1451.4464111328125 868.79638671875
v 1061.2305908203125 1452.576904296875 877.741943359375
v 1050.4981689453125 1441.3243408203125 884.75390625
v 1050.4334716796875 1448.3465576171875 877.7969970703125
v 1083.110595703125 1437.1751708984375 898.1765747070312
v 1082.70068359375 1452.89111328125 884.8370361328125
v 1039.5902099609375 1447.4735107421875 874.2886962890625
v 1034.1741943359375 1441.92822265625 877.9002075195312
v 1028.76953125 1443.069091796875 874.3939208984375
v 1034.1773681640625 1445.27001953125 874.3404541015625
v 1035.5426025390625 1450.8740234375 868.8148193359375
v 1034.196044921875 1451.142333984375 867.8951416015625
v 1031.484619140625 1447.4927978515625 870.7257080078125
v 1028.7943115234375 1448.016845703125 868.9077758789062
v 1031.49267578125 1449.158447265625 868.8704223632812
v 1055.83984375 1450.4691162109375 877.7680053710938
v 1050.41015625 1451.872802734375 874.1909790039062
v 1072.0859375 1449.1483154296875 884.7908325195312
v 1045.0167236328125 1446.2130126953125 877.828857421875
v 1045.0028076171875 1449.67578125 874.23876953125
v 1055.822509765625 1452.26416015625 875.967529296875
v 1053.1383056640625 1449.409423828125 877.7821044921875
v 1050.4208984375 1450.108642578125 876.0048217773438
v 1053.1234130859375 1451.1878662109375 875.98583984375
v 1061.280029296875 1448.9244384765625 881.29541015625
v 1055.9249267578125 1443.31298828125 884.7567138671875
v 1050.4630126953125 1444.8294677734375 881.3173217773438
v 1055.87939453125 1446.8853759765625 881.3045654296875
v 1061.462890625 1438.0404052734375 891.4508666992188
v 1050.6829833984375 1427.3603515625 897.77734375
v 1039.664794921875 1430.5933837890625 891.3436889648438
v 1050.5830078125 1434.3568115234375 891.38671875
v 1061.9093017578125 1415.3795166015625 910.5883178710938
v 1040.036376953125 1392.5262451171875 923.85888671875
v 1017.9503173828125 1403.1385498046875 910.2044677734375
v 1039.87109375 1409.4658203125 910.3280639648438
v 1047.70751953125 1450.775146484375 874.214599609375
v 1044.998291015625 1451.41015625 872.4108276367188
v 1047.70068359375 1452.525146484375 872.3827514648438
v 1072.0111083984375 1452.93603515625 881.28857421875
v 1066.724853515625 1447.2288818359375 884.7749633789062
v 1066.6591796875 1450.942626953125 881.2899780273438
v 1082.8978271484375 1445.0440673828125 891.6487426757812
v 1072.433349609375 1434.054443359375 898.013916015625
v 1072.251953125 1441.61328125 891.5376586914062
v 1104.41064453125 1425.0123291015625 911.59521484375
v 1083.938720703125 1401.7337646484375 924.590087890625
v 1083.5469970703125 1420.6285400390625 911.0042114257812
v 1203.35400390625 1408.51513671875 930.8172607421875
v 1154.28173828125 1355.1881103515625 959.500732421875
v 1153.7171630859375 1409.0450439453125 927.5599365234375
v 1069.3389892578125 1451.942626953125 881.2887573242188
v 1066.6287841796875 1452.8033447265625 879.5153198242188
v 1077.4132080078125 1451.037109375 884.8114624023438
v 1067.9683837890625 1453.313232421875 879.5123901367188
v 1063.97265625 1449.936279296875 881.2921752929688
v 1061.2545166015625 1450.74951171875 879.5293579101562
v 1063.9447021484375 1451.7791748046875 879.5219116210938
v 1067.298828125 1453.0584716796875 879.5138549804688
v 1066.6214599609375 1453.268798828125 879.0682983398438
v 1067.2913818359375 1453.5250244140625 879.0665283203125
v 1069.3223876953125 1452.8818359375 880.4019165039062
v 1068.0 1451.443359375 881.2892456054688
v 1066.643798828125 1451.8726806640625 880.4053344726562
v 1067.9840087890625 1452.3780517578125 880.4035034179688
v 1072.0477294921875 1451.040771484375 883.050537109375
v 1069.4091796875 1448.192138671875 884.7822875976562
v 1066.6912841796875 1449.084228515625 883.0431518554688
v 1069.373291015625 1450.0660400390625 883.0463256835938
v 1072.16650390625 1445.373779296875 888.2064208984375
v 1066.8720703125 1439.8426513671875 891.4913330078125
v 1061.3970947265625 1441.6544189453125 888.1476440429688
v 1066.7960205078125 1443.52880859375 888.1744384765625
v 1065.2874755859375 1452.2918701171875 879.5184936523438
v 1063.9312744140625 1452.7012939453125 878.6287231445312
v 1065.2735595703125 1453.2186279296875 878.6242065429688
v 1080.062255859375 1451.9686279296875 884.8236083984375
v 1103.672607421875 1451.4061279296875 891.9583740234375
v 1093.5946044921875 1440.1090087890625 898.371826171875
v 1093.36181640625 1448.3074951171875 891.7866821289062
v 1082.7967529296875 1448.960693359375 888.2866821289062
v 1077.5960693359375 1443.348388671875 891.590087890625
v 1077.502197265625 1447.185791015625 888.2437744140625
v 1093.250732421875 1452.389892578125 888.3910522460938
v 1088.152099609375 1446.697021484375 891.7139892578125
v 1088.0452880859375 1450.6954345703125 888.3355102539062
v 1087.99365234375 1452.6995849609375 886.613037109375
v 1085.4267578125 1449.8331298828125 888.310302734375
v 1082.748046875 1450.924072265625 886.5730590820312
v 1085.37646484375 1451.8167724609375 886.5923461914062
v 1098.533203125 1449.876708984375 891.8677368164062
v 1116.158447265625 1445.929931640625 898.94677734375
v 1153.2791748046875 1432.260498046875 913.8558959960938
v 1129.2779541015625 1407.626220703125 926.2733154296875
v 1128.8231201171875 1429.1693115234375 912.5654296875
v 1094.546142578125 1452.807373046875 888.4061279296875
v 1098.4757080078125 1451.960205078125 890.1719970703125
v 1095.951904296875 1449.09716796875 891.8261108398438
v 1093.3056640625 1450.34765625 890.0994873046875
v 1095.89501953125 1451.1588134765625 890.1346435546875
v 1103.7923583984375 1447.1448974609375 895.3113403320312
v 1098.7720947265625 1441.5059814453125 898.4835205078125
v 1093.476806640625 1444.2215576171875 895.10693359375
v 1098.6512451171875 1445.704345703125 895.2041015625
v 1104.164306640625 1434.1197509765625 905.0980834960938
v 1094.0699462890625 1422.9310302734375 911.2765502929688
v 1083.3299560546875 1429.10009765625 904.5752563476562
v 1093.8338623046875 1431.7117919921875 904.8152465820312
v 1090.6529541015625 1451.547607421875 888.3623657226562
v 1095.866943359375 1452.1903076171875 889.281005859375
v 1094.6014404296875 1450.7545166015625 890.1168212890625
v 1093.278076171875 1451.368408203125 889.2481079101562
v 1094.5736083984375 1451.780517578125 889.2642822265625
v 1090.7620849609375 1447.507568359375 891.7493286132812
v 1088.09814453125 1448.6951904296875 890.0352172851562
v 1090.70703125 1449.5264892578125 890.06640625
v 1088.376220703125 1438.6658935546875 898.2698364257812
v 1083.0028076171875 1441.12353515625 894.938720703125
v 1088.2628173828125 1442.695068359375 895.018798828125
v 1095.85302734375 1452.706298828125 888.8521118164062
v 1095.2205810546875 1451.9857177734375 889.2725830078125
v 1094.559814453125 1452.2938232421875 888.8359375
v 1095.206787109375 1452.5003662109375 888.8439331054688
v 1097.1864013671875 1451.5606689453125 890.1530151367188
v 1097.158203125 1452.5975341796875 889.2982788085938
v 1101.1065673828125 1450.646240234375 891.9118041992188
v 1096.5128173828125 1452.3941650390625 889.2896118164062
v 1122.2476806640625 1447.3780517578125 899.1456298828125
v 1128.5767822265625 1439.1337890625 905.9813232421875
v 1116.6595458984375 1427.2332763671875 912.0426635742188
v 1116.409912109375 1436.7562255859375 905.5010375976562
v 1122.1861572265625 1449.69482421875 897.4772338867188
v 1119.20458984375 1446.6610107421875 899.043701171875
v 1116.096435546875 1448.1885986328125 897.28759765625
v 1119.142822265625 1448.948486328125 897.3798828125
v 1128.4530029296875 1443.9833984375 902.6871948242188
v 1122.497314453125 1437.9761962890625 905.73095703125
v 1116.2838134765625 1441.376220703125 902.2354125976562
v 1122.3720703125 1442.709228515625 902.4509887695312
v 1140.9981689453125 1430.8389892578125 913.1682739257812
v 1140.75830078125 1441.271240234375 906.5474853515625
v 1178.5716552734375 1409.336181640625 929.0812377929688
v 1178.1468505859375 1434.390625 915.5040283203125
v 1251.41796875 1341.7083740234375 963.1406860351562
v 1110.05126953125 1444.4241943359375 898.7672729492188
v 1109.9276123046875 1448.820068359375 895.4545288085938
v 1120.664794921875 1449.3233642578125 897.4279174804688
v 1125.2890625 1448.0811767578125 899.2527465820312
v 1121.425537109375 1449.509521484375 897.452392578125
v 1122.216796875 1448.53759765625 898.31298828125
v 1120.7264404296875 1447.0213623046875 899.093994140625
v 1119.173583984375 1447.8060302734375 898.2133178710938
v 1120.695556640625 1448.173583984375 898.2625122070312
v 1122.3096923828125 1445.0504150390625 900.802734375
v 1119.32958984375 1442.0501708984375 902.3406982421875
v 1116.220947265625 1443.6600341796875 900.59521484375
v 1119.2669677734375 1444.3624267578125 900.6964721679688
v 1110.3028564453125 1435.4715576171875 905.2904052734375
v 1104.03955078125 1438.5240478515625 901.8612670898438
v 1110.1767578125 1439.98193359375 902.039306640625
v 1121.805908203125 1449.602294921875 897.4647827148438
v 1123.7685546875 1447.7313232421875 899.198486328125
v 1123.73779296875 1448.8983154296875 898.36474609375
v 1128.391357421875 1446.3836669921875 901.0309448242188
v 1125.4127197265625 1443.353515625 902.56640625
v 1125.3507080078125 1445.7239990234375 900.9141845703125
v 1134.659912109375 1440.2313232421875 906.253173828125
v 1134.5379638671875 1445.200927734375 902.9454345703125
v 1122.2015380859375 1449.116455078125 897.8955078125
v 1121.456298828125 1448.3560791015625 898.28759765625
v 1120.68017578125 1448.748779296875 897.8456420898438
v 1121.44091796875 1448.93310546875 897.8704223632812
v 1146.8837890625 1442.2557373046875 906.8654174804688
v 1165.6859130859375 1433.4442138671875 914.6328735351562
v 1143.81689453125 1441.770263671875 906.7034301757812
v 1140.6982421875 1443.826171875 904.89013671875
v 1143.75732421875 1444.356689453125 905.043212890625
v 1153.16259765625 1437.7667236328125 910.5316772460938
v 1147.1202392578125 1431.5797119140625 913.501220703125
v 1140.878662109375 1436.1021728515625 909.8546142578125
v 1147.0023193359375 1436.9627685546875 910.1815185546875
v 1153.506103515625 1420.9241943359375 920.5862426757812
v 1141.445556640625 1408.48046875 926.8860473632812
v 1129.0599365234375 1418.719482421875 919.2764892578125
v 1141.2303466796875 1419.95751953125 919.8947143554688
v 1154.05712890625 1383.216552734375 942.79833984375
v 1129.8453369140625 1355.694580078125 958.6256713867188
v 1105.1781005859375 1381.4500732421875 940.7300415039062
v 1129.6239013671875 1382.9810791015625 941.6741943359375
v 1203.8115234375 1308.9564208984375 984.7007446289062
v 1154.517822265625 1275.438232421875 1006.3256225585938
v 1105.448974609375 1316.06396484375 982.36328125
v 1154.4520263671875 1314.7525634765625 983.5133056640625
v 1159.470947265625 1432.882080078125 914.23291015625
v 1159.3555908203125 1438.5146484375 910.906005859375
v 1178.3681640625 1422.0748291015625 922.192626953125
v 1166.11572265625 1409.3299560546875 928.29248046875
v 1165.9090576171875 1421.629638671875 921.3519287109375
v 1203.651611328125 1380.1103515625 945.3877563476562
v 1179.068603515625 1353.4949951171875 960.43701171875
v 1178.88525390625 1382.2520751953125 944.0527954101562
v 1171.9144287109375 1433.947021484375 915.056396484375
v 1227.49169921875 1406.589599609375 932.7412109375
v 1175.03076171875 1434.17626953125 915.2771606445312
v 1203.1490478515625 1422.1849365234375 924.1026611328125
v 1191.009521484375 1409.064453125 929.9236450195312
v 1190.80712890625 1422.259765625 923.1092529296875
v 1178.2591552734375 1428.2791748046875 918.8339233398438
v 1172.1363525390625 1421.884765625 921.7628784179688
v 1165.7989501953125 1427.5902099609375 917.9749755859375
v 1172.0269775390625 1427.9658203125 918.3936767578125
v 1184.594970703125 1422.1998291015625 922.6414184570312
v 1184.48583984375 1428.5301513671875 919.2959594726562
v 1184.429931640625 1431.6624755859375 917.63427734375
v 1181.373779296875 1428.4124755859375 919.0621948242188
v 1178.2032470703125 1431.345703125 917.1666870117188
v 1181.31787109375 1431.51171875 917.3975219726562
v 1181.289794921875 1433.053466796875 916.5669555664062
v 1179.7608642578125 1431.4305419921875 917.2813720703125
v 1178.1751708984375 1432.8707275390625 916.3349609375
v 1179.732666015625 1432.9639892578125 916.4501953125
v 1175.14306640625 1428.1302490234375 918.611083984375
v 1171.970947265625 1430.968017578125 916.7223510742188
v 1175.0872802734375 1431.1644287109375 916.941650390625
v 1181.275634765625 1433.8223876953125 916.1519165039062
v 1180.5113525390625 1433.0091552734375 916.5083618164062
v 1179.718505859375 1433.728759765625 916.034912109375
v 1180.4971923828125 1433.7760009765625 916.0932006835938
v 1182.8743896484375 1431.5889892578125 917.5151977539062
v 1182.84619140625 1433.13916015625 916.6852416992188
v 1196.9949951171875 1422.2548828125 923.5963134765625
v 1215.5296630859375 1407.68896484375 931.759521484375
v 1251.2103271484375 1372.4617919921875 948.0857543945312
v 1227.968505859375 1346.6790771484375 962.2950439453125
v 1227.8135986328125 1376.810791015625 946.7526245117188
v 1296.747314453125 1286.176025390625 986.4317626953125
v 1251.48291015625 1257.2724609375 1008.1953735351562
v 1251.515625 1299.1370849609375 985.68603515625
v 1180.4901123046875 1434.1590576171875 915.8856811523438
v 1180.10791015625 1433.7525634765625 916.0640258789062
v 1179.71142578125 1434.110595703125 915.8273315429688
v 1180.100830078125 1434.135009765625 915.8564453125
v 1178.9256591796875 1434.44189453125 915.5617065429688
v 1178.9539794921875 1432.9178466796875 916.3923950195312
v 1178.1610107421875 1433.63134765625 915.9193725585938
v 1178.9398193359375 1433.6805419921875 915.9769897460938
v 1176.5888671875 1434.2852783203125 915.3898315429688
v 1176.6453857421875 1431.2569580078125 917.0534057617188
v 1175.05908203125 1432.673095703125 916.1089477539062
v 1176.6171875 1432.7738037109375 916.22119140625
v 1180.8863525390625 1433.79931640625 916.12255859375
v 1182.0679931640625 1433.0968017578125 916.6259155273438
v 1215.427734375 1414.7982177734375 928.4364013671875
v 1209.467529296875 1408.1365966796875 931.282470703125
v 1203.255126953125 1415.3895263671875 927.4284057617188
v 1209.367431640625 1415.1275634765625 927.9246215820312
v 1227.6756591796875 1391.774169921875 939.5120849609375
v 1215.833740234375 1378.6021728515625 946.0698852539062
v 1203.52392578125 1394.4959716796875 937.87744140625
v 1215.7042236328125 1393.2757568359375 938.6864624023438
v 1215.3736572265625 1418.3311767578125 926.799072265625
v 1212.404541015625 1414.9713134765625 928.1786499023438
v 1209.314453125 1418.596923828125 926.2703247070312
v 1212.35107421875 1418.4722900390625 926.5325317382812
v 1221.536865234375 1407.1728515625 932.2467651367188
v 1221.432373046875 1414.4022216796875 928.9619140625
v 1239.2557373046875 1405.2275390625 933.73974609375
v 1218.436767578125 1414.6085205078125 928.6976318359375
v 1221.4049072265625 1416.202392578125 928.1509399414062
v 1219.936279296875 1414.5074462890625 928.8294067382812
v 1218.40966796875 1416.3927001953125 927.8818969726562
v 1219.9090576171875 1416.299560546875 928.0160522460938
v 1224.414794921875 1414.179443359375 929.2286376953125
v 1233.3970947265625 1405.940673828125 933.2399291992188
v 1251.04931640625 1387.994873046875 941.1538696289062
v 1239.6005859375 1374.7567138671875 947.4275512695312
v 1239.450927734375 1390.0079345703125 940.3396606445312
v 1296.25 1361.255859375 950.376708984375
v 1274.21044921875 1335.9205322265625 963.9091186523438
v 1273.9605712890625 1367.2369384765625 949.317138671875
v 1221.4857177734375 1410.7935791015625 930.5952758789062
v 1218.5400390625 1407.4393310546875 932.0020141601562
v 1215.479736328125 1411.2510986328125 930.0888671875
v 1218.489501953125 1411.0306396484375 930.3407592773438
v 1227.58935546875 1399.201904296875 936.0704956054688
v 1221.7156982421875 1392.5592041015625 939.0980834960938
v 1215.6224365234375 1400.5166015625 935.16796875
v 1221.6318359375 1399.8931884765625 935.616943359375
v 1225.901123046875 1414.0618896484375 929.36279296875
v 1227.439208984375 1410.2694091796875 931.1103515625
v 1224.5206298828125 1406.8895263671875 932.4932861328125
v 1224.4688720703125 1410.5396728515625 930.8519287109375
v 1233.343017578125 1409.6798095703125 931.6307373046875
v 1230.450439453125 1406.2733154296875 932.990234375
v 1230.3970947265625 1409.982666015625 931.3700561523438
v 1239.35888671875 1397.6229248046875 936.9818115234375
v 1233.586669921875 1390.9229736328125 939.9265747070312
v 1233.4974365234375 1398.4444580078125 936.5263061523438
v 1227.412109375 1412.10595703125 930.3018798828125
v 1225.95556640625 1410.4066162109375 930.98095703125
v 1224.442138671875 1412.36083984375 930.0382690429688
v 1225.9285888671875 1412.2354736328125 930.1698608398438
v 1227.3983154296875 1413.0234375 929.899169921875
v 1226.6707763671875 1412.171142578125 930.23583984375
v 1225.9149169921875 1413.1490478515625 929.765869140625
v 1226.656982421875 1413.086669921875 929.8324584960938
v 1230.36962890625 1411.834716796875 930.5669555664062
v 1228.919677734375 1410.1280517578125 931.2400512695312
v 1228.892333984375 1411.9722900390625 930.4342651367188
v 1227.391357421875 1413.48193359375 929.6981811523438
v 1227.0277099609375 1413.05517578125 929.8658447265625
v 1226.650146484375 1413.544189453125 929.6311645507812
v 1227.0208740234375 1413.51318359375 929.6646728515625
v 1228.152587890625 1412.0396728515625 930.3680419921875
v 1228.1387939453125 1412.9591064453125 929.9660034179688
v 1227.7686767578125 1412.9913330078125 929.9325561523438
v 1236.33203125 1405.592041015625 933.4898681640625
v 1234.0777587890625 1409.6015625 931.6959838867188
v 1236.304931640625 1407.4769287109375 932.6883544921875
v 1234.865966796875 1405.768310546875 933.3648681640625
v 1233.370361328125 1407.81103515625 932.432861328125
v 1234.839111328125 1407.64599609375 932.5606079101562
v 1239.30859375 1401.426513671875 935.3480834960938
v 1236.433837890625 1398.0416259765625 936.7542724609375
v 1233.4486083984375 1402.1956787109375 934.87060546875
v 1236.38427734375 1401.8189697265625 935.1094360351562
v 1250.952392578125 1395.7945556640625 937.8823852539062
v 1245.27099609375 1389.0311279296875 940.7493896484375
v 1245.1763916015625 1396.739013671875 937.4346923828125
v 1262.658447265625 1369.9478759765625 948.7185668945312
v 1262.4898681640625 1385.7529296875 941.9393310546875
v 1231.87158203125 1409.833251953125 931.5003051757812
v 1242.1685791015625 1404.84716796875 933.9891357421875
v 1234.825439453125 1408.5843505859375 932.1603393554688
v 1234.1051025390625 1407.72900390625 932.4967041015625
v 1233.3568115234375 1408.74560546875 932.0311889648438
v 1234.0914306640625 1408.6654052734375 932.0957641601562
v 1231.9251708984375 1406.1090087890625 933.114990234375
v 1230.424072265625 1408.12890625 932.1776733398438
v 1231.898681640625 1407.971923828125 932.30517578125
v 1230.5494384765625 1398.831298828125 936.2982788085938
v 1227.5418701171875 1402.9005126953125 934.3934936523438
v 1230.501220703125 1402.5562744140625 934.6318359375
v 1236.291259765625 1408.4190673828125 932.2894897460938
v 1235.5723876953125 1407.56201171875 932.6244506835938
v 1235.5587158203125 1408.502197265625 932.2249145507812
v 1237.7952880859375 1405.4117431640625 933.6148071289062
v 1237.76806640625 1407.303955078125 932.816162109375
v 1240.7135009765625 1405.039306640625 933.864501953125
v 1245.1248779296875 1400.5947265625 935.8233032226562
v 1242.27294921875 1397.1885986328125 937.208740234375
v 1242.2220458984375 1401.018310546875 935.586181640625
v 1241.4412841796875 1404.9437255859375 933.9268188476562
v 1242.195556640625 1402.932861328125 934.78466796875
v 1240.7667236328125 1401.224365234375 935.4672241210938
v 1239.282470703125 1403.3272705078125 934.5409545898438
v 1240.7403564453125 1403.132080078125 934.6629028320312
v 1241.8050537109375 1404.8956298828125 933.9580078125
v 1241.4344482421875 1405.42138671875 933.7284545898438
v 1241.798095703125 1405.3736572265625 933.759765625
v 1245.09814453125 1402.52294921875 935.0275268554688
v 1243.6748046875 1400.808349609375 935.7048950195312
v 1243.648193359375 1402.7298583984375 934.90625
v 1248.0693359375 1396.274169921875 937.6593017578125
v 1248.017333984375 1400.15576171875 936.0592041015625
v 1256.7880859375 1386.9013671875 941.5511474609375
v 1256.689697265625 1394.79150390625 938.322509765625
v 1242.18212890625 1403.8900146484375 934.38623046875
v 1241.4683837890625 1403.032958984375 934.7238159179688
v 1240.72705078125 1404.085693359375 934.2630004882812
v 1241.4549560546875 1403.9884033203125 934.3246459960938
v 1249.4598388671875 1399.9306640625 936.1765747070312
v 1253.82568359375 1395.30029296875 938.103515625
v 1248.7388916015625 1400.043701171875 936.1179809570312
v 1248.00390625 1401.1265869140625 935.6633911132812
v 1248.7254638671875 1401.0162353515625 935.7228393554688
v 1250.9263916015625 1397.7476806640625 937.0844116210938
v 1249.5120849609375 1396.0362548828125 937.7710571289062
v 1248.043701171875 1398.214599609375 936.8557739257812
v 1249.486328125 1397.9830322265625 936.9703369140625
v 1251.002197265625 1391.89208984375 939.5012817382812
v 1248.165283203125 1388.520263671875 940.952392578125
v 1245.22509765625 1392.8843994140625 939.0755004882812
v 1248.1187744140625 1392.3956298828125 939.2891845703125
v 1251.135009765625 1380.2166748046875 944.558837890625
v 1245.4266357421875 1373.637939453125 947.75927734375
v 1239.5313720703125 1382.38427734375 943.8255004882812
v 1245.354248046875 1381.3297119140625 944.19482421875
v 1251.33154296875 1357.0284423828125 955.450927734375
v 1239.7799072265625 1344.3074951171875 962.726806640625
v 1227.909423828125 1361.757080078125 954.3833618164062
v 1239.70849609375 1359.5098876953125 954.9260864257812
v 1251.4898681640625 1320.278076171875 974.3501586914062
v 1227.9842529296875 1304.5050048828125 985.2263793945312
v 1203.824951171875 1329.6815185546875 973.0675048828125
v 1227.9998779296875 1325.4583740234375 973.7424926757812
v 1246.5723876953125 1400.3770751953125 935.9414672851562
v 1246.54541015625 1402.3121337890625 935.1484985351562
v 1255.2587890625 1395.0477294921875 938.2133178710938
v 1268.156982421875 1384.5517578125 942.3164672851562
v 1285.136962890625 1364.3468017578125 949.872802734375
v 1315.1849365234375 1323.3343505859375 965.0804443359375
v 1375.0618896484375 1254.771728515625 987.260986328125
v 1334.95166015625 1228.5157470703125 1009.0038452148438
v 1334.608642578125 1272.47412109375 986.909912109375
v 1256.740234375 1390.8419189453125 939.9196166992188
v 1253.9234619140625 1387.455078125 941.353515625
v 1253.8759765625 1391.3741455078125 939.7114868164062
v 1262.578857421875 1377.825439453125 945.26513671875
v 1256.95361328125 1371.2308349609375 948.4058837890625
v 1256.8758544921875 1379.0477294921875 944.9161376953125
v 1274.0989990234375 1351.45654296875 956.4296264648438
v 1262.891845703125 1338.9049072265625 963.5353393554688
v 1262.791015625 1354.336181640625 955.9535522460938
v 1296.6259765625 1307.661865234375 975.3733520507812
v 1274.4090576171875 1292.996826171875 986.085693359375
v 1274.32861328125 1314.3077392578125 974.8929443359375
v 1256.6766357421875 1395.7802734375 937.9281616210938
v 1255.9744873046875 1394.9200439453125 938.2679443359375
v 1255.245849609375 1396.0333251953125 937.8175659179688
v 1255.9615478515625 1395.9072265625 937.8729248046875
v 1258.1181640625 1394.5318603515625 938.4310302734375
v 1262.441650390625 1389.7359619140625 940.3284301757812
v 1259.6434326171875 1386.3338623046875 941.7464599609375
v 1259.5953369140625 1390.2957763671875 940.1253662109375
v 1256.7152099609375 1392.815673828125 939.1170043945312
v 1255.3092041015625 1391.10986328125 939.8158569335938
v 1253.8511962890625 1393.3363037109375 938.9035034179688
v 1255.2843017578125 1393.0777587890625 939.010498046875
v 1256.319091796875 1395.8438720703125 937.9005737304688
v 1255.9549560546875 1396.401123046875 937.6760864257812
v 1257.4041748046875 1394.662109375 938.3768310546875
v 1259.5703125 1392.2808837890625 939.3280029296875
v 1258.1688232421875 1390.570556640625 940.0228271484375
v 1258.1439208984375 1392.550048828125 939.2228393554688
v 1262.41650390625 1391.7322998046875 939.536376953125
v 1261.01953125 1390.017578125 940.2272338867188
v 1260.9945068359375 1392.00830078125 939.4325561523438
v 1265.32763671875 1385.1588134765625 942.12939453125
v 1265.2794189453125 1389.16259765625 940.528564453125
v 1273.88037109375 1375.230712890625 945.9326171875
v 1268.3267822265625 1368.61572265625 949.022705078125
v 1268.246337890625 1376.55224609375 945.6044921875
v 1261.705810546875 1391.8707275390625 939.4845581054688
v 1263.861572265625 1389.450927734375 940.4288940429688
v 1285.0609130859375 1372.448974609375 946.5494384765625
v 1279.56201171875 1365.814208984375 949.6008911132812
v 1279.483154296875 1373.8634033203125 946.248046875
v 1296.37353515625 1345.1737060546875 957.2852172851562
v 1285.3878173828125 1332.7742919921875 964.2606201171875
v 1285.2724609375 1348.408935546875 956.8749389648438
v 1279.441162109375 1377.92041015625 944.621337890625
v 1276.6854248046875 1374.552734375 946.0919799804688
v 1273.837158203125 1379.2557373046875 944.2891845703125
v 1276.642822265625 1378.5938720703125 944.4570922851562
v 1282.2745361328125 1373.162353515625 946.4005737304688
v 1282.2333984375 1377.2349853515625 944.78173828125
v 1290.6959228515625 1362.8291015625 950.1317749023438
v 1285.041015625 1374.4896240234375 945.7393798828125
v 1283.6683349609375 1372.8072509765625 946.4754638671875
v 1282.254150390625 1375.1956787109375 945.5868530273438
v 1283.648193359375 1374.84423828125 945.6636352539062
v 1287.84375 1371.722412109375 946.6943359375
v 1285.0997314453125 1368.3858642578125 948.1948852539062
v 1282.3521728515625 1365.08642578125 949.7384033203125
v 1279.5234375 1369.8282470703125 947.9085083007812
v 1282.314208984375 1369.1131591796875 948.0533447265625
v 1285.2073974609375 1356.3360595703125 953.3191528320312
v 1279.7001953125 1349.95361328125 956.6564331054688
v 1274.033447265625 1359.313720703125 952.8207397460938
v 1279.63427734375 1357.846435546875 953.0748901367188
v 1286.4527587890625 1372.0872802734375 946.6223754882812
v 1286.43310546875 1374.1317138671875 945.8141479492188
v 1290.66064453125 1366.892333984375 948.467041015625
v 1287.917724609375 1363.5946044921875 950.0039672851562
v 1287.88134765625 1367.6458740234375 948.3328247070312
v 1296.3133544921875 1353.1650390625 953.77490234375
v 1290.8265380859375 1346.8173828125 957.084716796875
v 1290.763427734375 1354.7774658203125 953.5527954101562
v 1315.09228515625 1339.2025146484375 957.8831787109375
v 1305.805419921875 1326.4818115234375 964.84375
v 1305.701171875 1342.2818603515625 957.5993041992188
v 1334.4560546875 1294.307861328125 976.0473022460938
v 1315.4649658203125 1279.7562255859375 986.685546875
v 1315.322998046875 1301.404541015625 975.7305297851562
v 1285.7371826171875 1374.3111572265625 945.7769165039062
v 1285.031005859375 1375.512451171875 945.337646484375
v 1284.3447265625 1374.6673583984375 945.7015991210938
v 1283.637939453125 1375.8651123046875 945.2609252929688
v 1284.3345947265625 1375.689208984375 945.2994384765625
v 1300.9166259765625 1359.88818359375 950.5706787109375
v 1296.21728515625 1365.3419189453125 948.7237548828125
v 1293.472900390625 1362.0498046875 950.2560424804688
v 1293.4388427734375 1366.1246337890625 948.597412109375
v 1293.42138671875 1368.1722412109375 947.7803344726562
v 1292.0498046875 1366.51025390625 948.53271484375
v 1290.642578125 1368.933837890625 947.6469116210938
v 1292.031982421875 1368.554931640625 947.7141723632812
v 1292.7266845703125 1368.364013671875 947.7473754882812
v 1292.0230712890625 1369.5797119140625 947.3079833984375
v 1292.7177734375 1369.3897705078125 947.3416137695312
v 1294.827880859375 1365.7352294921875 948.6610717773438
v 1294.810791015625 1367.785888671875 947.8455200195312
v 1298.5823974609375 1360.57763671875 950.4750366210938
v 1305.6478271484375 1350.322509765625 954.1199951171875
v 1301.03271484375 1343.7496337890625 957.4458618164062
v 1300.9755859375 1351.7662353515625 953.9520263671875
v 1294.1160888671875 1367.9796142578125 947.8130493164062
v 1315.0482177734375 1347.2879638671875 954.4268188476562
v 1310.385498046875 1340.7672119140625 957.7451782226562
v 1310.3365478515625 1348.830810546875 954.2784423828125
v 1334.2745361328125 1332.3809814453125 958.349853515625
v 1324.6768798828125 1319.97900390625 965.2975463867188
v 1324.599365234375 1335.91064453125 958.1342163085938
v 1354.2935791015625 1308.435546875 965.8206176757812
v 1310.312255859375 1352.9052734375 952.5863647460938
v 1307.98974609375 1349.5828857421875 954.200439453125
v 1305.6209716796875 1354.3836669921875 952.4217529296875
v 1307.964111328125 1353.6507568359375 952.5054321289062
v 1309.137451171875 1353.2796630859375 952.5462646484375
v 1307.9512939453125 1355.6959228515625 951.6690063476562
v 1309.125 1355.3265380859375 951.7105712890625
v 1312.6890869140625 1348.0660400390625 954.3538818359375
v 1312.666259765625 1352.146728515625 952.6644897460938
v 1319.8280029296875 1337.5848388671875 958.012939453125
v 1319.7894287109375 1345.690673828125 954.5647583007812
v 1324.5823974609375 1339.958251953125 956.4000854492188
v 1322.2088623046875 1336.7550048828125 958.0746459960938
v 1319.808349609375 1341.6231689453125 956.2758178710938
v 1322.1904296875 1340.7979736328125 956.3391723632812
v 1329.41259765625 1334.1771240234375 958.24658203125
v 1344.2081298828125 1312.5443115234375 965.6690673828125
v 1374.9012451171875 1277.0621337890625 976.5390014648438
v 1354.5462646484375 1264.1375732421875 987.106689453125
v 1354.3896484375 1286.1868896484375 976.3231811523438
v 1454.093505859375 1209.288330078125 986.9658203125
v 1416.3074951171875 1187.3756103515625 1008.91259765625
v 1415.7080078125 1233.5216064453125 987.3446044921875
v 1521.2821044921875 1015.1116333007812 1050.6458740234375
v 1520.8157958984375 1110.197509765625 1006.7488403320312
v 1324.63623046875 1327.897216796875 961.6734619140625
v 1319.91357421875 1321.6842041015625 965.1915283203125
v 1315.137939453125 1331.222900390625 961.4385986328125
v 1319.8695068359375 1329.5877685546875 961.559326171875
v 1334.3905029296875 1305.293701171875 970.7163696289062
v 1324.808349609375 1297.97412109375 975.8938598632812
v 1315.253173828125 1312.313720703125 970.3497314453125
v 1324.7398681640625 1308.92041015625 970.5400390625
v 1324.57421875 1341.9930419921875 955.5426025390625
v 1323.3851318359375 1340.3800048828125 956.3699340820312
v 1322.181640625 1342.8304443359375 955.4810791015625
v 1323.376708984375 1342.4136962890625 955.5121459960938
v 1327.0003662109375 1335.051513671875 958.1915283203125
v 1326.9847412109375 1339.103515625 956.45849609375
v 1334.3013916015625 1324.3369140625 961.8812866210938
v 1329.481689453125 1318.21533203125 965.3983764648438
v 1329.4447021484375 1326.14794921875 961.7808837890625
v 1323.97509765625 1342.203857421875 955.5274658203125
v 1323.37255859375 1343.433349609375 955.0857543945312
v 1323.9710693359375 1343.223876953125 955.1011352539062
v 1325.7822265625 1339.53271484375 956.4296264648438
v 1325.7745361328125 1341.5687255859375 955.5723876953125
v 1324.2706298828125 1343.1187744140625 955.1087646484375
v 1325.174072265625 1341.7813720703125 955.5575561523438
v 1324.572265625 1342.5030517578125 955.3292846679688
v 1324.274658203125 1342.0986328125 955.5350341796875
v 1323.97314453125 1342.713623046875 955.3140869140625
v 1324.2725830078125 1342.6083984375 955.3217163085938
v 1324.5782470703125 1340.9747314453125 955.9705200195312
v 1323.9833984375 1340.1695556640625 956.3851318359375
v 1323.380859375 1341.3958740234375 955.9402465820312
v 1323.979248046875 1341.185791015625 955.9555053710938
v 1324.5906982421875 1337.930908203125 957.2640380859375
v 1323.40283203125 1336.334716796875 958.104736328125
v 1322.1995849609375 1338.77294921875 957.2037963867188
v 1323.393798828125 1338.353759765625 957.2341918945312
v 1324.6173095703125 1331.8909912109375 959.8925170898438
v 1322.2481689453125 1328.7496337890625 961.6172485351562
v 1319.8485107421875 1333.5736083984375 959.774658203125
v 1322.22802734375 1332.739501953125 959.8345336914062
v 1324.5712890625 1342.7581787109375 955.2227172851562
v 1324.4224853515625 1342.5557861328125 955.3255004882812
v 1324.2716064453125 1342.863525390625 955.2151489257812
v 1324.4215087890625 1342.8109130859375 955.2189331054688
v 1324.8741455078125 1341.8873291015625 955.5501098632812
v 1324.8721923828125 1342.3973388671875 955.3367919921875
v 1325.7783203125 1340.5498046875 956.0001831054688
v 1325.181884765625 1339.7459716796875 956.4149169921875
v 1325.177978515625 1340.7626953125 955.9854736328125
v 1326.992431640625 1337.0738525390625 957.3219604492188
v 1325.7984619140625 1335.4830322265625 958.1631469726562
v 1325.7901611328125 1337.5042724609375 957.2932739257812
v 1329.427978515625 1330.1494140625 960.0026245117188
v 1327.0347900390625 1327.030029296875 961.72802734375
v 1327.0169677734375 1331.02783203125 959.9485473632812
v 1331.837158203125 1333.287109375 958.2993774414062
v 1331.8306884765625 1335.3134765625 957.4304809570312
v 1330.623291015625 1333.734130859375 958.2733154296875
v 1329.4053955078125 1336.2015380859375 957.37744140625
v 1330.616455078125 1335.759521484375 957.4042358398438
v 1334.287109375 1328.3455810546875 960.1046752929688
v 1331.8665771484375 1325.2503662109375 961.8319702148438
v 1331.85107421875 1329.2554931640625 960.0546875
v 1344.183837890625 1320.517578125 962.0603637695312
v 1339.24169921875 1314.5008544921875 965.5842895507812
v 1339.212890625 1322.4609375 961.9745483398438
v 1354.33251953125 1297.260009765625 971.0245361328125
v 1344.3177490234375 1290.380859375 976.19091796875
v 1344.256103515625 1301.40869140625 970.8784790039062
v 1331.82763671875 1336.3294677734375 956.9982299804688
v 1331.22314453125 1335.5369873046875 957.4174194335938
v 1330.61328125 1336.7750244140625 956.9719848632812
v 1331.219970703125 1336.552734375 956.9852294921875
v 1333.05419921875 1332.8360595703125 958.3248901367188
v 1333.048095703125 1334.8634033203125 957.4560546875
v 1336.725830078125 1331.45849609375 958.39794921875
v 1332.43896484375 1335.0889892578125 957.443359375
v 1332.4375 1335.5968017578125 957.22705078125
v 1332.134765625 1335.201416015625 957.4368896484375
v 1331.8291015625 1335.8212890625 957.2141723632812
v 1332.1331787109375 1335.709228515625 957.2206420898438
v 1333.051025390625 1333.848876953125 957.8897705078125
v 1332.4451904296875 1333.0621337890625 958.312255859375
v 1331.8338623046875 1334.2994384765625 957.8641967773438
v 1332.4420166015625 1334.0745849609375 957.8770141601562
v 1334.2806396484375 1330.35986328125 959.2244873046875
v 1333.0675048828125 1328.8026123046875 960.0799560546875
v 1331.8438720703125 1331.267822265625 959.1741943359375
v 1333.060546875 1330.81591796875 959.1995849609375
v 1339.2012939453125 1326.4765625 960.1985473632812
v 1336.7498779296875 1323.4072265625 961.9288330078125
v 1336.7369384765625 1327.41943359375 960.1526489257812
v 1331.523681640625 1336.441162109375 956.9917602539062
v 1344.1749267578125 1324.5399169921875 960.2838745117188
v 1341.6910400390625 1321.4976806640625 962.0183715820312
v 1341.6807861328125 1325.5167236328125 960.2423095703125
v 1349.2283935546875 1310.5218505859375 965.7479858398438
v 1349.2086181640625 1318.508056640625 962.1385498046875
v 1364.52392578125 1304.080322265625 965.9456176757812
v 1346.6900634765625 1319.52099609375 962.1004638671875
v 1349.2052001953125 1320.5191650390625 961.2471923828125
v 1347.9478759765625 1319.0166015625 962.1197509765625
v 1346.68603515625 1321.530517578125 961.20947265625
v 1347.944091796875 1321.02685546875 961.2285766601562
v 1351.7384033203125 1317.479248046875 962.1746826171875
v 1359.3948974609375 1306.2877197265625 965.8866577148438
v 1374.8521728515625 1288.2349853515625 971.254150390625
v 1364.6068115234375 1281.7418212890625 976.4404296875
v 1364.55419921875 1292.8631591796875 971.1510009765625
v 1395.6226806640625 1244.5198974609375 987.348388671875
v 1395.4488525390625 1267.0662841796875 976.66552734375
v 1349.21728515625 1314.50390625 963.934814453125
v 1346.712158203125 1311.541259765625 965.7092895507812
v 1344.1949462890625 1316.5198974609375 963.8558349609375
v 1346.699951171875 1315.52001953125 963.8961791992188
v 1354.3106689453125 1302.8316650390625 968.4091796875
v 1349.2718505859375 1299.366455078125 970.9537353515625
v 1344.230224609375 1306.9598388671875 968.2590942382812
v 1349.2479248046875 1304.927734375 968.3367919921875
v 1347.314697265625 1321.2791748046875 961.2191162109375
v 1346.6842041015625 1322.5377197265625 960.7657470703125
v 1347.31298828125 1322.2864990234375 960.7753295898438
v 1345.435302734375 1320.0213623046875 962.0806884765625
v 1344.1790771484375 1322.5255126953125 961.169677734375
v 1345.430908203125 1322.030029296875 961.1898193359375
v 1347.627685546875 1322.16064453125 960.7800903320312
v 1347.943359375 1321.5303955078125 961.0065307617188
v 1347.6292724609375 1321.1531982421875 961.223876953125
v 1347.3138427734375 1321.78271484375 960.9970703125
v 1347.62841796875 1321.65673828125 961.0018310546875
v 1348.5743408203125 1320.7735595703125 961.2379760742188
v 1350.47216796875 1317.99560546875 962.1568603515625
v 1354.2845458984375 1312.4241943359375 964.0067138671875
v 1351.755859375 1309.486572265625 965.7850952148438
v 1351.745849609375 1313.471923828125 963.9716186523438
v 1347.9459228515625 1320.02099609375 961.673583984375
v 1347.318603515625 1319.269287109375 962.1101684570312
v 1346.68798828125 1320.5250244140625 961.6543579101562
v 1347.3165283203125 1320.2734375 961.6640625
v 1349.212646484375 1316.503173828125 963.0344848632812
v 1347.9571533203125 1315.0140380859375 963.9157104492188
v 1346.6947021484375 1317.517578125 962.99609375
v 1347.9521484375 1317.0123291015625 963.0155029296875
v 1347.94287109375 1321.7823486328125 960.8956298828125
v 1347.785888671875 1321.5936279296875 961.004150390625
v 1347.6280517578125 1321.9085693359375 960.8909301757812
v 1347.785400390625 1321.845458984375 960.8932495117188
v 1348.2591552734375 1320.900390625 961.2332763671875
v 1348.25830078125 1321.4039306640625 961.01123046875
v 1349.206787109375 1319.5128173828125 961.6923217773438
v 1348.577880859375 1318.7628173828125 962.1292114257812
v 1348.5760498046875 1319.7674560546875 961.6829833984375
v 1348.100830078125 1321.4671630859375 961.0088500976562
v 1348.100341796875 1321.7191162109375 960.89794921875
v 1359.38818359375 1310.282958984375 964.0711669921875
v 1356.8402099609375 1307.3692626953125 965.8544921875
v 1356.8323974609375 1311.361083984375 964.0398559570312
v 1364.5360107421875 1298.45654296875 968.5364990234375
v 1359.4295654296875 1295.091552734375 971.0904541015625
v 1359.4095458984375 1300.6739501953125 968.4758911132812
v 1356.82958984375 1313.3651123046875 963.1383056640625
v 1355.5574951171875 1311.8946533203125 964.0234985351562
v 1354.2811279296875 1314.4266357421875 963.1056518554688
v 1355.5543212890625 1313.897705078125 963.1222534179688
v 1356.191650390625 1313.6318359375 963.13037109375
v 1358.109375 1310.8238525390625 964.0557250976562
v 1361.95654296875 1305.1912841796875 965.9170532226562
v 1356.1910400390625 1314.1336669921875 962.9056396484375
v 1355.8729248046875 1313.764892578125 963.1262817382812
v 1355.5535888671875 1314.3994140625 962.8975830078125
v 1355.872314453125 1314.2666015625 962.901611328125
v 1356.8309326171875 1312.3624267578125 963.588623046875
v 1356.1947021484375 1311.6282958984375 964.03173828125
v 1355.5557861328125 1312.8955078125 963.5723876953125
v 1356.193115234375 1312.62939453125 963.58056640625
v 1356.8359375 1309.3626708984375 964.9453125
v 1355.5657958984375 1307.904296875 965.8377685546875
v 1354.2886962890625 1310.4273681640625 964.9117431640625
v 1355.561279296875 1309.8968505859375 964.9287109375
v 1359.4014892578125 1303.4764404296875 967.177978515625
v 1356.8560791015625 1301.7603759765625 968.4432983398438
v 1354.3013916015625 1305.6292724609375 967.1113891601562
v 1356.8475341796875 1304.5604248046875 967.1454467773438
v 1354.91748046875 1314.16259765625 963.114013671875
v 1354.2796630859375 1315.429931640625 962.6566772460938
v 1354.916015625 1315.1661376953125 962.6649780273438
v 1353.0072021484375 1316.9588623046875 962.1920166015625
v 1353.0140380859375 1312.9500732421875 963.9893798828125
v 1351.7418212890625 1315.47265625 963.071044921875
v 1353.01025390625 1314.9515380859375 963.088623046875
v 1356.510498046875 1313.49853515625 963.1343383789062
v 1364.5211181640625 1306.078857421875 965.0350341796875
v 1363.239501953125 1304.6376953125 965.9315795898438
v 1361.9532470703125 1307.1881103515625 965.0070190429688
v 1363.236572265625 1306.63525390625 965.0213012695312
v 1374.837158203125 1293.8511962890625 968.6376342773438
v 1369.697998046875 1290.5770263671875 971.2056884765625
v 1369.6815185546875 1296.1815185546875 968.590576171875
v 1385.20458984375 1272.164794921875 976.6152954101562
v 1385.157470703125 1283.39208984375 971.3305053710938
v 1364.5291748046875 1301.26416015625 967.2379760742188
v 1361.9698486328125 1299.572509765625 968.5070190429688
v 1361.96240234375 1302.377685546875 967.2088012695312
v 1363.878662109375 1306.357421875 965.0281982421875
v 1365.809326171875 1303.51953125 965.959228515625
v 1369.6756591796875 1298.9945068359375 967.291015625
v 1367.10693359375 1297.3260498046875 968.5643920898438
v 1367.1005859375 1300.1363525390625 967.265380859375
v 1364.1998291015625 1306.21826171875 965.0316772460938
v 1363.8780517578125 1306.8577880859375 964.8011474609375
v 1364.19921875 1306.7186279296875 964.8045654296875
v 1364.5223388671875 1305.0789794921875 965.4899291992188
v 1363.881591796875 1304.3594970703125 965.9386596679688
v 1363.2379150390625 1305.6358642578125 965.4760131835938
v 1363.8800048828125 1305.35791015625 965.4830322265625
v 1364.5263671875 1302.671142578125 966.5910034179688
v 1363.2451171875 1301.82275390625 967.2236328125
v 1361.9593505859375 1303.7833251953125 966.5620727539062
v 1363.2421875 1303.2291259765625 966.5767822265625
v 1364.8424072265625 1305.9390869140625 965.0384521484375
v 1365.8079833984375 1304.5185546875 965.50341796875
v 1365.16650390625 1303.8004150390625 965.9525146484375
v 1365.1650390625 1304.7991943359375 965.4967041015625
v 1367.0980224609375 1301.544677734375 966.6181030273438
v 1365.8143310546875 1300.7020263671875 967.2518920898438
v 1365.8116455078125 1302.1097412109375 966.6047973632812
v 1364.6817626953125 1306.009033203125 965.0367431640625
v 1364.520751953125 1306.3289794921875 964.9214477539062
v 1364.6815185546875 1306.2591552734375 964.9231567382812
v 1365.1644287109375 1305.299072265625 965.2691650390625
v 1364.8436279296875 1304.939208984375 965.4933471679688
v 1364.521728515625 1305.5787353515625 965.2623901367188
v 1364.843017578125 1305.4390869140625 965.2658081054688
v 1372.258544921875 1295.023193359375 968.614990234375
v 1372.2532958984375 1297.8388671875 967.3148193359375
v 1380.0081787109375 1285.83935546875 971.2958984375
v 1373.542724609375 1297.255859375 967.3259887695312
v 1373.541748046875 1297.96142578125 967.0016479492188
v 1372.89794921875 1297.5477294921875 967.3204345703125
v 1372.252197265625 1298.5439453125 966.9906005859375
v 1372.89697265625 1298.2530517578125 966.9962158203125
v 1374.8345947265625 1295.2593994140625 967.9865112304688
v 1373.5477294921875 1294.4388427734375 968.6265258789062
v 1372.2557373046875 1296.4300537109375 967.9642333984375
v 1373.5450439453125 1295.846435546875 967.9755859375
v 1374.8438720703125 1291.0399169921875 969.9435424804688
v 1372.2742919921875 1289.412841796875 971.2307739257812
v 1369.68896484375 1293.3759765625 969.8955688476562
v 1372.265625 1292.2147216796875 969.92041015625
v 1374.8736572265625 1282.640869140625 973.8886108398438
v 1369.7486572265625 1279.4302978515625 976.4923095703125
v 1364.5780029296875 1287.2938232421875 973.7864379882812
v 1369.720458984375 1284.9954833984375 973.8403930664062
v 1374.9725341796875 1265.9248046875 981.8796997070312
v 1364.764892578125 1259.574462890625 987.190673828125
v 1354.4617919921875 1275.1632080078125 981.6918334960938
v 1364.6783447265625 1270.6627197265625 981.7935791015625
v 1375.278564453125 1232.3311767578125 998.1170043945312
v 1354.9471435546875 1219.6090087890625 1009.0656127929688
v 1334.7784423828125 1250.5908203125 997.909423828125
v 1354.7398681640625 1241.982177734375 998.033935546875
v 1375.9359130859375 1163.365478515625 1031.2080078125
v 1335.4417724609375 1136.3603515625 1053.6846923828125
v 1297.0926513671875 1199.042236328125 1031.1956787109375
v 1335.2528076171875 1183.28173828125 1031.3582763671875
v 1455.9638671875 974.7982177734375 1093.26220703125
v 1376.0601806640625 934.7072143554688 1134.6553955078125
v 1297.364013671875 1064.4730224609375 1094.427734375
v 1376.148681640625 1025.34130859375 1094.18994140625
v 1370.9642333984375 1298.4183349609375 967.3031616210938
v 1369.6734619140625 1300.404052734375 966.6433715820312
v 1370.962158203125 1299.82861328125 966.6552734375
v 1372.896484375 1298.60595703125 966.8341674804688
v 1372.5745849609375 1298.398681640625 966.993408203125
v 1372.251708984375 1298.896728515625 966.82861328125
v 1372.5740966796875 1298.75146484375 966.8314208984375
v 1371.606689453125 1299.53955078125 966.6610717773438
v 1371.6087646484375 1298.1290283203125 967.3090209960938
v 1370.963134765625 1299.1231689453125 966.9790649414062
v 1371.607666015625 1298.833984375 966.98486328125
v 1370.9698486328125 1295.60400390625 968.60302734375
v 1369.6783447265625 1297.5870361328125 967.9401245117188
v 1370.966796875 1297.01025390625 967.952392578125
v 1372.7353515625 1298.6787109375 966.8328247070312
v 1373.2193603515625 1298.1072998046875 966.9989624023438
v 1390.291259765625 1280.895263671875 971.357421875
v 1405.5657958984375 1261.783447265625 976.6860961914062
v 1435.1436767578125 1221.8045654296875 987.2252197265625
v 1488.5323486328125 1137.3665771484375 1007.6956787109375
v 1387.726806640625 1282.1497802734375 971.3449096679688
v 1385.150146484375 1286.20947265625 970.0178833007812
v 1395.4212646484375 1272.70263671875 974.0159301757812
v 1390.33837890625 1269.6396484375 976.6438598632812
v 1385.1776123046875 1277.7716064453125 973.9663696289062
v 1390.3111572265625 1275.260986328125 973.994873046875
v 1395.5244140625 1255.80517578125 981.9915771484375
v 1385.3702392578125 1249.74755859375 987.3145751953125
v 1385.277099609375 1260.966552734375 981.9468383789062
v 1415.9910888671875 1210.55419921875 998.0911254882812
v 1396.1422119140625 1198.85205078125 1009.0286865234375
v 1395.8673095703125 1221.8018798828125 998.1417846679688
v 1455.51025390625 1115.0504150390625 1030.1077880859375
v 1417.12548828125 1092.159912109375 1052.8157958984375
v 1416.8590087890625 1140.2548828125 1030.7730712890625
v 1389.009765625 1281.5240478515625 971.3514404296875
v 1387.7230224609375 1283.5594482421875 970.6878662109375
v 1389.0059814453125 1282.9345703125 970.6941528320312
v 1390.30029296875 1278.076171875 972.6746215820312
v 1387.746826171875 1276.5223388671875 973.9815063476562
v 1385.1666259765625 1280.5797119140625 972.6466674804688
v 1387.7359619140625 1279.333984375 972.66162109375
v 1380.0560302734375 1274.6396484375 976.5802001953125
v 1380.0289306640625 1280.232177734375 973.9307861328125
v 1388.3646240234375 1283.247314453125 970.6910400390625
v 1386.442626953125 1282.7724609375 971.3379516601562
v 1385.153564453125 1284.800048828125 970.6737060546875
v 1386.4388427734375 1284.1812744140625 970.6810302734375
v 1382.584228515625 1284.6219482421875 971.3141479492188
v 1380.00048828125 1288.650390625 969.9844360351562
v 1382.57666015625 1287.4361572265625 970.0021362304688
v 1395.41015625 1275.5250244140625 972.6947631835938
v 1392.8697509765625 1273.9876708984375 974.00634765625
v 1392.8587646484375 1276.806396484375 972.6857299804688
v 1400.5274658203125 1264.4468994140625 976.6797485351562
v 1400.4990234375 1270.0986328125 974.0289916992188
v 1415.5931396484375 1244.9365234375 981.9999389648438
v 1405.7523193359375 1239.10693359375 987.3594360351562
v 1405.6468505859375 1250.457763671875 982.0103759765625
v 1389.6507568359375 1281.2100830078125 971.3544921875
v 1389.0078125 1282.2291259765625 971.022705078125
v 1389.6488037109375 1281.915283203125 971.0256958007812
v 1390.2955322265625 1279.4852294921875 972.015625
v 1389.018798828125 1278.70654296875 972.6683349609375
v 1387.7310791015625 1280.7413330078125 972.0028686523438
v 1389.0140380859375 1280.11474609375 972.0094604492188
v 1389.6478271484375 1282.26806640625 970.8613891601562
v 1389.328369140625 1282.072265625 971.0242309570312
v 1389.0068359375 1282.581787109375 970.8583984375
v 1389.327392578125 1282.425048828125 970.8599243164062
v 1388.368408203125 1281.8372802734375 971.3482055664062
v 1387.724853515625 1282.8543701171875 971.0162963867188
v 1388.366455078125 1282.5421142578125 971.01953125
v 1405.5499267578125 1264.6162109375 975.3590087890625
v 1403.05224609375 1263.1204833984375 976.6838989257812
v 1400.5123291015625 1267.271728515625 975.3533325195312
v 1403.0367431640625 1265.94921875 975.3572387695312
v 1410.557373046875 1259.077392578125 976.68408203125
v 1405.6029052734375 1256.1209716796875 979.3450927734375
v 1400.60546875 1253.153564453125 982.0044555664062
v 1395.4833984375 1261.435791015625 979.3243408203125
v 1400.563232421875 1258.800537109375 979.33837890625
v 1415.544921875 1250.632568359375 979.3345336914062
v 1410.642333984375 1247.7191162109375 982.009033203125
v 1410.596435546875 1253.398681640625 979.3439331054688
v 1435.008544921875 1233.3392333984375 981.87744140625
v 1425.4976806640625 1227.757568359375 987.3009033203125
v 1425.3724365234375 1239.2342529296875 981.956787109375
v 1454.4464111328125 1185.965576171875 997.6957397460938
v 1435.8277587890625 1175.287841796875 1008.7196655273438
v 1435.468994140625 1198.6319580078125 997.9481201171875
v 1425.3192138671875 1244.962646484375 979.2891235351562
v 1420.502197265625 1242.1087646484375 981.982666015625
v 1420.4515380859375 1247.821044921875 979.31640625
v 1430.2069091796875 1236.3116455078125 981.9218139648438
v 1444.668212890625 1215.651611328125 987.1145629882812
v 1426.530517578125 1244.240478515625 979.2808227539062
v 1430.17822265625 1239.1839599609375 980.5869140625
v 1427.7940673828125 1237.779052734375 981.9404296875
v 1425.344970703125 1242.098876953125 980.6226806640625
v 1427.765869140625 1240.6475830078125 980.60595703125
v 1435.0732421875 1227.5755615234375 984.5504150390625
v 1430.3372802734375 1224.805419921875 987.2672119140625
v 1425.4322509765625 1233.50048828125 984.6271362304688
v 1430.2691650390625 1230.5626220703125 984.5932006835938
v 1435.2991943359375 1210.2371826171875 992.5814819335938
v 1425.802490234375 1204.6815185546875 998.0322265625
v 1415.842529296875 1222.062255859375 992.7083740234375
v 1425.6429443359375 1216.2415771484375 992.6591186523438
v 1422.8900146484375 1246.3978271484375 979.303955078125
v 1427.75244140625 1242.08154296875 979.9389038085938
v 1426.5565185546875 1241.374755859375 980.6146240234375
v 1425.3319091796875 1243.53076171875 979.9558715820312
v 1426.5433349609375 1242.8076171875 979.9476928710938
v 1422.9420166015625 1240.677490234375 981.9708251953125
v 1420.47607421875 1244.96533203125 980.6491088867188
v 1422.9151611328125 1243.5380859375 980.6370239257812
v 1420.6221923828125 1230.66259765625 987.3265380859375
v 1415.647705078125 1239.234130859375 984.6698608398438
v 1420.559326171875 1236.3905029296875 984.6525268554688
v 1427.7459716796875 1242.7984619140625 979.6054077148438
v 1427.148193359375 1242.4449462890625 979.943359375
v 1426.536865234375 1243.524169921875 979.6142578125
v 1427.1416015625 1243.16162109375 979.6099243164062
v 1428.97314453125 1239.9173583984375 980.5967407226562
v 1428.95947265625 1241.352294921875 979.9295043945312
v 1432.6116943359375 1234.831787109375 981.9008178710938
v 1437.3978271484375 1231.833984375 981.8515625
v 1444.593505859375 1221.4482421875 984.4364624023438
v 1439.9197998046875 1218.7537841796875 987.1744384765625
v 1439.8470458984375 1224.5379638671875 984.498291015625
v 1454.2626953125 1197.6380615234375 992.330810546875
v 1445.0103759765625 1192.396484375 997.836669921875
v 1444.8321533203125 1204.039306640625 992.472900390625
v 1488.1788330078125 1160.799560546875 996.91357421875
v 1471.814453125 1150.2540283203125 1008.10595703125
v 1471.42919921875 1173.718994140625 997.3563842773438
v 1521.2122802734375 1063.21875 1028.52685546875
v 1489.4266357421875 1041.7108154296875 1051.3349609375
v 1489.1468505859375 1090.0296630859375 1029.3494873046875
v 1578.911865234375 866.0137329101562 1091.954345703125
v 1520.1707763671875 831.4451293945312 1133.8743896484375
v 1520.7999267578125 923.2257080078125 1092.439697265625
v 1436.2041015625 1232.5882568359375 981.8648071289062
v 1439.812744140625 1227.427490234375 983.16064453125
v 1437.4637451171875 1226.0631103515625 984.5255126953125
v 1435.0400390625 1230.4581298828125 983.2137451171875
v 1437.4300537109375 1228.9493408203125 983.1884155273438
v 1436.8011474609375 1232.2115478515625 981.8582763671875
v 1436.1964111328125 1233.308837890625 981.5307006835938
v 1436.79345703125 1232.932373046875 981.5241088867188
v 1437.4136962890625 1230.391845703125 982.5199584960938
v 1436.2359619140625 1229.705322265625 983.2013549804688
v 1435.0240478515625 1231.89892578125 982.5455322265625
v 1436.2198486328125 1231.14697265625 982.5330810546875
v 1432.6751708984375 1229.0753173828125 984.5729370117188
v 1430.2373046875 1233.43798828125 983.2572631835938
v 1432.642578125 1231.954345703125 983.2366333007812
v 1439.7962646484375 1228.871826171875 982.4918823242188
v 1438.622314453125 1228.1900634765625 983.1748046875
v 1438.6058349609375 1229.6334228515625 982.5062255859375
v 1442.2235107421875 1222.9996337890625 984.4686279296875
v 1442.188720703125 1225.8927001953125 983.13037109375
v 1449.391845703125 1212.4969482421875 987.045166015625
v 1471.246826171875 1185.4227294921875 991.9773559570312
v 1462.9659423828125 1179.930419921875 997.5399169921875
v 1462.78076171875 1191.622314453125 992.1700439453125
v 1471.1610107421875 1191.2720947265625 989.2840576171875
v 1467.01953125 1188.5458984375 992.0777587890625
v 1462.693359375 1197.4625244140625 989.4833374023438
v 1466.9326171875 1194.39111328125 989.3880615234375
v 1479.837890625 1167.3359375 997.1461791992188
v 1479.66259765625 1179.0445556640625 991.7539672851562
v 1504.9002685546875 1123.972900390625 1007.2344970703125
v 1504.6002197265625 1147.3424072265625 996.3985595703125
v 1550.9254150390625 1081.934814453125 1005.8104248046875
v 1630.0860595703125 895.0195922851562 1049.2255859375
v 1464.814453125 1195.9327392578125 989.4368286132812
v 1462.6513671875 1200.3817138671875 988.1393432617188
v 1464.7724609375 1198.8533935546875 988.0919189453125
v 1458.5291748046875 1194.6527099609375 992.2542724609375
v 1454.1759033203125 1203.4654541015625 989.6486206054688
v 1458.44189453125 1200.487060546875 989.5701293945312
v 1469.0482177734375 1192.8375244140625 989.337158203125
v 1475.4619140625 1182.2547607421875 991.8692016601562
v 1469.0272216796875 1194.2991943359375 988.663818359375
v 1467.99072265625 1193.61572265625 989.3629150390625
v 1466.9114990234375 1195.8521728515625 988.7152709960938
v 1467.9697265625 1195.0771484375 988.6898193359375
v 1471.203369140625 1188.3475341796875 990.631103515625
v 1469.1346435546875 1186.9901123046875 992.028564453125
v 1466.9755859375 1191.4686279296875 990.7332153320312
v 1469.0908203125 1189.9139404296875 990.6832275390625
v 1471.3365478515625 1179.5721435546875 994.6678466796875
v 1467.203857421875 1176.8470458984375 997.45166015625
v 1462.8719482421875 1185.7786865234375 994.8553466796875
v 1467.1102294921875 1182.6982421875 994.765380859375
v 1471.62060546875 1161.9996337890625 1002.7305297851562
v 1463.3555908203125 1156.4696044921875 1008.2837524414062
v 1454.638427734375 1174.2635498046875 1003.0645141601562
v 1463.15966796875 1168.2158203125 1002.9094848632812
v 1488.8729248046875 1113.8145751953125 1018.4857177734375
v 1472.489013671875 1102.79736328125 1029.7431640625
v 1455.2034912109375 1138.90576171875 1019.2347412109375
v 1472.1845703125 1126.641357421875 1018.8853149414062
v 1483.847412109375 1175.7945556640625 991.6322631835938
v 1496.4376220703125 1154.128662109375 996.6629028320312
v 1488.0947265625 1166.6527099609375 994.2114868164062
v 1484.0177001953125 1164.085693359375 997.0324096679688
v 1479.7486572265625 1173.1905517578125 994.4517211914062
v 1483.930908203125 1169.93994140625 994.3343505859375
v 1488.353759765625 1149.0906982421875 1002.3078002929688
v 1480.210693359375 1143.88134765625 1007.9088745117188
v 1480.0228271484375 1155.6190185546875 1002.5287475585938
v 1488.053955078125 1169.579833984375 992.8587036132812
v 1486.0152587890625 1168.3006591796875 994.2735595703125
v 1483.888671875 1172.8670654296875 992.9838256835938
v 1485.9736328125 1171.2279052734375 992.9219360351562
v 1492.3193359375 1157.479736328125 996.7902221679688
v 1492.2384033203125 1163.3314208984375 994.083740234375
v 1504.7479248046875 1135.6597900390625 1001.8239135742188
v 1496.7664794921875 1130.7252197265625 1007.4697875976562
v 1496.5999755859375 1142.431884765625 1002.0715942382812
v 1521.04541015625 1086.8306884765625 1017.6080322265625
v 1505.415283203125 1076.8121337890625 1028.9395751953125
v 1505.1907958984375 1100.51171875 1018.0535888671875
v 1579.304931640625 1005.2071533203125 1027.1136474609375
v 1551.048828125 987.1419067382812 1050.044189453125
v 1551.105712890625 1035.15625 1027.7459716796875
v 1481.757080078125 1177.42431640625 991.6939086914062
v 1500.5318603515625 1150.748779296875 996.5321655273438
v 1536.1761474609375 1096.1651611328125 1006.2653198242188
v 1502.5694580078125 1149.0487060546875 996.4656982421875
v 1500.49462890625 1153.6722412109375 995.1748657226562
v 1520.6951904296875 1121.8450927734375 1001.3094482421875
v 1512.9210205078125 1117.1251220703125 1006.9930419921875
v 1512.7840576171875 1128.791748046875 1001.568603515625
v 1504.6729736328125 1141.50048828125 999.11376953125
v 1500.68701171875 1139.058837890625 1001.948974609375
v 1496.517822265625 1148.280517578125 999.3692016601562
v 1500.6083984375 1144.9036865234375 999.2427978515625
v 1498.48779296875 1152.4422607421875 996.5979614257812
v 1496.3985595703125 1157.0533447265625 995.3079833984375
v 1498.4495849609375 1155.3662109375 995.2418212890625
v 1506.624267578125 1145.6300048828125 996.3308715820312
v 1512.71728515625 1134.624267578125 998.8499145507812
v 1508.78076171875 1132.2366943359375 1001.6969604492188
v 1508.7098388671875 1138.0732421875 998.9826049804688
v 1504.58251953125 1148.8033447265625 995.7188110351562
v 1503.585693359375 1148.1964111328125 996.4321899414062
v 1502.5511474609375 1150.510009765625 995.78662109375
v 1503.567626953125 1149.657470703125 995.7528076171875
v 1504.6363525390625 1144.421142578125 997.7568969726562
v 1502.64404296875 1143.2052001953125 999.1785888671875
v 1500.56982421875 1147.8260498046875 997.8881225585938
v 1502.6064453125 1146.126708984375 997.8228149414062
v 1512.6845703125 1137.5413818359375 997.48828125
v 1510.7174072265625 1136.351318359375 998.9164428710938
v 1508.6751708984375 1140.9921875 997.6234130859375
v 1510.6837158203125 1139.2694091796875 997.5560302734375
v 1516.756103515625 1125.3272705078125 1001.4392700195312
v 1516.6934814453125 1131.15576171875 998.716064453125
v 1528.57177734375 1103.2056884765625 1006.505126953125
v 1528.4676513671875 1114.8370361328125 1001.0503540039062
v 1551.0377197265625 1058.67236328125 1016.7538452148438
v 1536.4559326171875 1049.3236083984375 1028.12451171875
v 1536.343994140625 1072.8697509765625 1017.1683959960938
v 1511.68505859375 1138.406005859375 997.522216796875
v 1510.6671142578125 1140.728759765625 996.8751831054688
v 1514.7093505859375 1132.892333984375 998.7830810546875
v 1509.680419921875 1140.1314697265625 997.5897827148438
v 1508.6580810546875 1142.451904296875 996.9432373046875
v 1509.6634521484375 1141.5909423828125 996.9093017578125
v 1506.695068359375 1139.789794921875 999.0484619140625
v 1506.6593017578125 1142.70947265625 997.6903686523438
v 1518.6693115234375 1129.4149169921875 998.64892578125
v 1524.599609375 1118.34765625 1001.1796875
v 1520.665771484375 1124.7572021484375 999.9464111328125
v 1518.7298583984375 1123.5882568359375 1001.3743896484375
v 1516.724609375 1128.2412109375 1000.0784301757812
v 1518.6993408203125 1126.501220703125 1000.012451171875
v 1520.7552490234375 1116.02197265625 1004.0313110351562
v 1516.8848876953125 1113.6702880859375 1006.87109375
v 1512.852294921875 1122.9595947265625 1004.2825317382812
v 1516.8203125 1119.4996337890625 1004.1571044921875
v 1520.9349365234375 1098.53369140625 1012.1773681640625
v 1513.181884765625 1093.7122802734375 1017.831298828125
v 1505.05029296875 1112.2630615234375 1012.6408081054688
v 1513.0560302734375 1105.4388427734375 1012.4100341796875
v 1526.538330078125 1116.5938720703125 1001.1149291992188
v 1524.572265625 1121.2579345703125 999.8143920898438
v 1526.511962890625 1119.50341796875 999.7484741210938
v 1543.6209716796875 1089.084716796875 1006.0325927734375
v 1528.5194091796875 1109.021484375 1003.7803955078125
v 1524.7119140625 1106.7086181640625 1006.626708984375
v 1524.6553955078125 1112.528564453125 1003.9056396484375
v 1536.263671875 1084.53564453125 1011.7178955078125
v 1528.77001953125 1079.879150390625 1017.3862915039062
v 1528.6749267578125 1091.561279296875 1011.9456787109375
v 1530.3875732421875 1113.0775146484375 1000.9860229492188
v 1536.1318359375 1101.974609375 1003.5333862304688
v 1532.3936767578125 1099.6905517578125 1006.384521484375
v 1532.3453369140625 1105.5028076171875 1003.6561889648438
v 1529.4288330078125 1113.9576416015625 1001.0181884765625
v 1528.4549560546875 1116.2913818359375 1000.3668212890625
v 1529.4163818359375 1115.4117431640625 1000.3343505859375
v 1532.3214111328125 1108.4088134765625 1002.2899780273438
v 1530.437255859375 1107.263427734375 1003.7181396484375
v 1528.493408203125 1111.9290771484375 1002.4161987304688
v 1530.4122314453125 1110.1702880859375 1002.3529052734375
v 1528.93603515625 1115.8515625 1000.3505859375
v 1527.504150390625 1115.7158203125 1001.0826416015625
v 1526.5250244140625 1118.048583984375 1000.4319458007812
v 1527.4912109375 1117.1702880859375 1000.3993530273438
v 1526.592041015625 1110.776611328125 1003.8428955078125
v 1524.62744140625 1115.43798828125 1002.5433349609375
v 1526.5650634765625 1113.68505859375 1002.4796752929688
v 1539.9178466796875 1092.6309814453125 1006.1478271484375
v 1539.8773193359375 1098.438232421875 1003.4124145507812
v 1550.9842529296875 1070.3204345703125 1011.2850952148438
v 1543.76025390625 1065.809326171875 1016.956787109375
v 1543.69384765625 1077.464599609375 1011.4967041015625
v 1579.3184814453125 1028.6253662109375 1016.0767211914062
v 1565.3172607421875 1020.5331420898438 1027.404541015625
v 1565.2879638671875 1044.0220947265625 1016.383544921875
v 1630.567626953125 941.0783081054688 1026.6455078125
v 1604.523681640625 927.5795288085938 1049.3192138671875
v 1604.7379150390625 974.8915405273438 1026.75830078125
v 1629.0927734375 719.20556640625 1133.7183837890625
v 1629.505859375 806.8818359375 1091.932861328125
v 1565.2601318359375 1055.653564453125 1010.9016723632812
v 1558.2042236328125 1051.4222412109375 1016.5619506835938
v 1558.16357421875 1063.0633544921875 1011.0857543945312
v 1579.3192138671875 1040.2159423828125 1010.5904541015625
v 1572.316650390625 1036.4354248046875 1016.2210083007812
v 1572.3026123046875 1048.051025390625 1010.735595703125
v 1604.8707275390625 997.9210205078125 1015.7442626953125
v 1591.94970703125 990.5250244140625 1026.9051513671875
v 1592.013916015625 1013.8024291992188 1015.8698120117188
v 1568.786376953125 1051.87890625 1010.8162231445312
v 1565.2447509765625 1061.4554443359375 1008.15869140625
v 1568.7745361328125 1057.6773681640625 1008.072021484375
v 1567.0111083984375 1059.5728759765625 1008.11474609375
v 1561.720458984375 1059.380126953125 1010.9916381835938
v 1558.1412353515625 1068.869873046875 1008.3461303710938
v 1561.7015380859375 1065.1845703125 1008.2501831054688
v 1567.8931884765625 1058.626708984375 1008.0932006835938
v 1567.0076904296875 1061.022216796875 1007.4281616210938
v 1567.889892578125 1060.075927734375 1007.4065551757812
v 1570.5355224609375 1055.768310546875 1008.0305786132812
v 1575.8123779296875 1044.1650390625 1010.6602172851562
v 1585.6553955078125 1021.333984375 1015.9639282226562
v 1568.780517578125 1054.77880859375 1009.444580078125
v 1567.0247802734375 1053.7725830078125 1010.8583374023438
v 1565.2525634765625 1058.55517578125 1009.5306396484375
v 1567.01806640625 1056.6734619140625 1009.4869995117188
v 1572.31005859375 1042.249267578125 1013.4781494140625
v 1568.807373046875 1040.25439453125 1016.3001098632812
v 1565.2747802734375 1049.8438720703125 1013.6423950195312
v 1568.7974853515625 1046.07275390625 1013.5579833984375
v 1579.314453125 1016.9669799804688 1021.5768432617188
v 1572.32568359375 1012.9734497070312 1027.251953125
v 1565.3082275390625 1032.3255615234375 1021.8779296875
v 1572.3253173828125 1024.753662109375 1021.7193603515625
v 1579.2691650390625 981.3949584960938 1038.2989501953125
v 1565.2445068359375 972.5355224609375 1049.791748046875
v 1551.1064453125 1011.2825317382812 1038.856201171875
v 1565.30078125 996.6708374023438 1038.5557861328125
v 1579.075439453125 911.592041015625 1070.8695068359375
v 1550.4991455078125 895.4616088867188 1092.144287109375
v 1521.107177734375 969.2088623046875 1071.5953369140625
v 1550.820556640625 941.3052368164062 1071.1646728515625
v 1569.6552734375 1056.724609375 1008.0511474609375
v 1572.298583984375 1050.94873046875 1009.3635864257812
v 1570.5455322265625 1049.971923828125 1010.7752685546875
v 1570.54052734375 1052.870849609375 1009.4034423828125
v 1598.414794921875 1006.0033569335938 1015.7962036132812
v 1617.6624755859375 958.3359985351562 1026.6741943359375
v 1654.9476318359375 860.8673706054688 1049.269287109375
v 1655.67236328125 905.3656616210938 1026.7247314453125
v 1630.714599609375 952.2772216796875 1021.1520385742188
v 1624.1275634765625 949.7807006835938 1026.6534423828125
v 1617.7669677734375 969.7409057617188 1021.1575927734375
v 1624.25341796875 961.0861206054688 1021.1475219726562
v 1643.29150390625 923.345703125 1026.6649169921875
v 1630.30712890625 918.2523803710938 1037.8438720703125
v 1617.3236083984375 911.5867309570312 1049.2530517578125
v 1604.6226806640625 951.3983764648438 1037.9739990234375
v 1617.4783935546875 935.14306640625 1037.886474609375
v 1629.756103515625 850.8348388671875 1070.751708984375
v 1604.2613525390625 837.3955688476562 1091.8907470703125
v 1604.3740234375 882.3792114257812 1070.7418212890625
v 1643.4771728515625 934.31884765625 1021.2002563476562
v 1636.9622802734375 932.2571411132812 1026.649658203125
v 1637.1295166015625 943.3446044921875 1021.1699829101562
v 1655.284912109375 883.3623657226562 1037.8720703125
v 1642.67333984375 878.0543823242188 1049.232421875
v 1642.959228515625 900.9257202148438 1037.8408203125
v 1653.9986572265625 775.3271484375 1092.0577392578125
v 1654.4222412109375 817.9788818359375 1070.8731689453125
v 1633.9290771484375 947.824462890625 1021.159423828125
v 1630.7921142578125 957.8175659179688 1018.4342041015625
v 1634.0120849609375 953.3355712890625 1018.4461669921875
v 1632.40380859375 955.5802612304688 1018.4397583007812
v 1627.4884033203125 956.698974609375 1021.1480102539062
v 1624.3199462890625 966.682861328125 1018.4212036132812
v 1627.560546875 962.2679443359375 1018.4258422851562
v 1633.2083740234375 954.4588012695312 1018.44287109375
v 1640.3131103515625 938.8414916992188 1021.1836547851562
v 1649.534912109375 914.3723754882812 1026.690185546875
v 1667.548583984375 887.3654174804688 1026.8175048828125
v 1633.97021484375 950.5846557617188 1019.8006591796875
v 1632.3233642578125 950.054443359375 1021.1553344726562
v 1630.7530517578125 955.0518798828125 1019.7910766601562
v 1632.36328125 952.8218994140625 1019.7954711914062
v 1637.0443115234375 937.822265625 1023.8987426757812
v 1633.77197265625 936.6807861328125 1026.6461181640625
v 1630.6396484375 946.6980590820312 1023.8885498046875
v 1633.8489990234375 942.2734985351562 1023.89208984375
v 1643.119140625 912.2056884765625 1032.2174072265625
v 1636.6646728515625 909.631103515625 1037.8377685546875
v 1630.43212890625 929.728515625 1032.21435546875
v 1636.8076171875 921.0107421875 1032.2108154296875
v 1661.6837158203125 896.3538818359375 1026.7674560546875
v 1666.77099609375 843.6346435546875 1049.33203125
v 1667.1343994140625 865.7615966796875 1037.9322509765625
v 1667.660888671875 892.6548461914062 1024.10400390625
v 1664.6356201171875 891.85498046875 1026.7916259765625
v 1661.7938232421875 901.6954956054688 1024.0457763671875
v 1664.7471923828125 897.1701049804688 1024.073974609375
v 1673.258544921875 878.4144897460938 1026.8739013671875
v 1667.334716796875 876.644775390625 1032.3282470703125
v 1661.278564453125 874.55419921875 1037.89892578125
v 1655.471923828125 894.4402465820312 1032.2574462890625
v 1661.4742431640625 885.532958984375 1032.2894287109375
v 1673.37060546875 883.6548461914062 1024.168701171875
v 1670.421875 882.8862915039062 1026.844970703125
v 1670.534423828125 888.1508178710938 1024.1356201171875
v 1672.8448486328125 856.9965209960938 1037.971435546875
v 1673.044921875 867.7886352539062 1032.3731689453125
v 1676.0616455078125 873.9466552734375 1026.904296875
v 1677.45166015625 871.7131958007812 1026.919921875
v 1676.11669921875 876.5616455078125 1025.549560546875
v 1677.50634765625 874.3224487304688 1025.566162109375
v 1675.8499755859375 863.3663330078125 1032.397705078125
v 1673.1500244140625 873.1243896484375 1029.6097412109375
v 1675.9541015625 868.6795654296875 1029.6368408203125
v 1678.198486328125 873.2027587890625 1025.5745849609375
v 1677.5340576171875 875.6221923828125 1024.8924560546875
v 1678.22607421875 874.5010986328125 1024.901123046875
v 1678.5714111328125 873.9404907226562 1024.905517578125
v 1678.2398681640625 875.1489868164062 1024.565185546875
v 1678.585205078125 874.5880126953125 1024.569580078125
v 1678.2275390625 870.6575317382812 1026.830078125
v 1677.8682861328125 868.7247314453125 1028.0902099609375
v 1677.68798828125 867.7540283203125 1028.7232666015625
v 1677.6654052734375 867.6324462890625 1028.802490234375
v 1677.642822265625 867.5108642578125 1028.8818359375
v 1677.59765625 867.267578125 1029.04052734375
v 1677.5072021484375 866.780517578125 1029.3582763671875
v 1676.7794189453125 862.8599853515625 1031.9163818359375
v 1676.04443359375 858.899169921875 1034.50146484375
v 1676.0213623046875 858.7747802734375 1034.582763671875
v 1675.998291015625 858.6503295898438 1034.6639404296875
v 1675.9520263671875 858.4013671875 1034.826416015625
v 1675.859619140625 857.903076171875 1035.151611328125
v 1675.67431640625 856.90478515625 1035.80322265625
v 1675.3026123046875 854.90185546875 1037.1102294921875
v 1674.5543212890625 850.8718872070312 1039.7391357421875
v 1673.7996826171875 846.8120727539062 1042.385498046875
v 1673.0390625 842.7251586914062 1045.046875
v 1672.8480224609375 841.6995239257812 1045.7142333984375
v 1672.7523193359375 841.1861572265625 1046.048095703125
v 1672.7283935546875 841.0577392578125 1046.1317138671875
v 1672.7044677734375 840.9293212890625 1046.2152099609375
v 1672.6566162109375 840.6724243164062 1046.38232421875
v 1672.272705078125 838.6143798828125 1047.72021484375
v 1671.501220703125 834.4841918945312 1050.4017333984375
v 1670.724853515625 830.3375854492188 1053.089111328125
v 1669.9437255859375 826.1771850585938 1055.7796630859375
v 1669.551513671875 824.0926513671875 1057.1253662109375
v 1669.453369140625 823.5711059570312 1057.4617919921875
v 1669.4041748046875 823.310302734375 1057.6300048828125
v 1669.35498046875 823.0494384765625 1057.7982177734375
v 1669.1583251953125 822.0057373046875 1058.470947265625
v 1668.3690185546875 817.8274536132812 1061.1597900390625
v 1666.7803955078125 809.4620971679688 1066.5198974609375
v 1665.9827880859375 805.285888671875 1069.1832275390625
v 1665.5916748046875 803.2445678710938 1070.4818115234375
v 1665.39599609375 802.2242431640625 1071.130126953125
v 1665.2979736328125 801.714111328125 1071.4539794921875
v 1665.2857666015625 801.650390625 1071.494384765625
v 1665.2850341796875 801.6463623046875 1071.4969482421875
v 1665.2843017578125 801.6423950195312 1071.49951171875
v 1665.28271484375 801.6343994140625 1071.5045166015625
v 1665.2796630859375 801.6184692382812 1071.5146484375
v 1665.2735595703125 801.5864868164062 1071.534912109375
v 1665.2490234375 801.4588012695312 1071.6160888671875
v 1665.199951171875 801.203369140625 1071.7781982421875
v 1664.4132080078125 797.1174926757812 1074.36669921875
v 1663.6239013671875 793.0333251953125 1076.94580078125
v 1662.8316650390625 788.9498901367188 1079.51611328125
v 1662.0364990234375 784.8662719726562 1082.07861328125
v 1661.6378173828125 782.8241577148438 1083.3570556640625
v 1661.23828125 780.7814331054688 1084.6339111328125
v 1660.4366455078125 776.694091796875 1087.18310546875
v 1659.6317138671875 772.6033325195312 1089.726806640625
v 1658.8232421875 768.508544921875 1092.265625
v 1658.6204833984375 767.484130859375 1092.899658203125
v 1658.5191650390625 766.9718627929688 1093.216552734375
v 1658.4176025390625 766.4594116210938 1093.533447265625
v 1658.0111083984375 764.408935546875 1094.80029296875
v 1657.1953125 760.30322265625 1097.3316650390625
v 1656.375732421875 756.1908569335938 1099.8602294921875
v 1655.5521240234375 752.0711669921875 1102.3865966796875
v 1655.138916015625 750.0084228515625 1103.649169921875
v 1655.0355224609375 749.492431640625 1103.9647216796875
v 1654.931884765625 748.976318359375 1104.2802734375
v 1654.7247314453125 747.943603515625 1104.911376953125
v 1653.8931884765625 743.8072509765625 1107.43505859375
v 1652.1739501953125 735.28955078125 1112.6131591796875
v 1651.7413330078125 733.1535034179688 1113.9078369140625
v 1651.3131103515625 731.0413208007812 1115.1865234375
v 1650.4625244140625 726.853759765625 1117.717529296875
v 1648.749755859375 718.4491577148438 1122.78173828125
v 1647.8878173828125 714.2330932617188 1125.3145751953125
v 1647.0224609375 710.0084838867188 1127.8480224609375
v 1645.2823486328125 701.535888671875 1132.9161376953125
v 1644.4078369140625 697.2885131835938 1135.4508056640625
v 1643.969482421875 695.1621704101562 1136.71826171875
v 1643.85986328125 694.63037109375 1137.03515625
v 1643.804931640625 694.3643798828125 1137.193603515625
v 1643.7501220703125 694.098388671875 1137.35205078125
v 1643.530517578125 693.0341796875 1137.98583984375
v 1641.7681884765625 684.505859375 1143.0577392578125
v 1639.996337890625 675.95263671875 1148.1322021484375
v 1638.2156982421875 667.3756103515625 1153.21044921875
v 1636.4271240234375 658.7752075195312 1158.2938232421875
v 1635.978759765625 656.6214599609375 1159.565673828125
v 1635.5357666015625 654.4944458007812 1160.8212890625
v 1634.652587890625 650.2551879882812 1163.3226318359375
v 1632.8814697265625 641.760986328125 1168.3304443359375
v 1631.99365234375 637.5067138671875 1170.836669921875
v 1631.882568359375 636.974609375 1171.1500244140625
v 1631.771484375 636.4424438476562 1171.4635009765625
v 1631.54931640625 635.3779296875 1172.09033203125
v 1631.1046142578125 633.2481689453125 1173.3443603515625
v 1629.3231201171875 624.7201538085938 1178.3631591796875
v 1628.430908203125 620.4514770507812 1180.8740234375
v 1627.537841796875 616.18017578125 1183.3856201171875
v 1625.7501220703125 607.6324462890625 1188.4100341796875
v 1623.932861328125 598.9479370117188 1193.5125732421875
v 1623.0240478515625 594.6055908203125 1196.063232421875
v 1622.115234375 590.2642211914062 1198.613037109375
v 1620.29833984375 581.5866088867188 1203.7086181640625
v 1619.844482421875 579.4186401367188 1204.9815673828125
v 1619.73095703125 578.8767700195312 1205.2996826171875
v 1619.6741943359375 578.6058959960938 1205.458740234375
v 1619.6458740234375 578.4703979492188 1205.5382080078125
v 1619.6387939453125 578.4365844726562 1205.55810546875
v 1619.637939453125 578.4323120117188 1205.5606689453125
v 1619.637451171875 578.4302368164062 1205.5618896484375
v 1619.6370849609375 578.4281005859375 1205.5631103515625
v 1619.63525390625 578.419677734375 1205.568115234375
v 1619.6317138671875 578.4027709960938 1205.5780029296875
v 1619.6175537109375 578.3352661132812 1205.6175537109375
v 1619.3914794921875 577.25537109375 1206.251708984375
v 1618.4871826171875 572.9373168945312 1208.7867431640625
v 1616.679931640625 564.307373046875 1213.85302734375
v 1615.776611328125 559.9942016601562 1216.3851318359375
v 1614.873291015625 555.6810913085938 1218.9169921875
v 1613.0660400390625 547.0514526367188 1223.9830322265625
v 1612.1617431640625 542.7334594726562 1226.51806640625
v 1611.7093505859375 540.5733642578125 1227.786376953125
v 1611.5963134765625 540.0332641601562 1228.103515625
v 1611.483154296875 539.4930419921875 1228.420654296875
v 1611.2569580078125 538.4124145507812 1229.05517578125
v 1609.444580078125 529.7565307617188 1234.137939453125
v 1607.6278076171875 521.0770263671875 1239.2357177734375
v 1605.8050537109375 512.3665161132812 1244.353515625
v 1603.97509765625 503.6172180175781 1249.49609375
v 1603.0682373046875 499.28057861328125 1252.0458984375
v 1602.1668701171875 494.9681091308594 1254.5821533203125
v 1600.3592529296875 486.3167724609375 1259.6727294921875
v 1598.5472412109375 477.63751220703125 1264.7835693359375
v 1597.640380859375 473.2901611328125 1267.345458984375
v 1597.41357421875 472.20269775390625 1267.9864501953125
v 1597.3001708984375 471.65887451171875 1268.3070068359375
v 1597.2718505859375 471.5229187011719 1268.38720703125
v 1597.2576904296875 471.4549560546875 1268.42724609375
v 1597.2506103515625 471.42095947265625 1268.447265625
v 1597.2501220703125 471.4188232421875 1268.4486083984375
v 1597.2496337890625 471.4167175292969 1268.4498291015625
v 1597.248779296875 471.4124755859375 1268.4522705078125
v 1597.2470703125 471.40399169921875 1268.457275390625
v 1597.2435302734375 471.3870544433594 1268.46728515625
v 1597.18701171875 471.11590576171875 1268.627197265625
v 1596.7347412109375 468.94635009765625 1269.906494140625
v 1594.8997802734375 460.1377258300781 1275.1048583984375
v 1593.0684814453125 451.3329162597656 1280.3084716796875
v 1592.6114501953125 449.13348388671875 1281.609619140625
v 1592.3831787109375 448.0341491699219 1282.2601318359375
v 1592.1549072265625 446.9350891113281 1282.9107666015625
v 1591.2432861328125 442.54266357421875 1285.51220703125
v 1589.427734375 433.78033447265625 1290.7095947265625
v 1587.624267578125 425.0565490722656 1295.895751953125
v 1587.172119140625 422.8660583496094 1297.199951171875
v 1586.718505859375 420.6664123535156 1298.510498046875
v 1585.8138427734375 416.2759094238281 1301.12890625
v 1584.0150146484375 407.5251770019531 1306.3587646484375
v 1583.791015625 406.43377685546875 1307.0120849609375
v 1583.6790771484375 405.88824462890625 1307.3387451171875
v 1583.567138671875 405.34283447265625 1307.6654052734375
v 1583.1201171875 403.1620788574219 1308.9720458984375
v 1582.227783203125 398.8043212890625 1311.5860595703125
v 1580.449462890625 390.09906005859375 1316.820068359375
v 1580.006103515625 387.923828125 1318.13037109375
v 1579.8953857421875 387.3800354003906 1318.4581298828125
v 1579.7845458984375 386.83624267578125 1318.7860107421875
v 1579.5631103515625 385.7486267089844 1319.44189453125
v 1578.677978515625 381.3968505859375 1322.0687255859375
v 1576.91015625 372.68280029296875 1327.341552734375
v 1576.468505859375 370.5010070800781 1328.6644287109375
v 1576.2476806640625 369.40948486328125 1329.3265380859375
v 1576.1373291015625 368.86358642578125 1329.657958984375
v 1576.0821533203125 368.590576171875 1329.8236083984375
v 1576.0269775390625 368.3175354003906 1329.9893798828125
v 1575.1436767578125 363.94415283203125 1332.646484375
v 1573.37548828125 355.16546630859375 1337.9932861328125
v 1572.4898681640625 350.7572021484375 1340.684814453125
v 1571.619873046875 346.4184875488281 1343.338134765625
v 1569.8814697265625 337.72528076171875 1348.6673583984375
v 1569.0118408203125 333.3646240234375 1351.3472900390625
v 1568.79443359375 332.2733154296875 1352.0186767578125
v 1568.685791015625 331.7275085449219 1352.3544921875
v 1568.6314697265625 331.45458984375 1352.5225830078125
v 1568.5771484375 331.181640625 1352.6905517578125
v 1568.142578125 328.99737548828125 1354.0357666015625
v 1566.4033203125 320.23272705078125 1359.4459228515625
v 1565.5362548828125 315.84979248046875 1362.1588134765625
v 1565.103515625 313.6590270996094 1363.516845703125
v 1564.9954833984375 313.1114501953125 1363.8564453125
v 1564.887451171875 312.5639343261719 1364.196044921875
v 1564.6715087890625 311.4691162109375 1364.87548828125
v 1562.9515380859375 302.7257385253906 1370.3140869140625
v 1562.0972900390625 298.3672790527344 1373.0335693359375
v 1561.6717529296875 296.19219970703125 1374.3929443359375
v 1561.45947265625 295.1058044433594 1375.072509765625
v 1561.3533935546875 294.5628967285156 1375.4122314453125
v 1561.3004150390625 294.2915344238281 1375.58203125
v 1561.2474365234375 294.0202331542969 1375.751953125
v 1560.4024658203125 289.6874084472656 1378.4674072265625
v 1559.563232421875 285.3714599609375 1381.1787109375
v 1558.72998046875 281.0743103027344 1383.884765625
v 1557.9031982421875 276.7980041503906 1386.58447265625
v 1557.485595703125 274.6324768066406 1387.954345703125
v 1557.0633544921875 272.440185546875 1389.343017578125
v 1556.2244873046875 268.0727233886719 1392.115234375
v 1554.566650390625 259.3982849121094 1397.6444091796875
v 1554.4638671875 258.8585205078125 1397.989501953125
v 1554.4124755859375 258.5887145996094 1398.162109375
v 1554.3612060546875 258.3189697265625 1398.3345947265625
v 1554.156005859375 257.24053955078125 1399.024658203125
v 1553.746826171875 255.08619689941406 1400.40478515625
v 1552.93212890625 250.78648376464844 1403.1650390625
v 1551.31689453125 242.21485900878906 1408.6915283203125
v 1551.2164306640625 241.68003845214844 1409.0374755859375
v 1551.1160888671875 241.14529418945312 1409.3834228515625
v 1550.9156494140625 240.07595825195312 1410.0755615234375
v 1550.51513671875 237.93771362304688 1411.461181640625
v 1549.7166748046875 233.6619110107422 1414.238037109375
v 1548.12744140625 225.10496520996094 1419.8192138671875
v 1548.0284423828125 224.56959533691406 1420.16943359375
v 1547.9788818359375 224.30186462402344 1420.3446044921875
v 1547.9293212890625 224.03411865234375 1420.5198974609375
v 1547.7314453125 222.96278381347656 1421.2213134765625
v 1547.335693359375 220.81845092773438 1422.626953125
v 1546.5450439453125 216.52212524414062 1425.44921875
v 1544.9652099609375 207.89031982421875 1431.1431884765625
v 1543.4161376953125 199.36558532714844 1436.797607421875
v 1541.873046875 190.80780029296875 1442.506591796875
v 1540.3563232421875 182.32704162597656 1448.1986083984375
v 1539.60302734375 178.08676147460938 1451.0582275390625
v 1539.509033203125 177.5569305419922 1451.416259765625
v 1539.415283203125 177.02716064453125 1451.7742919921875
v 1539.227783203125 175.9679412841797 1452.49072265625
v 1538.8538818359375 173.85101318359375 1453.9241943359375
v 1537.37158203125 165.40951538085938 1459.6654052734375
v 1537.0047607421875 163.30743408203125 1461.101318359375
v 1536.822021484375 162.25787353515625 1461.8193359375
v 1536.730712890625 161.73348999023438 1462.17822265625
v 1536.6396484375 161.2093963623047 1462.5372314453125
v 1535.914794921875 157.02789306640625 1465.40673828125
v 1535.1976318359375 152.86831665039062 1468.272216796875
v 1534.48876953125 148.73341369628906 1471.1317138671875
v 1533.779052734375 144.56903076171875 1474.0230712890625
v 1533.0731201171875 140.40036010742188 1476.9296875
v 1532.7203369140625 138.3075408935547 1478.3936767578125
v 1532.3651123046875 136.19290161132812 1479.8760986328125
v 1531.66259765625 131.989501953125 1482.832763671875
v 1530.9700927734375 127.8172836303711 1485.780517578125
v 1530.62744140625 125.74160766601562 1487.251953125
v 1530.4569091796875 124.70616149902344 1487.9871826171875
v 1530.371826171875 124.18901062011719 1488.354736328125
v 1530.329345703125 123.93057250976562 1488.5384521484375
v 1530.286865234375 123.6722183227539 1488.72216796875
v 1529.61181640625 119.54875183105469 1491.661376953125
v 1528.9442138671875 115.44172668457031 1494.6019287109375
v 1528.2833251953125 111.34718322753906 1497.54638671875
v 1527.955322265625 109.30335998535156 1499.0211181640625
v 1527.6285400390625 107.26097869873047 1500.4979248046875
v 1526.3336181640625 99.09114074707031 1506.438232421875
v 1525.6922607421875 94.9991226196289 1509.433349609375
v 1525.5323486328125 93.9747085571289 1510.1851806640625
v 1525.512451171875 93.84661102294922 1510.279296875
v 1525.492431640625 93.71849822998047 1510.3734130859375
v 1525.4525146484375 93.46224212646484 1510.5616455078125
v 1525.372802734375 92.94955444335938 1510.9384765625
v 1525.053955078125 90.89641571044922 1512.449462890625
v 1524.41796875 86.77713012695312 1515.4912109375
v 1523.78369140625 82.63715362548828 1518.561767578125
v 1523.467041015625 80.55815124511719 1520.1087646484375
v 1523.1522216796875 78.48302459716797 1521.6563720703125
v 1522.5382080078125 74.41130065917969 1524.7032470703125
v 1521.320068359375 66.21561431884766 1530.884765625
v 1521.018798828125 64.16036987304688 1532.446533203125
v 1520.9813232421875 63.90338134765625 1532.6422119140625
v 1520.9437255859375 63.64637756347656 1532.8380126953125
v 1520.868896484375 63.13236618041992 1533.229736328125
v 1520.7193603515625 62.10441589355469 1534.01416015625
v 1520.1270751953125 57.995361328125 1537.1641845703125
v 1519.011962890625 50.07830810546875 1543.3050537109375
v 1518.8758544921875 49.09342575073242 1544.076171875
v 1518.842041015625 48.847412109375 1544.2691650390625
v 1518.80810546875 48.60148620605469 1544.4620361328125
v 1518.7406005859375 48.10989761352539 1544.84814453125
v 1518.47265625 46.14727020263672 1546.393798828125
v 1517.94775390625 42.242252349853516 1549.49169921875
v 1517.4385986328125 38.36909866333008 1552.5960693359375
v 1516.947021484375 34.533668518066406 1555.7047119140625
v 1516.474365234375 30.741840362548828 1558.8148193359375
v 1516.0223388671875 26.9995174407959 1561.9239501953125
v 1515.5924072265625 23.312633514404297 1565.0296630859375
v 1515.186279296875 19.687156677246094 1568.1290283203125
v 1515.0849609375 18.757888793945312 1568.931396484375
v 1514.980712890625 17.788925170898438 1569.771484375
v 1514.77783203125 15.865862846374512 1571.449951171875
v 1514.3936767578125 12.07577896118164 1574.8016357421875
v 1514.0377197265625 8.353882789611816 1578.1510009765625
v 1513.7083740234375 4.692312717437744 1581.503662109375
v 1513.4044189453125 1.0831855535507202 1584.865234375
v 1513.12451171875 -2.4814023971557617 1588.2413330078125
v 1513.0582275390625 -3.36651873588562 1589.0882568359375
v 1513.0255126953125 -3.8082573413848877 1589.51220703125
v 1513.0093994140625 -4.028926849365234 1589.724365234375
v 1512.9932861328125 -4.249462127685547 1589.9365234375
v 1512.8675537109375 -6.0091376304626465 1591.6373291015625
v 1512.632080078125 -9.506998062133789 1595.057861328125
v 1512.2205810546875 -16.4443416595459 1601.994384765625
v 1512.0418701171875 -19.899614334106445 1605.5213623046875
v 1511.87939453125 -23.35649871826172 1609.094970703125
v 1511.8038330078125 -25.088022232055664 1610.9010009765625
v 1511.767578125 -25.95168113708496 1611.8056640625
v 1511.7327880859375 -26.7989444732666 1612.695556640625
v 1511.6026611328125 -30.19590187072754 1616.2882080078125
v 1511.4874267578125 -33.59893798828125 1619.9290771484375
v 1511.388427734375 -36.999237060546875 1623.611328125
v 1511.24462890625 -43.756134033203125 1631.0743408203125
v 1511.2025146484375 -47.094993591308594 1634.8416748046875
v 1511.2005615234375 -47.302494049072266 1635.0777587890625
v 1511.19873046875 -47.509849548339844 1635.3138427734375
v 1511.1953125 -47.92411422729492 1635.7861328125
v 1511.189453125 -48.7508544921875 1636.731689453125
v 1511.1820068359375 -50.39672088623047 1638.6253662109375
v 1511.1845703125 -53.654632568359375 1642.4212646484375
v 1511.2113037109375 -56.86102294921875 1646.2239990234375
v 1511.25830078125 -59.74042510986328 1649.701904296875
v 1511.3277587890625 -62.56439971923828 1653.17724609375
v 1511.4207763671875 -65.32704162597656 1656.64599609375
v 1511.4764404296875 -66.68351745605469 1658.376708984375
v 1511.5394287109375 -68.044921875 1660.13330078125
v 1511.6953125 -70.87644958496094 1663.855224609375
v 1511.881591796875 -73.62625885009766 1667.5654296875
v 1512.0986328125 -76.29901123046875 1671.2708740234375
v 1512.34716796875 -78.89936828613281 1674.9786376953125
v 1512.940673828125 -83.90137481689453 1682.4281005859375
v 1513.666259765625 -88.6690444946289 1689.9688720703125
v 1514.5286865234375 -93.23870086669922 1697.655029296875
v 1515.0125732421875 -95.46048736572266 1701.5697021484375
v 1515.2666015625 -96.55220031738281 1703.5380859375
v 1515.5267333984375 -97.62403869628906 1705.500244140625
v 1516.072509765625 -99.7401123046875 1709.4620361328125
v 1516.65087890625 -101.8166732788086 1713.4677734375
v 1517.9005126953125 -105.8384017944336 1721.58154296875
v 1519.264892578125 -109.66397857666016 1729.7833251953125
v 1520.7337646484375 -113.26885986328125 1738.015625
v 1521.504150390625 -114.9810791015625 1742.12548828125
v 1522.296630859375 -116.62926483154297 1746.2220458984375
v 1523.1102294921875 -118.21056365966797 1750.2984619140625
v 1523.99072265625 -119.80534362792969 1754.5748291015625
v 1524.8941650390625 -121.32544708251953 1758.8271484375
v 1525.82080078125 -122.77326202392578 1763.0594482421875
v 1676.0074462890625 871.3191528320312 1028.2667236328125
v 1677.3978271484375 869.09130859375 1028.281494140625
v 1677.3712158203125 867.7758178710938 1028.9652099609375
v 1675.901611328125 866.0284423828125 1031.013916015625
v 1672.9432373046875 862.4113159179688 1035.161376953125
v 1675.7491455078125 858.0111083984375 1035.1842041015625
v 1666.94677734375 854.7476806640625 1043.6075439453125
v 1672.6571044921875 846.07080078125 1043.6453857421875
v 1654.6690673828125 839.4378662109375 1060.0947265625
v 1666.4686279296875 822.5390014648438 1060.17431640625
v 1677.384521484375 868.4338989257812 1028.6231689453125
v 1676.7034912109375 870.2052612304688 1028.274169921875
v 1676.650390625 867.5684814453125 1029.643798828125
v 1675.980712890625 870.0007934570312 1028.950927734375
v 1676.6768798828125 868.8883056640625 1028.9580078125
v 1674.6640625 876.1802978515625 1026.888916015625
v 1674.5560302734375 870.9017944335938 1029.6231689453125
v 1673.203857421875 875.775390625 1028.2381591796875
v 1674.609619140625 873.5470581054688 1028.2523193359375
v 1670.20751953125 872.2136840820312 1032.3499755859375
v 1667.4398193359375 882.0274047851562 1029.559814453125
v 1670.31298828125 877.5725708007812 1029.5841064453125
v 1677.424560546875 870.40380859375 1027.5997314453125
v 1677.5577392578125 868.1555786132812 1028.625
v 1677.3778076171875 868.10498046875 1028.794189453125
v 1677.5511474609375 867.8267211914062 1028.7960205078125
v 1677.0509033203125 869.6482543945312 1028.27783203125
v 1677.0242919921875 868.3320922851562 1028.961669921875
v 1676.690185546875 869.5471801757812 1028.6158447265625
v 1677.03759765625 868.9905395507812 1028.6195068359375
v 1676.757568359375 872.8299560546875 1026.9119873046875
v 1676.034423828125 872.6344604492188 1027.5845947265625
v 1676.73046875 871.5191040039062 1027.5921630859375
v 1675.7991943359375 860.6937255859375 1033.7879638671875
v 1675.7740478515625 859.3536376953125 1034.4853515625
v 1672.74951171875 851.5482788085938 1040.8004150390625
v 1674.4512939453125 865.5773315429688 1032.3853759765625
v 1674.3499755859375 860.2111206054688 1035.172607421875
v 1672.99365234375 865.1049194335938 1033.764404296875
v 1674.4002685546875 862.8992309570312 1033.7760009765625
v 1670.0068359375 861.3765869140625 1037.951171875
v 1667.23291015625 871.2214965820312 1035.1199951171875
v 1670.1055908203125 866.8136596679688 1035.1400146484375
v 1675.7615966796875 858.6826782226562 1034.8345947265625
v 1674.2518310546875 854.8073120117188 1037.9820556640625
v 1672.8936767578125 859.7083129882812 1036.5638427734375
v 1674.300537109375 857.513671875 1036.5748291015625
v 1675.1005859375 861.7964477539062 1033.781982421875
v 1675.050537109375 859.1111450195312 1035.1783447265625
v 1674.375 861.556396484375 1034.4736328125
v 1675.075439453125 860.4550170898438 1034.4794921875
v 1675.948486328125 859.0782470703125 1034.48681640625
v 1675.767822265625 859.0182495117188 1034.659912109375
v 1675.942138671875 858.7429809570312 1034.661376953125
v 1675.425048828125 859.904296875 1034.482421875
v 1675.4000244140625 858.5611572265625 1035.1812744140625
v 1675.06298828125 859.7833862304688 1034.8287353515625
v 1675.4124755859375 859.2330322265625 1034.8316650390625
v 1675.0010986328125 856.4163818359375 1036.580322265625
v 1674.3251953125 858.863525390625 1035.873046875
v 1675.0257568359375 857.764892578125 1035.878662109375
v 1675.78662109375 860.0239868164062 1034.136474609375
v 1675.824462890625 862.0313110351562 1033.092041015625
v 1672.5677490234375 840.568115234375 1046.50341796875
v 1666.6153564453125 833.1033935546875 1054.750244140625
v 1672.612060546875 843.3223876953125 1045.0728759765625
v 1669.818603515625 850.4072265625 1043.625732421875
v 1669.6422119140625 839.3378295898438 1049.3511962890625
v 1666.8575439453125 849.2015380859375 1046.4649658203125
v 1669.72900390625 844.8829956054688 1046.4835205078125
v 1660.92431640625 852.2457275390625 1049.2977294921875
v 1655.1104736328125 872.1615600585938 1043.5491943359375
v 1661.095458984375 863.4482421875 1043.5751953125
v 1672.58984375 841.9459228515625 1045.787841796875
v 1671.2418212890625 848.2387084960938 1043.6353759765625
v 1671.1522216796875 842.725341796875 1046.4932861328125
v 1669.7734375 847.6480102539062 1045.05322265625
v 1671.1966552734375 845.4849243164062 1045.0628662109375
v 1667.0390625 860.2689819335938 1040.7623291015625
v 1669.9111328125 855.9064331054688 1040.7806396484375
v 1672.5787353515625 841.2572021484375 1046.1455078125
v 1671.0654296875 837.1908569335938 1049.361328125
v 1669.6851806640625 842.11279296875 1047.916259765625
v 1671.1085205078125 839.96044921875 1047.92626953125
v 1669.48583984375 828.8472900390625 1054.771240234375
v 1666.6920166015625 838.3748168945312 1052.0391845703125
v 1669.5628662109375 834.098388671875 1052.0592041015625
v 1660.63037109375 830.984375 1060.1318359375
v 1654.803955078125 850.1685791015625 1054.6798095703125
v 1660.77294921875 841.6314697265625 1054.712158203125
v 1642.236328125 834.4993286132812 1070.80029296875
v 1629.90869140625 872.9378051757812 1060.00927734375
v 1642.4403076171875 856.2901611328125 1060.0384521484375
v 1671.9053955078125 844.403564453125 1045.06787109375
v 1671.8609619140625 841.6466674804688 1046.498291015625
v 1671.1744384765625 844.1057739257812 1045.77783203125
v 1671.883056640625 843.0258178710938 1045.78271484375
v 1672.584228515625 841.6016235351562 1045.9666748046875
v 1672.2366943359375 842.4859008789062 1045.7852783203125
v 1672.214599609375 841.107421875 1046.5008544921875
v 1671.8719482421875 842.33642578125 1046.1405029296875
v 1672.2255859375 841.7968139648438 1046.1429443359375
v 1671.8172607421875 838.884521484375 1047.9312744140625
v 1671.1302490234375 841.343505859375 1047.20947265625
v 1671.8389892578125 840.2662353515625 1047.2144775390625
v 1672.6009521484375 842.6343383789062 1045.4302978515625
v 1672.634521484375 844.6973266601562 1044.3587646484375
v 1672.702880859375 848.81298828125 1042.2210693359375
v 1672.5732421875 840.9127197265625 1046.324462890625
v 1666.5408935546875 827.8236694335938 1057.462646484375
v 1666.3299560546875 811.9678955078125 1065.5858154296875
v 1654.2008056640625 796.6193237304688 1081.5198974609375
v 1629.295654296875 763.084228515625 1112.856689453125
v 1578.427978515625 685.8765258789062 1175.0574951171875
v 1628.73095703125 632.0543823242188 1175.1873779296875
v 1669.4482421875 826.2183837890625 1056.1279296875
v 1669.4295654296875 824.9033203125 1056.8062744140625
v 1666.3983154296875 817.2526245117188 1062.8826904296875
v 1660.3687744140625 809.6939697265625 1070.91748046875
v 1654.5421142578125 828.6997680664062 1065.4979248046875
v 1660.4959716796875 820.330078125 1065.539306640625
v 1668.0546875 830.9747924804688 1054.760498046875
v 1667.97998046875 825.7052612304688 1057.4735107421875
v 1666.577880859375 830.4644165039062 1056.1064453125
v 1668.01708984375 828.3408813476562 1056.116943359375
v 1663.7109375 837.364990234375 1054.7305908203125
v 1663.56591796875 826.7594604492188 1060.1524658203125
v 1660.7005615234375 836.3104248046875 1057.4224853515625
v 1663.6373291015625 832.064697265625 1057.44189453125
v 1667.907470703125 820.4307861328125 1060.1856689453125
v 1666.5045166015625 825.1817626953125 1058.8187255859375
v 1667.9434814453125 823.0684204101562 1058.829833984375
v 1668.733642578125 827.279541015625 1056.1224365234375
v 1668.696533203125 824.646484375 1057.47900390625
v 1667.99853515625 827.0232543945312 1056.7952880859375
v 1668.7149658203125 825.9631958007812 1056.80078125
v 1668.659912109375 822.01220703125 1058.83544921875
v 1667.961669921875 824.386962890625 1058.1517333984375
v 1668.67822265625 823.3294677734375 1058.1573486328125
v 1669.0540771484375 824.1171264648438 1057.4818115234375
v 1669.03564453125 822.80078125 1058.16015625
v 1668.6873779296875 823.9879760742188 1057.8182373046875
v 1669.0447998046875 823.458984375 1057.821044921875
v 1663.4288330078125 816.1468505859375 1065.56201171875
v 1663.2991943359375 805.5531616210938 1070.9415283203125
v 1660.4315185546875 815.0082397460938 1068.233154296875
v 1663.3631591796875 810.8461303710938 1068.2564697265625
v 1660.13330078125 788.5072021484375 1081.56494140625
v 1654.3087158203125 807.2872314453125 1076.2125244140625
v 1660.2481689453125 799.08837890625 1076.2579345703125
v 1641.892578125 791.1752319335938 1091.986572265625
v 1629.62353515625 828.8216552734375 1081.3878173828125
v 1642.0556640625 812.8021850585938 1081.443359375
v 1664.8173828125 808.7664794921875 1068.2686767578125
v 1664.7529296875 803.484130859375 1070.953857421875
v 1663.3309326171875 808.1985473632812 1069.6002197265625
v 1664.784912109375 806.1242065429688 1069.612548828125
v 1660.3077392578125 804.3876342773438 1073.59228515625
v 1663.23681640625 800.268310546875 1073.6165771484375
v 1663.267822265625 802.9097900390625 1072.2801513671875
v 1664.7213134765625 800.8461303710938 1072.292724609375
v 1664.737060546875 802.1648559570312 1071.62353515625
v 1665.1151123046875 802.967041015625 1070.95703125
v 1665.0992431640625 801.6484375 1071.626708984375
v 1664.7449951171875 802.8244018554688 1071.288818359375
v 1665.107177734375 802.3076782226562 1071.2919921875
v 1664.0269775390625 804.5184936523438 1070.9476318359375
v 1663.99560546875 801.8778076171875 1072.286376953125
v 1663.283447265625 804.231201171875 1071.611083984375
v 1664.01123046875 803.1978759765625 1071.6173095703125
v 1661.8377685546875 807.6231689453125 1070.9293212890625
v 1661.7760009765625 802.32763671875 1073.604248046875
v 1660.338134765625 807.0398559570312 1072.256103515625
v 1661.806640625 804.9744262695312 1072.2679443359375
v 1657.4091796875 813.8366088867188 1070.8946533203125
v 1657.2918701171875 803.1879272460938 1076.234619140625
v 1654.36474609375 812.629638671875 1073.547119140625
v 1657.3497314453125 808.5087890625 1073.569091796875
v 1648.373291015625 826.2532958984375 1070.8338623046875
v 1648.170654296875 804.7230834960938 1081.479248046875
v 1642.1434326171875 823.6392211914062 1076.1363525390625
v 1648.269287109375 815.4765014648438 1076.171875
v 1665.5089111328125 805.0875244140625 1069.6187744140625
v 1664.768798828125 804.8038940429688 1070.2835693359375
v 1665.4927978515625 803.7684936523438 1070.289794921875
v 1665.2880859375 802.0493774414062 1071.2935791015625
v 1665.1031494140625 801.9780883789062 1071.4593505859375
v 1665.2840576171875 801.7197875976562 1071.4609375
v 1664.7291259765625 801.5054321289062 1071.958251953125
v 1665.09130859375 800.9893798828125 1071.96142578125
v 1664.7056884765625 799.52783203125 1072.961181640625
v 1660.1900634765625 793.7952270507812 1078.915283203125
v 1654.0977783203125 785.96826171875 1086.800048828125
v 1653.8094482421875 754.0469970703125 1102.5250244140625
v 1665.2860107421875 801.8845825195312 1071.377197265625
v 1665.2960205078125 802.7085571289062 1070.9586181640625
v 1665.111083984375 802.6373291015625 1071.12451171875
v 1665.2919921875 802.3789672851562 1071.1260986328125
v 1665.131103515625 804.2861328125 1070.28662109375
v 1664.7608642578125 804.1439208984375 1070.6187744140625
v 1665.123046875 803.6265258789062 1070.6219482421875
v 1664.0589599609375 807.1611938476562 1069.6063232421875
v 1663.3150634765625 806.8755493164062 1070.271240234375
v 1664.04296875 805.839599609375 1070.27734375
v 1661.901123046875 812.9268188476562 1068.24462890625
v 1660.4000244140625 812.3500366210938 1069.5765380859375
v 1661.8692626953125 810.27392578125 1069.5882568359375
v 1657.5330810546875 824.51513671875 1065.5179443359375
v 1654.4813232421875 823.3357543945312 1068.18994140625
v 1657.4703369140625 819.1721801757812 1068.2109375
v 1648.6004638671875 847.8796997070312 1060.0634765625
v 1642.3350830078125 845.3867797851562 1065.4320068359375
v 1648.4833984375 837.0582885742188 1065.4619140625
v 1665.09521484375 801.3189086914062 1071.7940673828125
v 1665.193603515625 801.8489379882812 1071.460205078125
v 1665.189697265625 801.5194091796875 1071.6275634765625
v 1665.1011962890625 801.813232421875 1071.5430908203125
v 1665.191650390625 801.6841430664062 1071.5438232421875
v 1664.9261474609375 802.5660400390625 1071.2904052734375
v 1664.918212890625 801.9066772460938 1071.6251220703125
v 1664.740966796875 802.49462890625 1071.4561767578125
v 1664.922119140625 802.236328125 1071.457763671875
v 1664.3902587890625 804.0012817382812 1070.9508056640625
v 1664.3743896484375 802.6813354492188 1071.6204833984375
v 1664.0191650390625 803.8580932617188 1071.2825927734375
v 1664.38232421875 803.3412475585938 1071.28564453125
v 1665.2835693359375 801.6786499023438 1071.48193359375
v 1665.2388916015625 801.7843627929688 1071.4605712890625
v 1665.23681640625 801.61962890625 1071.544189453125
v 1665.192626953125 801.7665405273438 1071.501953125
v 1665.2379150390625 801.7019653320312 1071.50244140625
v 1665.1976318359375 802.1785278320312 1071.292724609375
v 1665.1051025390625 802.1428833007812 1071.3756103515625
v 1665.195556640625 802.0137329101562 1071.37646484375
v 1665.2850341796875 801.8021850585938 1071.4190673828125
v 1665.2833251953125 801.6580200195312 1071.4923095703125
v 1665.261474609375 801.7520751953125 1071.4608154296875
v 1665.260498046875 801.6697387695312 1071.5025634765625
v 1665.2384033203125 801.7431640625 1071.4814453125
v 1665.260986328125 801.7108764648438 1071.481689453125
v 1665.2408447265625 801.9491577148438 1071.3768310546875
v 1665.194580078125 801.9313354492188 1071.4183349609375
v 1665.2398681640625 801.8667602539062 1071.418701171875
v 1665.259521484375 801.5873413085938 1071.54443359375
v 1665.2373046875 801.6607666015625 1071.5233154296875
v 1665.260009765625 801.6285400390625 1071.5235595703125
v 1665.23486328125 801.454833984375 1071.6279296875
v 1665.190673828125 801.6017456054688 1071.585693359375
v 1665.23583984375 801.5372314453125 1071.5860595703125
v 1665.09716796875 801.4837036132812 1071.71044921875
v 1665.187744140625 801.3546142578125 1071.711181640625
v 1664.9102783203125 801.2473754882812 1071.9598388671875
v 1664.733154296875 801.8351440429688 1071.7908935546875
v 1664.9141845703125 801.5770263671875 1071.79248046875
v 1664.358642578125 801.3619384765625 1072.28955078125
v 1664.00341796875 802.5377807617188 1071.951904296875
v 1664.3665771484375 802.0215454101562 1071.955078125
v 1663.9644775390625 799.2390747070312 1073.622802734375
v 1663.2523193359375 801.5888061523438 1072.9486083984375
v 1663.97998046875 800.5581665039062 1072.954833984375
v 1665.272216796875 801.6947631835938 1071.4818115234375
v 1665.271728515625 801.653564453125 1071.502685546875
v 1665.2607421875 801.6903076171875 1071.4921875
v 1665.27197265625 801.6741943359375 1071.4921875
v 1665.271240234375 801.6123657226562 1071.523681640625
v 1665.26025390625 801.6491088867188 1071.5130615234375
v 1665.271484375 801.6329956054688 1071.51318359375
v 1653.90283203125 764.6890258789062 1097.2978515625
v 1641.595458984375 747.9550170898438 1112.90234375
v 1629.398193359375 784.9808959960938 1102.41357421875
v 1641.7410888671875 769.57421875 1102.462158203125
v 1604.0948486328125 747.95166015625 1133.645751953125
v 1578.751708984375 820.639892578125 1112.850341796875
v 1604.172119140625 792.63330078125 1112.8133544921875
v 1656.970458984375 771.35693359375 1092.0780029296875
v 1653.9503173828125 770.0081176757812 1094.6796875
v 1656.9202880859375 766.0589599609375 1094.69921875
v 1647.9864501953125 783.2614135742188 1092.020263671875
v 1647.814697265625 761.81884765625 1102.491943359375
v 1641.8157958984375 780.374267578125 1097.2308349609375
v 1647.8994140625 772.5408325195312 1097.2625732421875
v 1658.4471435546875 769.371826171875 1092.08837890625
v 1656.9453125 768.7078857421875 1093.38916015625
v 1657.0732421875 781.9553833007812 1086.8212890625
v 1654.0477294921875 780.6469116210938 1089.431396484375
v 1657.0213623046875 776.6554565429688 1089.4521484375
v 1641.9722900390625 801.9827270507812 1086.7254638671875
v 1648.07666015625 793.9867553710938 1086.7606201171875
v 1658.498779296875 774.65966796875 1089.462890625
v 1656.9957275390625 774.0060424804688 1090.765625
v 1658.472900390625 772.0156860351562 1090.7762451171875
v 1657.6842041015625 767.718017578125 1093.3941650390625
v 1656.9327392578125 767.3834228515625 1094.0443115234375
v 1657.671630859375 766.3948364257812 1094.04931640625
v 1653.8558349609375 759.368896484375 1099.912841796875
v 1628.901123046875 675.6641235351562 1154.404052734375
v 1655.487548828125 773.3421020507812 1092.0677490234375
v 1655.4383544921875 768.0335693359375 1094.689453125
v 1653.974365234375 772.6676025390625 1093.3692626953125
v 1655.462890625 770.6878051757812 1093.379150390625
v 1651.0035400390625 779.2958984375 1092.03857421875
v 1650.911865234375 768.6163330078125 1097.27978515625
v 1647.942626953125 777.9009399414062 1094.643310546875
v 1650.957275390625 773.9560546875 1094.6610107421875
v 1653.763427734375 748.7223510742188 1105.1353759765625
v 1647.649169921875 740.3458251953125 1112.9298095703125
v 1641.66796875 758.7696533203125 1107.6845703125
v 1647.7315673828125 751.0892333984375 1107.712890625
v 1641.306884765625 704.546142578125 1133.7762451171875
v 1629.19384765625 741.1611328125 1123.287109375
v 1641.45068359375 726.2793579101562 1123.33642578125
v 1653.786376953125 751.3850708007812 1103.8304443359375
v 1650.822509765625 757.9341430664062 1102.5081787109375
v 1650.73486328125 747.24267578125 1107.728271484375
v 1647.77294921875 756.4553833007812 1105.103271484375
v 1650.778564453125 752.5899658203125 1105.118896484375
v 1654.552734375 753.0750122070312 1102.5294189453125
v 1654.5294189453125 750.41552734375 1103.834716796875
v 1653.7978515625 752.7161254882812 1103.1778564453125
v 1654.541015625 751.745361328125 1103.18212890625
v 1652.3187255859375 755.99072265625 1102.5164794921875
v 1652.273681640625 750.6563110351562 1105.1270751953125
v 1650.800537109375 755.2623901367188 1103.813720703125
v 1652.296142578125 753.3239135742188 1103.822021484375
v 1647.8568115234375 767.180419921875 1099.878662109375
v 1650.866943359375 763.2760009765625 1099.895263671875
v 1655.3419189453125 757.4149169921875 1099.921875
v 1653.8326416015625 756.708251953125 1101.21923828125
v 1655.3182373046875 754.75927734375 1101.2281494140625
v 1654.5062255859375 747.7553100585938 1105.1395263671875
v 1653.77490234375 750.0538330078125 1104.48291015625
v 1654.517822265625 749.0855102539062 1104.4871826171875
v 1650.6480712890625 736.5355224609375 1112.944580078125
v 1647.6903076171875 745.7196044921875 1110.3216552734375
v 1650.69140625 741.8914794921875 1110.3365478515625
v 1641.5230712890625 737.1251831054688 1118.1190185546875
v 1647.56689453125 729.5828247070312 1118.146728515625
v 1647.6080322265625 734.9669799804688 1115.5380859375
v 1641.3785400390625 715.4190673828125 1128.555419921875
v 1628.9951171875 697.447509765625 1144.0518798828125
v 1603.97216796875 659.3832397460938 1175.0986328125
v 1578.5128173828125 730.6862182617188 1154.26904296875
v 1604.0281982421875 703.7077026367188 1154.30126953125
v 1519.5001220703125 650.8424072265625 1216.7020263671875
v 1455.9915771484375 791.7291870117188 1175.356689453125
v 1519.7669677734375 740.7238159179688 1175.126220703125
v 1641.23681640625 693.7743530273438 1138.9459228515625
v 1644.3226318359375 700.8660278320312 1133.7926025390625
v 1641.271728515625 699.1614990234375 1136.36083984375
v 1635.2286376953125 711.8907470703125 1133.745849609375
v 1635.1099853515625 690.2337036132812 1144.0838623046875
v 1629.0435791015625 708.3298950195312 1138.88330078125
v 1635.1688232421875 701.066162109375 1138.9132080078125
v 1616.672607421875 733.702880859375 1133.673828125
v 1616.556640625 689.7877807617188 1154.3448486328125
v 1604.060302734375 725.8381958007812 1143.9610595703125
v 1616.61328125 711.7557373046875 1143.998291015625
v 1642.7803955078125 697.3286743164062 1136.369140625
v 1642.7442626953125 691.9481811523438 1138.95458984375
v 1641.2542724609375 696.4682006835938 1137.6533203125
v 1642.7623291015625 694.6387329101562 1137.6617431640625
v 1641.2021484375 688.3848876953125 1141.531982421875
v 1628.8126220703125 653.859375 1164.7833251953125
v 1578.1824951171875 509.2984924316406 1258.81005859375
v 1638.275390625 708.2214965820312 1133.7607421875
v 1638.2103271484375 697.423095703125 1138.92919921875
v 1635.1986083984375 706.4794921875 1136.3291015625
v 1638.24267578125 702.8234252929688 1136.3446044921875
v 1635.3511962890625 733.7369995117188 1123.3101806640625
v 1629.14306640625 730.187255859375 1128.5020751953125
v 1635.2896728515625 722.8189086914062 1128.5272216796875
v 1616.797607421875 778.0105590820312 1112.826171875
v 1604.13232421875 770.2896118164062 1123.232666015625
v 1616.734619140625 755.8623046875 1123.2515869140625
v 1643.533203125 696.4119262695312 1136.3734130859375
v 1643.5147705078125 693.7236328125 1137.6661376953125
v 1642.7713623046875 695.9838256835938 1137.015380859375
v 1643.5240478515625 695.06787109375 1137.0196533203125
v 1642.8167724609375 702.7066040039062 1133.7843017578125
v 1644.3037109375 698.1808471679688 1135.0849609375
v 1641.289306640625 701.8541259765625 1135.0684814453125
v 1642.798583984375 700.0180053710938 1135.07666015625
v 1644.399169921875 711.7108154296875 1128.570556640625
v 1641.3426513671875 709.9840698242188 1131.16552734375
v 1644.36083984375 706.2900390625 1131.1812744140625
v 1643.5194091796875 694.3958129882812 1137.3428955078125
v 1642.7532958984375 693.2935791015625 1138.3082275390625
v 1641.219482421875 691.0798950195312 1140.2388916015625
v 1638.1463623046875 686.6162109375 1144.1009521484375
v 1635.1392822265625 695.6508178710938 1141.498046875
v 1638.17822265625 692.0206298828125 1141.5146484375
v 1634.995849609375 668.5488891601562 1154.4385986328125
v 1628.947509765625 686.5587768554688 1149.22509765625
v 1635.05224609375 679.3942260742188 1149.2586669921875
v 1628.856201171875 664.7639770507812 1159.58984375
v 1634.9410400390625 657.6986083984375 1159.6243896484375
v 1616.454833984375 645.7967529296875 1175.1378173828125
v 1603.998779296875 681.550048828125 1164.68115234375
v 1616.5035400390625 667.7949829101562 1164.7254638671875
v 1603.8956298828125 571.5745239257812 1216.7562255859375
v 1578.3572998046875 641.2281494140625 1195.935546875
v 1603.927734375 615.2155151367188 1195.967529296875
v 1634.96826171875 663.1243286132812 1157.03076171875
v 1628.7708740234375 642.9545288085938 1169.9830322265625
v 1631.8109130859375 639.4758911132812 1169.998291015625
v 1628.7506103515625 637.5035400390625 1172.5848388671875
v 1616.3736572265625 601.9620971679688 1195.9896240234375
v 1603.948486328125 637.2552490234375 1185.534423828125
v 1616.4112548828125 623.8372802734375 1185.565185546875
v 1622.6837158203125 660.8455810546875 1164.7528076171875
v 1622.6192626953125 638.9412841796875 1175.1614990234375
v 1616.4786376953125 656.7938232421875 1169.9287109375
v 1622.6507568359375 649.8912353515625 1169.9544677734375
v 1631.857177734375 650.3551635742188 1164.7996826171875
v 1628.79150390625 648.4066772460938 1167.382568359375
v 1631.833740234375 644.9152221679688 1167.3983154296875
v 1630.2926025390625 641.2159423828125 1169.9906005859375
v 1630.271240234375 635.7713623046875 1172.592041015625
v 1628.7607421875 640.2288818359375 1171.2838134765625
v 1630.2818603515625 638.4934692382812 1171.2911376953125
v 1625.7174072265625 646.4266357421875 1169.968505859375
v 1625.6817626953125 635.5012817382812 1175.1741943359375
v 1622.634765625 644.4154052734375 1172.5574951171875
v 1625.6993408203125 640.9630737304688 1172.57080078125
v 1622.5615234375 617.0758666992188 1185.5831298828125
v 1616.432373046875 634.809326171875 1180.350830078125
v 1622.5894775390625 628.0010375976562 1180.3717041015625
v 1631.822265625 642.1954345703125 1168.6982421875
v 1631.0411376953125 637.625244140625 1171.294921875
v 1631.0302734375 634.90478515625 1172.595703125
v 1630.2764892578125 637.1323852539062 1171.9415283203125
v 1631.0357666015625 636.2649536132812 1171.9453125
v 1630.25048828125 630.3286743164062 1175.1942138671875
v 1628.74072265625 634.7786865234375 1173.885986328125
v 1630.2608642578125 633.0497436523438 1173.89306640625
v 1616.3916015625 612.8863525390625 1190.77880859375
v 1622.53564453125 606.1712036132812 1190.7938232421875
v 1603.91015625 593.3134155273438 1206.3778076171875
v 1616.3427734375 580.2166748046875 1206.393310546875
v 1578.2364501953125 553.24755859375 1237.6373291015625
v 1603.8748779296875 528.1052856445312 1237.665771484375
v 1519.1016845703125 473.1488342285156 1301.64794921875
v 1456.085205078125 611.2003173828125 1258.835693359375
v 1519.28955078125 561.6683959960938 1258.77734375
v 1616.3572998046875 591.0703125 1201.195068359375
v 1619.4307861328125 587.7601928710938 1201.199951171875
v 1616.349853515625 585.6383666992188 1203.7952880859375
v 1619.422119140625 582.3388671875 1203.7996826171875
v 1616.330078125 569.4033203125 1211.58349609375
v 1603.8839111328125 549.81494140625 1227.1951904296875
v 1610.17919921875 608.6051025390625 1195.9781494140625
v 1610.1563720703125 586.7781982421875 1206.385498046875
v 1603.9185791015625 604.244140625 1201.1768798828125
v 1610.167236328125 597.6719360351562 1201.185791015625
v 1591.2510986328125 628.3156127929688 1195.9493408203125
v 1591.2159423828125 584.4244995117188 1216.742919921875
v 1578.3251953125 619.096923828125 1206.3502197265625
v 1591.23291015625 606.284912109375 1206.36328125
v 1549.429443359375 713.9540405273438 1175.067138671875
v 1549.1248779296875 624.5843505859375 1216.7073974609375
v 1519.622802734375 695.5264282226562 1195.93798828125
v 1549.265380859375 668.9911499023438 1195.9227294921875
v 1619.4180908203125 579.6318969726562 1205.0987548828125
v 1616.336181640625 574.8052368164062 1208.9891357421875
v 1610.138427734375 565.1098022460938 1216.7626953125
v 1603.9024658203125 582.4257202148438 1211.5697021484375
v 1610.1468505859375 575.9263305664062 1211.5765380859375
v 1619.4200439453125 580.9850463867188 1204.44921875
v 1617.8878173828125 583.9893188476562 1203.7974853515625
v 1617.8802490234375 578.57275390625 1206.395263671875
v 1616.34619140625 582.9262084960938 1205.0946044921875
v 1617.8839111328125 581.2797241210938 1205.0966796875
v 1613.26953125 594.3744506835938 1201.1904296875
v 1613.2569580078125 583.5004272460938 1206.389404296875
v 1610.16162109375 592.2197875976562 1203.7867431640625
v 1613.2630615234375 588.9322509765625 1203.791015625
v 1619.4263916015625 585.04833984375 1202.5
v 1619.44970703125 598.6302490234375 1195.99560546875
v 1616.365234375 596.5118408203125 1198.5931396484375
v 1619.43994140625 593.1908569335938 1198.5985107421875
v 1619.416015625 578.2794189453125 1205.748046875
v 1619.4169921875 578.95556640625 1205.4234619140625
v 1618.6514892578125 580.4559936523438 1205.09765625
v 1618.6475830078125 577.7503051757812 1206.396240234375
v 1617.882080078125 579.9259033203125 1205.7459716796875
v 1618.6495361328125 579.102783203125 1205.7470703125
v 1617.8731689453125 573.1663818359375 1208.990966796875
v 1616.3394775390625 577.5097045898438 1207.6915283203125
v 1617.8765869140625 575.8683471679688 1207.693359375
v 1613.2459716796875 572.66748046875 1211.580078125
v 1610.1514892578125 581.3473510742188 1208.98193359375
v 1613.251220703125 578.0791015625 1208.985595703125
v 1619.6085205078125 578.7495727539062 1205.4237060546875
v 1619.41650390625 578.6174926757812 1205.585693359375
v 1619.6080322265625 578.4115600585938 1205.5859375
v 1619.0347900390625 580.0440063476562 1205.09814453125
v 1619.0328369140625 578.691162109375 1205.74755859375
v 1618.6505126953125 579.779296875 1205.42236328125
v 1619.0338134765625 579.3674926757812 1205.4228515625
v 1618.6553955078125 583.1642456054688 1203.798583984375
v 1617.8858642578125 582.6341552734375 1204.4471435546875
v 1618.6534423828125 581.8097534179688 1204.4481201171875
v 1617.8958740234375 589.4159545898438 1201.197509765625
v 1616.353515625 588.3531494140625 1202.4954833984375
v 1617.8917236328125 586.701416015625 1202.4976806640625
v 1619.6082763671875 578.58056640625 1205.5048828125
v 1619.6094970703125 579.4258422851562 1205.0989990234375
v 1619.41748046875 579.293701171875 1205.2611083984375
v 1619.6090087890625 579.0877075195312 1205.2613525390625
v 1619.8031005859375 580.5725708007812 1204.4498291015625
v 1619.4190673828125 580.3084106445312 1204.7740478515625
v 1619.802001953125 579.8961181640625 1204.7745361328125
v 1619.608154296875 578.4960327148438 1205.54541015625
v 1619.0308837890625 577.3389892578125 1206.396728515625
v 1618.6485595703125 578.4264526367188 1206.0716552734375
v 1619.0318603515625 578.0149536132812 1206.0721435546875
v 1618.6439208984375 575.0471801757812 1207.6943359375
v 1617.87841796875 577.22021484375 1207.04443359375
v 1618.645751953125 576.3984375 1207.04541015625
v 1619.5128173828125 578.8526000976562 1205.423583984375
v 1619.5123291015625 578.5145263671875 1205.5858154296875
v 1619.416748046875 578.7864990234375 1205.5045166015625
v 1619.5125732421875 578.6835327148438 1205.504638671875
v 1619.2254638671875 579.1615600585938 1205.423095703125
v 1619.2244873046875 578.4852905273438 1205.747802734375
v 1619.0333251953125 579.029296875 1205.585205078125
v 1619.2249755859375 578.8233642578125 1205.58544921875
v 1619.632080078125 578.4702758789062 1205.54541015625
v 1619.6080322265625 578.4537963867188 1205.565673828125
v 1619.6319580078125 578.4280395507812 1205.565673828125
v 1619.60791015625 578.3270263671875 1205.6265869140625
v 1619.51171875 578.1764526367188 1205.7481689453125
v 1619.416259765625 578.4484252929688 1205.6668701171875
v 1619.5120849609375 578.345458984375 1205.6669921875
v 1619.5604248046875 578.632080078125 1205.5047607421875
v 1619.5601806640625 578.4630126953125 1205.5859375
v 1619.512451171875 578.5989990234375 1205.5452880859375
v 1619.560302734375 578.5475463867188 1205.5452880859375
v 1619.632080078125 578.4491577148438 1205.5555419921875
v 1619.6322021484375 578.5548095703125 1205.5048828125
v 1619.608154296875 578.538330078125 1205.525146484375
v 1619.6322021484375 578.5125732421875 1205.525146484375
v 1619.6563720703125 578.6981201171875 1205.4237060546875
v 1619.6083984375 578.6651000976562 1205.4642333984375
v 1619.65625 578.6135864257812 1205.46435546875
v 1619.6087646484375 578.9186401367188 1205.342529296875
v 1619.6380615234375 578.4427490234375 1205.5555419921875
v 1619.632080078125 578.4385986328125 1205.5606689453125
v 1619.60791015625 578.3692626953125 1205.6063232421875
v 1619.5599365234375 578.2940063476562 1205.6671142578125
v 1619.51220703125 578.4299926757812 1205.62646484375
v 1619.56005859375 578.3784790039062 1205.62646484375
v 1619.6201171875 578.483154296875 1205.54541015625
v 1619.6199951171875 578.44091796875 1205.565673828125
v 1619.608154296875 578.4749145507812 1205.5555419921875
v 1619.6201171875 578.4620361328125 1205.5555419921875
v 1619.584228515625 578.5217895507812 1205.54541015625
v 1619.5841064453125 578.437255859375 1205.5859375
v 1619.5601806640625 578.5052490234375 1205.565673828125
v 1619.5841064453125 578.4795532226562 1205.565673828125
v 1619.635009765625 578.4459838867188 1205.5555419921875
v 1619.635009765625 578.4353637695312 1205.5606689453125
v 1619.632080078125 578.4439086914062 1205.55810546875
v 1619.635009765625 578.440673828125 1205.55810546875
v 1619.6260986328125 578.4556274414062 1205.5555419921875
v 1619.6259765625 578.4345092773438 1205.565673828125
v 1619.6201171875 578.4514770507812 1205.5606689453125
v 1619.6260986328125 578.445068359375 1205.5606689453125
v 1619.6199951171875 578.398681640625 1205.5860595703125
v 1619.6080322265625 578.4326782226562 1205.5758056640625
v 1619.6199951171875 578.4197998046875 1205.5758056640625
v 1619.6380615234375 578.4638671875 1205.54541015625
v 1619.632080078125 578.459716796875 1205.550537109375
v 1619.6380615234375 578.4533081054688 1205.550537109375
v 1619.6441650390625 578.4996948242188 1205.525146484375
v 1619.632080078125 578.491455078125 1205.5352783203125
v 1619.64404296875 578.4785766601562 1205.5352783203125
v 1619.635009765625 578.4248046875 1205.5657958984375
v 1619.632080078125 578.433349609375 1205.563232421875
v 1619.635009765625 578.4301147460938 1205.563232421875
v 1610.125 543.4178466796875 1227.2020263671875
v 1603.8895263671875 560.6843872070312 1221.9739990234375
v 1610.1312255859375 554.2537841796875 1221.9805908203125
v 1591.184814453125 540.7219848632812 1237.651123046875
v 1578.264892578125 575.16748046875 1227.168212890625
v 1591.1998291015625 562.5473022460938 1227.1815185546875
v 1548.8873291015625 536.0684814453125 1258.7862548828125
v 1519.3900146484375 606.2935791015625 1237.6090087890625
v 1549.0 580.3609619140625 1237.6142578125
v 1610.1279296875 548.8338012695312 1224.590576171875
v 1603.879150390625 538.9579467773438 1232.42431640625
v 1578.1322021484375 465.333251953125 1280.273681640625
v 1610.122314453125 538.0048828125 1229.8154296875
v 1611.6751708984375 541.81591796875 1227.2037353515625
v 1610.1236572265625 540.7110595703125 1228.5084228515625
v 1607.0126953125 546.6185913085938 1227.1986083984375
v 1607.0076904296875 535.7778930664062 1232.4278564453125
v 1603.8814697265625 544.3853759765625 1229.8084716796875
v 1607.0101318359375 541.1972045898438 1229.81201171875
v 1597.5760498046875 556.192626953125 1227.1883544921875
v 1597.565185546875 534.4222412109375 1237.658447265625
v 1591.1922607421875 551.6324462890625 1232.41015625
v 1597.5704345703125 545.3052368164062 1232.417236328125
v 1591.15771484375 496.9677734375 1258.8236083984375
v 1578.208984375 531.309814453125 1248.1744384765625
v 1591.1707763671875 518.8801879882812 1248.1883544921875
v 1611.67822265625 547.2275390625 1224.5921630859375
v 1610.12646484375 546.1253662109375 1225.8961181640625
v 1611.6766357421875 544.5213012695312 1225.897705078125
v 1607.0184326171875 557.4716186523438 1221.977294921875
v 1603.8865966796875 555.24755859375 1224.5838623046875
v 1607.015380859375 552.0430908203125 1224.5872802734375
v 1597.5885009765625 578.01416015625 1216.74951171875
v 1591.207763671875 573.4751586914062 1221.960693359375
v 1597.58203125 567.0928344726562 1221.9674072265625
v 1610.9005126953125 542.6170043945312 1227.202880859375
v 1610.899169921875 539.9112548828125 1228.50927734375
v 1610.124267578125 542.0643310546875 1227.8551025390625
v 1610.8997802734375 541.2640380859375 1227.85595703125
v 1608.57080078125 545.0187377929688 1227.2003173828125
v 1608.5682373046875 539.6015014648438 1229.813720703125
v 1607.0113525390625 543.9075927734375 1228.5050048828125
v 1608.5694580078125 542.309814453125 1228.5067138671875
v 1597.5556640625 512.6359252929688 1248.19580078125
v 1597.5474853515625 490.7807922363281 1258.83056640625
v 1591.1640625 507.9324645996094 1253.4935302734375
v 1597.5513916015625 501.71661376953125 1253.5008544921875
v 1591.134033203125 453.2057800292969 1280.2845458984375
v 1578.156982421875 487.26995849609375 1269.5244140625
v 1591.1455078125 475.04052734375 1269.5367431640625
v 1548.6800537109375 448.2159423828125 1301.6787109375
v 1519.1947021484375 517.0216064453125 1280.2232666015625
v 1548.7822265625 491.7477111816406 1280.24658203125
v 1518.7789306640625 306.9194641113281 1387.2208251953125
v 1456.0032958984375 437.1376037597656 1343.6427001953125
v 1518.9248046875 389.7103576660156 1343.656494140625
v 1591.1514892578125 485.99932861328125 1264.173095703125
v 1597.5438232421875 479.84149169921875 1264.1796875
v 1597.5421142578125 474.3747253417969 1266.85986328125
v 1591.1396484375 464.1048583984375 1274.9090576171875
v 1578.1082763671875 443.5976257324219 1291.0142822265625
v 1578.0421142578125 381.0690002441406 1322.526123046875
v 1594.3568115234375 482.9210205078125 1264.1763916015625
v 1594.3521728515625 471.9765319824219 1269.539794921875
v 1591.1484375 480.51788330078125 1266.853515625
v 1594.3544921875 477.44671630859375 1266.856689453125
v 1584.6998291015625 503.1429748535156 1258.816650390625
v 1584.6812744140625 481.1626892089844 1269.5306396484375
v 1578.169677734375 498.2795715332031 1264.16015625
v 1584.6904296875 492.1481018066406 1264.16650390625
v 1563.612060546875 522.79296875 1258.7967529296875
v 1563.5306396484375 478.63897705078125 1280.2603759765625
v 1548.8341064453125 513.8636474609375 1269.498779296875
v 1563.57080078125 500.6707763671875 1269.510986328125
v 1595.9505615234375 475.9107666015625 1266.8582763671875
v 1595.9486083984375 470.44427490234375 1269.541259765625
v 1594.353271484375 474.71099853515625 1268.197998046875
v 1595.9495849609375 473.1769104003906 1268.199462890625
v 1591.142578125 469.5689697265625 1272.22216796875
v 1594.3499755859375 466.51214599609375 1272.22509765625
v 1584.66357421875 459.2746887207031 1280.279296875
v 1578.14453125 476.2832946777344 1274.8974609375
v 1584.67236328125 470.20037841796875 1274.9033203125
v 1596.7469482421875 475.1427307128906 1266.8590087890625
v 1596.7459716796875 472.4098205566406 1268.2001953125
v 1595.9500732421875 474.543701171875 1267.52880859375
v 1596.7464599609375 473.7761535644531 1267.529541015625
v 1595.95263671875 481.38134765625 1264.1781005859375
v 1597.54296875 477.1076965332031 1265.5194091796875
v 1594.3555908203125 480.1834716796875 1265.51611328125
v 1595.95166015625 478.6456604003906 1265.517822265625
v 1594.361572265625 493.8752746582031 1258.8270263671875
v 1597.545654296875 485.3107604980469 1261.5030517578125
v 1591.154541015625 491.4831848144531 1261.4962158203125
v 1594.359130859375 488.39776611328125 1261.4996337890625
v 1596.7451171875 469.67816162109375 1269.5419921875
v 1595.9490966796875 471.8104248046875 1268.870361328125
v 1596.74560546875 471.0438232421875 1268.87109375
v 1594.35107421875 469.2434997558594 1270.8822021484375
v 1595.9476318359375 467.7131042480469 1270.8836669921875
v 1597.143798828125 472.02630615234375 1268.2005615234375
v 1596.745849609375 471.7267761230469 1268.53564453125
v 1597.1435546875 471.3433837890625 1268.5360107421875
v 1597.1436767578125 471.684814453125 1268.3682861328125
v 1597.1441650390625 473.3923645019531 1267.5299072265625
v 1596.7462158203125 473.09295654296875 1267.8648681640625
v 1597.14404296875 472.70928955078125 1267.865234375
v 1597.2430419921875 471.5889587402344 1268.368408203125
v 1597.1435546875 471.51409912109375 1268.4521484375
v 1597.2430419921875 471.4182434082031 1268.4522705078125
v 1596.745361328125 470.3609619140625 1269.20654296875
v 1595.9481201171875 469.0785217285156 1270.21240234375
v 1596.9449462890625 472.21807861328125 1268.200439453125
v 1596.9447021484375 471.53509521484375 1268.5357666015625
v 1596.745849609375 472.06829833984375 1268.367919921875
v 1596.94482421875 471.8765563964844 1268.3681640625
v 1596.3480224609375 472.7933654785156 1268.1998291015625
v 1596.3475341796875 471.4271240234375 1268.8707275390625
v 1595.9493408203125 472.4936218261719 1268.534912109375
v 1596.3477783203125 472.1101989746094 1268.5352783203125
v 1595.1519775390625 473.9439697265625 1268.19873046875
v 1595.1510009765625 471.2104187011719 1269.54052734375
v 1594.3526611328125 473.3435974121094 1268.8687744140625
v 1595.1514892578125 472.5770263671875 1268.8695068359375
v 1592.753662109375 478.98248291015625 1266.8551025390625
v 1592.7510986328125 473.5086669921875 1269.538330078125
v 1591.14697265625 477.778564453125 1268.19482421875
v 1592.7523193359375 476.24493408203125 1268.1964111328125
v 1587.928955078125 489.0753479003906 1264.1697998046875
v 1587.9215087890625 478.1029357910156 1269.53369140625
v 1584.685791015625 486.6533508300781 1266.84716796875
v 1587.9251708984375 483.58709716796875 1266.850341796875
v 1597.2430419921875 471.50360107421875 1268.4102783203125
v 1597.2431640625 471.930419921875 1268.20068359375
v 1597.1436767578125 471.8555603027344 1268.284423828125
v 1597.2431640625 471.7596740722656 1268.2845458984375
v 1597.3427734375 472.5174865722656 1267.865478515625
v 1597.1439208984375 472.3677978515625 1268.032958984375
v 1597.3426513671875 472.1759948730469 1268.0330810546875
v 1597.2430419921875 471.4609069824219 1268.4312744140625
v 1596.9444580078125 470.8521728515625 1268.8712158203125
v 1596.7457275390625 471.38531494140625 1268.703369140625
v 1596.944580078125 471.1936340332031 1268.7034912109375
v 1597.193359375 471.63690185546875 1268.368408203125
v 1597.193359375 471.4661560058594 1268.4522705078125
v 1597.1436767578125 471.5994567871094 1268.4102783203125
v 1597.193359375 471.5515441894531 1268.4102783203125
v 1597.0443115234375 471.78070068359375 1268.3681640625
v 1597.044189453125 471.4392395019531 1268.535888671875
v 1596.94482421875 471.705810546875 1268.4520263671875
v 1597.044189453125 471.6099548339844 1268.4520263671875
v 1597.2430419921875 471.4395751953125 1268.4417724609375
v 1597.1932373046875 471.2954406738281 1268.5360107421875
v 1597.1435546875 471.4287414550781 1268.494140625
v 1597.1932373046875 471.38079833984375 1268.494140625
v 1597.2181396484375 471.5275573730469 1268.4102783203125
v 1597.2181396484375 471.44219970703125 1268.4522705078125
v 1597.193359375 471.50885009765625 1268.4312744140625
v 1597.2181396484375 471.4848937988281 1268.4312744140625
v 1597.249267578125 471.43359375 1268.4417724609375
v 1597.2430419921875 471.42889404296875 1268.447021484375
v 1597.249267578125 471.42291259765625 1268.447021484375
v 1597.2430419921875 471.39691162109375 1268.4627685546875
v 1597.2181396484375 471.3568420410156 1268.494140625
v 1597.1932373046875 471.4234924316406 1268.47314453125
v 1597.2181396484375 471.3995361328125 1268.47314453125
v 1597.2305908203125 471.472900390625 1268.4312744140625
v 1597.2305908203125 471.4302062988281 1268.4522705078125
v 1597.2181396484375 471.4635314941406 1268.4417724609375
v 1597.2305908203125 471.4515686035156 1268.4417724609375
v 1597.2430419921875 471.4075622558594 1268.45751953125
v 1597.2305908203125 471.3875427246094 1268.4732666015625
v 1597.2181396484375 471.4208679199219 1268.4627685546875
v 1597.2305908203125 471.40887451171875 1268.4627685546875
v 1591.13134765625 447.774169921875 1282.9718017578125
v 1584.6466064453125 437.58758544921875 1291.0191650390625
v 1578.1202392578125 454.4334716796875 1285.6478271484375
v 1584.655029296875 448.39923095703125 1285.653076171875
v 1563.4522705078125 435.2814636230469 1301.6929931640625
v 1548.7310791015625 469.8302001953125 1290.98681640625
v 1563.4912109375 456.8074645996094 1291.00146484375
v 1548.4869384765625 365.5035400390625 1343.66943359375
v 1519.0113525390625 431.3231506347656 1322.48583984375
v 1548.5814208984375 406.74822998046875 1322.5091552734375
v 1591.1326904296875 450.4883117675781 1281.6282958984375
v 1587.906982421875 456.240966796875 1280.281982421875
v 1587.900146484375 445.37841796875 1285.655517578125
v 1584.6593017578125 453.829833984375 1282.966796875
v 1587.903564453125 450.8025817871094 1282.9693603515625
v 1591.1368408203125 458.64990234375 1277.5968017578125
v 1584.6304931640625 416.2053527832031 1301.7083740234375
v 1578.0966796875 432.8393859863281 1296.3675537109375
v 1584.638427734375 426.8533020019531 1296.3719482421875
v 1578.0631103515625 401.5307922363281 1312.104736328125
v 1584.6424560546875 432.2099304199219 1293.697509765625
v 1587.89013671875 429.2082824707031 1293.6995849609375
v 1584.6343994140625 421.5188903808594 1299.0419921875
v 1578.073974609375 411.8201599121094 1306.90576171875
v 1563.3778076171875 393.9931640625 1322.51904296875
v 1548.6304931640625 427.396240234375 1312.0828857421875
v 1563.4146728515625 414.5503234863281 1312.0953369140625
v 1581.3648681640625 419.1875915527344 1301.70654296875
v 1581.3555908203125 408.851318359375 1306.9075927734375
v 1578.07958984375 416.98577880859375 1304.305908203125
v 1581.3602294921875 414.0112609863281 1304.307861328125
v 1570.7930908203125 428.73992919921875 1301.6990966796875
v 1570.76318359375 408.05487060546875 1312.1004638671875
v 1563.433349609375 424.8868713378906 1306.895263671875
v 1570.778076171875 418.3683166503906 1306.9010009765625
v 1582.9952392578125 412.5232238769531 1304.3087158203125
v 1582.9910888671875 407.3661193847656 1306.908447265625
v 1581.35791015625 411.4293518066406 1305.60791015625
v 1582.9931640625 409.9427490234375 1305.6087646484375
v 1581.346435546875 398.5732116699219 1312.1063232421875
v 1578.068603515625 406.66912841796875 1309.505126953125
v 1581.3509521484375 403.70587158203125 1309.5068359375
v 1578.052490234375 391.28521728515625 1317.3089599609375
v 1581.353271484375 406.2768859863281 1308.207275390625
v 1582.989013671875 404.79315185546875 1308.2080078125
v 1582.989990234375 406.0791931152344 1307.5582275390625
v 1578.057861328125 396.4034423828125 1314.705810546875
v 1570.734130859375 387.54461669921875 1322.5230712890625
v 1563.3961181640625 404.25726318359375 1317.30078125
v 1570.74853515625 397.78515625 1317.3052978515625
v 1563.3077392578125 352.93695068359375 1343.6741943359375
v 1548.533447265625 386.1557922363281 1333.01806640625
v 1563.3421630859375 373.4938659667969 1333.025146484375
v 1548.3251953125 283.4373779296875 1387.227783203125
v 1518.8460693359375 347.90899658203125 1365.384033203125
v 1548.4002685546875 324.06707763671875 1365.392822265625
v 1518.6552734375 130.77000427246094 1489.595947265625
v 1455.9793701171875 262.3988037109375 1437.3204345703125
v 1518.68115234375 217.49375915527344 1437.296875
v 1578.0472412109375 386.1743469238281 1319.91552734375
v 1579.69677734375 389.8122863769531 1317.3096923828125
v 1578.0499267578125 388.7289733886719 1318.61181640625
v 1574.4075927734375 394.5377197265625 1317.3072509765625
v 1574.3951416015625 384.3092346191406 1322.524658203125
v 1570.7413330078125 392.6621398925781 1319.912109375
v 1574.4012451171875 389.42071533203125 1319.9139404296875
v 1570.7061767578125 367.09326171875 1333.0279541015625
v 1563.35986328125 383.7435607910156 1327.758056640625
v 1570.719970703125 377.3188171386719 1327.7613525390625
v 1579.70166015625 394.9277038574219 1314.70654296875
v 1578.05517578125 393.8432922363281 1316.007080078125
v 1579.69921875 392.36895751953125 1316.0078125
v 1574.420166015625 404.7955017089844 1312.102783203125
v 1570.755859375 402.91546630859375 1314.7017822265625
v 1574.413818359375 399.66204833984375 1314.703857421875
v 1578.044677734375 383.62109375 1321.22021484375
v 1574.3829345703125 374.0956115722656 1327.7626953125
v 1570.72705078125 382.4307861328125 1325.13916015625
v 1574.3890380859375 379.20147705078125 1325.140625
v 1574.37109375 363.88238525390625 1333.0289306640625
v 1570.7130126953125 372.2069091796875 1330.390625
v 1574.376953125 368.9898376464844 1330.391845703125
v 1563.32470703125 363.2295837402344 1338.328125
v 1570.692626953125 356.85345458984375 1338.330322265625
v 1563.244384765625 311.6957092285156 1365.39501953125
v 1548.4425048828125 344.7619323730469 1354.481689453125
v 1563.2750244140625 332.29254150390625 1354.48486328125
v 1576.2093505859375 372.4821472167969 1327.7633056640625
v 1574.3800048828125 371.5428466796875 1329.0762939453125
v 1576.20654296875 369.930908203125 1329.076904296875
v 1574.3740234375 366.4364318847656 1331.7093505859375
v 1570.6993408203125 361.9760437011719 1335.6741943359375
v 1575.293701171875 370.73699951171875 1329.07666015625
v 1575.2908935546875 368.1847839355469 1330.39208984375
v 1574.3785400390625 370.2663879394531 1329.73388671875
v 1575.2923583984375 369.4609375 1329.734130859375
v 1572.5531005859375 375.7079162597656 1327.7620849609375
v 1572.546630859375 370.5990905761719 1330.3912353515625
v 1570.716552734375 374.7629699707031 1329.0750732421875
v 1572.5499267578125 373.1535949707031 1329.07568359375
v 1567.044921875 380.5354309082031 1327.759765625
v 1567.0291748046875 370.2977600097656 1333.026611328125
v 1563.3509521484375 378.61962890625 1330.3875732421875
v 1567.0369873046875 375.41748046875 1330.38916015625
v 1555.988525390625 400.3994445800781 1322.514404296875
v 1555.9459228515625 379.8532409667969 1333.0218505859375
v 1548.557373046875 396.45233154296875 1327.74951171875
v 1555.967041015625 390.12652587890625 1327.7540283203125
v 1533.77587890625 419.21240234375 1322.4976806640625
v 1533.6739501953125 377.7830810546875 1343.6632080078125
v 1518.96728515625 410.5468444824219 1333.00048828125
v 1533.72412109375 398.5281677246094 1333.0093994140625
v 1488.8131103515625 497.2364807128906 1301.62353515625
v 1488.7518310546875 413.1191101074219 1343.645263671875
v 1456.020263671875 479.35089111328125 1322.460693359375
v 1488.780517578125 455.072509765625 1322.4664306640625
v 1375.98779296875 575.6094360351562 1301.6671142578125
v 1375.835205078125 405.9841003417969 1387.153076171875
v 1297.44140625 535.4039306640625 1343.776123046875
v 1375.9132080078125 490.452392578125 1343.68115234375
v 1575.750244140625 370.333984375 1329.0767822265625
v 1575.7489013671875 369.05810546875 1329.7342529296875
v 1575.29296875 370.0989685058594 1329.4052734375
v 1575.74951171875 369.696044921875 1329.4053955078125
v 1575.296630859375 373.28900146484375 1327.7630615234375
v 1574.3814697265625 372.8192443847656 1328.4193115234375
v 1575.295166015625 372.01300048828125 1328.4195556640625
v 1576.21484375 377.5849304199219 1325.141357421875
v 1574.385986328125 376.6484069824219 1326.450927734375
v 1576.2120361328125 375.0334167480469 1326.4515380859375
v 1575.7474365234375 367.78216552734375 1330.3922119140625
v 1575.2916259765625 368.8228759765625 1330.0631103515625
v 1575.7481689453125 368.420166015625 1330.063232421875
v 1575.2880859375 365.6321716308594 1331.7095947265625
v 1574.37548828125 367.71319580078125 1331.05029296875
v 1575.2894287109375 366.9085388183594 1331.050537109375
v 1572.540283203125 365.4884948730469 1333.0284423828125
v 1570.7095947265625 369.6504211425781 1331.708251953125
v 1572.54345703125 368.04412841796875 1331.708740234375
v 1563.2911376953125 342.618408203125 1349.0626220703125
v 1566.98388671875 339.45928955078125 1349.0633544921875
v 1566.9696044921875 329.1460266113281 1354.4853515625
v 1563.2830810546875 337.4551696777344 1351.7701416015625
v 1566.9766845703125 334.3023681640625 1351.770751953125
v 1563.259521484375 321.9785461425781 1359.9320068359375
v 1548.361083984375 303.57391357421875 1376.3319091796875
v 1518.7203369140625 261.880615234375 1411.990478515625
v 1548.2576904296875 238.8040008544922 1411.9886474609375
v 1555.9046630859375 359.2481994628906 1343.6719970703125
v 1555.8653564453125 338.5545654296875 1354.4835205078125
v 1548.4644775390625 355.1365966796875 1349.0587158203125
v 1555.884765625 348.9051513671875 1349.0609130859375
v 1533.580322265625 336.1604309082031 1365.3890380859375
v 1518.8841552734375 368.7856750488281 1354.471435546875
v 1533.6258544921875 356.9483642578125 1354.4769287109375
v 1488.7130126953125 329.6952819824219 1387.208251953125
v 1455.9903564453125 394.7801818847656 1365.362548828125
v 1488.728759765625 370.99859619140625 1365.3726806640625
v 1568.8265380859375 337.87664794921875 1349.0635986328125
v 1566.980224609375 336.8808898925781 1350.416015625
v 1568.8232421875 335.29986572265625 1350.416259765625
v 1566.99853515625 349.76531982421875 1343.6751708984375
v 1563.2994384765625 347.77978515625 1346.3636474609375
v 1566.9910888671875 344.6144104003906 1346.364501953125
v 1566.9730224609375 331.7239685058594 1353.127197265625
v 1563.2672119140625 327.1328430175781 1357.2059326171875
v 1555.8282470703125 317.90802001953125 1365.3941650390625
v 1548.4210205078125 334.39898681640625 1359.9293212890625
v 1555.8465576171875 328.21575927734375 1359.930908203125
v 1567.8985595703125 333.5128479003906 1351.7708740234375
v 1567.8951416015625 330.9352722167969 1353.1273193359375
v 1566.974853515625 333.01312255859375 1352.44873046875
v 1567.8968505859375 332.2240295410156 1352.4488525390625
v 1565.1309814453125 335.8798522949219 1351.7703857421875
v 1565.1234130859375 330.7203674316406 1354.485107421875
v 1563.279052734375 334.8736267089844 1353.1265869140625
v 1565.127197265625 333.2998962402344 1353.126953125
v 1559.5908203125 345.7677001953125 1349.0618896484375
v 1559.572998046875 335.42938232421875 1354.4842529296875
v 1555.875 343.7295837402344 1351.7685546875
v 1559.581787109375 340.5982666015625 1351.7694091796875
v 1568.3592529296875 333.1179504394531 1351.7708740234375
v 1568.3575439453125 331.8293151855469 1352.4488525390625
v 1567.897705078125 332.8684387207031 1352.1097412109375
v 1568.3583984375 332.4736328125 1352.10986328125
v 1567.9019775390625 336.0906066894531 1350.4161376953125
v 1566.9783935546875 335.59161376953125 1351.0931396484375
v 1567.9002685546875 334.8017272949219 1351.09326171875
v 1565.1385498046875 341.0399475097656 1349.06298828125
v 1563.287109375 340.036865234375 1350.4154052734375
v 1565.134765625 338.4599914550781 1350.415771484375
v 1568.35595703125 330.5407409667969 1353.1273193359375
v 1567.89599609375 331.57965087890625 1352.7879638671875
v 1568.3568115234375 331.1850280761719 1352.7880859375
v 1566.9713134765625 330.4349365234375 1353.80615234375
v 1567.8934326171875 329.6466369628906 1353.80615234375
v 1563.2518310546875 316.83203125 1362.662109375
v 1563.2481689453125 314.262451171875 1364.0283203125
v 1555.7938232421875 297.46307373046875 1376.3328857421875
v 1548.38037109375 313.7856140136719 1370.86328125
v 1555.8106689453125 307.65069580078125 1370.864501953125
v 1533.4991455078125 295.3463439941406 1387.22509765625
v 1518.810791015625 327.23529052734375 1376.323974609375
v 1533.537841796875 315.5746765136719 1376.32861328125
v 1559.5556640625 325.1029052734375 1359.9315185546875
v 1559.5389404296875 314.8075256347656 1365.3946533203125
v 1555.83740234375 323.0567932128906 1362.6611328125
v 1559.5472412109375 319.9501037597656 1362.66162109375
v 1565.108642578125 320.4127197265625 1359.9322509765625
v 1563.255615234375 319.4041748046875 1361.296630859375
v 1565.1051025390625 317.8399353027344 1361.2967529296875
v 1564.177001953125 316.0509948730469 1362.6622314453125
v 1564.17333984375 313.482177734375 1364.0283203125
v 1563.25 315.5469055175781 1363.3450927734375
v 1564.1751708984375 314.7662658691406 1363.34521484375
v 1561.400390625 318.3923645019531 1362.661865234375
v 1561.3924560546875 313.2528991699219 1365.3948974609375
v 1559.5430908203125 317.37738037109375 1364.02783203125
v 1561.3963623046875 315.8211975097656 1364.028076171875
v 1559.5228271484375 304.5625305175781 1370.8648681640625
v 1555.8194580078125 312.7718505859375 1368.1290283203125
v 1559.53076171875 309.6775207519531 1368.1295166015625
v 1564.169677734375 310.916259765625 1365.3951416015625
v 1563.2462158203125 312.97869873046875 1364.711669921875
v 1564.1715087890625 312.1988525390625 1364.711669921875
v 1559.5074462890625 294.3871765136719 1376.333251953125
v 1555.8021240234375 302.5469665527344 1373.5994873046875
v 1559.5150146484375 299.4649353027344 1373.599853515625
v 1555.7623291015625 277.3741455078125 1387.228515625
v 1548.3426513671875 293.4513854980469 1381.7896728515625
v 1555.7777099609375 287.36444091796875 1381.79052734375
v 1548.28857421875 260.91314697265625 1399.61328125
v 1561.3697509765625 297.919677734375 1373.5999755859375
v 1559.51123046875 296.9234313964844 1374.966796875
v 1555.78564453125 292.40142822265625 1379.0635986328125
v 1559.4998779296875 289.3316650390625 1379.06396484375
v 1559.503662109375 291.85650634765625 1377.698974609375
v 1560.4388427734375 296.15191650390625 1374.9669189453125
v 1560.43505859375 293.6164245605469 1376.3333740234375
v 1559.50927734375 295.6546325683594 1375.650146484375
v 1560.43701171875 294.88348388671875 1375.650146484375
v 1557.6590576171875 301.0074462890625 1373.5997314453125
v 1557.651123046875 295.9266052246094 1376.3331298828125
v 1555.7979736328125 300.00238037109375 1374.9664306640625
v 1557.655029296875 298.46441650390625 1374.9666748046875
v 1552.0958251953125 310.7257385253906 1370.8638916015625
v 1552.07763671875 300.5260009765625 1376.3323974609375
v 1548.37060546875 308.6698303222656 1373.598388671875
v 1552.0865478515625 305.6159362792969 1373.5989990234375
v 1540.9783935546875 330.1566467285156 1365.39111328125
v 1540.936279296875 309.6165771484375 1376.3304443359375
v 1533.5587158203125 325.83258056640625 1370.8597412109375
v 1540.9569091796875 319.8516845703125 1370.8616943359375
v 1560.9024658203125 295.7658996582031 1374.9669189453125
v 1560.900634765625 294.4976806640625 1375.6502685546875
v 1560.4378662109375 295.5175476074219 1375.30859375
v 1560.901611328125 295.1316223144531 1375.30859375
v 1560.4425048828125 298.692626953125 1373.5999755859375
v 1559.5130615234375 298.19354248046875 1374.283447265625
v 1560.440673828125 297.421630859375 1374.283447265625
v 1561.377197265625 303.01416015625 1370.8651123046875
v 1559.5189208984375 302.01141357421875 1372.2325439453125
v 1561.3734130859375 300.464599609375 1372.232666015625
v 1560.8988037109375 293.2308044433594 1376.3333740234375
v 1560.43603515625 294.2497863769531 1375.9918212890625
v 1560.8997802734375 293.86407470703125 1375.9918212890625
v 1560.431396484375 291.0865173339844 1377.6990966796875
v 1559.5054931640625 293.1211242675781 1377.0162353515625
v 1560.4332275390625 292.35076904296875 1377.016357421875
v 1557.643310546875 290.8680114746094 1379.0638427734375
v 1555.7896728515625 294.9293212890625 1377.69873046875
v 1557.6470947265625 293.3943786621094 1377.6988525390625
v 1552.0601806640625 290.41534423828125 1381.7901611328125
v 1548.351806640625 298.50030517578125 1379.0626220703125
v 1552.06884765625 295.45831298828125 1379.063232421875
v 1540.897705078125 289.43359375 1387.2265625
v 1533.51806640625 305.4060974121094 1381.78662109375
v 1540.91650390625 299.47076416015625 1381.788330078125
v 1533.426025390625 250.5070343017578 1411.989990234375
v 1518.7471923828125 284.19140625 1399.6090087890625
v 1533.459716796875 272.71832275390625 1399.61181640625
v 1488.706787109375 239.52316284179688 1437.320068359375
v 1455.978271484375 307.4965515136719 1411.974609375
v 1488.7054443359375 284.2833251953125 1411.987060546875
v 1375.7362060546875 224.6662139892578 1489.8111572265625
v 1297.364501953125 358.4739685058594 1437.288818359375
v 1375.74755859375 313.9955139160156 1437.2652587890625
v 1555.7698974609375 282.35455322265625 1384.5125732421875
v 1548.3062744140625 272.1072998046875 1393.4305419921875
v 1555.75390625 271.70361328125 1390.3333740234375
v 1552.02587890625 269.0964050292969 1393.430908203125
v 1552.00927734375 257.9154357910156 1399.6134033203125
v 1548.2972412109375 266.4952392578125 1396.5233154296875
v 1552.0174560546875 263.490966796875 1396.5235595703125
v 1548.2724609375 249.82273864746094 1405.79345703125
v 1518.6600341796875 173.0933074951172 1463.529052734375
v 1455.9688720703125 86.19583892822266 1547.424072265625
v 1540.8585205078125 266.85699462890625 1399.6126708984375
v 1533.478759765625 283.96417236328125 1393.4283447265625
v 1540.87744140625 278.0772399902344 1393.4295654296875
v 1553.8778076171875 261.9832763671875 1396.523681640625
v 1552.0133056640625 260.69970703125 1398.0687255859375
v 1553.8739013671875 259.1936950683594 1398.06884765625
v 1548.2803955078125 255.35696411132812 1402.70263671875
v 1552.0015869140625 252.3658447265625 1402.70263671875
v 1540.8250732421875 244.69642639160156 1411.9893798828125
v 1533.442138671875 261.57666015625 1405.7930908203125
v 1540.841064453125 255.74078369140625 1405.79345703125
v 1533.3763427734375 206.31570434570312 1437.2811279296875
v 1518.6983642578125 239.73056030273438 1424.5074462890625
v 1533.398193359375 228.4554443359375 1424.5009765625
v 1553.8758544921875 260.58758544921875 1397.2962646484375
v 1553.885986328125 267.5853576660156 1393.4310302734375
v 1552.0216064453125 266.2897033691406 1394.9776611328125
v 1553.8818359375 264.78033447265625 1394.977783203125
v 1552.043701171875 280.4131164550781 1387.2281494140625
v 1548.3155517578125 277.7533264160156 1390.332763671875
v 1552.03466796875 274.73577880859375 1390.3331298828125
v 1554.3409423828125 260.2103271484375 1397.2962646484375
v 1553.8748779296875 259.8904113769531 1397.6826171875
v 1554.3399658203125 259.5132751464844 1397.6826171875
v 1553.8719482421875 257.8015441894531 1398.8411865234375
v 1552.00537109375 255.13766479492188 1401.157958984375
v 1552.9476318359375 262.737548828125 1396.5235595703125
v 1552.943603515625 259.9471435546875 1398.0687255859375
v 1552.015380859375 262.09442138671875 1397.2962646484375
v 1552.945556640625 261.3414306640625 1397.2962646484375
v 1550.1571044921875 264.9950256347656 1396.5234375
v 1550.1488037109375 259.4162292480469 1399.6134033203125
v 1548.2928466796875 263.70068359375 1398.0684814453125
v 1550.1529541015625 262.2021484375 1398.068603515625
v 1544.5892333984375 275.1015930175781 1393.4300537109375
v 1544.5709228515625 263.89434814453125 1399.613037109375
v 1540.8677978515625 272.4521179199219 1396.5224609375
v 1544.579833984375 269.48297119140625 1396.52294921875
v 1553.8729248046875 258.4974060058594 1398.4549560546875
v 1552.939697265625 257.1636962890625 1399.613525390625
v 1552.0113525390625 259.3067321777344 1398.841064453125
v 1552.941650390625 258.5545654296875 1398.8411865234375
v 1548.264892578125 244.30642700195312 1408.8880615234375
v 1548.24462890625 227.8247833251953 1418.2164306640625
v 1550.133056640625 248.3323516845703 1405.79345703125
v 1550.125732421875 242.81927490234375 1408.8880615234375
v 1548.2686767578125 247.06259155273438 1407.3402099609375
v 1550.12939453125 245.57382202148438 1407.340087890625
v 1544.553955078125 252.79098510742188 1405.79345703125
v 1544.5384521484375 241.75938415527344 1411.9891357421875
v 1540.8328857421875 250.2116241455078 1408.888427734375
v 1544.5460205078125 247.26821899414062 1408.8883056640625
v 1540.7977294921875 222.69482421875 1424.49755859375
v 1533.411376953125 239.4773406982422 1418.2200927734375
v 1540.810546875 233.6918182373047 1418.21826171875
v 1551.0599365234375 244.8280029296875 1407.340087890625
v 1550.1275634765625 244.1960906982422 1408.1138916015625
v 1551.05810546875 243.45065307617188 1408.1138916015625
v 1548.26123046875 241.55372619628906 1410.4375
v 1550.1221923828125 240.0681915283203 1410.4373779296875
v 1548.2509765625 233.31146240234375 1415.097412109375
v 1550.1240234375 241.44332885742188 1409.6624755859375
v 1544.5245361328125 230.76744079589844 1418.2174072265625
v 1544.51220703125 219.78298950195312 1424.495849609375
v 1540.803955078125 228.1943817138672 1421.3505859375
v 1544.5181884765625 225.2762908935547 1421.3492431640625
v 1540.7769775390625 200.6043243408203 1437.2730712890625
v 1533.386474609375 217.40924072265625 1430.850341796875
v 1540.7864990234375 211.67332458496094 1430.8448486328125
v 1533.3516845703125 162.11715698242188 1463.498779296875
v 1518.6683349609375 195.18106079101562 1450.35693359375
v 1533.36083984375 184.1009063720703 1450.3310546875
v 1488.7225341796875 151.95506286621094 1489.6043701171875
v 1455.9833984375 217.2847137451172 1463.59326171875
v 1488.713623046875 194.7402801513672 1463.577880859375
v 1546.3839111328125 229.2982635498047 1418.2169189453125
v 1546.3778076171875 223.81027221679688 1421.3486328125
v 1544.521240234375 228.02188110351562 1419.7816162109375
v 1546.380859375 226.5542755126953 1419.781005859375
v 1540.817626953125 239.191162109375 1415.0986328125
v 1544.53125 236.26046752929688 1415.0980224609375
v 1547.31103515625 225.81886291503906 1419.78076171875
v 1547.30810546875 223.0756378173828 1421.3482666015625
v 1546.3792724609375 225.18231201171875 1420.5643310546875
v 1547.3095703125 224.44728088378906 1420.5640869140625
v 1546.3720703125 218.32012939453125 1424.4949951171875
v 1544.51513671875 222.5301513671875 1422.9205322265625
v 1546.3748779296875 221.0657196044922 1422.9197998046875
v 1540.7918701171875 217.18914794921875 1427.66162109375
v 1544.5067138671875 214.28355407714844 1427.659423828125
v 1547.7763671875 225.45074462890625 1419.7806396484375
v 1547.7747802734375 224.07937622070312 1420.56396484375
v 1547.310302734375 225.13307189941406 1420.1722412109375
v 1547.7755126953125 224.7650604248047 1420.172119140625
v 1547.314208984375 228.56204223632812 1418.2166748046875
v 1548.2430419921875 226.45355224609375 1418.998046875
v 1546.38232421875 227.92623901367188 1418.99853515625
v 1547.3126220703125 227.1904296875 1418.998291015625
v 1546.3905029296875 234.78811645507812 1415.09765625
v 1548.247802734375 230.56764221191406 1416.655517578125
v 1544.52783203125 233.5134735107422 1416.65625
v 1546.38720703125 232.04270935058594 1416.6558837890625
v 1533.3677978515625 195.19952392578125 1443.7813720703125
v 1533.35546875 173.06004333496094 1456.91015625
v 1518.6558837890625 151.5467529296875 1476.6466064453125
v 1518.651611328125 87.76306915283203 1517.5374755859375
v 1537.0556640625 181.28114318847656 1450.324462890625
v 1537.05078125 170.25314331054688 1456.9027099609375
v 1533.35791015625 178.57073974609375 1453.6181640625
v 1537.052978515625 175.75735473632812 1453.611083984375
v 1526.0064697265625 189.6748809814453 1450.34423828125
v 1525.996826171875 167.6388702392578 1463.51416015625
v 1518.66357421875 184.0893096923828 1456.939453125
v 1526.0009765625 178.60842895507812 1456.925048828125
v 1503.892333984375 228.49716186523438 1437.310546875
v 1503.8846435546875 183.90077209472656 1463.556396484375
v 1488.709716796875 217.0245361328125 1450.39697265625
v 1503.8873291015625 206.08941650390625 1450.3797607421875
v 1538.907958984375 179.86279296875 1450.321044921875
v 1537.0543212890625 178.51712036132812 1451.9669189453125
v 1538.90673828125 177.10035705566406 1451.9635009765625
v 1537.062255859375 192.36727905273438 1443.7760009765625
v 1533.3641357421875 189.6455078125 1447.05126953125
v 1537.0587158203125 186.81947326660156 1447.045166015625
v 1526.021484375 211.93890380859375 1437.2891845703125
v 1518.6741943359375 206.32907104492188 1443.802490234375
v 1526.0133056640625 200.79832458496094 1443.7921142578125
v 1538.9073486328125 178.4810791015625 1451.14208984375
v 1538.910888671875 185.39797973632812 1447.042236328125
v 1537.05712890625 184.04879760742188 1448.6837158203125
v 1538.909423828125 182.62887573242188 1448.6805419921875
v 1533.3533935546875 167.57383728027344 1460.20458984375
v 1535.1993408203125 166.1765899658203 1460.20068359375
v 1535.1978759765625 160.72329711914062 1463.494873046875
v 1533.3525390625 164.84149169921875 1461.851806640625
v 1535.1986083984375 163.4459228515625 1461.8480224609375
v 1533.3504638671875 156.69500732421875 1466.7904052734375
v 1525.9925537109375 146.14984130859375 1476.6356201171875
v 1518.6573486328125 162.2326202392578 1470.1051025390625
v 1525.9940185546875 156.80604553222656 1470.0911865234375
v 1503.88525390625 141.33883666992188 1489.59716796875
v 1488.7181396484375 172.97630310058594 1476.6866455078125
v 1503.88427734375 162.24208068847656 1476.667724609375
v 1488.70947265625 64.91065979003906 1547.3902587890625
v 1455.98779296875 130.15219116210938 1517.5394287109375
v 1488.72607421875 108.4161376953125 1517.4766845703125
v 1297.3453369140625 178.06423950195312 1547.836669921875
v 1375.754638671875 135.02157592773438 1547.6173095703125
v 1529.673583984375 175.84423828125 1456.9176025390625
v 1529.6695556640625 164.8879852294922 1463.5064697265625
v 1525.9986572265625 173.1090545654297 1460.2198486328125
v 1529.67138671875 170.35142517089844 1460.2122802734375
v 1536.123779296875 165.4757843017578 1460.19873046875
v 1536.1229248046875 162.74595642089844 1461.8460693359375
v 1535.198974609375 164.810302734375 1461.0244140625
v 1536.1234130859375 164.1099090576172 1461.0224609375
v 1535.2012939453125 171.6595001220703 1456.906494140625
v 1537.0498046875 167.50994873046875 1458.549560546875
v 1533.3543701171875 170.31356811523438 1458.5572509765625
v 1535.2003173828125 168.91465759277344 1458.553466796875
v 1536.122314453125 160.024169921875 1463.492919921875
v 1535.1982421875 162.0835723876953 1462.6715087890625
v 1536.1226806640625 161.38401794433594 1462.6695556640625
v 1535.19677734375 155.3046112060547 1466.78662109375
v 1533.35107421875 159.4014434814453 1465.14501953125
v 1535.197265625 158.00930786132812 1465.1412353515625
v 1529.6669921875 154.06919860839844 1470.083984375
v 1525.9952392578125 162.20286560058594 1466.805419921875
v 1529.6680908203125 159.4589080810547 1466.7979736328125
v 1525.9931640625 125.43800354003906 1489.5968017578125
v 1518.6552734375 141.0671844482422 1483.1376953125
v 1525.992431640625 135.7019805908203 1483.1317138671875
v 1518.6553955078125 109.1884765625 1503.4144287109375
v 1529.6658935546875 143.42791748046875 1476.6300048828125
v 1529.6663818359375 132.9959716796875 1483.1287841796875
v 1525.9923095703125 140.8999481201172 1479.8895263671875
v 1529.666015625 138.1858673095703 1479.8851318359375
v 1529.667724609375 122.7486572265625 1489.597412109375
v 1525.99267578125 130.5500030517578 1486.3662109375
v 1529.6669921875 127.85226440429688 1486.364990234375
v 1525.9949951171875 103.92849731445312 1503.4307861328125
v 1518.655517578125 119.9310073852539 1496.4864501953125
v 1525.9942626953125 114.63513946533203 1496.4952392578125
v 1503.8829345703125 98.05883026123047 1517.4962158203125
v 1488.7259521484375 130.10043334960938 1503.3802490234375
v 1503.8858642578125 119.61638641357422 1503.389404296875
v 1529.6673583984375 125.29582214355469 1487.9814453125
v 1525.99365234375 120.02088928222656 1493.043701171875
v 1529.6676025390625 124.02113342285156 1488.7894287109375
v 1527.828857421875 129.2034149169922 1486.3656005859375
v 1527.8294677734375 124.09561920166016 1489.5970458984375
v 1525.992919921875 127.9893798828125 1487.981689453125
v 1527.8291015625 126.64488983154297 1487.9815673828125
v 1522.32373046875 138.39129638671875 1483.134765625
v 1522.323974609375 128.11070251464844 1489.5963134765625
v 1518.6552734375 135.89874267578125 1486.3690185546875
v 1522.3238525390625 133.2310791015625 1486.3675537109375
v 1511.299560546875 156.90231323242188 1476.657470703125
v 1511.2994384765625 136.0615692138672 1489.595947265625
v 1503.8846435546875 151.7007598876953 1483.1502685546875
v 1511.29931640625 146.39151000976562 1483.1439208984375
v 1530.1273193359375 124.95780181884766 1487.9813232421875
v 1530.12744140625 123.68336486816406 1488.7894287109375
v 1529.66748046875 124.65819549560547 1488.3853759765625
v 1530.12744140625 124.32029724121094 1488.3853759765625
v 1528.7479248046875 125.97095489501953 1487.9814453125
v 1528.748291015625 123.42273712158203 1489.59716796875
v 1527.829345703125 125.369140625 1488.789306640625
v 1528.7481689453125 124.69573211669922 1488.7894287109375
v 1527.8302001953125 118.68302917480469 1493.0450439453125
v 1525.993408203125 122.72506713867188 1491.3199462890625
v 1527.829833984375 121.38494110107422 1491.3206787109375
v 1522.3245849609375 117.28973388671875 1496.49072265625
v 1518.655517578125 125.3348617553711 1493.0389404296875
v 1522.3243408203125 122.6845474243164 1493.0411376953125
v 1511.2991943359375 114.40882873535156 1503.400390625
v 1503.8858642578125 130.42922973632812 1496.4742431640625
v 1511.2994384765625 125.18687438964844 1496.479248046875
v 1529.6671142578125 126.57283782958984 1487.17333984375
v 1529.6666259765625 130.41873168945312 1484.7476806640625
v 1525.9947509765625 109.27344512939453 1499.9560546875
v 1518.654296875 98.48497772216797 1510.4185791015625
v 1518.6392822265625 66.11991882324219 1532.2330322265625
v 1522.32470703125 106.56511688232422 1503.42236328125
v 1522.323974609375 95.87890625 1510.429443359375
v 1518.655029296875 103.83544158935547 1506.904541015625
v 1522.324462890625 101.22083282470703 1506.9141845703125
v 1511.2952880859375 92.91690063476562 1517.5146484375
v 1503.885009765625 108.84476470947266 1510.3831787109375
v 1511.2978515625 103.67098999023438 1510.39892578125
v 1503.8548583984375 54.76251220703125 1547.387939453125
v 1488.72119140625 86.55223083496094 1532.1842041015625
v 1503.87353515625 76.30563354492188 1532.199462890625
v 1488.574462890625 -8.203276634216309 1609.057373046875
v 1455.919189453125 46.2374153137207 1578.0096435546875
v 1488.6585693359375 25.45551109313965 1578.01171875
v 1524.1593017578125 99.90877532958984 1506.9190673828125
v 1524.158935546875 94.57112884521484 1510.4351806640625
v 1522.3243408203125 98.5500259399414 1508.6685791015625
v 1524.1591796875 97.24012756347656 1508.6739501953125
v 1522.321533203125 85.17315673828125 1517.550048828125
v 1518.6531982421875 93.12991333007812 1513.9613037109375
v 1522.322998046875 90.53209686279297 1513.9732666015625
v 1518.646728515625 76.9681167602539 1524.8084716796875
v 1525.076904296875 96.58380126953125 1508.6766357421875
v 1525.07666015625 93.91586303710938 1510.4381103515625
v 1524.1590576171875 95.90572357177734 1509.5537109375
v 1525.0767822265625 95.24993133544922 1509.5565185546875
v 1524.1580810546875 89.22844696044922 1513.9794921875
v 1522.323486328125 93.2065658569336 1512.197509765625
v 1524.1585693359375 91.90087127685547 1512.2034912109375
v 1525.0767822265625 94.58293151855469 1509.9970703125
v 1524.15869140625 93.23621368408203 1511.318359375
v 1525.0765380859375 92.58147430419922 1511.3214111328125
v 1525.3062744140625 94.41889953613281 1509.997802734375
v 1525.30615234375 93.75189208984375 1510.438720703125
v 1525.0767822265625 94.24940490722656 1510.217529296875
v 1525.3062744140625 94.08540344238281 1510.21826171875
v 1525.07666015625 93.24871063232422 1510.8795166015625
v 1524.617919921875 95.57794952392578 1509.5550537109375
v 1524.6177978515625 94.24361419677734 1510.4366455078125
v 1524.158935546875 95.23845672607422 1509.9942626953125
v 1524.6177978515625 94.91081237792969 1509.99560546875
v 1523.24169921875 97.89551544189453 1508.6712646484375
v 1523.2413330078125 95.22545623779297 1510.4322509765625
v 1522.3240966796875 97.21456146240234 1509.5482177734375
v 1523.2415771484375 96.56058502197266 1509.5509033203125
v 1520.489990234375 102.52957916259766 1506.9093017578125
v 1520.4892578125 97.18338012695312 1510.4239501953125
v 1518.6546630859375 101.16033172607422 1508.6583251953125
v 1520.4896240234375 99.85662078857422 1508.663330078125
v 1514.98193359375 111.80193328857422 1503.4071044921875
v 1514.9805908203125 101.08120727539062 1510.4083251953125
v 1511.2987060546875 109.03841400146484 1506.887451171875
v 1514.9814453125 106.44017791748047 1506.8956298828125
v 1518.6494140625 82.37725830078125 1521.152099609375
v 1511.2840576171875 71.21881103515625 1532.2144775390625
v 1503.8792724609375 87.20580291748047 1524.7677001953125
v 1511.290771484375 82.09288024902344 1524.7860107421875
v 1518.6434326171875 71.5446548461914 1528.5037841796875
v 1518.6285400390625 55.318790435791016 1539.7740478515625
v 1518.6343994140625 60.70695114135742 1535.991455078125
v 1511.26171875 49.72239303588867 1547.389404296875
v 1503.8656005859375 65.4570083618164 1539.7530517578125
v 1511.2744140625 60.39417266845703 1539.76220703125
v 1503.77783203125 15.51353931427002 1577.9608154296875
v 1488.689208984375 44.2967414855957 1562.7657470703125
v 1503.8238525390625 34.24626541137695 1562.7391357421875
v 1520.474365234375 64.8401107788086 1532.2381591796875
v 1518.636962890625 63.41114807128906 1534.1090087890625
v 1520.471923828125 62.13284683227539 1534.1136474609375
v 1514.9659423828125 68.67257690429688 1532.223388671875
v 1514.9556884765625 57.859745025634766 1539.767822265625
v 1511.2796630859375 65.7938461303711 1535.9759521484375
v 1514.9613037109375 63.25363540649414 1535.9833984375
v 1520.47314453125 63.48601531982422 1533.175048828125
v 1520.478515625 70.26171875 1528.509521484375
v 1518.6414794921875 68.83162689208984 1530.364501953125
v 1520.4765625 67.55027770996094 1530.3699951171875
v 1514.97314453125 79.53368377685547 1524.7967529296875
v 1511.2877197265625 76.6561279296875 1528.4827880859375
v 1514.9698486328125 74.10359191894531 1528.492919921875
v 1520.4737548828125 64.16295623779297 1532.7064208984375
v 1519.556884765625 65.4803466796875 1532.235595703125
v 1519.554443359375 62.77233123779297 1534.111328125
v 1518.6380615234375 64.76506042480469 1533.170166015625
v 1519.5556640625 64.12586975097656 1533.172607421875
v 1516.8033447265625 67.39726257324219 1532.2281494140625
v 1516.798583984375 61.98131561279297 1535.9873046875
v 1514.9637451171875 65.96078491210938 1534.0999755859375
v 1516.801025390625 64.6869888305664 1534.1043701171875
v 1520.4754638671875 66.19493103027344 1531.3031005859375
v 1518.6217041015625 49.96847915649414 1543.5760498046875
v 1518.625244140625 52.63808822631836 1541.6729736328125
v 1514.9420166015625 47.199058532714844 1547.3907470703125
v 1511.2684326171875 55.032711029052734 1543.568359375
v 1514.9493408203125 52.50389099121094 1543.572021484375
v 1511.2244873046875 29.251174926757812 1562.7222900390625
v 1503.841064453125 44.32473373413086 1555.0634765625
v 1511.2451171875 39.306915283203125 1555.0560302734375
v 1518.619873046875 48.638343811035156 1544.5289306640625
v 1516.7862548828125 51.237220764160156 1543.573974609375
v 1516.7786865234375 45.93510055541992 1547.3914794921875
v 1514.94580078125 49.84428405761719 1545.4798583984375
v 1516.7825927734375 48.5789794921875 1545.481201171875
v 1514.9241943359375 36.79439926147461 1555.0523681640625
v 1511.25390625 44.47615432739258 1551.2203369140625
v 1514.93359375 41.95823287963867 1551.2191162109375
v 1518.620849609375 49.303001403808594 1544.0523681640625
v 1517.7041015625 50.60313415527344 1543.574951171875
v 1517.700439453125 47.94557189941406 1545.48193359375
v 1516.784423828125 49.90640640258789 1544.527099609375
v 1517.7022705078125 49.27265930175781 1544.528076171875
v 1516.7928466796875 56.590293884277344 1539.7708740234375
v 1514.95263671875 55.17625045776367 1541.6678466796875
v 1516.7896728515625 53.908199310302734 1541.6702880859375
v 1518.62353515625 51.301795959472656 1542.6240234375
v 1511.1693115234375 10.568655014038086 1577.9261474609375
v 1503.802734375 24.629270553588867 1570.3746337890625
v 1511.19921875 19.65817642211914 1570.348388671875
v 1503.6527099609375 -17.844314575195312 1608.99169921875
v 1488.6192626953125 8.229866027832031 1593.280517578125
v 1503.718994140625 -1.580100417137146 1593.2135009765625
v 1488.40087890625 -71.84873962402344 1686.2396240234375
v 1455.7528076171875 -24.43813705444336 1647.2340087890625
v 1488.4735107421875 -43.835205078125 1647.248779296875
v 1511.2125244140625 24.390527725219727 1566.5428466796875
v 1511.184814453125 15.054915428161621 1574.140380859375
v 1511.098388671875 -6.461330413818359 1593.1671142578125
v 1503.749755859375 6.811465740203857 1585.5528564453125
v 1511.1353759765625 1.8961471319198608 1585.5111083984375
v 1511.1171875 -2.315596580505371 1589.3262939453125
v 1511.0186767578125 -22.639129638671875 1608.9459228515625
v 1503.6864013671875 -9.764309883117676 1601.0054931640625
v 1511.0592041015625 -14.605761528015137 1600.95751953125
v 1503.5057373046875 -52.97322082519531 1647.260986328125
v 1488.5225830078125 -26.440889358520508 1627.7822265625
v 1503.5765380859375 -35.840030670166016 1627.74658203125
v 1511.1263427734375 -0.21877261996269226 1587.416015625
v 1512.962158203125 -1.4474040269851685 1587.4041748046875
v 1507.4521484375 4.354435920715332 1585.5328369140625
v 1507.4183349609375 -4.020026206970215 1593.1912841796875
v 1503.734619140625 2.5833163261413574 1589.3707275390625
v 1507.435546875 0.13452722132205963 1589.349365234375
v 1496.2886962890625 20.46721076965332 1577.98974609375
v 1496.2406005859375 3.3084254264831543 1593.2518310546875
v 1488.6397705078125 16.69120979309082 1585.6134033203125
v 1496.2657470703125 11.73459243774414 1585.58740234375
v 1472.802734375 35.63935470581055 1578.0303955078125
v 1472.7371826171875 1.6787242889404297 1609.0799560546875
v 1455.8822021484375 28.72292709350586 1593.2734375
v 1472.7720947265625 18.273963928222656 1593.303466796875
v 1416.314208984375 110.9461441040039 1547.5067138671875
v 1416.0511474609375 35.3531494140625 1608.8345947265625
v 1375.658935546875 93.63835906982422 1577.6572265625
v 1416.2099609375 70.299560546875 1577.8583984375
v 1511.1527099609375 6.186648368835449 1581.7137451171875
v 1511.10791015625 -4.395917892456055 1591.242919921875
v 1511.0791015625 -10.553802490234375 1597.04150390625
v 1512.0352783203125 -2.928711414337158 1589.3201904296875
v 1512.0257568359375 -5.007956027984619 1591.23681640625
v 1511.112548828125 -3.357720375061035 1590.2838134765625
v 1512.030517578125 -3.9703023433685303 1590.2777099609375
v 1509.2784423828125 -1.09016752243042 1589.3380126953125
v 1509.260498046875 -5.2403059005737305 1593.179443359375
v 1507.427001953125 -1.9501173496246338 1591.2666015625
v 1509.26953125 -3.17264723777771 1591.2550048828125
v 1507.382568359375 -12.184364318847656 1600.9825439453125
v 1503.702880859375 -5.691678047180176 1597.0892333984375
v 1507.400634765625 -8.122048377990723 1597.0662841796875
v 1496.1861572265625 -13.040984153747559 1609.029296875
v 1488.5972900390625 -0.033352743834257126 1601.0745849609375
v 1496.2138671875 -4.915397644042969 1601.0450439453125
v 1510.9276123046875 -40.504573822021484 1627.721435546875
v 1503.614501953125 -26.874923706054688 1618.22802734375
v 1510.995849609375 -27.124149322509766 1613.526611328125
v 1511.00732421875 -24.881074905395508 1611.2254638671875
v 1507.345458984375 -20.241168975830078 1608.9698486328125
v 1507.303466796875 -29.24134635925293 1618.2099609375
v 1503.633544921875 -22.358854293823242 1613.569091796875
v 1507.324462890625 -24.741069793701172 1613.5487060546875
v 1496.123291015625 -31.16107749938965 1627.76708984375
v 1488.5484619140625 -17.349018096923828 1618.2821044921875
v 1496.1546630859375 -22.13058090209961 1618.259033203125
v 1472.6590576171875 -34.38560485839844 1647.2391357421875
v 1455.794677734375 -6.6474385261535645 1627.7791748046875
v 1472.6968994140625 -16.769535064697266 1627.7943115234375
v 1415.820556640625 -31.0289306640625 1686.0550537109375
v 1375.3094482421875 20.687088012695312 1647.21435546875
v 1415.88720703125 -1.5790094137191772 1647.2305908203125
v 1503.5399169921875 -44.58983612060547 1637.4552001953125
v 1510.8841552734375 -49.182472229003906 1637.4454345703125
v 1503.4058837890625 -80.5914535522461 1686.322509765625
v 1488.432373046875 -59.13922882080078 1666.7484130859375
v 1503.4478759765625 -68.05099487304688 1666.8056640625
v 1517.9400634765625 -108.40921783447266 1728.415771484375
v 1455.672607421875 -73.46630096435547 1728.2401123046875
v 1488.3560791015625 -91.5165786743164 1728.3292236328125
v 1510.905517578125 -44.87998580932617 1632.565185546875
v 1510.894775390625 -47.0414924621582 1635.00146484375
v 1503.4747314453125 -60.839073181152344 1657.07080078125
v 1510.807373046875 -65.29637145996094 1657.0919189453125
v 1507.261962890625 -38.172428131103516 1627.734619140625
v 1507.2220458984375 -46.88672637939453 1637.4505615234375
v 1503.5579833984375 -40.25128936767578 1632.5830078125
v 1507.24169921875 -42.56598663330078 1632.5745849609375
v 1496.0643310546875 -48.42917251586914 1647.254638671875
v 1488.497314453125 -35.322269439697266 1637.4678955078125
v 1496.093017578125 -39.97890853881836 1637.4627685546875
v 1510.900146484375 -45.96316146850586 1633.7823486328125
v 1509.0758056640625 -43.722862243652344 1632.5699462890625
v 1509.05517578125 -48.03453063964844 1637.4481201171875
v 1507.2318115234375 -44.73662185668945 1635.0087890625
v 1509.0654296875 -45.88895797729492 1635.0052490234375
v 1507.1846923828125 -55.235260009765625 1647.2640380859375
v 1503.5224609375 -48.83677291870117 1642.351806640625
v 1507.2030029296875 -51.116024017333984 1642.35107421875
v 1510.91650390625 -42.70024871826172 1630.1380615234375
v 1510.8974609375 -46.502952575683594 1634.3917236328125
v 1510.889404296875 -48.11469268798828 1636.22265625
v 1510.8736572265625 -51.30064010620117 1639.8953857421875
v 1509.9912109375 -44.30136489868164 1632.567626953125
v 1509.9805908203125 -46.46517562866211 1635.00341796875
v 1509.070556640625 -44.80833053588867 1633.78662109375
v 1509.98583984375 -45.38569259643555 1633.784423828125
v 1509.096923828125 -39.338321685791016 1627.7281494140625
v 1507.2518310546875 -40.37714385986328 1630.1492919921875
v 1509.0863037109375 -41.53854751586914 1630.143798828125
v 1503.5953369140625 -31.37494659423828 1622.957763671875
v 1507.2825927734375 -33.724674224853516 1622.9425048828125
v 1510.89208984375 -47.57875061035156 1635.61181640625
v 1509.9700927734375 -48.608455657958984 1637.44677734375
v 1509.060302734375 -46.964454650878906 1636.225830078125
v 1509.975341796875 -47.53952407836914 1636.2242431640625
v 1509.035400390625 -52.25484085083008 1642.3505859375
v 1507.21240234375 -49.01396942138672 1639.8985595703125
v 1509.045166015625 -50.15726089477539 1639.89697265625
v 1510.824951171875 -61.46897888183594 1652.1851806640625
v 1510.8160400390625 -63.40210723876953 1654.640625
v 1510.791259765625 -68.95957946777344 1661.97607421875
v 1510.7293701171875 -84.9101791381836 1686.3670654296875
v 1503.4251708984375 -74.60987854003906 1676.515869140625
v 1503.351806640625 -100.00431060791016 1728.3731689453125
v 1488.37646484375 -82.51981353759766 1706.63134765625
v 1503.37548828125 -91.1275863647461 1706.708984375
v 1507.151123046875 -63.06904983520508 1657.0811767578125
v 1503.48974609375 -56.980281829833984 1652.171142578125
v 1507.1673583984375 -59.225807189941406 1652.1781005859375
v 1496.015380859375 -63.62251281738281 1666.775390625
v 1488.45166015625 -51.82172393798828 1657.034423828125
v 1496.038330078125 -56.35698318481445 1657.0513916015625
v 1472.6041259765625 -62.7772102355957 1686.1689453125
v 1455.7205810546875 -40.12520217895508 1666.687744140625
v 1472.627685546875 -49.894073486328125 1666.7073974609375
v 1510.7991943359375 -67.14947509765625 1659.5374755859375
v 1507.122314453125 -70.25360870361328 1666.82177734375
v 1503.4608154296875 -64.53116607666016 1661.9486083984375
v 1507.1361083984375 -66.7468032836914 1661.962158203125
v 1510.6968994140625 -95.38306427001953 1706.748291015625
v 1503.3895263671875 -86.07220458984375 1696.3470458984375
v 1510.711669921875 -90.35791778564453 1696.39111328125
v 1514.333984375 -97.51078033447266 1706.76806640625
v 1510.7039794921875 -92.91905212402344 1701.5213623046875
v 1510.6729736328125 -104.20365142822266 1728.3946533203125
v 1503.3631591796875 -95.78502655029297 1717.4261474609375
v 1510.684326171875 -100.01171112060547 1717.4571533203125
v 1517.91943359375 -115.25385284423828 1750.4267578125
v 1488.336669921875 -98.56659698486328 1750.39697265625
v 1503.330322265625 -106.94711303710938 1750.41259765625
v 1514.3214111328125 -102.12538146972656 1717.47265625
v 1510.6904296875 -97.74915313720703 1712.0657958984375
v 1514.327392578125 -99.86976623535156 1712.0836181640625
v 1517.929931640625 -112.09424591064453 1739.439208984375
v 1517.93505859375 -110.31459045410156 1733.9237060546875
v 1510.6513671875 -111.09659576416016 1750.419921875
v 1503.341064453125 -103.7401123046875 1739.4140625
v 1510.6622314453125 -107.91368103027344 1739.4267578125
v 1521.5487060546875 -117.34359741210938 1750.4300537109375
v 1517.9248046875 -113.74253845214844 1744.9456787109375
v 1517.908203125 -117.85711669921875 1761.2838134765625
v 1521.5377197265625 -119.93614196777344 1761.2867431640625
v 1517.913818359375 -116.6243667602539 1755.8707275390625
v 1521.5433349609375 -118.70870971679688 1755.87353515625
v 1503.3192138671875 -109.5948715209961 1761.2713623046875
v 1510.639892578125 -113.72169494628906 1761.27783203125
f 1 1054 1055 1053
f 1054 76 841 1055
f 1055 841 77 674
f 1050 75 1053
f 1055 674 1050
f 1053 1055 1050
f 76 842 843 841
f 838 77 841
f 843 148 838
f 841 843 838
f 77 838 840 837
f 838 148 839 840
f 840 839 149 671
f 834 147 837
f 840 671 834
f 837 840 834
f 668 150 149
f 151 152 668
f 149 151 668
f 665 658 152
f 659 660 665
f 152 659 665
f 660 662 663 661
f 658 665 666 664
f 665 660 661 666
f 683 667 150
f 668 669 683
f 150 668 683
f 680 669 668
f 152 658 680
f 668 152 680
f 669 680 681 679
f 680 658 664 681
f 689 682 667
f 683 684 689
f 667 683 689
f 683 669 679 684
f 682 689 691 688
f 689 684 690 691
f 147 834 836 833
f 834 671 835 836
f 830 716 836
f 835 672 830
f 836 835 830
f 833 836 716 670
f 686 672 835
f 835 671 149
f 149 150 686
f 686 835 149
f 713 685 831
f 831 672 686
f 686 687 713
f 713 831 686
f 693 687 686
f 150 667 693
f 686 150 693
f 710 692 687
f 693 694 710
f 687 693 710
f 696 694 693
f 667 682 696
f 693 667 696
f 707 695 694
f 696 697 707
f 694 696 707
f 699 697 696
f 682 688 699
f 696 682 699
f 703 698 697
f 699 701 703
f 697 699 703
f 699 688 700 701
f 698 703 705 702
f 703 701 704 705
f 695 707 708 706
f 707 697 698 708
f 692 710 711 709
f 710 694 695 711
f 748 712 827
f 827 685 713
f 713 714 748
f 748 827 713
f 713 687 692 714
f 712 748 750 726
f 748 714 749 750
f 829 717 736
f 736 715 670
f 670 716 829
f 829 736 670
f 716 830 832 829
f 830 672 831 832
f 826 722 832
f 831 685 826
f 832 831 826
f 829 832 722 717
f 825 723 733
f 733 721 717
f 717 722 825
f 825 733 717
f 722 826 828 825
f 826 685 827 828
f 828 827 712 725
f 822 723 825
f 828 725 822
f 825 828 822
f 723 822 824 821
f 822 725 823 824
f 818 729 824
f 823 727 818
f 824 823 818
f 821 824 729 724
f 745 727 823
f 823 725 712
f 712 726 745
f 745 823 712
f 793 730 819
f 819 727 745
f 745 747 793
f 793 819 745
f 745 726 746 747
f 730 793 795 743
f 793 747 794 795
f 817 731 756
f 756 728 724
f 724 729 817
f 817 756 724
f 729 818 820 817
f 818 727 819 820
f 820 819 730 742
f 814 731 817
f 820 742 814
f 817 820 814
f 731 814 816 813
f 814 742 815 816
f 816 815 744 752
f 810 741 813
f 816 752 810
f 813 816 810
f 790 744 815
f 815 742 730
f 730 743 790
f 790 815 730
f 744 790 792 753
f 790 743 791 792
f 741 810 812 809
f 810 752 811 812
f 812 811 754 762
f 806 751 809
f 812 762 806
f 809 812 806
f 787 754 811
f 811 752 744
f 744 753 787
f 787 811 744
f 754 787 789 763
f 787 753 788 789
f 751 806 808 805
f 806 762 807 808
f 855 769 808
f 807 764 855
f 808 807 855
f 802 761 805
f 808 769 802
f 805 808 802
f 784 764 807
f 807 762 754
f 754 763 784
f 784 807 754
f 856 764 784
f 786 770 856
f 784 786 856
f 784 763 785 786
f 761 802 804 801
f 802 769 803 804
f 798 776 804
f 803 771 798
f 804 803 798
f 862 768 801
f 804 776 862
f 801 804 862
f 769 855 857 803
f 855 764 856 857
f 857 856 770 782
f 852 771 803
f 857 782 852
f 803 857 852
f 771 852 854 799
f 852 782 853 854
f 844 854 853
f 850 799 854
f 844 777 850
f 854 844 850
f 782 770 783
f 768 862 863 861
f 862 776 797 863
f 863 797 858
f 858 778 863
f 775 861 863
f 859 797 776
f 798 800 859
f 776 798 859
f 849 800 798
f 771 799 849
f 798 771 849
f 800 849 851 848
f 849 799 850 851
f 848 851 796
f 797 859 860 858
f 859 800 848 860
f 778 858 860
f 728 756 757 755
f 813 741 766
f 766 757 756
f 756 731 813
f 813 766 756
f 757 766 767 765
f 809 751 773
f 773 767 766
f 766 741 809
f 809 773 766
f 767 773 774 772
f 805 761 780
f 780 774 773
f 773 751 805
f 805 780 773
f 774 780 781 779
f 801 768 846
f 846 781 780
f 780 761 801
f 801 846 780
f 781 846 847 845
f 861 775 847
f 846 768 861
f 847 846 861
f 721 733 734 732
f 821 724 759
f 759 734 733
f 733 723 821
f 821 759 733
f 734 759 760 758
f 759 724 728 760
f 715 736 737 735
f 736 717 721 737
f 75 1050 1052 1049
f 1050 674 1051 1052
f 1052 1051 675 885
f 1046 673 1049
f 1052 885 1046
f 1049 1052 1046
f 1051 837 719
f 837 147 719
f 719 675 1051
f 1051 674 77 837
f 882 718 675
f 719 720 882
f 675 719 882
f 833 670 739
f 739 720 719
f 719 147 833
f 833 739 719
f 879 738 720
f 739 740 879
f 720 739 879
f 865 740 739
f 670 715 865
f 739 670 865
f 876 864 740
f 865 866 876
f 740 865 876
f 868 866 865
f 715 735 868
f 865 715 868
f 872 867 866
f 868 870 872
f 866 868 872
f 868 735 869 870
f 891 871 867
f 872 874 891
f 867 872 891
f 872 870 873 874
f 871 891 893 890
f 891 874 892 893
f 864 876 877 875
f 895 877 876
f 866 867 895
f 876 866 895
f 877 895 896 894
f 898 896 895
f 867 871 898
f 895 867 898
f 896 898 899 897
f 898 871 890 899
f 738 879 880 878
f 879 740 864 880
f 908 881 718
f 882 883 908
f 718 882 908
f 901 883 882
f 720 738 901
f 882 720 901
f 904 900 883
f 901 902 904
f 883 901 904
f 917 902 901
f 738 878 917
f 901 738 917
f 902 917 919 905
f 917 878 918 919
f 921 903 900
f 904 906 921
f 900 904 921
f 914 906 904
f 902 905 914
f 904 902 914
f 906 914 916 913
f 914 905 915 916
f 903 921 922 920
f 921 906 913 922
f 881 908 909 907
f 924 909 908
f 883 900 924
f 908 883 924
f 909 924 925 923
f 924 900 903 925
f 673 1046 1048 1045
f 1046 885 1047 1048
f 1048 1047 886 927
f 1042 884 1045
f 1048 927 1042
f 1045 1048 1042
f 911 886 1047
f 1047 885 675
f 675 718 911
f 911 1047 675
f 886 911 912 910
f 911 718 881 912
f 884 1042 1044 1041
f 1042 927 1043 1044
f 1044 1043 928 933
f 1038 926 1041
f 1044 933 1038
f 1041 1044 1038
f 943 928 1043
f 1043 927 886
f 886 910 943
f 943 1043 886
f 928 943 945 934
f 943 910 944 945
f 926 1038 1040 1037
f 1038 933 1039 1040
f 1034 947 1040
f 1039 935 1034
f 1040 1039 1034
f 1037 1040 947 932
f 940 935 1039
f 1039 933 928
f 928 934 940
f 940 1039 928
f 983 939 1035
f 1035 935 940
f 940 942 983
f 983 1035 940
f 940 934 941 942
f 939 983 985 954
f 983 942 984 985
f 1033 948 961
f 961 946 932
f 932 947 1033
f 1033 961 932
f 947 1034 1036 1033
f 1034 935 1035 1036
f 1036 1035 939 953
f 1030 948 1033
f 1036 953 1030
f 1033 1036 1030
f 948 1030 1032 1029
f 1030 953 1031 1032
f 1032 1031 955 957
f 1026 952 1029
f 1032 957 1026
f 1029 1032 1026
f 980 955 1031
f 1031 953 939
f 939 954 980
f 980 1031 939
f 955 980 982 958
f 980 954 981 982
f 952 1026 1028 1025
f 1026 957 1027 1028
f 1022 967 1028
f 1027 959 1022
f 1028 1027 1022
f 1025 1028 967 956
f 977 959 1027
f 1027 957 955
f 955 958 977
f 977 1027 955
f 990 968 1023
f 1023 959 977
f 977 979 990
f 990 1023 977
f 977 958 978 979
f 1019 968 990
f 992 975 1019
f 990 992 1019
f 990 979 991 992
f 1021 969 1001
f 1001 966 956
f 956 967 1021
f 1021 1001 956
f 967 1022 1024 1021
f 1022 959 1023 1024
f 1018 974 1024
f 1023 968 1018
f 1024 1023 1018
f 1021 1024 974 969
f 1017 976 998
f 998 973 969
f 969 974 1017
f 1017 998 969
f 974 1018 1020 1017
f 1018 968 1019 1020
f 1020 1019 975 987
f 1014 976 1017
f 1020 987 1014
f 1017 1020 1014
f 976 1014 1016 1013
f 1014 987 1015 1016
f 1016 1015 989 994
f 1010 986 1013
f 1016 994 1010
f 1013 1016 1010
f 1015 987 975
f 988 989 1015
f 975 988 1015
f 986 1010 1012 1009
f 1010 994 1011 1012
f 1011 994 989
f 995 996 1011
f 989 995 1011
f 973 998 999 997
f 1013 986 1006
f 1006 999 998
f 998 976 1013
f 1013 1006 998
f 1009 993 1008
f 1008 1007 1006
f 1006 986 1009
f 1009 1008 1006
f 966 1001 1002 1000
f 1001 969 973 1002
f 946 961 962 960
f 1029 952 971
f 971 962 961
f 961 948 1029
f 1029 971 961
f 962 971 972 970
f 1025 956 1004
f 1004 972 971
f 971 952 1025
f 1025 1004 971
f 972 1004 1005 1003
f 1004 956 966 1005
f 2 79 80 78
f 1054 1 78
f 80 76 1054
f 78 80 1054
f 3 82 83 81
f 81 83 79 2
f 4 85 86 84
f 84 86 82 3
f 5 88 89 87
f 87 89 85 4
f 6 91 92 90
f 90 92 88 5
f 7 94 95 93
f 93 95 91 6
f 9521 9460 9525
f 9489 8 9521
f 9525 9489 9521
f 9588 97 9523
f 9525 9460 9588
f 9523 9525 9588
f 9525 9523 98 9524
f 9489 9525 9524 96
f 9524 98 94
f 7 96 9524
f 94 7 9524
f 9618 9616 9615 9617
f 9613 9618 9617 9602
f 9613 9602 9614
f 9597 9594 9598
f 9598 9594 9580
f 9595 9596 9598
f 9580 9595 9598
f 9576 9596 9595 9528
f 9607 9605 9601 9606
f 9597 9607 9606 9594
f 9601 9599 9578 9600
f 9606 9601 9600
f 9580 9594 9606
f 9600 9580 9606
f 9600 9578 9533
f 9579 9580 9600
f 9533 9579 9600
f 9595 9580 9579
f 9459 9528 9595
f 9579 9459 9595
f 9609 9608 9612
f 9599 9531 9609
f 9612 9599 9609
f 9614 9602 9610
f 9612 9608 9614
f 9610 9612 9614
f 9612 9610 9604 9611
f 9599 9612 9611 9578
f 9617 9615 9620
f 9610 9602 9617
f 9620 9610 9617
f 9610 9620 9619 9604
f 9611 9604 9603
f 9533 9578 9611
f 9603 9533 9611
f 9587 9459 9579
f 9579 9533 9532
f 9532 97 9587
f 9587 9579 9532
f 9565 9538 9473 9564
f 9514 9565 9564 9510
f 9512 9511 9516
f 9513 9468 9512
f 9516 9513 9512
f 9516 9514 9510 9515
f 9513 9516 9515 9456
f 9570 9572 9556
f 9572 9570 9552 9571
f 9547 9572 9571 9539
f 9552 9550 9471 9551
f 9571 9552 9551
f 9526 9539 9571
f 9551 9526 9571
f 9509 9553 9563 9561
f 9563 9546 9541 9562
f 9561 9563 9562 9538
f 9534 9545 9560 9557
f 9554 9535 9558
f 9560 9545 9554
f 9558 9560 9554
f 9560 9558 9549 9559
f 9557 9560 9559 9546
f 9566 9555 9569
f 9558 9535 9566
f 9569 9558 9566
f 9555 9527 9567 9569
f 9569 9567 9547 9568
f 9558 9569 9568 9549
f 9568 9547 9539
f 9548 9549 9568
f 9539 9548 9568
f 9559 9549 9548
f 9541 9546 9559
f 9548 9541 9559
f 9548 9539 9526
f 9540 9541 9548
f 9526 9540 9548
f 9562 9541 9540
f 9473 9538 9562
f 9540 9473 9562
f 9540 9526 9544
f 9517 9473 9540
f 9544 9517 9540
f 9551 9471 9542
f 9544 9526 9551
f 9542 9544 9551
f 9544 9542 9461 9543
f 9517 9544 9543 9472
f 9515 9510 9519
f 9506 9456 9515
f 9519 9506 9515
f 9564 9473 9517
f 9519 9510 9564
f 9517 9519 9564
f 9519 9517 9472 9518
f 9506 9519 9518 9349
f 9590 9575 9593
f 9581 9537 9590
f 9593 9581 9590
f 9593 9591 9530 9592
f 9581 9593 9592 9536
f 9574 9537 9581
f 9583 9573 9574
f 9581 9583 9574
f 9583 9581 9536 9582
f 9550 9583 9582 9471
f 9576 9528 9577
f 9584 9530 9577
f 9577 9528 9459
f 9459 9529 9584
f 9584 9577 9459
f 9582 9536 9586
f 9542 9471 9582
f 9586 9542 9582
f 9592 9530 9584
f 9586 9536 9592
f 9584 9586 9592
f 9586 9584 9529 9585
f 9542 9586 9585 9461
f 9585 9529 9589
f 9520 9461 9585
f 9589 9520 9585
f 9529 9459 9587 9589
f 9589 9587 97 9588
f 9520 9589 9588 9460
f 9518 9472 9522
f 9485 9349 9518
f 9522 9485 9518
f 9543 9461 9520
f 9522 9472 9543
f 9520 9522 9543
f 9522 9520 9460 9521
f 9485 9522 9521 8
f 1063 676 9
f 677 678 1063
f 9 677 1063
f 1053 75 888
f 888 678 677
f 677 1 1053
f 1053 888 677
f 1060 887 678
f 888 889 1060
f 678 888 1060
f 1049 673 930
f 930 889 888
f 888 75 1049
f 1049 930 888
f 1057 929 889
f 930 931 1057
f 889 930 1057
f 1045 884 937
f 937 931 930
f 930 673 1045
f 1045 937 930
f 1076 936 931
f 937 938 1076
f 931 937 1076
f 1041 926 950
f 950 938 937
f 937 884 1041
f 1041 950 937
f 938 950 951 949
f 1037 932 964
f 964 951 950
f 950 926 1037
f 1037 964 950
f 951 964 965 963
f 964 932 946 965
f 936 1076 1077 1070
f 1076 938 949 1077
f 1086 1056 929
f 1057 1058 1086
f 929 1057 1086
f 1069 1058 1057
f 931 936 1069
f 1057 931 1069
f 1083 1068 1058
f 1069 1071 1083
f 1058 1069 1083
f 1073 1071 1069
f 936 1070 1073
f 1069 936 1073
f 1079 1072 1071
f 1073 1075 1079
f 1071 1073 1079
f 1073 1070 1074 1075
f 1092 1078 1072
f 1079 1081 1092
f 1072 1079 1092
f 1079 1075 1080 1081
f 1099 1091 1078
f 1092 1094 1099
f 1078 1092 1099
f 1092 1081 1093 1094
f 1091 1099 1101 1098
f 1099 1094 1100 1101
f 1068 1083 1084 1082
f 1096 1084 1083
f 1071 1072 1096
f 1083 1071 1096
f 1084 1096 1097 1095
f 1103 1097 1096
f 1072 1078 1103
f 1096 1072 1103
f 1097 1103 1104 1102
f 1103 1078 1091 1104
f 1056 1086 1087 1085
f 1086 1058 1068 1087
f 1110 1059 887
f 1060 1061 1110
f 887 1060 1110
f 1089 1061 1060
f 889 929 1089
f 1060 889 1089
f 1106 1088 1061
f 1089 1090 1106
f 1061 1089 1106
f 1119 1090 1089
f 929 1056 1119
f 1089 929 1119
f 1090 1119 1120 1107
f 1119 1056 1085 1120
f 1122 1105 1088
f 1106 1108 1122
f 1088 1106 1122
f 1116 1108 1106
f 1090 1107 1116
f 1106 1090 1116
f 1108 1116 1118 1115
f 1116 1107 1117 1118
f 1105 1122 1123 1121
f 1122 1108 1115 1123
f 1059 1110 1111 1109
f 1125 1111 1110
f 1061 1088 1125
f 1110 1061 1125
f 1111 1125 1126 1124
f 1125 1088 1105 1126
f 1134 1062 676
f 1063 1064 1134
f 676 1063 1134
f 1113 1064 1063
f 678 887 1113
f 1063 678 1113
f 1131 1112 1064
f 1113 1114 1131
f 1064 1113 1131
f 1128 1114 1113
f 887 1059 1128
f 1113 887 1128
f 1114 1128 1129 1127
f 1128 1059 1109 1129
f 1140 1130 1112
f 1131 1132 1140
f 1112 1131 1140
f 1150 1132 1131
f 1114 1127 1150
f 1131 1114 1150
f 1200 1141 1132
f 1150 1152 1200
f 1132 1150 1200
f 1150 1127 1151 1152
f 1141 1200 1202 1148
f 1200 1152 1201 1202
f 1158 1139 1130
f 1140 1142 1158
f 1130 1140 1158
f 1147 1142 1140
f 1132 1141 1147
f 1140 1132 1147
f 1154 1146 1142
f 1147 1149 1154
f 1142 1147 1154
f 1197 1149 1147
f 1141 1148 1197
f 1147 1141 1197
f 1149 1197 1199 1155
f 1197 1148 1198 1199
f 1164 1153 1146
f 1154 1156 1164
f 1146 1154 1164
f 1194 1156 1154
f 1149 1155 1194
f 1154 1149 1194
f 1156 1194 1196 1165
f 1194 1155 1195 1196
f 1171 1163 1153
f 1164 1166 1171
f 1153 1164 1171
f 1191 1166 1164
f 1156 1165 1191
f 1164 1156 1191
f 1166 1191 1193 1172
f 1191 1165 1192 1193
f 1178 1170 1163
f 1171 1173 1178
f 1163 1171 1178
f 1188 1173 1171
f 1166 1172 1188
f 1171 1166 1188
f 1204 1179 1173
f 1188 1190 1204
f 1173 1188 1204
f 1188 1172 1189 1190
f 1207 1186 1179
f 1204 1206 1207
f 1179 1204 1207
f 1204 1190 1205 1206
f 1186 1207 1209
f 1207 1206 1208 1209
f 1170 1178 1180 1177
f 1185 1180 1178
f 1173 1179 1185
f 1178 1173 1185
f 1180 1185 1187 1184
f 1203 1187 1185
f 1179 1186 1203
f 1185 1179 1203
f 1139 1158 1159 1157
f 1168 1159 1158
f 1142 1146 1168
f 1158 1142 1168
f 1159 1168 1169 1167
f 1175 1169 1168
f 1146 1153 1175
f 1168 1146 1175
f 1169 1175 1176 1174
f 1182 1176 1175
f 1153 1163 1182
f 1175 1153 1182
f 1176 1182 1183 1181
f 1182 1163 1170 1183
f 1218 1133 1062
f 1134 1135 1218
f 1062 1134 1218
f 1144 1135 1134
f 1064 1112 1144
f 1134 1064 1144
f 1215 1143 1135
f 1144 1145 1215
f 1135 1144 1215
f 1161 1145 1144
f 1112 1130 1161
f 1144 1112 1161
f 1211 1160 1145
f 1161 1162 1211
f 1145 1161 1211
f 1161 1130 1139 1162
f 1224 1210 1160
f 1211 1213 1224
f 1160 1211 1224
f 1211 1162 1212 1213
f 1231 1223 1210
f 1224 1226 1231
f 1210 1224 1231
f 1224 1213 1225 1226
f 1223 1231 1233 1230
f 1231 1226 1232 1233
f 1143 1215 1216 1214
f 1228 1216 1215
f 1145 1160 1228
f 1215 1145 1228
f 1216 1228 1229 1227
f 1235 1229 1228
f 1160 1210 1235
f 1228 1160 1235
f 1229 1235 1236 1234
f 1238 1236 1235
f 1210 1223 1238
f 1235 1210 1238
f 1236 1238 1239 1237
f 1238 1223 1230 1239
f 1255 1217 1133
f 1218 1219 1255
f 1133 1218 1255
f 1241 1219 1218
f 1135 1143 1241
f 1218 1135 1241
f 1252 1240 1219
f 1241 1242 1252
f 1219 1241 1252
f 1244 1242 1241
f 1143 1214 1244
f 1241 1143 1244
f 1248 1243 1242
f 1244 1246 1248
f 1242 1244 1248
f 1244 1214 1245 1246
f 1271 1247 1243
f 1248 1250 1271
f 1243 1248 1271
f 1248 1246 1249 1250
f 1247 1271 1273 1265
f 1271 1250 1272 1273
f 1281 1251 1240
f 1252 1253 1281
f 1240 1252 1281
f 1261 1253 1252
f 1242 1243 1261
f 1252 1242 1261
f 1278 1260 1253
f 1261 1262 1278
f 1253 1261 1278
f 1264 1262 1261
f 1243 1247 1264
f 1261 1243 1264
f 1275 1263 1262
f 1264 1266 1275
f 1262 1264 1275
f 1268 1266 1264
f 1247 1265 1268
f 1264 1247 1268
f 1266 1268 1270 1267
f 1268 1265 1269 1270
f 1263 1275 1276 1274
f 1275 1266 1267 1276
f 1260 1278 1279 1277
f 1278 1262 1263 1279
f 1251 1281 1282 1280
f 1281 1253 1260 1282
f 1287 1254 1217
f 1255 1256 1287
f 1217 1255 1287
f 1284 1256 1255
f 1219 1240 1284
f 1255 1219 1284
f 1256 1284 1285 1283
f 1284 1240 1251 1285
f 1293 1286 1254
f 1287 1288 1293
f 1254 1287 1293
f 1287 1256 1283 1288
f 1286 1293 1295 1292
f 1293 1288 1294 1295
f 78 1 677
f 677 9 10
f 10 2 78
f 78 677 10
f 81 2 10
f 11 3 81
f 10 11 81
f 84 3 11
f 12 4 84
f 11 12 84
f 87 4 12
f 13 5 87
f 12 13 87
f 90 5 13
f 14 6 90
f 13 14 90
f 9262 7 93
f 93 6 14
f 14 15 9262
f 9262 93 14
f 9260 9115 9488
f 9488 9263 9103
f 9103 16 9260
f 9260 9488 9103
f 9115 9350 9491 9488
f 9486 8 9489
f 9491 9350 9486
f 9489 9491 9486
f 9491 9489 96 9490
f 9488 9491 9490 9263
f 9490 96 7
f 9262 9263 9490
f 7 9262 9490
f 9103 9263 9262 15
f 9418 9411 9422
f 9419 9404 9418
f 9422 9419 9418
f 9411 9406 9420 9422
f 9422 9420 9405 9421
f 9419 9422 9421 9338
f 9427 9404 9419
f 9419 9338 9413
f 9413 9414 9427
f 9427 9419 9413
f 9412 9414 9413 9395
f 9391 9221 9356
f 9376 9361 9374
f 9374 9369 9368
f 9368 9353 9376
f 9376 9374 9368
f 9366 9364 9358 9365
f 9380 9353 9368
f 9368 9366 9365
f 9365 9340 9380
f 9380 9368 9365
f 9358 9356 9221 9357
f 9384 9340 9365
f 9365 9358 9357
f 9357 9337 9384
f 9384 9365 9357
f 9373 9371 9361 9372
f 9370 9373 9372 9367
f 9363 9367 9378 9375
f 9372 9361 9376
f 9378 9367 9372
f 9376 9378 9372
f 9378 9376 9353 9377
f 9375 9378 9377 9362
f 9375 9362 9355
f 9360 9363 9375
f 9355 9360 9375
f 9355 9362 9382 9379
f 9377 9353 9380
f 9382 9362 9377
f 9380 9382 9377
f 9382 9380 9340 9381
f 9379 9382 9381 9354
f 9379 9354 9342
f 9352 9355 9379
f 9342 9352 9379
f 9342 9354 9386 9383
f 9381 9340 9384
f 9386 9354 9381
f 9384 9386 9381
f 9386 9384 9337 9385
f 9383 9386 9385 9341
f 9383 9341 9288
f 9339 9342 9383
f 9288 9339 9383
f 9327 9325 9303 9326
f 9306 9327 9326 9285
f 9339 9328 9336
f 9328 9298 9336
f 9336 9296 9339
f 9339 9288 9297 9328
f 9326 9303 9330
f 9310 9285 9326
f 9330 9310 9326
f 9303 9298 9328 9330
f 9330 9328 9297 9329
f 9310 9330 9329 8875
f 9443 9441 9435 9442
f 9430 9443 9442 9398
f 9435 9433 9403 9434
f 9442 9435 9434
f 9346 9398 9442
f 9434 9346 9442
f 9463 9453 9401
f 9454 9455 9463
f 9401 9454 9463
f 9462 9455 9454
f 9403 9433 9462
f 9454 9403 9462
f 9454 9401 9480
f 9480 9351 9402
f 9402 9403 9454
f 9454 9480 9402
f 9434 9403 9402
f 9259 9346 9434
f 9402 9259 9434
f 9498 9496 9493 9497
f 9495 9498 9497 9467
f 9475 9474 9466
f 9474 9467 9499
f 9499 9479 9476
f 9476 9466 9474
f 9474 9499 9476
f 9497 9493 9502
f 9499 9467 9497
f 9502 9499 9497
f 9493 9464 9500 9502
f 9502 9500 9477 9501
f 9499 9502 9501 9479
f 9501 9477 9458
f 9478 9479 9501
f 9458 9478 9501
f 9476 9479 9478 9465
f 9492 9466 9476
f 9476 9465 9401
f 9401 9453 9492
f 9492 9476 9401
f 9500 9464 9494
f 9505 9477 9500
f 9494 9505 9500
f 9494 9470 9503 9505
f 9505 9503 9469 9504
f 9477 9505 9504 9458
f 9504 9469 9508
f 9481 9458 9504
f 9508 9481 9504
f 9469 9456 9506 9508
f 9508 9506 9349 9507
f 9481 9508 9507 9457
f 9401 9465 9483 9480
f 9478 9458 9481
f 9483 9465 9478
f 9481 9483 9478
f 9483 9481 9457 9482
f 9480 9483 9482 9351
f 9482 9457 9487
f 9484 9351 9482
f 9487 9484 9482
f 9507 9349 9485
f 9487 9457 9507
f 9485 9487 9507
f 9487 9485 8 9486
f 9484 9487 9486 9350
f 9402 9351 9484
f 9484 9350 9115
f 9115 9259 9402
f 9402 9484 9115
f 9329 9297 9333
f 9314 8875 9329
f 9333 9314 9329
f 9387 9331 9333
f 9297 9288 9387
f 9333 9297 9387
f 9333 9331 9301 9332
f 9314 9333 9332 9256
f 9288 9341 9390 9387
f 9385 9337 9388
f 9390 9341 9385
f 9388 9390 9385
f 9390 9388 9345 9389
f 9387 9390 9389 9331
f 9388 9337 9357
f 9357 9221 9343
f 9343 9345 9388
f 9388 9357 9343
f 9345 9343 9299 9344
f 9389 9345 9344
f 9301 9331 9389
f 9344 9301 9389
f 9344 9299 9261
f 9300 9301 9344
f 9261 9300 9344
f 9332 9301 9300
f 9188 9256 9332
f 9300 9188 9332
f 9391 9359 9415
f 9415 9394 9343
f 9343 9221 9391
f 9391 9415 9343
f 9359 9395 9417 9415
f 9413 9338 9423
f 9423 9407 9417
f 9417 9395 9413
f 9413 9423 9417
f 9417 9407 9392 9416
f 9415 9417 9416 9394
f 9416 9392 9348
f 9393 9394 9416
f 9348 9393 9416
f 9343 9394 9393 9299
f 9421 9405 9426
f 9423 9338 9421
f 9426 9423 9421
f 9405 9397 9424 9426
f 9426 9424 9410 9425
f 9423 9426 9425 9407
f 9424 9397 9396 9449
f 9449 9408 9410 9424
f 9410 9408 9400 9409
f 9425 9410 9409
f 9392 9407 9425
f 9409 9392 9425
f 9396 9429 9451 9449
f 9452 9428 9445
f 9445 9437 9451
f 9451 9429 9452
f 9452 9445 9451
f 9451 9437 9432 9450
f 9449 9451 9450 9408
f 9444 9436 9448
f 9445 9428 9444
f 9448 9445 9444
f 9448 9446 9440 9447
f 9445 9448 9447 9437
f 9440 9438 9430 9439
f 9447 9440 9439
f 9432 9437 9447
f 9439 9432 9447
f 9439 9430 9398
f 9431 9432 9439
f 9398 9431 9439
f 9450 9432 9431
f 9400 9408 9450
f 9431 9400 9450
f 9431 9398 9346
f 9399 9400 9431
f 9346 9399 9431
f 9409 9400 9399
f 9348 9392 9409
f 9399 9348 9409
f 9399 9346 9259
f 9347 9348 9399
f 9259 9347 9399
f 9393 9348 9347
f 9261 9299 9393
f 9347 9261 9393
f 9347 9259 9115
f 9260 9261 9347
f 9115 9260 9347
f 9300 9261 9260
f 16 9188 9300
f 9260 16 9300
f 1329 1065 17
f 1066 1067 1329
f 17 1066 1329
f 1137 1067 1066
f 9 676 1137
f 1066 9 1137
f 1326 1136 1067
f 1137 1138 1326
f 1067 1137 1326
f 1221 1138 1137
f 676 1062 1221
f 1137 676 1221
f 1323 1220 1138
f 1221 1222 1323
f 1138 1221 1323
f 1258 1222 1221
f 1062 1133 1258
f 1221 1062 1258
f 1320 1257 1222
f 1258 1259 1320
f 1222 1258 1320
f 1290 1259 1258
f 1133 1217 1290
f 1258 1133 1290
f 1317 1289 1259
f 1290 1291 1317
f 1259 1290 1317
f 1297 1291 1290
f 1217 1254 1297
f 1290 1217 1297
f 1314 1296 1291
f 1297 1298 1314
f 1291 1297 1314
f 1300 1298 1297
f 1254 1286 1300
f 1297 1254 1300
f 1311 1299 1298
f 1300 1301 1311
f 1298 1300 1311
f 1303 1301 1300
f 1286 1292 1303
f 1300 1286 1303
f 1307 1302 1301
f 1303 1305 1307
f 1301 1303 1307
f 1303 1292 1304 1305
f 1302 1307 1309 1306
f 1307 1305 1308 1309
f 1299 1311 1312 1310
f 1335 1312 1311
f 1301 1302 1335
f 1311 1301 1335
f 1312 1335 1336 1334
f 1335 1302 1306 1336
f 1296 1314 1315 1313
f 1314 1298 1299 1315
f 1289 1317 1318 1316
f 1317 1291 1296 1318
f 1338 1319 1257
f 1320 1321 1338
f 1257 1320 1338
f 1320 1259 1289 1321
f 1319 1338 1340 1337
f 1338 1321 1339 1340
f 1220 1323 1324 1322
f 1342 1324 1323
f 1222 1257 1342
f 1323 1222 1342
f 1324 1342 1343 1341
f 1342 1257 1319 1343
f 1355 1325 1136
f 1326 1327 1355
f 1136 1326 1355
f 1345 1327 1326
f 1138 1220 1345
f 1326 1138 1345
f 1352 1344 1327
f 1345 1346 1352
f 1327 1345 1352
f 1348 1346 1345
f 1220 1322 1348
f 1345 1220 1348
f 1381 1347 1346
f 1348 1350 1381
f 1346 1348 1381
f 1348 1322 1349 1350
f 1347 1381 1383 1362
f 1381 1350 1382 1383
f 1369 1351 1344
f 1352 1353 1369
f 1344 1352 1369
f 1361 1353 1352
f 1346 1347 1361
f 1352 1346 1361
f 1365 1360 1353
f 1361 1363 1365
f 1353 1361 1365
f 1378 1363 1361
f 1347 1362 1378
f 1361 1347 1378
f 1363 1378 1380 1366
f 1378 1362 1379 1380
f 1360 1365 1367 1364
f 1375 1367 1365
f 1363 1366 1375
f 1365 1363 1375
f 1367 1375 1377 1374
f 1375 1366 1376 1377
f 1351 1369 1370 1368
f 1369 1353 1360 1370
f 1389 1354 1325
f 1355 1356 1389
f 1325 1355 1389
f 1372 1356 1355
f 1327 1344 1372
f 1355 1327 1372
f 1385 1371 1356
f 1372 1373 1385
f 1356 1372 1385
f 1372 1344 1351 1373
f 1395 1384 1371
f 1385 1387 1395
f 1371 1385 1395
f 1385 1373 1386 1387
f 1384 1395 1397 1394
f 1395 1387 1396 1397
f 1415 1388 1354
f 1389 1390 1415
f 1354 1389 1415
f 1399 1390 1389
f 1356 1371 1399
f 1389 1356 1399
f 1412 1398 1390
f 1399 1400 1412
f 1390 1399 1412
f 1402 1400 1399
f 1371 1384 1402
f 1399 1371 1402
f 1409 1401 1400
f 1402 1403 1409
f 1400 1402 1409
f 1405 1403 1402
f 1384 1394 1405
f 1402 1384 1405
f 1403 1405 1407 1404
f 1405 1394 1406 1407
f 1401 1409 1410 1408
f 1409 1403 1404 1410
f 1398 1412 1413 1411
f 1412 1400 1401 1413
f 1388 1415 1416 1414
f 1415 1390 1398 1416
f 1427 1328 1065
f 1329 1330 1427
f 1065 1329 1427
f 1358 1330 1329
f 1067 1136 1358
f 1329 1067 1358
f 1424 1357 1330
f 1358 1359 1424
f 1330 1358 1424
f 1392 1359 1358
f 1136 1325 1392
f 1358 1136 1392
f 1421 1391 1359
f 1392 1393 1421
f 1359 1392 1421
f 1418 1393 1392
f 1325 1354 1418
f 1392 1325 1418
f 1393 1418 1419 1417
f 1418 1354 1388 1419
f 1391 1421 1422 1420
f 1421 1393 1417 1422
f 1443 1423 1357
f 1424 1425 1443
f 1357 1424 1443
f 1433 1425 1424
f 1359 1391 1433
f 1424 1359 1433
f 1440 1432 1425
f 1433 1434 1440
f 1425 1433 1440
f 1436 1434 1433
f 1391 1420 1436
f 1433 1391 1436
f 1434 1436 1438 1435
f 1436 1420 1437 1438
f 1453 1439 1432
f 1440 1441 1453
f 1432 1440 1453
f 1449 1441 1440
f 1434 1435 1449
f 1440 1434 1449
f 1441 1449 1451 1448
f 1449 1435 1450 1451
f 1439 1453 1454 1452
f 1453 1441 1448 1454
f 1423 1443 1444 1442
f 1456 1444 1443
f 1425 1432 1456
f 1443 1425 1456
f 1444 1456 1457 1455
f 1456 1432 1439 1457
f 1476 1426 1328
f 1427 1428 1476
f 1328 1427 1476
f 1446 1428 1427
f 1330 1357 1446
f 1427 1330 1446
f 1473 1445 1428
f 1446 1447 1473
f 1428 1446 1473
f 1459 1447 1446
f 1357 1423 1459
f 1446 1357 1459
f 1470 1458 1447
f 1459 1460 1470
f 1447 1459 1470
f 1462 1460 1459
f 1423 1442 1462
f 1459 1423 1462
f 1466 1461 1460
f 1462 1464 1466
f 1460 1462 1466
f 1462 1442 1463 1464
f 1482 1465 1461
f 1466 1468 1482
f 1461 1466 1482
f 1466 1464 1467 1468
f 1465 1482 1484 1481
f 1482 1468 1483 1484
f 1458 1470 1471 1469
f 1486 1471 1470
f 1460 1461 1486
f 1470 1460 1486
f 1471 1486 1487 1485
f 1486 1461 1465 1487
f 1445 1473 1474 1472
f 1473 1447 1458 1474
f 1489 1475 1426
f 1476 1477 1489
f 1426 1476 1489
f 1476 1428 1445 1477
f 1475 1489 1491 1488
f 1489 1477 1490 1491
f 1066 17 18
f 10 9 1066
f 18 10 1066
f 19 11 10 18
f 20 12 11 19
f 21 13 12 20
f 22 14 13 21
f 9104 15 14
f 22 23 9104
f 14 22 9104
f 9101 8876 9105
f 8936 24 9101
f 9105 8936 9101
f 9189 16 9103
f 9105 8876 9189
f 9103 9105 9189
f 9105 9103 15 9104
f 8936 9105 9104 23
f 9177 9175 9174
f 9158 9161 9177
f 9174 9158 9177
f 9161 9172 9173
f 9171 9173 9172 9163
f 9172 9161 9158
f 9162 9163 9172
f 9158 9162 9172
f 9160 9163 9162 9113
f 9147 9110 9141
f 9141 9123 9122
f 9122 9050 9147
f 9147 9141 9122
f 9142 9112 9132
f 9133 9119 9142
f 9132 9133 9142
f 9131 9133 9132 9109
f 9121 9138 9139
f 9137 9139 9138 9130
f 9154 9140 9157
f 9143 9121 9154
f 9157 9143 9154
f 9157 9155 9110 9156
f 9143 9157 9156 9120
f 9119 9130 9145 9142
f 9138 9121 9143
f 9145 9130 9138
f 9143 9145 9138
f 9145 9143 9120 9144
f 9142 9145 9144 9112
f 9144 9120 9149
f 9146 9112 9144
f 9149 9146 9144
f 9156 9110 9147
f 9149 9120 9156
f 9147 9149 9156
f 9149 9147 9050 9148
f 9146 9149 9148 9111
f 9132 9112 9146
f 9146 9111 9107
f 9107 9109 9132
f 9132 9146 9107
f 9047 9108 9136 9134
f 9136 9109 9107 9135
f 9134 9136 9135 8872
f 9214 9196 9165
f 8966 9176 9214
f 9165 8966 9214
f 9176 9215 9217 9214
f 9210 9191 9217
f 9215 9159 9210
f 9217 9215 9210
f 9217 9191 9178 9216
f 9214 9217 9216 9196
f 9216 9178 9170
f 9195 9196 9216
f 9170 9195 9216
f 9165 9196 9195 9124
f 9159 9211 9213 9210
f 9213 9197 9194 9212
f 9210 9213 9212 9191
f 9209 9207 9200 9208
f 9206 9209 9208 9197
f 9200 9198 9192 9199
f 9208 9200 9199
f 9194 9197 9208
f 9199 9194 9208
f 9199 9192 9181
f 9193 9194 9199
f 9181 9193 9199
f 9212 9194 9193
f 9178 9191 9212
f 9193 9178 9212
f 9203 9201 9179 9202
f 9192 9203 9202 9181
f 9202 9179 9168
f 9180 9181 9202
f 9168 9180 9202
f 9193 9181 9180
f 9170 9178 9193
f 9180 9170 9193
f 9180 9168 9129
f 9169 9170 9180
f 9129 9169 9180
f 9195 9170 9169
f 9097 9124 9195
f 9169 9097 9195
f 9184 9204 9205
f 9179 9205 9204 9168
f 9184 9182 9127 9183
f 9204 9184 9183
f 9129 9168 9204
f 9183 9129 9204
f 9183 9127 9240
f 9240 8877 9128
f 9128 9129 9183
f 9183 9240 9128
f 9169 9129 9128
f 8965 9097 9169
f 9128 8965 9169
f 9135 9107 9150
f 9150 9118 9094
f 9094 8872 9135
f 9135 9150 9094
f 9107 9111 9153 9150
f 9148 9050 9151
f 9153 9111 9148
f 9151 9153 9148
f 9153 9151 9116 9152
f 9150 9153 9152 9118
f 9152 9116 9099
f 9117 9118 9152
f 9099 9117 9152
f 9094 9118 9117 9020
f 9164 9151 9122
f 9151 9050 9122
f 9122 9113 9164
f 9164 9126 9116 9151
f 9162 9158 9167
f 9164 9113 9162
f 9167 9164 9162
f 9174 8966 9165
f 9167 9158 9174
f 9165 9167 9174
f 9167 9165 9124 9166
f 9164 9167 9166 9126
f 9166 9124 9097
f 9125 9126 9166
f 9097 9125 9166
f 9116 9126 9125 9099
f 9125 9097 8965
f 9098 9099 9125
f 8965 9098 9125
f 9117 9099 9098
f 8698 9020 9117
f 9098 8698 9117
f 9281 9279 9252 9280
f 9249 9281 9280 9185
f 9292 9290 9287 9291
f 9289 9292 9291 9253
f 9320 9318 9304 9319
f 9317 9320 9319 9302
f 9334 9302 9321
f 9321 9308 9305
f 9305 9295 9334
f 9334 9321 9305
f 9319 9304 9324
f 9321 9302 9319
f 9324 9321 9319
f 9304 9293 9322 9324
f 9324 9322 9306 9323
f 9321 9324 9323 9308
f 9323 9306 9285
f 9307 9308 9323
f 9285 9307 9323
f 9305 9308 9307 9294
f 9335 9295 9305
f 9305 9294 9287
f 9287 9290 9335
f 9335 9305 9287
f 9287 9294 9312 9309
f 9307 9285 9310
f 9312 9294 9307
f 9310 9312 9307
f 9312 9310 8875 9311
f 9309 9312 9311 9286
f 9291 9287 9309
f 9309 9286 9220
f 9220 9253 9291
f 9291 9309 9220
f 9280 9252 9284
f 9265 9185 9280
f 9284 9265 9280
f 9282 9284 9252
f 9284 9282 9255 9283
f 9265 9284 9283 9227
f 9255 9253 9220 9254
f 9283 9255 9254
f 9114 9227 9283
f 9254 9114 9283
f 9246 9234 9222 9245
f 9244 9246 9245 9239
f 9245 9222 9187
f 9238 9239 9245
f 9187 9238 9245
f 9237 9239 9238 9218
f 9271 9269 9251 9270
f 9268 9271 9270 9248
f 9278 9276 9249 9277
f 9269 9278 9277 9251
f 9277 9249 9185
f 9250 9251 9277
f 9185 9250 9277
f 9270 9251 9250
f 9247 9248 9270
f 9250 9247 9270
f 9223 9273 9275 9272
f 9275 9248 9247 9274
f 9272 9275 9274 9219
f 9243 9236 9235
f 9222 9234 9243
f 9235 9222 9243
f 9272 9219 9224
f 9225 9223 9272
f 9224 9225 9272
f 9235 9225 9224
f 9187 9222 9235
f 9224 9187 9235
f 9224 9219 9264
f 9264 9229 9226
f 9226 9187 9224
f 9224 9264 9226
f 9274 9247 9267
f 9264 9219 9274
f 9267 9264 9274
f 9250 9185 9265
f 9267 9247 9250
f 9265 9267 9250
f 9267 9265 9227 9266
f 9264 9267 9266 9229
f 9266 9227 9114
f 9228 9229 9266
f 9114 9228 9266
f 9226 9229 9228 9186
f 9127 9218 9242 9240
f 9238 9187 9226
f 9242 9218 9238
f 9226 9242 9238
f 9242 9226 9186 9241
f 9240 9242 9241 8877
f 9241 9186 9233
f 9230 8877 9241
f 9233 9230 9241
f 9228 9114 9231
f 9233 9186 9228
f 9231 9233 9228
f 9233 9231 9190 9232
f 9230 9233 9232 9100
f 9254 9220 9313
f 9313 9258 9231
f 9231 9114 9254
f 9254 9313 9231
f 9220 9286 9316 9313
f 9311 8875 9314
f 9316 9286 9311
f 9314 9316 9311
f 9316 9314 9256 9315
f 9313 9316 9315 9258
f 9315 9256 9188
f 9257 9258 9315
f 9188 9257 9315
f 9231 9258 9257 9190
f 9257 9188 16
f 9189 9190 9257
f 16 9189 9257
f 9232 9190 9189
f 8876 9100 9232
f 9189 8876 9232
f 9098 8965 9102
f 8974 8698 9098
f 9102 8974 9098
f 9128 8877 9230
f 9230 9100 9102
f 9102 8965 9128
f 9128 9230 9102
f 9102 9100 8876 9101
f 8974 9102 9101 24
f 1508 1331 25
f 1332 1333 1508
f 25 1332 1508
f 1430 1333 1332
f 17 1065 1430
f 1332 17 1430
f 1505 1429 1333
f 1430 1431 1505
f 1333 1430 1505
f 1479 1431 1430
f 1065 1328 1479
f 1430 1065 1479
f 1502 1478 1431
f 1479 1480 1502
f 1431 1479 1502
f 1493 1480 1479
f 1328 1426 1493
f 1479 1328 1493
f 1499 1492 1480
f 1493 1494 1499
f 1480 1493 1499
f 1496 1494 1493
f 1426 1475 1496
f 1493 1426 1496
f 1494 1496 1497 1495
f 1496 1475 1488 1497
f 1514 1498 1492
f 1499 1500 1514
f 1492 1499 1514
f 1499 1494 1495 1500
f 1531 1513 1498
f 1514 1516 1531
f 1498 1514 1531
f 1514 1500 1515 1516
f 1538 1525 1513
f 1531 1533 1538
f 1513 1531 1538
f 1531 1516 1532 1533
f 1525 1538 1540 1529
f 1538 1533 1539 1540
f 1558 1501 1478
f 1502 1503 1558
f 1478 1502 1558
f 1518 1503 1502
f 1480 1492 1518
f 1502 1480 1518
f 1555 1517 1503
f 1518 1519 1555
f 1503 1518 1555
f 1521 1519 1518
f 1492 1498 1521
f 1518 1492 1521
f 1552 1520 1519
f 1521 1522 1552
f 1519 1521 1552
f 1524 1522 1521
f 1498 1513 1524
f 1521 1498 1524
f 1549 1523 1522
f 1524 1526 1549
f 1522 1524 1549
f 1528 1526 1524
f 1513 1525 1528
f 1524 1513 1528
f 1546 1527 1526
f 1528 1530 1546
f 1526 1528 1546
f 1535 1530 1528
f 1525 1529 1535
f 1528 1525 1535
f 1542 1534 1530
f 1535 1537 1542
f 1530 1535 1542
f 1535 1529 1536 1537
f 1534 1542 1544 1541
f 1542 1537 1543 1544
f 1527 1546 1547 1545
f 1564 1547 1546
f 1530 1534 1564
f 1546 1530 1564
f 1547 1564 1565 1563
f 1564 1534 1541 1565
f 1523 1549 1550 1548
f 1549 1526 1527 1550
f 1520 1552 1553 1551
f 1552 1522 1523 1553
f 1517 1555 1556 1554
f 1555 1519 1520 1556
f 1501 1558 1559 1557
f 1558 1503 1517 1559
f 1571 1504 1429
f 1505 1506 1571
f 1429 1505 1571
f 1561 1506 1505
f 1431 1478 1561
f 1505 1431 1561
f 1567 1560 1506
f 1561 1562 1567
f 1506 1561 1567
f 1561 1478 1501 1562
f 1603 1566 1560
f 1567 1569 1603
f 1560 1567 1603
f 1567 1562 1568 1569
f 1566 1603 1605 1581
f 1603 1569 1604 1605
f 1591 1570 1504
f 1571 1572 1591
f 1504 1571 1591
f 1577 1572 1571
f 1506 1560 1577
f 1571 1506 1577
f 1588 1576 1572
f 1577 1578 1588
f 1572 1577 1588
f 1580 1578 1577
f 1560 1566 1580
f 1577 1560 1580
f 1584 1579 1578
f 1580 1582 1584
f 1578 1580 1584
f 1600 1582 1580
f 1566 1581 1600
f 1580 1566 1600
f 1582 1600 1602 1585
f 1600 1581 1601 1602
f 1607 1583 1579
f 1584 1586 1607
f 1579 1584 1607
f 1597 1586 1584
f 1582 1585 1597
f 1584 1582 1597
f 1586 1597 1599 1596
f 1597 1585 1598 1599
f 1583 1607 1608 1606
f 1607 1586 1596 1608
f 1576 1588 1589 1587
f 1610 1589 1588
f 1578 1579 1610
f 1588 1578 1610
f 1589 1610 1611 1609
f 1610 1579 1583 1611
f 1570 1591 1592 1590
f 1591 1572 1576 1592
f 1633 1507 1331
f 1508 1509 1633
f 1331 1508 1633
f 1574 1509 1508
f 1333 1429 1574
f 1508 1333 1574
f 1630 1573 1509
f 1574 1575 1630
f 1509 1574 1630
f 1594 1575 1574
f 1429 1504 1594
f 1574 1429 1594
f 1627 1593 1575
f 1594 1595 1627
f 1575 1594 1627
f 1613 1595 1594
f 1504 1570 1613
f 1594 1504 1613
f 1624 1612 1595
f 1613 1614 1624
f 1595 1613 1624
f 1616 1614 1613
f 1570 1590 1616
f 1613 1570 1616
f 1620 1615 1614
f 1616 1618 1620
f 1614 1616 1620
f 1616 1590 1617 1618
f 1639 1619 1615
f 1620 1622 1639
f 1615 1620 1639
f 1620 1618 1621 1622
f 1646 1638 1619
f 1639 1641 1646
f 1619 1639 1646
f 1639 1622 1640 1641
f 1663 1645 1638
f 1646 1648 1663
f 1638 1646 1663
f 1646 1641 1647 1648
f 1668 1657 1645
f 1663 1665 1668
f 1645 1663 1668
f 1663 1648 1664 1665
f 1657 1668 1670 1661
f 1668 1665 1669 1670
f 1686 1623 1612
f 1624 1625 1686
f 1612 1624 1686
f 1643 1625 1624
f 1614 1615 1643
f 1624 1614 1643
f 1683 1642 1625
f 1643 1644 1683
f 1625 1643 1683
f 1650 1644 1643
f 1615 1619 1650
f 1643 1615 1650
f 1680 1649 1644
f 1650 1651 1680
f 1644 1650 1680
f 1653 1651 1650
f 1619 1638 1653
f 1650 1619 1653
f 1677 1652 1651
f 1653 1654 1677
f 1651 1653 1677
f 1656 1654 1653
f 1638 1645 1656
f 1653 1638 1656
f 1674 1655 1654
f 1656 1658 1674
f 1654 1656 1674
f 1660 1658 1656
f 1645 1657 1660
f 1656 1645 1660
f 1672 1659 1658
f 1660 1662 1672
f 1658 1660 1672
f 1666 1662 1660
f 1657 1661 1666
f 1660 1657 1666
f 1666 1661 1667
f 1671 1659 1672
f 1655 1674 1675 1673
f 1674 1658 1659 1675
f 1652 1677 1678 1676
f 1677 1654 1655 1678
f 1649 1680 1681 1679
f 1680 1651 1652 1681
f 1642 1683 1684 1682
f 1683 1644 1649 1684
f 1623 1686 1687 1685
f 1686 1625 1642 1687
f 1593 1627 1628 1626
f 1689 1628 1627
f 1595 1612 1689
f 1627 1595 1689
f 1628 1689 1690 1688
f 1689 1612 1623 1690
f 1718 1629 1573
f 1630 1631 1718
f 1573 1630 1718
f 1630 1575 1593 1631
f 1629 1718 1720 1696
f 1718 1631 1719 1720
f 1706 1632 1507
f 1633 1634 1706
f 1507 1633 1706
f 1692 1634 1633
f 1509 1573 1692
f 1633 1509 1692
f 1703 1691 1634
f 1692 1693 1703
f 1634 1692 1703
f 1695 1693 1692
f 1573 1629 1695
f 1692 1573 1695
f 1699 1694 1693
f 1695 1697 1699
f 1693 1695 1699
f 1715 1697 1695
f 1629 1696 1715
f 1695 1629 1715
f 1697 1715 1717 1700
f 1715 1696 1716 1717
f 1726 1698 1694
f 1699 1701 1726
f 1694 1699 1726
f 1712 1701 1699
f 1697 1700 1712
f 1699 1697 1712
f 1722 1711 1701
f 1712 1714 1722
f 1701 1712 1722
f 1712 1700 1713 1714
f 1711 1722 1724 1721
f 1722 1714 1723 1724
f 1698 1726 1727 1725
f 1732 1727 1726
f 1701 1711 1732
f 1726 1701 1732
f 1727 1732 1733 1731
f 1732 1711 1721 1733
f 1691 1703 1704 1702
f 1729 1704 1703
f 1693 1694 1729
f 1703 1693 1729
f 1704 1729 1730 1728
f 1729 1694 1698 1730
f 1742 1705 1632
f 1706 1707 1742
f 1632 1706 1742
f 1735 1707 1706
f 1634 1691 1735
f 1706 1634 1735
f 1738 1734 1707
f 1735 1736 1738
f 1707 1735 1738
f 1751 1736 1735
f 1691 1702 1751
f 1735 1691 1751
f 1736 1751 1753 1739
f 1751 1702 1752 1753
f 1755 1737 1734
f 1738 1740 1755
f 1734 1738 1755
f 1748 1740 1738
f 1736 1739 1748
f 1738 1736 1748
f 1768 1747 1740
f 1748 1750 1768
f 1740 1748 1768
f 1748 1739 1749 1750
f 1747 1768 1770 1762
f 1768 1750 1769 1770
f 1775 1754 1737
f 1755 1756 1775
f 1737 1755 1775
f 1761 1756 1755
f 1740 1747 1761
f 1755 1740 1761
f 1772 1760 1756
f 1761 1763 1772
f 1756 1761 1772
f 1765 1763 1761
f 1747 1762 1765
f 1761 1747 1765
f 1763 1765 1767 1764
f 1765 1762 1766 1767
f 1785 1771 1760
f 1772 1773 1785
f 1760 1772 1785
f 1781 1773 1772
f 1763 1764 1781
f 1772 1763 1781
f 1773 1781 1783 1780
f 1781 1764 1782 1783
f 1771 1785 1786 1784
f 1785 1773 1780 1786
f 1754 1775 1776 1774
f 1788 1776 1775
f 1756 1760 1788
f 1775 1756 1788
f 1776 1788 1789 1787
f 1788 1760 1771 1789
f 1705 1742 1743 1741
f 1758 1743 1742
f 1707 1734 1758
f 1742 1707 1758
f 1743 1758 1759 1757
f 1778 1759 1758
f 1734 1737 1778
f 1758 1734 1778
f 1759 1778 1779 1777
f 1778 1737 1754 1779
f 1332 25 26
f 18 17 1332
f 26 18 1332
f 27 19 18 26
f 28 20 19 27
f 29 21 20 28
f 30 22 21 29
f 8937 23 22
f 30 31 8937
f 22 30 8937
f 8933 8699 8938
f 8935 32 8933
f 8938 8935 8933
f 8975 24 8936
f 8938 8699 8975
f 8936 8938 8975
f 8938 8936 23 8937
f 8935 8938 8937 31
f 8848 8842 8853
f 8850 33 8848
f 8853 8850 8848
f 8859 8838 8891
f 8891 8851 8853
f 8853 8842 8859
f 8859 8891 8853
f 8853 8851 8845 8852
f 8850 8853 8852 8823
f 8838 8865 8893 8891
f 8889 8861 8881
f 8893 8865 8889
f 8881 8893 8889
f 8893 8881 8868 8892
f 8891 8893 8892 8851
f 8880 8878 8884
f 8881 8861 8880
f 8884 8881 8880
f 8894 8706 8882
f 8884 8878 8894
f 8882 8884 8894
f 8884 8882 8866 8883
f 8881 8884 8883 8868
f 8883 8866 8843
f 8867 8868 8883
f 8843 8867 8883
f 8892 8868 8867
f 8845 8851 8892
f 8867 8845 8892
f 8867 8843 8923
f 8923 8828 8844
f 8844 8845 8867
f 8867 8923 8844
f 8852 8845 8844
f 8695 8823 8852
f 8844 8695 8852
f 8943 8895 8947
f 8948 8906 8943
f 8947 8948 8943
f 8946 8948 8947 8897
f 8947 8895 8915
f 8915 8887 8896
f 8896 8897 8947
f 8947 8915 8896
f 8882 8897 8896 8866
f 8942 8940 8914 8941
f 8939 8942 8941 8911
f 8951 8949 8912 8950
f 8940 8951 8950 8914
f 8950 8912 8900
f 8913 8914 8950
f 8900 8913 8950
f 8941 8914 8913
f 8907 8911 8941
f 8913 8907 8941
f 8945 8943 8906
f 8908 8939 8945
f 8939 8911 8945
f 8945 8911 8907 8944
f 8943 8945 8944 8895
f 8954 8952 8909 8953
f 8912 8954 8953 8900
f 8953 8909 8957
f 8916 8900 8953
f 8957 8916 8953
f 8909 8898 8955 8957
f 8957 8955 8885 8956
f 8916 8957 8956 8899
f 8944 8907 8918
f 8915 8895 8944
f 8918 8915 8944
f 8913 8900 8916
f 8918 8907 8913
f 8916 8918 8913
f 8918 8916 8899 8917
f 8915 8918 8917 8887
f 8917 8899 8922
f 8919 8887 8917
f 8922 8919 8917
f 8956 8885 8920
f 8922 8899 8956
f 8920 8922 8956
f 8922 8920 8871 8921
f 8919 8922 8921 8886
f 8896 8887 8919
f 8919 8886 8843
f 8843 8866 8896
f 8896 8919 8843
f 8920 8885 8910
f 8910 8902 8901
f 8901 8871 8920
f 8920 8910 8901
f 8967 8924 8901
f 8924 8871 8901
f 8901 8869 8967
f 8967 8826 8870 8924
f 8843 8886 8926 8923
f 8921 8871 8924
f 8926 8886 8921
f 8924 8926 8921
f 8926 8924 8870 8925
f 8923 8926 8925 8828
f 8925 8870 8930
f 8927 8828 8925
f 8930 8927 8925
f 8870 8826 8928 8930
f 8930 8928 8700 8929
f 8927 8930 8929 8827
f 8844 8828 8927
f 8927 8827 8506
f 8506 8695 8844
f 8844 8927 8506
f 9006 9004 8979
f 9006 8988 8962 9005
f 9004 9006 9005 8978
f 9004 8978 8959
f 8977 8979 9004
f 8959 8977 9004
f 8989 9014 9013 8983
f 9003 9001 8991 9002
f 9000 9003 9002 8988
f 9012 9010 8989 9011
f 9001 9012 9011 8991
f 9011 8989 8983
f 8990 8991 9011
f 8983 8990 9011
f 9002 8991 8990
f 8962 8988 9002
f 8990 8962 9002
f 8990 8983 8995
f 8992 8962 8990
f 8995 8992 8990
f 9013 8960 8993
f 8995 8983 9013
f 8993 8995 9013
f 8995 8993 8905 8994
f 8992 8995 8994 8961
f 8959 8978 9009 9007
f 9005 8962 8992
f 9009 8978 9005
f 8992 9009 9005
f 9009 8992 8961 9008
f 9007 9009 9008 8958
f 9007 8958 8981
f 8982 8959 9007
f 8981 8982 9007
f 8980 8982 8981 8869
f 9043 9041 8903 9042
f 9031 9043 9042 9016
f 9033 9031 9016 9032
f 9030 9033 9032 9015
f 9027 9029 9028 8963
f 9023 8997 8984
f 8997 8905 8984
f 8984 8963 9023
f 9023 8987 8968 8997
f 9028 9015 9034
f 9034 9026 9023
f 9023 8963 9028
f 9028 9034 9023
f 9032 9016 9037
f 9034 9015 9032
f 9037 9034 9032
f 9042 8903 9035
f 9037 9016 9042
f 9035 9037 9042
f 9037 9035 9024 9036
f 9034 9037 9036 9026
f 9036 9024 8985
f 9025 9026 9036
f 8985 9025 9036
f 9023 9026 9025 8987
f 9025 8985 8874
f 8986 8987 9025
f 8874 8986 9025
f 8968 8987 8986 8904
f 8981 8958 8996
f 8996 8970 8967
f 8967 8869 8981
f 8981 8996 8967
f 9008 8961 8999
f 8996 8958 9008
f 8999 8996 9008
f 8994 8905 8997
f 8999 8961 8994
f 8997 8999 8994
f 8999 8997 8968 8998
f 8996 8999 8998 8970
f 8998 8968 8904
f 8969 8970 8998
f 8904 8969 8998
f 8967 8970 8969 8826
f 9087 9085 9055 9086
f 9057 9087 9086 9044
f 9086 9055 9090
f 9061 9044 9086
f 9090 9061 9086
f 9055 9054 9088 9090
f 9090 9088 9053 9089
f 9061 9090 9089 9017
f 9134 9091 9106
f 9091 9049 9106
f 9106 9047 9134
f 9134 8872 9048 9091
f 9089 9053 9093
f 9065 9017 9089
f 9093 9065 9089
f 9053 9049 9091 9093
f 9093 9091 9048 9092
f 9065 9093 9092 8964
f 9040 9038 9019 9039
f 9024 9040 9039 8985
f 9076 9046 9080
f 9081 9051 9076
f 9080 9081 9076
f 9079 9081 9080 9038
f 9075 9073 9059 9074
f 9072 9075 9074 9056
f 9084 9082 9057 9083
f 9073 9084 9083 9059
f 9083 9057 9044
f 9058 9059 9083
f 9044 9058 9083
f 9074 9059 9058
f 9052 9056 9074
f 9058 9052 9074
f 9078 9076 9051
f 9078 9056 9052 9077
f 9076 9078 9077 9046
f 9077 9052 9063
f 9060 9046 9077
f 9063 9060 9077
f 9058 9044 9061
f 9063 9052 9058
f 9061 9063 9058
f 9063 9061 9017 9062
f 9060 9063 9062 9045
f 9080 9046 9060
f 9060 9045 9019
f 9019 9038 9080
f 9080 9060 9019
f 9019 9045 9067 9064
f 9062 9017 9065
f 9067 9045 9062
f 9065 9067 9062
f 9067 9065 8964 9066
f 9064 9067 9066 9018
f 9039 9019 9064
f 9064 9018 8874
f 8874 8985 9039
f 9039 9064 8874
f 8874 9018 9071 9068
f 9066 8964 9069
f 9071 9018 9066
f 9069 9071 9066
f 9071 9069 9022 9070
f 9068 9071 9070 8971
f 9092 9048 9096
f 9069 8964 9092
f 9096 9069 9092
f 9048 8872 9094 9096
f 9096 9094 9020 9095
f 9069 9096 9095 9022
f 9095 9020 8698
f 9021 9022 9095
f 8698 9021 9095
f 9070 9022 9021
f 8873 8971 9070
f 9021 8873 9070
f 8969 8904 8973
f 8928 8826 8969
f 8973 8928 8969
f 8986 8874 9068
f 9068 8971 8973
f 8973 8904 8986
f 8986 9068 8973
f 8973 8971 8873 8972
f 8928 8973 8972 8700
f 8972 8873 8976
f 8932 8700 8972
f 8976 8932 8972
f 9021 8698 8974
f 8976 8873 9021
f 8974 8976 9021
f 8976 8974 24 8975
f 8932 8976 8975 8699
f 8506 8827 8934 8931
f 8929 8700 8932
f 8934 8827 8929
f 8932 8934 8929
f 8934 8932 8699 8933
f 8931 8934 8933 32
f 8890 8879 8861 8889
f 8888 8890 8889 8865
f 8864 8863 8862
f 8847 8855 8864
f 8862 8847 8864
f 8860 8858 8838 8859
f 8862 8860 8859
f 8842 8847 8862
f 8859 8842 8862
f 8857 8855 8847 8856
f 8854 8857 8856 8849
f 8856 8847 8842
f 8848 8849 8856
f 8842 8848 8856
f 8846 8849 8848 33
f 1803 1510 34
f 1511 1512 1803
f 34 1511 1803
f 1636 1512 1511
f 25 1331 1636
f 1511 25 1636
f 1800 1635 1512
f 1636 1637 1800
f 1512 1636 1800
f 1709 1637 1636
f 1331 1507 1709
f 1636 1331 1709
f 1797 1708 1637
f 1709 1710 1797
f 1637 1709 1797
f 1745 1710 1709
f 1507 1632 1745
f 1709 1507 1745
f 1794 1744 1710
f 1745 1746 1794
f 1710 1745 1794
f 1791 1746 1745
f 1632 1705 1791
f 1745 1632 1791
f 1746 1791 1792 1790
f 1791 1705 1741 1792
f 1744 1794 1795 1793
f 1794 1746 1790 1795
f 1812 1796 1708
f 1797 1798 1812
f 1708 1797 1812
f 1809 1798 1797
f 1710 1744 1809
f 1797 1710 1809
f 1825 1808 1798
f 1809 1810 1825
f 1798 1809 1825
f 1809 1744 1793 1810
f 1832 1819 1808
f 1825 1827 1832
f 1808 1825 1832
f 1825 1810 1826 1827
f 1839 1823 1819
f 1832 1834 1839
f 1819 1832 1839
f 1832 1827 1833 1834
f 1823 1839 1841 1830
f 1839 1834 1840 1841
f 1852 1811 1796
f 1812 1813 1852
f 1796 1812 1852
f 1818 1813 1812
f 1798 1808 1818
f 1812 1798 1818
f 1849 1817 1813
f 1818 1820 1849
f 1813 1818 1849
f 1822 1820 1818
f 1808 1819 1822
f 1818 1808 1822
f 1846 1821 1820
f 1822 1824 1846
f 1820 1822 1846
f 1829 1824 1822
f 1819 1823 1829
f 1822 1819 1829
f 1843 1828 1824
f 1829 1831 1843
f 1824 1829 1843
f 1836 1831 1829
f 1823 1830 1836
f 1829 1823 1836
f 1831 1836 1838 1835
f 1836 1830 1837 1838
f 1862 1842 1828
f 1843 1844 1862
f 1828 1843 1862
f 1858 1844 1843
f 1831 1835 1858
f 1843 1831 1858
f 1844 1858 1860 1857
f 1858 1835 1859 1860
f 1842 1862 1863 1861
f 1862 1844 1857 1863
f 1821 1846 1847 1845
f 1865 1847 1846
f 1824 1828 1865
f 1846 1824 1865
f 1847 1865 1866 1864
f 1865 1828 1842 1866
f 1817 1849 1850 1848
f 1849 1820 1821 1850
f 1811 1852 1853 1851
f 1852 1813 1817 1853
f 1875 1799 1635
f 1800 1801 1875
f 1635 1800 1875
f 1815 1801 1800
f 1637 1708 1815
f 1800 1637 1815
f 1872 1814 1801
f 1815 1816 1872
f 1801 1815 1872
f 1855 1816 1815
f 1708 1796 1855
f 1815 1708 1855
f 1868 1854 1816
f 1855 1856 1868
f 1816 1855 1868
f 1855 1796 1811 1856
f 1854 1868 1870 1867
f 1868 1856 1869 1870
f 1895 1871 1814
f 1872 1873 1895
f 1814 1872 1895
f 1881 1873 1872
f 1816 1854 1881
f 1872 1816 1881
f 1892 1880 1873
f 1881 1882 1892
f 1873 1881 1892
f 1884 1882 1881
f 1854 1867 1884
f 1881 1854 1884
f 1888 1883 1882
f 1884 1886 1888
f 1882 1884 1888
f 1884 1867 1885 1886
f 1883 1888 1890 1887
f 1888 1886 1889 1890
f 1880 1892 1893 1891
f 1901 1893 1892
f 1882 1883 1901
f 1892 1882 1901
f 1893 1901 1902 1900
f 1901 1883 1887 1902
f 1871 1895 1896 1894
f 1895 1873 1880 1896
f 1799 1875 1876 1874
f 1898 1876 1875
f 1801 1814 1898
f 1875 1801 1898
f 1876 1898 1899 1897
f 1898 1814 1871 1899
f 1914 1802 1510
f 1803 1804 1914
f 1510 1803 1914
f 1878 1804 1803
f 1512 1635 1878
f 1803 1512 1878
f 1911 1877 1804
f 1878 1879 1911
f 1804 1878 1911
f 1904 1879 1878
f 1635 1799 1904
f 1878 1635 1904
f 1907 1903 1879
f 1904 1905 1907
f 1879 1904 1907
f 1923 1905 1904
f 1799 1874 1923
f 1904 1799 1923
f 1905 1923 1925 1908
f 1923 1874 1924 1925
f 1931 1906 1903
f 1907 1909 1931
f 1903 1907 1931
f 1920 1909 1907
f 1905 1908 1920
f 1907 1905 1920
f 1927 1919 1909
f 1920 1922 1927
f 1909 1920 1927
f 1920 1908 1921 1922
f 1947 1926 1919
f 1927 1929 1947
f 1919 1927 1947
f 1927 1922 1928 1929
f 1926 1947 1949 1941
f 1947 1929 1948 1949
f 1957 1930 1906
f 1931 1932 1957
f 1906 1931 1957
f 1937 1932 1931
f 1909 1919 1937
f 1931 1909 1937
f 1954 1936 1932
f 1937 1938 1954
f 1932 1937 1954
f 1940 1938 1937
f 1919 1926 1940
f 1937 1919 1940
f 1951 1939 1938
f 1940 1942 1951
f 1938 1940 1951
f 1944 1942 1940
f 1926 1941 1944
f 1940 1926 1944
f 1942 1944 1946 1943
f 1944 1941 1945 1946
f 1939 1951 1952 1950
f 1951 1942 1943 1952
f 1936 1954 1955 1953
f 1954 1938 1939 1955
f 1930 1957 1958 1956
f 1957 1932 1936 1958
f 1877 1911 1912 1910
f 1934 1912 1911
f 1879 1903 1934
f 1911 1879 1934
f 1912 1934 1935 1933
f 1960 1935 1934
f 1903 1906 1960
f 1934 1903 1960
f 1935 1960 1961 1959
f 1960 1906 1930 1961
f 1966 1913 1802
f 1914 1915 1966
f 1802 1914 1966
f 1963 1915 1914
f 1804 1877 1963
f 1914 1804 1963
f 1915 1963 1964 1962
f 1963 1877 1910 1964
f 1913 1966 1967 1965
f 1966 1915 1962 1967
f 1511 34 2136
f 2136 35 26
f 26 25 1511
f 1511 2136 26
f 36 27 26 35
f 37 28 27 36
f 38 29 28 37
f 39 30 29 38
f 40 31 30 39
f 8507 32 8935
f 8935 31 40
f 40 41 8507
f 8507 8935 40
f 8649 8504 8653
f 8524 42 8649
f 8653 8524 8649
f 8669 8428 8715
f 8715 8651 8653
f 8653 8504 8669
f 8669 8715 8653
f 8653 8651 8508 8652
f 8524 8653 8652 8408
f 8713 8693 8718
f 8715 8428 8713
f 8718 8715 8713
f 8726 8656 8716
f 8718 8693 8726
f 8716 8718 8726
f 8718 8716 8697 8717
f 8715 8718 8717 8651
f 8821 8705 8825
f 8716 8656 8821
f 8825 8716 8821
f 8836 33 8850
f 8850 8823 8825
f 8825 8705 8836
f 8836 8850 8825
f 8825 8823 8695 8824
f 8716 8825 8824 8697
f 8824 8695 8506
f 8696 8697 8824
f 8506 8696 8824
f 8717 8697 8696
f 8508 8651 8717
f 8696 8508 8717
f 8696 8506 8931
f 8931 32 8507
f 8507 8508 8696
f 8696 8931 8507
f 8652 8508 8507
f 41 8408 8652
f 8507 41 8652
f 8840 8839 8820
f 8841 8835 8846
f 8846 33 8836
f 8836 8837 8841
f 8841 8846 8836
f 8839 8837 8836
f 8705 8820 8839
f 8836 8705 8839
f 8829 8819 8833
f 8830 8692 8829
f 8833 8830 8829
f 8833 8831 8822 8832
f 8830 8833 8832 8725
f 8822 8820 8705 8821
f 8832 8822 8821
f 8656 8725 8832
f 8821 8656 8832
f 8702 8733 8735 8732
f 8728 8719 8735
f 8733 8703 8728
f 8735 8733 8728
f 8735 8719 8710 8734
f 8732 8735 8734 8707
f 8781 8783 8782 8751
f 8782 8745 8757
f 8757 8729 8750
f 8750 8751 8782
f 8782 8757 8750
f 8749 8751 8750 8731
f 8750 8729 8761
f 8761 8722 8730
f 8730 8731 8750
f 8750 8761 8730
f 8728 8731 8730 8719
f 8804 8806 8805 8796
f 8815 8807 8818
f 8812 8754 8815
f 8818 8812 8815
f 8818 8816 8810 8817
f 8812 8818 8817 8801
f 8810 8808 8799 8809
f 8817 8810 8809
f 8789 8801 8817
f 8809 8789 8817
f 8799 8797 8747 8798
f 8809 8799 8798
f 8753 8789 8809
f 8798 8753 8809
f 8800 8791 8788
f 8752 8777 8800
f 8788 8752 8800
f 8811 8803 8800
f 8777 8784 8811
f 8800 8777 8811
f 8784 8796 8814 8811
f 8805 8754 8812
f 8814 8796 8805
f 8812 8814 8805
f 8814 8812 8801 8813
f 8811 8814 8813 8803
f 8813 8801 8789
f 8802 8803 8813
f 8789 8802 8813
f 8800 8803 8802 8791
f 8802 8789 8753
f 8790 8791 8802
f 8753 8790 8802
f 8788 8791 8790 8748
f 8788 8748 8779
f 8780 8752 8788
f 8779 8780 8788
f 8778 8780 8779 8745
f 8787 8785 8742 8786
f 8758 8787 8786 8746
f 8779 8748 8792
f 8792 8760 8757
f 8757 8745 8779
f 8779 8792 8757
f 8790 8753 8795
f 8792 8748 8790
f 8795 8792 8790
f 8798 8747 8793
f 8795 8753 8798
f 8793 8795 8798
f 8795 8793 8758 8794
f 8792 8795 8794 8760
f 8794 8758 8746
f 8759 8760 8794
f 8746 8759 8794
f 8757 8760 8759 8729
f 8762 8742 8755
f 8755 8740 8720
f 8720 8741 8762
f 8762 8755 8720
f 8759 8746 8764
f 8761 8729 8759
f 8764 8761 8759
f 8786 8742 8762
f 8764 8746 8786
f 8762 8764 8786
f 8764 8762 8741 8763
f 8761 8764 8763 8722
f 8763 8741 8768
f 8765 8722 8763
f 8768 8765 8763
f 8741 8720 8766 8768
f 8768 8766 8708 8767
f 8765 8768 8767 8721
f 8730 8722 8765
f 8765 8721 8710
f 8710 8719 8730
f 8730 8765 8710
f 8710 8721 8772 8769
f 8767 8708 8770
f 8772 8721 8767
f 8770 8772 8767
f 8772 8770 8694 8771
f 8769 8772 8771 8709
f 8734 8710 8769
f 8769 8709 8701
f 8701 8707 8734
f 8734 8769 8701
f 8689 8737 8739 8736
f 8732 8707 8739
f 8737 8702 8732
f 8739 8737 8732
f 8739 8707 8701 8738
f 8736 8739 8738 8668
f 8766 8720 8756
f 8756 8744 8743
f 8743 8708 8766
f 8766 8756 8743
f 8704 8723 8724
f 8770 8708 8743
f 8743 8724 8723
f 8723 8694 8770
f 8770 8743 8723
f 8774 8694 8723
f 8723 8704 8727
f 8727 8712 8774
f 8774 8723 8727
f 8834 8692 8830
f 8830 8725 8727
f 8727 8704 8834
f 8834 8830 8727
f 8727 8725 8656 8726
f 8712 8727 8726 8693
f 8738 8701 8773
f 8773 8714 8711
f 8711 8668 8738
f 8738 8773 8711
f 8701 8709 8776 8773
f 8771 8694 8774
f 8776 8709 8771
f 8774 8776 8771
f 8776 8774 8712 8775
f 8773 8776 8775 8714
f 8775 8712 8693
f 8713 8714 8775
f 8693 8713 8775
f 8711 8714 8713 8428
f 8683 8681 8659 8682
f 8680 8683 8682 8645
f 8682 8659 8687
f 8684 8645 8682
f 8687 8684 8682
f 8659 8657 8685 8687
f 8687 8685 8663 8686
f 8684 8687 8686 8660
f 8663 8661 8655 8662
f 8686 8663 8662
f 8514 8660 8686
f 8662 8514 8686
f 8680 8645 8672
f 8673 8658 8680
f 8672 8673 8680
f 8671 8673 8672 8654
f 8647 8654 8676 8674
f 8672 8645 8684
f 8684 8660 8676
f 8676 8654 8672
f 8672 8684 8676
f 8676 8660 8514 8675
f 8674 8676 8675 8646
f 8674 8646 8464
f 8529 8647 8674
f 8464 8529 8674
f 8736 8668 8690
f 8691 8689 8736
f 8690 8691 8736
f 8688 8691 8690 8670
f 8690 8668 8711
f 8711 8428 8669
f 8669 8670 8690
f 8690 8711 8669
f 8648 8670 8669 8504
f 8464 8646 8679 8677
f 8675 8514 8664
f 8679 8646 8675
f 8664 8679 8675
f 8679 8664 8650 8678
f 8677 8679 8678 8520
f 8662 8655 8667
f 8664 8514 8662
f 8667 8664 8662
f 8655 8505 8665 8667
f 8667 8665 8648 8666
f 8664 8667 8666 8650
f 8666 8648 8504
f 8649 8650 8666
f 8504 8649 8666
f 8678 8650 8649
f 42 8520 8678
f 8649 42 8678
f 43 2131 2133 2130
f 2131 1806 2132 2133
f 2127 1985 2133
f 2132 1807 2127
f 2133 2132 2127
f 2130 2133 1985 1805
f 1917 1807 2132
f 2132 1806 34
f 34 1510 1917
f 1917 2132 34
f 1982 1916 2128
f 2128 1807 1917
f 1917 1918 1982
f 1982 2128 1917
f 1969 1918 1917
f 1510 1802 1969
f 1917 1510 1969
f 1979 1968 1918
f 1969 1970 1979
f 1918 1969 1979
f 1972 1970 1969
f 1802 1913 1972
f 1969 1802 1972
f 1975 1971 1970
f 1972 1973 1975
f 1970 1972 1975
f 1972 1913 1965 1973
f 1971 1975 1977 1974
f 1975 1973 1976 1977
f 1968 1979 1980 1978
f 1991 1980 1979
f 1970 1971 1991
f 1979 1970 1991
f 1980 1991 1992 1990
f 1991 1971 1974 1992
f 1997 1981 1916
f 1982 1983 1997
f 1916 1982 1997
f 1994 1983 1982
f 1918 1968 1994
f 1982 1918 1994
f 1983 1994 1995 1993
f 1994 1968 1978 1995
f 1981 1997 1998 1996
f 1997 1983 1993 1998
f 2126 1986 2009
f 2009 1984 1805
f 1805 1985 2126
f 2126 2009 1805
f 1985 2127 2129 2126
f 2127 1807 2128 2129
f 2129 2128 1916 2000
f 2123 1986 2126
f 2129 2000 2123
f 2126 2129 2123
f 1986 2123 2125 2122
f 2123 2000 2124 2125
f 2119 2006 2125
f 2124 2001 2119
f 2125 2124 2119
f 2122 2125 2006 1999
f 2003 2001 2124
f 2124 2000 1916
f 1916 1981 2003
f 2003 2124 1916
f 2035 2002 2120
f 2120 2001 2003
f 2003 2004 2035
f 2035 2120 2003
f 2003 1981 1996 2004
f 2002 2035 2037 2016
f 2035 2004 2036 2037
f 2118 2007 2023
f 2023 2005 1999
f 1999 2006 2118
f 2118 2023 1999
f 2006 2119 2121 2118
f 2119 2001 2120 2121
f 2121 2120 2002 2015
f 2115 2007 2118
f 2121 2015 2115
f 2118 2121 2115
f 2007 2115 2117 2114
f 2115 2015 2116 2117
f 2117 2116 2017 2019
f 2111 2014 2114
f 2117 2019 2111
f 2114 2117 2111
f 2032 2017 2116
f 2116 2015 2002
f 2002 2016 2032
f 2032 2116 2002
f 2017 2032 2034 2020
f 2032 2016 2033 2034
f 2014 2111 2113 2110
f 2111 2019 2112 2113
f 2113 2112 2021 2039
f 2107 2018 2110
f 2113 2039 2107
f 2110 2113 2107
f 2029 2021 2112
f 2112 2019 2017
f 2017 2020 2029
f 2029 2112 2017
f 2021 2029 2031 2028
f 2029 2020 2030 2031
f 2018 2107 2109 2106
f 2107 2039 2108 2109
f 2109 2108 2040 2049
f 2103 2038 2106
f 2109 2049 2103
f 2106 2109 2103
f 2045 2040 2108
f 2108 2039 2021
f 2021 2028 2045
f 2045 2108 2021
f 2040 2045 2047 2044
f 2045 2028 2046 2047
f 2038 2103 2105 2102
f 2103 2049 2104 2105
f 2099 2063 2105
f 2104 2050 2099
f 2105 2104 2099
f 2102 2105 2063 2048
f 2055 2050 2104
f 2104 2049 2040
f 2040 2044 2055
f 2055 2104 2040
f 2059 2054 2100
f 2100 2050 2055
f 2055 2057 2059
f 2059 2100 2055
f 2055 2044 2056 2057
f 2146 2058 2096
f 2096 2054 2059
f 2059 2061 2146
f 2146 2096 2059
f 2059 2057 2060 2061
f 2058 2146 2148 2073
f 2146 2061 2147 2148
f 2098 2064 2080
f 2080 2062 2048
f 2048 2063 2098
f 2098 2080 2048
f 2063 2099 2101 2098
f 2099 2050 2100 2101
f 2095 2069 2101
f 2100 2054 2095
f 2101 2100 2095
f 2163 2064 2098
f 2101 2069 2163
f 2098 2101 2163
f 2064 2163 2164 2162
f 2163 2069 2094 2164
f 2160 2077 2164
f 2094 2070 2160
f 2164 2094 2160
f 2162 2164 2077 2068
f 2069 2095 2097 2094
f 2095 2054 2096 2097
f 2097 2096 2058 2072
f 2091 2070 2094
f 2097 2072 2091
f 2094 2097 2091
f 2070 2091 2093 2090
f 2091 2072 2092 2093
f 2142 2075 2093
f 2092 2074 2142
f 2093 2092 2142
f 2086 2071 2090
f 2093 2075 2086
f 2090 2093 2086
f 2145 2074 2092
f 2092 2072 2058
f 2058 2073 2145
f 2145 2092 2058
f 2154 2085 2071
f 2086 2088 2154
f 2071 2086 2154
f 2139 2088 2086
f 2075 2087 2139
f 2086 2075 2139
f 2150 2138 2088
f 2139 2141 2150
f 2088 2139 2150
f 2139 2087 2140 2141
f 2138 2150 2152 2149
f 2150 2141 2151 2152
f 2085 2154 2155 2153
f 2166 2155 2154
f 2088 2138 2166
f 2154 2088 2166
f 2155 2166 2167 2165
f 2166 2138 2149 2167
f 2075 2142 2144 2087
f 2142 2074 2143 2144
f 2159 2078 2076
f 2068 2077 2159
f 2076 2068 2159
f 2077 2160 2161 2159
f 2160 2070 2090 2161
f 2157 2089 2161
f 2090 2071 2157
f 2161 2090 2157
f 2159 2161 2089 2078
f 2089 2157 2158 2156
f 2157 2071 2085 2158
f 2062 2080 2081 2079
f 2162 2068 2081
f 2080 2064 2162
f 2081 2080 2162
f 2005 2023 2024 2022
f 2114 2014 2042
f 2042 2024 2023
f 2023 2007 2114
f 2114 2042 2023
f 2024 2042 2043 2041
f 2110 2018 2052
f 2052 2043 2042
f 2042 2014 2110
f 2110 2052 2042
f 2043 2052 2053 2051
f 2106 2038 2066
f 2066 2053 2052
f 2052 2018 2106
f 2106 2066 2052
f 2053 2066 2067 2065
f 2102 2048 2083
f 2083 2067 2066
f 2066 2038 2102
f 2102 2083 2066
f 2067 2083 2084 2082
f 2083 2048 2062 2084
f 2169 2008 1984
f 2009 2010 2169
f 1984 2009 2169
f 2122 1999 2026
f 2026 2010 2009
f 2009 1986 2122
f 2122 2026 2009
f 2010 2026 2027 2025
f 2026 1999 2005 2027
f 2008 2169 2170 2168
f 2169 2010 2025 2170
f 44 2135 2137 2134
f 2135 35 2136 2137
f 2137 2136 34 1806
f 2131 43 2134
f 2137 1806 2131
f 2134 2137 2131
f 2135 44 45
f 36 35 2135
f 45 36 2135
f 46 37 36 45
f 47 38 37 46
f 48 39 38 47
f 49 40 39 48
f 7260 50 8409
f 8409 41 40
f 40 49 7260
f 7260 8409 40
f 8406 8178 8523
f 8523 8410 7404
f 7404 51 8406
f 8406 8523 7404
f 8178 8465 8526 8523
f 8521 42 8524
f 8526 8465 8521
f 8524 8526 8521
f 8526 8524 8408 8525
f 8523 8526 8525 8410
f 8525 8408 41
f 8409 8410 8525
f 41 8409 8525
f 7404 8410 8409 50
f 8499 8497 8179 8498
f 8482 8499 8498 8470
f 8496 8494 8482 8495
f 8493 8496 8495 8484
f 8495 8482 8470
f 8483 8484 8495
f 8470 8483 8495
f 8481 8484 8483 8468
f 8492 8469 8481
f 8481 8468 8479
f 8479 8480 8492
f 8492 8481 8479
f 8478 8480 8479 8427
f 8467 8460 8459
f 8360 8456 8467
f 8459 8360 8467
f 8450 8440 8425
f 8441 8442 8450
f 8425 8441 8450
f 8439 8442 8441 8422
f 8451 8423 8411
f 8424 8425 8451
f 8411 8424 8451
f 8441 8425 8424
f 8413 8422 8441
f 8424 8413 8441
f 8412 8444 8446 8443
f 8446 8422 8413 8445
f 8443 8446 8445 8373
f 8458 8456 8360 8457
f 8415 8458 8457 8404
f 8445 8413 8432
f 8429 8373 8445
f 8432 8429 8445
f 8424 8411 8430
f 8432 8413 8424
f 8430 8432 8424
f 8432 8430 8417 8431
f 8429 8432 8431 8414
f 8452 8426 8455
f 8430 8411 8452
f 8455 8430 8452
f 8455 8453 8415 8454
f 8430 8455 8454 8417
f 8454 8415 8404
f 8416 8417 8454
f 8404 8416 8454
f 8431 8417 8416
f 7591 8414 8431
f 8416 7591 8431
f 8491 8489 8473 8490
f 8475 8491 8490 8461
f 8489 8501 8500 8473
f 8500 8471 8515
f 8515 8466 8472
f 8472 8473 8500
f 8500 8515 8472
f 8490 8473 8472
f 8405 8461 8490
f 8472 8405 8490
f 8644 8642 8594 8643
f 8626 8644 8643 8612
f 8628 8625 8611
f 8628 8626 8612 8627
f 8625 8628 8627 8603
f 8625 8603 8637
f 8638 8611 8625
f 8637 8638 8625
f 8636 8638 8637 8592
f 8635 8633 8559 8634
f 8618 8635 8634 8593
f 8637 8603 8629
f 8629 8620 8617
f 8617 8592 8637
f 8637 8629 8617
f 8627 8612 8632
f 8629 8603 8627
f 8632 8629 8627
f 8643 8594 8630
f 8632 8612 8643
f 8630 8632 8643
f 8632 8630 8618 8631
f 8629 8632 8631 8620
f 8631 8618 8593
f 8619 8620 8631
f 8593 8619 8631
f 8617 8620 8619 8577
f 8639 8641 8640 8606
f 8640 8592 8617
f 8617 8577 8605
f 8605 8606 8640
f 8640 8617 8605
f 8604 8606 8605 8570
f 8607 8609 8608 8557
f 8622 8559 8613
f 8613 8595 8616
f 8616 8600 8622
f 8622 8613 8616
f 8616 8614 8598 8615
f 8600 8616 8615 8585
f 8598 8596 8545 8597
f 8615 8598 8597
f 8558 8585 8615
f 8597 8558 8615
f 8608 8570 8599
f 8599 8587 8584
f 8584 8557 8608
f 8608 8599 8584
f 8605 8577 8621
f 8621 8602 8599
f 8599 8570 8605
f 8605 8621 8599
f 8619 8593 8624
f 8621 8577 8619
f 8624 8621 8619
f 8634 8559 8622
f 8624 8593 8634
f 8622 8624 8634
f 8624 8622 8600 8623
f 8621 8624 8623 8602
f 8623 8600 8585
f 8601 8602 8623
f 8585 8601 8623
f 8599 8602 8601 8587
f 8601 8585 8558
f 8586 8587 8601
f 8558 8586 8601
f 8584 8587 8586 8546
f 8610 8557 8584
f 8584 8546 8572
f 8572 8573 8610
f 8610 8584 8572
f 8571 8573 8572 8527
f 8574 8576 8575 8532
f 8512 8532 8566 8564
f 8575 8527 8560
f 8560 8547 8566
f 8566 8532 8575
f 8575 8560 8566
f 8566 8547 8536 8565
f 8564 8566 8565 8533
f 8572 8546 8588
f 8588 8563 8560
f 8560 8527 8572
f 8572 8588 8560
f 8586 8558 8591
f 8588 8546 8586
f 8591 8588 8586
f 8597 8545 8589
f 8591 8558 8597
f 8589 8591 8597
f 8591 8589 8561 8590
f 8588 8591 8590 8563
f 8590 8561 8550
f 8562 8563 8590
f 8550 8562 8590
f 8560 8563 8562 8547
f 8580 8578 8548 8579
f 8561 8580 8579 8550
f 8579 8548 8534
f 8549 8550 8579
f 8534 8549 8579
f 8562 8550 8549
f 8536 8547 8562
f 8549 8536 8562
f 8549 8534 8503
f 8535 8536 8549
f 8503 8535 8549
f 8565 8536 8535
f 8511 8533 8565
f 8535 8511 8565
f 8510 8541 8569 8567
f 8564 8533 8569
f 8541 8512 8564
f 8569 8541 8564
f 8569 8533 8511 8568
f 8567 8569 8568 8509
f 8567 8509 8543
f 8544 8510 8567
f 8543 8544 8567
f 8542 8544 8543 8471
f 8583 8581 8553 8582
f 8548 8583 8582 8534
f 8553 8551 8528 8552
f 8582 8553 8552
f 8503 8534 8582
f 8552 8503 8582
f 8552 8528 8556
f 8538 8503 8552
f 8556 8538 8552
f 8528 8513 8554 8556
f 8556 8554 8531 8555
f 8538 8556 8555 8516
f 8531 8529 8464 8530
f 8555 8531 8530
f 8502 8516 8555
f 8530 8502 8555
f 8543 8509 8537
f 8537 8518 8515
f 8515 8471 8543
f 8543 8537 8515
f 8568 8511 8540
f 8537 8509 8568
f 8540 8537 8568
f 8535 8503 8538
f 8540 8511 8535
f 8538 8540 8535
f 8540 8538 8516 8539
f 8537 8540 8539 8518
f 8539 8516 8502
f 8517 8518 8539
f 8502 8517 8539
f 8515 8518 8517 8466
f 8517 8502 8522
f 8519 8466 8517
f 8522 8519 8517
f 8530 8464 8677
f 8677 8520 8522
f 8522 8502 8530
f 8530 8677 8522
f 8522 8520 42 8521
f 8519 8522 8521 8465
f 8472 8466 8519
f 8519 8465 8178
f 8178 8405 8472
f 8472 8519 8178
f 8416 8404 8421
f 8418 7591 8416
f 8421 8418 8416
f 8457 8360 8419
f 8421 8404 8457
f 8419 8421 8457
f 8421 8419 8407 8420
f 8418 8421 8420 8336
f 8459 8427 8474
f 8474 8463 8419
f 8419 8360 8459
f 8459 8474 8419
f 8479 8468 8485
f 8485 8477 8474
f 8474 8427 8479
f 8479 8485 8474
f 8483 8470 8488
f 8485 8468 8483
f 8488 8485 8483
f 8498 8179 8486
f 8488 8470 8498
f 8486 8488 8498
f 8488 8486 8475 8487
f 8485 8488 8487 8477
f 8487 8475 8461
f 8476 8477 8487
f 8461 8476 8487
f 8474 8477 8476 8463
f 8476 8461 8405
f 8462 8463 8476
f 8405 8462 8476
f 8419 8463 8462 8407
f 8462 8405 8178
f 8406 8407 8462
f 8178 8406 8462
f 8420 8407 8406
f 51 8336 8420
f 8406 51 8420
f 52 2346 2348 2345
f 2346 1988 2347 2348
f 2348 2347 1989 2184
f 2342 1987 2345
f 2348 2184 2342
f 2345 2348 2342
f 2347 2130 2012
f 2130 1805 2012
f 2012 1989 2347
f 2347 1988 43 2130
f 2181 2011 1989
f 2012 2013 2181
f 1989 2012 2181
f 2172 2013 2012
f 1805 1984 2172
f 2012 1805 2172
f 2178 2171 2013
f 2172 2173 2178
f 2013 2172 2178
f 2175 2173 2172
f 1984 2008 2175
f 2172 1984 2175
f 2173 2175 2176 2174
f 2175 2008 2168 2176
f 2190 2177 2171
f 2178 2179 2190
f 2171 2178 2190
f 2178 2173 2174 2179
f 2177 2190 2192 2189
f 2190 2179 2191 2192
f 2200 2180 2011
f 2181 2182 2200
f 2011 2181 2200
f 2194 2182 2181
f 2013 2171 2194
f 2181 2013 2194
f 2182 2194 2195 2193
f 2197 2195 2194
f 2171 2177 2197
f 2194 2171 2197
f 2195 2197 2198 2196
f 2197 2177 2189 2198
f 2180 2200 2201 2199
f 2200 2182 2193 2201
f 1987 2342 2344 2341
f 2342 2184 2343 2344
f 2338 2212 2344
f 2343 2185 2338
f 2344 2343 2338
f 2341 2344 2212 2183
f 2203 2185 2343
f 2343 2184 1989
f 1989 2011 2203
f 2203 2343 1989
f 2209 2202 2339
f 2339 2185 2203
f 2203 2204 2209
f 2209 2339 2203
f 2206 2204 2203
f 2011 2180 2206
f 2203 2011 2206
f 2204 2206 2207 2205
f 2206 2180 2199 2207
f 2218 2208 2335
f 2335 2202 2209
f 2209 2210 2218
f 2218 2335 2209
f 2209 2204 2205 2210
f 2254 2217 2331
f 2331 2208 2218
f 2218 2220 2254
f 2254 2331 2218
f 2218 2210 2219 2220
f 2217 2254 2256 2229
f 2254 2220 2255 2256
f 2337 2213 2242
f 2242 2211 2183
f 2183 2212 2337
f 2337 2242 2183
f 2212 2338 2340 2337
f 2338 2185 2339 2340
f 2334 2222 2340
f 2339 2202 2334
f 2340 2339 2334
f 2337 2340 2222 2213
f 2333 2223 2239
f 2239 2221 2213
f 2213 2222 2333
f 2333 2239 2213
f 2222 2334 2336 2333
f 2334 2202 2335 2336
f 2330 2225 2336
f 2335 2208 2330
f 2336 2335 2330
f 2333 2336 2225 2223
f 2329 2226 2236
f 2236 2224 2223
f 2223 2225 2329
f 2329 2236 2223
f 2225 2330 2332 2329
f 2330 2208 2331 2332
f 2332 2331 2217 2228
f 2326 2226 2329
f 2332 2228 2326
f 2329 2332 2326
f 2226 2326 2328 2325
f 2326 2228 2327 2328
f 2322 2232 2328
f 2327 2230 2322
f 2328 2327 2322
f 2325 2328 2232 2227
f 2251 2230 2327
f 2327 2228 2217
f 2217 2229 2251
f 2251 2327 2217
f 2284 2233 2323
f 2323 2230 2251
f 2251 2253 2284
f 2284 2323 2251
f 2251 2229 2252 2253
f 2233 2284 2286 2249
f 2284 2253 2285 2286
f 2321 2234 2262
f 2262 2231 2227
f 2227 2232 2321
f 2321 2262 2227
f 2232 2322 2324 2321
f 2322 2230 2323 2324
f 2324 2323 2233 2248
f 2318 2234 2321
f 2324 2248 2318
f 2321 2324 2318
f 2234 2318 2320 2317
f 2318 2248 2319 2320
f 2320 2319 2250 2258
f 2314 2247 2317
f 2320 2258 2314
f 2317 2320 2314
f 2281 2250 2319
f 2319 2248 2233
f 2233 2249 2281
f 2281 2319 2233
f 2250 2281 2283 2259
f 2281 2249 2282 2283
f 2247 2314 2316 2313
f 2314 2258 2315 2316
f 2375 2268 2316
f 2315 2260 2375
f 2316 2315 2375
f 2310 2257 2313
f 2316 2268 2310
f 2313 2316 2310
f 2278 2260 2315
f 2315 2258 2250
f 2250 2259 2278
f 2278 2315 2250
f 2376 2260 2278
f 2280 2269 2376
f 2278 2280 2376
f 2278 2259 2279 2280
f 2257 2310 2312 2309
f 2310 2268 2311 2312
f 2306 2288 2312
f 2311 2270 2306
f 2312 2311 2306
f 2309 2312 2288 2267
f 2268 2375 2377 2311
f 2375 2260 2376 2377
f 2377 2376 2269 2275
f 2372 2270 2311
f 2377 2275 2372
f 2311 2377 2372
f 2270 2372 2374 2307
f 2372 2275 2373 2374
f 2374 2373 2277 2298
f 2369 2274 2307
f 2374 2298 2369
f 2307 2374 2369
f 2373 2275 2269
f 2276 2277 2373
f 2269 2276 2373
f 2274 2369 2371 2303
f 2369 2298 2370 2371
f 2371 2370 2299 2352
f 2367 2303 2371
f 2352 2295 2367
f 2371 2352 2367
f 2305 2289 2360
f 2360 2287 2267
f 2267 2288 2305
f 2305 2360 2267
f 2288 2306 2308 2305
f 2306 2270 2307 2308
f 2302 2294 2308
f 2307 2274 2302
f 2308 2307 2302
f 2385 2289 2305
f 2308 2294 2385
f 2305 2308 2385
f 2289 2385 2386 2384
f 2385 2294 2301 2386
f 2381 2296 2391
f 2391 2358 2386
f 2386 2301 2381
f 2381 2391 2386
f 2384 2386 2358 2293
f 2382 2301 2294
f 2302 2304 2382
f 2294 2302 2382
f 2366 2304 2302
f 2274 2303 2366
f 2302 2274 2366
f 2304 2366 2368 2365
f 2366 2303 2367 2368
f 2368 2367 2295 2300
f 2354 2297 2365
f 2368 2300 2354
f 2365 2368 2354
f 2301 2382 2383 2381
f 2382 2304 2365 2383
f 2379 2357 2383
f 2365 2297 2379
f 2383 2365 2379
f 2390 2296 2381
f 2383 2357 2390
f 2381 2383 2390
f 2389 2296 2390
f 2390 2357 2378
f 2388 2378 2357
f 2379 2380 2388
f 2357 2379 2388
f 2387 2380 2379
f 2297 2353 2387
f 2379 2297 2387
f 2354 2300 2355 2356
f 2287 2360 2361 2359
f 2384 2293 2361
f 2360 2289 2384
f 2361 2360 2384
f 2231 2262 2263 2261
f 2317 2247 2272
f 2272 2263 2262
f 2262 2234 2317
f 2317 2272 2262
f 2263 2272 2273 2271
f 2313 2257 2291
f 2291 2273 2272
f 2272 2247 2313
f 2313 2291 2272
f 2273 2291 2292 2290
f 2309 2267 2363
f 2363 2292 2291
f 2291 2257 2309
f 2309 2363 2291
f 2292 2363 2364 2362
f 2363 2267 2287 2364
f 2224 2236 2237 2235
f 2325 2227 2265
f 2265 2237 2236
f 2236 2226 2325
f 2325 2265 2236
f 2237 2265 2266 2264
f 2265 2227 2231 2266
f 2221 2239 2240 2238
f 2239 2223 2224 2240
f 2211 2242 2243 2241
f 2242 2213 2221 2243
f 53 2350 2351 2349
f 2350 44 2134 2351
f 2351 2134 43 1988
f 2346 52 2349
f 2351 1988 2346
f 2349 2351 2346
f 2350 53 54
f 45 44 2350
f 54 45 2350
f 55 46 45 54
f 56 47 46 55
f 6395 57 48
f 47 56 6395
f 48 47 6395
f 101 58 7261
f 7261 49 48
f 48 57 101
f 101 7261 48
f 7296 59 7259
f 7262 120 7296
f 7259 7262 7296
f 7259 50 7260 7262
f 7262 7260 49 7261
f 7256 120 7262
f 7261 58 7256
f 7262 7261 7256
f 7628 60 7631
f 7634 7490 7628
f 7631 7634 7628
f 7631 7403 7632 7634
f 7634 7632 7405 7633
f 7490 7634 7633 6992
f 7632 7403 8337
f 8337 51 7404
f 7404 7405 7632
f 7632 8337 7404
f 7405 7404 50 7259
f 7401 6992 7633
f 7633 7405 7259
f 7259 59 7401
f 7401 7633 7259
f 8207 8205 8203 8206
f 8204 8207 8206 8198
f 8203 8201 8196 8202
f 8206 8203 8202
f 8187 8198 8206
f 8202 8187 8206
f 8196 8194 8074 8195
f 8202 8196 8195
f 8174 8187 8202
f 8195 8174 8202
f 8197 8189 8186
f 8149 8180 8197
f 8186 8149 8197
f 8180 8181 8200 8197
f 8200 8198 8187 8199
f 8197 8200 8199 8189
f 8199 8187 8174
f 8188 8189 8199
f 8174 8188 8199
f 8186 8189 8188 8129
f 8186 8129 8150
f 8151 8149 8186
f 8150 8151 8186
f 8132 8151 8150 7687
f 8208 8191 8182
f 8191 8074 8182
f 8182 8175 8208
f 8208 8185 8152 8191
f 8265 8263 8249
f 8265 8227 8219 8264
f 8263 8265 8264 8248
f 8263 8248 8221
f 8247 8249 8263
f 8221 8247 8263
f 8221 8248 8268 8266
f 8264 8219 8287
f 8287 8231 8268
f 8268 8248 8264
f 8264 8287 8268
f 8268 8231 8209 8267
f 8266 8268 8267 8220
f 8266 8220 8211
f 8218 8221 8266
f 8211 8218 8266
f 8211 8220 8271 8269
f 8267 8209 8235
f 8271 8220 8267
f 8235 8271 8267
f 8271 8235 8183 8270
f 8269 8271 8270 8210
f 8269 8210 8185
f 8208 8211 8269
f 8185 8208 8269
f 8185 8210 8274 8272
f 8270 8183 8239
f 8274 8210 8270
f 8239 8274 8270
f 8274 8239 7662 8273
f 8272 8274 8273 8184
f 8272 8184 8073
f 8152 8185 8272
f 8073 8152 8272
f 8150 8129 8190
f 8190 8154 8135
f 8135 7687 8150
f 8150 8190 8135
f 8188 8174 8193
f 8190 8129 8188
f 8193 8190 8188
f 8195 8074 8191
f 8193 8174 8195
f 8191 8193 8195
f 8193 8191 8152 8192
f 8190 8193 8192 8154
f 8192 8152 8073
f 8153 8154 8192
f 8073 8153 8192
f 8135 8154 8153 7641
f 8355 8346 8339 8354
f 8353 8355 8354 8350
f 8354 8339 8361
f 8361 7661 8349
f 8349 8350 8354
f 8354 8361 8349
f 8348 8350 8349 8257
f 8280 8315 8314 8228
f 8314 8278 8318
f 8284 8228 8314
f 8318 8284 8314
f 8278 8254 8316 8318
f 8318 8316 8253 8317
f 8284 8318 8317 8226
f 8296 8230 8261
f 8262 8250 8296
f 8261 8262 8296
f 8260 8262 8261 8227
f 8325 8304 8301
f 8252 8291 8325
f 8301 8252 8325
f 8291 8300 8328 8325
f 8328 8326 8302 8327
f 8325 8328 8327 8304
f 8327 8302 8295
f 8303 8304 8327
f 8295 8303 8327
f 8301 8304 8303 8292
f 8331 8329 8310 8330
f 8326 8331 8330 8302
f 8310 8308 8293 8309
f 8330 8310 8309
f 8295 8302 8330
f 8309 8295 8330
f 8309 8293 8282
f 8294 8295 8309
f 8282 8294 8309
f 8303 8295 8294
f 8279 8292 8303
f 8294 8279 8303
f 8313 8311 8280 8312
f 8293 8313 8312 8282
f 8312 8280 8228
f 8281 8282 8312
f 8228 8281 8312
f 8294 8282 8281
f 8251 8279 8294
f 8281 8251 8294
f 8305 8298 8296
f 8250 8259 8305
f 8296 8250 8305
f 8259 8299 8307 8305
f 8301 8292 8307
f 8299 8252 8301
f 8307 8299 8301
f 8307 8292 8279 8306
f 8305 8307 8306 8298
f 8306 8279 8251
f 8297 8298 8306
f 8251 8297 8306
f 8296 8298 8297 8230
f 8297 8251 8286
f 8283 8230 8297
f 8286 8283 8297
f 8281 8228 8284
f 8286 8251 8281
f 8284 8286 8281
f 8286 8284 8226 8285
f 8283 8286 8285 8229
f 8261 8230 8283
f 8283 8229 8219
f 8219 8227 8261
f 8261 8283 8219
f 8319 8225 8255
f 8324 8232 8319
f 8255 8324 8319
f 8324 8322 8223 8323
f 8232 8324 8323 8224
f 8219 8229 8290 8287
f 8285 8226 8288
f 8290 8229 8285
f 8288 8290 8285
f 8290 8288 8234 8289
f 8287 8290 8289 8231
f 8317 8253 8321
f 8288 8226 8317
f 8321 8288 8317
f 8253 8225 8319 8321
f 8321 8319 8232 8320
f 8288 8321 8320 8234
f 8320 8232 8224
f 8233 8234 8320
f 8224 8233 8320
f 8289 8234 8233
f 8209 8231 8289
f 8233 8209 8289
f 8214 8222 8236
f 8236 8223 8214
f 8233 8224 8238
f 8235 8209 8233
f 8238 8235 8233
f 8323 8223 8236
f 8238 8224 8323
f 8236 8238 8323
f 8238 8236 8222 8237
f 8235 8238 8237 8183
f 8240 8214 8256
f 8256 8212 8176
f 8176 8213 8240
f 8240 8256 8176
f 8237 8222 8242
f 8239 8183 8237
f 8242 8239 8237
f 8222 8214 8240 8242
f 8242 8240 8213 8241
f 8239 8242 8241 7662
f 8241 8213 8246
f 8243 7662 8241
f 8246 8243 8241
f 8213 8176 8244 8246
f 8246 8244 8217 8245
f 8243 8246 8245 8155
f 8176 8257 8352 8244
f 8349 7661 8365
f 8365 8342 8352
f 8352 8257 8349
f 8349 8365 8352
f 8352 8342 8215 8351
f 8244 8352 8351 8217
f 8351 8215 7592
f 8216 8217 8351
f 7592 8216 8351
f 8245 8217 8216
f 7652 8155 8245
f 8216 7652 8245
f 8153 8073 8275
f 8275 8157 7659
f 7659 7641 8153
f 8153 8275 7659
f 8073 8184 8277 8275
f 8273 7662 8243
f 8277 8184 8273
f 8243 8277 8273
f 8277 8243 8155 8276
f 8275 8277 8276 8157
f 8276 8155 7652
f 8156 8157 8276
f 7652 8156 8276
f 7659 8157 8156 7439
f 8396 8394 8369 8395
f 8382 8396 8395 8376
f 8384 8382 8376 8383
f 8381 8384 8383 8258
f 8258 8392 8393
f 8391 8393 8392 8359
f 8341 8357 8358
f 8356 8358 8357 8347
f 8339 8347 8364 8361
f 8357 8341 8362
f 8364 8347 8357
f 8362 8364 8357
f 8364 8362 8340 8363
f 8361 8364 8363 7661
f 8402 8370 8397
f 8375 8400 8401
f 8402 8401 8400
f 8333 8370 8402
f 8400 8333 8402
f 8443 8373 8448
f 8449 8412 8443
f 8448 8449 8443
f 8447 8449 8448 8403
f 8375 8403 8435 8433
f 8448 8373 8429
f 8429 8414 8435
f 8435 8403 8448
f 8448 8429 8435
f 8435 8414 7591 8434
f 8433 8435 8434 8374
f 8400 8375 8433
f 8433 8374 8177
f 8177 8333 8400
f 8400 8433 8177
f 8363 8340 8368
f 8365 7661 8363
f 8368 8365 8363
f 8340 8332 8366 8368
f 8368 8366 8345 8367
f 8365 8368 8367 8342
f 8332 8359 8390 8366
f 8392 8258 8385
f 8385 8377 8390
f 8390 8359 8392
f 8392 8385 8390
f 8390 8377 8343 8389
f 8366 8390 8389 8345
f 8389 8343 8335
f 8344 8345 8389
f 8335 8344 8389
f 8367 8345 8344
f 8215 8342 8367
f 8344 8215 8367
f 8383 8376 8388
f 8385 8258 8383
f 8388 8385 8383
f 8395 8369 8386
f 8388 8376 8395
f 8386 8388 8395
f 8388 8386 8380 8387
f 8385 8388 8387 8377
f 8380 8378 8372 8379
f 8387 8380 8379
f 8343 8377 8387
f 8379 8343 8387
f 8399 8397 8370 8398
f 8378 8399 8398 8372
f 8398 8370 8333
f 8371 8372 8398
f 8333 8371 8398
f 8379 8372 8371
f 8335 8343 8379
f 8371 8335 8379
f 8371 8333 8177
f 8334 8335 8371
f 8177 8334 8371
f 8344 8335 8334
f 7592 8215 8344
f 8334 7592 8344
f 8334 8177 8436
f 8436 8338 7653
f 7653 7592 8334
f 8334 8436 7653
f 8177 8374 8438 8436
f 8434 7591 8418
f 8438 8374 8434
f 8418 8438 8434
f 8438 8418 8336 8437
f 8436 8438 8437 8338
f 8437 8336 51
f 8337 8338 8437
f 51 8337 8437
f 7653 8338 8337 7403
f 7649 7439 8156
f 8156 7652 7654
f 7654 7589 7649
f 7649 8156 7654
f 8216 7592 7653
f 7654 7652 8216
f 7653 7654 8216
f 7654 7653 7403 7631
f 7589 7654 7631 60
f 2402 2186 61
f 2187 2188 2402
f 61 2187 2402
f 2345 1987 2215
f 2215 2188 2187
f 2187 52 2345
f 2345 2215 2187
f 2399 2214 2188
f 2215 2216 2399
f 2188 2215 2399
f 2341 2183 2245
f 2245 2216 2215
f 2215 1987 2341
f 2341 2245 2215
f 2396 2244 2216
f 2245 2246 2396
f 2216 2245 2396
f 2393 2246 2245
f 2183 2211 2393
f 2245 2183 2393
f 2246 2393 2394 2392
f 2393 2211 2241 2394
f 2244 2396 2397 2395
f 2396 2246 2392 2397
f 2422 2398 2214
f 2399 2400 2422
f 2214 2399 2422
f 2408 2400 2399
f 2216 2244 2408
f 2399 2216 2408
f 2419 2407 2400
f 2408 2409 2419
f 2400 2408 2419
f 2411 2409 2408
f 2244 2395 2411
f 2408 2244 2411
f 2415 2410 2409
f 2411 2413 2415
f 2409 2411 2415
f 2411 2395 2412 2413
f 2410 2415 2417 2414
f 2415 2413 2416 2417
f 2407 2419 2420 2418
f 2419 2409 2410 2420
f 2398 2422 2423 2421
f 2422 2400 2407 2423
f 2434 2401 2186
f 2402 2403 2434
f 2186 2402 2434
f 2425 2403 2402
f 2188 2214 2425
f 2402 2188 2425
f 2431 2424 2403
f 2425 2426 2431
f 2403 2425 2431
f 2428 2426 2425
f 2214 2398 2428
f 2425 2214 2428
f 2426 2428 2429 2427
f 2428 2398 2421 2429
f 2450 2430 2424
f 2431 2432 2450
f 2424 2431 2450
f 2431 2426 2427 2432
f 2430 2450 2452 2444
f 2450 2432 2451 2452
f 2460 2433 2401
f 2434 2435 2460
f 2401 2434 2460
f 2440 2435 2434
f 2403 2424 2440
f 2434 2403 2440
f 2457 2439 2435
f 2440 2441 2457
f 2435 2440 2457
f 2443 2441 2440
f 2424 2430 2443
f 2440 2424 2443
f 2454 2442 2441
f 2443 2445 2454
f 2441 2443 2454
f 2447 2445 2443
f 2430 2444 2447
f 2443 2430 2447
f 2473 2446 2445
f 2447 2449 2473
f 2445 2447 2473
f 2447 2444 2448 2449
f 2446 2473 2475 2467
f 2473 2449 2474 2475
f 2484 2453 2442
f 2454 2455 2484
f 2442 2454 2484
f 2466 2455 2454
f 2445 2446 2466
f 2454 2445 2466
f 2481 2465 2455
f 2466 2468 2481
f 2455 2466 2481
f 2470 2468 2466
f 2446 2467 2470
f 2466 2446 2470
f 2477 2469 2468
f 2470 2472 2477
f 2468 2470 2477
f 2470 2467 2471 2472
f 2490 2476 2469
f 2477 2479 2490
f 2469 2477 2490
f 2477 2472 2478 2479
f 2476 2490 2492 2489
f 2490 2479 2491 2492
f 2465 2481 2482 2480
f 2494 2482 2481
f 2468 2469 2494
f 2481 2468 2494
f 2482 2494 2495 2493
f 2497 2495 2494
f 2469 2476 2497
f 2494 2469 2497
f 2495 2497 2498 2496
f 2497 2476 2489 2498
f 2453 2484 2485 2483
f 2484 2455 2465 2485
f 2439 2457 2458 2456
f 2487 2458 2457
f 2441 2442 2487
f 2457 2441 2487
f 2458 2487 2488 2486
f 2487 2442 2453 2488
f 2433 2460 2461 2459
f 2460 2435 2439 2461
f 2349 52 2187
f 2187 61 62
f 62 53 2349
f 2349 2187 62
f 5153 63 54
f 53 62 5153
f 54 53 5153
f 5499 64 55
f 54 63 5499
f 55 54 5499
f 106 65 6396
f 6396 56 55
f 55 64 106
f 106 6396 55
f 6431 66 6645
f 6645 102 6397
f 6397 110 6431
f 6431 6645 6397
f 102 57 6395 6397
f 6397 6395 56 6396
f 6392 110 6397
f 6396 65 6392
f 6397 6396 6392
f 6903 67 6868
f 6870 6732 6903
f 6868 6870 6903
f 6868 6689 6869 6870
f 6870 6869 6691 6846
f 6866 6732 6870
f 6846 6597 6866
f 6870 6846 6866
f 6869 6689 100
f 6690 6691 6869
f 100 6690 6869
f 6847 6691 6690
f 103 6643 6847
f 6690 103 6847
f 6843 6597 6846
f 6849 6687 6843
f 6846 6849 6843
f 6846 6691 6847 6849
f 6849 6847 6643 6848
f 6687 6849 6848 99
f 6690 100 7257
f 7257 58 101
f 101 103 6690
f 6690 7257 101
f 6644 103 101
f 57 102 6644
f 101 57 6644
f 6653 99 6848
f 6848 6643 6646
f 6646 6503 6653
f 6653 6848 6646
f 6643 103 6644 6646
f 6646 6644 102 6645
f 6640 6503 6646
f 6645 66 6640
f 6646 6645 6640
f 7425 7424 7393 7407
f 7424 7391 7358
f 7392 7393 7424
f 7358 7392 7424
f 7408 7393 7392
f 7281 7364 7408
f 7392 7281 7408
f 7421 7407 7422 7423
f 7423 7422 7410 7414
f 7422 7407 7393
f 7408 7410 7422
f 7393 7408 7422
f 7415 7410 7408
f 7364 7409 7415
f 7408 7364 7415
f 7411 7390 7414
f 7417 7406 7411
f 7414 7417 7411
f 7414 7410 7415 7417
f 7417 7415 7409 7416
f 7406 7417 7416 7348
f 7413 7411 7406 7412
f 7388 7387 7363 7373
f 7387 7360 7357
f 7361 7363 7387
f 7357 7361 7387
f 7374 7363 7361
f 7350 7362 7374
f 7361 7350 7374
f 7383 7373 7384 7386
f 7386 7384 7376 7385
f 7384 7373 7363
f 7374 7376 7384
f 7363 7374 7384
f 7376 7374 7362 7375
f 7385 7376 7375
f 7354 7359 7385
f 7375 7354 7385
f 7416 7409 7420
f 7389 7348 7416
f 7420 7389 7416
f 7409 7364 7418 7420
f 7420 7418 7367 7419
f 7389 7420 7419 7357
f 7418 7364 7281
f 7365 7367 7418
f 7281 7365 7418
f 7367 7365 7349 7366
f 7361 7357 7419
f 7419 7367 7366
f 7366 7350 7361
f 7361 7419 7366
f 7377 7350 7366
f 7382 7355 7377
f 7366 7382 7377
f 7366 7349 7380 7382
f 7382 7380 6991 7381
f 7355 7382 7381 7319
f 7375 7362 7379
f 7372 7354 7375
f 7379 7372 7375
f 7362 7350 7377 7379
f 7379 7377 7355 7378
f 7372 7379 7378 7356
f 7378 7355 7319
f 7345 7356 7378
f 7319 7345 7378
f 7426 6989 7444
f 7444 7394 7396
f 7396 7358 7426
f 7426 7444 7396
f 7394 7351 7395 7396
f 7396 7395 7353 7368
f 7392 7358 7396
f 7368 7281 7392
f 7396 7368 7392
f 7395 7351 7462
f 7462 119 7352
f 7352 7353 7395
f 7395 7462 7352
f 7369 7353 7352
f 6990 7292 7369
f 7352 6990 7369
f 7365 7281 7368
f 7371 7349 7365
f 7368 7371 7365
f 7368 7353 7369 7371
f 7371 7369 7292 7370
f 7380 7349 7371
f 7370 6991 7380
f 7371 7370 7380
f 7320 6991 7370
f 7370 7292 7294
f 7294 7103 7320
f 7320 7370 7294
f 7292 6990 7293 7294
f 7294 7293 121 7251
f 7290 7103 7294
f 7251 6856 7290
f 7294 7251 7290
f 7336 7280 7337 7339
f 7339 7337 7317 7338
f 7339 7338 7318
f 7338 7317 7104
f 7285 7318 7338
f 7104 7285 7338
f 7345 7319 7346 7347
f 7347 7346 7321 7341
f 7340 7347 7341 7280
f 7346 7319 7381
f 7381 6991 7320
f 7320 7321 7346
f 7346 7381 7320
f 7342 7321 7320
f 7103 7289 7342
f 7320 7103 7342
f 7337 7280 7341
f 7344 7317 7337
f 7341 7344 7337
f 7341 7321 7342 7344
f 7344 7342 7289 7343
f 7317 7344 7343 7104
f 7286 7104 7343
f 7343 7289 7291
f 7291 7192 7286
f 7286 7343 7291
f 7289 7103 7290 7291
f 7291 7290 6856 7247
f 7305 7192 7291
f 7247 6986 7305
f 7291 7247 7305
f 7279 7322 7324
f 7330 7324 7322
f 7298 7323 7330
f 7322 7298 7330
f 7329 7324 7330 7332
f 7332 7330 7323 7331
f 7332 7331 7300
f 7331 7323 7335
f 7307 7300 7331
f 7335 7307 7331
f 7323 7298 7333 7335
f 7335 7333 7283 7334
f 7307 7335 7334 7299
f 7334 7283 7308
f 7310 7299 7334
f 7308 7310 7334
f 7310 7308 7193 7309
f 7314 7285 7315 7316
f 7316 7315 7288 7301
f 7315 7285 7104
f 7286 7288 7315
f 7104 7286 7315
f 7302 7288 7286
f 7192 7287 7302
f 7286 7192 7302
f 7322 7279 7325
f 7328 7298 7322
f 7325 7328 7322
f 7325 7301 7326 7328
f 7328 7326 7304 7327
f 7333 7298 7328
f 7327 7283 7333
f 7328 7327 7333
f 7326 7301 7288
f 7302 7304 7326
f 7288 7302 7326
f 7304 7302 7287 7303
f 7308 7283 7327
f 7327 7304 7303
f 7303 7193 7308
f 7308 7327 7303
f 7311 7193 7303
f 7303 7287 7306
f 7306 7229 7311
f 7311 7303 7306
f 7287 7192 7305 7306
f 7306 7305 6986 7243
f 7229 7306 7243 7100
f 7309 7193 7311
f 7313 7284 7309
f 7311 7313 7309
f 7313 7311 7229 7312
f 7352 119 7466
f 7466 7295 7297
f 7297 6990 7352
f 7352 7466 7297
f 7295 59 7296 7297
f 7297 7296 120 7255
f 7293 6990 7297
f 7255 121 7293
f 7297 7255 7293
f 7252 121 7255
f 7258 6857 7252
f 7255 7258 7252
f 7255 120 7256 7258
f 7258 7256 58 7257
f 6857 7258 7257 100
f 7278 7231 7230
f 7232 7234 7278
f 7230 7232 7278
f 7267 7234 7232
f 7228 7233 7267
f 7232 7228 7267
f 7277 7266 7234
f 7267 7269 7277
f 7234 7267 7277
f 7269 7267 7233 7268
f 7235 7189 7236 7238
f 7238 7236 7227 7237
f 7232 7230 7238
f 7237 7228 7232
f 7238 7237 7232
f 7271 7228 7237
f 7276 7263 7271
f 7237 7276 7271
f 7237 7227 7274 7276
f 7276 7274 7191 7275
f 7263 7276 7275 7199
f 7233 7228 7271 7273
f 7273 7271 7263 7272
f 7270 7273 7272 7265
f 7272 7263 7199
f 7264 7265 7272
f 7199 7264 7272
f 7236 7189 7239
f 7242 7227 7236
f 7239 7242 7236
f 7239 7100 7240 7242
f 7242 7240 7190 7241
f 7274 7227 7242
f 7241 7191 7274
f 7242 7241 7274
f 7200 7191 7241
f 7241 7190 7102
f 7102 7151 7200
f 7200 7241 7102
f 7275 7191 7200
f 7201 7199 7275
f 7200 7201 7275
f 7218 7201 7200
f 7151 7194 7218
f 7200 7151 7218
f 7217 7219 7198
f 7217 7201 7218 7219
f 7219 7218 7194 7209
f 7215 7198 7219
f 7209 7092 7215
f 7219 7209 7215
f 7240 7100 7243
f 7246 7190 7240
f 7243 7246 7240
f 7243 6986 7244 7246
f 7246 7244 7101 7245
f 7190 7246 7245 7102
f 7152 7102 7245
f 7245 7101 6988
f 6988 7060 7152
f 7152 7245 6988
f 7206 7092 7209
f 7212 7186 7206
f 7209 7212 7206
f 7209 7194 7210 7212
f 7212 7210 7196 7211
f 7186 7212 7211 7160
f 7210 7194 7151
f 7195 7196 7210
f 7151 7195 7210
f 7196 7195 7153 7173
f 7211 7196 7173
f 7099 7160 7211
f 7173 7099 7211
f 7195 7151 7102
f 7152 7153 7195
f 7102 7152 7195
f 7174 7153 7152
f 7060 7109 7174
f 7152 7060 7174
f 7099 7173 7176 7149
f 7173 7153 7174 7176
f 7176 7174 7109 7175
f 7170 7149 7176
f 7175 6968 7170
f 7176 7175 7170
f 7244 6986 7247
f 7250 7101 7244
f 7247 7250 7244
f 7247 6856 7248 7250
f 7250 7248 6987 7249
f 7101 7250 7249 6988
f 7061 6988 7249
f 7249 6987 6858
f 6858 6936 7061
f 7061 7249 6858
f 7127 6968 7175
f 7175 7109 7112
f 7112 7090 7127
f 7127 7175 7112
f 7109 7060 7110 7112
f 7112 7110 7062 7111
f 7106 7090 7112
f 7111 6985 7106
f 7112 7111 7106
f 7110 7060 6988
f 7061 7062 7110
f 6988 7061 7110
f 7062 7061 6936 6998
f 7058 6985 7111
f 7111 7062 6998
f 6998 118 7058
f 7058 7111 6998
f 7248 6856 7251
f 7254 6987 7248
f 7251 7254 7248
f 7251 121 7252 7254
f 7254 7252 6857 7253
f 6987 7254 7253 6858
f 6937 6858 7253
f 7253 6857 100
f 100 6689 6937
f 6937 7253 100
f 7009 118 6998
f 7001 6966 7009
f 6998 7001 7009
f 6998 6936 6999 7001
f 7001 6999 6938 7000
f 6995 6966 7001
f 7000 6855 6995
f 7001 7000 6995
f 6999 6936 6858
f 6937 6938 6999
f 6858 6937 6999
f 6938 6937 6689 6868
f 6934 6855 7000
f 7000 6938 6868
f 6868 67 6934
f 6934 7000 6868
f 7555 7580 7581
f 7581 7580 7494 7563
f 7573 7568 7566
f 7526 7567 7573
f 7566 7526 7573
f 7563 7494 7564 7565
f 7570 7565 7564
f 7525 7556 7570
f 7564 7525 7570
f 7569 7572 7562
f 7569 7565 7570 7572
f 7572 7570 7556 7571
f 7566 7562 7572
f 7571 7526 7566
f 7572 7571 7566
f 7574 7526 7571
f 7579 7552 7574
f 7571 7579 7574
f 7571 7556 7577 7579
f 7579 7577 7558 7578
f 7552 7579 7578 7539
f 7577 7556 7525
f 7557 7558 7577
f 7525 7557 7577
f 7558 7557 6993 7544
f 7578 7558 7544
f 7497 7539 7578
f 7544 7497 7578
f 7567 7526 7574 7576
f 7576 7574 7552 7575
f 7575 7552 7539
f 7553 7554 7575
f 7539 7553 7575
f 7619 7598 7613
f 7613 7596 7585
f 7585 7597 7619
f 7619 7613 7585
f 7637 7598 7619
f 7622 7602 7637
f 7619 7622 7637
f 7619 7597 7620 7622
f 7622 7620 7587 7621
f 7616 7602 7622
f 7621 7593 7616
f 7622 7621 7616
f 7636 7598 7637 7638
f 7638 7637 7602 7615
f 7635 7612 7638
f 7615 7604 7635
f 7638 7615 7635
f 7609 7604 7615
f 7618 7605 7609
f 7615 7618 7609
f 7615 7602 7616 7618
f 7618 7616 7593 7617
f 7605 7618 7617 7603
f 7604 7609 7611
f 7611 7609 7605 7610
f 7585 7623 7626 7597
f 7623 7489 7624 7626
f 7626 7624 7586 7625
f 7620 7597 7626
f 7625 7587 7620
f 7626 7625 7620
f 7594 7587 7625
f 7625 7586 7491
f 7491 7527 7594
f 7594 7625 7491
f 7617 7593 7606
f 7608 7603 7617
f 7606 7608 7617
f 7608 7606 7595 7607
f 7606 7593 7621
f 7621 7587 7594
f 7594 7595 7606
f 7606 7621 7594
f 7595 7594 7527 7582
f 7624 7489 7627
f 7630 7586 7624
f 7627 7630 7624
f 7627 60 7628 7630
f 7630 7628 7490 7629
f 7586 7630 7629 7491
f 7528 7491 7629
f 7629 7490 6992
f 6992 7400 7528
f 7528 7629 6992
f 7438 7582 7584 7555
f 7582 7527 7583 7584
f 7584 7583 7529 7559
f 7580 7555 7584
f 7559 7494 7580
f 7584 7559 7580
f 7583 7527 7491
f 7528 7529 7583
f 7491 7528 7583
f 7560 7529 7528
f 7400 7486 7560
f 7528 7400 7560
f 7564 7494 7559
f 7561 7525 7564
f 7559 7561 7564
f 7559 7529 7560 7561
f 7561 7560 7486 7548
f 7557 7525 7561
f 7548 6993 7557
f 7561 7548 7557
f 7545 6993 7548
f 7551 7498 7545
f 7548 7551 7545
f 7548 7486 7549 7551
f 7551 7549 7488 7550
f 7498 7551 7550 7436
f 7549 7486 7400
f 7487 7488 7549
f 7400 7487 7549
f 7488 7487 7402 7464
f 7484 7436 7550
f 7550 7488 7464
f 7464 7282 7484
f 7484 7550 7464
f 7487 7400 6992
f 7401 7402 7487
f 6992 7401 7487
f 7465 7402 7401
f 59 7295 7465
f 7401 59 7465
f 7475 7282 7464
f 7467 7398 7475
f 7464 7467 7475
f 7464 7402 7465 7467
f 7467 7465 7295 7466
f 7461 7398 7467
f 7466 119 7461
f 7467 7466 7461
f 7540 7497 7541 7543
f 7543 7541 7523 7542
f 7538 7543 7542 7524
f 7532 7524 7542
f 7542 7523 7499
f 7499 7508 7532
f 7532 7542 7499
f 7541 7497 7544
f 7547 7523 7541
f 7544 7547 7541
f 7544 6993 7545 7547
f 7547 7545 7498 7546
f 7523 7547 7546 7499
f 7509 7499 7546
f 7546 7498 7436
f 7436 7483 7509
f 7509 7546 7436
f 7530 7522 7531
f 7530 7519 7508
f 7520 7522 7530
f 7508 7520 7530
f 7533 7522 7520
f 7510 7521 7533
f 7520 7510 7533
f 7531 7522 7533 7535
f 7535 7533 7521 7534
f 7520 7508 7499
f 7509 7510 7520
f 7499 7509 7520
f 7536 7510 7509
f 7483 7500 7536
f 7509 7483 7536
f 7521 7510 7536 7537
f 7537 7536 7500 7515
f 7507 7537 7515 7437
f 7512 7437 7515
f 7518 7495 7512
f 7515 7518 7512
f 7515 7500 7516 7518
f 7518 7516 7503 7517
f 7495 7518 7517 7493
f 7516 7500 7483
f 7501 7503 7516
f 7483 7501 7516
f 7503 7501 7485 7502
f 7504 7493 7517
f 7517 7503 7502
f 7502 7469 7504
f 7504 7517 7502
f 7501 7483 7436
f 7484 7485 7501
f 7436 7484 7501
f 7485 7484 7282 7474
f 7481 7469 7502
f 7502 7485 7474
f 7474 7397 7481
f 7481 7502 7474
f 7511 7437 7512 7514
f 7514 7512 7495 7513
f 7496 7493 7504 7506
f 7506 7504 7469 7505
f 7482 7481 7397 7470
f 7477 7470 7478 7480
f 7480 7478 7473 7479
f 7478 7470 7397
f 7471 7473 7478
f 7397 7471 7478
f 7473 7471 7434 7472
f 7492 7468 7479
f 7479 7473 7472
f 7472 7435 7492
f 7492 7479 7472
f 7472 7456 7447
f 7456 7427 7447
f 7447 7435 7472
f 7472 7434 7399 7456
f 7471 7397 7474
f 7476 7434 7471
f 7474 7476 7471
f 7474 7282 7475 7476
f 7476 7475 7398 7460
f 7434 7476 7460 7399
f 7457 7399 7460
f 7463 7428 7457
f 7460 7463 7457
f 7460 7398 7461 7463
f 7463 7461 119 7462
f 7428 7463 7462 7351
f 7448 7446 7449 7451
f 7451 7449 7433 7450
f 7430 7452 7455 7446
f 7452 7427 7453 7455
f 7455 7453 7431 7454
f 7449 7446 7455
f 7454 7433 7449
f 7455 7454 7449
f 7440 7433 7454
f 7454 7431 7429
f 7429 7432 7440
f 7440 7454 7429
f 7433 7440 7442
f 7442 7440 7432 7441
f 7453 7427 7456
f 7459 7431 7453
f 7456 7459 7453
f 7456 7399 7457 7459
f 7459 7457 7428 7458
f 7431 7459 7458 7429
f 7443 7429 7458
f 7458 7428 7351
f 7351 7394 7443
f 7443 7458 7351
f 7432 7429 7443 7445
f 7445 7443 7394 7444
f 7445 7444 6989
f 7715 7713 7712 7714
f 7712 7710 7706 7711
f 8095 7703 7705
f 7706 7704 8095
f 7705 7706 8095
f 7698 7693 7699 7700
f 7700 7699 7673 7689
f 7689 7673 7690 7692
f 7692 7690 7686 7691
f 8067 8089 8090
f 8088 8090 8089 8075
f 8066 8075 8094 8091
f 8089 8067 8092
f 8094 8075 8089
f 8092 8094 8089
f 8094 8092 8079 8093
f 8091 8094 8093 8076
f 8079 8077 7709 8078
f 8093 8079 8078
f 8065 8076 8093
f 8078 8065 8093
f 7704 8087 8097 8095
f 8091 8076 8097
f 8087 8066 8091
f 8097 8087 8091
f 8097 8076 8065 8096
f 8095 8097 8096 7703
f 8101 8081 8068
f 8081 7709 8068
f 8068 7707 8101
f 8101 7702 7708 8081
f 8096 8065 8083
f 8080 7703 8096
f 8083 8080 8096
f 8078 7709 8081
f 8083 8065 8078
f 8081 8083 8078
f 8083 8081 7708 8082
f 8080 8083 8082 7693
f 8116 8118 8117 8099
f 8125 8123 8111 8124
f 8113 8125 8124 8102
f 8111 8109 7701 8110
f 8124 8111 8110
f 8069 8102 8124
f 8110 8069 8124
f 8127 8098 8112
f 8112 8104 8101
f 8101 7707 8127
f 8127 8112 8101
f 8126 8099 8119
f 8119 8115 8112
f 8112 8098 8126
f 8126 8119 8112
f 8117 8108 8122
f 8119 8099 8117
f 8122 8119 8117
f 8108 8070 8120 8122
f 8122 8120 8113 8121
f 8119 8122 8121 8115
f 8121 8113 8102
f 8114 8115 8121
f 8102 8114 8121
f 8112 8115 8114 8104
f 8114 8102 8069
f 8103 8104 8114
f 8069 8103 8114
f 8101 8104 8103 7702
f 8103 8069 8107
f 8084 7702 8103
f 8107 8084 8103
f 8110 7701 8105
f 8107 8069 8110
f 8105 8107 8110
f 8107 8105 7688 8106
f 8084 8107 8106 7694
f 8082 7708 8086
f 7699 7693 8082
f 8086 7699 8082
f 7708 7702 8084 8086
f 8086 8084 7694 8085
f 7699 8086 8085 7673
f 8171 8130 8158
f 8158 8142 8139
f 8139 8072 8171
f 8171 8158 8139
f 8170 8138 8163
f 8163 8161 8158
f 8158 8130 8170
f 8170 8163 8158
f 8162 8145 8166
f 8163 8138 8162
f 8166 8163 8162
f 8173 8128 8164
f 8166 8145 8173
f 8164 8166 8173
f 8166 8164 8159 8165
f 8163 8166 8165 8161
f 8165 8159 8140
f 8160 8161 8165
f 8140 8160 8165
f 8158 8161 8160 8142
f 8160 8140 8134
f 8141 8142 8160
f 8134 8141 8160
f 8139 8142 8141 8131
f 8169 8167 8148 8168
f 8159 8169 8168 8140
f 8148 8146 8132 8147
f 8168 8148 8147
f 8134 8140 8168
f 8147 8134 8168
f 8147 8132 7687
f 8133 8134 8147
f 7687 8133 8147
f 8141 8134 8133
f 8071 8131 8141
f 8133 8071 8141
f 7701 8100 8144 8105
f 8172 8072 8139
f 8139 8131 8144
f 8144 8100 8172
f 8172 8139 8144
f 8144 8131 8071 8143
f 8105 8144 8143 7688
f 8143 8071 8137
f 7695 7688 8143
f 8137 7695 8143
f 8133 7687 8135
f 8137 8071 8133
f 8135 8137 8133
f 8137 8135 7641 8136
f 7695 8137 8136 7658
f 7690 7673 8085
f 8085 7694 7697
f 7697 7686 7690
f 7690 8085 7697
f 8106 7688 7695
f 7697 7694 8106
f 7695 7697 8106
f 7697 7695 7658 7696
f 7686 7697 7696 7642
f 7696 7682 7672
f 7682 7647 7672
f 7672 7642 7696
f 7696 7658 7660 7682
f 8136 7641 7659
f 7660 7658 8136
f 7659 7660 8136
f 7683 7660 7659
f 7439 7648 7683
f 7659 7439 7683
f 7647 7682 7685 7656
f 7682 7660 7683 7685
f 7685 7683 7648 7684
f 7679 7656 7685
f 7684 7588 7679
f 7685 7684 7679
f 7678 7657 7671
f 7671 7655 7647
f 7647 7656 7678
f 7678 7671 7647
f 7657 7678 7681 7663
f 7678 7656 7679 7681
f 7681 7679 7588 7680
f 7675 7663 7681
f 7680 7643 7675
f 7681 7680 7675
f 7670 7665 7674
f 7677 7666 7670
f 7674 7677 7670
f 7674 7663 7675 7677
f 7677 7675 7643 7676
f 7666 7677 7676 7664
f 7676 7643 7667
f 7669 7664 7676
f 7667 7669 7676
f 7669 7667 7646 7668
f 7667 7643 7680
f 7680 7588 7644
f 7644 7646 7667
f 7667 7680 7644
f 7646 7644 7640 7645
f 7644 7588 7684
f 7684 7648 7651
f 7651 7640 7644
f 7644 7684 7651
f 7648 7439 7649 7651
f 7651 7649 7589 7650
f 7640 7651 7650 7590
f 7650 7627 7600
f 7627 7489 7600
f 7600 7590 7650
f 7650 7589 60 7627
f 7639 7599 7590
f 7600 7601 7639
f 7590 7600 7639
f 7623 7585 7614
f 7614 7601 7600
f 7600 7489 7623
f 7623 7614 7600
f 2516 2404 68
f 2405 2406 2516
f 68 2405 2516
f 2437 2406 2405
f 61 2186 2437
f 2405 61 2437
f 2513 2436 2406
f 2437 2438 2513
f 2406 2437 2513
f 2463 2438 2437
f 2186 2401 2463
f 2437 2186 2463
f 2510 2462 2438
f 2463 2464 2510
f 2438 2463 2510
f 2500 2464 2463
f 2401 2433 2500
f 2463 2401 2500
f 2507 2499 2464
f 2500 2501 2507
f 2464 2500 2507
f 2503 2501 2500
f 2433 2459 2503
f 2500 2433 2503
f 2501 2503 2505 2502
f 2503 2459 2504 2505
f 2525 2506 2499
f 2507 2508 2525
f 2499 2507 2525
f 2521 2508 2507
f 2501 2502 2521
f 2507 2501 2521
f 2508 2521 2523 2520
f 2521 2502 2522 2523
f 2506 2525 2526 2524
f 2525 2508 2520 2526
f 2537 2509 2462
f 2510 2511 2537
f 2462 2510 2537
f 2528 2511 2510
f 2464 2499 2528
f 2510 2464 2528
f 2534 2527 2511
f 2528 2529 2534
f 2511 2528 2534
f 2531 2529 2528
f 2499 2506 2531
f 2528 2499 2531
f 2529 2531 2532 2530
f 2531 2506 2524 2532
f 2527 2534 2535 2533
f 2534 2529 2530 2535
f 2509 2537 2538 2536
f 2543 2538 2537
f 2511 2527 2543
f 2537 2511 2543
f 2538 2543 2544 2542
f 2543 2527 2533 2544
f 2550 2512 2436
f 2513 2514 2550
f 2436 2513 2550
f 2540 2514 2513
f 2438 2462 2540
f 2513 2438 2540
f 2546 2539 2514
f 2540 2541 2546
f 2514 2540 2546
f 2540 2462 2509 2541
f 2556 2545 2539
f 2546 2548 2556
f 2539 2546 2556
f 2546 2541 2547 2548
f 2592 2555 2545
f 2556 2558 2592
f 2545 2556 2592
f 2556 2548 2557 2558
f 2555 2592 2594 2567
f 2592 2558 2593 2594
f 2580 2549 2512
f 2550 2551 2580
f 2512 2550 2580
f 2560 2551 2550
f 2514 2539 2560
f 2550 2514 2560
f 2577 2559 2551
f 2560 2561 2577
f 2551 2560 2577
f 2563 2561 2560
f 2539 2545 2563
f 2560 2539 2563
f 2574 2562 2561
f 2563 2564 2574
f 2561 2563 2574
f 2566 2564 2563
f 2545 2555 2566
f 2563 2545 2566
f 2570 2565 2564
f 2566 2568 2570
f 2564 2566 2570
f 2589 2568 2566
f 2555 2567 2589
f 2566 2555 2589
f 2599 2571 2568
f 2589 2591 2599
f 2568 2589 2599
f 2589 2567 2590 2591
f 2571 2599 2601 2587
f 2599 2591 2600 2601
f 2606 2569 2565
f 2570 2572 2606
f 2565 2570 2606
f 2586 2572 2570
f 2568 2571 2586
f 2570 2568 2586
f 2603 2585 2572
f 2586 2588 2603
f 2572 2586 2603
f 2596 2588 2586
f 2571 2587 2596
f 2586 2571 2596
f 2588 2596 2598 2595
f 2596 2587 2597 2598
f 2585 2603 2604 2602
f 2603 2588 2595 2604
f 2569 2606 2607 2605
f 2606 2572 2585 2607
f 2562 2574 2575 2573
f 2609 2575 2574
f 2564 2565 2609
f 2574 2564 2609
f 2575 2609 2610 2608
f 2609 2565 2569 2610
f 2559 2577 2578 2576
f 2577 2561 2562 2578
f 2549 2580 2581 2579
f 2580 2551 2559 2581
f 2621 2515 2404
f 2516 2517 2621
f 2404 2516 2621
f 2553 2517 2516
f 2406 2436 2553
f 2516 2406 2553
f 2618 2552 2517
f 2553 2554 2618
f 2517 2553 2618
f 2583 2554 2553
f 2436 2512 2583
f 2553 2436 2583
f 2615 2582 2554
f 2583 2584 2615
f 2554 2583 2615
f 2612 2584 2583
f 2512 2549 2612
f 2583 2512 2612
f 2584 2612 2613 2611
f 2612 2549 2579 2613
f 2635 2614 2582
f 2615 2616 2635
f 2582 2615 2635
f 2627 2616 2615
f 2584 2611 2627
f 2615 2584 2627
f 2631 2626 2616
f 2627 2629 2631
f 2616 2627 2631
f 2627 2611 2628 2629
f 2641 2630 2626
f 2631 2633 2641
f 2626 2631 2641
f 2631 2629 2632 2633
f 2648 2640 2630
f 2641 2643 2648
f 2630 2641 2648
f 2641 2633 2642 2643
f 2640 2648 2650 2647
f 2648 2643 2649 2650
f 2614 2635 2636 2634
f 2645 2636 2635
f 2616 2626 2645
f 2635 2616 2645
f 2636 2645 2646 2644
f 2652 2646 2645
f 2626 2630 2652
f 2645 2626 2652
f 2646 2652 2653 2651
f 2655 2653 2652
f 2630 2640 2655
f 2652 2630 2655
f 2653 2655 2656 2654
f 2655 2640 2647 2656
f 2675 2617 2552
f 2618 2619 2675
f 2552 2618 2675
f 2638 2619 2618
f 2554 2582 2638
f 2618 2554 2638
f 2672 2637 2619
f 2638 2639 2672
f 2619 2638 2672
f 2658 2639 2638
f 2582 2614 2658
f 2638 2582 2658
f 2669 2657 2639
f 2658 2659 2669
f 2639 2658 2669
f 2661 2659 2658
f 2614 2634 2661
f 2658 2614 2661
f 2665 2660 2659
f 2661 2663 2665
f 2659 2661 2665
f 2661 2634 2662 2663
f 2660 2665 2667 2664
f 2665 2663 2666 2667
f 2691 2668 2657
f 2669 2670 2691
f 2657 2669 2691
f 2681 2670 2669
f 2659 2660 2681
f 2669 2659 2681
f 2688 2680 2670
f 2681 2682 2688
f 2670 2681 2688
f 2684 2682 2681
f 2660 2664 2684
f 2681 2660 2684
f 2682 2684 2686 2683
f 2684 2664 2685 2686
f 2680 2688 2689 2687
f 2688 2682 2683 2689
f 2668 2691 2692 2690
f 2691 2670 2680 2692
f 2697 2671 2637
f 2672 2673 2697
f 2637 2672 2697
f 2694 2673 2672
f 2639 2657 2694
f 2672 2639 2694
f 2673 2694 2695 2693
f 2694 2657 2668 2695
f 2671 2697 2698 2696
f 2697 2673 2693 2698
f 2716 2674 2617
f 2675 2676 2716
f 2617 2675 2716
f 2700 2676 2675
f 2619 2637 2700
f 2675 2619 2700
f 2713 2699 2676
f 2700 2701 2713
f 2676 2700 2713
f 2703 2701 2700
f 2637 2671 2703
f 2700 2637 2703
f 2710 2702 2701
f 2703 2704 2710
f 2701 2703 2710
f 2706 2704 2703
f 2671 2696 2706
f 2703 2671 2706
f 2729 2705 2704
f 2706 2708 2729
f 2704 2706 2729
f 2706 2696 2707 2708
f 2705 2729 2731 2723
f 2729 2708 2730 2731
f 2736 2709 2702
f 2710 2711 2736
f 2702 2710 2736
f 2722 2711 2710
f 2704 2705 2722
f 2710 2704 2722
f 2733 2721 2711
f 2722 2724 2733
f 2711 2722 2733
f 2726 2724 2722
f 2705 2723 2726
f 2722 2705 2726
f 2724 2726 2728 2725
f 2726 2723 2727 2728
f 2721 2733 2734 2732
f 2733 2724 2725 2734
f 2709 2736 2737 2735
f 2736 2711 2721 2737
f 2699 2713 2714 2712
f 2739 2714 2713
f 2701 2702 2739
f 2713 2701 2739
f 2714 2739 2740 2738
f 2739 2702 2709 2740
f 2742 2715 2674
f 2716 2717 2742
f 2674 2716 2742
f 2716 2676 2699 2717
f 2749 2741 2715
f 2742 2744 2749
f 2715 2742 2749
f 2742 2717 2743 2744
f 2756 2748 2741
f 2749 2751 2756
f 2741 2749 2756
f 2749 2744 2750 2751
f 2763 2755 2748
f 2756 2758 2763
f 2748 2756 2763
f 2756 2751 2757 2758
f 2755 2763 2765 2762
f 2763 2758 2764 2765
f 2779 2620 2515
f 2621 2622 2779
f 2515 2621 2779
f 2678 2622 2621
f 2517 2552 2678
f 2621 2517 2678
f 2776 2677 2622
f 2678 2679 2776
f 2622 2678 2776
f 2719 2679 2678
f 2552 2617 2719
f 2678 2552 2719
f 2773 2718 2679
f 2719 2720 2773
f 2679 2719 2773
f 2746 2720 2719
f 2617 2674 2746
f 2719 2617 2746
f 2720 2746 2747 2745
f 2753 2747 2746
f 2674 2715 2753
f 2746 2674 2753
f 2747 2753 2754 2752
f 2760 2754 2753
f 2715 2741 2760
f 2753 2715 2760
f 2754 2760 2761 2759
f 2767 2761 2760
f 2741 2748 2767
f 2760 2741 2767
f 2761 2767 2768 2766
f 2770 2768 2767
f 2748 2755 2770
f 2767 2748 2770
f 2768 2770 2771 2769
f 2770 2755 2762 2771
f 2793 2772 2718
f 2773 2774 2793
f 2718 2773 2793
f 2785 2774 2773
f 2720 2745 2785
f 2773 2720 2785
f 2789 2784 2774
f 2785 2787 2789
f 2774 2785 2789
f 2785 2745 2786 2787
f 2784 2789 2791 2788
f 2789 2787 2790 2791
f 2809 2792 2772
f 2793 2794 2809
f 2772 2793 2809
f 2799 2794 2793
f 2774 2784 2799
f 2793 2774 2799
f 2806 2798 2794
f 2799 2800 2806
f 2794 2799 2806
f 2802 2800 2799
f 2784 2788 2802
f 2799 2784 2802
f 2800 2802 2804 2801
f 2802 2788 2803 2804
f 2798 2806 2807 2805
f 2815 2807 2806
f 2800 2801 2815
f 2806 2800 2815
f 2807 2815 2817 2814
f 2815 2801 2816 2817
f 2792 2809 2810 2808
f 2809 2794 2798 2810
f 2677 2776 2777 2775
f 2796 2777 2776
f 2679 2718 2796
f 2776 2679 2796
f 2777 2796 2797 2795
f 2812 2797 2796
f 2718 2772 2812
f 2796 2718 2812
f 2797 2812 2813 2811
f 2812 2772 2792 2813
f 2822 2778 2620
f 2779 2780 2822
f 2620 2779 2822
f 2819 2780 2779
f 2622 2677 2819
f 2779 2622 2819
f 2780 2819 2820 2818
f 2819 2677 2775 2820
f 2828 2821 2778
f 2822 2823 2828
f 2778 2822 2828
f 2822 2780 2818 2823
f 2821 2828 2830 2827
f 2828 2823 2829 2830
f 5154 2405 4441
f 2405 68 4441
f 4441 69 5154
f 5154 62 61 2405
f 5276 70 5152
f 5155 4633 5276
f 5152 5155 5276
f 5152 63 5153 5155
f 5155 5153 62 5154
f 5149 4633 5155
f 5154 69 5149
f 5155 5154 5149
f 5924 71 5927
f 5930 5804 5924
f 5927 5930 5924
f 5927 107 5928 5930
f 5930 5928 5500 5929
f 5804 5930 5929 112
f 5928 107 64
f 5499 5500 5928
f 64 5499 5928
f 5500 5499 63 5152
f 5497 112 5929
f 5929 5500 5152
f 5152 70 5497
f 5497 5929 5152
f 6277 72 6324
f 6324 6256 6258
f 6258 6221 6277
f 6277 6324 6258
f 6256 6197 6257 6258
f 6258 6257 6199 6243
f 6254 6221 6258
f 6243 6114 6254
f 6258 6243 6254
f 6257 6197 6077
f 6198 6199 6257
f 6077 6198 6257
f 6244 6199 6198
f 6079 6128 6244
f 6198 6079 6244
f 6240 6114 6243
f 6246 6195 6240
f 6243 6246 6240
f 6243 6199 6244 6246
f 6246 6244 6128 6245
f 6195 6246 6245 5964
f 6198 6077 105
f 6078 6079 6198
f 105 6078 6198
f 6129 6079 6078
f 108 5958 6129
f 6078 108 6129
f 6165 5964 6245
f 6245 6128 6131
f 6131 6075 6165
f 6165 6245 6131
f 6128 6079 6129 6131
f 6131 6129 5958 6130
f 6125 6075 6131
f 6130 104 6125
f 6131 6130 6125
f 6078 105 6393
f 6393 65 106
f 106 108 6078
f 6078 6393 106
f 5959 108 106
f 64 107 5959
f 106 64 5959
f 6066 104 6130
f 6130 5958 5960
f 5960 5901 6066
f 6066 6130 5960
f 5958 108 5959 5960
f 5960 5959 107 5927
f 5956 5901 5960
f 5927 71 5956
f 5960 5927 5956
f 6580 6578 6577
f 6553 6563 6580
f 6577 6553 6580
f 6577 6550 6544
f 6551 6553 6577
f 6544 6551 6577
f 6564 6553 6551
f 6533 6552 6564
f 6551 6533 6564
f 6573 6563 6574 6576
f 6576 6574 6566 6575
f 6574 6563 6553
f 6564 6566 6574
f 6553 6564 6574
f 6566 6564 6552 6565
f 6575 6566 6565
f 6537 6549 6575
f 6565 6537 6575
f 6579 6531 6554
f 6557 6544 6579
f 6554 6557 6579
f 6554 109 6555 6557
f 6557 6555 6532 6556
f 6551 6544 6557
f 6556 6533 6551
f 6557 6556 6551
f 6567 6533 6556
f 6572 6538 6567
f 6556 6572 6567
f 6556 6532 6570 6572
f 6572 6570 6458 6571
f 6538 6572 6571 6496
f 6565 6552 6569
f 6562 6537 6565
f 6569 6562 6565
f 6552 6533 6567 6569
f 6569 6567 6538 6568
f 6562 6569 6568 6539
f 6541 6539 6568
f 6568 6538 6496
f 6496 6534 6541
f 6541 6568 6496
f 6540 6539 6541 6543
f 6543 6541 6534 6542
f 6530 6459 6542
f 6542 6534 6536
f 6536 6507 6530
f 6530 6542 6536
f 6534 6496 6535 6536
f 6536 6535 6498 6523
f 6507 6536 6523 6471
f 6535 6496 6571
f 6571 6458 6497
f 6497 6498 6535
f 6535 6571 6497
f 6524 6498 6497
f 6349 6482 6524
f 6497 6349 6524
f 6520 6471 6523
f 6526 6494 6520
f 6523 6526 6520
f 6523 6498 6524 6526
f 6526 6524 6482 6525
f 6494 6526 6525 6427
f 6515 6505 6516 6518
f 6518 6516 6495 6517
f 6512 6508 6518
f 6517 6506 6512
f 6518 6517 6512
f 6514 6512 6506 6513
f 6493 6519 6522 6505
f 6519 6471 6520 6522
f 6522 6520 6494 6521
f 6516 6505 6522
f 6521 6495 6516
f 6522 6521 6516
f 6509 6495 6521
f 6521 6494 6427
f 6427 6478 6509
f 6509 6521 6427
f 6529 6527 6511 6528
f 6527 6506 6517
f 6517 6495 6509
f 6509 6511 6527
f 6527 6517 6509
f 6511 6509 6478 6510
f 6474 6469 6475 6477
f 6477 6475 6457 6476
f 6510 6478 6481
f 6469 6455 6510
f 6481 6469 6510
f 6478 6427 6479 6481
f 6481 6479 6456 6480
f 6475 6469 6481
f 6480 6457 6475
f 6481 6480 6475
f 6472 6457 6480
f 6480 6456 6429
f 6429 6447 6472
f 6472 6480 6429
f 6492 6490 6473 6491
f 6490 6470 6476
f 6476 6457 6472
f 6472 6473 6490
f 6490 6476 6472
f 6473 6472 6447 6460
f 6479 6427 6525
f 6525 6482 6485
f 6485 6456 6479
f 6479 6525 6485
f 6482 6349 6483 6485
f 6485 6483 6428 6484
f 6456 6485 6484 6429
f 6448 6429 6484
f 6484 6428 111
f 111 6387 6448
f 6448 6484 111
f 6452 6382 6460
f 6463 6450 6452
f 6460 6463 6452
f 6460 6447 6461 6463
f 6463 6461 6449 6462
f 6466 6450 6463
f 6462 6426 6466
f 6463 6462 6466
f 6461 6447 6429
f 6448 6449 6461
f 6429 6448 6461
f 6449 6448 6387 6440
f 6445 6426 6462
f 6462 6449 6440
f 6440 6200 6445
f 6445 6462 6440
f 6464 6454 6452
f 6450 6453 6464
f 6452 6450 6464
f 6464 6453 6465
f 6453 6450 6466 6468
f 6468 6466 6426 6467
f 6451 6468 6467 6444
f 6467 6426 6445
f 6446 6444 6467
f 6445 6446 6467
f 6446 6445 6200 6436
f 6555 109 6612
f 6612 6558 6561
f 6561 6532 6555
f 6555 6612 6561
f 6558 6499 6559 6561
f 6561 6559 6501 6560
f 6570 6532 6561
f 6560 6458 6570
f 6561 6560 6570
f 6559 6499 6430
f 6500 6501 6559
f 6430 6500 6559
f 6501 6500 6432 6486
f 6497 6458 6560
f 6560 6501 6486
f 6486 6349 6497
f 6497 6560 6486
f 6500 6430 6641
f 6641 66 6431
f 6431 6432 6500
f 6500 6641 6431
f 6487 6432 6431
f 110 6391 6487
f 6431 110 6487
f 6483 6349 6486
f 6489 6428 6483
f 6486 6489 6483
f 6486 6432 6487 6489
f 6489 6487 6391 6488
f 6428 6489 6488 111
f 6388 111 6488
f 6488 6391 6394
f 6394 6201 6388
f 6388 6488 6394
f 6391 110 6392 6394
f 6394 6392 65 6393
f 6201 6394 6393 105
f 6435 6433 6425 6434
f 6433 6403 6436
f 6439 6425 6433
f 6436 6439 6433
f 6436 6200 6437 6439
f 6439 6437 6404 6438
f 6425 6439 6438 6405
f 6438 6404 6347
f 6383 6405 6438
f 6347 6383 6438
f 6414 6348 6410
f 6413 6380 6414
f 6410 6413 6414
f 6410 6383 6411 6413
f 6413 6411 6386 6412
f 6407 6380 6413
f 6412 6379 6407
f 6413 6412 6407
f 6411 6383 6347
f 6384 6386 6411
f 6347 6384 6411
f 6386 6384 6202 6385
f 6399 6379 6412
f 6412 6386 6385
f 6385 6259 6399
f 6399 6412 6385
f 6420 6415 6414
f 6380 6406 6420
f 6414 6380 6420
f 6422 6421 6420
f 6406 6416 6422
f 6420 6406 6422
f 6424 6422 6416 6423
f 6416 6406 6417 6419
f 6419 6417 6409 6418
f 6402 6419 6418 6398
f 6417 6406 6380
f 6407 6409 6417
f 6380 6407 6417
f 6409 6407 6379 6408
f 6418 6409 6408
f 6381 6398 6418
f 6408 6381 6418
f 6408 6379 6399
f 6401 6381 6408
f 6399 6401 6408
f 6401 6399 6259 6400
f 6437 6200 6440
f 6443 6404 6437
f 6440 6443 6437
f 6440 6387 6441 6443
f 6443 6441 6390 6442
f 6404 6443 6442 6347
f 6441 6387 111
f 6388 6390 6441
f 111 6388 6441
f 6390 6388 6201 6389
f 6384 6347 6442
f 6442 6390 6389
f 6389 6202 6384
f 6384 6442 6389
f 6260 6202 6389
f 6389 6201 105
f 105 6077 6260
f 6260 6389 105
f 6259 6345 6346
f 6373 6346 6345
f 6261 6309 6373
f 6345 6261 6373
f 6372 6346 6373 6374
f 6376 6374 6373
f 6309 6342 6376
f 6373 6309 6376
f 6375 6374 6376 6378
f 6378 6376 6342 6377
f 6345 6259 6385
f 6385 6202 6260
f 6260 6261 6345
f 6345 6385 6260
f 6310 6261 6260
f 6077 6197 6310
f 6260 6077 6310
f 6377 6342 6344
f 6313 6216 6377
f 6344 6313 6377
f 6342 6309 6343 6344
f 6344 6343 6311 6322
f 6340 6313 6344
f 6322 6273 6340
f 6344 6322 6340
f 6343 6309 6261
f 6310 6311 6343
f 6261 6310 6343
f 6323 6311 6310
f 6197 6256 6323
f 6310 6197 6323
f 6319 6273 6322
f 6325 6307 6319
f 6322 6325 6319
f 6322 6311 6323 6325
f 6325 6323 6256 6324
f 6369 6307 6325
f 6324 72 6369
f 6325 6324 6369
f 6961 6956 6955
f 6947 6948 6961
f 6955 6947 6961
f 6955 6945 6731
f 6946 6947 6955
f 6731 6946 6955
f 6949 6947 6946
f 6911 6927 6949
f 6946 6911 6949
f 6954 6952 6951 6953
f 6952 6948 6947
f 6949 6951 6952
f 6947 6949 6952
f 6951 6949 6927 6950
f 6927 6911 6928 6929
f 6929 6928 6854 6917
f 6925 6916 6929
f 6917 6899 6925
f 6929 6917 6925
f 6939 6926 6925
f 6899 6912 6939
f 6925 6899 6939
f 6940 6912 6941 6943
f 6943 6941 6915 6942
f 6941 6912 6899
f 6913 6915 6941
f 6899 6913 6941
f 6915 6913 6909 6914
f 6914 6909 6901
f 6905 6910 6914
f 6901 6905 6914
f 6913 6899 6917
f 6920 6909 6913
f 6917 6920 6913
f 6917 6854 6918 6920
f 6920 6918 6900 6919
f 6909 6920 6919 6901
f 6906 6901 6919
f 6919 6900 6733
f 6733 6894 6906
f 6906 6919 6733
f 6905 6901 6906 6908
f 6908 6906 6894 6907
f 6946 6731 6930
f 6932 6911 6946
f 6930 6932 6946
f 6930 6902 6931 6932
f 6932 6931 6904 6921
f 6928 6911 6932
f 6921 6854 6928
f 6932 6921 6928
f 6931 6902 67
f 6903 6904 6931
f 67 6903 6931
f 6922 6904 6903
f 6732 6865 6922
f 6903 6732 6922
f 6918 6854 6921
f 6924 6900 6918
f 6921 6924 6918
f 6921 6904 6922 6924
f 6924 6922 6865 6923
f 6900 6924 6923 6733
f 6895 6733 6923
f 6923 6865 6867
f 6867 6783 6895
f 6895 6923 6867
f 6865 6732 6866 6867
f 6867 6866 6597 6842
f 6863 6783 6867
f 6842 6686 6863
f 6867 6842 6863
f 6898 6893 6892
f 6784 6876 6898
f 6892 6784 6898
f 6894 6733 6895 6896
f 6896 6895 6783 6862
f 6892 6853 6896
f 6862 6784 6892
f 6896 6862 6892
f 6877 6784 6862
f 6864 6819 6877
f 6862 6864 6877
f 6862 6783 6863 6864
f 6864 6863 6686 6838
f 6860 6819 6864
f 6838 6728 6860
f 6864 6838 6860
f 6897 6889 6876
f 6890 6891 6897
f 6876 6890 6897
f 6891 6890 6878 6886
f 6890 6876 6784
f 6877 6878 6890
f 6784 6877 6890
f 6887 6878 6877
f 6819 6859 6887
f 6877 6819 6887
f 6886 6878 6887 6888
f 6888 6887 6859 6879
f 6885 6875 6888
f 6879 6820 6885
f 6888 6879 6885
f 6872 6820 6879
f 6882 6852 6872
f 6879 6882 6872
f 6879 6859 6880 6882
f 6882 6880 6861 6881
f 6852 6882 6881 6826
f 6880 6859 6819
f 6860 6861 6880
f 6819 6860 6880
f 6861 6860 6728 6834
f 6881 6861 6834
f 6780 6826 6881
f 6834 6780 6881
f 6883 6874 6884
f 6883 6871 6820
f 6872 6874 6883
f 6820 6872 6883
f 6874 6872 6852 6873
f 6829 6827 6818 6828
f 6830 6833 6825
f 6830 6780 6831 6833
f 6833 6831 6817 6832
f 6827 6825 6833
f 6832 6818 6827
f 6833 6832 6827
f 6850 6818 6832
f 6832 6817 6782
f 6782 6803 6850
f 6850 6832 6782
f 6851 6850 6803 6814
f 6831 6780 6834
f 6837 6817 6831
f 6834 6837 6831
f 6834 6728 6835 6837
f 6837 6835 6781 6836
f 6817 6837 6836 6782
f 6804 6782 6836
f 6836 6781 6730
f 6730 6749 6804
f 6804 6836 6730
f 6814 6803 6815 6816
f 6816 6815 6805 6807
f 6815 6803 6782
f 6804 6805 6815
f 6782 6804 6815
f 6808 6805 6804
f 6749 6776 6808
f 6804 6749 6808
f 6811 6786 6821
f 6824 6806 6811
f 6821 6824 6811
f 6821 6807 6822 6824
f 6824 6822 6810 6823
f 6806 6824 6823 6802
f 6822 6807 6805
f 6808 6810 6822
f 6805 6808 6822
f 6810 6808 6776 6809
f 6823 6810 6809
f 6720 6802 6823
f 6809 6720 6823
f 6835 6728 6838
f 6841 6781 6835
f 6838 6841 6835
f 6838 6686 6839 6841
f 6841 6839 6729 6840
f 6781 6841 6840 6730
f 6750 6730 6840
f 6840 6729 6688
f 6688 6710 6750
f 6750 6840 6688
f 6800 6720 6809
f 6809 6776 6779
f 6779 6770 6800
f 6800 6809 6779
f 6776 6749 6777 6779
f 6779 6777 6751 6778
f 6773 6770 6779
f 6778 6727 6773
f 6779 6778 6773
f 6777 6749 6730
f 6750 6751 6777
f 6730 6750 6777
f 6794 6751 6750
f 6710 6738 6794
f 6750 6710 6794
f 6791 6727 6778
f 6796 6747 6791
f 6778 6796 6791
f 6778 6751 6794 6796
f 6796 6794 6738 6795
f 6747 6796 6795 6656
f 6839 6686 6842
f 6845 6729 6839
f 6842 6845 6839
f 6842 6597 6843 6845
f 6845 6843 6687 6844
f 6729 6845 6844 6688
f 6711 6688 6844
f 6844 6687 99
f 99 6652 6711
f 6711 6844 99
f 6744 6656 6795
f 6795 6738 6741
f 6741 6718 6744
f 6744 6795 6741
f 6738 6710 6739 6741
f 6741 6739 6713 6740
f 6735 6718 6741
f 6740 6685 6735
f 6741 6740 6735
f 6739 6710 6688
f 6711 6713 6739
f 6688 6711 6739
f 6713 6711 6652 6712
f 6707 6685 6740
f 6740 6713 6712
f 6712 6502 6707
f 6707 6740 6712
f 6813 6811 6806 6812
f 6801 6800 6770 6772
f 6797 6772 6798 6799
f 6799 6798 6775 6787
f 6798 6772 6770
f 6773 6775 6798
f 6770 6773 6798
f 6788 6775 6773
f 6727 6774 6788
f 6773 6727 6788
f 6787 6775 6788 6790
f 6790 6788 6774 6789
f 6771 6790 6789 6746
f 6789 6774 6793
f 6785 6746 6789
f 6793 6785 6789
f 6774 6727 6791 6793
f 6793 6791 6747 6792
f 6785 6793 6792 6748
f 6761 6748 6792
f 6792 6747 6656
f 6656 6743 6761
f 6761 6792 6656
f 6760 6748 6761 6762
f 6767 6762 6761
f 6743 6752 6767
f 6761 6743 6767
f 6769 6768 6767
f 6752 6756 6769
f 6767 6752 6769
f 6763 6756 6764 6766
f 6766 6764 6759 6765
f 6764 6756 6752
f 6757 6759 6764
f 6752 6757 6764
f 6759 6757 6755 6758
f 6757 6752 6743
f 6753 6755 6757
f 6743 6753 6757
f 6755 6753 6745 6754
f 6758 6755 6754
f 6726 6742 6758
f 6754 6726 6758
f 6753 6743 6656
f 6744 6745 6753
f 6656 6744 6753
f 6745 6744 6718 6734
f 6754 6745 6734
f 6719 6726 6754
f 6734 6719 6754
f 6723 6719 6734
f 6737 6721 6723
f 6734 6737 6723
f 6734 6718 6735 6737
f 6737 6735 6685 6736
f 6721 6737 6736 6706
f 6722 6719 6723 6725
f 6725 6723 6721 6724
f 6714 6706 6715 6717
f 6717 6715 6709 6716
f 6715 6706 6736
f 6736 6685 6707
f 6707 6709 6715
f 6715 6736 6707
f 6709 6707 6502 6708
f 6684 6658 6708
f 6708 6502 6659
f 6659 6660 6684
f 6684 6708 6659
f 6665 6660 6659
f 6595 6649 6665
f 6659 6595 6665
f 6660 6665 6666
f 6668 6666 6665
f 6649 6661 6668
f 6665 6649 6668
f 6705 6683 6682
f 6670 6671 6705
f 6682 6670 6705
f 6682 6667 6666
f 6668 6670 6682
f 6666 6668 6682
f 6672 6670 6668
f 6661 6669 6672
f 6668 6661 6672
f 6704 6678 6671
f 6679 6681 6704
f 6671 6679 6704
f 6693 6681 6679
f 6674 6680 6693
f 6679 6674 6693
f 6692 6681 6693 6695
f 6695 6693 6680 6694
f 6679 6671 6670
f 6672 6674 6679
f 6670 6672 6679
f 6697 6674 6672
f 6669 6673 6697
f 6672 6669 6697
f 6680 6699 6696
f 6680 6674 6697 6699
f 6699 6697 6673 6698
f 6696 6699 6698 6596
f 6698 6673 6703
f 6700 6596 6698
f 6703 6700 6698
f 6673 6669 6701 6703
f 6703 6701 6677 6702
f 6700 6703 6702 6657
f 6701 6669 6661
f 6675 6677 6701
f 6661 6675 6701
f 6677 6675 6664 6676
f 6702 6677 6676
f 6655 6657 6702
f 6676 6655 6702
f 6675 6661 6649
f 6662 6664 6675
f 6649 6662 6675
f 6664 6662 6651 6663
f 6676 6664 6663
f 6627 6655 6676
f 6663 6627 6676
f 6662 6649 6595
f 6650 6651 6662
f 6595 6650 6662
f 6651 6650 6504 6635
f 6647 6627 6663
f 6663 6651 6635
f 6635 6546 6647
f 6647 6663 6635
f 6648 6647 6546 6631
f 6659 6502 6712
f 6712 6652 6654
f 6654 6595 6659
f 6659 6712 6654
f 6652 99 6653 6654
f 6654 6653 6503 6639
f 6650 6595 6654
f 6639 6504 6650
f 6654 6639 6650
f 6636 6504 6639
f 6642 6547 6636
f 6639 6642 6636
f 6639 6503 6640 6642
f 6642 6640 66 6641
f 6547 6642 6641 6430
f 6630 6628 6594 6629
f 6631 6546 6632 6634
f 6634 6632 6593 6633
f 6628 6626 6634
f 6633 6594 6628
f 6634 6633 6628
f 6620 6594 6633
f 6633 6593 6548
f 6548 6582 6620
f 6620 6633 6548
f 6621 6620 6582 6589
f 6632 6546 6635
f 6638 6593 6632
f 6635 6638 6632
f 6635 6504 6636 6638
f 6638 6636 6547 6637
f 6593 6638 6637 6548
f 6583 6548 6637
f 6637 6547 6430
f 6430 6499 6583
f 6583 6637 6430
f 6617 6589 6618 6619
f 6619 6618 6592 6607
f 6615 6601 6619
f 6607 6581 6615
f 6619 6607 6615
f 6618 6589 6582
f 6590 6592 6618
f 6582 6590 6618
f 6608 6592 6590
f 6584 6591 6608
f 6590 6584 6608
f 6604 6581 6607
f 6610 6586 6604
f 6607 6610 6604
f 6607 6592 6608 6610
f 6610 6608 6591 6609
f 6586 6610 6609 6545
f 6590 6582 6548
f 6583 6584 6590
f 6548 6583 6590
f 6611 6584 6583
f 6499 6558 6611
f 6583 6499 6611
f 6609 6591 6613
f 6598 6545 6609
f 6613 6598 6609
f 6591 6584 6611 6613
f 6613 6611 6558 6612
f 6598 6613 6612 109
f 6616 6615 6581 6603
f 6614 6585 6622
f 6625 6602 6614
f 6622 6625 6614
f 6622 6603 6623 6625
f 6625 6623 6606 6624
f 6602 6625 6624 6600
f 6623 6603 6581
f 6604 6606 6623
f 6581 6604 6623
f 6606 6604 6586 6605
f 6624 6606 6605
f 6588 6600 6624
f 6605 6588 6624
f 6605 6586 6545
f 6587 6588 6605
f 6545 6587 6605
f 6599 6598 109 6554
f 7214 7198 7215 7216
f 7224 7216 7215
f 7092 7205 7224
f 7215 7092 7224
f 7223 7226 7213
f 7223 7216 7224 7226
f 7226 7224 7205 7225
f 7220 7213 7226
f 7225 7185 7220
f 7226 7225 7220
f 7213 7220 7222
f 7222 7220 7185 7221
f 7204 7202 7197 7203
f 7202 7185 7225
f 7225 7205 7208
f 7208 7197 7202
f 7202 7225 7208
f 7205 7092 7206 7208
f 7208 7206 7186 7207
f 7197 7208 7207 7188
f 7207 7186 7160
f 7187 7188 7207
f 7160 7187 7207
f 7169 7150 7159
f 7159 7148 7099
f 7099 7149 7169
f 7169 7159 7099
f 7166 7150 7169
f 7172 7155 7166
f 7169 7172 7166
f 7169 7149 7170 7172
f 7172 7170 6968 7171
f 7155 7172 7171 7126
f 7161 7158 7162 7164
f 7164 7162 7157 7163
f 7184 7154 7165
f 7168 7158 7184
f 7165 7168 7184
f 7165 7150 7166 7168
f 7168 7166 7155 7167
f 7162 7158 7168
f 7167 7157 7162
f 7168 7167 7162
f 7177 7157 7167
f 7167 7155 7126
f 7126 7156 7177
f 7177 7167 7126
f 7179 7177 7156 7178
f 7156 7126 7181 7183
f 7183 7181 7128 7182
f 7180 7183 7182 7098
f 7181 7126 7171
f 7171 6968 7127
f 7127 7128 7181
f 7181 7171 7127
f 7128 7127 7090 7105
f 7182 7133 7125
f 7133 7091 7125
f 7125 7098 7182
f 7182 7128 7105 7133
f 7144 7091 7133
f 7136 7095 7144
f 7133 7136 7144
f 7133 7105 7134 7136
f 7136 7134 7108 7135
f 7130 7095 7136
f 7135 7093 7130
f 7136 7135 7130
f 7134 7105 7090
f 7106 7108 7134
f 7090 7106 7134
f 7108 7106 6985 7107
f 7116 7093 7135
f 7135 7108 7107
f 7107 7057 7116
f 7116 7135 7107
f 7124 7141 7142
f 7146 7142 7141
f 7097 7120 7146
f 7141 7097 7146
f 7147 7146 7120 7137
f 7094 7143 7145 7124
f 7143 7091 7144 7145
f 7145 7144 7095 7129
f 7141 7124 7145
f 7129 7097 7141
f 7145 7129 7141
f 7121 7097 7129
f 7132 7113 7121
f 7129 7132 7121
f 7129 7095 7130 7132
f 7132 7130 7093 7131
f 7113 7132 7131 7096
f 7137 7120 7138 7140
f 7140 7138 7123 7139
f 7138 7120 7097
f 7121 7123 7138
f 7097 7121 7138
f 7123 7121 7113 7122
f 7139 7123 7122
f 7115 7119 7139
f 7122 7115 7139
f 7122 7113 7096
f 7114 7115 7122
f 7096 7114 7122
f 7131 7093 7116
f 7118 7096 7131
f 7116 7118 7131
f 7118 7116 7057 7117
f 7117 7057 7088
f 7089 7087 7117
f 7088 7089 7117
f 7089 7088 7059 7083
f 7088 7057 7107
f 7107 6985 7058
f 7058 7059 7088
f 7088 7107 7058
f 7084 7059 7058
f 118 7008 7084
f 7058 118 7084
f 7083 7059 7084 7085
f 7085 7084 7008 7054
f 7079 6965 7069
f 7085 7054 7079
f 7069 7085 7079
f 7068 7075 7078 7070
f 7075 7067 7076 7078
f 7078 7076 7049 7077
f 7072 7070 7078
f 7077 7050 7072
f 7078 7077 7072
f 7071 7070 7072 7074
f 7074 7072 7050 7073
f 7086 7063 7073
f 7073 7050 7064
f 7064 7066 7086
f 7086 7073 7064
f 7066 7064 7053 7065
f 7064 7050 7077
f 7077 7049 7051
f 7051 7053 7064
f 7064 7077 7051
f 7053 7051 6984 7052
f 7007 7043 7045 7014
f 7043 7006 7044 7045
f 7045 7044 6967 7026
f 7041 7014 7045
f 7026 6980 7041
f 7045 7026 7041
f 7015 7040 7042 7017
f 7040 7014 7041 7042
f 7042 7041 6980 7022
f 7038 7017 7042
f 7022 7002 7038
f 7042 7022 7038
f 7017 7038 7039
f 7039 7038 7002 7018
f 6965 7079 7082 7067
f 7079 7054 7080 7082
f 7082 7080 7056 7081
f 7076 7067 7082
f 7081 7049 7076
f 7082 7081 7076
f 7080 7054 7008
f 7055 7056 7080
f 7008 7055 7080
f 7056 7055 7010 7046
f 7051 7049 7081
f 7081 7056 7046
f 7046 6984 7051
f 7051 7081 7046
f 7055 7008 118
f 7009 7010 7055
f 118 7009 7055
f 7047 7010 7009
f 6966 6994 7047
f 7009 6966 7047
f 6984 7046 7048 7006
f 7046 7010 7047 7048
f 7048 7047 6994 7030
f 7044 7006 7048
f 7030 6967 7044
f 7048 7030 7044
f 7027 6967 7030
f 7033 6981 7027
f 7030 7033 7027
f 7030 6994 7031 7033
f 7033 7031 6997 7032
f 6981 7033 7032 6978
f 7031 6994 6966
f 6995 6997 7031
f 6966 6995 7031
f 6997 6995 6855 6996
f 7032 6997 6996
f 6933 6978 7032
f 6996 6933 7032
f 7034 7018 7035 7037
f 7037 7035 7021 7036
f 7035 7018 7002
f 7019 7021 7035
f 7002 7019 7035
f 7021 7019 7011 7020
f 7036 7021 7020
f 7013 7016 7036
f 7020 7013 7036
f 7020 7011 7005
f 7012 7013 7020
f 7005 7012 7020
f 7019 7002 7022
f 7025 7011 7019
f 7022 7025 7019
f 7022 6980 7023 7025
f 7025 7023 7003 7024
f 7011 7025 7024 7005
f 7024 7003 6983
f 7004 7005 7024
f 6983 7004 7024
f 7023 6980 7026
f 7029 7003 7023
f 7026 7029 7023
f 7026 6967 7027 7029
f 7029 7027 6981 7028
f 7003 7029 7028 6983
f 7028 6981 6978
f 6982 6983 7028
f 6978 6982 7028
f 6982 6978 6933
f 6962 6979 6982
f 6933 6962 6982
f 6977 6976 6964 6969
f 6976 6962 6933
f 6963 6964 6976
f 6933 6963 6976
f 6970 6964 6963
f 6935 6958 6970
f 6963 6935 6970
f 6969 6973 6975
f 6975 6973 6972 6974
f 6973 6969 6964
f 6970 6972 6973
f 6964 6970 6973
f 6972 6970 6958 6971
f 6963 6933 6996
f 6996 6855 6934
f 6934 6935 6963
f 6963 6996 6934
f 6959 6935 6934
f 67 6902 6959
f 6934 67 6959
f 6958 6935 6959 6960
f 6960 6959 6902 6930
f 6957 6944 6960
f 6930 6731 6957
f 6960 6930 6957
f 4584 2844 4245
f 2844 115 4245
f 4245 73 4584
f 4584 2518 2519 2844
f 2624 2519 2518
f 68 2404 2624
f 2518 68 2624
f 2841 2623 2519
f 2624 2625 2841
f 2519 2624 2841
f 2782 2625 2624
f 2404 2515 2782
f 2624 2404 2782
f 2838 2781 2625
f 2782 2783 2838
f 2625 2782 2838
f 2825 2783 2782
f 2515 2620 2825
f 2782 2515 2825
f 2835 2824 2783
f 2825 2826 2835
f 2783 2825 2835
f 2832 2826 2825
f 2620 2778 2832
f 2825 2620 2832
f 2826 2832 2833 2831
f 2832 2778 2821 2833
f 2847 2834 2824
f 2835 2836 2847
f 2824 2835 2847
f 2867 2836 2835
f 2826 2831 2867
f 2835 2826 2867
f 2836 2867 2869 2848
f 2867 2831 2868 2869
f 2854 2846 2834
f 2847 2849 2854
f 2834 2847 2854
f 2864 2849 2847
f 2836 2848 2864
f 2847 2836 2864
f 2849 2864 2866 2855
f 2864 2848 2865 2866
f 2875 2853 2846
f 2854 2856 2875
f 2846 2854 2875
f 2861 2856 2854
f 2849 2855 2861
f 2854 2849 2861
f 2871 2860 2856
f 2861 2863 2871
f 2856 2861 2871
f 2861 2855 2862 2863
f 2881 2870 2860
f 2871 2873 2881
f 2860 2871 2881
f 2871 2863 2872 2873
f 2870 2881 2883 2880
f 2881 2873 2882 2883
f 2853 2875 2876 2874
f 2885 2876 2875
f 2856 2860 2885
f 2875 2856 2885
f 2876 2885 2886 2884
f 2888 2886 2885
f 2860 2870 2888
f 2885 2860 2888
f 2886 2888 2889 2887
f 2888 2870 2880 2889
f 2891 2837 2781
f 2838 2839 2891
f 2781 2838 2891
f 2851 2839 2838
f 2783 2824 2851
f 2838 2783 2851
f 2839 2851 2852 2850
f 2858 2852 2851
f 2824 2834 2858
f 2851 2824 2858
f 2852 2858 2859 2857
f 2878 2859 2858
f 2834 2846 2878
f 2858 2834 2878
f 2859 2878 2879 2877
f 2878 2846 2853 2879
f 2897 2890 2837
f 2891 2892 2897
f 2837 2891 2897
f 2891 2839 2850 2892
f 2890 2897 2899 2896
f 2897 2892 2898 2899
f 2623 2841 2842 2840
f 2894 2842 2841
f 2625 2781 2894
f 2841 2625 2894
f 2842 2894 2895 2893
f 2901 2895 2894
f 2781 2837 2901
f 2894 2781 2901
f 2895 2901 2902 2900
f 2904 2902 2901
f 2837 2890 2904
f 2901 2837 2904
f 2902 2904 2905 2903
f 2904 2890 2896 2905
f 2914 2843 115
f 2844 2845 2914
f 115 2844 2914
f 2907 2845 2844
f 2519 2623 2907
f 2844 2519 2907
f 2910 2906 2845
f 2907 2908 2910
f 2845 2907 2910
f 2953 2908 2907
f 2623 2840 2953
f 2907 2623 2953
f 2908 2953 2955 2911
f 2953 2840 2954 2955
f 2920 2909 2906
f 2910 2912 2920
f 2906 2910 2920
f 2950 2912 2910
f 2908 2911 2950
f 2910 2908 2950
f 2912 2950 2952 2921
f 2950 2911 2951 2952
f 2927 2919 2909
f 2920 2922 2927
f 2909 2920 2927
f 2947 2922 2920
f 2912 2921 2947
f 2920 2912 2947
f 2922 2947 2949 2928
f 2947 2921 2948 2949
f 2934 2926 2919
f 2927 2929 2934
f 2919 2927 2934
f 2944 2929 2927
f 2922 2928 2944
f 2927 2922 2944
f 2929 2944 2946 2935
f 2944 2928 2945 2946
f 2961 2933 2926
f 2934 2936 2961
f 2926 2934 2961
f 2941 2936 2934
f 2929 2935 2941
f 2934 2929 2941
f 2957 2940 2936
f 2941 2943 2957
f 2936 2941 2957
f 2941 2935 2942 2943
f 2993 2956 2940
f 2957 2959 2993
f 2940 2957 2993
f 2957 2943 2958 2959
f 2956 2993 2995 2971
f 2993 2959 2994 2995
f 2981 2960 2933
f 2961 2962 2981
f 2933 2961 2981
f 2967 2962 2961
f 2936 2940 2967
f 2961 2936 2967
f 2978 2966 2962
f 2967 2968 2978
f 2962 2967 2978
f 2970 2968 2967
f 2940 2956 2970
f 2967 2940 2970
f 2974 2969 2968
f 2970 2972 2974
f 2968 2970 2974
f 2990 2972 2970
f 2956 2971 2990
f 2970 2956 2990
f 2972 2990 2992 2975
f 2990 2971 2991 2992
f 2969 2974 2976 2973
f 2987 2976 2974
f 2972 2975 2987
f 2974 2972 2987
f 2976 2987 2989 2986
f 2987 2975 2988 2989
f 2966 2978 2979 2977
f 2978 2968 2969 2979
f 2960 2981 2982 2980
f 2981 2962 2966 2982
f 2997 2913 2843
f 2914 2915 2997
f 2843 2914 2997
f 2924 2915 2914
f 2845 2906 2924
f 2914 2845 2924
f 2915 2924 2925 2923
f 2931 2925 2924
f 2906 2909 2931
f 2924 2906 2931
f 2925 2931 2932 2930
f 2938 2932 2931
f 2909 2919 2938
f 2931 2909 2938
f 2932 2938 2939 2937
f 2964 2939 2938
f 2919 2926 2964
f 2938 2919 2964
f 2939 2964 2965 2963
f 2984 2965 2964
f 2926 2933 2984
f 2964 2926 2984
f 2965 2984 2985 2983
f 2984 2933 2960 2985
f 3003 2996 2913
f 2997 2998 3003
f 2913 2997 3003
f 3023 2998 2997
f 2915 2923 3023
f 2997 2915 3023
f 2998 3023 3025 3004
f 3023 2923 3024 3025
f 3010 3002 2996
f 3003 3005 3010
f 2996 3003 3010
f 3020 3005 3003
f 2998 3004 3020
f 3003 2998 3020
f 3005 3020 3022 3011
f 3020 3004 3021 3022
f 3027 3009 3002
f 3010 3012 3027
f 3002 3010 3027
f 3017 3012 3010
f 3005 3011 3017
f 3010 3005 3017
f 3012 3017 3019 3016
f 3017 3011 3018 3019
f 3009 3027 3028 3026
f 3027 3012 3016 3028
f 4842 74 4718
f 4721 4686 4842
f 4718 4721 4842
f 4718 4630 4719 4721
f 4721 4719 4632 4720
f 4715 4686 4721
f 4720 4569 4715
f 4721 4720 4715
f 4719 4630 4440
f 4631 4632 4719
f 4440 4631 4719
f 4632 4631 4442 4582
f 4628 4569 4720
f 4720 4632 4582
f 4582 117 4628
f 4628 4720 4582
f 4631 4440 5150
f 5150 69 4441
f 4441 4442 4631
f 4631 5150 4441
f 4583 4442 4441
f 68 2518 4583
f 4441 68 4583
f 4597 117 4582
f 4585 4438 4597
f 4582 4585 4597
f 4582 4442 4583 4585
f 4585 4583 2518 4584
f 4579 4438 4585
f 4584 73 4579
f 4585 4584 4579
f 5555 5509 5556 5557
f 5557 5556 5512 5528
f 5566 5514 5554
f 5554 5549 5557
f 5557 5528 5566
f 5566 5554 5557
f 5514 5566 5569 5547
f 5566 5528 5567 5569
f 5569 5567 5531 5568
f 5563 5547 5569
f 5568 5519 5563
f 5569 5568 5563
f 5567 5528 5512
f 5529 5531 5567
f 5512 5529 5567
f 5613 5531 5529
f 5511 5530 5613
f 5529 5511 5613
f 5610 5519 5568
f 5615 5525 5610
f 5568 5615 5610
f 5568 5531 5613 5615
f 5615 5613 5530 5614
f 5525 5615 5614 5513
f 5571 5548 5562
f 5565 5550 5571
f 5562 5565 5571
f 5562 5547 5563 5565
f 5565 5563 5519 5564
f 5559 5550 5565
f 5564 5524 5559
f 5565 5564 5559
f 5548 5571 5572
f 5586 5572 5571
f 5550 5558 5586
f 5571 5550 5586
f 5585 5572 5586 5587
f 5587 5586 5558 5573
f 5634 5570 5624
f 5624 5551 5581
f 5581 5584 5634
f 5634 5624 5581
f 5581 5573 5582 5584
f 5635 5584 5582
f 5576 5583 5635
f 5582 5576 5635
f 5570 5634 5637 5578
f 5634 5584 5635 5637
f 5637 5635 5583 5636
f 5631 5578 5637
f 5636 5553 5631
f 5637 5636 5631
f 5582 5573 5558
f 5574 5576 5582
f 5558 5574 5582
f 5601 5576 5574
f 5561 5575 5601
f 5574 5561 5601
f 5598 5553 5636
f 5636 5583 5603
f 5603 5588 5598
f 5598 5636 5603
f 5583 5576 5601 5603
f 5603 5601 5575 5602
f 5588 5603 5602 5552
f 5574 5558 5550
f 5559 5561 5574
f 5550 5559 5574
f 5604 5561 5559
f 5524 5560 5604
f 5559 5524 5604
f 5602 5575 5606
f 5591 5552 5602
f 5606 5591 5602
f 5575 5561 5604 5606
f 5606 5604 5560 5605
f 5591 5606 5605 5543
f 5630 5580 5623
f 5623 5577 5570
f 5570 5578 5630
f 5630 5623 5570
f 5627 5580 5630
f 5633 5594 5627
f 5630 5633 5627
f 5630 5578 5631 5633
f 5633 5631 5553 5632
f 5594 5633 5632 5579
f 5626 5580 5627 5629
f 5629 5627 5594 5628
f 5625 5622 5629
f 5628 5596 5625
f 5629 5628 5625
f 5638 5596 5628
f 5628 5594 5579
f 5579 5595 5638
f 5638 5628 5579
f 5595 5579 5639 5641
f 5641 5639 5600 5640
f 5639 5579 5632
f 5632 5553 5598
f 5598 5600 5639
f 5639 5632 5598
f 5600 5598 5588 5599
f 5640 5600 5599
f 5590 5597 5640
f 5599 5590 5640
f 5599 5588 5552
f 5589 5590 5599
f 5552 5589 5599
f 5591 5543 5592
f 5605 5560 5609
f 5593 5543 5605
f 5609 5593 5605
f 5560 5524 5607 5609
f 5609 5607 5544 5608
f 5593 5609 5608 5546
f 5608 5544 5527
f 5545 5546 5608
f 5527 5545 5608
f 5607 5524 5564
f 5612 5544 5607
f 5564 5612 5607
f 5564 5519 5610 5612
f 5612 5610 5525 5611
f 5544 5612 5611 5527
f 5611 5525 5513
f 5526 5527 5611
f 5513 5526 5611
f 5556 5509 5532
f 5535 5512 5556
f 5532 5535 5556
f 5532 4945 5533 5535
f 5535 5533 5510 5534
f 5529 5512 5535
f 5534 5511 5529
f 5535 5534 5529
f 5616 5511 5534
f 5621 5521 5616
f 5534 5621 5616
f 5534 5510 5619 5621
f 5621 5619 5446 5620
f 5521 5621 5620 5486
f 5526 5513 5540
f 5542 5520 5526
f 5540 5542 5526
f 5542 5540 5523 5541
f 5614 5530 5618
f 5540 5513 5614
f 5618 5540 5614
f 5530 5511 5616 5618
f 5618 5616 5521 5617
f 5540 5618 5617 5523
f 5617 5521 5486
f 5522 5523 5617
f 5486 5522 5617
f 5507 5447 5522
f 5522 5486 5489
f 5489 5482 5507
f 5507 5522 5489
f 5620 5446 5487
f 5489 5486 5620
f 5487 5489 5620
f 5489 5487 5264 5488
f 5483 5482 5489
f 5488 5409 5483
f 5489 5488 5483
f 5501 5485 5483
f 5409 5484 5501
f 5483 5409 5501
f 5484 5409 5502 5504
f 5504 5502 5444 5503
f 5503 5465 5460
f 5465 5438 5460
f 5460 5445 5503
f 5503 5444 5411 5465
f 5502 5409 5488
f 5506 5444 5502
f 5488 5506 5502
f 5488 5264 5505 5506
f 5506 5505 5410 5469
f 5444 5506 5469 5411
f 5466 5411 5469
f 5472 5439 5466
f 5469 5472 5466
f 5469 5410 5470 5472
f 5472 5470 4947 5471
f 5439 5472 5471 5289
f 5478 5477 5443 5455
f 5479 5481 5459
f 5479 5438 5480 5481
f 5481 5480 5441 5461
f 5477 5459 5481
f 5461 5443 5477
f 5481 5461 5477
f 5456 5443 5461
f 5464 5448 5456
f 5461 5464 5456
f 5461 5441 5462 5464
f 5464 5462 5440 5463
f 5448 5464 5463 5442
f 5455 5443 5456 5458
f 5458 5456 5448 5457
f 5457 5448 5442
f 5449 5450 5457
f 5442 5449 5457
f 5480 5438 5465
f 5468 5441 5480
f 5465 5468 5480
f 5465 5411 5466 5468
f 5468 5466 5439 5467
f 5462 5441 5468
f 5467 5440 5462
f 5468 5467 5462
f 5452 5440 5467
f 5467 5439 5289
f 5289 5405 5452
f 5452 5467 5289
f 5463 5440 5452
f 5454 5442 5463
f 5452 5454 5463
f 5454 5452 5405 5453
f 5451 5454 5453 5084
f 5533 4945 5536
f 5539 5510 5533
f 5536 5539 5533
f 5536 5490 5537 5539
f 5539 5537 5492 5538
f 5619 5510 5539
f 5538 5446 5619
f 5539 5538 5619
f 5537 5490 5412
f 5491 5492 5537
f 5412 5491 5537
f 5492 5491 5414 5473
f 5487 5446 5538
f 5538 5492 5473
f 5473 5264 5487
f 5487 5538 5473
f 5491 5412 113
f 5413 5414 5491
f 113 5413 5491
f 5474 5414 5413
f 4946 5272 5474
f 5413 4946 5474
f 5505 5264 5473
f 5476 5410 5505
f 5473 5476 5505
f 5473 5414 5474 5476
f 5476 5474 5272 5475
f 5470 5410 5476
f 5475 4947 5470
f 5476 5475 5470
f 5290 4947 5475
f 5475 5272 5274
f 5274 5085 5290
f 5290 5475 5274
f 5272 4946 5273 5274
f 5274 5273 4634 5144
f 5270 5085 5274
f 5144 4703 5270
f 5274 5144 5270
f 5426 5415 5427 5429
f 5429 5427 5404 5428
f 5401 5430 5433 5415
f 5430 5400 5431 5433
f 5433 5431 5402 5432
f 5427 5415 5433
f 5432 5404 5427
f 5433 5432 5427
f 5417 5404 5432
f 5432 5402 5263
f 5263 5403 5417
f 5417 5432 5263
f 5419 5417 5403 5418
f 5403 5263 5421 5423
f 5423 5421 5287 5422
f 5420 5423 5422 5288
f 5422 5312 5294
f 5312 5280 5294
f 5294 5288 5422
f 5422 5287 5086 5312
f 5453 5434 5416
f 5434 5400 5416
f 5416 5084 5453
f 5453 5405 5408 5434
f 5405 5289 5406 5408
f 5435 5408 5406
f 5291 5407 5435
f 5406 5291 5435
f 5431 5400 5434
f 5437 5402 5431
f 5434 5437 5431
f 5434 5408 5435 5437
f 5437 5435 5407 5436
f 5402 5437 5436 5263
f 5406 5289 5471
f 5471 4947 5290
f 5290 5291 5406
f 5406 5471 5290
f 5424 5291 5290
f 5085 5269 5424
f 5290 5085 5424
f 5421 5263 5436
f 5436 5407 5425
f 5425 5287 5421
f 5421 5436 5425
f 5407 5291 5424 5425
f 5425 5424 5269 5316
f 5287 5425 5316 5086
f 5313 5086 5316
f 5319 5281 5313
f 5316 5319 5313
f 5316 5269 5317 5319
f 5319 5317 5271 5318
f 5281 5319 5318 5115
f 5317 5269 5085
f 5270 5271 5317
f 5085 5270 5317
f 5271 5270 4703 5140
f 5267 5115 5318
f 5318 5271 5140
f 5140 4942 5267
f 5267 5318 5140
f 5328 5283 5329 5330
f 5330 5329 5292 5304
f 5324 5304 5325 5327
f 5349 5327 5325
f 5307 5326 5349
f 5325 5307 5349
f 5381 5321 5348
f 5351 5322 5381
f 5348 5351 5381
f 5348 5327 5349 5351
f 5351 5349 5326 5350
f 5345 5322 5351
f 5350 5295 5345
f 5351 5350 5345
f 5325 5304 5292
f 5305 5307 5325
f 5292 5305 5325
f 5334 5307 5305
f 5286 5306 5334
f 5305 5286 5334
f 5358 5295 5350
f 5363 5331 5358
f 5350 5363 5358
f 5350 5326 5361 5363
f 5363 5361 5336 5362
f 5331 5363 5362 5303
f 5361 5326 5307
f 5334 5336 5361
f 5307 5334 5361
f 5336 5334 5306 5335
f 5362 5336 5335
f 5293 5303 5362
f 5335 5293 5362
f 5382 5381 5322 5344
f 5380 5379 5347 5354
f 5379 5344 5322
f 5345 5347 5379
f 5322 5345 5379
f 5355 5347 5345
f 5295 5346 5355
f 5345 5295 5355
f 5376 5354 5377 5378
f 5398 5378 5377
f 5357 5366 5398
f 5377 5357 5398
f 5397 5378 5398 5399
f 5399 5398 5366 5383
f 5377 5354 5347
f 5355 5357 5377
f 5347 5355 5377
f 5367 5357 5355
f 5346 5356 5367
f 5355 5346 5367
f 5373 5343 5383
f 5386 5365 5373
f 5383 5386 5373
f 5383 5366 5384 5386
f 5386 5384 5369 5385
f 5388 5365 5386
f 5385 5353 5388
f 5386 5385 5388
f 5384 5366 5357
f 5367 5369 5384
f 5357 5367 5384
f 5369 5367 5356 5368
f 5391 5353 5385
f 5385 5369 5368
f 5368 5323 5391
f 5391 5385 5368
f 5387 5375 5373
f 5365 5374 5387
f 5373 5365 5387
f 5374 5365 5388 5390
f 5390 5388 5353 5389
f 5393 5391 5323 5392
f 5396 5394 5364 5395
f 5394 5323 5368
f 5368 5356 5372
f 5372 5364 5394
f 5394 5368 5372
f 5356 5346 5370 5372
f 5372 5370 5360 5371
f 5364 5372 5371 5352
f 5370 5346 5295
f 5358 5360 5370
f 5295 5358 5370
f 5360 5358 5331 5359
f 5371 5360 5359
f 5333 5352 5371
f 5359 5333 5371
f 5359 5331 5303
f 5332 5333 5359
f 5303 5332 5359
f 5329 5283 5308
f 5311 5292 5329
f 5308 5311 5329
f 5308 5280 5309 5311
f 5311 5309 5284 5310
f 5305 5292 5311
f 5310 5286 5305
f 5311 5310 5305
f 5337 5286 5310
f 5342 5296 5337
f 5310 5342 5337
f 5310 5284 5340 5342
f 5342 5340 5282 5341
f 5296 5342 5341 5285
f 5335 5306 5339
f 5320 5293 5335
f 5339 5320 5335
f 5306 5286 5337 5339
f 5339 5337 5296 5338
f 5320 5339 5338 5298
f 5338 5296 5285
f 5297 5298 5338
f 5285 5297 5338
f 5309 5280 5312
f 5315 5284 5309
f 5312 5315 5309
f 5312 5086 5313 5315
f 5315 5313 5281 5314
f 5340 5284 5315
f 5314 5282 5340
f 5315 5314 5340
f 5300 5282 5314
f 5314 5281 5115
f 5115 5266 5300
f 5300 5314 5115
f 5341 5282 5300
f 5302 5285 5341
f 5300 5302 5341
f 5302 5300 5266 5301
f 5299 5302 5301 5116
f 5261 5116 5301
f 5301 5266 5268
f 5268 5126 5261
f 5261 5301 5268
f 5266 5115 5267 5268
f 5268 5267 4942 5136
f 5278 5126 5268
f 5136 5081 5278
f 5268 5136 5278
f 5262 5126 5278 5279
f 5279 5278 5081 5177
f 5413 113 5709
f 5709 5275 5277
f 5277 4946 5413
f 5413 5709 5277
f 5275 70 5276 5277
f 5277 5276 4633 5148
f 5273 4946 5277
f 5148 4634 5273
f 5277 5148 5273
f 5145 4634 5148
f 5151 4704 5145
f 5148 5151 5145
f 5148 4633 5149 5151
f 5151 5149 69 5150
f 4704 5151 5150 4440
f 5176 5175 5114 5128
f 5112 5177 5179 5125
f 5177 5081 5178 5179
f 5179 5178 5113 5132
f 5175 5125 5179
f 5132 5114 5175
f 5179 5132 5175
f 5129 5114 5132
f 5135 5117 5129
f 5132 5135 5129
f 5132 5113 5133 5135
f 5135 5133 5083 5134
f 5161 5117 5135
f 5134 5098 5161
f 5135 5134 5161
f 5247 5124 5248 5249
f 5249 5248 5186 5192
f 5187 5244 5246 5206
f 5244 5192 5245 5246
f 5246 5245 5195 5212
f 5242 5206 5246
f 5212 5188 5242
f 5246 5212 5242
f 5245 5192 5186
f 5193 5195 5245
f 5186 5193 5245
f 5213 5195 5193
f 5156 5194 5213
f 5193 5156 5213
f 5209 5188 5212
f 5215 5189 5209
f 5212 5215 5209
f 5212 5195 5213 5215
f 5215 5213 5194 5214
f 5237 5189 5215
f 5214 5164 5237
f 5215 5214 5237
f 5243 5242 5188 5208
f 5208 5240 5241
f 5251 5241 5240
f 5211 5233 5251
f 5240 5211 5251
f 5241 5251 5253
f 5255 5253 5251
f 5233 5252 5255
f 5251 5233 5255
f 5254 5253 5255 5257
f 5257 5255 5252 5256
f 5250 5257 5256 5205
f 5240 5208 5188
f 5209 5211 5240
f 5188 5209 5240
f 5234 5211 5209
f 5189 5210 5234
f 5209 5189 5234
f 5256 5252 5260
f 5232 5205 5256
f 5260 5232 5256
f 5252 5233 5258 5260
f 5260 5258 5236 5259
f 5232 5260 5259 5207
f 5258 5233 5211
f 5234 5236 5258
f 5211 5234 5258
f 5236 5234 5210 5235
f 5259 5236 5235
f 5191 5207 5259
f 5235 5191 5259
f 5235 5210 5239
f 5228 5191 5235
f 5239 5228 5235
f 5210 5189 5237 5239
f 5239 5237 5164 5238
f 5228 5239 5238 5190
f 5238 5164 5229
f 5231 5190 5238
f 5229 5231 5238
f 5231 5229 5203 5230
f 5203 5167 5204
f 5229 5164 5214
f 5214 5194 5218
f 5218 5203 5229
f 5229 5214 5218
f 5194 5156 5216 5218
f 5218 5216 5165 5217
f 5203 5218 5217 5167
f 5217 5165 5127
f 5166 5167 5217
f 5127 5166 5217
f 5182 5180 5119 5181
f 5172 5128 5173 5174
f 5201 5174 5173
f 5131 5157 5201
f 5173 5131 5201
f 5200 5174 5201 5202
f 5202 5201 5157 5168
f 5173 5128 5114
f 5129 5131 5173
f 5114 5129 5173
f 5158 5131 5129
f 5117 5130 5158
f 5129 5117 5158
f 5248 5124 5196
f 5199 5186 5248
f 5196 5199 5248
f 5196 5168 5197 5199
f 5199 5197 5171 5198
f 5193 5186 5199
f 5198 5156 5193
f 5199 5198 5193
f 5197 5168 5157
f 5169 5171 5197
f 5157 5169 5197
f 5219 5171 5169
f 5160 5170 5219
f 5169 5160 5219
f 5216 5156 5198
f 5221 5165 5216
f 5198 5221 5216
f 5198 5171 5219 5221
f 5221 5219 5170 5220
f 5165 5221 5220 5127
f 5169 5157 5131
f 5158 5160 5169
f 5131 5158 5169
f 5222 5160 5158
f 5130 5159 5222
f 5158 5130 5222
f 5220 5170 5224
f 5180 5127 5220
f 5224 5180 5220
f 5170 5160 5222 5224
f 5224 5222 5159 5223
f 5180 5224 5223 5119
f 5223 5159 5227
f 5183 5119 5223
f 5227 5183 5223
f 5159 5130 5225 5227
f 5227 5225 5163 5226
f 5183 5227 5226 5120
f 5225 5130 5117
f 5161 5163 5225
f 5117 5161 5225
f 5163 5161 5098 5162
f 5226 5163 5162
f 5118 5120 5226
f 5162 5118 5226
f 5185 5183 5120 5184
f 5178 5081 5136
f 5139 5113 5178
f 5136 5139 5178
f 5136 4942 5137 5139
f 5139 5137 5082 5138
f 5133 5113 5139
f 5138 5083 5133
f 5139 5138 5133
f 5099 5083 5138
f 5138 5082 4944
f 4944 4964 5099
f 5099 5138 4944
f 5162 5098 5121
f 5123 5118 5162
f 5121 5123 5162
f 5123 5121 5100 5122
f 5121 5098 5134
f 5134 5083 5099
f 5099 5100 5121
f 5121 5134 5099
f 5100 5099 4964 5087
f 5100 5087 5108
f 5108 4905 5100
f 5137 4942 5140
f 5143 5082 5137
f 5140 5143 5137
f 5140 4703 5141 5143
f 5143 5141 4943 5142
f 5082 5143 5142 4944
f 4965 4944 5142
f 5142 4943 4705
f 4705 4864 4965
f 4965 5142 4705
f 4905 5108 5111 5078
f 5108 5087 5109 5111
f 5111 5109 5089 5110
f 5105 5078 5111
f 5110 5077 5105
f 5111 5110 5105
f 5109 5087 4964
f 5088 5089 5109
f 4964 5088 5109
f 5089 5088 4966 5066
f 5092 5077 5110
f 5110 5089 5066
f 5066 4941 5092
f 5092 5110 5066
f 5088 4964 4944
f 4965 4966 5088
f 4944 4965 5088
f 5067 4966 4965
f 4864 4952 5067
f 4965 4864 5067
f 4941 5066 5068 4962
f 5066 4966 5067 5068
f 5068 5067 4952 5012
f 5064 4962 5068
f 5012 4681 5064
f 5068 5012 5064
f 5141 4703 5144
f 5147 4943 5141
f 5144 5147 5141
f 5144 4634 5145 5147
f 5147 5145 4704 5146
f 4943 5147 5146 4705
f 4865 4705 5146
f 5146 4704 4440
f 4440 4630 4865
f 4865 5146 4440
f 5009 4681 5012
f 5015 4958 5009
f 5012 5015 5009
f 5012 4952 5013 5015
f 5015 5013 4955 5014
f 4958 5015 5014 4909
f 5013 4952 4864
f 4953 4955 5013
f 4864 4953 5013
f 4955 4953 4866 4954
f 4949 4909 5014
f 5014 4955 4954
f 4954 4702 4949
f 4949 5014 4954
f 4953 4864 4705
f 4865 4866 4953
f 4705 4865 4953
f 4866 4865 4630 4718
f 4862 4702 4954
f 4954 4866 4718
f 4718 74 4862
f 4862 4954 4718
f 5879 5847 5869
f 5869 5845 5829
f 5829 5846 5879
f 5879 5869 5829
f 5847 5879 5882 5864
f 5879 5846 5880 5882
f 5882 5880 114 5881
f 5876 5864 5882
f 5881 5831 5876
f 5882 5881 5876
f 5872 5865 5875
f 5878 5866 5872
f 5875 5878 5872
f 5875 5864 5876 5878
f 5878 5876 5831 5877
f 5895 5866 5878
f 5877 5842 5895
f 5878 5877 5895
f 5871 5865 5872 5874
f 5892 5874 5872
f 5866 5873 5892
f 5872 5866 5892
f 5891 5874 5892 5894
f 5894 5892 5873 5893
f 5893 5873 5897
f 5887 5868 5893
f 5897 5887 5893
f 5873 5866 5895 5897
f 5897 5895 5842 5896
f 5887 5897 5896 5867
f 5940 5913 5941 5943
f 5943 5941 5908 5942
f 5939 5932 5943
f 5942 5914 5939
f 5943 5942 5939
f 5915 5898 5916 5918
f 5945 5918 5916
f 5907 5917 5945
f 5916 5907 5945
f 5911 5944 5947 5913
f 5944 5918 5945 5947
f 5947 5945 5917 5946
f 5941 5913 5947
f 5946 5908 5941
f 5947 5946 5941
f 5933 5908 5946
f 5946 5917 5938
f 5938 5931 5933
f 5933 5946 5938
f 5917 5907 5936 5938
f 5938 5936 5900 5937
f 5931 5938 5937 5903
f 5948 5914 5942
f 5942 5908 5933
f 5933 5935 5948
f 5948 5942 5933
f 5935 5933 5931 5934
f 5916 5898 5972
f 5972 5919 5922
f 5922 5907 5916
f 5916 5972 5922
f 5919 5803 5920 5922
f 5922 5920 5899 5921
f 5936 5907 5922
f 5921 5900 5936
f 5922 5921 5936
f 5904 5900 5921
f 5921 5899 5805
f 5805 5848 5904
f 5904 5921 5805
f 5937 5900 5904
f 5906 5903 5937
f 5904 5906 5937
f 5906 5904 5848 5905
f 5920 5803 5923
f 5926 5899 5920
f 5923 5926 5920
f 5923 71 5924 5926
f 5926 5924 5804 5925
f 5899 5926 5925 5805
f 5849 5805 5925
f 5925 5804 112
f 112 5496 5849
f 5849 5925 112
f 5905 5883 5870
f 5883 5829 5870
f 5870 5647 5905
f 5905 5848 5850 5883
f 5848 5805 5849 5850
f 5884 5850 5849
f 5496 5800 5884
f 5849 5496 5884
f 5829 5883 5886 5846
f 5883 5850 5884 5886
f 5886 5884 5800 5885
f 5880 5846 5886
f 5885 114 5880
f 5886 5885 5880
f 5832 114 5885
f 5885 5800 5802
f 5802 5662 5832
f 5832 5885 5802
f 5800 5496 5801 5802
f 5802 5801 5498 5707
f 5798 5662 5802
f 5707 5265 5798
f 5802 5707 5798
f 5801 5496 112
f 5497 5498 5801
f 112 5497 5801
f 5708 5498 5497
f 70 5275 5708
f 5497 70 5708
f 5704 5265 5707
f 5710 5494 5704
f 5707 5710 5704
f 5707 5498 5708 5710
f 5710 5708 5275 5709
f 5494 5710 5709 113
f 5852 5828 5853 5855
f 5855 5853 5834 5854
f 5851 5841 5855
f 5854 5836 5851
f 5855 5854 5851
f 5860 5836 5854
f 5854 5834 5830
f 5830 5835 5860
f 5860 5854 5830
f 5835 5830 5861 5863
f 5863 5861 5663 5862
f 5896 5842 5888
f 5890 5867 5896
f 5888 5890 5896
f 5890 5888 5844 5889
f 5888 5842 5877
f 5877 5831 5843
f 5843 5844 5888
f 5888 5877 5843
f 5844 5843 5833 5837
f 5843 5831 5881
f 5881 114 5832
f 5832 5833 5843
f 5843 5881 5832
f 5838 5833 5832
f 5662 5797 5838
f 5832 5662 5838
f 5853 5828 5856
f 5859 5834 5853
f 5856 5859 5853
f 5856 5837 5857 5859
f 5859 5857 5840 5858
f 5834 5859 5858 5830
f 5857 5837 5833
f 5838 5840 5857
f 5833 5838 5857
f 5840 5838 5797 5839
f 5861 5830 5858
f 5858 5840 5839
f 5839 5663 5861
f 5861 5858 5839
f 5826 5663 5839
f 5839 5797 5799
f 5799 5677 5826
f 5826 5839 5799
f 5797 5662 5798 5799
f 5799 5798 5265 5703
f 5795 5677 5799
f 5703 5493 5795
f 5799 5703 5795
f 5663 5826 5827
f 5827 5826 5677 5794
f 5794 5677 5795 5796
f 5796 5795 5493 5789
f 5814 5659 5793
f 5793 5788 5796
f 5796 5789 5814
f 5814 5793 5796
f 5825 5792 5806
f 5806 5792 5807 5809
f 5809 5807 5787 5808
f 5825 5784 5810
f 5813 5792 5825
f 5810 5813 5825
f 5810 5659 5811 5813
f 5813 5811 5785 5812
f 5807 5792 5813
f 5812 5787 5807
f 5813 5812 5807
f 5818 5787 5812
f 5812 5785 5676
f 5676 5786 5818
f 5818 5812 5676
f 5787 5818 5820
f 5820 5818 5786 5819
f 5786 5676 5822 5824
f 5824 5822 5661 5823
f 5821 5824 5823 5665
f 5811 5659 5814
f 5817 5785 5811
f 5814 5817 5811
f 5814 5789 5815 5817
f 5817 5815 5791 5816
f 5785 5817 5816 5676
f 5815 5789 5493
f 5790 5791 5815
f 5493 5790 5815
f 5791 5790 5660 5699
f 5822 5676 5816
f 5816 5791 5699
f 5699 5661 5822
f 5822 5816 5699
f 5661 5699 5702 5666
f 5699 5660 5700 5702
f 5702 5700 5495 5701
f 5696 5666 5702
f 5701 5516 5696
f 5702 5701 5696
f 5823 5695 5675
f 5695 5667 5675
f 5675 5665 5823
f 5823 5661 5666 5695
f 5692 5667 5695
f 5698 5669 5692
f 5695 5698 5692
f 5695 5666 5696 5698
f 5698 5696 5516 5697
f 5744 5669 5698
f 5697 5656 5744
f 5698 5697 5744
f 5719 5668 5720 5721
f 5755 5721 5720
f 5672 5687 5755
f 5720 5672 5755
f 5754 5721 5755 5756
f 5756 5755 5687 5715
f 5782 5674 5751
f 5753 5728 5782
f 5751 5753 5782
f 5751 5715 5752 5753
f 5753 5752 5718 5734
f 5749 5728 5753
f 5734 5686 5749
f 5753 5734 5749
f 5752 5715 5687
f 5716 5718 5752
f 5687 5716 5752
f 5735 5718 5716
f 5690 5717 5735
f 5716 5690 5735
f 5731 5686 5734
f 5737 5712 5731
f 5734 5737 5731
f 5734 5718 5735 5737
f 5737 5735 5717 5736
f 5712 5737 5736 5678
f 5716 5687 5672
f 5688 5690 5716
f 5672 5688 5716
f 5738 5690 5688
f 5671 5689 5738
f 5688 5671 5738
f 5736 5717 5740
f 5722 5678 5736
f 5740 5722 5736
f 5717 5690 5738 5740
f 5740 5738 5689 5739
f 5722 5740 5739 5673
f 5783 5782 5728 5748
f 5779 5748 5780 5781
f 5781 5780 5750 5758
f 5780 5748 5728
f 5749 5750 5780
f 5728 5749 5780
f 5759 5750 5749
f 5686 5730 5759
f 5749 5686 5759
f 5776 5758 5777 5778
f 5778 5777 5761 5767
f 5774 5766 5778
f 5767 5747 5774
f 5778 5767 5774
f 5777 5758 5750
f 5759 5761 5777
f 5750 5759 5777
f 5768 5761 5759
f 5730 5760 5768
f 5759 5730 5768
f 5763 5747 5767
f 5770 5757 5763
f 5767 5770 5763
f 5767 5761 5768 5770
f 5770 5768 5760 5769
f 5757 5770 5769 5711
f 5775 5774 5747 5762
f 5762 5747 5763 5765
f 5765 5763 5757 5764
f 5769 5760 5773
f 5729 5711 5769
f 5773 5729 5769
f 5760 5730 5771 5773
f 5773 5771 5733 5772
f 5729 5773 5772 5727
f 5771 5730 5686
f 5731 5733 5771
f 5686 5731 5771
f 5733 5731 5712 5732
f 5772 5733 5732
f 5714 5727 5772
f 5732 5714 5772
f 5732 5712 5678
f 5713 5714 5732
f 5678 5713 5732
f 5724 5722 5673 5723
f 5720 5668 5691
f 5694 5672 5720
f 5691 5694 5720
f 5691 5667 5692 5694
f 5694 5692 5669 5693
f 5688 5672 5694
f 5693 5671 5688
f 5694 5693 5688
f 5741 5671 5693
f 5746 5679 5741
f 5693 5746 5741
f 5693 5669 5744 5746
f 5746 5744 5656 5745
f 5679 5746 5745 5670
f 5725 5681 5726
f 5739 5689 5743
f 5725 5673 5739
f 5743 5725 5739
f 5689 5671 5741 5743
f 5743 5741 5679 5742
f 5725 5743 5742 5681
f 5742 5679 5670
f 5680 5681 5742
f 5670 5680 5742
f 5790 5493 5703
f 5706 5660 5790
f 5703 5706 5790
f 5703 5265 5704 5706
f 5706 5704 5494 5705
f 5700 5660 5706
f 5705 5495 5700
f 5706 5705 5700
f 5517 5495 5705
f 5705 5494 113
f 113 5412 5517
f 5517 5705 113
f 5745 5656 5683
f 5685 5670 5745
f 5683 5685 5745
f 5685 5683 5658 5684
f 5682 5685 5684 5646
f 5683 5656 5697
f 5697 5516 5657
f 5657 5658 5683
f 5683 5697 5657
f 5658 5657 5518 5648
f 5654 5646 5684
f 5684 5658 5648
f 5648 5508 5654
f 5654 5684 5648
f 5657 5516 5701
f 5701 5495 5517
f 5517 5518 5657
f 5657 5701 5517
f 5649 5518 5517
f 5412 5490 5649
f 5517 5412 5649
f 5643 5508 5648
f 5650 5515 5643
f 5648 5650 5643
f 5648 5518 5649 5650
f 5650 5649 5490 5536
f 5515 5650 5536 4945
f 5664 5655 5654
f 5508 5642 5664
f 5654 5508 5664
f 5653 5651 5645 5652
f 5651 5642 5508
f 5643 5645 5651
f 5508 5643 5651
f 5645 5643 5515 5644
f 6301 6279 6272
f 6280 6282 6301
f 6272 6280 6301
f 6289 6282 6280
f 6274 6281 6289
f 6280 6274 6289
f 6300 6298 6291 6299
f 6298 6288 6282
f 6289 6291 6298
f 6282 6289 6298
f 6291 6289 6281 6290
f 6281 6274 6293 6295
f 6295 6293 6222 6294
f 6292 6295 6294 6275
f 6303 6276 6304 6305
f 6305 6304 6278 6284
f 6302 6283 6305
f 6284 6272 6302
f 6305 6284 6302
f 6304 6276 6370
f 6370 72 6277
f 6277 6278 6304
f 6304 6370 6277
f 6285 6278 6277
f 6221 6253 6285
f 6277 6221 6285
f 6280 6272 6284
f 6287 6274 6280
f 6284 6287 6280
f 6284 6278 6285 6287
f 6287 6285 6253 6286
f 6293 6274 6287
f 6286 6222 6293
f 6287 6286 6293
f 6296 6222 6286
f 6286 6253 6255
f 6255 6226 6296
f 6296 6286 6255
f 6253 6221 6254 6255
f 6255 6254 6114 6239
f 6251 6226 6255
f 6239 6194 6251
f 6255 6239 6251
f 6294 6222 6296
f 6297 6275 6294
f 6296 6297 6294
f 6297 6296 6226 6250
f 6227 6250 6252 6229
f 6250 6226 6251 6252
f 6252 6251 6194 6235
f 6248 6229 6252
f 6235 6217 6248
f 6252 6235 6248
f 6247 6229 6248 6249
f 6270 6249 6248
f 6217 6231 6270
f 6248 6217 6270
f 6271 6270 6231 6262
f 6266 6262 6267 6269
f 6269 6267 6265 6268
f 6267 6262 6231
f 6263 6265 6267
f 6231 6263 6267
f 6265 6263 6234 6264
f 6268 6265 6264
f 6228 6230 6268
f 6264 6228 6268
f 6263 6231 6217
f 6232 6234 6263
f 6217 6232 6263
f 6234 6232 6223 6233
f 6264 6234 6233
f 6225 6228 6264
f 6233 6225 6264
f 6233 6223 6220
f 6224 6225 6233
f 6220 6224 6233
f 6232 6217 6235
f 6238 6223 6232
f 6235 6238 6232
f 6235 6194 6236 6238
f 6238 6236 6218 6237
f 6223 6238 6237 6220
f 6237 6218 6196
f 6219 6220 6237
f 6196 6219 6237
f 6236 6194 6239
f 6242 6218 6236
f 6239 6242 6236
f 6239 6114 6240 6242
f 6242 6240 6195 6241
f 6218 6242 6241 6196
f 6241 6195 5964
f 6164 6196 6241
f 5964 6164 6241
f 6213 6074 6214 6215
f 6215 6214 6183 6203
f 6212 6193 6215
f 6203 6184 6212
f 6215 6203 6212
f 6190 6184 6203
f 6206 6188 6190
f 6203 6206 6190
f 6203 6183 6204 6206
f 6206 6204 6113 6205
f 6188 6206 6205 6161
f 6211 6189 6184
f 6190 6192 6211
f 6184 6190 6211
f 6192 6190 6188 6191
f 6180 6161 6181 6182
f 6182 6181 6163 6168
f 6181 6161 6205
f 6205 6113 6162
f 6162 6163 6181
f 6181 6205 6162
f 6169 6163 6162
f 6076 6120 6169
f 6162 6076 6169
f 6132 6176 6179 6167
f 6176 6168 6177 6179
f 6179 6177 6171 6178
f 6173 6167 6179
f 6178 6160 6173
f 6179 6178 6173
f 6177 6168 6163
f 6169 6171 6177
f 6163 6169 6177
f 6171 6169 6120 6170
f 6185 6160 6178
f 6178 6171 6170
f 6170 6092 6185
f 6185 6178 6170
f 6172 6167 6173 6175
f 6175 6173 6160 6174
f 6187 6185 6092 6186
f 6214 6074 6207
f 6210 6183 6214
f 6207 6210 6214
f 6207 6164 6208 6210
f 6210 6208 6166 6209
f 6204 6183 6210
f 6209 6113 6204
f 6210 6209 6204
f 6208 6164 5964
f 6165 6166 6208
f 5964 6165 6208
f 6166 6165 6075 6124
f 6162 6113 6209
f 6209 6166 6124
f 6124 6076 6162
f 6162 6209 6124
f 6121 6076 6124
f 6127 6093 6121
f 6124 6127 6121
f 6124 6075 6125 6127
f 6127 6125 104 6126
f 6140 6093 6127
f 6126 6065 6140
f 6127 6126 6140
f 6151 6150 6112 6116
f 6147 6116 6148 6149
f 6156 6149 6148
f 6119 6133 6156
f 6148 6119 6156
f 6158 6157 6156
f 6133 6143 6158
f 6156 6133 6158
f 6159 6158 6143 6152
f 6148 6116 6112
f 6117 6119 6148
f 6112 6117 6148
f 6134 6119 6117
f 6094 6118 6134
f 6117 6094 6134
f 6152 6143 6153 6155
f 6155 6153 6146 6154
f 6153 6143 6133
f 6144 6146 6153
f 6133 6144 6153
f 6146 6144 6136 6145
f 6146 6145 6115
f 6144 6133 6119
f 6134 6136 6144
f 6119 6134 6144
f 6136 6134 6118 6135
f 6145 6136 6135
f 6095 6115 6145
f 6135 6095 6145
f 6150 6092 6170
f 6170 6120 6123
f 6123 6112 6150
f 6150 6170 6123
f 6120 6076 6121 6123
f 6123 6121 6093 6122
f 6117 6112 6123
f 6122 6094 6117
f 6123 6122 6117
f 6137 6094 6122
f 6142 6096 6137
f 6122 6142 6137
f 6122 6093 6140 6142
f 6142 6140 6065 6141
f 6096 6142 6141 6070
f 6135 6118 6139
f 6111 6095 6135
f 6139 6111 6135
f 6118 6094 6137 6139
f 6139 6137 6096 6138
f 6111 6139 6138 6098
f 6099 6098 6138
f 6138 6096 6070
f 6070 6097 6099
f 6099 6138 6070
f 6104 6101 6099
f 6097 6100 6104
f 6099 6097 6104
f 6106 6104 6100 6105
f 6080 6068 6081 6083
f 6083 6081 6069 6082
f 6100 6097 6108 6110
f 6110 6108 6103 6109
f 6107 6110 6109 6084
f 6108 6097 6070
f 6102 6103 6108
f 6070 6102 6108
f 6103 6102 6073 6085
f 6109 6103 6085
f 6068 6084 6109
f 6085 6068 6109
f 6102 6070 6141
f 6141 6065 6071
f 6071 6073 6102
f 6102 6141 6071
f 6086 6073 6071
f 6067 6072 6086
f 6071 6067 6086
f 6081 6068 6085
f 6088 6069 6081
f 6085 6088 6081
f 6085 6073 6086 6088
f 6088 6086 6072 6087
f 6069 6088 6087 5963
f 6071 6065 6126
f 6126 104 6066
f 6066 6067 6071
f 6071 6126 6066
f 6089 6067 6066
f 5901 5955 6089
f 6066 5901 6089
f 6087 6072 6091
f 6064 5963 6087
f 6091 6064 6087
f 6072 6067 6089 6091
f 6091 6089 5955 6090
f 6064 6091 6090 5902
f 5986 5902 6090
f 6090 5955 5957
f 5957 5909 5986
f 5986 6090 5957
f 5955 5901 5956 5957
f 5957 5956 71 5923
f 5953 5909 5957
f 5923 5803 5953
f 5957 5923 5953
f 5985 5902 5986 5987
f 5987 5986 5909 5952
f 5910 5982 5984 5962
f 5982 5952 5983 5984
f 5984 5983 5954 5970
f 5980 5962 5984
f 5970 5912 5980
f 5984 5970 5980
f 5983 5952 5909
f 5953 5954 5983
f 5909 5953 5983
f 5971 5954 5953
f 5803 5919 5971
f 5953 5803 5971
f 5967 5912 5970
f 5973 5950 5967
f 5970 5973 5967
f 5970 5954 5971 5973
f 5973 5971 5919 5972
f 5950 5973 5972 5898
f 5979 5962 5980 5981
f 5994 5981 5980
f 5912 5966 5994
f 5980 5912 5994
f 5993 5981 5994 5995
f 6005 5995 5994
f 5966 5988 6005
f 5994 5966 6005
f 6033 5978 6004
f 6007 5992 6033
f 6004 6007 6033
f 6004 5995 6005 6007
f 6007 6005 5988 6006
f 6001 5992 6007
f 6006 5949 6001
f 6007 6006 6001
f 6032 5978 6033 6034
f 6034 6033 5992 6000
f 6029 6031 6047
f 6047 6016 6029
f 6029 6000 6030 6031
f 6048 6031 6030
f 6003 6017 6048
f 6030 6003 6048
f 6062 6016 6047
f 6050 6027 6062
f 6047 6050 6062
f 6047 6031 6048 6050
f 6050 6048 6017 6049
f 6044 6027 6050
f 6049 5996 6044
f 6050 6049 6044
f 6030 6000 5992
f 6001 6003 6030
f 5992 6001 6030
f 6018 6003 6001
f 5949 6002 6018
f 6001 5949 6018
f 6013 5996 6049
f 6049 6017 6020
f 6020 5997 6013
f 6013 6049 6020
f 6017 6003 6018 6020
f 6020 6018 6002 6019
f 5997 6020 6019 5974
f 6060 6059 6028 6039
f 6061 6016 6062 6063
f 6063 6062 6027 6043
f 6059 6038 6063
f 6043 6028 6059
f 6063 6043 6059
f 6040 6028 6043
f 6046 6035 6040
f 6043 6046 6040
f 6043 6027 6044 6046
f 6046 6044 5996 6045
f 6035 6046 6045 6012
f 6055 6039 6056 6058
f 6058 6056 6042 6057
f 6056 6039 6028
f 6040 6042 6056
f 6028 6040 6056
f 6042 6040 6035 6041
f 6051 6037 6041
f 6041 6035 6012
f 6012 6036 6051
f 6051 6041 6012
f 6036 6012 6052 6054
f 6054 6052 6015 6053
f 6052 6012 6045
f 6045 5996 6013
f 6013 6015 6052
f 6052 6045 6013
f 6015 6013 5997 6014
f 6053 6015 6014
f 5999 6011 6053
f 6014 5999 6053
f 6014 5997 5974
f 5998 5999 6014
f 5974 5998 6014
f 6010 6008 5977 6009
f 6019 6002 6023
f 6008 5974 6019
f 6023 6008 6019
f 6002 5949 6021 6023
f 6023 6021 5975 6022
f 6008 6023 6022 5977
f 6022 5975 5965
f 5976 5977 6022
f 5965 5976 6022
f 6021 5949 6006
f 6026 5975 6021
f 6006 6026 6021
f 6006 5988 6024 6026
f 6026 6024 5991 6025
f 5975 6026 6025 5965
f 6024 5988 5966
f 5989 5991 6024
f 5966 5989 6024
f 5991 5989 5969 5990
f 6025 5991 5990
f 5961 5965 6025
f 5990 5961 6025
f 5989 5966 5912
f 5967 5969 5989
f 5912 5967 5989
f 5969 5967 5950 5968
f 5990 5969 5968
f 5951 5961 5990
f 5968 5951 5990
f 5968 5950 5898
f 5915 5951 5968
f 5898 5915 5968
f 6339 6313 6340 6341
f 6341 6340 6273 6318
f 6355 6354 6328 6331
f 6331 6351 6353
f 6357 6353 6351
f 6334 6352 6357
f 6351 6334 6357
f 6356 6353 6357 6359
f 6359 6357 6352 6358
f 6359 6358 6329
f 6351 6331 6328
f 6332 6334 6351
f 6328 6332 6351
f 6360 6334 6332
f 6312 6333 6360
f 6332 6312 6360
f 6358 6352 6362
f 6330 6329 6358
f 6362 6330 6358
f 6352 6334 6360 6362
f 6362 6360 6333 6361
f 6330 6362 6361 6314
f 6361 6333 6365
f 6350 6314 6361
f 6365 6350 6361
f 6333 6312 6363 6365
f 6365 6363 6315 6364
f 6350 6365 6364 6317
f 6364 6315 6308
f 6316 6317 6364
f 6308 6316 6364
f 6354 6306 6335
f 6338 6328 6354
f 6335 6338 6354
f 6335 6318 6336 6338
f 6338 6336 6321 6337
f 6332 6328 6338
f 6337 6312 6332
f 6338 6337 6332
f 6336 6318 6273
f 6319 6321 6336
f 6273 6319 6336
f 6366 6321 6319
f 6307 6320 6366
f 6319 6307 6366
f 6363 6312 6337
f 6368 6315 6363
f 6337 6368 6363
f 6337 6321 6366 6368
f 6368 6366 6320 6367
f 6315 6368 6367 6308
f 6367 6320 6371
f 6326 6308 6367
f 6371 6326 6367
f 6320 6307 6369 6371
f 6371 6369 72 6370
f 6326 6371 6370 6276
f 6327 6326 6276 6303
f 4556 4554 4549 4555
f 4554 4546 4485
f 4547 4549 4554
f 4485 4547 4554
f 4549 4547 4504 4548
f 4548 4535 4515
f 4535 4497 4515
f 4515 4505 4548
f 4548 4504 4387 4535
f 4543 4500 4544 4545
f 4545 4544 4512 4527
f 4524 4514 4527
f 4530 4516 4524
f 4527 4530 4524
f 4527 4512 4528 4530
f 4530 4528 4503 4529
f 4516 4530 4529 4513
f 4526 4524 4516 4525
f 4544 4500 4531
f 4534 4512 4544
f 4531 4534 4544
f 4531 4497 4532 4534
f 4534 4532 4501 4533
f 4528 4512 4534
f 4533 4503 4528
f 4534 4533 4528
f 4517 4503 4533
f 4533 4501 4499
f 4499 4502 4517
f 4517 4533 4499
f 4529 4503 4517
f 4519 4513 4529
f 4517 4519 4529
f 4519 4517 4502 4518
f 4519 4518 4484
f 4532 4497 4535
f 4538 4501 4532
f 4535 4538 4532
f 4535 4387 4536 4538
f 4538 4536 4498 4537
f 4501 4538 4537 4499
f 4521 4499 4537
f 4537 4498 4432
f 4432 4489 4521
f 4521 4537 4432
f 4518 4502 4523
f 4520 4484 4518
f 4523 4520 4518
f 4502 4499 4521 4523
f 4523 4521 4489 4522
f 4520 4523 4522 4433
f 4486 4433 4522
f 4522 4489 4492
f 4492 4477 4486
f 4486 4522 4492
f 4489 4432 4490 4492
f 4492 4490 4104 4491
f 4477 4492 4491 4405
f 4433 4486 4488
f 4488 4486 4477 4487
f 4483 4478 4487
f 4487 4477 4405
f 4405 4428 4483
f 4483 4487 4405
f 4482 4459 4466
f 4469 4460 4482
f 4466 4469 4482
f 4466 4458 4467 4469
f 4469 4467 4426 4468
f 4463 4460 4469
f 4468 4444 4463
f 4469 4468 4463
f 4462 4460 4463 4465
f 4465 4463 4444 4464
f 4464 4444 4479
f 4481 4461 4464
f 4479 4481 4464
f 4481 4479 4447 4480
f 4479 4444 4468
f 4468 4426 4445
f 4445 4447 4479
f 4479 4468 4445
f 4447 4445 4386 4446
f 4480 4447 4446
f 4427 4443 4480
f 4446 4427 4480
f 4446 4386 4455
f 4457 4427 4446
f 4455 4457 4446
f 4457 4455 4404 4456
f 4404 4243 4388
f 4474 4428 4475 4476
f 4476 4475 4431 4448
f 4475 4428 4405
f 4429 4431 4475
f 4405 4429 4475
f 4449 4431 4429
f 4407 4430 4449
f 4429 4407 4449
f 4425 4470 4473 4458
f 4470 4448 4471 4473
f 4473 4471 4451 4472
f 4467 4458 4473
f 4472 4426 4467
f 4473 4472 4467
f 4471 4448 4431
f 4449 4451 4471
f 4431 4449 4471
f 4451 4449 4430 4450
f 4445 4426 4472
f 4472 4451 4450
f 4450 4386 4445
f 4445 4472 4450
f 4429 4405 4491
f 4491 4104 4406
f 4406 4407 4429
f 4429 4491 4406
f 4452 4407 4406
f 4242 4392 4452
f 4406 4242 4452
f 4455 4386 4450
f 4450 4430 4454
f 4454 4404 4455
f 4455 4450 4454
f 4430 4407 4452 4454
f 4454 4452 4392 4453
f 4404 4454 4453 4243
f 4389 4243 4453
f 4453 4392 4395
f 4395 4284 4389
f 4389 4453 4395
f 4392 4242 4393 4395
f 4395 4393 116 4394
f 4422 4284 4395
f 4394 4213 4422
f 4395 4394 4422
f 4411 4410 4408
f 4403 4409 4411
f 4408 4403 4411
f 4413 4411 4409 4412
f 4408 4400 4388
f 4401 4403 4408
f 4388 4401 4408
f 4415 4403 4401
f 4391 4402 4415
f 4401 4391 4415
f 4409 4403 4415 4417
f 4417 4415 4402 4416
f 4414 4417 4416 4385
f 4401 4388 4243
f 4389 4391 4401
f 4243 4389 4401
f 4419 4391 4389
f 4284 4390 4419
f 4389 4284 4419
f 4416 4402 4421
f 4418 4385 4416
f 4421 4418 4416
f 4402 4391 4419 4421
f 4421 4419 4390 4420
f 4418 4421 4420 4285
f 4420 4390 4424
f 4380 4285 4420
f 4424 4380 4420
f 4390 4284 4422 4424
f 4424 4422 4213 4423
f 4380 4424 4423 4238
f 4382 4381 4380
f 4238 4281 4382
f 4380 4238 4382
f 4384 4382 4281 4383
f 4558 4506 4559 4560
f 4560 4559 4508 4551
f 4557 4550 4560
f 4551 4485 4557
f 4560 4551 4557
f 4559 4506 4434
f 4507 4508 4559
f 4434 4507 4559
f 4552 4508 4507
f 4436 4493 4552
f 4507 4436 4552
f 4547 4485 4551
f 4553 4504 4547
f 4551 4553 4547
f 4551 4508 4552 4553
f 4553 4552 4493 4539
f 4504 4553 4539 4387
f 4507 4434 4244
f 4435 4436 4507
f 4244 4435 4507
f 4494 4436 4435
f 4246 4396 4494
f 4435 4246 4494
f 4536 4387 4539
f 4542 4498 4536
f 4539 4542 4536
f 4539 4493 4540 4542
f 4542 4540 4496 4541
f 4498 4542 4541 4432
f 4540 4493 4436
f 4494 4496 4540
f 4436 4494 4540
f 4496 4494 4396 4495
f 4490 4432 4541
f 4541 4496 4495
f 4495 4104 4490
f 4490 4541 4495
f 4435 4244 4580
f 4580 73 4245
f 4245 4246 4435
f 4435 4580 4245
f 4397 4246 4245
f 115 2917 4397
f 4245 115 4397
f 4406 4104 4495
f 4495 4396 4399
f 4399 4242 4406
f 4406 4495 4399
f 4396 4246 4397 4399
f 4399 4397 2917 4398
f 4393 4242 4399
f 4398 116 4393
f 4399 4398 4393
f 4398 3039 4214
f 3039 2916 4214
f 4214 116 4398
f 4398 2917 2918 3039
f 3000 2918 2917
f 115 2843 3000
f 2917 115 3000
f 3036 2999 2918
f 3000 3001 3036
f 2918 3000 3036
f 3007 3001 3000
f 2843 2913 3007
f 3000 2843 3007
f 3033 3006 3001
f 3007 3008 3033
f 3001 3007 3033
f 3014 3008 3007
f 2913 2996 3014
f 3007 2913 3014
f 3008 3014 3015 3013
f 3030 3015 3014
f 2996 3002 3030
f 3014 2996 3030
f 3015 3030 3031 3029
f 3030 3002 3009 3031
f 3006 3033 3034 3032
f 3033 3008 3013 3034
f 3046 3035 2999
f 3036 3037 3046
f 2999 3036 3046
f 3043 3037 3036
f 3001 3006 3043
f 3036 3001 3043
f 3037 3043 3044 3042
f 3043 3006 3032 3044
f 3060 3045 3035
f 3046 3047 3060
f 3035 3046 3060
f 3052 3047 3046
f 3037 3042 3052
f 3046 3037 3052
f 3056 3051 3047
f 3052 3054 3056
f 3047 3052 3056
f 3052 3042 3053 3054
f 3051 3056 3058 3055
f 3056 3054 3057 3058
f 3080 3059 3045
f 3060 3061 3080
f 3045 3060 3080
f 3066 3061 3060
f 3047 3051 3066
f 3060 3047 3066
f 3077 3065 3061
f 3066 3067 3077
f 3061 3066 3077
f 3069 3067 3066
f 3051 3055 3069
f 3066 3051 3069
f 3073 3068 3067
f 3069 3071 3073
f 3067 3069 3073
f 3069 3055 3070 3071
f 3068 3073 3075 3072
f 3073 3071 3074 3075
f 3065 3077 3078 3076
f 3086 3078 3077
f 3067 3068 3086
f 3077 3067 3086
f 3078 3086 3087 3085
f 3086 3068 3072 3087
f 3059 3080 3081 3079
f 3080 3061 3065 3081
f 3092 3038 2916
f 3039 3040 3092
f 2916 3039 3092
f 3049 3040 3039
f 2918 2999 3049
f 3039 2918 3049
f 3089 3048 3040
f 3049 3050 3089
f 3040 3049 3089
f 3063 3050 3049
f 2999 3035 3063
f 3049 2999 3063
f 3118 3062 3050
f 3063 3064 3118
f 3050 3063 3118
f 3083 3064 3063
f 3035 3045 3083
f 3063 3035 3083
f 3064 3083 3084 3082
f 3083 3045 3059 3084
f 3062 3118 3119 3099
f 3118 3064 3082 3119
f 3106 3088 3048
f 3089 3090 3106
f 3048 3089 3106
f 3098 3090 3089
f 3050 3062 3098
f 3089 3050 3098
f 3102 3097 3090
f 3098 3100 3102
f 3090 3098 3102
f 3115 3100 3098
f 3062 3099 3115
f 3098 3062 3115
f 3100 3115 3117 3103
f 3115 3099 3116 3117
f 3125 3101 3097
f 3102 3104 3125
f 3097 3102 3125
f 3112 3104 3102
f 3100 3103 3112
f 3102 3100 3112
f 3121 3111 3104
f 3112 3114 3121
f 3104 3112 3121
f 3112 3103 3113 3114
f 3111 3121 3123 3120
f 3121 3114 3122 3123
f 3145 3124 3101
f 3125 3126 3145
f 3101 3125 3145
f 3131 3126 3125
f 3104 3111 3131
f 3125 3104 3131
f 3142 3130 3126
f 3131 3132 3142
f 3126 3131 3142
f 3134 3132 3131
f 3111 3120 3134
f 3131 3111 3134
f 3138 3133 3132
f 3134 3136 3138
f 3132 3134 3138
f 3134 3120 3135 3136
f 3133 3138 3140 3137
f 3138 3136 3139 3140
f 3130 3142 3143 3141
f 3151 3143 3142
f 3132 3133 3151
f 3142 3132 3151
f 3143 3151 3152 3150
f 3151 3133 3137 3152
f 3124 3145 3146 3144
f 3145 3126 3130 3146
f 3088 3106 3107 3105
f 3128 3107 3106
f 3090 3097 3128
f 3106 3090 3128
f 3107 3128 3129 3127
f 3148 3129 3128
f 3097 3101 3148
f 3128 3097 3148
f 3129 3148 3149 3147
f 3148 3101 3124 3149
f 3160 3091 3038
f 3092 3093 3160
f 3038 3092 3160
f 3109 3093 3092
f 3040 3048 3109
f 3092 3040 3109
f 3157 3108 3093
f 3109 3110 3157
f 3093 3109 3157
f 3154 3110 3109
f 3048 3088 3154
f 3109 3048 3154
f 3110 3154 3155 3153
f 3154 3088 3105 3155
f 3108 3157 3158 3156
f 3157 3110 3153 3158
f 3173 3159 3091
f 3160 3161 3173
f 3091 3160 3173
f 3166 3161 3160
f 3093 3108 3166
f 3160 3093 3166
f 3169 3165 3161
f 3166 3167 3169
f 3161 3166 3169
f 3166 3108 3156 3167
f 3165 3169 3171 3168
f 3169 3167 3170 3171
f 3159 3173 3174 3172
f 3173 3161 3165 3174
f 4311 4280 4297
f 4300 4286 4311
f 4297 4300 4311
f 4297 4279 4298 4300
f 4300 4298 4234 4299
f 4294 4286 4300
f 4299 4266 4294
f 4300 4299 4294
f 4359 4320 4360 4361
f 4361 4360 4287 4327
f 4310 4280 4311 4312
f 4322 4312 4311
f 4286 4293 4322
f 4311 4286 4322
f 4321 4312 4322 4323
f 4363 4323 4322
f 4293 4313 4363
f 4322 4293 4363
f 4309 4362 4364 4320
f 4362 4323 4363 4364
f 4364 4363 4313 4331
f 4360 4320 4364
f 4331 4287 4360
f 4364 4331 4360
f 4328 4287 4331
f 4334 4306 4328
f 4331 4334 4328
f 4331 4313 4332 4334
f 4334 4332 4316 4333
f 4306 4334 4333 4290
f 4332 4313 4293
f 4314 4316 4332
f 4293 4314 4332
f 4316 4314 4296 4315
f 4348 4290 4333
f 4333 4316 4315
f 4315 4288 4348
f 4348 4333 4315
f 4314 4293 4286
f 4294 4296 4314
f 4286 4294 4314
f 4296 4294 4266 4295
f 4352 4288 4315
f 4315 4296 4295
f 4295 4275 4352
f 4352 4315 4295
f 4369 4326 4372
f 4375 4336 4369
f 4372 4375 4369
f 4372 4324 4373 4375
f 4375 4373 4317 4374
f 4336 4375 4374 4325
f 4367 4365 4358 4366
f 4365 4335 4368
f 4371 4358 4365
f 4368 4371 4365
f 4368 4326 4369 4371
f 4371 4369 4336 4370
f 4358 4371 4370 4338
f 4370 4336 4325
f 4337 4338 4370
f 4325 4337 4370
f 4337 4325 4342
f 4339 4319 4337
f 4342 4339 4337
f 4374 4317 4340
f 4342 4325 4374
f 4340 4342 4374
f 4342 4340 4308 4341
f 4339 4342 4341 4318
f 4305 4376 4379 4324
f 4376 4327 4377 4379
f 4379 4377 4330 4378
f 4373 4324 4379
f 4378 4317 4373
f 4379 4378 4373
f 4377 4327 4287
f 4328 4330 4377
f 4287 4328 4377
f 4330 4328 4306 4329
f 4340 4317 4378
f 4378 4330 4329
f 4329 4308 4340
f 4340 4378 4329
f 4344 4308 4329
f 4329 4306 4290
f 4290 4307 4344
f 4344 4329 4290
f 4341 4308 4344
f 4346 4318 4341
f 4344 4346 4341
f 4346 4344 4307 4345
f 4343 4346 4345 4292
f 4345 4307 4350
f 4347 4292 4345
f 4350 4347 4345
f 4307 4290 4348 4350
f 4350 4348 4288 4349
f 4347 4350 4349 4291
f 4349 4288 4352
f 4354 4291 4349
f 4352 4354 4349
f 4354 4352 4275 4353
f 4351 4354 4353 4289
f 4353 4275 4355
f 4357 4289 4353
f 4355 4357 4353
f 4357 4355 4278 4356
f 4355 4275 4295
f 4295 4266 4276
f 4276 4278 4355
f 4355 4295 4276
f 4278 4276 4269 4277
f 4356 4278 4277
f 4264 4274 4356
f 4277 4264 4356
f 4276 4266 4299
f 4299 4234 4267
f 4267 4269 4276
f 4276 4299 4267
f 4269 4267 4235 4268
f 4277 4269 4268
f 4237 4264 4277
f 4268 4237 4277
f 4247 4237 4268
f 4268 4235 4103
f 4103 4236 4247
f 4247 4268 4103
f 4257 4249 4247
f 4236 4248 4257
f 4247 4236 4257
f 4259 4257 4248 4258
f 4248 4236 4261 4263
f 4263 4261 4253 4262
f 4260 4263 4262 4250
f 4261 4236 4103
f 4251 4253 4261
f 4103 4251 4261
f 4253 4251 4211 4252
f 4262 4253 4252
f 4212 4250 4262
f 4252 4212 4262
f 4221 4212 4252
f 4252 4211 3041
f 3041 4125 4221
f 4221 4252 3041
f 4228 4222 4221
f 4125 4216 4228
f 4221 4125 4228
f 4229 4228 4216 4223
f 4281 4238 4282 4283
f 4302 4283 4282
f 4241 4270 4302
f 4282 4241 4302
f 4265 4301 4304 4279
f 4301 4283 4302 4304
f 4304 4302 4270 4303
f 4298 4279 4304
f 4303 4234 4298
f 4304 4303 4298
f 4282 4238 4423
f 4423 4213 4239
f 4239 4241 4282
f 4282 4423 4239
f 4271 4241 4239
f 4215 4240 4271
f 4239 4215 4271
f 4267 4234 4303
f 4303 4270 4273
f 4273 4235 4267
f 4267 4303 4273
f 4270 4241 4271 4273
f 4273 4271 4240 4272
f 4235 4273 4272 4103
f 4239 4213 4394
f 4394 116 4214
f 4214 4215 4239
f 4239 4394 4214
f 4254 4215 4214
f 2916 3095 4254
f 4214 2916 4254
f 4251 4103 4272
f 4272 4240 4256
f 4256 4211 4251
f 4251 4272 4256
f 4240 4215 4254 4256
f 4256 4254 3095 4255
f 4211 4256 4255 3041
f 4255 3186 4126
f 3186 3094 4126
f 4126 3041 4255
f 4255 3095 3096 3186
f 3163 3096 3095
f 2916 3038 3163
f 3095 2916 3163
f 3183 3162 3096
f 3163 3164 3183
f 3096 3163 3183
f 3176 3164 3163
f 3038 3091 3176
f 3163 3038 3176
f 3179 3175 3164
f 3176 3177 3179
f 3164 3176 3179
f 3194 3177 3176
f 3091 3159 3194
f 3176 3091 3194
f 3200 3180 3177
f 3194 3195 3200
f 3177 3194 3200
f 3194 3159 3172 3195
f 3207 3192 3180
f 3200 3202 3207
f 3180 3200 3207
f 3200 3195 3201 3202
f 3192 3207 3209 3198
f 3207 3202 3208 3209
f 3221 3178 3175
f 3179 3181 3221
f 3175 3179 3221
f 3191 3181 3179
f 3177 3180 3191
f 3179 3177 3191
f 3218 3190 3181
f 3191 3193 3218
f 3181 3191 3218
f 3197 3193 3191
f 3180 3192 3197
f 3191 3180 3197
f 3215 3196 3193
f 3197 3199 3215
f 3193 3197 3215
f 3204 3199 3197
f 3192 3198 3204
f 3197 3192 3204
f 3211 3203 3199
f 3204 3206 3211
f 3199 3204 3211
f 3204 3198 3205 3206
f 3203 3211 3213 3210
f 3211 3206 3212 3213
f 3196 3215 3216 3214
f 3227 3216 3215
f 3199 3203 3227
f 3215 3199 3227
f 3216 3227 3228 3226
f 3227 3203 3210 3228
f 3190 3218 3219 3217
f 3218 3193 3196 3219
f 3178 3221 3222 3220
f 3221 3181 3190 3222
f 3230 3182 3162
f 3183 3184 3230
f 3162 3183 3230
f 3224 3184 3183
f 3164 3175 3224
f 3183 3164 3224
f 3184 3224 3225 3223
f 3224 3175 3178 3225
f 3236 3229 3182
f 3230 3231 3236
f 3182 3230 3236
f 3246 3231 3230
f 3184 3223 3246
f 3230 3184 3246
f 3231 3246 3248 3237
f 3246 3223 3247 3248
f 3254 3235 3229
f 3236 3238 3254
f 3229 3236 3254
f 3243 3238 3236
f 3231 3237 3243
f 3236 3231 3243
f 3250 3242 3238
f 3243 3245 3250
f 3238 3243 3250
f 3243 3237 3244 3245
f 3260 3249 3242
f 3250 3252 3260
f 3242 3250 3260
f 3250 3245 3251 3252
f 3249 3260 3262 3259
f 3260 3252 3261 3262
f 3235 3254 3255 3253
f 3264 3255 3254
f 3238 3242 3264
f 3254 3238 3264
f 3255 3264 3265 3263
f 3267 3265 3264
f 3242 3249 3267
f 3264 3242 3267
f 3265 3267 3268 3266
f 3267 3249 3259 3268
f 3273 3185 3094
f 3186 3187 3273
f 3094 3186 3273
f 3233 3187 3186
f 3096 3162 3233
f 3186 3096 3233
f 3270 3232 3187
f 3233 3234 3270
f 3187 3233 3270
f 3240 3234 3233
f 3162 3182 3240
f 3233 3162 3240
f 3234 3240 3241 3239
f 3257 3241 3240
f 3182 3229 3257
f 3240 3182 3257
f 3241 3257 3258 3256
f 3257 3229 3235 3258
f 3232 3270 3271 3269
f 3270 3234 3239 3271
f 3286 3272 3185
f 3273 3274 3286
f 3185 3273 3286
f 3279 3274 3273
f 3187 3232 3279
f 3273 3187 3279
f 3282 3278 3274
f 3279 3280 3282
f 3274 3279 3282
f 3295 3280 3279
f 3232 3269 3295
f 3279 3232 3295
f 3315 3283 3280
f 3295 3297 3315
f 3280 3295 3315
f 3295 3269 3296 3297
f 3283 3315 3317 3293
f 3315 3297 3316 3317
f 3303 3281 3278
f 3282 3284 3303
f 3278 3282 3303
f 3292 3284 3282
f 3280 3283 3292
f 3282 3280 3292
f 3299 3291 3284
f 3292 3294 3299
f 3284 3292 3299
f 3312 3294 3292
f 3283 3293 3312
f 3292 3283 3312
f 3294 3312 3314 3300
f 3312 3293 3313 3314
f 3319 3298 3291
f 3299 3301 3319
f 3291 3299 3319
f 3309 3301 3299
f 3294 3300 3309
f 3299 3294 3309
f 3301 3309 3311 3308
f 3309 3300 3310 3311
f 3298 3319 3320 3318
f 3319 3301 3308 3320
f 3281 3303 3304 3302
f 3322 3304 3303
f 3284 3291 3322
f 3303 3284 3322
f 3304 3322 3323 3321
f 3322 3291 3298 3323
f 3325 3285 3272
f 3286 3287 3325
f 3272 3286 3325
f 3306 3287 3286
f 3274 3278 3306
f 3286 3274 3306
f 3287 3306 3307 3305
f 3306 3278 3281 3307
f 3331 3324 3285
f 3325 3326 3331
f 3285 3325 3331
f 3325 3287 3305 3326
f 3324 3331 3333 3330
f 3331 3326 3332 3333
f 4124 4123 3189 4107
f 4227 3188 4230
f 4233 4220 4227
f 4230 4233 4227
f 4230 4223 4231 4233
f 4233 4231 4226 4232
f 4220 4233 4232 4210
f 4231 4223 4216
f 4224 4226 4231
f 4216 4224 4231
f 4226 4224 4219 4225
f 4232 4226 4225
f 4209 4210 4232
f 4225 4209 4232
f 4224 4216 4125
f 4217 4219 4224
f 4125 4217 4224
f 4219 4217 4127 4218
f 4225 4219 4218
f 4102 4209 4225
f 4218 4102 4225
f 4217 4125 3041
f 4126 4127 4217
f 3041 4126 4217
f 4127 4126 3094 3276
f 4123 4102 4218
f 4218 4127 3276
f 3276 3189 4123
f 4123 4218 3276
f 3361 3275 4108
f 4108 3189 3276
f 3276 3277 3361
f 3361 4108 3276
f 3289 3277 3276
f 3094 3185 3289
f 3276 3094 3289
f 3358 3288 3277
f 3289 3290 3358
f 3277 3289 3358
f 3328 3290 3289
f 3185 3272 3328
f 3289 3185 3328
f 3355 3327 3290
f 3328 3329 3355
f 3290 3328 3355
f 3335 3329 3328
f 3272 3285 3335
f 3328 3272 3335
f 3352 3334 3329
f 3335 3336 3352
f 3329 3335 3352
f 3338 3336 3335
f 3285 3324 3338
f 3335 3285 3338
f 3349 3337 3336
f 3338 3339 3349
f 3336 3338 3349
f 3341 3339 3338
f 3324 3330 3341
f 3338 3324 3341
f 3345 3340 3339
f 3341 3343 3345
f 3339 3341 3345
f 3341 3330 3342 3343
f 3340 3345 3347 3344
f 3345 3343 3346 3347
f 3369 3348 3337
f 3349 3350 3369
f 3337 3349 3369
f 3366 3350 3349
f 3339 3340 3366
f 3349 3339 3366
f 3350 3366 3367 3365
f 3366 3340 3344 3367
f 3348 3369 3370 3368
f 3369 3350 3365 3370
f 3334 3352 3353 3351
f 3372 3353 3352
f 3336 3337 3372
f 3352 3336 3372
f 3353 3372 3373 3371
f 3372 3337 3348 3373
f 3327 3355 3356 3354
f 3355 3329 3334 3356
f 3378 3357 3288
f 3358 3359 3378
f 3288 3358 3378
f 3375 3359 3358
f 3290 3327 3375
f 3358 3290 3375
f 3359 3375 3376 3374
f 3375 3327 3354 3376
f 3357 3378 3379 3377
f 3378 3359 3374 3379
f 3275 3361 3362 3360
f 3381 3362 3361
f 3277 3288 3381
f 3361 3277 3381
f 3362 3381 3382 3380
f 3381 3288 3357 3382
f 4157 4115 4105
f 4116 4118 4157
f 4105 4116 4157
f 4131 4118 4116
f 4101 4117 4131
f 4116 4101 4131
f 4156 4133 4143
f 4156 4130 4118
f 4131 4133 4156
f 4118 4131 4156
f 4144 4133 4131
f 4117 4132 4144
f 4131 4117 4144
f 4143 4153 4155
f 4161 4155 4153
f 4146 4154 4161
f 4153 4146 4161
f 4160 4155 4161 4163
f 4174 4163 4161
f 4154 4162 4174
f 4161 4154 4174
f 4173 4163 4174 4176
f 4196 4176 4174
f 4162 4175 4196
f 4174 4162 4196
f 4199 4159 4195
f 4198 4171 4199
f 4195 4198 4199
f 4195 4176 4196 4198
f 4198 4196 4175 4197
f 4192 4171 4198
f 4197 4129 4192
f 4198 4197 4192
f 4153 4143 4133
f 4144 4146 4153
f 4133 4144 4153
f 4164 4146 4144
f 4132 4145 4164
f 4144 4132 4164
f 4184 4129 4197
f 4197 4175 4189
f 4189 4180 4184
f 4184 4197 4189
f 4175 4162 4187 4189
f 4189 4187 4179 4188
f 4180 4189 4188 4170
f 4187 4162 4154
f 4177 4179 4187
f 4154 4177 4187
f 4179 4177 4166 4178
f 4188 4179 4178
f 4142 4170 4188
f 4178 4142 4188
f 4177 4154 4146
f 4164 4166 4177
f 4146 4164 4177
f 4166 4164 4145 4165
f 4178 4166 4165
f 4106 4142 4178
f 4165 4106 4178
f 4201 4200 4199
f 4171 4191 4201
f 4199 4171 4201
f 4204 4203 4201
f 4191 4202 4204
f 4201 4191 4204
f 4204 4202 4205
f 4202 4191 4206 4208
f 4208 4206 4194 4207
f 4190 4208 4207 4183
f 4206 4191 4171
f 4192 4194 4206
f 4171 4192 4206
f 4194 4192 4129 4193
f 4207 4194 4193
f 4172 4183 4207
f 4193 4172 4207
f 4193 4129 4184
f 4186 4172 4193
f 4184 4186 4193
f 4186 4184 4180 4185
f 4185 4180 4170
f 4181 4182 4185
f 4170 4181 4185
f 4152 4150 4141 4151
f 4165 4145 4169
f 4150 4106 4165
f 4169 4150 4165
f 4145 4132 4167 4169
f 4169 4167 4149 4168
f 4150 4169 4168 4141
f 4167 4132 4117
f 4147 4149 4167
f 4117 4147 4167
f 4149 4147 4136 4148
f 4168 4149 4148
f 4128 4141 4168
f 4148 4128 4168
f 4147 4117 4101
f 4134 4136 4147
f 4101 4134 4147
f 4136 4134 4111 4135
f 4148 4136 4135
f 4113 4128 4148
f 4135 4113 4148
f 4135 4111 3364
f 4112 4113 4135
f 3364 4112 4135
f 4158 3363 4119
f 4122 4105 4158
f 4119 4122 4158
f 4119 4107 4120 4122
f 4122 4120 4110 4121
f 4116 4105 4122
f 4121 4101 4116
f 4122 4121 4116
f 4120 4107 3189
f 4108 4110 4120
f 3189 4108 4120
f 4137 4110 4108
f 3275 4109 4137
f 4108 3275 4137
f 4134 4101 4121
f 4139 4111 4134
f 4121 4139 4134
f 4121 4110 4137 4139
f 4139 4137 4109 4138
f 4111 4139 4138 3364
f 4138 4109 4140
f 4114 3364 4138
f 4140 4114 4138
f 4109 3275 3360 4140
f 4889 4888 4871 4877
f 4888 4868 4685
f 4869 4871 4888
f 4685 4869 4888
f 4878 4871 4869
f 4856 4870 4878
f 4869 4856 4878
f 4877 4885 4887
f 4896 4887 4885
f 4880 4886 4896
f 4885 4880 4896
f 4895 4887 4896 4898
f 4898 4896 4886 4897
f 4885 4877 4871
f 4878 4880 4885
f 4871 4878 4885
f 4899 4880 4878
f 4870 4879 4899
f 4878 4870 4899
f 4897 4886 4901
f 4876 4867 4897
f 4901 4876 4897
f 4886 4880 4899 4901
f 4901 4899 4879 4900
f 4876 4901 4900 4857
f 4900 4879 4904
f 4884 4857 4900
f 4904 4884 4900
f 4879 4870 4902 4904
f 4904 4902 4883 4903
f 4884 4904 4903 4859
f 4902 4870 4856
f 4881 4883 4902
f 4856 4881 4902
f 4883 4881 4701 4882
f 4903 4883 4882
f 4837 4859 4903
f 4882 4837 4903
f 4855 4840 4844
f 4855 4837 4882
f 4882 4701 4838
f 4838 4840 4855
f 4855 4882 4838
f 4845 4840 4838
f 4687 4839 4845
f 4838 4687 4845
f 4851 4844 4852 4854
f 4854 4852 4847 4853
f 4852 4844 4840
f 4845 4847 4852
f 4840 4845 4852
f 4847 4845 4839 4846
f 4869 4685 4872
f 4875 4856 4869
f 4872 4875 4869
f 4872 4841 4873 4875
f 4875 4873 4843 4874
f 4881 4856 4875
f 4874 4701 4881
f 4875 4874 4881
f 4873 4841 74
f 4842 4843 4873
f 74 4842 4873
f 4843 4842 4686 4714
f 4838 4701 4874
f 4874 4843 4714
f 4714 4687 4838
f 4838 4874 4714
f 4848 4687 4714
f 4717 4689 4848
f 4714 4717 4848
f 4714 4686 4715 4717
f 4717 4715 4569 4716
f 4711 4689 4717
f 4716 4627 4711
f 4717 4716 4711
f 4850 4688 4846
f 4846 4839 4849
f 4849 4700 4850
f 4850 4846 4849
f 4839 4687 4848 4849
f 4849 4848 4689 4710
f 4700 4849 4710 4690
f 4728 4690 4710
f 4713 4691 4728
f 4710 4713 4728
f 4710 4689 4711 4713
f 4713 4711 4627 4712
f 4707 4691 4713
f 4712 4682 4707
f 4713 4712 4707
f 4753 4735 4754 4755
f 4798 4755 4754
f 4693 4741 4798
f 4754 4693 4798
f 4797 4755 4798 4799
f 4799 4798 4741 4759
f 4799 4759 4813
f 4813 4722 4799
f 4727 4690 4728 4729
f 4737 4729 4728
f 4691 4706 4737
f 4728 4691 4737
f 4736 4729 4737 4738
f 4757 4738 4737
f 4706 4730 4757
f 4737 4706 4757
f 4726 4756 4758 4735
f 4756 4738 4757 4758
f 4758 4757 4730 4745
f 4754 4735 4758
f 4745 4693 4754
f 4758 4745 4754
f 4742 4693 4745
f 4748 4723 4742
f 4745 4748 4742
f 4745 4730 4746 4748
f 4748 4746 4733 4747
f 4723 4748 4747 4698
f 4746 4730 4706
f 4731 4733 4746
f 4706 4731 4746
f 4733 4731 4709 4732
f 4778 4698 4747
f 4747 4733 4732
f 4732 4694 4778
f 4778 4747 4732
f 4731 4706 4691
f 4707 4709 4731
f 4691 4707 4731
f 4709 4707 4682 4708
f 4781 4694 4732
f 4732 4709 4708
f 4708 4692 4781
f 4781 4732 4708
f 4809 4752 4796
f 4796 4749 4722
f 4722 4750 4809
f 4809 4796 4722
f 4806 4752 4809
f 4812 4764 4806
f 4809 4812 4806
f 4809 4750 4810 4812
f 4812 4810 4739 4811
f 4825 4764 4812
f 4811 4751 4825
f 4812 4811 4825
f 4832 4831 4795 4801
f 4828 4801 4829 4830
f 4834 4830 4829
f 4804 4818 4834
f 4829 4804 4834
f 4833 4830 4834 4836
f 4836 4834 4818 4835
f 4829 4801 4795
f 4802 4804 4829
f 4795 4802 4829
f 4819 4804 4802
f 4766 4803 4819
f 4802 4766 4819
f 4818 4804 4819 4821
f 4821 4819 4803 4820
f 4800 4821 4820 4787
f 4831 4763 4805
f 4808 4795 4831
f 4805 4808 4831
f 4805 4752 4806 4808
f 4808 4806 4764 4807
f 4802 4795 4808
f 4807 4766 4802
f 4808 4807 4802
f 4822 4766 4807
f 4827 4788 4822
f 4807 4827 4822
f 4807 4764 4825 4827
f 4827 4825 4751 4826
f 4788 4827 4826 4765
f 4820 4803 4824
f 4817 4787 4820
f 4824 4817 4820
f 4803 4766 4822 4824
f 4824 4822 4788 4823
f 4817 4824 4823 4790
f 4823 4788 4765
f 4789 4790 4823
f 4765 4789 4823
f 4826 4751 4792
f 4794 4765 4826
f 4792 4794 4826
f 4794 4792 4770 4793
f 4791 4794 4793 4767
f 4792 4751 4811
f 4811 4739 4768
f 4768 4770 4792
f 4792 4811 4768
f 4770 4768 4734 4769
f 4793 4770 4769
f 4740 4767 4793
f 4769 4740 4793
f 4769 4734 4771
f 4773 4740 4769
f 4771 4773 4769
f 4773 4771 4725 4772
f 4722 4813 4816 4750
f 4813 4759 4814 4816
f 4816 4814 4762 4815
f 4810 4750 4816
f 4815 4739 4810
f 4816 4815 4810
f 4814 4759 4741
f 4760 4762 4814
f 4741 4760 4814
f 4762 4760 4744 4761
f 4768 4739 4815
f 4815 4762 4761
f 4761 4734 4768
f 4768 4815 4761
f 4760 4741 4693
f 4742 4744 4760
f 4693 4742 4760
f 4744 4742 4723 4743
f 4771 4734 4761
f 4761 4744 4743
f 4743 4725 4771
f 4771 4761 4743
f 4774 4725 4743
f 4743 4723 4698
f 4698 4724 4774
f 4774 4743 4698
f 4776 4774 4724 4775
f 4724 4698 4778 4780
f 4780 4778 4694 4779
f 4777 4780 4779 4699
f 4779 4694 4781
f 4783 4699 4779
f 4781 4783 4779
f 4783 4781 4692 4782
f 4786 4784 4697 4785
f 4784 4692 4708
f 4708 4682 4695
f 4695 4697 4784
f 4784 4708 4695
f 4697 4695 4684 4696
f 4695 4682 4712
f 4712 4627 4683
f 4683 4684 4695
f 4695 4712 4683
f 4684 4683 4629 4674
f 4683 4627 4716
f 4716 4569 4628
f 4628 4629 4683
f 4683 4716 4628
f 4675 4629 4628
f 117 4596 4675
f 4628 117 4675
f 4599 4674 4676 4626
f 4674 4629 4675 4676
f 4676 4675 4596 4639
f 4672 4626 4676
f 4639 4437 4672
f 4676 4639 4672
f 4671 4626 4672 4673
f 4678 4673 4672
f 4437 4649 4678
f 4672 4437 4678
f 4677 4673 4678 4680
f 4680 4678 4649 4679
f 4670 4648 4647
f 4606 4621 4670
f 4647 4606 4670
f 4679 4649 4651
f 4625 4604 4679
f 4651 4625 4679
f 4649 4437 4650 4651
f 4651 4650 4605 4635
f 4647 4625 4651
f 4635 4606 4647
f 4651 4635 4647
f 4622 4606 4635
f 4638 4619 4622
f 4635 4638 4622
f 4635 4605 4636 4638
f 4638 4636 4568 4637
f 4660 4619 4638
f 4637 4593 4660
f 4638 4637 4660
f 4669 4643 4621
f 4644 4646 4669
f 4621 4644 4669
f 4652 4646 4644
f 4624 4645 4652
f 4644 4624 4652
f 4663 4654 4652
f 4645 4653 4663
f 4652 4645 4663
f 4665 4663 4653 4664
f 4644 4621 4606
f 4622 4624 4644
f 4606 4622 4644
f 4656 4624 4622
f 4619 4623 4656
f 4622 4619 4656
f 4653 4645 4666 4668
f 4668 4666 4658 4667
f 4666 4645 4624
f 4656 4658 4666
f 4624 4656 4666
f 4658 4656 4623 4657
f 4667 4658 4657
f 4620 4655 4667
f 4657 4620 4667
f 4657 4623 4662
f 4659 4620 4657
f 4662 4659 4657
f 4623 4619 4660 4662
f 4662 4660 4593 4661
f 4659 4662 4661 4600
f 4618 4603 4607
f 4618 4600 4661
f 4661 4593 4601
f 4601 4603 4618
f 4618 4661 4601
f 4608 4603 4601
f 4595 4602 4608
f 4601 4595 4608
f 4614 4607 4615 4617
f 4617 4615 4610 4616
f 4615 4607 4603
f 4608 4610 4615
f 4603 4608 4615
f 4610 4608 4602 4609
f 4601 4593 4637
f 4637 4568 4594
f 4594 4595 4601
f 4601 4637 4594
f 4611 4595 4594
f 4439 4574 4611
f 4594 4439 4611
f 4609 4602 4613
f 4592 4591 4609
f 4613 4592 4609
f 4602 4595 4611 4613
f 4613 4611 4574 4612
f 4592 4613 4612 4509
f 4650 4437 4639
f 4642 4605 4650
f 4639 4642 4650
f 4639 4596 4640 4642
f 4642 4640 4598 4641
f 4636 4605 4642
f 4641 4568 4636
f 4642 4641 4636
f 4640 4596 117
f 4597 4598 4640
f 117 4597 4640
f 4598 4597 4438 4578
f 4594 4568 4641
f 4641 4598 4578
f 4578 4439 4594
f 4594 4641 4578
f 4575 4439 4578
f 4581 4510 4575
f 4578 4581 4575
f 4578 4438 4579 4581
f 4581 4579 73 4580
f 4510 4581 4580 4244
f 4590 4567 4570
f 4586 4570 4587 4589
f 4589 4587 4573 4588
f 4587 4570 4567
f 4571 4573 4587
f 4567 4571 4587
f 4573 4571 4511 4572
f 4590 4509 4612
f 4612 4574 4577
f 4577 4567 4590
f 4590 4612 4577
f 4574 4439 4575 4577
f 4577 4575 4510 4576
f 4571 4567 4577
f 4576 4511 4571
f 4577 4576 4571
f 4562 4511 4576
f 4576 4510 4244
f 4244 4434 4562
f 4562 4576 4244
f 4566 4561 4572
f 4572 4511 4562
f 4562 4563 4566
f 4566 4572 4562
f 4564 4563 4562
f 4434 4506 4564
f 4562 4434 4564
f 4565 4564 4506 4558
f 5101 5080 5104
f 5107 5090 5101
f 5104 5107 5101
f 5104 5078 5105 5107
f 5107 5105 5077 5106
f 5090 5107 5106 5079
f 5080 5101 5103
f 5103 5101 5090 5102
f 5091 5079 5095 5097
f 5097 5095 5094 5096
f 5095 5079 5106
f 5106 5077 5092
f 5092 5094 5095
f 5095 5106 5092
f 5094 5092 4941 5093
f 5093 4941 4962 5063
f 5063 4963 4961 5093
f 4963 5063 5065 4976
f 5063 4962 5064 5065
f 5065 5064 4681 5008
f 5061 4976 5065
f 5008 4957 5061
f 5065 5008 5061
f 5060 4977 4975
f 4963 4976 5060
f 4975 4963 5060
f 4977 5060 5062 4982
f 5060 4976 5061 5062
f 5062 5061 4957 5004
f 5058 4982 5062
f 5004 4967 5058
f 5062 5004 5058
f 4983 5057 5059 4987
f 5057 4982 5058 5059
f 5059 5058 4967 5000
f 5055 4987 5059
f 5000 4971 5055
f 5059 5000 5055
f 4988 5054 5056 4990
f 5054 4987 5055 5056
f 5056 5055 4971 4996
f 5052 4990 5056
f 4996 4978 5052
f 5056 4996 5052
f 5051 4990 5052 5053
f 5053 5052 4978 4992
f 5069 4989 5070 5072
f 5072 5070 5031 5071
f 5041 5033 5071
f 5071 5031 4991
f 4991 5032 5041
f 5041 5071 4991
f 5032 4991 5042 5044
f 5044 5042 4986 5043
f 5048 4992 5049 5050
f 5050 5049 4995 5034
f 5049 4992 4978
f 4993 4995 5049
f 4978 4993 5049
f 5035 4995 4993
f 4984 4994 5035
f 4993 4984 5035
f 5070 4989 5073
f 5076 5031 5070
f 5073 5076 5070
f 5073 5034 5074 5076
f 5076 5074 5037 5075
f 5031 5076 5075 4991
f 5074 5034 4995
f 5035 5037 5074
f 4995 5035 5074
f 5037 5035 4994 5036
f 5042 4991 5075
f 5075 5037 5036
f 5036 4986 5042
f 5042 5075 5036
f 5045 4986 5036
f 5036 4994 5040
f 5040 5016 5045
f 5045 5036 5040
f 4994 4984 5038 5040
f 5040 5038 4981 5039
f 5016 5040 5039 4985
f 4986 5045 5047
f 5047 5045 5016 5046
f 4993 4978 4996
f 4999 4984 4993
f 4996 4999 4993
f 4996 4971 4997 4999
f 4999 4997 4979 4998
f 5038 4984 4999
f 4998 4981 5038
f 4999 4998 5038
f 5017 4981 4998
f 4998 4979 4974
f 4974 4980 5017
f 5017 4998 4974
f 5039 4981 5017
f 5019 4985 5039
f 5017 5019 5039
f 5019 5017 4980 5018
f 4997 4971 5000
f 5003 4979 4997
f 5000 5003 4997
f 5000 4967 5001 5003
f 5003 5001 4972 5002
f 4979 5003 5002 4974
f 5020 4974 5002
f 5002 4972 4970
f 4970 4973 5020
f 5020 5002 4970
f 4960 5018 5022
f 5018 4980 5022
f 4980 4974 5020 5022
f 5022 5020 4973 5021
f 5022 5021 4956
f 5001 4967 5004
f 5007 4972 5001
f 5004 5007 5001
f 5004 4957 5005 5007
f 5007 5005 4968 5006
f 4972 5007 5006 4970
f 5024 4970 5006
f 5006 4968 4959
f 4959 4969 5024
f 5024 5006 4959
f 5021 4973 5026
f 5023 4956 5021
f 5026 5023 5021
f 4973 4970 5024 5026
f 5026 5024 4969 5025
f 5023 5026 5025 4940
f 5005 4957 5008
f 5011 4968 5005
f 5008 5011 5005
f 5008 4681 5009 5011
f 5011 5009 4958 5010
f 4968 5011 5010 4959
f 5028 4959 5010
f 5010 4958 4909
f 4909 4948 5028
f 5028 5010 4909
f 5025 4969 5030
f 5027 4940 5025
f 5030 5027 5025
f 4969 4959 5028 5030
f 5030 5028 4948 5029
f 5027 5030 5029 4910
f 4937 4910 5029
f 5029 4948 4951
f 4951 4935 4937
f 4937 5029 4951
f 4948 4909 4949 4951
f 4951 4949 4702 4950
f 4935 4951 4950 4861
f 4936 4910 4937 4939
f 4939 4937 4935 4938
f 4934 4906 4861
f 4907 4908 4934
f 4861 4907 4934
f 4912 4908 4907
f 4863 4892 4912
f 4907 4863 4912
f 4933 4914 4916
f 4933 4911 4908
f 4912 4914 4933
f 4908 4912 4933
f 4917 4914 4912
f 4892 4913 4917
f 4912 4892 4917
f 4932 4931 4919 4924
f 4931 4916 4914
f 4917 4919 4931
f 4914 4917 4931
f 4925 4919 4917
f 4913 4918 4925
f 4917 4913 4925
f 4924 4919 4925 4927
f 4927 4925 4918 4926
f 4927 4926 4858
f 4907 4861 4950
f 4950 4702 4862
f 4862 4863 4907
f 4907 4950 4862
f 4893 4863 4862
f 74 4841 4893
f 4862 74 4893
f 4926 4918 4930
f 4923 4858 4926
f 4930 4923 4926
f 4918 4913 4928 4930
f 4930 4928 4922 4929
f 4923 4930 4929 4915
f 4928 4913 4892
f 4920 4922 4928
f 4892 4920 4928
f 4922 4920 4894 4921
f 4929 4922 4921
f 4860 4915 4929
f 4921 4860 4929
f 4920 4892 4863
f 4893 4894 4920
f 4863 4893 4920
f 4894 4893 4841 4872
f 4890 4860 4921
f 4921 4894 4872
f 4872 4685 4890
f 4890 4921 4872
f 4891 4890 4685 4868
f 146 153 663
f 154 661 153
f 154 155 661
f 664 156 157
f 681 158 159
f 157 158 664
f 156 666 155
f 160 679 159
f 162 690 161
f 163 164 700
f 163 691 162
f 704 164 165
f 167 705 166
f 168 708 167
f 702 167 708
f 166 705 165
f 161 679 160
f 749 169 170
f 171 172 791
f 172 173 785
f 174 783 173
f 844 853 174
f 174 853 783
f 175 850 777
f 844 175 777
f 176 796 175
f 796 851 175
f 844 174 175
f 171 746 170
f 177 848 176
f 860 178 179
f 177 178 848
f 179 180 778
f 772 181 182
f 182 183 758
f 182 758 755
f 180 181 845
f 848 796 176
f 873 184 185
f 770 173 783
f 186 892 185
f 188 899 187
f 187 890 186
f 189 894 897
f 190 191 875
f 189 190 894
f 189 897 188
f 1095 1102 219
f 222 1117 221
f 221 1085 220
f 220 1082 219
f 1100 214 215
f 1104 217 218
f 1098 216 217
f 1101 215 216
f 218 219 1102
f 214 1080 213
f 192 193 915
f 194 195 913
f 193 194 916
f 196 197 920
f 981 201 202
f 201 984 200
f 200 944 199
f 195 196 913
f 993 208 209
f 1003 211 212
f 997 210 211
f 1007 209 210
f 988 203 204
f 1012 206 207
f 1012 205 206
f 995 204 205
f 207 208 1009
f 978 202 203
f 970 212 960
f 191 192 918
f 198 199 907
f 786 785 173
f 783 853 782
f 786 173 770
f 789 788 785
f 785 763 789
f 792 172 788
f 175 851 850
f 863 778 180
f 180 847 775
f 180 845 847
f 863 180 775
f 860 848 178
f 845 779 781
f 845 181 779
f 788 172 785
f 702 705 167
f 705 704 165
f 753 792 788
f 172 792 791
f 791 795 171
f 795 794 171
f 791 743 795
f 169 711 168
f 746 171 794
f 779 772 774
f 772 765 767
f 755 757 765
f 772 182 765
f 185 892 873
f 182 755 765
f 184 737 183
f 892 186 893
f 772 779 181
f 186 890 893
f 187 899 890
f 778 860 179
f 205 996 995
f 205 1011 996
f 205 1012 1011
f 992 991 203
f 989 988 204
f 992 988 975
f 203 988 992
f 978 203 991
f 207 1009 1012
f 993 209 1008
f 209 1007 1008
f 1006 1007 210
f 999 1006 210
f 211 973 997
f 1002 973 211
f 999 210 997
f 1000 1002 211
f 208 993 1009
f 991 979 978
f 1000 1005 966
f 981 985 201
f 923 197 198
f 982 978 958
f 982 981 202
f 1003 1005 1000
f 202 978 982
f 970 972 1003
f 213 949 212
f 214 1100 1093
f 1101 1100 215
f 1003 212 970
f 1100 1094 1093
f 1098 1104 1091
f 217 1104 1098
f 1104 218 1102
f 214 1093 1080
f 1000 211 1003
f 1101 216 1098
f 897 899 188
f 989 204 995
f 223 1118 222
f 700 164 704
f 261 262 1336
f 263 1310 262
f 261 1306 260
f 257 258 1295
f 259 260 1309
f 1308 258 259
f 1294 256 257
f 263 1315 1310
f 1341 269 270
f 1382 271 272
f 270 271 1349
f 1379 272 273
f 264 265 1316
f 266 267 1340
f 1339 265 266
f 268 1337 267
f 263 264 1318
f 255 1282 1277
f 243 244 1232
f 245 1233 244
f 242 243 1212
f 240 1177 239
f 1174 241 1167
f 1181 240 241
f 239 1184 238
f 246 1230 245
f 253 1267 252
f 254 255 1279
f 1276 253 254
f 1270 251 252
f 249 1245 248
f 251 1269 250
f 249 250 1272
f 1237 247 248
f 246 247 1239
f 238 1187 237
f 274 1376 273
f 274 275 1377
f 275 276 1377
f 1374 276 277
f 279 1407 278
f 281 1410 280
f 279 280 1404
f 278 1396 277
f 1408 281 282
f 284 1414 283
f 286 1417 285
f 1419 284 285
f 287 1437 286
f 289 1450 288
f 1448 290 291
f 289 290 1448
f 287 288 1438
f 1411 282 283
f 291 292 1452
f 294 1483 293
f 1484 294 295
f 295 296 1484
f 1469 298 299
f 300 301 1490
f 300 1472 299
f 298 1485 297
f 302 1491 301
f 1497 303 304
f 305 306 1532
f 305 1495 304
f 306 307 1543
f 309 1565 308
f 1545 310 311
f 309 310 1563
f 308 1541 307
f 303 1488 302
f 292 293 1463
f 274 1377 1376
f 311 1550 1545
f 229 230 1129
f 231 232 1198
f 230 231 1151
f 225 1123 224
f 227 228 1124
f 226 227 1124
f 226 1121 225
f 229 1109 228
f 1205 233 1208
f 234 1208 233
f 235 1186 234
f 1208 234 1209
f 236 1203 235
f 1206 1205 1208
f 1209 234 1186
f 1203 1186 235
f 236 237 1203
f 1189 232 233
f 1190 233 1205
f 1193 1192 232
f 1192 1196 232
f 233 1190 1189
f 1195 232 1196
f 1192 1165 1196
f 1189 1172 1193
f 1193 232 1189
f 1180 1184 239
f 1170 1177 1183
f 1183 1177 240
f 239 1177 1180
f 1174 1176 1181
f 243 1232 1225
f 241 1174 1181
f 1184 1187 238
f 240 1181 1183
f 241 242 1167
f 1203 237 1187
f 244 1233 1232
f 1115 223 224
f 1269 1273 250
f 1270 252 1267
f 251 1270 1269
f 255 1277 1279
f 1276 254 1274
f 1308 259 1309
f 1309 260 1306
f 1304 258 1308
f 253 1276 1267
f 1545 1563 310
f 1559 313 314
f 312 313 1551
f 1557 314 315
f 306 1543 1536
f 1544 1543 307
f 1565 1541 308
f 1563 1565 309
f 1544 307 1541
f 316 1604 315
f 261 1336 1306
f 1336 262 1334
f 245 1230 1233
f 249 1272 1249
f 1234 1237 248
f 1239 1230 246
f 1265 1273 1269
f 1279 1263 1274
f 1279 1274 254
f 250 1273 1272
f 268 269 1337
f 297 1481 296
f 1563 1545 1547
f 1537 1536 1543
f 1536 1540 306
f 1305 1304 1308
f 1334 1310 1312
f 262 1310 1334
f 273 1376 1380
f 255 256 1280
f 1295 258 1304
f 1601 316 317
f 247 1237 1239
f 1548 311 312
f 1198 232 1195
f 701 700 704
f 708 698 702
f 690 162 691
f 700 688 691
f 711 695 706
f 708 168 706
f 690 679 161
f 709 169 749
f 747 746 794
f 760 728 755
f 758 760 755
f 706 168 711
f 184 869 737
f 874 873 892
f 184 873 869
f 711 169 709
f 750 170 746
f 663 153 661
f 156 664 666
f 666 661 155
f 692 709 749 714
f 664 158 681
f 684 679 690
f 159 679 681
f 746 726 750
f 758 732 734
f 183 732 758
f 732 183 737
f 737 869 735
f 732 737 721
f 870 869 873
f 749 170 750
f 163 700 691
f 918 880 191
f 192 915 919
f 913 916 194
f 915 193 916
f 905 919 915
f 875 877 894
f 192 919 918
f 190 875 894
f 880 875 191
f 913 196 922
f 984 941 200
f 954 985 981
f 984 201 985
f 925 197 923
f 213 1080 1074
f 1095 1097 1102
f 1080 1093 1081
f 965 212 963
f 962 970 960
f 922 196 920
f 197 925 920
f 925 903 920
f 945 200 941
f 984 942 941
f 960 965 946
f 212 965 960
f 199 944 912
f 949 213 1077
f 1080 1075 1074
f 1095 1082 1084
f 219 1082 1095
f 1118 1117 222
f 1123 1115 224
f 1151 231 1201
f 1118 223 1115
f 1117 1120 221
f 1087 220 1085
f 213 1074 1077
f 1123 225 1121
f 896 897 894
f 1126 226 1124
f 659 145 662
f 662 145 146
f 662 660 659
f 151 144 145
f 842 142 143
f 142 842 141
f 141 80 140
f 144 148 143
f 659 151 145
f 659 152 151
f 151 149 839
f 839 148 144
f 143 148 843
f 843 842 143
f 842 76 80
f 80 79 140
f 842 80 141
f 144 151 839
f 139 140 79
f 135 136 86
f 138 82 137
f 136 137 82
f 133 134 85
f 132 133 89
f 134 135 85
f 83 138 139
f 131 92 130
f 82 86 136
f 131 132 88
f 82 138 83
f 92 129 130
f 127 128 95
f 126 127 95
f 94 125 126
f 98 124 125
f 128 129 91
f 86 85 135
f 83 139 79
f 875 880 864
f 878 880 918
f 907 199 912
f 198 907 923
f 941 934 945
f 944 200 945
f 907 909 923
f 212 949 963
f 1082 1087 1068
f 1070 1077 1074
f 1120 1085 221
f 1121 1126 1105
f 1107 1120 1117
f 1087 1082 220
f 949 951 963
f 133 85 89
f 131 88 92
f 132 89 88
f 128 91 95
f 125 94 98
f 124 98 9523
f 126 95 94
f 129 92 91
f 912 881 907
f 912 944 910
f 230 1151 1129
f 1201 1152 1151
f 1109 1124 228
f 1129 1109 229
f 1151 1127 1129
f 1109 1111 1124
f 1126 1121 226
f 9532 124 9523
f 663 662 146
f 1199 1198 1195
f 1199 1195 1155
f 242 1212 1157
f 1212 243 1225
f 1234 1236 1237
f 1225 1232 1226
f 1169 1174 1167
f 1250 1249 1272
f 1282 1260 1277
f 276 1374 1377
f 1245 249 1249
f 1280 1282 255
f 1285 256 1283
f 1295 1294 257
f 1292 1295 1304
f 1294 1283 256
f 1280 256 1285
f 231 1198 1201
f 248 1245 1227
f 1148 1202 1198
f 1157 1159 1167
f 1213 1212 1225
f 1227 1229 1234
f 1227 1234 248
f 1245 1214 1216 1227
f 1167 242 1157
f 1212 1162 1139 1157
f 1315 1299 1310
f 1337 1340 267
f 1380 1379 273
f 272 1379 1383
f 1315 263 1313
f 1285 1251 1280
f 1380 1376 1366
f 1249 1246 1245
f 1367 1374 1364
f 1201 1198 1202
f 278 1407 1406
f 280 1410 1404
f 1404 1407 279
f 1364 1374 277
f 1397 1406 1394
f 1397 1396 278
f 1370 277 1368
f 1408 1410 281
f 1368 277 1396
f 1438 288 1450
f 294 1484 1483
f 1532 306 1539
f 306 1540 1539
f 1487 297 1485
f 1481 1484 296
f 1545 1550 1527
f 311 1548 1550
f 1529 1540 1536
f 1401 1408 1413
f 1467 293 1483
f 282 1413 1408
f 1416 283 1414
f 1451 1450 289
f 1413 282 1411
f 1454 1448 291
f 1455 1457 292
f 1483 1468 1467
f 1463 293 1467
f 1454 291 1452
f 1451 289 1448
f 1481 1487 1465
f 1490 1472 300
f 1539 1533 1532
f 1515 305 1532
f 1487 1481 297
f 1548 1553 1523
f 1551 1553 312
f 1601 1605 316
f 1556 313 1554
f 1553 1548 312
f 1601 317 1602
f 278 1406 1397
f 1294 1288 1283
f 1313 1318 1296
f 1339 1321 1289 1316
f 1316 1318 264
f 1340 1339 266
f 271 1382 1349
f 269 1341 1343
f 1316 265 1339
f 1318 1313 263
f 1379 1362 1383
f 1364 1370 1360
f 277 1370 1364
f 1396 1387 1386
f 1411 1416 1398
f 283 1416 1411
f 1386 1368 1396
f 1386 1373 1351 1368
f 1382 272 1383
f 1337 1343 1319
f 269 1343 1337
f 1382 1350 1349
f 1349 1322 1324 1341
f 284 1419 1414
f 286 1422 1417
f 1419 1388 1414
f 1341 270 1349
f 1419 285 1417
f 1438 1437 287
f 1435 1438 1450
f 1463 1455 292
f 1467 1464 1463
f 1463 1442 1444 1455
f 1457 1452 292
f 1457 1439 1452
f 1422 1437 1420
f 1485 1469 1471
f 1472 1474 299
f 1532 1516 1515
f 1515 1495 305
f 313 1556 1551
f 1559 314 1557
f 1605 1604 316
f 1601 1581 1605
f 1604 1568 315
f 1556 1520 1551
f 1469 1474 1458
f 299 1474 1469
f 1490 1477 1445 1472
f 1491 302 1488
f 301 1491 1490
f 1469 1485 298
f 1495 1497 304
f 1554 1559 1517
f 1500 1495 1515
f 1501 1557 1568 1562
f 1604 1569 1568
f 1557 315 1568
f 1559 1554 313
f 1488 303 1497
f 1437 1422 286
f 1602 317 1598
f 318 319 1596
f 319 320 1608
f 1606 320 321
f 1617 322 323
f 1667 324 325
f 1647 323 324
f 1606 321 1611
f 1667 325 1666
f 327 328 1662
f 1659 1671 329
f 328 329 1671
f 329 330 1675
f 332 1679 331
f 1682 333 1687
f 1682 332 333
f 330 331 1676
f 326 1666 325
f 1688 333 334
f 336 337 1716
f 339 1724 338
f 338 1723 337
f 1671 1672 328
f 327 1662 326
f 341 1725 1731
f 341 1731 340
f 340 1721 339
f 1752 342 343
f 1720 335 336
f 344 1769 343
f 347 1783 346
f 346 1782 345
f 345 1766 344
f 349 1784 348
f 350 351 1777
f 350 1779 1774
f 350 1787 349
f 348 1780 347
f 353 1790 352
f 1670 324 1667
f 353 354 1795
f 356 1840 355
f 354 355 1826
f 358 1857 357
f 361 1864 360
f 360 1861 359
f 359 1863 358
f 357 1859 356
f 361 362 1850
f 1870 363 364
f 362 363 1851
f 365 366 1889
f 1998 393 394
f 366 367 1890
f 395 1996 394
f 364 365 1885
f 361 1850 1845
f 369 370 1897
f 371 372 1928
f 370 371 1924
f 374 1946 373
f 376 1955 1950
f 376 1952 375
f 375 1943 374
f 373 1945 372
f 391 392 1995
f 390 391 1978
f 389 390 1990
f 380 1910 379
f 387 388 1974
f 387 1977 386
f 389 1992 388
f 379 1959 378
f 378 1956 377
f 393 1993 392
f 367 368 1887
f 376 377 1955
f 1670 1669 324
f 1670 1667 1661
f 1648 1647 1664
f 1647 1640 323
f 1669 1665 1664
f 1666 326 1662
f 1664 1647 324
f 1673 1675 330
f 1678 1655 1673
f 1659 329 1675
f 330 1678 1673
f 1676 1681 1652
f 331 1681 1676
f 331 1679 1681
f 330 1676 1678
f 1662 328 1672
f 1598 318 1599
f 1596 319 1608
f 318 1596 1599
f 323 1640 1621
f 322 1609 321
f 1684 1649 1679
f 1640 1647 1641
f 320 1606 1608
f 1713 337 1723
f 1684 332 1682
f 1733 1721 340
f 1724 339 1721
f 1731 1733 340
f 1684 1679 332
f 344 1766 1770
f 1770 1769 344
f 1766 1762 1770
f 342 1725 341
f 343 1769 1749
f 1724 1723 338
f 334 335 1626
f 1664 324 1669
f 1767 345 1782
f 1783 347 1780
f 346 1783 1782
f 1764 1767 1782
f 1771 1784 1789
f 349 1789 1784
f 348 1786 1780
f 345 1767 1766
f 368 369 1891
f 384 1967 383
f 383 1967 382
f 382 1962 381
f 356 1837 1840
f 1860 1859 357
f 1863 1857 358
f 1861 1863 359
f 1860 357 1857
f 1784 1786 348
f 356 1859 1838
f 384 385 1965
f 1792 351 352
f 1787 1789 349
f 1859 1835 1838
f 1837 356 1838
f 1787 1774 1776
f 1837 1841 1840
f 1837 1830 1841
f 1774 1787 350
f 1840 1833 355
f 1861 1866 1842
f 1864 361 1845
f 1864 1866 360
f 1946 1945 373
f 1945 1949 372
f 1866 1861 360
f 1845 1847 1864
f 1952 1943 375
f 1950 1952 376
f 385 386 1976
f 1946 374 1943
f 380 381 1964
f 396 2036 395
f 317 318 1598
f 429 430 2279
f 432 2299 431
f 430 431 2276
f 2205 425 426
f 2252 427 428
f 2282 428 429
f 426 427 2255
f 432 2355 2300
f 2355 432 433
f 433 2353 2356
f 2355 433 2356
f 435 2387 434
f 434 2353 433
f 436 2380 435
f 2353 2297 2354 2356
f 434 2387 2353
f 436 2388 2380
f 436 2378 2388
f 2380 2387 435
f 2378 436 437
f 2191 416 417
f 415 416 2174
f 2189 418 419
f 412 413 2168
f 2176 414 415
f 414 2176 413
f 411 412 2025
f 419 420 2198
f 421 422 2193
f 423 424 2199
f 424 425 2207
f 423 2201 422
f 421 2196 420
f 2352 2299 432
f 2300 2295 432
f 2352 432 2295
f 2299 2370 431
f 2427 455 456
f 456 457 2451
f 458 2452 457
f 449 450 2417
f 453 454 2423
f 453 2418 452
f 450 451 2414
f 455 2429 454
f 465 2493 464
f 465 466 2485
f 2480 2493 465
f 2498 463 464
f 2491 460 461
f 463 2489 462
f 461 462 2492
f 2478 459 460
f 2474 458 459
f 2486 466 467
f 2390 437 2389
f 438 2389 437
f 2391 2389 438
f 438 2361 2293
f 438 2358 2391
f 438 2293 2358
f 2391 2296 2389
f 439 2361 438
f 2378 437 2390
f 443 444 2394
f 446 447 2397
f 445 446 2397
f 444 445 2392
f 440 2362 439
f 441 442 2240
f 440 441 2264
f 440 2261 2271
f 443 2243 442
f 2416 448 449
f 452 2420 451
f 400 2060 399
f 402 2143 401
f 401 2147 400
f 397 398 2031
f 2141 2140 2151
f 2047 398 399
f 2140 402 2151
f 402 2140 2143
f 2151 402 403
f 2149 404 405
f 407 2158 406
f 2153 2165 406
f 2165 405 406
f 2149 2152 403
f 2151 403 2152
f 404 2149 403
f 2167 2149 405
f 2167 405 2165
f 408 2156 407
f 2148 2147 401
f 2073 401 2145
f 401 2073 2148
f 2145 401 2143
f 2057 2056 2060
f 399 2060 2056
f 2147 2061 2060
f 2056 2047 399
f 2074 2145 2143
f 400 2147 2060
f 2087 2144 2140
f 2165 2153 2155
f 2158 2085 2153
f 2144 2143 2140
f 2089 2156 2078
f 408 2078 2156
f 2158 2153 406
f 2158 407 2156
f 2078 408 2076
f 2030 396 397
f 2079 2076 408
f 2082 408 409
f 2082 2079 408
f 2082 409 2065
f 2076 2081 2068
f 418 2192 417
f 410 2022 409
f 430 2280 2279
f 2079 2081 2076
f 429 2279 2283
f 2277 2276 431
f 2277 431 2370
f 439 2359 2361
f 2277 2370 2298
f 430 2276 2280
f 439 2287 2359
f 2364 2287 439
f 439 2362 2364
f 2280 2276 2269
f 2084 2062 2079
f 2084 2079 2082
f 2362 2290 2292
f 411 2027 410
f 2259 2283 2279
f 429 2283 2282
f 2286 428 2282
f 2273 2290 2271
f 2478 460 2491
f 2489 2492 462
f 2498 2489 463
f 2491 461 2492
f 2271 2290 440
f 2496 2493 2495
f 2479 2478 2491
f 2478 2471 459
f 2493 2496 464
f 2290 2362 440
f 447 448 2416
f 2498 464 2496
f 2456 467 468
f 1609 1611 321
f 1583 1606 1611
f 1622 1621 1640
f 1687 1642 1682
f 1685 1687 333
f 323 1621 1617
f 1617 1592 322
f 1714 1713 1723
f 1725 1727 1731
f 343 1749 1753
f 342 1752 1728
f 1777 1779 350
f 355 1833 1826
f 1792 352 1790
f 1754 1774 1779
f 1749 1769 1750
f 1713 1717 337
f 1720 336 1716
f 1609 1587 1589
f 1621 1618 1617
f 1587 1609 322
f 1587 322 1592
f 1685 1690 1623
f 335 1719 1626
f 1688 1690 333
f 1717 1716 337
f 1690 1685 333
f 342 1730 1725
f 1728 1730 342
f 1752 1702 1704 1728
f 1730 1698 1725
f 1749 1739 1753
f 1777 1757 1759
f 1777 351 1757
f 354 1826 1793
f 1752 343 1753
f 1700 1717 1713
f 1826 1833 1827
f 1850 362 1848
f 366 1890 1889
f 368 1902 1887
f 1887 1890 367
f 1850 1821 1845
f 1928 372 1948
f 1900 368 1891
f 1900 1902 368
f 1840 1834 1833
f 1945 1941 1949
f 1950 1955 1939
f 377 1953 1955
f 1956 1958 377
f 398 2047 2046
f 2082 2065 2067
f 2044 2047 2056
f 398 2046 2031
f 1949 1948 372
f 1851 1853 362
f 1869 1851 363
f 1886 1885 1889
f 364 1885 1870
f 1848 362 1853
f 1848 1853 1817
f 1891 1893 1900
f 1928 1921 371
f 1948 1929 1928
f 1953 1958 1936
f 377 1958 1953
f 396 2030 2034
f 2031 2030 397
f 2065 2051 2053
f 2028 2031 2046
f 1974 1977 387
f 1896 369 1894
f 2065 409 2051
f 1885 365 1889
f 1592 1576 1587
f 1592 1617 1590
f 1719 1631 1593 1626
f 1626 1688 334
f 1696 1720 1716
f 335 1720 1719
f 1628 1688 1626
f 1870 1869 363
f 1891 1896 1880
f 1867 1870 1885
f 370 1924 1897
f 1928 1922 1921
f 1921 1925 371
f 1896 1891 369
f 1811 1851 1869 1856
f 1741 1743 1757
f 351 1792 1741
f 1757 351 1741
f 1795 354 1793
f 1810 1793 1826
f 353 1795 1790
f 1894 1899 1871
f 369 1899 1894
f 1924 1874 1876 1897
f 1921 1908 1925
f 1924 371 1925
f 369 1897 1899
f 378 1961 1956
f 1959 1933 1935
f 1933 1959 379
f 1959 1961 378
f 1992 1974 388
f 1990 1992 389
f 1976 1965 385
f 1976 386 1977
f 381 1962 1964
f 2034 2033 396
f 2051 2041 2043
f 2020 2034 2030
f 2037 2036 396
f 2041 2022 2024
f 2016 2037 2033
f 2041 409 2022
f 395 2036 1996
f 2033 2037 396
f 392 1993 1995
f 1933 1910 1912
f 1964 1910 380
f 1910 1933 379
f 1965 1967 384
f 1990 1978 1980
f 1973 1965 1976
f 1962 382 1967
f 1995 1978 391
f 1996 1998 394
f 2036 2004 1996
f 1993 393 1998
f 2022 2027 2005
f 2025 2027 411
f 409 2041 2051
f 2027 2022 410
f 1978 1990 390
f 412 2170 2025
f 1961 1930 1956
f 412 2168 2170
f 2255 2219 426
f 2256 2255 427
f 2229 2256 2252
f 2252 2256 427
f 420 2196 2198
f 2174 416 2191
f 419 2198 2189
f 2189 2192 418
f 2253 2252 2285
f 2191 417 2192
f 2271 2261 2263
f 2249 2286 2282
f 2261 2266 2231
f 2237 2264 2235
f 2235 2264 441
f 2266 2261 440
f 440 2264 2266
f 2286 2285 428
f 2176 415 2174
f 2191 2179 2174
f 2196 2193 2195
f 2201 2193 422
f 424 2207 2199
f 2193 2196 421
f 423 2199 2201
f 2255 2220 2219
f 2235 2240 2224
f 441 2240 2235
f 2219 2210 2205
f 2238 2243 2221
f 442 2243 2238
f 2243 443 2241
f 425 2205 2207
f 2205 426 2219
f 442 2238 2240
f 413 2176 2168
f 2474 2448 458
f 449 2417 2416
f 459 2475 2474
f 447 2416 2412
f 2412 2416 2413
f 2418 2420 452
f 2474 2449 2448
f 2452 458 2448
f 2417 450 2414
f 2467 2475 2471
f 2412 2397 447
f 2493 2480 2482
f 2485 2465 2480
f 465 2485 2480
f 2483 2488 2453
f 466 2488 2483
f 2488 466 2486
f 2485 466 2483
f 2472 2471 2478
f 451 2420 2414
f 2420 2410 2414
f 2394 444 2392
f 2395 2397 2412
f 445 2397 2392
f 2407 2418 2423
f 2452 2451 457
f 2486 2456 2458
f 2444 2452 2448
f 2423 2418 453
f 2427 2429 455
f 2451 2432 2427
f 2421 454 2429
f 2423 454 2421
f 2427 456 2451
f 2486 467 2456
f 2394 2241 443
f 459 2471 2475
f 7386 3982 3983
f 3981 7386 7385
f 3983 7383 7386
f 7360 7387 7388
f 3983 7388 7383
f 3984 7360 7388
f 7373 7383 7388
f 7389 7357 7360
f 7388 3983 3984
f 7345 3976 7356
f 7372 3978 7354
f 3978 3979 7354
f 7359 7354 3979
f 3977 7372 7356
f 3982 7386 3981
f 3981 7385 7359
f 7359 3980 3981
f 7359 3979 3980
f 3975 7345 7347
f 3985 7348 7389
f 7406 7348 7412
f 7421 7423 3991
f 7414 7390 7423
f 7425 7421 3991
f 3991 7423 3990
f 7425 7407 7421
f 7413 3987 7411
f 3986 7413 7412
f 7348 3986 7412
f 3985 3986 7348
f 3987 7413 3986
f 7423 7390 3990
f 3989 3990 7390
f 7390 3988 3989
f 7411 3988 7390
f 7411 3987 3988
f 7389 7360 3985
f 3985 7360 3984
f 2456 2461 2439
f 7316 7301 7325
f 3967 7329 7332
f 7329 3968 7324
f 7284 3963 7310
f 3964 7307 7299
f 7310 3963 7299
f 3963 3964 7299
f 7309 7284 7310
f 3967 7332 3966
f 3966 7332 7300
f 7300 3965 3966
f 7300 3964 3965
f 3964 7300 7307
f 7229 7100 7239 7312
f 3968 7329 3967
f 3975 7347 7340
f 3973 7340 7280
f 3973 7336 3972
f 7339 3971 7336
f 7280 7336 3973
f 3974 7340 3973
f 3977 3978 7372
f 3975 3976 7345
f 7340 3974 3975
f 3977 7356 3976
f 7314 7316 3968
f 7279 3968 7316
f 7324 3968 7279
f 3969 7314 3968
f 7279 7316 7325
f 3969 7285 7314
f 3971 3972 7336
f 3970 7318 3969
f 7285 3969 7318
f 7339 3970 3971
f 7318 3970 7339
f 2456 468 2461
f 2285 2252 428
f 468 2504 2461
f 1602 1598 1585
f 9619 123 9603
f 9532 9603 123
f 9533 9603 9532
f 97 9532 9523
f 9532 123 124
f 122 123 9619
f 9603 9604 9619
f 9620 122 9619
f 9577 9530 9591
f 9583 8039 9573
f 9591 9593 8044
f 9550 9552 9570
f 9567 9572 9547
f 9570 8038 9550
f 9577 8048 9576
f 8036 9572 9567
f 9601 9605 9599
f 9596 8050 9598
f 8044 9593 9575
f 8046 9577 9591
f 9537 8042 9590
f 9574 8041 9537
f 9590 8043 9575
f 9576 8049 9596
f 9550 8039 9583
f 9556 8037 9570
f 8035 9527 9555
f 8034 9555 9566
f 8036 9567 9527
f 9556 9572 8036
f 9556 8036 8037
f 9555 8034 8035
f 9566 8033 8034
f 8035 8036 9527
f 8033 9566 9535
f 8040 9574 9573
f 8038 9570 8037
f 9563 9557 9546
f 9563 8030 9557
f 8031 9535 9554
f 8031 9545 9534
f 9534 9557 8030
f 9563 9553 8030
f 8031 9554 9545
f 9514 8028 9565
f 9469 9503 9513 9456
f 9516 8027 9514
f 8029 9509 9561
f 9561 9565 8029
f 9513 9503 8022
f 8029 8030 9509
f 9538 9565 9561
f 8030 9553 9509
f 9512 8026 9511
f 8022 9503 9470
f 9513 8022 9468
f 9468 8024 9512
f 8032 9535 8031
f 9494 9464 8020
f 8030 8031 9534
f 9464 9493 9496
f 8021 9470 9494
f 9511 8027 9516
f 9492 8013 9466
f 9474 9495 9467
f 9463 8010 9453
f 9462 8007 9455
f 9433 8005 9462
f 9455 8009 9463
f 9453 8012 9492
f 9435 8003 9433
f 8033 9535 8032
f 9607 8055 9605
f 9598 8050 8051
f 8049 8050 9596
f 8054 9607 9597
f 9597 8053 8054
f 9598 8052 9597
f 8051 8052 9598
f 8052 8053 9597
f 8054 8055 9607
f 9590 8042 8043
f 9574 8040 8041
f 9573 8039 8040
f 8041 8042 9537
f 9576 8048 8049
f 8046 8047 9577
f 8045 8046 9591
f 8048 9577 8047
f 9575 8043 8044
f 8045 9591 8044
f 122 9615 9616
f 8062 9618 9613
f 8063 9616 9618
f 9616 8064 122
f 9618 8062 8063
f 9613 8061 8062
f 8063 8064 9616
f 8061 9613 8060
f 9620 9615 122
f 8059 9614 9608
f 9599 8056 9531
f 8058 9608 9609
f 8059 8060 9614
f 8058 9609 8057
f 9608 8058 8059
f 8056 8057 9531
f 9531 8057 9609
f 9613 9614 8060
f 9605 8055 8056
f 8056 9599 9605
f 8027 8028 9514
f 8029 9565 8028
f 8025 8026 9512
f 8023 8024 9468
f 8022 8023 9468
f 8025 9512 8024
f 8027 9511 8026
f 8020 8021 9494
f 8020 9464 8019
f 9464 9496 8019
f 9498 8018 9496
f 8021 8022 9470
f 9495 8018 9498
f 8018 8019 9496
f 8017 9495 8016
f 9495 8017 8018
f 8014 9495 9474
f 9495 8015 8016
f 9474 9475 8014
f 8014 8015 9495
f 9475 9466 8013
f 8014 9475 8013
f 8012 9453 8011
f 8008 8009 9455
f 8007 8008 9455
f 8010 9463 8009
f 9492 8012 8013
f 8005 8006 9462
f 8005 9433 8004
f 8010 8011 9453
f 9435 9441 8003
f 9443 8001 9441
f 8006 8007 9462
f 9430 8000 9443
f 8003 8004 9433
f 9441 8001 8002
f 9443 8000 8001
f 8002 8003 9441
f 8000 9430 9438
f 8038 8039 9550
f 9446 9438 9440
f 7998 9446 9448
f 7999 9438 9446
f 7998 7999 9446
f 7997 9436 7996
f 9436 9444 7996
f 7998 9436 7997
f 7998 9448 9436
f 8000 9438 7999
f 7995 7996 9444
f 9452 7994 9428
f 9429 7994 9452
f 9428 7995 9444
f 9397 7993 9396
f 9359 9412 9395
f 9405 9420 9397
f 9396 7993 9429
f 9391 7986 9359
f 7994 7995 9428
f 7993 9397 9406
f 9429 7993 7994
f 9420 9406 9397
f 7993 9406 7992
f 9411 7992 9406
f 7990 7991 9411
f 7992 9411 7991
f 9418 7990 9411
f 7988 9418 9404
f 7987 9427 9414
f 7987 9414 9412
f 7988 9404 9427
f 9418 7988 7989
f 9412 7986 7987
f 9359 7986 9412
f 7987 7988 9427
f 7986 9391 7985
f 7990 9418 7989
f 7985 9391 7984
f 9356 7983 7984
f 7982 7983 9356
f 9356 7984 9391
f 9358 7982 9356
f 7981 7982 9364
f 9358 9364 7982
f 9366 9369 7981
f 9364 9366 7981
f 9368 9369 9366
f 9352 9342 9339
f 7974 9360 9352
f 9352 9360 9355
f 9371 9374 9361
f 9370 9367 9363
f 7975 9363 9360
f 9296 9352 9339
f 7980 9369 9374
f 7980 7981 9369
f 7979 7980 9374
f 9371 7979 9374
f 9373 7978 9371
f 9370 7976 9373
f 9371 7978 7979
f 9373 7976 7977
f 9370 7975 7976
f 7977 7978 9373
f 9370 9363 7975
f 7973 9296 9336
f 9296 7974 9352
f 9303 7970 9298
f 7972 7973 9336
f 7973 7974 9296
f 7972 9336 9298
f 9255 9282 9289 9253
f 7969 9325 9327
f 9303 9325 7970
f 7974 7975 9360
f 7971 7972 9298
f 7971 9298 7970
f 9322 9327 9306
f 7969 9327 9322
f 7970 9325 7969
f 9318 9293 9304
f 9293 7969 9322
f 7968 7969 9293
f 9318 7968 9293
f 9317 9302 9334
f 9295 7964 9334
f 9335 7963 9295
f 7964 9317 9334
f 7966 9320 9317
f 9292 7962 9290
f 9289 7960 9292
f 9290 7962 9335
f 9282 7958 9289
f 7967 9318 9320
f 7967 7968 9318
f 7965 7966 9317
f 7967 9320 7966
f 7963 7964 9295
f 7961 7962 9292
f 7960 7961 9292
f 7963 9335 7962
f 7965 9317 7964
f 7958 7959 9289
f 9252 7956 7957
f 9282 7957 7958
f 9279 7956 9252
f 7959 7960 9289
f 7955 7956 9279
f 9276 9281 9249
f 7955 9281 9276
f 7955 9279 9281
f 7954 7955 9276
f 9282 9252 7957
f 7953 9278 9269
f 7952 9269 9271
f 7953 7954 9278
f 7952 9271 7951
f 9269 7952 7953
f 7950 7951 9268
f 9268 7951 9271
f 9268 9248 9275
f 9276 9278 7954
f 9268 9273 7950
f 9127 9237 9218
f 7949 7950 9273
f 9223 9225 7949
f 7949 9273 9223
f 9235 9236 9225
f 9237 9244 9239
f 9237 9127 9182
f 9275 9273 9268
f 7949 9225 7948
f 7948 9225 9236
f 7945 9243 9234
f 7947 9236 9243
f 7947 7948 9236
f 7946 9243 7945
f 9243 7946 7947
f 9246 7944 9234
f 9234 7944 7945
f 7943 7944 9244
f 9246 9244 7944
f 9182 7942 7943
f 9237 7943 9244
f 9182 7943 9237
f 9184 7942 9182
f 7941 7942 9184
f 9179 7940 9205
f 9205 7941 9184
f 7940 7941 9205
f 7940 9179 9201
f 7939 7940 9201
f 9203 7939 9201
f 7939 9203 9192
f 9192 9198 7939
f 7938 7939 9198
f 7937 9207 7936
f 7938 9207 7937
f 7938 9200 9207
f 7938 9198 9200
f 9209 7935 7936
f 9209 7936 9207
f 9206 9197 9213
f 9211 9206 9213
f 9206 7935 9209
f 7934 7935 9206
f 7933 9211 9159
f 9211 7934 9206
f 7933 9159 9215
f 7933 7934 9211
f 9215 9176 7933
f 8966 7933 9176
f 7932 7933 8966
f 9174 9175 8966
f 7931 7932 9175
f 8966 9175 7932
f 7930 7931 9177
f 9175 9177 7931
f 9161 7930 9177
f 9160 9113 9122
f 9123 7927 9160
f 9171 9163 9160
f 7928 7929 9161
f 7928 9171 7927
f 9160 7927 9171
f 9173 9171 7928
f 7928 9161 9173
f 9123 9160 9122
f 7930 9161 7929
f 7926 7927 9141
f 9141 9110 9155
f 9155 7926 9141
f 7925 7926 9155
f 7924 7925 9140
f 9140 7925 9155
f 9140 9155 9157
f 9154 7924 9140
f 9123 9141 7927
f 9136 9131 9109
f 9137 9130 9119
f 9121 9139 7922
f 9121 7923 7924
f 9133 7920 9137
f 9131 7920 9133
f 9119 9133 9137
f 9137 7921 9139
f 9131 9136 9108
f 9154 9121 7924
f 7922 7923 9121
f 7921 9137 7920
f 9139 7921 7922
f 7920 9131 9108
f 7919 7920 9108
f 7917 7918 9047
f 7919 9047 7918
f 9106 7917 9047
f 7919 9108 9047
f 7917 9106 7916
f 9049 7916 9106
f 9088 9049 9053
f 9049 7915 7916
f 9049 9088 7915
f 7914 9054 9055
f 9079 9038 9040
f 9035 9040 9024
f 9088 9054 7915
f 7914 7915 9054
f 9082 9085 9087
f 9085 7914 9055
f 9082 7914 9085
f 9087 9057 9082
f 7913 9084 9073
f 7912 7913 9073
f 9082 9084 7913
f 7914 9082 7913
f 9075 7911 7912
f 9073 9075 7912
f 9072 9056 9078
f 9078 7909 9072
f 9075 7910 7911
f 9078 9051 7909
f 9075 9072 7910
f 7907 9081 9079
f 9079 9040 7907
f 7908 9051 9081
f 9040 9035 8903
f 8903 7907 9040
f 7907 7908 9081
f 7909 9051 7908
f 7907 8903 9041
f 7905 7906 9043
f 9041 9043 7906
f 9031 7905 9043
f 7907 9041 7906
f 7909 7910 9072
f 7904 9031 9033
f 9028 9030 9015
f 7903 7904 9033
f 7902 9030 9029
f 9028 9029 9030
f 7901 7902 9029
f 7903 9030 7902
f 7903 9033 9030
f 7905 9031 7904
f 8984 7901 9027
f 8963 8984 9027
f 8984 8905 8993
f 8993 8960 8984
f 7900 7901 8960
f 8960 7901 8984
f 7900 8960 9014
f 9013 9014 8960
f 9010 7900 9014
f 9029 9027 7901
f 8980 8869 8901
f 8902 8980 8901
f 8982 8977 8959
f 9014 8989 9010
f 8988 9006 9000
f 7899 9010 9012
f 8980 7893 8982
f 7899 7900 9010
f 9001 7898 7899
f 9012 9001 7899
f 9003 7897 9001
f 9000 7896 9003
f 7897 7898 9001
f 7896 9000 7895
f 9003 7896 7897
f 7894 7895 8979
f 7895 9000 9006
f 9006 8979 7895
f 8979 8977 7894
f 8982 7894 8977
f 7891 8902 8910
f 7892 8980 8902
f 8955 8910 8885
f 7894 8982 7893
f 7893 8980 7892
f 7891 8910 8898
f 8902 7891 7892
f 7890 7891 8898
f 8955 8898 8910
f 8952 7890 8909
f 8898 8909 7890
f 8949 8952 8954
f 7889 7890 8952
f 8954 8912 8949
f 7888 7889 8940
f 8951 8940 7889
f 8949 8951 7889
f 8952 8949 7889
f 7887 8940 8942
f 7886 7887 8942
f 8942 8939 7886
f 8906 7885 8945
f 8945 7885 8908
f 7884 8906 8948
f 8939 8908 7886
f 8946 8897 8882
f 7888 8940 7887
f 7885 7886 8908
f 8706 7884 8946
f 8906 7884 7885
f 8948 8946 7884
f 7884 8706 7883
f 8894 7883 8706
f 7882 8894 8878
f 8880 7882 8878
f 7883 8894 7882
f 8706 8946 8882
f 8879 8880 8861
f 7878 8879 8890
f 7879 8880 8879
f 7880 7881 8880
f 7879 8879 7878
f 8880 7879 7880
f 8858 7878 8888
f 8888 7878 8890
f 8888 8865 8838
f 7882 8880 7881
f 8888 8838 8858
f 7876 8860 8862
f 7877 8858 8860
f 7876 7877 8860
f 7875 8863 8864
f 8863 7876 8862
f 7874 7875 8864
f 7876 8863 7875
f 7878 8858 7877
f 7872 8855 8857
f 8854 8849 8846
f 8835 8854 8846
f 7872 8857 8854
f 7873 7874 8855
f 7873 8855 7872
f 8854 8835 7872
f 7871 8835 8841
f 7871 7872 8835
f 8864 8855 7874
f 7870 7871 8841
f 8837 7870 8841
f 8839 7868 8837
f 7869 7870 8837
f 7867 7868 8840
f 8837 7868 7869
f 8820 7867 8840
f 8839 8840 7868
f 7867 8820 8831
f 8820 8822 8831
f 7864 8819 8829
f 7866 8831 8833
f 7866 7867 8831
f 7862 8692 8834
f 8648 8665 8688 8670
f 7861 8834 8704
f 7863 8829 8692
f 8833 8819 7866
f 7865 7866 8819
f 7863 7864 8829
f 7865 8819 7864
f 7861 7862 8834
f 8744 8724 8743
f 8692 7862 7863
f 7861 8724 8744
f 8724 7861 8704
f 7860 7861 8744
f 8744 8756 7860
f 8720 7860 8756
f 8785 8740 8755
f 7860 8720 8740
f 8740 7859 7860
f 8755 8742 8785
f 8793 8787 8758
f 7859 8785 8787
f 8785 7859 8740
f 8787 8793 7859
f 8797 7859 8747
f 8793 8747 7859
f 8808 8797 8799
f 8808 7859 8797
f 8816 8808 8810
f 7858 8816 8818
f 8807 7858 8818
f 8808 8816 7858
f 7859 8808 7858
f 7857 8807 8815
f 8754 7856 7857
f 8815 8754 7857
f 8805 7855 8754
f 7858 8807 7857
f 7855 7856 8754
f 7853 7854 8806
f 7855 8806 7854
f 8804 7853 8806
f 7855 8805 8806
f 8804 8796 8784
f 7851 8777 8752
f 7852 8784 8777
f 7853 8804 7852
f 7852 8804 8784
f 7851 8752 7850
f 8777 7851 7852
f 8778 7850 8780
f 8780 7850 8752
f 8778 8745 8782
f 8728 8749 8731
f 7850 8783 7849
f 8783 8778 8782
f 7849 8783 8781
f 7848 8781 8749
f 7848 7849 8781
f 8781 8751 8749
f 8778 8783 7850
f 8749 8728 8703
f 7847 8703 8733
f 7847 8702 8737
f 7846 8737 8689
f 7847 8733 8702
f 7847 7848 8703
f 7846 8689 7845
f 8737 7846 7847
f 7844 7845 8691
f 8691 7845 8689
f 8749 8703 7848
f 8688 7843 7844
f 8691 8688 7844
f 8661 8505 8655
f 7842 8688 8665
f 8665 8505 7842
f 7842 7843 8688
f 7841 8505 7840
f 8505 7841 7842
f 8657 7840 8661
f 8661 7840 8505
f 8661 8663 8685
f 7839 8657 8659
f 8661 8685 8657
f 7838 7839 8681
f 8659 8681 7839
f 7837 7838 8683
f 8681 8683 7838
f 7836 7837 8683
f 7840 8657 7839
f 8647 8671 8654
f 8647 7834 8671
f 8647 8529 7833
f 7835 7836 8658
f 8680 8658 7836
f 8673 7834 7835
f 8658 8673 7835
f 8673 8671 7834
f 8531 8554 8529
f 8683 8680 7836
f 7833 7834 8647
f 7831 7832 8554
f 8529 7832 7833
f 8529 8554 7832
f 7830 7831 8513
f 8554 8513 7831
f 7830 8551 8553
f 8513 8551 7830
f 8513 8528 8551
f 7830 8553 8581
f 8578 8583 8548
f 7829 8581 8583
f 8578 7829 8583
f 8589 7829 8580
f 8578 8580 7829
f 8580 8561 8589
f 7829 8589 8545
f 8596 7829 8545
f 7830 8581 7829
f 7614 4061 7601
f 7639 4066 7599
f 4063 7639 7601
f 4070 7645 7599
f 7599 4069 4070
f 7590 7599 7645
f 4070 4071 7645
f 4060 4061 7614
f 4063 4064 7639
f 4062 7601 4061
f 7601 4062 4063
f 4064 4065 7639
f 4068 4069 7599
f 4066 4067 7599
f 4065 4066 7639
f 4068 7599 4067
f 7585 4059 7614
f 8614 8596 8598
f 8595 8614 8616
f 7828 8595 8613
f 8633 8613 8559
f 8596 8614 8595
f 8575 8571 8527
f 7828 7829 8596
f 7590 7645 7640
f 4071 4072 7645
f 8500 8501 8542
f 8512 8574 8532
f 8510 7817 8541
f 8544 7816 8510
f 8541 7817 8512
f 7816 8544 8542
f 8471 8500 8542
f 7668 7645 4072
f 8595 7828 8596
f 7827 7828 8633
f 8630 8635 8618
f 8613 8633 7828
f 7827 8633 8635
f 8594 7827 8630
f 8635 8630 7827
f 7825 8642 8644
f 7826 7827 8594
f 8642 7826 8594
f 8604 8570 8608
f 8610 8607 8557
f 8609 8604 8608
f 8571 7819 8573
f 8610 8573 7819
f 8640 8636 8592
f 8604 8639 8606
f 7825 7826 8642
f 7825 8644 7824
f 8644 8626 7824
f 8628 7823 8626
f 7823 7824 8626
f 8638 7822 8611
f 8628 7822 7823
f 7822 8628 8611
f 7821 7822 8638
f 8638 8636 7821
f 8641 7821 8636
f 7820 7821 8639
f 8640 8641 8636
f 8604 8609 8639
f 8641 8639 7821
f 8609 7820 8639
f 7819 7820 8607
f 8609 8607 7820
f 7819 8571 7818
f 8610 7819 8607
f 7817 7818 8576
f 8571 8576 7818
f 8571 8575 8576
f 8576 8574 7817
f 7817 8574 8512
f 7816 8542 7815
f 7816 7817 8510
f 7814 8542 8501
f 7815 8542 7814
f 7812 7813 8489
f 8501 7813 7814
f 8491 7812 8489
f 8501 8489 7813
f 8486 8491 8475
f 7646 7645 7668
f 7669 7668 4073
f 8491 8486 7810
f 7811 8491 7810
f 4073 4074 7669
f 4074 7664 7669
f 8179 7810 8486
f 7812 8491 7811
f 7809 7810 8497
f 8497 7810 8179
f 7809 8499 8482
f 7809 8497 8499
f 8494 7808 7809
f 8494 7809 8482
f 8481 8493 8484
f 8496 7808 8494
f 8496 8493 7807
f 4076 7664 4075
f 4074 4075 7664
f 7664 4076 7666
f 8478 8427 8459
f 4078 7670 4077
f 7666 4077 7670
f 4079 7670 4078
f 4077 7666 4076
f 8481 8469 8493
f 4073 7668 4072
f 7481 7505 7469
f 4011 7482 7470
f 7482 7505 7481
f 7496 7506 4015
f 7505 4014 7506
f 7513 7493 7496
f 4015 7506 4014
f 4015 7513 7496
f 7482 4013 7505
f 4008 4009 7480
f 4010 7480 4009
f 7480 7479 4008
f 7477 7480 4010
f 4013 4014 7505
f 4012 7482 4011
f 7482 4012 4013
f 4010 4011 7477
f 4011 7470 7477
f 7537 7534 7521
f 7537 7507 7534
f 4022 7535 7534
f 7531 7535 4023
f 4022 4023 7535
f 4024 7531 4023
f 7507 4022 7534
f 7514 7513 4019
f 4018 4019 7513
f 7513 4017 4018
f 7513 4016 4017
f 7513 7495 7493
f 4022 7507 4021
f 4021 7507 7437
f 7511 7514 4020
f 4019 4020 7514
f 4021 7511 4020
f 7511 4021 7437
f 7513 4015 4016
f 7441 7432 7445
f 7442 7441 3996
f 7445 3996 7441
f 3996 7445 3995
f 7442 7450 7433
f 3998 7442 3997
f 3996 3997 7442
f 7450 7442 3998
f 3999 7450 3998
f 3992 7391 7425
f 7424 7425 7391
f 3991 3992 7425
f 3993 7358 7391
f 3992 3993 7391
f 3994 6989 7426
f 6989 3994 3995
f 7426 3993 3994
f 3993 7426 7358
f 7445 6989 3995
f 4005 7435 7447
f 4005 7447 4004
f 7452 4003 7447
f 7447 7427 7452
f 7492 7435 4005
f 7468 7492 4005
f 4007 4008 7479
f 7468 4006 4007
f 7468 4005 4006
f 7468 4007 7479
f 7451 4000 4001
f 7450 4000 7451
f 4000 7450 3999
f 4001 7448 7451
f 4004 7447 4003
f 4003 7452 7430
f 4003 7430 4002
f 4002 7430 7446
f 4001 4002 7448
f 4002 7446 7448
f 7607 7595 7582
f 4049 7608 4048
f 7607 4048 7608
f 4048 7607 4047
f 7610 7605 7603
f 7610 7603 4050
f 4049 4050 7603
f 7611 7610 4050
f 4049 7603 7608
f 7569 7563 7565
f 4044 7581 4043
f 7581 7563 4043
f 7569 4041 7563
f 4045 7581 4044
f 7438 7607 7582
f 4046 7438 7555
f 7438 4046 4047
f 7555 4045 4046
f 4045 7555 7581
f 7607 7438 4047
f 7636 7613 7598
f 7636 4056 7613
f 4056 4057 7613
f 4058 7585 7596
f 4060 7614 4059
f 4058 4059 7585
f 7596 4057 4058
f 4057 7596 7613
f 7612 7636 7638
f 4053 7604 7611
f 7611 4052 4053
f 7611 4051 4052
f 4051 7611 4050
f 4054 7604 4053
f 4056 7636 7612
f 7612 7635 4055
f 4055 7635 7604
f 4056 7612 4055
f 4055 7604 4054
f 7524 4028 7538
f 4028 7524 7532
f 7540 7553 7539 7497
f 4033 7540 4032
f 7540 4031 4032
f 7540 7538 4030
f 7540 7543 7538
f 4033 7553 7540
f 7519 7532 7508
f 7519 7530 4027
f 4026 4027 7530
f 7530 4025 4026
f 7531 4025 7530
f 4025 7531 4024
f 4031 7540 4030
f 7538 4028 4029
f 4029 4030 7538
f 4027 4028 7519
f 4028 7532 7519
f 7554 7576 7575
f 4034 7567 7576
f 7568 7562 7566
f 4043 7563 4042
f 4041 7569 4040
f 7563 4041 4042
f 7562 4039 4040
f 4040 7569 7562
f 7567 4035 4036
f 4035 7567 4034
f 7554 4034 7576
f 4033 7554 7553
f 4033 4034 7554
f 7567 4036 4037
f 4038 7568 7573
f 7568 4038 4039
f 7573 4037 4038
f 7573 7567 4037
f 7562 7568 4039
f 7807 7808 8496
f 7804 8469 8492
f 8493 8469 7805
f 7807 8493 7806
f 7806 8493 7805
f 8478 7804 8480
f 8469 7804 7805
f 7803 7804 8478
f 8492 8480 7804
f 7802 7803 8460
f 7803 8478 8459
f 7799 7800 8467
f 7803 8459 8460
f 8458 7799 8456
f 7800 8460 8467
f 7801 7802 8460
f 8456 7799 8467
f 8460 7800 7801
f 8458 8453 7798
f 8415 8453 8458
f 7798 7799 8458
f 7798 8453 7797
f 8455 8426 8453
f 7797 8453 8426
f 7797 8426 8423
f 8452 8423 8426
f 7796 8423 8451
f 8452 8411 8423
f 7796 7797 8423
f 7796 8425 8440
f 8439 7792 8442
f 7794 8450 8442
f 7795 8440 8450
f 7795 7796 8440
f 7794 8442 7793
f 8450 7794 7795
f 7792 7793 8442
f 8451 8425 7796
f 8446 7791 8439
f 8422 8446 8439
f 8444 7791 8446
f 7791 8444 7790
f 8412 7790 8444
f 8449 7789 7790
f 8412 8449 7790
f 8447 7789 8449
f 8447 8403 8375
f 7792 8439 7791
f 7788 7789 8447
f 8401 7787 8375
f 7787 7788 8375
f 7788 8447 8375
f 8402 7786 8401
f 7786 7787 8401
f 7783 8397 8399
f 8402 7785 7786
f 7782 8399 8378
f 8397 7785 8402
f 7784 7785 8397
f 7784 8397 7783
f 8386 8378 8380
f 7782 8378 8386
f 7783 8399 7782
f 7781 8394 8396
f 7782 8394 7781
f 7782 8369 8394
f 7782 8386 8369
f 8393 8381 8258
f 8332 8391 8359
f 8340 8362 8332
f 7780 7781 8396
f 7777 8384 8381
f 8384 7778 8382
f 8382 7780 8396
f 8176 8348 8257
f 7779 7780 8382
f 7778 8384 7777
f 8382 7778 7779
f 7777 8381 8393
f 7777 8393 7776
f 8391 7776 8393
f 7776 8391 7775
f 8341 7774 7775
f 7775 8391 8332
f 7775 8362 8341
f 8356 8347 8339
f 8358 7773 7774
f 8356 7773 8358
f 8356 8339 8346
f 8348 8353 8350
f 7772 7773 8356
f 8346 7771 8356
f 8341 8358 7774
f 8332 8362 7775
f 7771 7772 8356
f 7771 8346 7770
f 8346 8355 7770
f 8353 7769 8355
f 7769 7770 8355
f 8353 7768 7769
f 7768 8348 7767
f 7766 7767 8212
f 8348 7768 8353
f 7764 7765 8212
f 7766 8212 7765
f 8256 7763 7764
f 8212 8256 7764
f 8212 8348 8176
f 8214 7763 8256
f 8348 8212 7767
f 8223 7762 7763
f 8255 7762 8322
f 7762 8223 8322
f 8223 7763 8214
f 8324 8255 8322
f 8225 8254 8255
f 8225 8253 8316
f 8316 8254 8225
f 7761 8254 8278
f 7761 8278 8315
f 8314 8315 8278
f 8311 7761 8315
f 8255 8254 7761
f 7762 8255 7761
f 8315 8280 8311
f 7760 8311 8313
f 7760 8313 8308
f 8293 8308 8313
f 8310 7759 8308
f 7759 7760 8308
f 8310 8329 7759
f 8260 8227 8265
f 7761 8311 7760
f 7758 7759 8329
f 8331 7758 8329
f 8326 7757 8331
f 8328 7756 8326
f 7757 7758 8331
f 7757 8326 7756
f 7756 8300 7755
f 7754 7755 8300
f 8328 8300 7756
f 7754 8291 7753
f 7753 8252 8299
f 7753 8299 8259
f 7753 8291 8252
f 7753 8259 7752
f 8250 7752 8259
f 8260 7752 8262
f 8250 8262 7752
f 8260 7751 7752
f 8300 8291 7754
f 7751 8260 8265
f 8175 7749 8218
f 8211 8208 8218
f 8247 8221 8218
f 7750 7751 8249
f 8249 7751 8265
f 8247 8218 7750
f 7749 7750 8218
f 8249 8247 7750
f 8175 8218 8208
f 8182 7748 8175
f 8201 8194 8196
f 7748 8182 8074
f 8074 8194 7748
f 7747 7748 8201
f 8201 7748 8194
f 8204 8198 8200
f 7747 8201 8203
f 7749 8175 7748
f 8205 7746 7747
f 8203 8205 7747
f 8207 7746 8205
f 8204 7745 8207
f 7745 7746 8207
f 7744 8204 7743
f 8204 7744 7745
f 7742 7743 8181
f 8181 7743 8204
f 8204 8200 8181
f 8181 8180 7742
f 8149 7742 8180
f 7741 7742 8149
f 8151 7741 8149
f 8132 7740 8151
f 7740 7741 8151
f 8167 8146 8148
f 8146 7740 8132
f 7740 8146 8167
f 7739 7740 8167
f 4080 7671 7657
f 7657 7663 7674
f 7655 7672 7647
f 4085 4086 7642
f 7642 4086 7691
f 7686 7642 7691
f 4087 7691 4086
f 7672 4084 7642
f 7655 7671 4081
f 4081 7671 4080
f 4079 4080 7665
f 7674 7665 4080
f 7672 7655 4082
f 4085 7642 4084
f 4083 4084 7672
f 4082 4083 7672
f 4082 7655 4081
f 7674 4080 7657
f 8169 8128 7739
f 8169 7739 8167
f 8169 8159 8164
f 8164 8128 8169
f 7738 8128 8173
f 7735 8145 8162
f 7735 8162 8138
f 7737 8173 8145
f 7738 7739 8128
f 4088 7692 7691
f 7692 4089 4090
f 7692 4088 4089
f 4088 7691 4087
f 7689 7692 4090
f 4092 7700 7689
f 7700 4092 4093
f 7689 4091 4092
f 4091 7689 4090
f 4093 7698 7700
f 7737 7738 8173
f 8170 7734 8138
f 8130 7733 8170
f 8171 7733 8130
f 7737 8145 7736
f 8138 7734 7735
f 7735 7736 8145
f 7733 7734 8170
f 7733 8171 8072
f 7733 8072 7732
f 8172 7732 8072
f 7732 8172 8100
f 7731 7732 8100
f 7701 7731 8100
f 8109 7730 7731
f 7701 8109 7731
f 7729 8123 8125
f 7730 8109 8111
f 8111 8123 7730
f 7729 7730 8123
f 8125 8120 7729
f 8125 8113 8120
f 8070 7729 8120
f 7729 8070 7728
f 8108 7728 8070
f 7726 7727 8118
f 7727 8108 8118
f 7728 8108 7727
f 7724 8126 8098
f 7723 7724 8098
f 8116 8099 8126
f 7726 8118 7725
f 8116 7725 8118
f 7724 8116 8126
f 7725 8116 7724
f 7707 7723 8127
f 7723 8098 8127
f 8108 8117 8118
f 8077 8068 7709
f 8092 8077 8079
f 7723 8068 8077
f 7722 7723 8077
f 8077 8092 7722
f 8088 8075 8066
f 8092 8067 7722
f 7707 8068 7723
f 7698 8080 7693
f 7705 7703 8080
f 8080 7698 7705
f 4093 4094 7698
f 7698 4094 7705
f 7716 8087 7704
f 7711 7706 7705
f 4094 4095 7705
f 4095 7711 7705
f 7716 7704 7706
f 7717 8066 8087
f 7721 7722 8067
f 8090 7719 7720
f 8067 7720 7721
f 7720 8067 8090
f 8088 7718 8090
f 7718 7719 8090
f 7717 8087 7716
f 8088 7717 7718
f 7713 7716 7710
f 7710 7716 7706
f 8066 7717 8088
f 7714 7712 7711
f 4097 7714 4096
f 7711 4096 7714
f 4096 7711 4095
f 4097 7715 7714
f 4100 7713 7715
f 7715 4099 4100
f 7715 4098 4099
f 4098 7715 4097
f 7716 7713 4100
f 7710 7712 7713
f 7665 7670 4079
f 2532 475 476
f 474 475 2524
f 476 477 2530
f 471 472 2523
f 2526 473 474
f 473 2520 472
f 470 471 2522
f 2535 477 478
f 2544 479 480
f 2536 2542 481
f 2542 480 481
f 483 2547 482
f 485 2590 484
f 486 487 2598
f 486 2597 485
f 484 2593 483
f 478 479 2544 2533
f 488 2595 487
f 485 2597 2601
f 2504 469 470
f 2598 487 2595
f 486 2598 2597
f 488 489 2604
f 2600 485 2601
f 2597 2587 2601
f 2604 2595 488
f 2604 489 2602
f 2600 2590 485
f 491 2605 490
f 491 492 2578
f 2608 2605 491
f 2581 2576 492
f 2607 2585 2602
f 2602 490 2607
f 2607 490 2605
f 2613 494 495
f 2581 492 493
f 489 490 2602
f 497 2650 496
f 498 2647 497
f 2656 498 2654
f 500 2651 499
f 503 2685 502
f 502 2666 501
f 501 2662 500
f 498 499 2654
f 506 2687 505
f 2727 508 509
f 508 2707 507
f 507 2693 506
f 2734 510 511
f 514 2743 513
f 2737 2732 512
f 2732 511 512
f 2728 509 510
f 504 2686 503
f 2727 2731 508
f 2728 2727 509
f 2734 2725 510
f 2728 510 2725
f 2649 496 2650
f 498 2656 2647
f 2647 2650 497
f 2734 511 2732
f 504 505 2683
f 2764 515 516
f 2769 518 519
f 2771 517 518
f 2762 516 517
f 2764 2757 515
f 516 2765 2764
f 517 2771 2762
f 518 2769 2771
f 2762 2765 516
f 2769 519 2766
f 2738 512 513
f 514 515 2750
f 2642 495 496
f 2649 2642 496
f 2591 2590 2600
f 2610 2569 2605
f 2593 484 2594
f 2590 2567 2594
f 2573 2575 2608
f 2610 2605 2608
f 2593 2557 483
f 2643 2642 2649
f 2653 2654 2651
f 2651 2654 499
f 491 2573 2608
f 494 2579 493
f 2578 492 2576
f 2642 2633 2632
f 2644 500 2662
f 2651 2644 2646
f 495 2632 2628
f 2666 2662 501
f 495 2642 2632
f 2522 471 2523
f 2520 473 2526
f 472 2520 2523
f 2524 475 2532
f 2530 477 2535
f 2535 478 2533
f 476 2530 2532
f 474 2524 2526
f 2544 480 2542
f 2536 481 482
f 500 2644 2651
f 2666 2663 2662
f 2662 2634 2636 2644
f 2558 2557 2593
f 2578 2562 2573
f 2578 2573 491
f 483 2557 2547
f 484 2590 2594
f 503 2686 2685
f 505 2689 2683
f 2683 2686 504
f 2664 2667 2685
f 2680 2687 2692
f 2687 2690 2692
f 2687 2689 505
f 502 2667 2666
f 2690 2687 506
f 508 2731 2730
f 2732 2737 2721
f 2723 2731 2727
f 2750 515 2757
f 2769 2766 2768
f 2758 2757 2764
f 2738 2735 512
f 2735 2737 512
f 508 2730 2707
f 506 2693 2695
f 507 2707 2698
f 2708 2707 2730
f 2690 2695 2668
f 2698 2693 507
f 2707 2696 2698
f 2695 2690 506
f 2735 2738 2740
f 2757 2751 2750
f 2750 2743 514
f 2738 513 2712
f 2712 2714 2738
f 2743 2750 2744
f 2743 2712 513
f 2743 2717 2699 2712
f 2759 2761 2766
f 2740 2709 2735
f 2759 2766 519
f 502 2685 2667
f 2759 519 2752
f 2522 2505 470
f 521 2790 520
f 523 2804 522
f 522 2803 521
f 525 2817 524
f 528 2813 527
f 527 2805 526
f 526 2817 525
f 524 2816 523
f 552 553 2850
f 555 556 2896
f 554 555 2899
f 553 554 2898
f 528 529 2795
f 551 2857 2877
f 529 530 2795
f 552 2857 551
f 528 2795 2811
f 531 532 2820
f 534 535 2829
f 532 533 2820
f 536 537 2827
f 539 540 2833
f 538 539 2833
f 537 538 2827
f 535 536 2830
f 547 2883 546
f 550 2887 549
f 549 2889 548
f 548 2880 547
f 541 542 2868
f 545 2872 544
f 544 2866 543
f 543 2865 542
f 2882 545 546
f 540 541 2868
f 2879 550 551
f 530 531 2775
f 570 571 2988
f 572 2989 571
f 570 2988 569
f 566 567 2945
f 568 569 2991
f 568 2994 567
f 2952 565 566
f 573 2986 572
f 2973 573 574
f 2985 575 576
f 2977 574 575
f 2963 576 2937
f 3025 578 579
f 580 581 3018
f 579 580 3021
f 576 577 2937
f 2973 2986 573
f 3016 581 582
f 2893 560 561
f 562 563 2954
f 564 2955 563
f 557 558 2905
f 560 2900 559
f 564 565 2951
f 569 2988 2992
f 559 2903 558
f 557 2896 556
f 2991 569 2992
f 584 3026 583
f 584 585 3029
f 3031 3026 584
f 586 587 3032
f 571 2989 2988
f 3058 589 590
f 3053 588 589
f 588 3044 587
f 2989 572 2986
f 3028 582 583
f 591 3070 590
f 2995 568 2991
f 2804 2803 522
f 2791 521 2803
f 2814 2817 526
f 2816 524 2817
f 2790 521 2791
f 2816 2801 2804
f 2788 2791 2803
f 2807 2814 2805
f 2786 520 2790
f 2883 2882 546
f 2889 2880 548
f 2887 2889 549
f 2883 547 2880
f 526 2805 2814
f 2887 2884 2886
f 2872 545 2873
f 2872 2862 544
f 2884 550 2874
f 2813 528 2811
f 545 2882 2873
f 527 2810 2805
f 2810 2798 2805
f 2759 2752 2754
f 2786 2745 2747 2752
f 2787 2786 2790
f 520 2786 2752
f 2792 2808 2813
f 2813 2808 527
f 533 534 2818
f 2884 2874 2876
f 2863 2862 2872
f 527 2808 2810
f 2862 2855 2866
f 2865 543 2866
f 2865 2869 542
f 2853 2874 2879
f 2862 2866 544
f 2884 2887 550
f 2804 523 2816
f 2995 2994 568
f 2995 2991 2971
f 2988 2975 2992
f 2877 2879 551
f 2943 2942 2958
f 2958 2942 567
f 2994 2959 2958
f 567 2942 2946
f 2986 2973 2976
f 2973 2979 2969
f 574 2979 2973
f 2979 574 2977
f 2977 2982 2966
f 2985 2960 2980
f 575 2980 2982
f 583 3026 3028
f 2982 2977 575
f 3074 3070 591
f 2874 550 2879
f 2893 561 562
f 575 2985 2980
f 2949 566 2945
f 2945 567 2946
f 2983 2963 2965
f 2946 2942 2935
f 2983 576 2963
f 3018 3022 580
f 2985 576 2983
f 581 3019 3018
f 578 3024 577
f 3074 3071 3070
f 581 3016 3019
f 3016 582 3028
f 589 3057 3053
f 3058 3057 589
f 3070 3055 3058
f 3034 585 586
f 590 3070 3058
f 2958 567 2994
f 520 2752 519
f 2538 2542 2536
f 2632 2629 2628
f 2504 470 2505
f 2502 2505 2522
f 2628 2613 495
f 2811 2795 2797
f 2775 531 2820
f 535 2830 2829
f 2868 2833 540
f 542 2869 2868
f 2833 2827 538
f 2827 2830 536
f 534 2829 2818
f 2547 2541 2509 2536
f 2547 2536 482
f 2547 2557 2548
f 2579 2581 493
f 2559 2576 2581
f 2628 2611 2613
f 2795 2775 2777
f 530 2775 2795
f 2829 2823 2818
f 2827 2833 2821
f 2868 2831 2833
f 2820 533 2818
f 2579 494 2613
f 2504 2459 2461
f 2857 552 2850
f 2898 2850 553
f 2857 2859 2877
f 555 2896 2899
f 558 2903 2905
f 2952 566 2948
f 2951 2955 564
f 2905 2896 557
f 2899 2898 554
f 2945 2928 2949
f 2963 2937 2939
f 3025 579 3021
f 577 3024 2930
f 3018 3011 3022
f 3026 3031 3009
f 584 3029 3031
f 3022 3021 580
f 2949 2948 566
f 2857 2850 2852
f 2892 2850 2898
f 2893 2895 2900
f 2954 2840 2842 2893
f 560 2893 2900
f 563 2955 2954
f 2900 2903 559
f 2900 2902 2903
f 2952 2951 565
f 2937 2930 2932
f 2921 2952 2948
f 3024 2923 2925 2930
f 3021 3004 3025
f 3024 578 3025
f 2930 2937 577
f 2955 2951 2911
f 2954 2893 562
f 2848 2869 2865
f 5100 4905 5122
f 5204 5167 5166
f 5118 5184 5120
f 5127 5180 5166
f 5180 5182 5166
f 5181 5119 5183
f 3558 3559 5231
f 3559 5190 5231
f 5230 5203 5204
f 3558 5231 5230
f 5123 3555 5118
f 3564 5254 3563
f 5257 3563 5254
f 3563 5257 5250
f 3564 5253 5254
f 3565 5241 3564
f 5253 3564 5241
f 5208 5241 3565
f 3565 5243 5208
f 3559 5191 5228
f 3560 5232 5207
f 5207 5191 3560
f 5191 3559 3560
f 3559 5228 5190
f 3561 5250 5205
f 5250 3561 3562
f 5205 3560 3561
f 3560 5205 5232
f 3563 5250 3562
f 3555 5123 5122
f 5096 5094 5093
f 5096 3549 5097
f 5096 5093 4961
f 5079 5102 5090
f 3550 5091 3549
f 5091 5097 3549
f 5091 5102 5079
f 3550 5102 5091
f 4977 4982 5057
f 4983 4987 5054
f 4983 4988 4975
f 4977 5057 4983
f 5096 4961 3549
f 3548 3549 4961
f 4961 4963 3548
f 3548 4963 4975
f 4983 4975 4977
f 4975 4988 3548
f 4988 4983 5054
f 5185 5181 5183
f 3556 5181 5185
f 3555 3556 5185
f 5185 5184 3555
f 4905 3555 5122
f 5230 5204 3558
f 3557 3558 5204
f 5181 3556 5182
f 3557 5182 3556
f 5166 3557 5204
f 5182 3557 5166
f 5103 5102 3552
f 3551 3552 5102
f 3551 5102 3550
f 3552 3553 5103
f 5118 3555 5184
f 3554 3555 4905
f 3554 5080 3553
f 5103 3553 5080
f 5104 3554 4905
f 3554 5104 5080
f 5078 5104 4905
f 3013 3015 3029
f 3013 3029 585
f 3044 3032 587
f 3034 586 3032
f 3518 4844 4851
f 4855 4844 3518
f 4846 4853 4847
f 4837 4855 3518
f 4696 4684 4674
f 4853 4846 4688
f 3516 4854 4853
f 4851 4854 3517
f 3516 3517 4854
f 3518 4851 3517
f 3516 4853 3515
f 3053 3042 3044
f 585 3034 3013
f 4898 3522 3523
f 4867 4898 4897
f 3523 4895 4898
f 4889 4877 3524
f 3524 4877 4887
f 3523 3524 4895
f 3525 4889 3524
f 3524 4887 4895
f 4868 4888 4889
f 4859 4837 3518
f 4857 4884 3519
f 4859 3519 4884
f 3520 4857 3519
f 4859 3518 3519
f 3520 4867 4876
f 3522 4867 3521
f 3520 3521 4867
f 3520 4876 4857
f 4898 4867 3522
f 4780 4775 4724
f 4784 4782 4692
f 4774 4772 4725
f 4696 4674 4599
f 4789 4765 4794
f 4763 3508 4805
f 4796 4752 4805
f 4799 4722 3509
f 4749 3509 4722
f 4749 4796 3508
f 4805 3508 4796
f 3509 4749 3508
f 4696 4785 4697
f 4797 4799 3509
f 4690 4727 3512
f 4690 3512 4700
f 4727 3511 3512
f 4736 4727 4729
f 3513 4700 3512
f 3513 4688 4850
f 3515 4688 3514
f 3513 3514 4688
f 3513 4850 4700
f 4853 4688 3515
f 3510 4753 4797
f 4755 4797 4753
f 3509 3510 4797
f 4735 4753 3510
f 4726 4735 3510
f 4756 4736 4738
f 3511 4756 4726
f 3510 3511 4726
f 4736 4756 3511
f 4727 4736 3511
f 3054 3053 3057
f 5018 4960 5019
f 4985 5046 5016
f 3539 4985 5019
f 5047 5043 4986
f 3541 5044 5043
f 3541 5032 5044
f 4960 3539 5019
f 3539 3540 4985
f 4938 4935 4861
f 5022 3538 4960
f 3540 5046 4985
f 5033 5041 3542
f 3542 5041 5032
f 5046 3540 5047
f 3541 5047 3540
f 3541 3542 5032
f 5047 3541 5043
f 3547 5048 5050
f 5034 5073 5050
f 5051 4988 4990
f 5051 5053 5048
f 5048 3547 5051
f 5053 4992 5048
f 3548 4988 5051
f 5073 3547 5050
f 5033 5072 5071
f 3544 5033 3543
f 3542 3543 5033
f 5072 5033 3544
f 3545 5072 3544
f 5073 4989 3547
f 5069 3547 4989
f 3546 5069 3545
f 3547 5069 3546
f 5069 5072 3545
f 3548 5051 3547
f 3528 4924 4927
f 4924 3528 3529
f 3528 4927 3527
f 4932 4924 3529
f 3530 4916 4932
f 4931 4932 4916
f 3529 3530 4932
f 3531 4933 4916
f 3530 3531 4916
f 4891 4860 4890
f 4891 4868 3525
f 4889 3525 4868
f 3526 4891 3525
f 3526 4860 4891
f 3526 4923 4915
f 3527 4858 3526
f 4923 3526 4858
f 4927 4858 3527
f 3526 4915 4860
f 3536 4940 5027
f 4936 3536 5027
f 3535 4939 4938
f 4936 5027 4910
f 3537 4940 3536
f 3537 4956 5023
f 3537 3538 4956
f 3539 4960 3538
f 3537 5023 4940
f 4956 3538 5022
f 4906 4938 4861
f 4911 4934 4908
f 4934 4911 3532
f 4906 4934 3532
f 3531 3532 4911
f 4911 4933 3531
f 4938 4906 3533
f 3536 4936 3535
f 4936 4939 3535
f 3534 3535 4938
f 4938 3533 3534
f 3533 4906 3532
f 3053 3044 588
f 3074 591 3075
f 593 3072 592
f 594 3087 593
f 3085 594 3076
f 596 3079 595
f 3122 599 600
f 599 3117 598
f 598 3119 597
f 594 595 3076
f 3137 601 602
f 3141 604 605
f 3150 603 604
f 3152 602 603
f 606 3147 605
f 609 3155 608
f 608 3105 607
f 607 3127 606
f 3149 3144 605
f 3139 600 601
f 3072 3075 592
f 3072 593 3087
f 600 3139 3135
f 600 3135 3123
f 3085 3087 594
f 3123 3122 600
f 3135 3120 3123
f 597 3084 596
f 3113 599 3122
f 3136 3135 3139
f 602 3152 3137
f 603 3150 3152
f 3137 3140 601
f 604 3143 3150
f 3141 3146 3130
f 605 3146 3141
f 3143 604 3141
f 605 3144 3146
f 3140 3139 601
f 610 3153 609
f 591 592 3075
f 612 3156 611
f 614 3171 613
f 613 3170 612
f 616 3174 615
f 3213 618 619
f 3212 617 618
f 617 3208 616
f 615 3168 614
f 3228 620 621
f 622 623 3217
f 3214 3226 622
f 3226 621 622
f 626 3247 625
f 3262 628 629
f 628 3251 627
f 627 3244 626
f 624 3220 623
f 3210 619 620
f 3206 3205 3212
f 3213 3212 618
f 3228 3210 620
f 3213 619 3210
f 3261 3251 628
f 3262 3261 628
f 3259 3262 629
f 3225 624 625
f 3228 621 3226
f 617 3212 3205
f 3268 630 631
f 633 3253 632
f 3265 3266 632
f 3266 631 632
f 3266 3268 631
f 636 3296 635
f 636 637 3313
f 635 3239 634
f 634 3256 633
f 3259 630 3268
f 3259 629 630
f 3310 3313 637
f 3158 610 611
f 3209 617 3205
f 3076 3078 3085
f 3116 3119 598
f 3065 3076 3081
f 3113 3117 599
f 595 3081 3076
f 3117 3116 598
f 3113 3103 3117
f 3081 595 3079
f 597 3082 3084
f 3147 3149 605
f 612 3170 3156
f 3171 3170 613
f 3124 3144 3149
f 3127 3129 3147
f 3171 614 3168
f 3147 606 3127
f 3201 616 3208
f 3155 609 3153
f 3208 617 3209
f 3113 3122 3114
f 3084 3059 3079
f 3082 597 3119
f 3079 596 3084
f 3105 3127 607
f 608 3155 3105
f 3107 3127 3105
f 3119 3116 3099
f 3158 611 3156
f 3156 3170 3167
f 3172 616 3201
f 3208 3202 3201
f 3174 616 3172
f 3153 610 3158
f 615 3174 3168
f 3201 3195 3172
f 3174 3165 3168
f 622 3217 3219
f 3245 627 3251
f 3214 3216 3226
f 3219 3196 622
f 3220 3222 623
f 626 3244 3248
f 3196 3214 622
f 627 3245 3244
f 3205 3198 3209
f 3316 3296 636
f 3313 3316 636
f 3310 3314 3313
f 3293 3317 3313
f 3263 3265 632
f 633 3256 3258
f 3263 632 3253
f 3313 3317 3316
f 3253 3255 3263
f 3252 3251 3261
f 3222 3190 3217
f 3220 624 3225
f 625 3247 3225
f 3217 623 3222
f 3225 3178 3220
f 3247 3223 3225
f 3237 3248 3244
f 626 3248 3247
f 3258 3235 3253
f 3296 3271 635
f 633 3258 3253
f 3296 3316 3297
f 635 3271 3239
f 3239 3241 3256
f 3271 3296 3269
f 634 3239 3256
f 3310 3300 3314
f 3308 637 638
f 3318 639 640
f 3320 638 639
f 3308 3311 637
f 3320 639 3318
f 638 3320 3308
f 640 641 3321
f 640 3323 3318
f 643 3332 642
f 3367 645 646
f 3347 644 645
f 644 3342 643
f 3347 3346 644
f 3344 645 3367
f 645 3344 3347
f 647 3365 646
f 646 3365 3367
f 642 3302 641
f 3343 644 3346
f 3321 3323 640
f 3298 3318 3323
f 3321 3302 3304
f 3302 3307 3281
f 642 3305 3307
f 642 3307 3302
f 3302 3321 641
f 3343 3342 644
f 647 3370 3365
f 647 3368 3370
f 643 3342 3333
f 3305 3332 3326
f 3333 3342 3330
f 3333 3332 643
f 3348 3368 3373
f 642 3332 3305
f 3368 647 648
f 637 3311 3310
f 3371 3373 3368
f 3351 3371 648
f 3371 3368 648
f 649 3356 648
f 3371 3351 3353
f 3351 3356 3334
f 648 3356 3351
f 3356 649 3354
f 3354 649 3376
f 653 3377 652
f 656 4114 655
f 655 4140 654
f 654 3380 653
f 3374 3376 650
f 649 650 3376
f 651 3379 3374
f 650 651 3374
f 651 652 3379
f 3383 656 657
f 652 3377 3379
f 3377 3382 3357
f 3377 653 3382
f 3360 3362 3380
f 654 3360 3380
f 4140 3360 654
f 3382 653 3380
f 4114 4140 655
f 4112 3364 4114
f 4113 4112 3384
f 3383 3384 4112
f 4128 4113 3384
f 4112 4114 3383
f 4151 4141 4128
f 3384 4152 4151
f 4106 4150 4152
f 4151 4128 3384
f 4152 3384 3385
f 4114 656 3383
f 3398 3399 4124
f 4107 4119 4124
f 4102 4123 4124
f 3399 4209 4102
f 4210 4209 3400
f 3399 3400 4209
f 3401 4210 3400
f 3399 4102 4124
f 3398 4124 4119
f 4157 4118 3396
f 4118 4130 3396
f 3396 4115 4157
f 3398 4119 3363
f 3363 4158 3397
f 3397 4158 4105
f 3396 3397 4115
f 3398 3363 3397
f 3397 4105 4115
f 4229 3406 4222
f 4222 4228 4229
f 4212 4221 4222
f 4250 4212 3407
f 3406 3407 4212
f 3406 4212 4222
f 3407 4260 4250
f 3403 4227 4220
f 3403 4220 3402
f 3402 4220 4210
f 3404 4227 3403
f 3405 4229 4230
f 4223 4230 4229
f 3404 3405 3188
f 4230 3188 3405
f 3188 4227 3404
f 3406 4229 3405
f 4210 3401 3402
f 4205 4208 4190
f 4142 4181 4170
f 3389 4205 3388
f 4205 3387 3388
f 4204 4205 3389
f 4205 4202 4208
f 3390 4204 3389
f 3385 4142 4106
f 4182 4186 4185
f 4182 4181 3385
f 4142 3385 4181
f 3386 4182 3385
f 4172 4186 4182
f 3386 4183 4172
f 3387 4190 3386
f 4183 3386 4190
f 4205 4190 3387
f 3386 4172 4182
f 3385 4106 4152
f 4195 4173 4176
f 4173 4160 4163
f 4130 4156 3395
f 3395 4156 4143
f 3395 4143 3394
f 3394 4143 4155
f 4160 3393 3394
f 3394 4155 4160
f 3396 4130 3395
f 3393 4160 4173
f 4203 3391 4200
f 4201 4203 4200
f 3390 3391 4203
f 4203 4204 3390
f 3391 4199 4200
f 3393 4173 3392
f 4195 3392 4173
f 3391 3392 4159
f 4195 4159 3392
f 4159 4199 3391
f 4590 3474 4509
f 4588 4573 4572
f 4590 3473 3474
f 4591 4592 3475
f 3474 3475 4592
f 3476 4591 3475
f 3474 4592 4509
f 4616 4609 4591
f 4589 4588 3471
f 4588 3470 3471
f 4565 4563 4564
f 3467 4566 4563
f 4588 4572 4561
f 4590 4570 3473
f 4586 3473 4570
f 4586 4589 3472
f 3471 3472 4589
f 3473 4586 3472
f 3480 3481 4600
f 3482 4659 3481
f 4600 3481 4659
f 3480 4600 4618
f 4655 4668 4667
f 4655 4620 3482
f 4659 3482 4620
f 4665 4655 3482
f 4664 4668 4655
f 4616 4610 4609
f 3478 4617 4616
f 3476 3477 4616
f 3477 3478 4616
f 4616 4591 3476
f 4618 4607 3480
f 4614 3480 4607
f 4614 4617 3479
f 3480 4614 3479
f 4617 3478 3479
f 3459 4505 4515
f 3459 4515 4500
f 4555 4548 4505
f 4555 4505 3460
f 4548 4555 4549
f 4505 3459 3460
f 3460 4556 4555
f 4531 4515 4497
f 4525 4516 4513
f 4513 4519 3454
f 4515 4531 4500
f 3458 4543 4545
f 3458 3459 4543
f 4545 4527 4514
f 3459 4500 4543
f 4514 4524 4526
f 4558 3465 4565
f 4563 3466 3467
f 4565 3465 3466
f 4550 4558 4560
f 3466 4563 4565
f 4588 4561 3470
f 3469 3470 4561
f 4561 3468 3469
f 4566 3468 4561
f 4566 3467 3468
f 4546 4557 4485
f 3462 4546 3461
f 4556 3461 4546
f 3460 3461 4556
f 4546 4554 4556
f 3462 3463 4546
f 4558 4550 3464
f 3464 4550 3463
f 4557 3463 4550
f 4558 3464 3465
f 3463 4557 4546
f 3499 4773 4772
f 3500 4767 4740
f 4740 4773 3499
f 3501 4790 4789
f 4817 4790 3501
f 4791 3501 4789
f 3500 3501 4791
f 4787 4817 3501
f 4789 4794 4791
f 4791 4767 3500
f 3498 4783 4782
f 4699 4783 3498
f 4782 4786 3498
f 4786 4782 4784
f 4777 4699 3498
f 4772 4776 3499
f 4772 4774 4776
f 3499 4776 4777
f 4775 4777 4776
f 3498 3499 4777
f 4740 3499 3500
f 4775 4780 4777
f 4818 4821 4835
f 4832 4763 4831
f 4832 3506 3507
f 4763 4832 3507
f 4828 3506 4832
f 4832 4801 4828
f 3508 4763 3507
f 4828 4830 3506
f 4835 4821 4800
f 3503 4800 3502
f 4787 3502 4800
f 4835 4800 3503
f 3502 4787 3501
f 3504 4835 3503
f 3506 4830 4833
f 4833 4836 3505
f 3505 4836 4835
f 3506 4833 3505
f 3505 4835 3504
f 3486 4669 4646
f 4646 4652 4654
f 4648 4670 3488
f 3488 4670 4621
f 3487 3488 4643
f 3489 4648 3488
f 4621 4643 3488
f 3489 4647 4648
f 4643 4669 3487
f 3483 4663 4665
f 4655 4665 4664
f 3482 3483 4665
f 4664 4653 4668
f 4654 4663 3483
f 3487 4669 3486
f 3486 4646 4654
f 4654 3485 3486
f 4654 3484 3485
f 3484 4654 3483
f 4626 4671 3494
f 4671 3493 3494
f 3493 4671 4673
f 4599 4626 3494
f 3498 4786 3497
f 3497 4786 4785
f 3496 4599 3495
f 3494 3495 4599
f 4696 3497 4785
f 3497 4696 3496
f 3496 4696 4599
f 3490 4604 3489
f 4625 3489 4604
f 4679 4604 3490
f 3489 4625 4647
f 4680 4679 3490
f 3492 4677 4680
f 4677 3492 3493
f 4680 3491 3492
f 3491 4680 3490
f 4673 4677 3493
f 3458 4545 4514
f 4361 4327 4376
f 4372 4305 4324
f 3423 4376 4305
f 4359 4361 3423
f 4376 3423 4361
f 4309 4359 3423
f 4359 4309 4320
f 3423 4305 3422
f 4365 4367 4335
f 4366 4358 4338
f 4372 4326 3422
f 4368 3422 4326
f 3421 4368 4335
f 4335 3420 3421
f 3422 4368 3421
f 3417 4338 4337
f 4305 4372 3422
f 4301 4383 4281 4283
f 3426 4301 4265
f 3426 4383 4301
f 3427 4382 4384
f 3426 4384 4383
f 3426 3427 4384
f 4381 4382 3427
f 4309 4321 4362
f 3424 4321 4309
f 4321 4310 4312
f 3426 4265 3425
f 3425 4265 4297
f 3424 4280 4310
f 4321 3424 4310
f 3425 4280 3424
f 3425 4297 4280
f 3424 4309 3423
f 4279 4297 4265
f 4362 4321 4323
f 3411 3412 4237
f 4274 4264 3412
f 4237 3412 4264
f 4249 4237 4247
f 4274 4357 4356
f 4289 4357 3413
f 4274 3413 4357
f 3412 3413 4274
f 4351 4289 3413
f 3408 4258 4260
f 4263 4258 4248
f 3407 3408 4260
f 4258 4263 4260
f 3408 4259 4258
f 4237 4249 3411
f 3410 3411 4249
f 3410 4249 3409
f 3409 4249 4257
f 3408 3409 4259
f 3409 4257 4259
f 4338 3417 4366
f 3416 4339 4318
f 4318 4346 4343
f 3417 4337 4319
f 3419 4367 4366
f 3420 4367 3419
f 3418 3419 4366
f 3418 4366 3417
f 4335 4367 3420
f 3414 4291 4354
f 4347 4291 3414
f 4351 3414 4354
f 3413 3414 4351
f 3415 4347 3414
f 3417 4319 3416
f 3416 4319 4339
f 4343 4292 3415
f 4347 3415 4292
f 3416 4343 3415
f 4318 4343 3416
f 4470 4476 4448
f 4425 3446 4470
f 3446 4476 4470
f 3447 4483 4428
f 3447 4474 3446
f 4428 4474 3447
f 4474 4476 3446
f 3448 4483 3447
f 3443 3444 4482
f 4460 4462 4482
f 4461 4465 4464
f 4459 4482 3444
f 4466 4425 4458
f 3445 4466 4459
f 3444 3445 4459
f 4425 4466 3445
f 3446 4425 3445
f 4526 4525 3454
f 4513 3454 4525
f 3452 4520 4433
f 3453 4519 4484
f 3458 4514 3457
f 3455 3456 4526
f 4514 3456 3457
f 3454 3455 4526
f 4526 3456 4514
f 4488 4487 3450
f 4478 3450 4487
f 3449 4478 3448
f 3450 4478 3449
f 4478 4483 3448
f 3453 3454 4519
f 3452 3453 4484
f 3452 4433 3451
f 4520 3452 4484
f 3450 3451 4488
f 4488 3451 4433
f 4412 4409 4417
f 3432 4413 4412
f 4412 4417 4414
f 4410 4411 3433
f 4413 3433 4411
f 4413 3432 3433
f 3434 4410 3433
f 3436 4408 4410
f 4418 4285 3430
f 3430 4285 4380
f 3429 4381 3428
f 3427 3428 4381
f 3429 3430 4380
f 3429 4380 4381
f 3431 4385 4418
f 3432 4414 3431
f 4385 3431 4414
f 4412 4414 3432
f 3431 4418 3430
f 4443 3440 4481
f 4480 4443 4481
f 3438 4457 4456
f 4461 4481 3440
f 4482 4462 3443
f 3442 3443 4462
f 4462 4465 3442
f 3442 4465 3441
f 3440 3441 4461
f 4465 4461 3441
f 4400 3437 4388
f 4408 3436 4400
f 3435 3436 4410
f 4410 3434 3435
f 3436 3437 4400
f 3439 4443 4427
f 4457 3439 4427
f 3439 4457 3438
f 3438 4388 3437
f 3440 4443 3439
f 4388 3438 4456
f 4456 4404 4388
f 3818 3819 6621
f 6621 6589 3818
f 6629 6620 6621
f 3820 6629 3819
f 6620 6629 6594
f 6629 6621 3819
f 3820 6630 6629
f 6622 6616 6603
f 6587 6545 6598
f 6589 6617 3818
f 3817 3818 6617
f 3817 6601 6616
f 6615 6616 6601
f 6616 3816 3817
f 6617 6601 3817
f 6617 6619 6601
f 3816 6616 6622
f 6647 3827 6627
f 3824 6631 6634
f 3827 3828 6627
f 3829 6657 6655
f 6700 6657 3829
f 3828 3829 6655
f 3830 6700 3829
f 3828 6655 6627
f 3824 6626 3823
f 3822 3823 6626
f 3822 6628 3821
f 6628 3822 6626
f 3820 3821 6630
f 6647 6648 3827
f 3826 3827 6648
f 6631 3826 6648
f 3826 6631 3825
f 6631 3824 3825
f 3824 6634 6626
f 6630 3821 6628
f 6563 3807 6580
f 3804 6576 6575
f 6563 6573 3807
f 3807 3808 6578
f 6577 6578 3808
f 6578 6580 3807
f 3808 6550 6577
f 3802 3803 6562
f 6537 6562 3803
f 6562 6539 6540
f 6549 6537 3803
f 3807 6573 3806
f 3805 3806 6573
f 6573 6576 3805
f 3805 6576 3804
f 3803 3804 6549
f 6575 6549 3804
f 6588 3811 6600
f 3813 3814 6602
f 3812 6602 6600
f 3816 6622 6585
f 6585 6614 3815
f 3814 3815 6614
f 3816 6585 3815
f 3814 6614 6602
f 3811 6588 6587
f 6531 6579 3809
f 3809 6579 6544
f 3808 3809 6550
f 3810 6531 3809
f 6544 6550 3809
f 6599 6554 6531
f 3812 3813 6602
f 3811 6587 3810
f 6600 3811 3812
f 6531 3810 6599
f 3810 6587 6599
f 6599 6587 6598
f 6758 6765 6759
f 6758 6742 6765
f 3850 6766 3849
f 6766 3848 3849
f 6765 3848 6766
f 3850 6763 6766
f 6724 6721 6706
f 3845 6725 6724
f 6714 6724 6706
f 3847 6742 6726
f 3848 6742 3847
f 3847 6726 6719
f 3846 3847 6722
f 3847 6719 6722
f 6765 6742 3848
f 6722 6725 3846
f 6716 6709 6708
f 6746 3854 6771
f 3854 6746 6785
f 3856 6787 6771
f 6790 6771 6787
f 6787 3856 3857
f 6771 3855 3856
f 3854 3855 6771
f 3858 6787 3857
f 6760 6785 6748
f 3852 6768 6769
f 6763 3851 6769
f 3850 3851 6763
f 3851 3852 6769
f 6769 6756 6763
f 6762 6767 6768
f 3854 6785 6760
f 6760 6762 3853
f 3852 3853 6762
f 3854 6760 3853
f 3852 6762 6768
f 3834 3835 6704
f 6692 6704 6681
f 6683 6705 3835
f 6678 3835 6705
f 6704 3835 6678
f 3836 6683 3835
f 6705 6671 6678
f 3836 6682 6683
f 6694 6680 6696
f 3831 6696 3830
f 6596 3830 6696
f 6694 6696 3831
f 3830 6596 6700
f 6695 6694 3831
f 3832 6692 6695
f 6692 3833 3834
f 6692 3832 3833
f 3832 6695 3831
f 6704 6692 3834
f 3840 3841 6717
f 6717 3841 3842
f 3840 6717 6716
f 6714 6717 3842
f 3845 3846 6725
f 3844 6724 3843
f 6724 3844 3845
f 3842 3843 6714
f 3843 6724 6714
f 3837 6660 6666
f 3836 3837 6667
f 6666 6667 3837
f 6682 3836 6667
f 3838 6660 3837
f 6716 6658 3839
f 6716 6708 6658
f 3839 6658 3838
f 6684 3838 6658
f 6716 3839 3840
f 3838 6684 6660
f 6346 6400 6259
f 6381 6401 3766
f 6401 3765 3766
f 3765 6401 6400
f 6402 6398 3767
f 6381 3767 6398
f 3768 6402 3767
f 3767 6381 3766
f 6423 6419 6402
f 6216 6378 6377
f 3760 6375 6378
f 6374 3761 6372
f 3765 6400 3764
f 3763 6372 3762
f 6372 3761 3762
f 6346 3763 3764
f 6346 6372 3763
f 6375 3761 6374
f 6346 3764 6400
f 6421 6415 6420
f 6415 6348 6414
f 3774 6405 6410
f 6383 6410 6405
f 3774 6410 3773
f 6348 3773 6410
f 6348 3772 3773
f 6434 6405 3774
f 3772 6348 6415
f 6423 6416 6419
f 3770 6423 3769
f 3768 3769 6423
f 6423 6402 3768
f 3770 6424 6423
f 3772 6415 6421
f 3771 6421 6424
f 6422 6424 6421
f 3770 3771 6424
f 3772 6421 3771
f 6316 6308 6326
f 3747 6317 6316
f 6327 6316 6326
f 6356 6359 3752
f 6359 3751 3752
f 3753 6356 3752
f 3753 6353 6356
f 6350 6317 3748
f 6330 6314 3748
f 3748 6314 6350
f 6317 3747 3748
f 6327 3747 6316
f 3745 6303 6305
f 3749 6329 6330
f 3751 6329 3750
f 3749 3750 6329
f 3749 6330 3748
f 6359 6329 3751
f 6216 6313 3757
f 6313 3756 3757
f 6335 6341 6318
f 3760 3761 6375
f 3759 6378 3758
f 6378 3759 3760
f 3757 3758 6216
f 3758 6378 6216
f 6355 6331 3753
f 6353 3753 6331
f 3754 6355 3753
f 6355 6306 6354
f 6313 6339 3756
f 3755 3756 6339
f 6341 3755 6339
f 6341 3754 3755
f 6355 3754 6306
f 3754 6335 6306
f 3754 6341 6335
f 6513 6506 6527
f 6513 6527 6529
f 3794 6512 6514
f 3792 6514 6513
f 3793 3794 6514
f 3794 6508 6512
f 6528 6511 6510
f 6510 6455 6528
f 6469 3790 6455
f 6470 6477 6476
f 3789 6474 6477
f 3790 3791 6455
f 3792 3793 6514
f 6529 6528 3791
f 6455 3791 6528
f 3792 6529 3791
f 6529 3792 6513
f 6474 3790 6469
f 6507 3798 6530
f 6459 3800 6542
f 3799 3800 6459
f 3799 6459 6530
f 3801 6540 6543
f 6540 3801 3802
f 6542 3801 6543
f 6542 3800 3801
f 6562 6540 3802
f 6519 6507 6471
f 6515 6493 6505
f 3796 6515 3795
f 6508 3795 6515
f 3794 3795 6508
f 6515 6518 6508
f 3796 6493 6515
f 3798 3799 6530
f 3797 6519 6493
f 3796 3797 6493
f 6507 3797 3798
f 6507 6519 3797
f 6444 3779 6451
f 3779 6444 6446
f 6465 6453 6468
f 3781 6465 3780
f 6451 3780 6465
f 6451 3779 3780
f 6465 6468 6451
f 3781 3782 6465
f 6403 6446 6436
f 6435 6434 3775
f 3774 3775 6434
f 3776 6435 3775
f 6434 6425 6405
f 6403 6433 6435
f 3779 6446 3778
f 3778 6446 6403
f 3778 6403 3777
f 3776 3777 6403
f 3776 6403 6435
f 3788 6477 6470
f 6492 3786 6470
f 6492 6470 6490
f 3789 3790 6474
f 6470 3787 3788
f 6470 3786 3787
f 3789 6477 3788
f 6491 6473 6460
f 6454 6464 3783
f 3783 6464 6465
f 3784 6454 3783
f 3783 6465 3782
f 3784 6452 6454
f 3785 6492 6491
f 3784 3785 6382
f 6491 6382 3785
f 6452 3784 6382
f 6491 6460 6382
f 3786 6492 3785
f 3932 7114 7118
f 7118 7114 7096
f 3933 7114 3932
f 7119 7140 7139
f 7119 7115 3933
f 7114 3933 7115
f 3934 7119 3933
f 3934 7140 7119
f 7117 7087 7118
f 3929 7083 7085
f 7069 3929 7085
f 6984 7006 7043 7052
f 3930 7083 3929
f 3931 7087 7089
f 3932 7087 3931
f 3930 3931 7089
f 3930 7089 7083
f 7118 7087 3932
f 7143 7125 7091
f 7094 3939 7125
f 7125 7143 7094
f 7183 7178 7156
f 7180 7098 3939
f 7125 3939 7098
f 3940 7180 3939
f 7180 7178 7183
f 3936 7137 3935
f 3935 7137 7140
f 3936 7147 7137
f 7094 7124 3938
f 3938 7124 7142
f 3938 7142 3937
f 3937 7142 7146
f 3936 3937 7147
f 3937 7146 7147
f 3939 7094 3938
f 7140 3934 3935
f 7014 7040 7007
f 7065 7053 7052
f 7065 7052 3921
f 7007 3921 7052
f 7007 3920 3921
f 3922 7065 3921
f 7007 7052 7043
f 7004 6983 6982
f 7034 7039 7018
f 3918 3919 7039
f 7012 7005 7004
f 7007 7040 3920
f 7015 3920 7040
f 7015 7017 3919
f 7039 3919 7017
f 3920 7015 3919
f 7004 6982 6979
f 7063 7074 7073
f 7071 7068 7070
f 3928 7069 6965
f 6965 7068 3928
f 7068 3927 3928
f 7075 7068 6965
f 7075 6965 7067
f 3929 7069 3928
f 3923 7086 7066
f 3924 7063 7086
f 3922 3923 7066
f 3923 3924 7086
f 3922 7066 7065
f 3926 7074 7063
f 7068 7071 3927
f 7071 7074 3927
f 3926 3927 7074
f 3926 7063 3925
f 3925 7063 3924
f 7199 7201 7217 7264
f 7273 7270 7268
f 7273 7268 7233
f 3956 7269 3955
f 7268 3955 7269
f 7270 3955 7268
f 3956 7277 7269
f 7223 7214 7216
f 3953 7198 7214
f 7187 7160 7099
f 7198 3953 7217
f 3954 7265 7264
f 7270 7265 3954
f 3953 3954 7264
f 3955 7270 3954
f 7264 7217 3953
f 3953 7214 3952
f 3961 7239 7189
f 3960 3961 7235
f 3961 7189 7235
f 3962 7313 7312
f 7284 7313 3962
f 3961 3962 7312
f 3963 7284 3962
f 3961 7312 7239
f 7230 7235 7238
f 3958 7266 3957
f 7277 3957 7266
f 7278 7234 7266
f 3957 7277 3956
f 3958 7278 7266
f 7235 7230 3960
f 7231 3960 7230
f 7231 7278 3959
f 3958 3959 7278
f 3960 7231 3959
f 7163 7157 7177
f 7161 7184 7158
f 7165 7159 7150
f 3945 7165 7154
f 3944 3945 7154
f 7159 7165 3945
f 7148 7159 3945
f 7154 7184 3944
f 7164 7163 3941
f 7179 3941 7163
f 7179 7178 3940
f 7180 3940 7178
f 3941 7179 3940
f 7177 7179 7163
f 3942 7161 7164
f 3944 7161 3943
f 3942 3943 7161
f 3942 7164 3941
f 7184 7161 3944
f 7188 7203 7197
f 7202 7221 7185
f 7214 7223 3952
f 3951 3952 7223
f 3951 7213 3950
f 7223 7213 3951
f 3946 7188 7187
f 7202 7204 7221
f 3947 7204 7203
f 3947 7203 3946
f 3946 7203 7188
f 3945 3946 7148
f 7221 7204 3947
f 3949 7222 7221
f 7222 3949 3950
f 7221 3948 3949
f 3948 7221 3947
f 7213 7222 3950
f 3946 7187 7148
f 7187 7099 7148
f 3873 6873 6826
f 6826 6873 6852
f 6830 6826 6780
f 3878 6875 6885
f 6885 6820 6871
f 6886 6888 6875
f 6874 6873 6884
f 3876 6884 3875
f 3874 3875 6884
f 6884 6873 3874
f 3874 6873 3873
f 3872 3873 6830
f 3877 6871 6883
f 3878 6871 3877
f 3876 3877 6883
f 3876 6883 6884
f 6885 6871 3878
f 6830 3873 6826
f 3879 6875 3878
f 3883 6893 6898
f 6898 6876 3883
f 6853 6892 6893
f 6853 6907 6896
f 3887 6853 3886
f 3885 3886 6853
f 3884 3885 6853
f 3887 6907 6853
f 3884 6853 6893
f 3879 6891 6886
f 6897 6891 3880
f 3879 3880 6891
f 3881 6897 3880
f 3879 6886 6875
f 3884 6893 3883
f 3883 6876 6889
f 3883 6889 3882
f 3881 3882 6889
f 3881 6889 6897
f 6802 6720 3861
f 6812 6806 6802
f 6812 6802 3862
f 3865 6813 3864
f 6813 3863 3864
f 6811 6813 3865
f 6812 3863 6813
f 6786 6811 3865
f 3860 6720 6800
f 6797 6799 3859
f 3858 3859 6799
f 6801 6797 3859
f 3858 6799 6787
f 6801 6772 6797
f 3863 6812 3862
f 3861 6720 3860
f 6802 3861 3862
f 3859 3860 6801
f 3860 6800 6801
f 6828 6818 6850
f 6828 6850 6851
f 6830 6825 3872
f 3871 3872 6825
f 3871 6825 3870
f 3870 6825 6827
f 6829 3869 3870
f 3870 6827 6829
f 3867 6829 6828
f 6821 6816 6807
f 3866 6814 6816
f 6821 6786 6816
f 6786 3866 6816
f 3869 6829 3868
f 3866 3867 6851
f 6829 3867 3868
f 6814 3866 6851
f 6851 3867 6828
f 3866 6786 3865
f 6971 6958 6960
f 6971 3906 3907
f 6944 6971 6960
f 3907 6974 6971
f 6971 6974 6972
f 3909 6975 3908
f 6974 3908 6975
f 3910 6975 3909
f 3908 6974 3907
f 6929 6950 6927
f 6956 6945 6955
f 6950 6929 6916
f 3905 6944 6957
f 3906 6944 3905
f 6945 3905 6957
f 6945 6956 3905
f 6945 6957 6731
f 6971 6944 3906
f 3914 3915 7013
f 3916 7016 3915
f 7013 3915 7016
f 3914 7013 7012
f 7036 7016 7037
f 3918 7034 7037
f 3918 7037 3917
f 3917 7037 7016
f 3917 7016 3916
f 7039 7034 3918
f 3913 7004 6979
f 6977 6962 6976
f 6977 6969 3910
f 6975 3910 6969
f 3911 6977 3910
f 3911 6962 6977
f 3914 7012 3913
f 7012 7004 3913
f 3913 6979 3912
f 3912 6979 6962
f 3912 6962 3911
f 6910 6942 6914
f 6914 6942 6915
f 3895 6940 3894
f 6940 3893 3894
f 3896 6912 6940
f 6943 3893 6940
f 3895 3896 6940
f 3893 6943 6942
f 3889 6908 6907
f 3890 6908 3889
f 3888 3889 6907
f 3888 6907 3887
f 6905 6908 3890
f 6942 6910 3892
f 3892 6910 3891
f 6905 3891 6910
f 6942 3892 3893
f 3891 6905 3890
f 6907 6894 6896
f 3902 6954 3901
f 6953 3900 6954
f 3903 6952 6954
f 6951 6950 6953
f 3902 3903 6954
f 3904 6961 6948
f 6956 6961 3904
f 3903 3904 6948
f 3905 6956 3904
f 3903 6948 6952
f 6926 6939 3897
f 3896 3897 6939
f 3898 6926 3897
f 3896 6939 6912
f 6916 6925 6926
f 3900 3901 6954
f 6950 3898 3899
f 6926 3898 6916
f 6953 3899 3900
f 6953 6950 3899
f 6950 6916 3898
f 5520 5545 5526
f 5545 5527 5526
f 5562 5514 5547
f 5554 5514 3618
f 5562 3618 5514
f 5562 5548 3618
f 5549 5554 3618
f 5587 5573 5581
f 3607 5546 5545
f 3607 5593 5546
f 3617 5548 5572
f 3617 5572 5585
f 5587 5551 5585
f 5585 5551 3617
f 3618 5548 3617
f 5581 5551 5587
f 5541 5523 5522
f 5515 4945 5532 5644
f 5644 5652 5645
f 5651 3622 5642
f 5664 5642 3623
f 5642 3622 3623
f 3624 5664 3623
f 5509 5644 5532
f 5555 5557 3619
f 5549 3619 5557
f 3618 3619 5549
f 3620 5555 3619
f 3620 5509 5555
f 3621 5653 5652
f 3622 5653 3621
f 3620 3621 5652
f 5652 5644 3620
f 5651 5653 3622
f 5509 3620 5644
f 3608 5589 5591
f 5591 5589 5552
f 5597 5641 5640
f 3610 5595 5641
f 3609 5597 5590
f 5597 3610 5641
f 5590 5589 3609
f 3607 5545 5520
f 5541 3606 5542
f 5485 5482 5483
f 3605 5507 5482
f 5541 5522 5447
f 3606 5520 5542
f 3609 5589 3608
f 3608 5591 5592
f 3608 5592 3607
f 5592 5543 5593
f 5520 3606 3607
f 3607 5592 5593
f 3610 5597 3609
f 5626 5623 5580
f 5622 5626 5629
f 3615 5577 5623
f 3616 5624 5570
f 5551 5624 3616
f 5577 3616 5570
f 5577 3615 3616
f 3617 5551 3616
f 5626 3615 5623
f 3611 5596 5638
f 3612 5596 3611
f 3610 3611 5638
f 3610 5638 5595
f 5625 5596 3612
f 5626 5622 3614
f 3614 5622 3613
f 5625 3613 5622
f 5626 3614 3615
f 3613 5625 3612
f 5751 5756 5715
f 5680 5670 5685
f 5675 5667 5691
f 5721 5754 3636
f 3636 5719 5721
f 3637 5691 5668
f 5726 5681 5680
f 5723 5673 5725
f 5754 5756 3635
f 5756 5751 3635
f 5674 3635 5751
f 3636 5754 3635
f 5678 5722 5713
f 5680 5685 5682
f 5787 5820 5808
f 3639 5809 5808
f 3642 5806 3641
f 5806 3640 3641
f 5825 5806 3642
f 5809 3640 5806
f 5784 5825 3642
f 5824 5819 5786
f 3637 5665 5675
f 5821 5665 3637
f 3637 5675 5691
f 3636 3637 5719
f 3638 5821 3637
f 3637 5668 5719
f 5824 5821 5819
f 5808 5820 3639
f 3639 5820 3638
f 5819 3638 5820
f 5809 3639 3640
f 3638 5819 5821
f 3627 5714 5713
f 5729 5727 3627
f 5714 3627 5727
f 3627 5713 5724
f 3628 5711 5729
f 5764 5757 5711
f 3628 3629 5711
f 3629 5764 5711
f 3628 5729 3627
f 3625 5646 5654
f 3624 3625 5655
f 5654 5655 3625
f 5655 5664 3624
f 5682 5646 3625
f 5722 5724 5713
f 3626 5724 5723
f 3626 5726 5682
f 3626 5725 5726
f 3625 3626 5682
f 5725 3626 5723
f 5680 5682 5726
f 3627 5724 3626
f 5758 5776 5781
f 3633 5781 5776
f 5779 5781 3633
f 3635 5674 3634
f 5783 3634 5674
f 5783 5748 5779
f 5783 5779 3633
f 5782 5783 5674
f 3634 5783 3633
f 3630 5765 5764
f 3632 5762 5765
f 3630 3631 5765
f 3631 3632 5765
f 3630 5764 3629
f 5776 5778 5766
f 5766 5774 5775
f 3633 5775 3632
f 5766 5775 3633
f 5775 5762 3632
f 5776 5766 3633
f 5297 5285 5302
f 3574 5332 5298
f 5297 5302 5299
f 5332 5293 5320
f 5293 5332 5303
f 5333 3575 5352
f 5332 5320 5298
f 5299 5298 5297
f 5323 5394 5392
f 5394 5396 5392
f 3576 5392 5396
f 5389 5353 5391
f 3576 5389 5393
f 5391 5393 5389
f 5392 3576 5393
f 3577 5389 3576
f 5364 5352 5395
f 3575 5333 5332
f 5343 3582 5399
f 5399 5383 5343
f 3582 5376 5397
f 5399 3582 5397
f 3583 5376 3582
f 5376 5378 5397
f 5376 5380 5354
f 3577 5374 5390
f 5387 5374 3578
f 3577 3578 5374
f 3579 5387 3578
f 3577 5390 5389
f 3582 5343 3581
f 3581 5343 5373
f 3580 5375 3579
f 5387 3579 5375
f 3581 5375 3580
f 5373 5375 3581
f 3567 5200 5202
f 5168 5196 5202
f 3568 5172 5200
f 5200 3567 3568
f 5128 5172 3568
f 5172 5174 5200
f 3568 5176 5128
f 5196 3567 5202
f 5249 5192 5244
f 3566 5206 5243
f 3565 3566 5243
f 3566 5187 5206
f 5196 5124 3567
f 5247 3567 5124
f 5247 5249 5187
f 5244 5187 5249
f 3567 5247 5187
f 3566 3567 5187
f 5242 5243 5206
f 3572 3573 5261
f 3574 5116 3573
f 5261 3573 5116
f 5262 5261 5126
f 3575 5396 5395
f 3575 5332 3574
f 5352 3575 5395
f 5116 3574 5299
f 5299 3574 5298
f 3576 5396 3575
f 5112 5125 3569
f 5176 3569 5125
f 3568 3569 5176
f 3570 5112 3569
f 5176 5125 5175
f 5279 5177 5112
f 3570 5262 5279
f 5262 3571 3572
f 5262 3570 3571
f 3570 5279 5112
f 5261 5262 3572
f 3596 3597 5458
f 5450 5458 5457
f 5478 5455 3598
f 3597 3598 5455
f 3599 5478 3598
f 3597 5455 5458
f 5459 5477 5478
f 5454 5449 5442
f 5430 5416 5400
f 5084 5416 3594
f 5430 3594 5416
f 5401 3594 5430
f 5451 5084 3594
f 3596 5458 5450
f 5450 5449 3595
f 3595 5449 5454
f 3594 3595 5451
f 3596 5450 3595
f 5454 5451 3595
f 5504 3602 5484
f 3603 3604 5501
f 3603 5501 5484
f 5541 5447 3606
f 3606 5447 5507
f 3605 5485 3604
f 5501 3604 5485
f 5507 3605 3606
f 5485 3605 5482
f 5445 5504 5503
f 5479 5460 5438
f 3600 5459 3599
f 5478 3599 5459
f 5479 5459 3600
f 3600 5460 5479
f 3602 3603 5484
f 5460 3600 5445
f 3601 5445 3600
f 5504 3601 3602
f 3601 5504 5445
f 5304 5324 5330
f 3586 5330 3585
f 5328 5330 3586
f 5308 5294 5280
f 3587 5283 5328
f 3586 3587 5328
f 5308 5283 3587
f 3587 5294 5308
f 5382 5344 3583
f 5380 3583 5344
f 5376 3583 5380
f 3584 5382 3583
f 5321 5381 5382
f 3585 5324 5348
f 5327 5348 5324
f 3585 5348 3584
f 5321 3584 5348
f 5382 3584 5321
f 5330 5324 3585
f 5379 5380 5344
f 5404 5417 5428
f 5417 5419 5428
f 5418 5403 5423
f 3593 5401 5415
f 3593 5426 3592
f 5426 5429 3592
f 5415 5426 3593
f 3594 5401 3593
f 3591 5429 5428
f 5420 5288 3588
f 5294 3588 5288
f 3589 5418 5420
f 5423 5420 5418
f 3588 5294 3587
f 3588 3589 5420
f 3591 3592 5429
f 3590 5419 3589
f 5418 3589 5419
f 5428 3590 3591
f 5419 3590 5428
f 6151 6116 3712
f 6116 6147 3712
f 6157 6149 6156
f 6186 6092 6150
f 3713 6186 6151
f 6150 6151 6186
f 3712 3713 6151
f 6187 6186 3713
f 6115 6154 6146
f 3710 6152 3709
f 6152 6155 3708
f 3707 6155 6154
f 3710 6159 6152
f 6149 6157 3711
f 3711 6157 6159
f 6158 6159 6157
f 3710 3711 6159
f 6149 3711 6147
f 3712 6147 3711
f 6182 6168 6176
f 6174 6160 6185
f 6132 3718 6176
f 6180 6182 3719
f 3718 3719 6182
f 3720 6180 3719
f 3718 6182 6176
f 6191 6161 6180
f 3714 6175 6174
f 3715 6175 3714
f 6187 3714 6174
f 3713 3714 6187
f 6187 6174 6185
f 3716 6175 3715
f 3717 6132 6167
f 3716 3717 6172
f 6167 6172 3717
f 6172 6175 3716
f 3718 6132 3717
f 6064 3695 5963
f 6082 6069 5963
f 6107 6084 3700
f 6068 3700 6084
f 3701 6107 3700
f 6080 3700 6068
f 6105 6110 6107
f 3694 3695 6064
f 3697 6082 3696
f 3696 6082 5963
f 5963 3695 3696
f 5902 5985 6064
f 5982 5987 5952
f 3699 6080 6083
f 6083 3698 3699
f 6082 3698 6083
f 3698 6082 3697
f 3700 6080 3699
f 6098 3705 6111
f 3706 6095 6111
f 3706 6111 3705
f 3708 3709 6152
f 3707 6115 3706
f 6095 3706 6115
f 6155 3707 3708
f 6115 3707 6154
f 6101 6098 6099
f 6106 6105 3701
f 6107 3701 6105
f 3702 6106 3701
f 6105 6100 6110
f 3702 6104 6106
f 3705 6098 3704
f 3704 6098 6101
f 6101 3703 3704
f 6104 3703 6101
f 3703 6104 3702
f 3737 6297 6250
f 6196 6164 6207 6219
f 6290 6281 6295
f 6290 6299 6291
f 6290 6295 6292
f 6275 6297 3738
f 6219 6224 6220
f 6247 3736 6229
f 6074 6219 6207
f 6292 6299 6290
f 3738 6292 6275
f 3736 3737 6227
f 3737 3738 6297
f 6229 3736 6227
f 6250 6227 3737
f 3738 3739 6292
f 6302 6279 3744
f 6288 6301 6282
f 6302 6272 6279
f 3747 6327 3746
f 3746 6327 6303
f 3744 3745 6283
f 3745 3746 6303
f 6302 3744 6283
f 6305 6283 3745
f 6288 6298 3740
f 6300 3740 6298
f 6300 6299 3739
f 6292 3739 6299
f 3740 6300 3739
f 3744 6279 3743
f 3743 6279 6301
f 3742 6288 3741
f 3740 3741 6288
f 3742 3743 6301
f 6301 6288 3742
f 6189 6212 6184
f 3727 6074 6213
f 3727 6213 3726
f 6213 3725 3726
f 6193 3725 6213
f 6213 6215 6193
f 3728 6074 3727
f 6193 6212 3724
f 3721 6192 6191
f 3722 6192 3721
f 3720 3721 6191
f 6191 6188 6161
f 6211 6192 3722
f 6212 6189 3724
f 3724 6189 3723
f 6211 3723 6189
f 6193 3724 3725
f 3723 6211 3722
f 6191 6180 3720
f 6269 3733 3734
f 6230 6269 6268
f 3734 6266 6269
f 3735 6247 6249
f 3735 6271 6266
f 6271 6249 6270
f 3734 3735 6266
f 6249 6271 3735
f 6271 6262 6266
f 3736 6247 3735
f 3730 6225 6224
f 3730 6224 3729
f 6224 6219 3729
f 6219 3728 3729
f 6228 6225 3730
f 3731 6230 6228
f 3733 6230 3732
f 3731 3732 6230
f 3731 6228 3730
f 6269 6230 3733
f 6219 6074 3728
f 5847 5864 5875
f 5865 3660 5875
f 3661 5869 3660
f 5847 3660 5869
f 3660 5847 5875
f 3661 5845 5869
f 3657 5894 3656
f 5893 3656 5894
f 5868 3656 5893
f 3657 5891 5894
f 3659 5865 5871
f 3659 5871 3658
f 3658 5871 5874
f 3657 3658 5891
f 5874 5891 3658
f 3660 5865 3659
f 5844 5837 5856 5889
f 5906 3668 5903
f 5934 5903 3669
f 5903 3668 3669
f 5647 5906 5905
f 5903 5934 5931
f 5935 3670 5948
f 5948 3670 5914
f 5935 5934 3669
f 3669 3670 5935
f 5647 5870 3664
f 3663 3664 5870
f 3663 5870 3662
f 3662 5870 5829
f 3661 3662 5845
f 3668 5906 3667
f 5906 5647 3666
f 3666 3667 5906
f 5647 3665 3666
f 3665 5647 3664
f 5829 5845 3662
f 3645 5827 5794
f 5794 5796 3644
f 5862 5663 5827
f 3647 5863 5862
f 5860 5835 3648
f 5863 3648 5835
f 5836 5860 3648
f 3648 5863 3647
f 5827 3647 5862
f 5810 5793 5659
f 3643 5810 5784
f 3642 3643 5784
f 5793 5810 3643
f 5788 5793 3643
f 3647 5827 3646
f 3645 5794 3644
f 3645 3646 5827
f 3643 3644 5788
f 3644 5796 5788
f 5828 5889 5856
f 5890 5889 3653
f 3654 5890 3653
f 3654 5887 5867
f 5868 5887 3655
f 3654 3655 5887
f 3656 5868 3655
f 3654 5867 5890
f 3653 5889 5828
f 3650 5851 3649
f 5836 3649 5851
f 3649 5836 3648
f 3650 5841 5851
f 3652 3653 5852
f 5852 3653 5828
f 3651 3652 5841
f 5855 3652 5852
f 3650 3651 5841
f 3652 5855 5841
f 5915 3676 5951
f 3677 5976 5961
f 3677 5961 5951
f 6034 6000 6029
f 3686 6034 6029
f 5976 5965 5961
f 6009 5977 5976
f 6008 5998 5974
f 6029 6016 3686
f 6061 3686 6016
f 3685 6061 6038
f 6038 6060 3685
f 3686 6061 3685
f 6061 6063 6038
f 6060 6038 6059
f 5918 5944 5915
f 6032 6034 3686
f 5987 3690 3691
f 5910 3690 5982
f 5979 5910 5962
f 3689 3690 5910
f 6064 5985 3694
f 3693 3694 5985
f 5985 3692 3693
f 5987 3692 5985
f 5987 3691 3692
f 3690 5987 5982
f 6004 5993 5995
f 3687 5978 6032
f 3686 3687 6032
f 5993 6004 5978
f 5978 3687 5993
f 3689 5910 5979
f 3688 5979 5993
f 5981 5993 5979
f 3687 3688 5993
f 3689 5979 3688
f 5951 3676 3677
f 5944 3675 3676
f 5940 5911 5913
f 5911 3675 5944
f 5999 5998 3678
f 3678 5998 6008
f 6010 6009 3677
f 3677 6009 5976
f 3678 6010 3677
f 6010 3678 6008
f 3672 5939 3671
f 3671 5939 5914
f 5914 3670 3671
f 3672 5932 5939
f 3675 5911 3674
f 3674 5911 5940
f 3674 5940 3673
f 5932 3673 5940
f 3672 3673 5932
f 5932 5940 5943
f 6057 6042 6041
f 3683 6057 3682
f 6057 6041 6037
f 3683 3684 6057
f 6055 6060 6039
f 6055 6058 3684
f 6057 3684 6058
f 6060 6055 3684
f 3685 6060 3684
f 3679 6036 6054
f 3679 6054 6011
f 6011 6054 6053
f 3678 6011 5999
f 3678 3679 6011
f 3680 6036 3679
f 3680 6037 6051
f 3682 6037 3681
f 3680 3681 6037
f 3680 6051 6036
f 6057 6037 3682
f 3676 5915 5944
f 2504 468 469
