v 1637.2518310546875 -7.666793346405029 1521.3782958984375
v 1751.1015625 -108.01302337646484 1520.4346923828125
v 1865.487060546875 -220.73336791992188 1520.6475830078125
v 1973.3555908203125 -340.3443603515625 1521.0858154296875
v 2084.68603515625 -478.685546875 1520.85400390625
v 2197.8896484375 -632.2200927734375 1521.1500244140625
v 2307.2373046875 -791.1498413085938 1522.0841064453125
v 2417.65087890625 -962.5804443359375 1522.86328125
v 1637.2672119140625 257.5805969238281 1359.094482421875
v 1751.1893310546875 141.04754638671875 1358.998046875
v 1866.5648193359375 3.0562641620635986 1359.0645751953125
v 1973.3353271484375 -141.2346649169922 1359.271484375
v 2084.73681640625 -310.2572021484375 1359.533935546875
v 2197.66650390625 -496.9441223144531 1359.7115478515625
v 2307.6240234375 -690.6497802734375 1359.7855224609375
v 2417.430419921875 -894.2958984375 1359.8125
v 1637.3701171875 538.0477294921875 1215.7728271484375
v 1751.4114990234375 402.24444580078125 1215.8443603515625
v 1868.304443359375 236.56089782714844 1215.8212890625
v 1973.3216552734375 64.4950942993164 1215.8326416015625
v 2084.858642578125 -137.956298828125 1215.95849609375
v 2196.959228515625 -358.6314697265625 1215.9947509765625
v 2307.295166015625 -586.2327880859375 1215.93994140625
v 2417.846435546875 -821.3480224609375 1215.9403076171875
v 1750.90625 651.532470703125 1080.682373046875
v 1868.811279296875 445.83575439453125 1081.576904296875
v 1973.2703857421875 236.307373046875 1081.7742919921875
v 2084.77880859375 -3.8445537090301514 1081.2032470703125
v 2195.949951171875 -255.05731201171875 1080.6475830078125
v 2306.5126953125 -510.07366943359375 1080.36279296875
v 2417.837890625 -769.37353515625 1080.1912841796875
v 1861.8583984375 616.1641845703125 934.0154418945312
v 1973.2982177734375 356.2289123535156 933.4052124023438
v 2084.640625 86.92889404296875 933.3355712890625
v 2195.354248046875 -184.70675659179688 933.4287109375
v 2305.8427734375 -455.65740966796875 933.4166870117188
v 2417.44775390625 -730.1817016601562 933.406982421875
v 1862.33984375 697.0131225585938 770.9190063476562
v 1973.4281005859375 413.9054260253906 770.11669921875
v 2084.423583984375 134.9410400390625 770.000244140625
v 2195.348388671875 -143.84713745117188 770.047607421875
v 2305.902587890625 -422.2574157714844 769.9761352539062
v 2417.37841796875 -700.1502685546875 769.9525146484375
v 1977.046875 407.31353759765625 531.6746826171875
v 2082.2470703125 157.96144104003906 531.5618896484375
v 2196.00732421875 -117.49031066894531 531.4612426757812
v 2310.156982421875 -414.9235534667969 531.4320068359375
v 2415.78173828125 -682.5305786132812 531.5906372070312
v 1984.44775390625 367.7013244628906 398.1381530761719
v 2087.229736328125 148.86656188964844 397.038330078125
v 2202.32861328125 -116.71349334716797 395.84515380859375
v 2315.5087890625 -422.03961181640625 396.1285095214844
v 2416.587890625 -679.7068481445312 396.5691833496094
v 1978.1512451171875 279.7784118652344 261.94598388671875
v 2086.789306640625 89.16600799560547 261.2864685058594
v 2202.04296875 -154.79794311523438 261.6284484863281
v 2317.117431640625 -441.7419128417969 262.76959228515625
v 2420.86865234375 -679.0372924804688 263.2148132324219
v 1972.75341796875 79.80609130859375 127.878173828125
v 2085.341796875 -58.204288482666016 127.8702621459961
v 2201.717529296875 -250.99920654296875 128.78057861328125
v 2316.76416015625 -475.6681823730469 129.79605102539062
v 2420.9912109375 -689.580810546875 129.5583953857422
v 1972.8917236328125 -204.059326171875 -5.427676200866699
v 2084.55908203125 -297.64337158203125 -5.876375675201416
v 2203.49560546875 -424.8000183105469 -5.822793483734131
v 2312.661376953125 -570.6057739257812 -5.411216735839844
v 2421.1962890625 -739.6873779296875 -5.397710800170898
v 1576.7479248046875 39.83460998535156 1521.5653076171875
v 1636.587158203125 -133.27503967285156 1635.4942626953125
v 1576.0281982421875 -90.5552978515625 1635.772216796875
v 1693.4598388671875 -55.5770263671875 1520.8231201171875
v 1751.111328125 -222.21234130859375 1635.206787109375
v 1693.2857666015625 -176.14735412597656 1635.26025390625
v 1809.0921630859375 -163.732421875 1520.43017578125
v 1864.0989990234375 -318.760498046875 1635.622314453125
v 1808.37939453125 -270.0337219238281 1635.357666015625
v 1919.332275390625 -278.43316650390625 1520.9244384765625
v 1972.4483642578125 -422.1174621582031 1636.1297607421875
v 1917.9794921875 -368.5020446777344 1635.9127197265625
v 2029.4794921875 -408.5747375488281 1521.0089111328125
v 2084.284912109375 -542.0645141601562 1636.183837890625
v 2028.966552734375 -481.1759033203125 1636.1993408203125
v 2140.71142578125 -553.1296997070312 1520.875732421875
v 2198.549560546875 -678.5567016601562 1636.249267578125
v 2140.66845703125 -607.7431030273438 1636.1873779296875
v 2253.846435546875 -712.2359008789062 1521.5870361328125
v 2308.032958984375 -821.5818481445312 1636.4669189453125
v 2254.86962890625 -750.4630737304688 1636.35009765625
v 2360.814208984375 -873.1007690429688 1522.5352783203125
v 2418.740478515625 -981.1819458007812 1636.659912109375
v 2361.51611328125 -896.8994140625 1636.5758056640625
v 2474.090576171875 -1053.260986328125 1523.06494140625
v 2474.587158203125 -1066.829345703125 1636.7215576171875
v 1750.3238525390625 774.5313110351562 1009.8639526367188
v 1695.199462890625 741.0330810546875 1080.0498046875
v 1805.004638671875 748.301513671875 934.0064697265625
v 1866.130615234375 541.0532836914062 1009.746337890625
v 1810.796630859375 550.0945434570312 1081.2000732421875
v 1808.39111328125 659.7198486328125 1010.1210327148438
v 1862.290771484375 658.0621337890625 865.3177490234375
v 1806.2213134765625 793.4525146484375 865.3770141601562
v 1922.3994140625 544.4486694335938 531.70849609375
v 1974.5186767578125 423.93572998046875 643.9710083007812
v 1917.8624267578125 555.6796264648438 770.50830078125
v 1918.5819091796875 566.925537109375 643.6282958984375
v 2029.2161865234375 280.99505615234375 531.6119384765625
v 2084.692626953125 151.1620330810547 644.1019287109375
v 2028.75390625 274.47125244140625 769.9700317382812
v 2029.6578369140625 287.102294921875 644.1154174804688
v 1982.173583984375 389.89471435546875 463.982421875
v 1982.9893798828125 334.8641052246094 331.2226257324219
v 2033.908203125 184.99180603027344 261.6224060058594
v 2088.218505859375 128.83953857421875 329.8091125488281
v 2035.4627685546875 256.4679260253906 398.0123291015625
v 2036.283203125 231.39761352539062 330.76995849609375
v 2141.720947265625 -21.57167625427246 261.2660827636719
v 2202.99853515625 -129.20407104492188 328.9935302734375
v 2142.7705078125 26.402036666870117 396.1803283691406
v 2143.040771484375 10.90213680267334 329.119384765625
v 2261.9296875 -299.3353271484375 262.19537353515625
v 2316.28759765625 -430.135009765625 329.6423645019531
v 2261.13134765625 -270.3936462402344 395.8839111328125
v 2262.143798828125 -280.7077331542969 329.239013671875
v 1973.5418701171875 200.1598358154297 195.70887756347656
v 2031.4635009765625 12.171024322509766 127.77696228027344
v 2085.9130859375 30.66956901550293 195.15309143066406
v 2031.886962890625 116.9330062866211 195.43359375
v 2140.725830078125 -144.2816162109375 128.2257537841797
v 2201.243408203125 -193.714111328125 195.24032592773438
v 2140.881103515625 -70.66212463378906 195.07598876953125
v 2261.890380859375 -364.9878234863281 129.36569213867188
v 2317.1953125 -456.17681884765625 195.77828979492188
v 2261.4384765625 -326.37054443359375 195.5201873779297
v 2142.129150390625 -355.14263916015625 -5.941772937774658
v 2202.919677734375 -330.7775573730469 60.20782470703125
v 2084.91796875 -171.79873657226562 60.11939239501953
v 2141.466552734375 -242.95529174804688 59.97185134887695
v 2261.471923828125 -498.09234619140625 -5.612215995788574
v 2314.408203125 -512.8681640625 61.140689849853516
v 2261.918212890625 -423.2324523925781 60.65896224975586
v 2364.002685546875 -649.2103881835938 -5.320685386657715
v 2421.35205078125 -706.9779663085938 61.5184326171875
v 2368.68994140625 -583.1324462890625 129.89190673828125
v 2365.860595703125 -605.536865234375 61.466880798339844
v 2474.46044921875 -830.9727172851562 -5.508896350860596
v 2472.91015625 -791.7235717773438 129.07415771484375
v 2474.492919921875 -807.6968383789062 61.44188690185547
v 2313.268310546875 -651.9608764648438 -67.80765533447266
v 2203.07861328125 -536.12548828125 -70.15385437011719
v 2261.12353515625 -593.5388793945312 -68.70744323730469
v 2421.87646484375 -789.9129028320312 -69.72492218017578
v 2365.23486328125 -716.1622924804688 -68.04647827148438
v 2475.135986328125 -864.2464599609375 -71.79014587402344
v 1607.4227294921875 -112.27436828613281 1635.6358642578125
v 1636.252197265625 -171.71461486816406 1701.01123046875
v 1575.7945556640625 -131.9821014404297 1700.8209228515625
v 1607.1749267578125 -152.16966247558594 1700.9437255859375
v 1543.3104248046875 -68.7399673461914 1635.888427734375
v 1543.0616455078125 -111.7267837524414 1700.6522216796875
v 1721.95751953125 -198.70082092285156 1635.20361328125
v 1750.6531982421875 -255.14183044433594 1701.0904541015625
v 1692.840576171875 -211.836669921875 1701.0511474609375
v 1721.513427734375 -233.03623962402344 1701.0618896484375
v 1664.9454345703125 -154.4229736328125 1635.36279296875
v 1664.5255126953125 -191.46273803710938 1701.040771484375
v 1836.591796875 -294.41278076171875 1635.4814453125
v 1863.664306640625 -346.0498046875 1701.3590087890625
v 1807.8798828125 -300.1225280761719 1701.199462890625
v 1836.102294921875 -323.0837707519531 1701.2745361328125
v 1779.779052734375 -245.8803253173828 1635.26220703125
v 1779.2962646484375 -277.3973083496094 1701.1370849609375
v 1946.0472412109375 -308.5347900390625 1521.0303955078125
v 1972.9241943359375 -388.7373962402344 1577.278564453125
v 1944.895751953125 -394.5624694824219 1636.0364990234375
v 1918.6849365234375 -330.9927978515625 1577.3184814453125
v 1945.503173828125 -359.1297302246094 1577.297119140625
v 1919.8846435546875 -66.56046295166016 1359.154296875
v 1973.515869140625 -246.5275115966797 1437.945068359375
v 1866.1669921875 -114.21720123291016 1438.1322021484375
v 1919.7813720703125 -178.10629272460938 1437.985595703125
v 1972.44677734375 -443.5536193847656 1701.7374267578125
v 1917.775634765625 -393.0347595214844 1701.5474853515625
v 1944.8114013671875 -417.6205749511719 1701.643798828125
v 1891.2103271484375 -343.41009521484375 1635.770751953125
v 1890.8798828125 -369.3324279785156 1701.451416015625
v 1892.661865234375 -249.38438415527344 1520.7896728515625
v 1864.78564453125 -276.9639892578125 1577.3426513671875
v 1891.9515380859375 -303.7848205566406 1577.3360595703125
v 2057.412109375 -443.6790466308594 1520.9249267578125
v 2084.45849609375 -516.40283203125 1577.283447265625
v 2056.981201171875 -511.599609375 1636.195556640625
v 2029.199951171875 -451.76953125 1577.269287109375
v 2057.1630859375 -484.1029968261719 1577.2750244140625
v 2029.6077880859375 -224.6441650390625 1359.4039306640625
v 2084.83837890625 -399.8175048828125 1438.2764892578125
v 2029.6502685546875 -322.2386779785156 1438.064697265625
v 2084.13134765625 -555.9347534179688 1702.05810546875
v 2028.9478759765625 -498.9051208496094 1701.9046630859375
v 2056.890625 -527.3732299804688 1701.982177734375
v 2000.458740234375 -450.991943359375 1636.1817626953125
v 2000.47705078125 -470.6449890136719 1701.8236083984375
v 2001.1409912109375 -373.7007751464844 1521.073486328125
v 2000.800537109375 -419.6129455566406 1577.2694091796875
v 2169.630126953125 -642.7841186523438 1636.212158203125
v 2198.96923828125 -685.7608642578125 1702.367431640625
v 2140.676513671875 -618.0914306640625 1702.2138671875
v 2169.848876953125 -651.5360717773438 1702.2918701171875
v 2112.122314453125 -574.0365600585938 1636.1776123046875
v 2111.98681640625 -586.0786743164062 1702.1353759765625
v 2112.422119140625 -515.1163330078125 1520.8292236328125
v 2140.68505859375 -585.6546630859375 1577.2962646484375
v 2112.258056640625 -550.1807861328125 1577.2913818359375
v 2140.484375 -400.75042724609375 1359.6395263671875
v 2197.66064453125 -569.4735717773438 1438.6121826171875
v 2140.678955078125 -482.0014343261719 1438.4744873046875
v 2281.62939453125 -785.8078002929688 1636.407958984375
v 2308.0634765625 -822.5612182617188 1702.6011962890625
v 2255.35595703125 -754.5004272460938 1702.5028076171875
v 2281.9140625 -788.2403564453125 1702.5577392578125
v 2227.189208984375 -714.7402954101562 1636.2962646484375
v 2227.723876953125 -720.3843383789062 1702.4385986328125
v 2389.8623046875 -938.2207641601562 1636.6212158203125
v 2418.889892578125 -980.3458862304688 1702.621337890625
v 2361.300537109375 -896.0562744140625 1702.64501953125
v 2389.81689453125 -937.2363891601562 1702.641845703125
v 2334.374267578125 -858.210693359375 1636.5235595703125
v 2334.205078125 -858.053955078125 1702.630859375
v 2446.986083984375 -1024.065673828125 1636.69287109375
v 2474.466064453125 -1066.18896484375 1702.5323486328125
v 2447.086181640625 -1023.3030395507812 1702.5845947265625
v 1678.93994140625 874.4873657226562 1024.3353271484375
v 1679.7816162109375 874.6137084960938 1023.5944213867188
v 1680.640625 874.7408447265625 1022.8367309570312
v 1682.4833984375 875.007080078125 1021.2061157226562
v 1684.30078125 875.2606811523438 1019.5903930664062
v 1685.2003173828125 875.3826293945312 1018.787841796875
v 1685.6478271484375 875.4423828125 1018.3878173828125
v 1686.0938720703125 875.5013427734375 1017.9885864257812
v 1687.86376953125 875.7289428710938 1016.3990478515625
v 1689.6116943359375 875.9429931640625 1014.8203735351562
v 1690.477783203125 876.0447998046875 1014.03466796875
v 1690.9088134765625 876.0944213867188 1013.6427001953125
v 1691.0164794921875 876.1066284179688 1013.5447387695312
v 1691.1239013671875 876.1188354492188 1013.4468383789062
v 1691.338623046875 876.14306640625 1013.251220703125
v 1693.045654296875 876.3285522460938 1011.6900634765625
v 1694.734375 876.4989013671875 1010.134521484375
v 1696.406982421875 876.6533203125 1008.5821533203125
v 1699.71142578125 876.9111328125 1005.475830078125
v 1701.3472900390625 877.0123901367188 1003.916259765625
v 1701.5511474609375 877.023681640625 1003.7208251953125
v 1701.7547607421875 877.03466796875 1003.5252685546875
v 1702.1617431640625 877.0556030273438 1003.1337890625
v 1702.9737548828125 877.0936889648438 1002.3494873046875
v 1706.19921875 877.1905517578125 999.1891479492188
v 1707.8004150390625 877.203369140625 997.591064453125
v 1709.395263671875 877.1904907226562 995.9778442382812
v 1710.9852294921875 877.1502685546875 994.3469848632812
v 1711.3819580078125 877.1357421875 993.9362182617188
v 1711.580322265625 877.1278076171875 993.7303466796875
v 1711.679443359375 877.1236572265625 993.6273193359375
v 1711.778564453125 877.119384765625 993.524169921875
v 1712.571533203125 877.0809936523438 992.6957397460938
v 1714.15673828125 876.98095703125 991.0198974609375
v 1715.7425537109375 876.8482666015625 989.3165283203125
v 1716.5360107421875 876.7691040039062 988.45361328125
v 1716.63525390625 876.7586059570312 988.34521484375
v 1716.684814453125 876.7532958984375 988.2909545898438
v 1716.7344970703125 876.7479248046875 988.2366943359375
v 1716.9329833984375 876.7261962890625 988.0191650390625
v 1717.3302001953125 876.6810302734375 987.5826416015625
v 1718.921875 876.4771118164062 985.8142700195312
v 1720.5191650390625 876.2344360351562 984.008056640625
v 1721.3203125 876.097900390625 983.08984375
v 1722.06982421875 875.9609375 982.2230834960938
v 1723.555419921875 875.6635131835938 980.4837036132812
v 1725.046630859375 875.3303833007812 978.7091674804688
v 1725.7939453125 875.1504516601562 977.8090209960938
v 1726.520751953125 874.96728515625 976.9268188476562
v 1727.9202880859375 874.5918579101562 975.2091674804688
v 1729.3199462890625 874.1864624023438 973.466552734375
v 1730.0194091796875 873.97265625 972.58642578125
v 1730.3690185546875 873.863037109375 972.1442260742188
v 1730.4564208984375 873.8353271484375 972.033447265625
v 1730.5438232421875 873.8074951171875 971.922607421875
v 1730.718505859375 873.7515869140625 971.7006225585938
v 1732.1142578125 873.2879028320312 969.91357421875
v 1733.505859375 872.7960815429688 968.1074829101562
v 1734.1995849609375 872.5398559570312 967.1978759765625
v 1734.5458984375 872.4091796875 966.7415161132812
v 1734.6324462890625 872.3762817382812 966.6272583007812
v 1734.7188720703125 872.3432006835938 966.5130004882812
v 1734.891845703125 872.27685546875 966.2842407226562
v 1736.2694091796875 871.731689453125 964.4478759765625
v 1738.9931640625 870.5679321289062 960.7457885742188
v 1740.338134765625 869.9509887695312 958.8826904296875
v 1741.6708984375 869.311767578125 957.0132446289062
v 1742.990966796875 868.6510620117188 955.138916015625
v 1744.29638671875 867.9705810546875 953.2628173828125
v 1746.858154296875 866.5552978515625 949.5147094726562
v 1749.3489990234375 865.0758666992188 945.784912109375
v 1749.959716796875 864.6972045898438 944.857177734375
v 1750.5654296875 864.3153076171875 943.9317626953125
v 1751.76123046875 863.542724609375 942.08935546875
v 1752.935302734375 862.759521484375 940.260009765625
v 1754.086669921875 861.9673461914062 938.446044921875
v 1755.21435546875 861.1676635742188 936.649658203125
v 1756.317138671875 860.3619995117188 934.873291015625
v 1756.85888671875 859.9574584960938 933.9933471679688
v 1757.4552001953125 859.50537109375 933.0192260742188
v 1758.7408447265625 858.505859375 930.8983154296875
v 1759.990478515625 857.5013427734375 928.8095092773438
v 1761.2056884765625 856.4931030273438 926.7521362304688
v 1762.3878173828125 855.482177734375 924.7257080078125
v 1763.5386962890625 854.4696655273438 922.7295532226562
v 1763.6802978515625 854.343017578125 922.4821166992188
v 1763.7509765625 854.2797241210938 922.3585815429688
v 1763.786376953125 854.248046875 922.296875
v 1763.8216552734375 854.2164306640625 922.2351684570312
v 1764.102783203125 853.9630737304688 921.7424926757812
v 1764.66015625 853.4559936523438 920.7617797851562
v 1765.755615234375 852.4406127929688 918.81884765625
v 1766.826416015625 851.4244995117188 916.9000854492188
v 1767.8739013671875 850.4085083007812 915.0048217773438
v 1768.8994140625 849.3936157226562 913.132568359375
v 1769.904296875 848.3807373046875 911.28271484375
v 1770.2188720703125 848.06005859375 910.7006225585938
v 1770.531494140625 847.73974609375 910.1207275390625
v 1771.1512451171875 847.1002197265625 908.9675903320312
v 1771.7637939453125 846.4623413085938 907.8229370117188
v 1772.3697509765625 845.8262329101562 906.6864624023438
v 1772.9693603515625 845.1919555664062 905.557861328125
v 1773.0438232421875 845.11279296875 905.4172973632812
v 1773.0810546875 845.0732421875 905.3470458984375
v 1773.1182861328125 845.03369140625 905.27685546875
v 1773.266845703125 844.87548828125 904.996337890625
v 1773.5631103515625 844.5595092773438 904.4365844726562
v 1774.151611328125 843.928955078125 903.322265625
v 1774.735107421875 843.30029296875 902.2144165039062
v 1775.314208984375 842.6737060546875 901.1128540039062
v 1775.88916015625 842.0492553710938 900.0172119140625
v 1776.4603271484375 841.4269409179688 898.9270629882812
v 1777.0281982421875 840.8067016601562 897.8419189453125
v 1778.1558837890625 839.5729370117188 895.6854858398438
v 1778.7161865234375 838.9595336914062 894.6135864257812
v 1778.8560791015625 838.8065795898438 894.34619140625
v 1778.9259033203125 838.7301025390625 894.2125854492188
v 1778.9957275390625 838.6537475585938 894.0790405273438
v 1779.2747802734375 838.3485107421875 893.5454711914062
v 1780.3883056640625 837.1334838867188 891.4187622070312
v 1781.4991455078125 835.9284057617188 889.302978515625
v 1781.7767333984375 835.6287231445312 888.7754516601562
v 1782.0523681640625 835.3319091796875 888.2523803710938
v 1782.5989990234375 834.7451782226562 887.21630859375
v 1783.6943359375 833.5768432617188 885.1466064453125
v 1784.7933349609375 832.4126586914062 883.0767211914062
v 1784.8621826171875 832.3399658203125 882.947265625
v 1784.9310302734375 832.2672729492188 882.8178100585938
v 1785.0687255859375 832.1218872070312 882.5587158203125
v 1785.3446044921875 831.8309936523438 882.040283203125
v 1785.8974609375 831.2488403320312 881.0018310546875
v 1787.0089111328125 830.0810546875 878.9163818359375
v 1787.5677490234375 829.4945678710938 877.868408203125
v 1787.8480224609375 829.2005004882812 877.3428344726562
v 1787.918212890625 829.1268920898438 877.2112426757812
v 1787.9884033203125 829.05322265625 877.0796508789062
v 1788.12890625 828.90576171875 876.8161010742188
v 1789.2596435546875 827.7183837890625 874.6951293945312
v 1790.4027099609375 826.5146484375 872.5480346679688
v 1790.6905517578125 826.210693359375 872.006591796875
v 1790.8348388671875 826.0582275390625 871.7351684570312
v 1790.9071044921875 825.9818725585938 871.5992431640625
v 1790.9432373046875 825.943603515625 871.53125
v 1790.9793701171875 825.9053955078125 871.4631958007812
v 1791.559814453125 825.2904052734375 870.3697509765625
v 1792.14453125 824.6689453125 869.266845703125
v 1792.7333984375 824.0404663085938 868.1537475585938
v 1793.326904296875 823.4044799804688 867.0299072265625
v 1793.925048828125 822.7604370117188 865.8945922851562
v 1793.962646484375 822.7199096679688 865.8232421875
v 1794.000244140625 822.6793212890625 865.7518310546875
v 1794.075439453125 822.5980834960938 865.60888671875
v 1794.22607421875 822.4351806640625 865.3223876953125
v 1794.5283203125 822.1076049804688 864.7469482421875
v 1795.136962890625 821.4451904296875 863.5859375
v 1795.751220703125 820.7726440429688 862.410888671875
v 1796.371337890625 820.0894165039062 861.2210693359375
v 1796.68359375 819.7435302734375 860.620361328125
v 1796.84033203125 819.5695190429688 860.3185424804688
v 1796.8795166015625 819.52587890625 860.2429809570312
v 1796.899169921875 819.5040893554688 860.2051391601562
v 1796.9188232421875 819.4822387695312 860.1672973632812
v 1796.9974365234375 819.394775390625 860.0157470703125
v 1797.6300048828125 818.6879272460938 858.7938842773438
v 1798.269287109375 817.9682006835938 857.554443359375
v 1798.91552734375 817.2348022460938 856.2967529296875
v 1799.5689697265625 816.4871826171875 855.0199584960938
v 1799.7335205078125 816.2979736328125 854.6976928710938
v 1799.7747802734375 816.25048828125 854.616943359375
v 1799.7952880859375 816.2267456054688 854.5765380859375
v 1799.81591796875 816.2030029296875 854.5361328125
v 1799.8985595703125 816.1077880859375 854.3742065429688
v 1800.22998046875 815.7244873046875 853.7232055664062
v 1800.8988037109375 814.9458618164062 852.4052124023438
v 1801.575927734375 814.1505737304688 851.065185546875
v 1802.2613525390625 813.3377685546875 849.7022094726562
v 1802.607421875 812.9246215820312 849.0118408203125
v 1802.6507568359375 812.8726196289062 848.9251098632812
v 1802.6942138671875 812.820556640625 848.8383178710938
v 1802.78125 812.7162475585938 848.6643676757812
v 1802.95556640625 812.5067749023438 848.3153686523438
v 1803.658935546875 811.6565551757812 846.9034423828125
v 1804.3717041015625 810.7863159179688 845.4653930664062
v 1805.0941162109375 809.8951416015625 844.0003051757812
v 1805.6993408203125 809.1414794921875 842.7669677734375
v 1806.6805419921875 807.9060668945312 840.7562866210938
v 1807.67822265625 806.6324462890625 838.6973266601562
v 1807.93017578125 806.3082275390625 838.1751708984375
v 1808.0565185546875 806.1452026367188 837.9130859375
v 1808.1197509765625 806.0634765625 837.78173828125
v 1808.1513671875 806.0225830078125 837.7160034179688
v 1808.18310546875 805.9816284179688 837.6502075195312
v 1808.6915283203125 805.3216552734375 836.5918579101562
v 1809.7186279296875 803.9749145507812 834.4427490234375
v 1810.7584228515625 802.5933227539062 832.2518920898438
v 1810.791015625 802.549560546875 832.1827392578125
v 1810.82373046875 802.5057983398438 832.1135864257812
v 1810.88916015625 802.418212890625 831.9752197265625
v 1811.0201416015625 802.2425537109375 831.6979370117188
v 1811.2825927734375 801.8897705078125 831.1415405273438
v 1811.809326171875 801.1780395507812 830.0218505859375
v 1812.8701171875 799.73046875 827.7553100585938
v 1813.1365966796875 799.3636474609375 827.1832275390625
v 1813.2701416015625 799.1795043945312 826.8963623046875
v 1813.3369140625 799.0872802734375 826.7527465820312
v 1813.3702392578125 799.0410766601562 826.680908203125
v 1813.4036865234375 798.994873046875 826.6090087890625
v 1813.939208984375 798.2517700195312 825.4545288085938
v 1815.0150146484375 796.7435913085938 823.1224365234375
v 1815.5550537109375 795.9788208007812 821.9454956054688
v 1815.825439453125 795.5938110351562 821.3543701171875
v 1815.8931884765625 795.497314453125 821.206298828125
v 1815.927001953125 795.4490356445312 821.1322631835938
v 1815.9608154296875 795.4006958007812 821.0581665039062
v 1816.09619140625 795.2071533203125 820.7615966796875
v 1817.1810302734375 793.6443481445312 818.375244140625
v 1818.267822265625 792.056884765625 815.9664306640625
v 1819.3553466796875 790.4461059570312 813.5375366210938
v 1820.442138671875 788.8133544921875 811.0911254882812
v 1820.713623046875 788.4019165039062 810.47705078125
v 1820.7813720703125 788.298828125 810.3233642578125
v 1820.8492431640625 788.1957397460938 810.169677734375
v 1820.98486328125 787.9891967773438 809.8621215820312
v 1821.5267333984375 787.1603393554688 808.630126953125
v 1822.6070556640625 785.4896850585938 806.1588134765625
v 1823.681640625 783.802978515625 803.679931640625
v 1824.7490234375 782.1018676757812 801.1962280273438
v 1825.2796630859375 781.2463989257812 799.9534301757812
v 1825.544189453125 780.8175659179688 799.3319702148438
v 1825.7877197265625 780.4210815429688 798.75830078125
v 1826.744140625 778.8504638671875 796.4944458007812
v 1828.6337890625 775.6829833984375 791.96826171875
v 1830.4949951171875 772.4815063476562 787.4425048828125
v 1832.3310546875 769.2466430664062 782.9142456054688
v 1834.1451416015625 765.9786987304688 778.380615234375
v 1835.0450439453125 764.33251953125 776.1109008789062
v 1835.1572265625 764.126220703125 775.8270263671875
v 1835.2132568359375 764.0230102539062 775.68505859375
v 1835.269287109375 763.9197387695312 775.5430908203125
v 1835.493408203125 763.5064086914062 774.97509765625
v 1835.940673828125 762.67822265625 773.838623046875
v 1837.7213134765625 759.3449096679688 769.284423828125
v 1839.490478515625 755.9786987304688 764.7144775390625
v 1839.642333984375 755.6875 764.3203735351562
v 1839.7181396484375 755.5418090820312 764.123291015625
v 1839.7940673828125 755.3960571289062 763.9260864257812
v 1840.097412109375 754.8123779296875 763.1370849609375
v 1840.70361328125 753.6419677734375 761.55712890625
v 1841.914306640625 751.2890014648438 758.3887939453125
v 1843.123779296875 748.919677734375 755.2081909179688
v 1843.7283935546875 747.7288208007812 753.61279296875
v 1844.03076171875 747.1318359375 752.8137817382812
v 1844.3270263671875 746.5459594726562 752.0300903320312
v 1846.64111328125 741.93798828125 745.882568359375
v 1848.955810546875 737.2687377929688 739.6834716796875
v 1851.2684326171875 732.538818359375 733.4361572265625
v 1853.575927734375 727.749267578125 727.14453125
v 1854.716064453125 725.3551025390625 724.012939453125
v 1855.8341064453125 722.9886474609375 720.9265747070312
v 1858.0604248046875 718.2177734375 714.73193359375
v 1860.27099609375 713.3982543945312 708.5128784179688
v 1860.82080078125 712.1860961914062 706.9549560546875
v 1861.3641357421875 710.982421875 705.4105224609375
v 1862.4454345703125 708.571044921875 702.32373046875
v 1863.5213623046875 706.1503295898438 699.234619140625
v 1864.591796875 703.7211303710938 696.1439819335938
v 1864.8585205078125 703.1126098632812 695.3711547851562
v 1865.125 702.503662109375 694.5983276367188
v 1865.65673828125 701.2844848632812 693.0526123046875
v 1866.7158203125 698.84130859375 689.9617309570312
v 1867.7691650390625 696.3924560546875 686.8719482421875
v 1868.8165283203125 693.9385375976562 683.7840576171875
v 1869.077392578125 693.3244018554688 683.012451171875
v 1869.3380126953125 692.7100219726562 682.2410278320312
v 1869.8577880859375 691.4805297851562 680.6987915039062
v 1870.892822265625 689.0192260742188 677.6170654296875
v 1871.9215087890625 686.5552368164062 674.5394897460938
v 1872.4334716796875 685.3223876953125 673.00244140625
v 1872.6888427734375 684.7057495117188 672.234375
v 1872.7525634765625 684.5515747070312 672.0424194335938
v 1872.8162841796875 684.3973999023438 671.8504638671875
v 1872.9437255859375 684.0890502929688 671.4666748046875
v 1873.9593505859375 681.62158203125 668.3993530273438
v 1874.9681396484375 679.1533203125 665.338134765625
v 1875.9700927734375 676.6846923828125 662.2836303710938
v 1876.468505859375 675.450439453125 660.759033203125
v 1876.961669921875 674.22509765625 659.2470703125
v 1878.91552734375 669.3229370117188 653.21728515625
v 1879.8826904296875 666.865234375 650.206787109375
v 1880.1234130859375 666.2498168945312 649.454345703125
v 1880.24365234375 665.94189453125 649.078125
v 1880.3638916015625 665.6339111328125 648.701904296875
v 1880.843505859375 664.4003295898438 647.1967163085938
v 1882.7474365234375 659.438232421875 641.1674194335938
v 1883.6910400390625 656.9371948242188 638.1446533203125
v 1883.749755859375 656.7803955078125 637.9555053710938
v 1883.80859375 656.6234741210938 637.7662963867188
v 1883.926025390625 656.3095092773438 637.3878173828125
v 1884.1607666015625 655.6807861328125 636.63037109375
v 1884.6292724609375 654.4198608398438 635.1136474609375
v 1885.562744140625 651.8836669921875 632.0718994140625
v 1886.4915771484375 649.3267211914062 629.017578125
v 1886.954345703125 648.0399169921875 627.4851684570312
v 1887.185302734375 647.3943481445312 626.717529296875
v 1887.2430419921875 647.2327270507812 626.5255126953125
v 1887.2718505859375 647.15185546875 626.429443359375
v 1887.3006591796875 647.0709838867188 626.3333740234375
v 1887.416015625 646.7472534179688 625.9489135742188
v 1888.3365478515625 644.1427612304688 622.8634643554688
v 1889.253662109375 641.5111083984375 619.7589721679688
v 1890.16748046875 638.8504028320312 616.6336669921875
v 1890.3953857421875 638.1805419921875 615.848876953125
v 1890.5093994140625 637.8448486328125 615.4559326171875
v 1890.5662841796875 637.6768188476562 615.2593383789062
v 1890.5947265625 637.5927734375 615.1609497070312
v 1890.598388671875 637.5822143554688 615.148681640625
v 1890.5992431640625 637.57958984375 615.1456298828125
v 1890.5997314453125 637.5783081054688 615.1441040039062
v 1890.60009765625 637.5769653320312 615.1425170898438
v 1890.6019287109375 637.57177734375 615.1364135742188
v 1890.6090087890625 637.55078125 615.1118774414062
v 1890.6231689453125 637.5088500976562 615.0628051757812
v 1891.0770263671875 636.1630859375 613.490478515625
v 1891.981689453125 633.4528198242188 610.3333129882812
v 1892.8812255859375 630.7235107421875 607.1653442382812
v 1893.774658203125 627.982177734375 603.9935302734375
v 1893.8858642578125 627.6390380859375 603.59716796875
v 1893.9969482421875 627.2958374023438 603.2009887695312
v 1894.2186279296875 626.609619140625 602.4089965820312
v 1894.66015625 625.2378540039062 600.8273315429688
v 1895.535888671875 622.5000610351562 597.6763305664062
v 1896.4007568359375 619.7759399414062 594.5475463867188
v 1896.8287353515625 618.4212036132812 592.9937133789062
v 1896.882080078125 618.2522583007812 592.800048828125
v 1896.90869140625 618.1678466796875 592.7032470703125
v 1896.935302734375 618.0834350585938 592.6065063476562
v 1897.0416259765625 617.74609375 592.2198486328125
v 1897.2535400390625 617.0728759765625 591.4484252929688
v 1898.0921630859375 614.4011840820312 588.3895874023438
v 1898.915283203125 611.7686767578125 585.3787231445312
v 1899.7220458984375 609.1820678710938 582.4224853515625
v 1899.9210205078125 608.5433349609375 581.6926879882812
v 1899.9705810546875 608.3842163085938 581.5108642578125
v 1899.98291015625 608.3444213867188 581.4654541015625
v 1899.995361328125 608.3046875 581.4200439453125
v 1900.02001953125 608.2252807617188 581.3292846679688
v 1900.1187744140625 607.9080810546875 580.9669189453125
v 1900.510986328125 606.6488037109375 579.5282592773438
v 1901.280517578125 604.177978515625 576.7054443359375
v 1901.4697265625 603.57080078125 576.0115966796875
v 1901.65771484375 602.968017578125 575.3228149414062
v 1902.0294189453125 601.776611328125 573.9609375
v 1902.3956298828125 600.6045532226562 572.6206665039062
v 1902.7562255859375 599.4525146484375 571.3026733398438
v 1902.9344482421875 598.88427734375 570.6522827148438
v 1903.1431884765625 598.21923828125 569.890869140625
v 1903.67578125 596.5274047851562 567.9523315429688
v 1904.4765625 593.996826171875 565.0485229492188
v 1905.249267578125 591.5725708007812 562.2611083984375
v 1905.9962158203125 589.2469482421875 559.5813598632812
v 1906.087890625 588.9627685546875 559.2535400390625
v 1906.133544921875 588.8212280273438 559.0901489257812
v 1906.14501953125 588.785888671875 559.0493774414062
v 1906.1563720703125 588.7506103515625 559.0086669921875
v 1906.17919921875 588.6800537109375 558.9271850585938
v 1906.36083984375 588.1185913085938 558.2789916992188
v 1906.7200927734375 587.0114135742188 556.99951171875
v 1907.4239501953125 584.85693359375 554.5051879882812
v 1907.596923828125 584.3302001953125 553.8943481445312
v 1907.68310546875 584.0684814453125 553.5907592773438
v 1907.70458984375 584.0032348632812 553.5150146484375
v 1907.71533203125 583.9706420898438 553.4772338867188
v 1907.7259521484375 583.9380493164062 553.4393920898438
v 1907.7689208984375 583.8079223632812 553.288330078125
v 1908.1097412109375 582.776123046875 552.0899658203125
v 1908.7803955078125 580.7605590820312 549.7440795898438
v 1909.110595703125 579.7750854492188 548.5947875976562
v 1909.274658203125 579.28759765625 548.025634765625
v 1909.2950439453125 579.2268676757812 547.9547729492188
v 1909.3052978515625 579.196533203125 547.9193115234375
v 1909.3154296875 579.166259765625 547.8839111328125
v 1909.3563232421875 579.0451049804688 547.7423706054688
v 1909.4378662109375 578.8034057617188 547.4599609375
v 1910.0845947265625 576.8966064453125 545.2283935546875
v 1910.722900390625 575.0332641601562 543.0413208007812
v 1910.88134765625 574.573486328125 542.500732421875
v 1910.9208984375 574.4589233398438 542.365966796875
v 1910.940673828125 574.4016723632812 542.298583984375
v 1910.96044921875 574.344482421875 542.2313232421875
v 1911.0394287109375 574.115966796875 541.9623413085938
v 1911.354736328125 573.2067260742188 540.891357421875
v 1911.982421875 571.4090576171875 538.7693481445312
v 1912.6080322265625 569.63427734375 536.6685180664062
v 1913.2337646484375 567.875244140625 534.5806884765625
v 1913.8616943359375 566.1248779296875 532.4976806640625
v 1914.1771240234375 565.2511596679688 531.4559936523438
v 1914.2562255859375 565.0327758789062 531.1953735351562
v 1914.2957763671875 564.923583984375 531.0650634765625
v 1914.3353271484375 564.8143310546875 530.9346923828125
v 1914.493896484375 564.3773193359375 530.4129028320312
v 1915.132568359375 562.6249389648438 528.3174438476562
v 1915.780029296875 560.8612670898438 526.2039184570312
v 1916.1080322265625 559.9718627929688 525.136474609375
v 1916.4407958984375 559.0726318359375 524.0562133789062
v 1917.114501953125 557.2586669921875 521.87451171875
v 1917.7989501953125 555.42431640625 519.6651611328125
v 1918.4932861328125 553.5697021484375 517.4290161132812
v 1919.197021484375 551.6949462890625 515.1668701171875
v 1919.374267578125 551.2232055664062 514.5973510742188
v 1919.552001953125 550.7501831054688 514.0263061523438
v 1919.9090576171875 549.800537109375 512.8797607421875
v 1920.6287841796875 547.8870849609375 510.5694274902344
v 1921.355224609375 545.9551391601562 508.2368469238281
v 1922.0877685546875 544.0049438476562 505.88311767578125
v 1922.825439453125 542.036865234375 503.50933837890625
v 1922.91796875 541.7896118164062 503.2112731933594
v 1922.9642333984375 541.6658935546875 503.0621337890625
v 1923.010498046875 541.5420532226562 502.91290283203125
v 1923.1959228515625 541.0462646484375 502.3153381347656
v 1923.5672607421875 540.051513671875 501.1169738769531
v 1924.3125 538.0499267578125 498.7078552246094
v 1925.80908203125 534.0 493.84454345703125
v 1926.1839599609375 532.9781494140625 492.6202697753906
v 1926.371337890625 532.4658813476562 492.0069885253906
v 1926.418212890625 532.337646484375 491.85357666015625
v 1926.465087890625 532.2094116210938 491.7000732421875
v 1926.5587158203125 531.9526977539062 491.39300537109375
v 1927.3079833984375 529.891845703125 488.9306640625
v 1928.8009033203125 525.7328491210938 483.9806213378906
v 1929.542724609375 523.6360473632812 481.4958190917969
v 1929.7275390625 523.1101684570312 480.8738708496094
v 1929.9088134765625 522.5932006835938 480.2629089355469
v 1930.2630615234375 521.5782470703125 479.0650329589844
v 1931.66748046875 517.5006713867188 474.27142333984375
v 1933.04931640625 513.401611328125 469.4826354980469
v 1933.2203369140625 512.88818359375 468.8848876953125
v 1933.3909912109375 512.3746337890625 468.2874450683594
v 1933.73095703125 511.34716796875 467.09356689453125
v 1934.405517578125 509.2916564941406 464.7105712890625
v 1935.7330322265625 505.1817626953125 459.9674072265625
v 1936.3853759765625 503.12933349609375 457.6094055175781
v 1936.5472412109375 502.61663818359375 457.021484375
v 1936.587646484375 502.4884948730469 456.8746032714844
v 1936.6280517578125 502.3603820800781 456.7277526855469
v 1936.7086181640625 502.10418701171875 456.4342346191406
v 1937.02978515625 501.0800476074219 455.2619934082031
v 1938.293212890625 496.9961242675781 450.6047668457031
v 1939.5218505859375 492.9372253417969 446.0032653808594
v 1939.6728515625 492.43194580078125 445.43231201171875
v 1939.7105712890625 492.3056945800781 445.28973388671875
v 1939.7481689453125 492.1794738769531 445.147216796875
v 1939.8233642578125 491.9271545410156 444.86236572265625
v 1940.1226806640625 490.9192199707031 443.7255554199219
v 1940.7142333984375 488.9103088378906 441.4646911621094
v 1941.8690185546875 484.92236328125 436.99615478515625
v 1942.4322509765625 482.9445495605469 434.7896423339844
v 1942.710205078125 481.95989990234375 433.6935119628906
v 1943.001220703125 480.92340087890625 432.5413818359375
v 1943.576171875 478.8547668457031 430.24761962890625
v 1944.140869140625 476.7944030761719 427.9710388183594
v 1944.6954345703125 474.7395324707031 425.709228515625
v 1945.2401123046875 472.68756103515625 423.4598083496094
v 1945.5086669921875 471.66180419921875 422.3390197753906
v 1945.77490234375 470.6355285644531 421.22015380859375
v 1946.300537109375 468.5798034667969 418.98675537109375
v 1946.576416015625 467.4837951660156 417.8003234863281
v 1946.71337890625 466.93499755859375 417.20745849609375
v 1946.78173828125 466.6603698730469 416.91107177734375
v 1946.849853515625 466.3855895996094 416.61468505859375
v 1947.38916015625 464.18060302734375 414.24359130859375
v 1947.9189453125 461.96160888671875 411.8705749511719
v 1947.9517822265625 461.8224182128906 411.72210693359375
v 1947.9844970703125 461.6831359863281 411.57366943359375
v 1948.0499267578125 461.40435791015625 411.27667236328125
v 1948.1802978515625 460.8459167480469 410.6824035644531
v 1948.439453125 459.72540283203125 409.4925537109375
v 1948.9510498046875 457.4685974121094 407.1064147949219
v 1949.20361328125 456.33160400390625 405.9095153808594
v 1949.4539794921875 455.18829345703125 404.70947265625
v 1949.9486083984375 452.881103515625 402.2984924316406
v 1950.1929931640625 451.7165832519531 401.08697509765625
v 1950.223388671875 451.5704650878906 400.93524169921875
v 1950.238525390625 451.49737548828125 400.8593444824219
v 1950.2537841796875 451.42425537109375 400.7834167480469
v 1950.314453125 451.1314392089844 400.4795837402344
v 1950.4354248046875 450.54425048828125 399.8709716796875
v 1950.91455078125 448.174560546875 397.4237976074219
v 1951.1512451171875 446.97650146484375 396.1920166015625
v 1951.26904296875 446.3740539550781 395.573974609375
v 1951.3863525390625 445.7692565917969 394.95440673828125
v 1951.851318359375 443.3253479003906 392.45989990234375
v 1952.3077392578125 440.8512878417969 389.948974609375
v 1952.716064453125 438.5716247558594 387.6475524902344
v 1953.119384765625 436.2599182128906 385.32470703125
v 1953.2193603515625 435.6773376464844 384.740966796875
v 1953.269287109375 435.3854064941406 384.4486389160156
v 1953.294189453125 435.2392578125 384.3023986816406
v 1953.306640625 435.1661376953125 384.2292175292969
v 1953.319091796875 435.0929870605469 384.15606689453125
v 1953.5174560546875 433.91937255859375 382.9831848144531
v 1953.9100341796875 431.553955078125 380.62646484375
v 1954.1043701171875 430.3629455566406 379.4432678222656
v 1954.200927734375 429.7655029296875 378.8505859375
v 1954.2491455078125 429.4663391113281 378.55401611328125
v 1954.273193359375 429.316650390625 378.4056701660156
v 1954.28515625 429.24176025390625 378.33148193359375
v 1954.2972412109375 429.1668701171875 378.25726318359375
v 1954.6787109375 426.7618103027344 375.8788757324219
v 1955.0543212890625 424.3424072265625 373.4944152832031
v 1955.239990234375 423.12823486328125 372.3007507324219
v 1955.4239501953125 421.9118347167969 371.1067199707031
v 1955.7874755859375 419.47393798828125 368.7192077636719
v 1955.966796875 418.25323486328125 367.5263366699219
v 1956.055908203125 417.642578125 366.9302673339844
v 1956.100341796875 417.3371887207031 366.6323547363281
v 1956.14453125 417.0318298339844 366.33453369140625
v 1956.4949951171875 414.589111328125 363.9560852050781
v 1956.838623046875 412.1490478515625 361.5867004394531
v 1956.881103515625 411.8443603515625 361.2912902832031
v 1956.90234375 411.69207763671875 361.1436462402344
v 1956.9234619140625 411.539794921875 360.9960632324219
v 1957.0078125 410.9309387207031 360.4062194824219
v 1957.1751708984375 409.71478271484375 359.229248046875
v 1957.5042724609375 407.2898254394531 356.886962890625
v 1957.6658935546875 406.0816650390625 355.7222900390625
v 1957.7060546875 405.7801513671875 355.43182373046875
v 1957.72607421875 405.62945556640625 355.2867126464844
v 1957.74609375 405.47882080078125 355.1416931152344
v 1957.82568359375 404.8769226074219 354.5623779296875
v 1958.13916015625 402.4795227050781 352.2586975097656
v 1958.4442138671875 400.1004333496094 349.97857666015625
v 1958.4818115234375 399.8044738769531 349.6953430175781
v 1958.4912109375 399.73052978515625 349.62457275390625
v 1958.50048828125 399.6566162109375 349.5538635253906
v 1958.5191650390625 399.5088195800781 349.4125061035156
v 1958.5936279296875 398.9186096191406 348.8481140136719
v 1958.74072265625 397.7425231933594 347.7247009277344
v 1959.0281982421875 395.4089050292969 345.5000305175781
v 1959.16845703125 394.251953125 344.3993835449219
v 1959.3099365234375 393.07122802734375 343.2777099609375
v 1959.5916748046875 390.67706298828125 341.008544921875
v 1959.8634033203125 388.30596923828125 338.7685546875
v 1960.12548828125 385.9527893066406 336.5531921386719
v 1960.378173828125 383.6125183105469 334.3580017089844
v 1960.5009765625 382.4456787109375 333.2665710449219
v 1960.5162353515625 382.2999267578125 333.1304016113281
v 1960.5313720703125 382.1542053222656 332.9942626953125
v 1960.5616455078125 381.8627624511719 332.7221374511719
v 1960.6217041015625 381.2799377441406 332.1783142089844
v 1960.856689453125 378.9476013183594 330.00738525390625
v 1961.0836181640625 376.6099548339844 327.84027099609375
v 1961.0975341796875 376.46356201171875 327.7048645019531
v 1961.111328125 376.317138671875 327.5694274902344
v 1961.1390380859375 376.02410888671875 327.2985534667969
v 1961.1939697265625 375.4374084472656 326.7566223144531
v 1961.3026123046875 374.26116943359375 325.67181396484375
v 1961.51416015625 371.8949890136719 323.4963684082031
v 1961.6171875 370.70379638671875 322.4046630859375
v 1961.6300048828125 370.5544738769531 322.2679748535156
v 1961.6363525390625 370.47979736328125 322.1995849609375
v 1961.6427001953125 370.4050598144531 322.1312255859375
v 1961.6680908203125 370.10589599609375 321.8575439453125
v 1961.7186279296875 369.5062255859375 321.30938720703125
v 1961.916259765625 367.0882568359375 319.10491943359375
v 1962.1075439453125 364.6355895996094 316.878173828125
v 1962.292724609375 362.1421203613281 314.6236877441406
v 1962.47216796875 359.6014709472656 312.3358154296875
v 1962.51611328125 358.95831298828125 311.7580871582031
v 1962.527099609375 358.7969970703125 311.61328125
v 1962.532470703125 358.7162780761719 311.5408020019531
v 1962.5379638671875 358.635498046875 311.4682922363281
v 1962.559814453125 358.311767578125 311.1778564453125
v 1962.6461181640625 357.00775146484375 310.0093078613281
v 1962.815185546875 354.3533935546875 307.6374816894531
v 1962.9796142578125 351.6325378417969 305.2152099609375
v 1963.1397705078125 348.8394470214844 302.73736572265625
v 1963.21826171875 347.41400146484375 301.4759826660156
v 1963.286376953125 346.1471862792969 300.3567199707031
v 1963.407958984375 343.8097839355469 298.2955322265625
v 1963.527099609375 341.4244689941406 296.1971740722656
v 1963.5855712890625 340.21484375 295.13494873046875
v 1963.60009765625 339.9107360839844 294.8680725097656
v 1963.6072998046875 339.7584228515625 294.7344665527344
v 1963.6109619140625 339.68218994140625 294.6676025390625
v 1963.6146240234375 339.60595703125 294.6007080078125
v 1963.6434326171875 338.9945068359375 294.0645446777344
v 1963.7567138671875 336.5247497558594 291.9018859863281
v 1963.8668212890625 334.01910400390625 289.7126770019531
v 1963.920654296875 332.7539367675781 288.60906982421875
v 1963.9273681640625 332.5952453613281 288.4707336425781
v 1963.9306640625 332.5158386230469 288.4015197753906
v 1963.9339599609375 332.4364318847656 288.3323059082031
v 1963.947265625 332.11846923828125 288.0552062988281
v 1963.9736328125 331.48126220703125 287.5001220703125
v 1964.0767822265625 328.9161376953125 285.2686462402344
v 1964.176025390625 326.3277282714844 283.02166748046875
v 1964.2001953125 325.6773986816406 282.4578552246094
v 1964.2122802734375 325.3517761230469 282.1756896972656
v 1964.2152099609375 325.27032470703125 282.1051330566406
v 1964.21826171875 325.1888732910156 282.0345458984375
v 1964.22412109375 325.0259094238281 281.89337158203125
v 1964.271240234375 323.7199401855469 280.7626953125
v 1964.3621826171875 321.09783935546875 278.4962463378906
v 1964.448486328125 318.4651794433594 276.2255859375
v 1964.4898681640625 317.14617919921875 275.08984375
v 1964.530029296875 315.8263854980469 273.95465087890625
v 1964.6064453125 313.1861877441406 271.68768310546875
v 1964.64990234375 311.6008605957031 270.3289794921875
v 1964.660400390625 311.20477294921875 269.98980712890625
v 1964.6707763671875 310.80877685546875 269.65081787109375
v 1964.6912841796875 310.01727294921875 268.97369384765625
v 1964.7679443359375 306.8599548339844 266.2774658203125
v 1964.836181640625 303.7211608886719 263.6052551269531
v 1964.838134765625 303.6234436035156 263.5221862792969
v 1964.840087890625 303.5257568359375 263.43914794921875
v 1964.843994140625 303.3304443359375 263.273193359375
v 1964.851806640625 302.9401550292969 262.941650390625
v 1964.8668212890625 302.1609802246094 262.2801208496094
v 1964.895263671875 300.6083984375 260.9636535644531
v 1964.9449462890625 297.52911376953125 258.3593444824219
v 1964.966064453125 296.0039367675781 257.0728759765625
v 1964.9847412109375 294.4898376464844 255.7981719970703
v 1965.000732421875 292.98779296875 254.5360565185547
v 1965.0140380859375 291.49847412109375 253.2871551513672
v 1965.0247802734375 290.0226135253906 252.05209350585938
v 1965.032958984375 288.5003356933594 250.78103637695312
v 1965.040283203125 285.2916259765625 248.11192321777344
v 1965.0330810546875 282.1416015625 245.506103515625
v 1965.0106201171875 279.0402526855469 242.95594787597656
v 1964.972412109375 275.9778137207031 240.45391845703125
v 1964.969482421875 275.7874755859375 240.29898071289062
v 1964.9664306640625 275.5972595214844 240.14418029785156
v 1964.9603271484375 275.2170715332031 239.8350067138672
v 1964.9471435546875 274.4575500488281 239.21817016601562
v 1964.9176025390625 272.9414978027344 237.99017333984375
v 1964.8455810546875 269.917236328125 235.5537872314453
v 1964.646484375 263.8669128417969 230.73480224609375
v 1964.584716796875 262.34710693359375 229.53611755371094
v 1964.57666015625 262.1567687988281 229.3863525390625
v 1964.5684814453125 261.96636962890625 229.23658752441406
v 1964.552001953125 261.58526611328125 228.93707275390625
v 1964.5179443359375 260.82183837890625 228.3379669189453
v 1964.3687744140625 257.74908447265625 225.9388427734375
v 1964.1982421875 254.6392059326172 223.53038024902344
v 1964.0054931640625 251.48316955566406 221.10597229003906
v 1963.7896728515625 248.27197265625 218.6589813232422
v 1963.5498046875 244.995361328125 216.1818389892578
v 1963.2850341796875 241.6431121826172 213.6670379638672
v 1962.994384765625 238.2063751220703 211.1082000732422
v 1962.6768798828125 234.6764678955078 208.49896240234375
v 1962.5333251953125 233.14308166503906 207.37115478515625
v 1962.3916015625 231.6617889404297 206.2847900390625
v 1962.0943603515625 228.6513671875 204.08609008789062
v 1961.779052734375 225.58094787597656 201.85580444335938
v 1961.4459228515625 222.45513916015625 199.59751892089844
v 1961.09521484375 219.2785186767578 197.31483459472656
v 1960.9132080078125 217.67259216308594 196.16546630859375
v 1960.820556640625 216.865478515625 195.58897399902344
v 1960.7972412109375 216.66326904296875 195.44467163085938
v 1960.77392578125 216.46090698242188 195.30029296875
v 1960.7269287109375 216.0557098388672 195.01136779785156
v 1960.341552734375 212.7920684814453 192.69125366210938
v 1959.939208984375 209.4923858642578 190.35818481445312
v 1959.520263671875 206.1609649658203 188.01553344726562
v 1959.0849609375 202.80210876464844 185.66664123535156
v 1958.6334228515625 199.4200897216797 183.31480407714844
v 1958.401611328125 197.72210693359375 182.13909912109375
v 1958.1661376953125 196.021240234375 180.96478271484375
v 1957.683837890625 192.6129150390625 178.62193298339844
v 1956.675537109375 185.7830810546875 173.9694366455078
v 1955.6102294921875 178.96058654785156 169.3801727294922
v 1955.056884765625 175.56130981445312 167.11630249023438
v 1954.489990234375 172.17491149902344 164.87664794921875
v 1953.909912109375 168.8050994873047 162.66404724121094
v 1953.3170166015625 165.45556640625 160.48126220703125
v 1953.0157470703125 163.78956604003906 159.40194702148438
v 1952.86279296875 162.9528350830078 158.8614959716797
v 1952.702392578125 162.0815887451172 158.2999267578125
v 1952.0533447265625 158.62014770507812 156.08062744140625
v 1951.3924560546875 155.19322204589844 153.90185546875
v 1950.7197265625 151.79672241210938 151.76014709472656
v 1950.035400390625 148.42662048339844 149.65211486816406
v 1949.6888427734375 146.75022888183594 148.60968017578125
v 1949.514404296875 145.9139862060547 148.09117126464844
v 1949.470703125 145.7051239013672 147.96182250976562
v 1949.4488525390625 145.6007080078125 147.89718627929688
v 1949.427001953125 145.49632263183594 147.8325653076172
v 1949.33935546875 145.07891845703125 147.57437133789062
v 1948.631103515625 141.74708557128906 145.5220184326172
v 1947.9105224609375 138.42584228515625 143.49093627929688
v 1946.4320068359375 131.80023193359375 139.48019409179688
v 1945.67431640625 128.48858642578125 137.49436950683594
v 1945.5787353515625 128.0744171142578 137.24684143066406
v 1945.53076171875 127.86730194091797 137.1231231689453
v 1945.48291015625 127.66015625 136.99942016601562
v 1945.290771484375 126.83121490478516 136.5048828125
v 1944.9039306640625 125.17143249511719 135.51669311523438
v 1943.323486328125 118.49900817871094 131.5694580078125
v 1941.6904296875 111.75236511230469 127.6136703491211
v 1941.4825439453125 110.90245056152344 127.11744689941406
v 1941.3782958984375 110.47687530517578 126.869140625
v 1941.352294921875 110.37042236328125 126.80704498291016
v 1941.326171875 110.2639389038086 126.74493408203125
v 1941.27392578125 110.0508804321289 126.62068939208984
v 1940.85400390625 108.34217071533203 125.62512969970703
v 1940.0037841796875 104.90068817138672 123.62447357177734
v 1939.5360107421875 103.01603698730469 122.53109741210938
v 1939.300537109375 102.0696792602539 121.98260498046875
v 1939.1824951171875 101.595458984375 121.7078857421875
v 1939.15283203125 101.47679901123047 121.63915252685547
v 1939.123291015625 101.35808563232422 121.57039642333984
v 1939.0640869140625 101.12052917480469 121.43283081054688
v 1938.1077880859375 97.29369354248047 119.21916961669922
v 1937.134521484375 93.41509246826172 116.97949981689453
v 1936.8946533203125 92.46077728271484 116.42890930175781
v 1936.6776123046875 91.59795379638672 115.93123626708984
v 1936.2410888671875 89.86436462402344 114.93169403076172
v 1935.3587646484375 86.36628723144531 112.91641998291016
v 1934.464111328125 82.8288803100586 110.88081359863281
v 1932.6397705078125 75.64488220214844 106.75440216064453
v 1932.1766357421875 73.82775115966797 105.71235656738281
v 1931.9439697265625 72.91621398925781 105.18988800048828
v 1931.8857421875 72.68801879882812 105.05912780761719
v 1931.8565673828125 72.57388305664062 104.99372100830078
v 1931.8275146484375 72.45970916748047 104.92830657958984
v 1931.710693359375 72.00276184082031 104.66650390625
v 1930.771484375 68.33171844482422 102.56494140625
v 1928.8643798828125 60.91424560546875 98.32794189453125
v 1926.922119140625 53.41085433959961 94.05502319335938
v 1926.799560546875 52.93943405151367 93.78702545166016
v 1926.73828125 52.7036247253418 93.65298461914062
v 1926.677001953125 52.467750549316406 93.51892852783203
v 1926.4315185546875 51.52371597290039 92.98251342773438
v 1925.9390869140625 49.63323974609375 91.90899658203125
v 1924.949462890625 45.843605041503906 89.75971221923828
v 1922.951904296875 38.236907958984375 85.4566650390625
v 1920.93310546875 30.607236862182617 81.15583801269531
v 1918.8968505859375 22.970378875732422 76.86663818359375
v 1916.8465576171875 15.341479301452637 72.59799194335938
v 1915.8216552734375 11.549962043762207 70.48262023925781
v 1914.8109130859375 7.826059341430664 68.40896606445312
v 1912.7828369140625 0.39667609333992004 64.2835922241211
v 1910.7442626953125 -7.015594959259033 60.1829948425293
v 1910.4886474609375 -7.941356658935547 59.671905517578125
v 1910.3607177734375 -8.404193878173828 59.416473388671875
v 1910.2327880859375 -8.867018699645996 59.16110610961914
v 1909.7203369140625 -10.718255996704102 58.1402473449707
v 1908.6927490234375 -14.420858383178711 56.10123062133789
v 1906.6256103515625 -21.830074310302734 52.03197479248047
v 1905.58544921875 -25.53862762451172 50.0006103515625
v 1905.063720703125 -27.394304275512695 48.985504150390625
v 1904.8023681640625 -28.322540283203125 48.47806930541992
v 1904.6715087890625 -28.786766052246094 48.22437286376953
v 1904.5406494140625 -29.25107192993164 47.9706916809082
v 1902.4356689453125 -36.69336700439453 43.91197967529297
v 1900.30810546875 -44.16563034057617 39.85097122192383
v 1899.2354736328125 -47.91508102416992 37.81843948364258
v 1898.69677734375 -49.79348373413086 36.80146789550781
v 1898.1563720703125 -51.67461013793945 35.78388214111328
v 1895.97802734375 -59.22879409790039 31.706008911132812
v 1893.771240234375 -66.83476257324219 27.61374282836914
v 1893.2149658203125 -68.74498748779297 26.588075637817383
v 1892.6661376953125 -70.62686157226562 25.57843780517578
v 1891.591796875 -74.30271911621094 23.608606338500977
v 1889.423583984375 -81.69098663330078 19.658227920532227
v 1887.231201171875 -89.12261199951172 15.696080207824707
v 1886.6795654296875 -90.98655700683594 14.704046249389648
v 1886.54150390625 -91.4529037475586 14.45595645904541
v 1886.4033203125 -91.91937255859375 14.207837104797363
v 1886.126708984375 -92.85269927978516 13.711526870727539
v 1885.0172119140625 -96.59071350097656 11.725430488586426
v 1882.784423828125 -104.08708953857422 7.750223159790039
v 1880.534912109375 -111.60588073730469 3.7731478214263916
v 1880.252685546875 -112.54703521728516 3.276005744934082
v 1879.97021484375 -113.48844909667969 2.7788782119750977
v 1879.4046630859375 -115.37189483642578 1.784737467765808
v 1878.2711181640625 -119.14090728759766 -0.20290948450565338
v 1875.995361328125 -126.68524169921875 -4.174682140350342
v 1873.7093505859375 -134.23397827148438 -8.139966011047363
v 1873.4267578125 -135.16525268554688 -8.628564834594727
v 1873.14404296875 -136.0965118408203 -9.117016792297363
v 1872.5782470703125 -137.95883178710938 -10.093451499938965
v 1871.445556640625 -141.68260192871094 -12.044341087341309
v 1869.1756591796875 -149.12484741210938 -15.937422752380371
v 1866.9013671875 -156.55686950683594 -19.817495346069336
v 1866.883544921875 -156.61488342285156 -19.84775161743164
v 1866.86572265625 -156.6728973388672 -19.878009796142578
v 1866.8302001953125 -156.7889404296875 -19.93852996826172
v 1866.759033203125 -157.02101135253906 -20.059558868408203
v 1866.61669921875 -157.485107421875 -20.301576614379883
v 1866.3321533203125 -158.4131622314453 -20.785442352294922
v 1865.7626953125 -160.2686767578125 -21.752513885498047
v 1864.6229248046875 -163.9775848388672 -23.68409538269043
v 1860.049560546875 -178.79348754882812 -31.37952423095703
v 1857.751220703125 -186.19615173339844 -35.21110153198242
v 1855.4422607421875 -193.60162353515625 -39.03436279296875
v 1853.1209716796875 -201.0133819580078 -42.8504524230957
v 1850.78564453125 -208.4344940185547 -46.660247802734375
v 1850.7490234375 -208.550537109375 -46.719730377197266
v 1850.7308349609375 -208.6082763671875 -46.74931716918945
v 1850.712646484375 -208.66590881347656 -46.77885818481445
v 1850.639892578125 -208.8964385986328 -46.897010803222656
v 1850.494384765625 -209.3575439453125 -47.13330078125
v 1850.203125 -210.27992248535156 -47.605831146240234
v 1849.619873046875 -212.1254119873047 -48.55070114135742
v 1848.4500732421875 -215.81935119628906 -50.43970489501953
v 1846.0970458984375 -223.22035217285156 -54.214996337890625
v 1843.724609375 -230.64097595214844 -57.987091064453125
v 1841.3311767578125 -238.0836639404297 -61.75638198852539
v 1840.126220703125 -241.81398010253906 -63.64006805419922
v 1839.521484375 -243.68150329589844 -64.58168029785156
v 1839.44580078125 -243.91505432128906 -64.69937133789062
v 1839.4268798828125 -243.97344970703125 -64.72879791259766
v 1839.4256591796875 -243.9770965576172 -64.73063659667969
v 1839.425048828125 -243.97891235351562 -64.73155212402344
v 1839.4244384765625 -243.98072814941406 -64.73246765136719
v 1839.422119140625 -243.9879913330078 -64.73612976074219
v 1839.41748046875 -244.0025177001953 -64.74344635009766
v 1839.407958984375 -244.0315704345703 -64.75808715820312
v 1839.370361328125 -244.1477813720703 -64.81663513183594
v 1839.2196044921875 -244.61268615722656 -65.05082702636719
v 1838.9178466796875 -245.5427703857422 -65.5191879272461
v 1836.490966796875 -252.9960174560547 -69.26361846923828
v 1834.04248046875 -260.4676208496094 -73.00153350830078
v 1832.810546875 -264.20855712890625 -74.8670654296875
v 1832.1927490234375 -266.08001708984375 -75.7988052368164
v 1831.8834228515625 -267.0159606933594 -76.26439666748047
v 1831.57373046875 -267.9519958496094 -76.72978210449219
v 1829.0869140625 -275.4418640136719 -80.44438171386719
v 1826.583984375 -282.9306640625 -84.14178466796875
v 1825.3267822265625 -286.6729431152344 -85.98310089111328
v 1824.6968994140625 -288.54327392578125 -86.9017562866211
v 1824.3817138671875 -289.4781799316406 -87.36055755615234
v 1824.066162109375 -290.4129333496094 -87.81900024414062
v 1821.535888671875 -297.8816833496094 -91.47235107421875
v 1818.994873046875 -305.3304443359375 -95.09843444824219
v 1817.720947265625 -309.0456848144531 -96.900390625
v 1817.083251953125 -310.9007263183594 -97.79844665527344
v 1816.76416015625 -311.82757568359375 -98.2467269897461
v 1816.6046142578125 -312.2908020019531 -98.4706802368164
v 1816.5247802734375 -312.52239990234375 -98.58261108398438
v 1816.4449462890625 -312.7539367675781 -98.69450378417969
v 1813.8880615234375 -320.1455993652344 -102.25724029541016
v 1811.326416015625 -327.4990234375 -105.78346252441406
v 1808.76171875 -334.8092346191406 -109.27072143554688
v 1808.0994873046875 -336.68829345703125 -110.16413116455078
v 1807.423583984375 -338.6027526855469 -111.07315826416016
v 1806.07177734375 -342.421875 -112.88308715820312
v 1805.39599609375 -344.32659912109375 -113.7841796875
v 1805.0582275390625 -345.2778015136719 -114.23380279541016
v 1804.8892822265625 -345.75311279296875 -114.45838165283203
v 1804.720458984375 -346.22821044921875 -114.68281555175781
v 1803.3697509765625 -350.0223388671875 -116.47318267822266
v 1802.020263671875 -353.80487060546875 -118.2550277709961
v 1801.3460693359375 -355.69189453125 -119.14300537109375
v 1801.009033203125 -356.6343994140625 -119.58629608154297
v 1800.9249267578125 -356.8699035644531 -119.6970443725586
v 1800.8406982421875 -357.1053771972656 -119.80776977539062
v 1800.6722412109375 -357.5762023925781 -120.02914428710938
v 1799.326171875 -361.33709716796875 -121.79647827148438
v 1797.9822998046875 -365.0884094238281 -123.55796813964844
v 1796.6412353515625 -368.8307800292969 -125.31454467773438
v 1795.304443359375 -372.5621643066406 -127.06578826904297
v 1695.96484375 810.2535400390625 1043.07568359375
v 1668.1300048828125 781.0952758789062 1079.7591552734375
v 1751.1854248046875 529.2382202148438 1148.381591796875
v 1693.73486328125 474.0279846191406 1215.822998046875
v 1694.250244140625 608.7071533203125 1148.0047607421875
v 1696.480712890625 843.779052734375 1025.2109375
v 1682.7701416015625 831.7675170898438 1042.946044921875
v 1683.39208984375 865.93017578125 1025.02294921875
v 1722.7806396484375 827.51171875 1009.3787231445312
v 1750.702880859375 714.8663330078125 1043.663818359375
v 1722.09521484375 698.5629272460938 1080.3726806640625
v 1722.3695068359375 765.0017700195312 1043.3709716796875
v 1749.863037109375 829.0480346679688 975.200439453125
v 1683.5684814453125 874.162353515625 1020.7417602539062
v 1680.0511474609375 871.4218139648438 1024.978759765625
v 1696.7796630859375 859.7723388671875 1016.8176879882812
v 1689.9796142578125 854.9041748046875 1025.1151123046875
v 1690.3134765625 871.0615844726562 1016.6788940429688
v 1709.84619140625 851.9103393554688 1009.0369873046875
v 1722.5579833984375 797.2759399414062 1025.5933837890625
v 1709.046875 788.12109375 1043.22021484375
v 1709.4110107421875 821.0292358398438 1025.406005859375
v 1683.065185546875 849.0604858398438 1033.8507080078125
v 1676.020263671875 842.40771484375 1042.8896484375
v 1676.3287353515625 859.8658447265625 1033.7874755859375
v 1695.54443359375 775.6182861328125 1061.66064453125
v 1681.8428955078125 761.2000732421875 1079.897216796875
v 1682.2626953125 796.489990234375 1061.510986328125
v 1694.680419921875 675.7439575195312 1113.97998046875
v 1666.802734375 644.1953125 1147.775634765625
v 1667.435302734375 713.1450805664062 1113.7950439453125
v 1683.224365234375 857.5572509765625 1029.3966064453125
v 1679.71533203125 854.4672241210938 1033.8182373046875
v 1679.87890625 863.0059204101562 1029.359619140625
v 1696.2095947265625 827.2312622070312 1033.9932861328125
v 1689.4036865234375 821.0648193359375 1043.0084228515625
v 1689.6768798828125 838.1983032226562 1033.919677734375
v 1683.4791259765625 870.0645141601562 1022.8704223632812
v 1681.72607421875 868.6771240234375 1025.0006103515625
v 1681.814453125 872.8223266601562 1022.8458251953125
v 1690.1429443359375 863.051513671875 1020.8536376953125
v 1686.6995849609375 860.4263916015625 1025.0684814453125
v 1686.8699951171875 868.6156005859375 1020.7972412109375
v 1686.9581298828125 872.6575927734375 1018.695068359375
v 1685.22314453125 871.3907470703125 1020.7693481445312
v 1723.0135498046875 856.4915771484375 993.06787109375
v 1685.267822265625 873.4212646484375 1019.7144165039062
v 1684.3968505859375 872.7769165039062 1020.7554931640625
v 1686.78369140625 864.5394287109375 1022.9205322265625
v 1685.0496826171875 863.18017578125 1025.0455322265625
v 1685.13525390625 867.3037719726562 1022.8953247070312
v 1689.824462890625 846.614013671875 1029.474853515625
v 1686.3837890625 843.6395263671875 1033.884521484375
v 1686.53759765625 852.0953369140625 1029.43505859375
v 1688.6839599609375 873.8676147460938 1016.6444091796875
v 1690.2274169921875 867.0721435546875 1018.7574462890625
v 1688.5096435546875 865.8361206054688 1020.8253173828125
v 1688.5960693359375 869.8673706054688 1018.7261352539062
v 1693.5552978515625 865.431640625 1016.7482299804688
v 1696.626953125 851.8453979492188 1020.9683837890625
v 1693.2381591796875 849.357177734375 1025.1627197265625
v 1693.393310546875 857.463623046875 1020.9108276367188
v 1703.4735107421875 863.706298828125 1008.8494873046875
v 1709.621826171875 836.7075805664062 1017.09130859375
v 1702.9422607421875 832.5042724609375 1025.30859375
v 1703.19970703125 848.3388061523438 1016.9560546875
v 1690.4007568359375 875.0231323242188 1014.6138305664062
v 1696.93701171875 867.5848388671875 1012.7249145507812
v 1693.722412109375 873.2866821289062 1012.6415405273438
v 1693.6383056640625 869.3716430664062 1014.6900024414062
v 1691.93701171875 868.2498779296875 1016.7135009765625
v 1692.022216796875 872.2005615234375 1014.6519165039062
v 1692.065185546875 874.1664428710938 1013.6249389648438
v 1691.212158203125 873.6126098632812 1014.6328735351562
v 1691.2557373046875 875.5812377929688 1013.60498046875
v 1710.074951171875 866.8275756835938 1000.947509765625
v 1691.23388671875 874.59765625 1014.11865234375
v 1690.806640625 874.3180541992188 1014.6233520507812
v 1690.8284912109375 875.3037719726562 1014.1089477539062
v 1691.9793701171875 870.228515625 1015.6812744140625
v 1691.1258544921875 869.656494140625 1016.6961669921875
v 1690.35693359375 873.045654296875 1015.6449584960938
v 1691.1688232421875 871.6378173828125 1015.6630859375
v 1693.4736328125 861.46337890625 1018.8203735351562
v 1691.7706298828125 860.2609252929688 1020.8821411132812
v 1691.85302734375 864.2710571289062 1018.788818359375
v 1691.244873046875 875.089599609375 1013.8617553710938
v 1691.03125 874.9507446289062 1014.11376953125
v 1690.8394775390625 875.7960815429688 1013.8519287109375
v 1691.042236328125 875.4429321289062 1013.8568115234375
v 1691.66064453125 874.8740234375 1013.6149291992188
v 1692.043701171875 873.1842651367188 1014.1381225585938
v 1691.6173095703125 872.9067993164062 1014.6423950195312
v 1691.638916015625 873.8911743164062 1014.12841796875
v 1692.916015625 874.7073974609375 1012.6206665039062
v 1693.6802978515625 871.3320922851562 1013.6648559570312
v 1692.8309326171875 870.7869873046875 1014.6709594726562
v 1692.873291015625 872.7501220703125 1013.6448974609375
v 1695.3316650390625 870.439697265625 1012.6832885742188
v 1696.85791015625 863.6912841796875 1014.7662353515625
v 1695.1693115234375 862.6060791015625 1016.782958984375
v 1695.25 866.5355224609375 1014.7281494140625
v 1700.2890625 869.5281372070312 1008.7529907226562
v 1703.335205078125 856.068603515625 1012.889892578125
v 1699.992431640625 854.0769653320312 1016.8870849609375
v 1700.1392822265625 861.8477783203125 1012.8078002929688
v 1692.0867919921875 875.1471557617188 1013.1121826171875
v 1691.682373046875 875.85546875 1013.1019897460938
v 1703.613037109375 871.276611328125 1004.798828125
v 1703.682861328125 875.044189453125 1002.7584228515625
v 1702.027099609375 874.2153930664062 1004.7432250976562
v 1706.91162109375 872.8432006835938 1000.8262939453125
v 1709.9605712890625 859.3927612304688 1005.0151977539062
v 1706.6571044921875 857.8360595703125 1008.9442749023438
v 1706.784423828125 865.3621826171875 1004.9082641601562
v 1716.611328125 869.2239990234375 992.808837890625
v 1722.8978271484375 842.0709838867188 1001.3909301757812
v 1716.2652587890625 839.8643188476562 1009.2145385742188
v 1716.439697265625 854.6029052734375 1001.1785888671875
v 1736.2589111328125 857.9972534179688 974.7962646484375
v 1750.0838623046875 801.9269409179688 993.8134155273438
v 1736.2608642578125 801.7117919921875 1009.6558227539062
v 1736.2584228515625 829.9141235351562 993.4989624023438
v 1776.828369140625 813.8994750976562 933.8082275390625
v 1806.357666015625 707.1742553710938 975.6812133789062
v 1778.9412841796875 718.4593505859375 1010.0922241210938
v 1777.6173095703125 769.4774169921875 975.6381225585938
v 1702.0634765625 876.1061401367188 1003.7228393554688
v 1701.2337646484375 875.6806030273438 1004.7152709960938
v 1703.543212890625 867.498291015625 1006.82763671875
v 1701.8817138671875 866.622802734375 1008.8013916015625
v 1700.364501953125 873.3422241210938 1006.7236328125
v 1701.954345703125 870.4258422851562 1006.77587890625
v 1701.667236328125 876.8405151367188 1003.7084350585938
v 1702.0452880859375 875.1610717773438 1004.2334594726562
v 1701.6304931640625 874.9483642578125 1004.729248046875
v 1701.2523193359375 876.6277465820312 1004.2050170898438
v 1701.64892578125 875.8947143554688 1004.21923828125
v 1703.64794921875 873.1615600585938 1003.7803344726562
v 1702.8201904296875 872.7474365234375 1004.7710571289062
v 1702.8558349609375 874.63525390625 1003.7516479492188
v 1705.3319091796875 875.8301391601562 1000.7644653320312
v 1706.84814453125 869.1068115234375 1002.8753051757812
v 1705.198486328125 868.3258056640625 1004.8538208007812
v 1705.2652587890625 872.0819091796875 1002.8171997070312
v 1710.1883544921875 874.2386474609375 996.7969360351562
v 1701.99072265625 872.3221435546875 1005.7607421875
v 1701.15966796875 871.8853759765625 1006.7498168945312
v 1700.4022216796875 875.244140625 1005.7066040039062
v 1701.1966552734375 873.7844848632812 1005.7337036132812
v 1698.6944580078125 872.423095703125 1008.7042236328125
v 1698.772705078125 876.2483520507812 1006.6710815429688
v 1713.4473876953125 875.4713745117188 992.6702270507812
v 1716.5263671875 861.9166870117188 997.054443359375
v 1713.2489013671875 860.7499389648438 1001.0651245117188
v 1713.34912109375 868.1123046875 996.9280395507812
v 1723.1236572265625 870.9490356445312 984.098388671875
v 1713.3985595703125 871.790771484375 994.8165893554688
v 1711.76708984375 871.1836547851562 996.863037109375
v 1711.8197021484375 874.8749389648438 994.7483520507812
v 1716.694091796875 876.5476684570312 988.4036865234375
v 1711.8458251953125 876.7213134765625 993.6782836914062
v 1711.0316162109375 876.4108276367188 994.7138061523438
v 1711.832763671875 875.7980346679688 994.2144775390625
v 1711.425537109375 875.6433715820312 994.7311401367188
v 1711.4388427734375 876.5673217773438 994.197021484375
v 1713.423095703125 873.630615234375 993.748046875
v 1712.608642578125 873.3349609375 994.7826538085938
v 1712.634033203125 875.1781005859375 993.7133178710938
v 1715.0269775390625 872.3568115234375 992.740234375
v 1716.569091796875 865.5697021484375 994.94921875
v 1714.9351806640625 865.0236206054688 996.9918823242188
v 1714.9813232421875 868.6893920898438 994.883544921875
v 1719.7978515625 862.8999633789062 992.9415893554688
v 1722.9560546875 849.28759765625 997.290771484375
v 1719.6539306640625 848.3790283203125 1001.287353515625
v 1719.7264404296875 855.6443481445312 997.175537109375
v 1729.556640625 843.39306640625 993.298583984375
v 1736.259765625 815.9005126953125 1001.7451171875
v 1729.440673828125 814.7982177734375 1009.5262451171875
v 1729.4989013671875 829.174560546875 1001.5802612304688
v 1750.5401611328125 745.71728515625 1025.9010009765625
v 1736.249755859375 740.5709228515625 1043.519775390625
v 1736.25927734375 772.1615600585938 1025.759521484375
v 1809.98779296875 606.59912109375 1044.1710205078125
v 1780.5772705078125 601.9198608398438 1080.956787109375
v 1780.0101318359375 661.9319458007812 1043.9288330078125
v 1868.94921875 345.45098876953125 1148.62451171875
v 1811.0626220703125 320.70501708984375 1215.8377685546875
v 1811.2447509765625 438.761474609375 1148.560791015625
v 1711.79345703125 873.0291748046875 995.8097534179688
v 1710.977294921875 872.713134765625 996.8301391601562
v 1710.21630859375 876.0905151367188 995.7420043945312
v 1711.0045166015625 874.5618286132812 995.7760009765625
v 1713.2991943359375 864.4329833984375 999.0093383789062
v 1711.6602783203125 863.7969360351562 1001.0068359375
v 1710.1318359375 870.5346069335938 998.8848876953125
v 1711.7138671875 867.4920043945312 998.9476318359375
v 1716.3524169921875 847.259765625 1005.2192993164062
v 1713.0467529296875 845.922119140625 1009.1272583007812
v 1713.1478271484375 853.3610229492188 1005.1190185546875
v 1722.666015625 812.6383056640625 1017.3427124023438
v 1715.9339599609375 809.3032836914062 1025.5015869140625
v 1716.094482421875 824.8252563476562 1017.2210693359375
v 1711.83935546875 876.2596435546875 993.9466552734375
v 1711.6358642578125 876.1828002929688 994.2057495117188
v 1711.642333984375 876.6446533203125 993.9379272460938
v 1712.2398681640625 875.9502563476562 993.6958618164062
v 1712.621337890625 874.2564086914062 994.2490844726562
v 1712.214111328125 874.10546875 994.7655639648438
v 1712.2269287109375 875.0277709960938 994.2318115234375
v 1713.3739013671875 869.951416015625 995.8764038085938
v 1712.5576171875 869.6500854492188 996.8956909179688
v 1712.583251953125 871.4923706054688 995.8432006835938
v 1712.6466064453125 876.0999755859375 993.1752319335938
v 1712.2525634765625 876.8729858398438 993.1575927734375
v 1716.653076171875 872.88232421875 990.6286010742188
v 1715.0718994140625 876.0287475585938 990.55712890625
v 1723.069580078125 863.7047119140625 988.6834106445312
v 1719.867431640625 870.1683349609375 988.5470581054688
v 1729.664306640625 871.9610595703125 974.543701171875
v 1736.2579345703125 843.9147338867188 984.5950927734375
v 1729.6123046875 857.6221313476562 984.3638305664062
v 1749.704345703125 855.1190795898438 954.0626831054688
v 1716.6737060546875 874.7139892578125 989.5220336914062
v 1715.86181640625 874.4578857421875 990.5930786132812
v 1718.277587890625 873.3680419921875 988.4761962890625
v 1719.8328857421875 866.5311279296875 990.7667846679688
v 1718.201416015625 866.072021484375 992.8759765625
v 1718.23974609375 869.716796875 990.698486328125
v 1716.6839599609375 875.6305541992188 988.96435546875
v 1716.2783203125 875.5040893554688 989.5039672851562
v 1716.2886962890625 876.4215087890625 988.9461669921875
v 1719.9013671875 873.8142700195312 986.2774658203125
v 1717.485107421875 874.9603271484375 988.4401245117188
v 1718.2587890625 871.5414428710938 989.59326171875
v 1717.4456787109375 871.302001953125 990.6637573242188
v 1717.4654541015625 873.130126953125 989.5578002929688
v 1716.68896484375 876.0890502929688 988.6843872070312
v 1716.486328125 876.0261840820312 988.9552612304688
v 1716.491455078125 876.4849243164062 988.67529296875
v 1717.0894775390625 875.7545776367188 988.4219360351562
v 1717.475341796875 874.044921875 989.00048828125
v 1717.0694580078125 873.9226684570312 989.5399780273438
v 1717.0794677734375 874.8383178710938 988.9824829101562
v 1717.0943603515625 876.2129516601562 988.1405639648438
v 1716.8917236328125 876.1513061523438 988.412841796875
v 1716.896728515625 876.60986328125 988.1314086914062
v 1716.894287109375 876.3805541992188 988.272216796875
v 1716.7928466796875 876.3494873046875 988.4082641601562
v 1716.79541015625 876.578857421875 988.2676391601562
v 1717.08447265625 875.29638671875 988.7025756835938
v 1716.881591796875 875.234619140625 988.9734497070312
v 1716.88671875 875.69287109375 988.6935424804688
v 1721.525146484375 874.221435546875 984.0267944335938
v 1723.096923828125 867.3216552734375 986.4183959960938
v 1721.4644775390625 866.9475708007812 988.6161499023438
v 1721.4951171875 870.5789794921875 986.348876953125
v 1726.347900390625 864.3344116210938 984.2354125976562
v 1729.5848388671875 850.4957275390625 988.9326782226562
v 1726.2647705078125 849.9910888671875 993.1870727539062
v 1726.3070068359375 857.1490478515625 988.8121337890625
v 1729.638916015625 864.78759765625 979.5594482421875
v 1726.3873291015625 871.5626831054688 979.4246215820312
v 1729.6517333984375 868.3766479492188 977.0747680664062
v 1728.008056640625 868.187255859375 979.4931030273438
v 1728.0240478515625 871.792724609375 977.0072021484375
v 1732.9429931640625 865.0247802734375 974.67431640625
v 1736.2581787109375 850.9552001953125 979.8027954101562
v 1732.9161376953125 850.8143920898438 984.483642578125
v 1732.9296875 857.917236328125 979.6854248046875
v 1742.9962158203125 843.6832885742188 975.0147094726562
v 1749.9683837890625 815.469970703125 984.9600830078125
v 1743.105712890625 816.0823974609375 993.6702270507812
v 1743.0478515625 829.8543090820312 984.7933959960938
v 1763.568115234375 799.711181640625 975.4736938476562
v 1778.263671875 744.208740234375 994.1270141601562
v 1764.4713134765625 746.9354248046875 1010.005615234375
v 1764.005615234375 773.5194091796875 994.0167236328125
v 1736.2603759765625 864.9891967773438 969.6264038085938
v 1732.9559326171875 872.0845947265625 969.5015869140625
v 1749.773193359375 842.39453125 964.7678833007812
v 1742.9539794921875 857.2947387695312 964.5718383789062
v 1763.07568359375 845.910400390625 933.6461791992188
v 1777.1046142578125 793.589599609375 954.572998046875
v 1763.233154296875 824.7821044921875 954.36376953125
v 1805.18017578125 773.56787109375 897.4090576171875
v 1732.949462890625 868.5639038085938 972.1049194335938
v 1731.298828125 868.5045166015625 974.610107421875
v 1731.308349609375 872.0606689453125 972.0399169921875
v 1731.3035888671875 870.2844848632812 973.3296508789062
v 1730.4803466796875 870.2357177734375 974.5772094726562
v 1729.6705322265625 873.74951171875 973.2627563476562
v 1730.48583984375 872.0198974609375 973.2965087890625
v 1732.9364013671875 861.4736938476562 977.2033081054688
v 1731.279541015625 861.3640747070312 979.62353515625
v 1731.289306640625 864.9368286132812 977.14013671875
v 1730.488525390625 872.91064453125 972.6526489257812
v 1730.077880859375 872.8854370117188 973.2797241210938
v 1730.4898681640625 873.3556518554688 972.3298950195312
v 1730.2845458984375 873.3441162109375 972.6442260742188
v 1730.2860107421875 873.7894287109375 972.3214721679688
v 1730.8994140625 872.9312744140625 972.0233154296875
v 1731.305908203125 871.173095703125 972.6858520507812
v 1730.8944091796875 871.1528930664062 973.3131103515625
v 1730.89697265625 872.0426025390625 972.6693115234375
v 1732.127685546875 870.315185546875 972.0726928710938
v 1732.9462890625 866.7962646484375 973.394287109375
v 1732.1197509765625 866.7675170898438 974.6424560546875
v 1732.123779296875 868.543212890625 973.3622436523438
v 1734.6036376953125 868.5479736328125 969.5650634765625
v 1736.259521484375 861.5027465820312 972.228515625
v 1734.596435546875 861.5221557617188 974.736328125
v 1734.5999755859375 865.04443359375 972.1677856445312
v 1739.5914306640625 864.628173828125 964.462158203125
v 1742.9737548828125 850.5413208007812 969.8510131835938
v 1739.610595703125 850.8822631835938 974.90966796875
v 1739.60009765625 857.8069458007812 969.7427978515625
v 1732.9527587890625 870.3269653320312 970.80712890625
v 1732.131591796875 872.08251953125 970.7747192382812
v 1736.26123046875 868.4501342773438 966.9962768554688
v 1734.6072998046875 872.0261840820312 966.9345703125
v 1734.60546875 870.2906494140625 968.2528686523438
v 1733.778564453125 870.319091796875 969.5335693359375
v 1733.7811279296875 872.0661010742188 968.2213134765625
v 1742.937255859375 863.89306640625 959.2279052734375
v 1735.43310546875 870.2409057617188 966.9656982421875
v 1737.922607421875 868.2642211914062 964.4043579101562
v 1739.5955810546875 861.233642578125 967.113525390625
v 1737.9259033203125 861.40869140625 969.6856689453125
v 1737.924072265625 864.8524780273438 967.055908203125
v 1735.4337158203125 871.1035766601562 966.3045043945312
v 1735.0198974609375 871.1342163085938 966.9501953125
v 1735.0206298828125 871.9979858398438 966.2889404296875
v 1736.2607421875 866.7232666015625 968.314453125
v 1735.4307861328125 866.7713012695312 969.5960083007812
v 1735.4320068359375 868.5097045898438 968.283935546875
v 1734.6063232421875 871.1593627929688 967.5944213867188
v 1734.1929931640625 871.1790771484375 968.2371826171875
v 1734.194091796875 872.048828125 967.5786743164062
v 1735.020263671875 871.5663452148438 966.6197509765625
v 1734.8134765625 871.5803833007812 966.9423828125
v 1734.81396484375 872.0128173828125 966.6119384765625
v 1735.4326171875 869.376220703125 967.62548828125
v 1735.0184326171875 869.40087890625 968.2684936523438
v 1735.0191650390625 870.2684936523438 967.6100463867188
v 1746.29931640625 862.7393188476562 953.9696044921875
v 1749.73583984375 848.8589477539062 959.42431640625
v 1746.348388671875 849.88232421875 964.6736450195312
v 1746.321533203125 856.4132690429688 959.3297119140625
v 1756.42041015625 840.0703735351562 954.2252197265625
v 1763.383056640625 812.5557861328125 965.0650024414062
v 1756.6663818359375 814.5050659179688 975.351318359375
v 1756.529296875 827.598388671875 964.9300537109375
v 1749.6793212890625 861.1260986328125 948.7330322265625
v 1763.1275634765625 836.0227661132812 943.7606201171875
v 1756.3472900390625 851.542236328125 943.6325073242188
v 1776.8701171875 829.3700561523438 914.5440673828125
v 1752.991943359375 859.217041015625 943.5614013671875
v 1756.37890625 845.9550170898438 948.89013671875
v 1753.049560546875 847.6262817382812 954.1470336914062
v 1753.0164794921875 853.571533203125 948.8143310546875
v 1751.3236083984375 863.0319213867188 943.5239868164062
v 1753.003173828125 856.4347534179688 946.1748046875
v 1751.3447265625 857.3567504882812 948.7744140625
v 1751.3331298828125 860.2349853515625 946.135986328125
v 1756.326416015625 856.7846069335938 938.5018310546875
v 1763.0863037109375 854.70751953125 923.7098388671875
v 1756.3203125 859.2617797851562 935.9995727539062
v 1759.6856689453125 853.798583984375 933.598388671875
v 1763.0943603515625 841.1586303710938 938.6178588867188
v 1759.7261962890625 843.8097534179688 943.6988525390625
v 1759.6993408203125 848.9982299804688 938.561767578125
v 1769.9158935546875 829.9906005859375 933.7328491210938
v 1776.9305419921875 804.39208984375 943.9630737304688
v 1770.131591796875 809.2799072265625 954.4793701171875
v 1769.9920654296875 820.2977294921875 943.8705444335938
v 1790.8306884765625 781.2992553710938 933.9269409179688
v 1805.5235595703125 729.4625854492188 954.74951171875
v 1791.9129638671875 738.560546875 975.7039184570312
v 1791.230712890625 761.7477416992188 954.6987915039062
v 1833.5550537109375 681.8810424804688 934.0645141601562
v 1863.6771240234375 581.2006225585938 974.9098510742188
v 1837.757568359375 600.0191650390625 1009.9918823242188
v 1835.3031005859375 643.8485717773438 975.4113159179688
v 1917.7237548828125 486.5602722167969 933.7239990234375
v 1973.3831787109375 305.4300231933594 1008.4180297851562
v 1921.2769775390625 343.7624206542969 1081.78173828125
v 1920.024169921875 424.90234375 1009.062744140625
v 1763.0726318359375 850.5285034179688 928.5648193359375
v 1769.9814453125 845.7362670898438 914.5602416992188
v 1776.80810546875 822.3724365234375 923.7857666015625
v 1769.91259765625 838.6198120117188 923.7496337890625
v 1791.1153564453125 807.1773071289062 897.5322265625
v 1804.9071044921875 762.861328125 914.517578125
v 1790.80908203125 796.2821044921875 914.5235595703125
v 1834.3719482421875 725.54638671875 865.3181762695312
v 1861.607666015625 639.331787109375 897.3663940429688
v 1833.4754638671875 706.1272583007812 897.3104248046875
v 1973.39599609375 387.2185363769531 865.51953125
v 1917.896484375 523.0252075195312 865.4174194335938
v 1757.9986572265625 857.723388671875 933.5733642578125
v 1759.6907958984375 851.4498291015625 936.0552978515625
v 1758.010009765625 852.8983154296875 938.5322875976562
v 1758.002685546875 855.362548828125 936.02783203125
v 1758.000244140625 856.5562744140625 934.7940063476562
v 1757.160888671875 857.3138427734375 936.0137939453125
v 1757.15869140625 858.5106811523438 934.780517578125
v 1769.9388427734375 842.341796875 919.0672607421875
v 1766.490234375 846.68505859375 923.730224609375
v 1766.51806640625 850.4411010742188 919.0619506835938
v 1776.9998779296875 835.2883911132812 905.91064453125
v 1766.502197265625 848.6077270507812 921.37255859375
v 1764.785888671875 850.7018432617188 923.7201538085938
v 1764.7982177734375 852.6336059570312 921.3661499023438
v 1769.9044189453125 834.5196533203125 928.6305541992188
v 1766.486083984375 837.973388671875 933.6909790039062
v 1766.4791259765625 842.5462646484375 928.5986328125
v 1764.7916259765625 851.6793212890625 922.5370483398438
v 1763.935546875 852.7060546875 923.7150268554688
v 1763.9412841796875 853.6859130859375 922.5328369140625
v 1766.4825439453125 844.6666870117188 926.137939453125
v 1764.7734375 846.5430908203125 928.5819702148438
v 1763.0775146484375 852.669677734375 926.110595703125
v 1764.777587890625 848.673828125 926.1244506835938
v 1763.938232421875 853.198974609375 923.1223754882812
v 1763.5107421875 853.7071533203125 923.7124633789062
v 1763.5135498046875 854.20068359375 923.1200561523438
v 1764.78125 849.7002563476562 924.9158325195312
v 1763.9268798828125 850.6731567382812 926.1175537109375
v 1763.0814208984375 853.7011108398438 924.9037475585938
v 1763.9306640625 851.7020874023438 924.9097900390625
v 1763.7288818359375 854.1871337890625 922.5317993164062
v 1763.939697265625 853.4431762695312 922.8272705078125
v 1763.725830078125 853.6998901367188 923.1212158203125
v 1763.5150146484375 854.4451904296875 922.8250122070312
v 1763.727294921875 853.9442749023438 922.8261108398438
v 1764.3662109375 852.6829833984375 922.5349731445312
v 1764.78857421875 851.1935424804688 923.1270751953125
v 1764.360595703125 851.7042846679688 923.7175903320312
v 1764.36328125 852.1965942382812 923.124755859375
v 1765.649658203125 850.6220092773438 921.3693237304688
v 1766.4957275390625 847.657958984375 922.5453491210938
v 1765.637451171875 848.69482421875 923.7252197265625
v 1765.64306640625 849.6699829101562 922.5411987304688
v 1768.226318359375 846.3964233398438 919.0645751953125
v 1769.923583984375 840.52490234375 921.3850708007812
v 1768.19921875 842.6575927734375 923.7400512695312
v 1768.210693359375 844.5714111328125 921.3788452148438
v 1773.418212890625 837.5701904296875 914.5516357421875
v 1776.8297119140625 826.0308837890625 919.0780639648438
v 1773.352294921875 830.5146484375 923.7681884765625
v 1773.37646484375 834.2041625976562 919.0726318359375
v 1783.8154296875 812.8782958984375 914.5318603515625
v 1790.770263671875 789.4893188476562 923.8474731445312
v 1783.80322265625 797.6610717773438 933.8727416992188
v 1783.763671875 805.988037109375 923.8182983398438
v 1763.94287109375 853.92724609375 922.2392578125
v 1764.3729248046875 853.6383666992188 921.364501953125
v 1764.7947998046875 852.1593017578125 921.9500732421875
v 1764.3695068359375 853.1635131835938 921.9482421875
v 1763.836669921875 854.1779174804688 922.2387084960938
v 1763.9420166015625 853.8067626953125 922.3859252929688
v 1763.8350830078125 853.9365844726562 922.5323486328125
v 1763.8358154296875 854.0574340820312 922.3854370117188
v 1764.156982421875 853.6654052734375 921.947265625
v 1764.3677978515625 852.9240112304688 922.2412109375
v 1764.1536865234375 853.1845703125 922.533935546875
v 1764.1552734375 853.4257202148438 922.240234375
v 1763.8363037109375 854.1177368164062 922.3120727539062
v 1763.78271484375 854.1827392578125 922.3851928710938
v 1769.9581298828125 844.0767822265625 916.7932739257812
v 1768.245849609375 848.1390991210938 916.7942504882812
v 1770.0084228515625 847.3265380859375 912.3654174804688
v 1773.547607421875 843.5324096679688 905.9443359375
v 1776.9273681640625 832.4393920898438 910.162109375
v 1773.475830078125 840.6629028320312 910.1829833984375
v 1784.12890625 823.8921508789062 897.6151123046875
v 1790.9298095703125 802.052978515625 905.8026733398438
v 1783.9425048828125 818.7176513671875 905.8515014648438
v 1805.6697998046875 783.21337890625 881.5728149414062
v 1791.611083984375 816.9518432617188 881.7200317382812
v 1771.7554931640625 844.7626342773438 910.1941528320312
v 1773.445068359375 839.1475830078125 912.3496704101562
v 1771.6978759765625 841.6576538085938 914.5558471679688
v 1771.724853515625 843.2413940429688 912.3573608398438
v 1770.896728515625 846.8093872070312 910.1998901367188
v 1771.73974609375 844.0094604492188 911.271484375
v 1770.8660888671875 845.2850952148438 912.361328125
v 1770.8809814453125 846.0546875 911.2763671875
v 1773.5101318359375 842.1224365234375 908.0487670898438
v 1777.0855712890625 837.966552734375 901.7682495117188
v 1773.567626953125 844.2207641601562 904.9024047851562
v 1775.357177734375 842.1011352539062 901.7904052734375
v 1777.0411376953125 836.6456909179688 903.8271484375
v 1775.2720947265625 839.4140625 905.9271240234375
v 1775.3131103515625 840.7760009765625 903.8466186523438
v 1780.6502685546875 832.2192993164062 897.6621704101562
v 1784.029296875 821.3638916015625 901.6879272460938
v 1780.465087890625 827.0159912109375 905.8797607421875
v 1780.5516357421875 829.677490234375 901.7263793945312
v 1791.34814453125 812.0304565429688 889.5596923828125
v 1784.3585205078125 828.78759765625 889.6607666015625
v 1773.5574951171875 843.8778686523438 905.4225463867188
v 1773.1170654296875 844.560791015625 905.94873046875
v 1773.126953125 844.9065551757812 905.4271240234375
v 1774.4503173828125 842.8384399414062 903.8566284179688
v 1775.2921142578125 840.1000366210938 904.8836669921875
v 1774.409423828125 841.4741821289062 905.9356689453125
v 1774.429443359375 842.1613159179688 904.8929443359375
v 1776.9617919921875 833.8883056640625 908.0214233398438
v 1775.1998291015625 836.5550537109375 910.1723022460938
v 1775.2342529296875 838.0091552734375 908.0347900390625
v 1783.87060546875 815.9052124023438 910.1260375976562
v 1780.3363037109375 821.1385498046875 914.5374755859375
v 1780.3927001953125 824.1859741210938 910.1431274414062
v 1773.5284423828125 842.8331909179688 906.9929809570312
v 1772.6492919921875 844.1760864257812 908.0559692382812
v 1772.6676025390625 844.88818359375 907.0010375976562
v 1773.1220703125 844.7340087890625 905.687744140625
v 1773.5379638671875 843.1842041015625 906.4677734375
v 1773.097900390625 843.8609619140625 906.9970092773438
v 1772.6771240234375 845.2398071289062 906.4762573242188
v 1773.107421875 844.2122802734375 906.4719848632812
v 1775.252685546875 838.7174072265625 906.9774169921875
v 1774.3717041015625 840.0667724609375 908.0416870117188
v 1774.39013671875 840.7762451171875 906.985107421875
v 1773.352294921875 844.7352905273438 904.90478515625
v 1773.5626220703125 844.0496215820312 905.1622314453125
v 1773.34228515625 844.3922729492188 905.4248046875
v 1773.3472900390625 844.5640869140625 905.1646118164062
v 1773.9984130859375 843.1912841796875 904.8976440429688
v 1774.4193115234375 841.8190307617188 905.4134521484375
v 1773.9783935546875 842.5035400390625 905.93994140625
v 1773.98828125 842.8486938476562 905.41796875
v 1777.1328125 839.2570190429688 899.7311401367188
v 1776.2679443359375 841.3272094726562 899.743408203125
v 1777.10888671875 838.6151733398438 900.7471313476562
v 1776.220947265625 840.0347290039062 901.7792358398438
v 1776.244140625 840.6843872070312 900.7587280273438
v 1778.9150390625 836.3743896484375 897.6871948242188
v 1780.599609375 830.9603271484375 899.6844482421875
v 1778.8170166015625 833.8251953125 901.7468872070312
v 1778.86474609375 835.11181640625 899.7073364257812
v 1784.2392578125 826.3506469726562 893.61279296875
v 1780.75927734375 834.6903686523438 893.6663208007812
v 1780.70361328125 833.4606323242188 895.6570434570312
v 1778.9678955078125 837.619140625 895.683837890625
v 1778.9952392578125 838.2367553710938 894.6876220703125
v 1780.8170166015625 835.9146118164062 891.6874389648438
v 1784.4844970703125 831.2487182617188 885.738037109375
v 1791.8868408203125 822.0509643554688 873.769775390625
v 1806.680419921875 804.5493774414062 846.5490112304688
v 1862.660888671875 679.251220703125 823.1359252929688
v 1834.921875 747.8245239257812 823.2949829101562
v 1779.0091552734375 838.5447387695312 894.1907348632812
v 1779.890869140625 836.77197265625 893.6802978515625
v 1780.731201171875 834.0765991210938 894.6600341796875
v 1779.83544921875 835.5405883789062 895.6702880859375
v 1779.8629150390625 836.1573486328125 894.6737060546875
v 1782.498046875 830.5230712890625 893.6390380859375
v 1784.182861328125 825.1270751953125 895.6063842773438
v 1782.3883056640625 828.0584716796875 897.63818359375
v 1782.44189453125 829.2965087890625 895.6312255859375
v 1787.8492431640625 820.417236328125 889.6080932617188
v 1791.2269287109375 809.6143188476562 893.5182495117188
v 1787.617431640625 815.5440673828125 897.5718383789062
v 1787.728759765625 817.9912109375 893.5634765625
v 1798.6312255859375 800.1006469726562 881.6392822265625
v 1805.4075927734375 778.3591918945312 889.4059448242188
v 1798.1348876953125 790.3966064453125 897.4638061523438
v 1798.36669921875 795.2156372070312 889.4750366210938
v 1820.3057861328125 759.4898681640625 865.339111328125
v 1833.885986328125 715.5880737304688 881.4339599609375
v 1819.319580078125 739.837158203125 897.3372192382812
v 1819.777587890625 749.3875122070312 881.4796752929688
v 1779.002197265625 838.3908081054688 894.4390869140625
v 1779.4569091796875 837.8123168945312 893.6874389648438
v 1779.8768310546875 836.4649047851562 894.1766357421875
v 1779.428955078125 837.197265625 894.6806640625
v 1779.44287109375 837.5050048828125 894.1836547851562
v 1780.787841796875 835.3027954101562 892.675537109375
v 1779.9193115234375 837.38525390625 892.6898803710938
v 1782.6163330078125 832.9660034179688 889.688720703125
v 1784.2978515625 827.5687866210938 891.6317749023438
v 1782.5562744140625 831.7442016601562 891.6590576171875
v 1778.9815673828125 837.9282836914062 895.185302734375
v 1778.534423828125 838.6578369140625 895.6907348632812
v 1778.5479736328125 838.9672241210938 895.1923217773438
v 1778.9412841796875 836.9985961914062 896.68359375
v 1778.048583984375 838.4496459960938 897.7000732421875
v 1778.0745849609375 839.0747680664062 896.6969604492188
v 1779.005615234375 838.4677734375 894.3148803710938
v 1778.893798828125 838.650634765625 894.4408569335938
v 1778.897216796875 838.7276611328125 894.3167114257812
v 1779.2259521484375 838.02490234375 894.1871948242188
v 1779.4359130859375 837.3511962890625 894.4320678710938
v 1779.2120361328125 837.717041015625 894.6841430664062
v 1779.218994140625 837.8710327148438 894.435546875
v 1779.84912109375 835.8493041992188 895.1715698242188
v 1779.401611328125 836.580078125 895.6770629882812
v 1779.4151611328125 836.8889770507812 895.1784057617188
v 1780.6766357421875 832.841796875 896.6576538085938
v 1779.7823486328125 834.297607421875 897.674560546875
v 1779.80859375 834.9209594726562 896.6704711914062
v 1779.239990234375 838.332275390625 893.6910400390625
v 1779.4498291015625 837.65869140625 893.9354858398438
v 1779.23291015625 838.1786499023438 893.9390258789062
v 1779.905029296875 837.0787353515625 893.1847534179688
v 1784.4207763671875 830.0130004882812 887.697265625
v 1782.6781005859375 834.1943969726562 887.7254638671875
v 1788.1097412109375 825.3594360351562 881.7660522460938
v 1791.4769287109375 814.4701538085938 885.6365356445312
v 1787.9769287109375 822.8671264648438 885.6851806640625
v 1782.6470947265625 833.5789794921875 888.7063598632812
v 1781.74609375 835.0534057617188 889.703125
v 1781.7613525390625 835.3600463867188 889.2117919921875
v 1782.5860595703125 832.3546142578125 890.6728515625
v 1781.686279296875 833.830078125 891.673095703125
v 1780.8465576171875 836.526611328125 890.7015991210938
v 1781.7159423828125 834.4412841796875 890.6870727539062
v 1782.2117919921875 834.6232299804688 888.7135620117188
v 1782.631591796875 833.272216796875 889.1973266601562
v 1782.18115234375 834.0098266601562 889.6958618164062
v 1782.1964111328125 834.3162841796875 889.2045288085938
v 1783.5491943359375 832.1043090820312 887.7112426757812
v 1784.389404296875 829.3991088867188 888.67822265625
v 1783.487060546875 830.8773803710938 889.6746215820312
v 1783.5179443359375 831.4896240234375 888.6921997070312
v 1786.229736328125 827.0599365234375 885.7110595703125
v 1787.912353515625 821.6370849609375 887.6441040039062
v 1786.102783203125 824.6045532226562 889.6339111328125
v 1786.16552734375 825.8271484375 887.670166015625
v 1782.6624755859375 833.8864135742188 888.2157592773438
v 1782.227294921875 834.9307861328125 888.2229614257812
v 1784.5494384765625 832.4951782226562 883.7789916992188
v 1786.3616943359375 829.5579223632812 881.79052734375
v 1788.0428466796875 824.1077880859375 883.727294921875
v 1786.295166015625 828.303466796875 883.7526245117188
v 1791.7484130859375 819.4779663085938 877.77587890625
v 1788.24560546875 827.8965454101562 877.8169555664062
v 1799.1845703125 810.4137573242188 865.403076171875
v 1805.9473876953125 788.2369384765625 873.6594848632812
v 1798.909912109375 805.15966796875 873.7093505859375
v 1786.328369140625 828.9293212890625 882.7722778320312
v 1785.422119140625 830.3998413085938 883.7656860351562
v 1785.455078125 831.0264282226562 882.78515625
v 1788.177490234375 826.6222534179688 879.79736328125
v 1785.0186767578125 832.0745849609375 882.7916870117188
v 1785.4385986328125 830.7127685546875 883.2755737304688
v 1784.9857177734375 831.4476318359375 883.7722778320312
v 1785.002197265625 831.7607421875 883.2821655273438
v 1786.2623291015625 827.6803588867188 884.7320556640625
v 1785.35693359375 829.1548461914062 885.7244262695312
v 1784.516845703125 831.87060546875 884.7587280273438
v 1785.389404296875 829.7760009765625 884.7452392578125
v 1785.0103759765625 831.9176025390625 883.0369262695312
v 1784.783935546875 832.28466796875 883.2854614257812
v 1785.4716796875 831.3407592773438 882.2943725585938
v 1784.9012451171875 832.1795654296875 883.03857421875
v 1785.0062255859375 831.8391723632812 883.1595458984375
v 1784.89306640625 832.022705078125 883.2838134765625
v 1784.7880859375 832.3630981445312 883.162841796875
v 1784.897216796875 832.1011352539062 883.1611938476562
v 1785.23681640625 831.550537109375 882.7883911132812
v 1785.44677734375 830.8695068359375 883.0303955078125
v 1785.2203369140625 831.23681640625 883.2788696289062
v 1785.2286376953125 831.3935546875 883.0336303710938
v 1785.8916015625 829.9779663085938 882.7786865234375
v 1786.311767578125 828.6160278320312 883.2625732421875
v 1785.858642578125 829.3517456054688 883.7590942382812
v 1785.8751220703125 829.66455078125 883.26904296875
v 1787.2354736328125 827.4591674804688 881.7781982421875
v 1788.076171875 824.7322387695312 882.7473754882812
v 1787.1688232421875 826.2061157226562 883.7398071289062
v 1787.2020263671875 826.8312377929688 882.7597045898438
v 1789.859619140625 821.1572875976562 881.7425537109375
v 1791.54345703125 815.70556640625 883.6796264648438
v 1789.72607421875 818.6704711914062 885.6603393554688
v 1789.7923583984375 819.908447265625 883.7029418945312
v 1795.1185302734375 808.5316162109375 881.6777954101562
v 1798.49609375 797.6377563476562 885.5513305664062
v 1794.854248046875 803.6292724609375 889.5153198242188
v 1794.9835205078125 806.0597534179688 885.5919799804688
v 1784.993896484375 831.6041259765625 883.5272827148438
v 1784.767578125 831.971435546875 883.775634765625
v 1784.7757568359375 832.1279907226562 883.5305786132812
v 1785.4056396484375 830.0875854492188 884.2555541992188
v 1784.9530029296875 830.8234252929688 884.751953125
v 1784.5330810546875 832.1825561523438 884.2689819335938
v 1784.9693603515625 831.1351928710938 884.26220703125
v 1785.0145263671875 831.99609375 882.914306640625
v 1784.9053955078125 832.258056640625 882.9159545898438
v 1785.25341796875 831.864990234375 882.297607421875
v 1785.46337890625 831.1834716796875 882.539794921875
v 1785.2451171875 831.7076416015625 882.5430297851562
v 1785.9249267578125 830.6069946289062 881.7968139648438
v 1786.344970703125 829.2432861328125 882.2816162109375
v 1785.908203125 830.2921142578125 882.2879638671875
v 1788.2115478515625 827.2579345703125 878.8088989257812
v 1787.302978515625 828.723388671875 879.8088989257812
v 1787.3367919921875 829.35986328125 878.820068359375
v 1792.024169921875 824.6731567382812 869.6673583984375
v 1789.996337890625 823.6888427734375 877.7960205078125
v 1791.679443359375 818.2091674804688 879.7536010742188
v 1789.927734375 822.4173583984375 879.7750244140625
v 1795.396240234375 813.6100463867188 873.7382202148438
v 1798.77001953125 802.6071166992188 877.7037353515625
v 1795.2568359375 811.0475463867188 877.7381591796875
v 1787.8082275390625 828.947998046875 877.8223266601562
v 1788.228515625 827.576904296875 878.3134155273438
v 1787.774169921875 828.3090209960938 878.814453125
v 1787.7911376953125 828.6281127929688 878.3189086914062
v 1788.27978515625 828.5381469726562 876.821044921875
v 1790.1339111328125 826.267333984375 873.78662109375
v 1791.817626953125 820.7584228515625 875.78271484375
v 1790.065185546875 824.9721069335938 875.80126953125
v 1789.1207275390625 825.7930908203125 877.806396484375
v 1789.9619140625 823.0516357421875 878.7872314453125
v 1789.0523681640625 824.5202026367188 879.7860717773438
v 1789.0865478515625 825.1552124023438 878.7979736328125
v 1788.2626953125 828.2169799804688 877.319580078125
v 1789.1893310546875 827.0777587890625 875.8108520507812
v 1790.0306396484375 824.3289794921875 876.8009033203125
v 1789.155029296875 826.4339599609375 876.8108520507812
v 1788.0439453125 828.7427978515625 877.3222045898438
v 1788.254150390625 828.0567016601562 877.5684204101562
v 1788.02685546875 828.4223022460938 877.8196411132812
v 1787.816650390625 829.1082153320312 877.57373046875
v 1788.035400390625 828.5824584960938 877.571044921875
v 1788.7174072265625 827.4861450195312 876.81591796875
v 1789.137939453125 826.1131591796875 877.3091430664062
v 1788.68310546875 826.844970703125 877.8116455078125
v 1788.7001953125 827.1651611328125 877.3143310546875
v 1787.9345703125 829.0056762695312 877.323486328125
v 1788.0396728515625 828.66259765625 877.4466552734375
v 1787.926025390625 828.8453369140625 877.5723876953125
v 1787.8209228515625 829.1883544921875 877.4492797851562
v 1787.9302978515625 828.9254760742188 877.447998046875
v 1788.271240234375 828.37744140625 877.0704345703125
v 1788.052490234375 828.9033203125 877.0730590820312
v 1788.0482177734375 828.8230590820312 877.1976318359375
v 1788.751708984375 828.1303100585938 875.8157348632812
v 1789.1722412109375 826.7554931640625 876.3114624023438
v 1788.7344970703125 827.807861328125 876.31640625
v 1790.099609375 825.6182250976562 874.7966918945312
v 1791.955810546875 823.3557739257812 871.7327270507812
v 1795.669677734375 818.8845825195312 865.4180297851562
v 1799.0489501953125 807.7610473632812 869.6209106445312
v 1795.53466796875 816.2215576171875 869.6431274414062
v 1806.4720458984375 798.8825073242188 856.4364624023438
v 1799.4365234375 815.883544921875 856.4380493164062
v 1820.9393310546875 782.1463012695312 823.3271484375
v 1834.7650146484375 736.3016357421875 846.5631713867188
v 1820.739990234375 770.4266357421875 846.5661010742188
v 1791.0789794921875 825.4656982421875 871.7401123046875
v 1791.92138671875 822.7017822265625 872.7545166015625
v 1791.01025390625 824.1594848632812 873.778076171875
v 1791.044677734375 824.81103515625 872.7623901367188
v 1793.7789306640625 820.4485473632812 869.6549682617188
v 1795.4656982421875 814.9094848632812 871.7047119140625
v 1793.6409912109375 817.831787109375 873.753662109375
v 1793.710205078125 819.1338500976562 871.7184448242188
v 1791.061767578125 825.1380004882812 872.2521362304688
v 1790.6064453125 825.8654174804688 872.7664184570312
v 1790.62353515625 826.1925048828125 872.2559814453125
v 1791.989990234375 824.0128784179688 870.703857421875
v 1791.0704345703125 825.3017578125 871.996337890625
v 1790.8426513671875 825.665283203125 872.2540283203125
v 1790.8511962890625 825.8291015625 871.9982299804688
v 1791.517333984375 824.4108276367188 871.7364501953125
v 1791.9385986328125 823.0283813476562 872.2445068359375
v 1791.48291015625 823.7565307617188 872.7584228515625
v 1791.5001220703125 824.083251953125 872.248291015625
v 1792.8328857421875 821.2451171875 871.7255249023438
v 1793.6756591796875 818.4812622070312 872.7393188476562
v 1792.7637939453125 819.9417114257812 873.7616577148438
v 1792.79833984375 820.5918579101562 872.746826171875
v 1795.3265380859375 812.3228149414062 875.7479248046875
v 1793.501953125 815.2640991210938 877.7566528320312
v 1793.571533203125 816.5419311523438 875.7649536132812
v 1791.0875244140625 825.6298828125 871.4834594726562
v 1791.551513671875 825.0682983398438 870.707275390625
v 1791.972900390625 823.6838989257812 871.21923828125
v 1791.534423828125 824.7391357421875 871.2227783203125
v 1792.9013671875 822.5611572265625 869.6610717773438
v 1793.74462890625 819.7896118164062 870.6904907226562
v 1792.8671875 821.9015502929688 870.6971435546875
v 1795.602783203125 817.5464477539062 867.5490112304688
v 1793.8466796875 821.776123046875 867.5588989257812
v 1799.314453125 813.120361328125 861.0205688476562
v 1790.9779052734375 825.8935546875 871.484375
v 1791.083251953125 825.5477905273438 871.6118774414062
v 1790.9693603515625 825.7294311523438 871.7410888671875
v 1790.9736328125 825.8114624023438 871.61279296875
v 1791.3153076171875 825.2667236328125 871.2245483398438
v 1791.52587890625 824.5748901367188 871.4797973632812
v 1791.298095703125 824.9382934570312 871.73828125
v 1791.306640625 825.1024169921875 871.4816284179688
v 1790.975830078125 825.8525390625 871.548583984375
v 1791.091796875 825.7120361328125 871.35498046875
v 1791.089599609375 825.6709594726562 871.4192504882812
v 1791.03271484375 825.76171875 871.4839477539062
v 1791.034912109375 825.8027954101562 871.419677734375
v 1791.2056884765625 825.5304565429688 871.2254638671875
v 1791.31103515625 825.1845092773438 871.3531494140625
v 1791.1971435546875 825.3661499023438 871.4825439453125
v 1791.201416015625 825.4483032226562 871.3540649414062
v 1791.54296875 824.9036254882812 870.9652709960938
v 1791.3238525390625 825.4312133789062 870.967041015625
v 1792.007080078125 824.3425903320312 870.1865844726562
v 1793.8128662109375 821.1107177734375 868.6112670898438
v 1792.935302734375 823.2239990234375 868.616943359375
v 1793.8802490234375 822.44482421875 866.497314453125
v 1795.7353515625 820.2361450195312 863.245849609375
v 1794.79150390625 821.0009765625 865.4219360351562
v 1795.6363525390625 818.2138061523438 866.4884033203125
v 1794.724609375 819.6615600585938 867.5538940429688
v 1794.7581787109375 820.32958984375 866.4927978515625
v 1797.4267578125 814.6500854492188 865.410400390625
v 1799.1173095703125 809.080810546875 867.5303955078125
v 1797.2913818359375 811.9923095703125 869.6317749023438
v 1797.359619140625 813.3146362304688 867.5394897460938
v 1802.701904296875 801.9359741210938 865.389404296875
v 1806.0860595703125 790.8193359375 869.5824584960938
v 1802.42724609375 796.7014770507812 873.6831665039062
v 1802.5662841796875 799.2931518554688 869.6007080078125
v 1813.263427734375 776.4742431640625 865.3557739257812
v 1820.043212890625 754.34716796875 873.5888061523438
v 1812.7205810546875 766.3042602539062 881.5198974609375
v 1812.99365234375 771.2952880859375 873.6195068359375
v 1794.3524169921875 822.0590209960938 865.4239501953125
v 1794.77490234375 820.6649169921875 865.9586181640625
v 1794.3192138671875 821.3873291015625 866.4950561523438
v 1794.3358154296875 821.7227172851562 865.9607543945312
v 1795.7027587890625 819.5586547851562 864.3373413085938
v 1794.824462890625 821.67578125 864.3408203125
v 1797.5565185546875 817.3618774414062 861.0242919921875
v 1799.2503662109375 811.7601928710938 863.234619140625
v 1797.4925537109375 815.9990844726562 863.2401123046875
v 1802.9537353515625 807.3856811523438 856.4373779296875
v 1806.3507080078125 796.1393432617188 861.007080078125
v 1802.8319091796875 804.632568359375 861.0135498046875
v 1813.7125244140625 787.4923095703125 846.5602416992188
v 1820.544921875 764.8411865234375 856.4312744140625
v 1813.5096435546875 781.8652954101562 856.4342041015625
v 1794.34423828125 821.8908081054688 865.6926879882812
v 1794.1163330078125 822.2516479492188 865.9618530273438
v 1794.1246337890625 822.419677734375 865.6937255859375
v 1794.8079833984375 821.3379516601562 864.8826904296875
v 1794.1204833984375 822.3356323242188 865.827880859375
v 1794.006591796875 822.5160522460938 865.96240234375
v 1794.0107421875 822.6000366210938 865.828369140625
v 1794.3275146484375 821.554931640625 866.2282104492188
v 1794.0997314453125 821.9160766601562 866.4962158203125
v 1793.8885498046875 822.612548828125 866.2304077148438
v 1794.1080322265625 822.083740234375 866.2293090820312
v 1794.741455078125 819.9951782226562 867.0245361328125
v 1794.28564453125 820.7189331054688 867.556396484375
v 1793.863525390625 822.1100463867188 867.029296875
v 1794.302490234375 821.0526733398438 867.0269165039062
v 1795.56884765625 816.8823852539062 868.6004028320312
v 1794.6566162109375 818.3353271484375 869.6489868164062
v 1794.6907958984375 818.996826171875 868.6057739257812
v 1796.6778564453125 819.4819946289062 861.0261840820312
v 1797.5247802734375 816.6787719726562 862.13818359375
v 1796.61376953125 818.1178588867188 863.242919921875
v 1796.64599609375 818.7981567382812 862.1405029296875
v 1799.3765869140625 814.4947509765625 858.7565307617188
v 1797.587890625 818.048583984375 859.8978881835938
v 1797.1484375 819.1090087890625 859.8986206054688
v 1797.572265625 817.7047729492188 860.462646484375
v 1797.1171875 818.4219970703125 861.0252075195312
v 1797.1329345703125 818.7650146484375 860.4635009765625
v 1798.49755859375 816.6170043945312 858.7575073242188
v 1799.3458251953125 813.8057861328125 859.8950805664062
v 1798.4354248046875 815.2413330078125 861.0223999023438
v 1798.466796875 815.9273681640625 859.896484375
v 1801.1949462890625 811.6353759765625 856.437744140625
v 1802.8939208984375 806.0018920898438 858.7527465820312
v 1801.072998046875 808.877197265625 861.0169677734375
v 1801.1351318359375 810.2490844726562 858.7545776367188
v 1806.582763671875 801.6849365234375 851.629150390625
v 1803.065185546875 810.197998046875 851.6251831054688
v 1797.1407470703125 818.9368896484375 860.1814575195312
v 1796.9132080078125 819.2951049804688 860.4639282226562
v 1796.9171142578125 819.3810424804688 860.322998046875
v 1797.125 818.5933837890625 860.7447509765625
v 1796.8974609375 818.9519653320312 861.0256958007812
v 1796.9053955078125 819.1234741210938 860.7452392578125
v 1797.540771484375 817.0198974609375 861.582763671875
v 1797.0853271484375 817.738525390625 862.1393432617188
v 1796.6619873046875 819.1396484375 861.5848999023438
v 1797.101318359375 818.079833984375 861.5838012695312
v 1799.28271484375 812.4385375976562 862.133544921875
v 1798.371337890625 813.8798828125 863.2373046875
v 1798.4036865234375 814.558837890625 862.1358032226562
v 1802.7677001953125 803.27734375 863.2243041992188
v 1800.9429931640625 806.1756591796875 865.3960571289062
v 1801.0087890625 807.51953125 863.2293090820312
v 1797.0308837890625 819.2019653320312 860.181640625
v 1797.1368408203125 818.8509521484375 860.3225708007812
v 1797.0230712890625 819.0300903320312 860.4637451171875
v 1797.0269775390625 819.1160278320312 860.3228149414062
v 1797.3681640625 818.5787963867188 859.8982543945312
v 1797.580078125 817.8765869140625 860.1806640625
v 1797.3525390625 818.2349243164062 860.4630737304688
v 1797.3603515625 818.40673828125 860.1810913085938
v 1798.02734375 816.988037109375 859.8971557617188
v 1798.451171875 815.5839233398438 860.4609985351562
v 1797.9959716796875 816.3016967773438 861.0233154296875
v 1798.01171875 816.6444091796875 860.4618530273438
v 1797.14453125 819.0228881835938 860.0401611328125
v 1797.0347900390625 819.2880249023438 860.0403442382812
v 1803.0108642578125 808.7842407226562 854.06298828125
v 1801.252197265625 813.0364379882812 854.06201171875
v 1800.373046875 815.1619873046875 854.0614013671875
v 1801.223876953125 812.3340454101562 855.2575073242188
v 1800.315673828125 813.7596435546875 856.4379272460938
v 1800.3447265625 814.4589233398438 855.25732421875
v 1800.35888671875 814.8099975585938 854.6613159179688
v 1799.9051513671875 815.5213012695312 855.2572021484375
v 1799.9193115234375 815.8724975585938 854.6610717773438
v 1803.1162109375 811.627197265625 849.1194458007812
v 1820.8720703125 776.2543334960938 835.482666015625
v 1813.853515625 793.3619995117188 835.47705078125
v 1834.8597412109375 758.44140625 797.309326171875
v 1861.9705810546875 709.162109375 707.760986328125
v 1799.9122314453125 815.69677734375 854.9595947265625
v 1799.685302734375 816.0524291992188 855.2571411132812
v 1799.6925048828125 816.2279052734375 854.9595336914062
v 1800.330322265625 814.1088256835938 855.8494873046875
v 1799.8760986328125 814.8216552734375 856.43798828125
v 1799.4510498046875 816.2330932617188 855.8494262695312
v 1799.890625 815.1710205078125 855.8494873046875
v 1801.165283203125 810.9403686523438 857.603271484375
v 1800.255859375 812.3720703125 858.7555541992188
v 1799.4068603515625 815.1873168945312 857.6043701171875
v 1800.2860107421875 813.0640258789062 857.6038208007812
v 1799.8094482421875 816.1380615234375 854.6610717773438
v 1799.915771484375 815.7846069335938 854.8104858398438
v 1799.8023681640625 815.9623413085938 854.9595947265625
v 1799.696044921875 816.3157958984375 854.8103637695312
v 1799.805908203125 816.0501708984375 854.8104248046875
v 1799.9263916015625 816.0484619140625 854.361572265625
v 1800.13916015625 815.3412475585938 854.6611938476562
v 1800.351806640625 814.6343383789062 854.9597778320312
v 1800.1248779296875 814.9901123046875 855.2572631835938
v 1800.132080078125 815.1655883789062 854.959716796875
v 1800.8126220703125 814.0992431640625 854.0617065429688
v 1801.2381591796875 812.6847534179688 854.6616821289062
v 1800.7843017578125 813.3965454101562 855.2573852539062
v 1800.798583984375 813.7474365234375 854.6614990234375
v 1802.131591796875 810.9105224609375 854.0625
v 1802.982666015625 808.0830688476562 855.2578735351562
v 1802.0743408203125 809.5106811523438 856.4375610351562
v 1802.103271484375 810.208740234375 855.2576904296875
v 1804.8238525390625 805.9420776367188 851.6272583007812
v 1806.52880859375 800.2761840820312 854.064697265625
v 1804.7127685546875 803.1347045898438 856.4369506835938
v 1804.769775390625 804.5308227539062 854.0639038085938
v 1810.19677734375 796.0224609375 846.5552978515625
v 1813.6177978515625 784.6477661132812 851.6347045898438
v 1809.9908447265625 790.3753662109375 856.4354248046875
v 1810.1004638671875 793.1678466796875 851.63232421875
v 1799.9228515625 815.96044921875 854.511474609375
v 1800.1531982421875 815.6932983398438 854.061279296875
v 1800.365966796875 814.9859008789062 854.3618774414062
v 1800.146240234375 815.5171508789062 854.3617553710938
v 1799.8111572265625 816.1820678710938 854.5862426757812
v 1799.867919921875 816.09326171875 854.5114135742188
v 1799.921142578125 815.9164428710938 854.5863037109375
v 1799.8643798828125 816.0053100585938 854.6610717773438
v 1799.8662109375 816.0492553710938 854.5863037109375
v 1800.0362548828125 815.7827758789062 854.3616333007812
v 1800.1427001953125 815.42919921875 854.5115966796875
v 1800.0291748046875 815.6068725585938 854.6611328125
v 1800.03271484375 815.69482421875 854.5115356445312
v 1803.091064453125 810.91064453125 850.381103515625
v 1802.1859130859375 812.3255004882812 851.6240234375
v 1802.2119140625 813.0387573242188 850.379638671875
v 1804.922119140625 808.8114013671875 846.5452880859375
v 1806.63330078125 803.1092529296875 849.1254272460938
v 1804.874755859375 807.3687744140625 849.12255859375
v 1803.12841796875 811.9869384765625 848.4818115234375
v 1802.6766357421875 812.6915893554688 849.1185913085938
v 1804.04296875 810.9419555664062 846.5433349609375
v 1804.89892578125 808.0880737304688 847.8433227539062
v 1803.9954833984375 809.4981689453125 849.1210327148438
v 1804.0196533203125 810.2180786132812 847.841552734375
v 1806.7236328125 806.0057373046875 843.895263671875
v 1810.341552734375 801.9119873046875 835.4710083007812
v 1813.7913818359375 790.4014892578125 841.1748046875
v 1810.2774658203125 798.9415893554688 841.1686401367188
v 1803.103759765625 811.2684326171875 849.7525024414062
v 1802.6514892578125 811.9747314453125 850.38037109375
v 1802.6641845703125 812.3327026367188 849.751708984375
v 1804.8497314453125 806.6534423828125 850.3837280273438
v 1803.9444580078125 808.0701904296875 851.6262817382812
v 1803.970458984375 808.7822265625 850.3824462890625
v 1802.6796875 812.781494140625 848.9595947265625
v 1802.90869140625 812.5192260742188 848.4813842773438
v 1803.1224365234375 811.8069458007812 848.8012084960938
v 1802.896484375 812.159423828125 849.1190185546875
v 1802.902587890625 812.3392333984375 848.80078125
v 1803.580078125 811.2828979492188 847.840576171875
v 1804.0076904296875 809.8576049804688 848.4835815429688
v 1803.555908203125 810.562744140625 849.1202392578125
v 1803.568115234375 810.9223022460938 848.4827270507812
v 1802.67041015625 812.5120239257812 849.4357299804688
v 1802.4443359375 812.86474609375 849.7513427734375
v 1802.4505615234375 813.0441284179688 849.435302734375
v 1802.792724609375 812.6053466796875 848.800537109375
v 1802.8995361328125 812.249267578125 848.9600219726562
v 1802.7864990234375 812.425537109375 849.1187744140625
v 1802.78955078125 812.515380859375 848.9598388671875
v 1803.1099853515625 811.4476928710938 849.4365234375
v 1802.884033203125 811.800537109375 849.7520751953125
v 1802.8902587890625 811.9798583984375 849.4360961914062
v 1803.9830322265625 809.1397094726562 849.7539672851562
v 1803.53076171875 809.846435546875 850.3817749023438
v 1803.54345703125 810.2041015625 849.7532348632812
v 1810.3115234375 800.4224853515625 838.3561401367188
v 1808.5201416015625 803.2103881835938 841.1648559570312
v 1808.5546875 804.6937255859375 838.3522338867188
v 1813.8995361328125 796.339111328125 829.51220703125
v 1820.9505615234375 787.81298828125 810.49072265625
v 1808.5379638671875 803.95068359375 839.7679443359375
v 1807.6414794921875 805.344482421875 841.162841796875
v 1807.6593017578125 806.0853881835938 839.765869140625
v 1810.2392578125 797.473876953125 843.9026489257812
v 1808.4385986328125 800.286376953125 846.5523071289062
v 1808.4814453125 801.7402954101562 843.899169921875
v 1808.115478515625 805.7613525390625 838.3511352539062
v 1808.54638671875 804.3218994140625 839.0623779296875
v 1808.0986328125 805.01806640625 839.7669067382812
v 1807.6678466796875 806.4568481445312 839.0602416992188
v 1808.107177734375 805.389404296875 839.0613403320312
v 1809.43310546875 802.5582275390625 838.354248046875
v 1810.2950439453125 799.6806640625 839.7718505859375
v 1809.39892578125 801.0761108398438 841.1668090820312
v 1809.41650390625 801.8157958984375 839.7699584960938
v 1812.09765625 797.6373901367188 835.4743041992188
v 1813.824462890625 791.8773803710938 838.3623657226562
v 1812.03466796875 794.671875 841.1719970703125
v 1812.0682373046875 796.1503295898438 838.3594970703125
v 1817.36376953125 784.8091430664062 835.4808959960938
v 1820.8145751953125 773.3148193359375 841.1817626953125
v 1817.22705078125 778.9600830078125 846.5637817382812
v 1817.303955078125 781.85888671875 841.17919921875
v 1827.9375 764.9871215820312 823.3156127929688
v 1834.875732421875 742.0317993164062 835.4700927734375
v 1827.7587890625 753.3604125976562 846.5669555664062
v 1827.880615234375 759.1419677734375 835.4801635742188
v 1848.8369140625 713.5117797851562 823.2293090820312
v 1862.5849609375 668.2979125976562 846.508544921875
v 1848.379638671875 691.7094116210938 865.3118286132812
v 1848.723388671875 702.2384033203125 846.5430297851562
v 1890.162353515625 626.395751953125 770.7282104492188
v 1918.01953125 540.6755981445312 822.5905151367188
v 1890.2059326171875 590.38720703125 865.3572998046875
v 1890.4339599609375 609.9459228515625 822.884765625
v 1808.5626220703125 805.0661010742188 837.6375122070312
v 1809.46337890625 804.0489501953125 835.4691772460938
v 1810.3270263671875 801.1664428710938 836.9222412109375
v 1809.44873046875 803.3027954101562 836.92041015625
v 1808.1195068359375 805.9475708007812 837.994384765625
v 1808.1214599609375 806.0407104492188 837.8155517578125
v 1808.343017578125 805.5999755859375 837.636962890625
v 1808.5587158203125 804.8798217773438 837.9954223632812
v 1808.3350830078125 805.2275390625 838.3516845703125
v 1808.339111328125 805.4136962890625 837.994873046875
v 1809.0096435546875 804.370849609375 836.9193725585938
v 1809.4410400390625 802.9302368164062 837.6395263671875
v 1808.993896484375 803.6259765625 838.3532104492188
v 1809.001953125 803.9981689453125 837.6385498046875
v 1808.2332763671875 805.866943359375 837.63671875
v 1808.341064453125 805.5068359375 837.8161010742188
v 1808.229248046875 805.6806640625 837.99462890625
v 1808.2313232421875 805.7738037109375 837.8157958984375
v 1808.2322998046875 805.8203735351562 837.726318359375
v 1808.1763916015625 805.9072265625 837.815673828125
v 1808.1773681640625 805.9537963867188 837.7261962890625
v 1812.144775390625 800.6195678710938 829.5100708007812
v 1813.87841796875 794.8507690429688 832.5249633789062
v 1812.1231689453125 799.128662109375 832.5225219726562
v 1817.43603515625 790.722900390625 823.3292846679688
v 1820.9132080078125 779.2102661132812 829.5146484375
v 1817.407470703125 787.7759399414062 829.5145874023438
v 1812.134521484375 799.8744506835938 831.0234985351562
v 1811.2454833984375 801.267333984375 832.5210571289062
v 1813.9168701171875 797.8225708007812 826.44482421875
v 1811.251220703125 801.6405639648438 831.7734375
v 1810.8065185546875 802.3365478515625 832.520263671875
v 1812.1109619140625 798.3828125 834.00634765625
v 1811.2197265625 799.7748413085938 835.4727172851562
v 1810.3551025390625 802.6586303710938 834.003173828125
v 1811.2330322265625 800.5208129882812 834.0048217773438
v 1811.2393798828125 800.89404296875 833.264892578125
v 1810.7940673828125 801.5897827148438 834.0040283203125
v 1810.3614501953125 803.0321655273438 833.2632446289062
v 1810.8004150390625 801.963134765625 833.2640991210938
v 1810.8079833984375 802.4298706054688 832.3336791992188
v 1811.2484130859375 801.4539184570312 832.147705078125
v 1811.0260009765625 801.8019409179688 832.5206298828125
v 1811.0289306640625 801.9885864257812 832.1473388671875
v 1811.6956787109375 800.944091796875 831.0228271484375
v 1812.12890625 799.5015869140625 831.7748413085938
v 1811.684326171875 800.197998046875 832.5217895507812
v 1811.6900634765625 800.5711059570312 831.774169921875
v 1813.022216796875 798.4794311523438 829.51123046875
v 1813.889404296875 795.5952758789062 831.0258178710938
v 1813.0008544921875 796.9898071289062 832.5238037109375
v 1813.011962890625 797.7349853515625 831.0247192382812
v 1815.6536865234375 792.057861328125 829.5137329101562
v 1817.3875732421875 786.292724609375 832.5281982421875
v 1815.60888671875 789.0858764648438 835.479248046875
v 1815.6331787109375 790.5720825195312 832.52685546875
v 1810.803466796875 802.1498413085938 832.8926391601562
v 1810.5809326171875 802.4976196289062 833.263671875
v 1810.583984375 802.6843872070312 832.8922119140625
v 1810.919189453125 802.2559204101562 832.1470947265625
v 1811.0274658203125 801.895263671875 832.3341064453125
v 1810.916259765625 802.0692138671875 832.5204467773438
v 1810.917724609375 802.16259765625 832.3339233398438
v 1811.242431640625 801.0806884765625 832.8934326171875
v 1811.0198974609375 801.4285888671875 833.2644653320312
v 1811.02294921875 801.615234375 832.89306640625
v 1812.1171875 798.7557373046875 833.266357421875
v 1811.6719970703125 799.4518432617188 834.005615234375
v 1811.67822265625 799.8248901367188 833.265625
v 1813.866455078125 794.1061401367188 834.0089721679688
v 1812.9755859375 795.4998168945312 835.4757690429688
v 1812.98876953125 796.2445678710938 834.0077514648438
v 1811.0303955078125 802.0819091796875 831.9602661132812
v 1810.920654296875 802.3492431640625 831.9600830078125
v 1810.919921875 802.3026123046875 832.0536499023438
v 1810.8643798828125 802.3895874023438 832.1470336914062
v 1810.8651123046875 802.436279296875 832.0535278320312
v 1813.9085693359375 797.0817260742188 827.9849853515625
v 1813.031494140625 799.22265625 827.9840698242188
v 1815.68359375 795.0101318359375 823.3294067382812
v 1817.423583984375 789.254150390625 826.4462890625
v 1815.67041015625 793.5387573242188 826.4458618164062
v 1820.951416015625 785.0260620117188 816.9693603515625
v 1827.8936767578125 775.7081909179688 797.3429565429688
v 1834.9132080078125 753.3910522460938 810.439697265625
v 1827.938720703125 770.6061401367188 810.469970703125
v 1848.5313720703125 731.81103515625 770.991943359375
v 1862.548095703125 689.3305053710938 797.0988159179688
v 1848.7435302734375 723.8876953125 797.2177734375
v 1813.912841796875 797.452392578125 827.2164306640625
v 1813.4700927734375 798.1522216796875 827.9845581054688
v 1813.474365234375 798.5230712890625 827.216064453125
v 1814.793701171875 795.6807250976562 826.4454345703125
v 1815.66259765625 792.7991943359375 827.9862670898438
v 1814.776611328125 794.1986083984375 829.5130615234375
v 1814.78564453125 794.9405517578125 827.9856567382812
v 1813.476318359375 798.7083129882812 826.8306274414062
v 1813.2550048828125 799.058349609375 827.2158813476562
v 1813.9205322265625 798.192138671875 825.670166015625
v 1815.677490234375 794.27587890625 824.893310546875
v 1814.8009033203125 796.4185791015625 824.8930053710938
v 1817.445068359375 792.1776123046875 820.1697387695312
v 1813.36669921875 798.9759521484375 826.83056640625
v 1813.475341796875 798.61572265625 827.0234375
v 1813.3646240234375 798.7907104492188 827.2159423828125
v 1813.256103515625 799.1510009765625 827.0232543945312
v 1813.36572265625 798.8833618164062 827.0233764648438
v 1813.6976318359375 798.3579711914062 826.4446411132812
v 1813.914794921875 797.6375732421875 826.8309936523438
v 1813.693603515625 797.9877319335938 827.2162475585938
v 1813.695556640625 798.1729125976562 826.830810546875
v 1814.355224609375 796.751708984375 826.4451293945312
v 1814.789794921875 795.3109130859375 827.2171020507812
v 1814.34716796875 796.0111694335938 827.9853515625
v 1814.351318359375 796.3817138671875 827.216796875
v 1813.47216796875 798.3377075195312 827.6007080078125
v 1813.250732421875 798.6874389648438 827.9843139648438
v 1813.03369140625 799.4082641601562 827.6002807617188
v 1813.2529296875 798.8729858398438 827.6004638671875
v 1813.9041748046875 796.7106323242188 828.750244140625
v 1813.4608154296875 797.4093017578125 829.51171875
v 1813.0269775390625 798.8512573242188 828.7493286132812
v 1813.465576171875 797.7809448242188 828.7498168945312
v 1813.477294921875 798.8008422851562 826.6376342773438
v 1813.3671875 799.0222778320312 826.7340698242188
v 1813.4224853515625 798.9346923828125 826.6375732421875
v 1813.476806640625 798.7545776367188 826.7341918945312
v 1813.4215087890625 798.8421020507812 826.83056640625
v 1813.4219970703125 798.888427734375 826.734130859375
v 1813.5880126953125 798.6256713867188 826.444580078125
v 1813.6966552734375 798.2654418945312 826.6378173828125
v 1813.5859375 798.4406127929688 826.8307495117188
v 1813.5870361328125 798.5331420898438 826.6377563476562
v 1813.918701171875 798.0073852539062 826.057861328125
v 1813.699462890625 798.5428466796875 826.0576782226562
v 1814.362548828125 797.4898071289062 824.892822265625
v 1814.79736328125 796.0499877929688 825.670654296875
v 1814.3590087890625 797.12109375 825.67041015625
v 1815.6888427734375 795.7408447265625 821.7548828125
v 1815.686279296875 795.3759765625 822.5433959960938
v 1816.5692138671875 794.3226318359375 820.170166015625
v 1817.4410400390625 791.4522705078125 821.7544555664062
v 1816.5599365234375 792.8666381835938 823.3294067382812
v 1816.56494140625 793.5966796875 821.7547607421875
v 1819.2012939453125 789.3202514648438 816.971923828125
v 1820.947021484375 783.5955200195312 820.1664428710938
v 1819.18798828125 786.4349365234375 823.3284912109375
v 1819.1964111328125 787.8869018554688 820.1683959960938
v 1824.4461669921875 779.2108764648438 810.4815673828125
v 1827.9444580078125 767.8430786132812 816.952880859375
v 1824.43994140625 773.5675048828125 823.322509765625
v 1824.449462890625 776.4356079101562 816.9623413085938
v 1816.567138671875 793.960205078125 820.963623046875
v 1816.1268310546875 794.6687622070312 821.7548217773438
v 1816.129150390625 795.032470703125 820.9637451171875
v 1816.1280517578125 794.8507690429688 821.3595581054688
v 1815.9078369140625 795.204833984375 821.7548217773438
v 1815.9090576171875 795.3868408203125 821.359619140625
v 1816.5625 793.2321166992188 822.5433349609375
v 1816.1217041015625 793.9384155273438 823.3294067382812
v 1816.1243896484375 794.3040771484375 822.5433959960938
v 1817.4302978515625 789.989990234375 824.8934936523438
v 1816.547119140625 791.3965454101562 826.4461669921875
v 1816.553955078125 792.133056640625 824.8934936523438
v 1820.9281005859375 780.6830444335938 826.4452514648438
v 1819.16064453125 783.4933471679688 829.5149536132812
v 1819.1761474609375 784.9689331054688 826.446044921875
v 1827.9166259765625 762.0745849609375 829.5079956054688
v 1824.3778076171875 767.6983032226562 835.4823608398438
v 1824.4163818359375 770.6428833007812 829.512451171875
v 1816.0196533203125 795.300537109375 820.9638061523438
v 1816.1285400390625 794.941650390625 821.1617431640625
v 1816.0185546875 795.1187744140625 821.359619140625
v 1816.01904296875 795.209716796875 821.1617431640625
v 1816.34814453125 794.496337890625 820.9636840820312
v 1816.5660400390625 793.778564453125 821.3594970703125
v 1816.345947265625 794.1327514648438 821.7547607421875
v 1816.3470458984375 794.3146362304688 821.3595581054688
v 1817.007080078125 793.2501220703125 820.1699829101562
v 1817.443115234375 791.8154907226562 820.9633178710938
v 1817.0029296875 792.5244750976562 821.754638671875
v 1817.005126953125 792.8878784179688 820.9635009765625
v 1818.32080078125 790.0323486328125 820.169189453125
v 1819.192626953125 787.1629638671875 821.75341796875
v 1818.3121337890625 788.5789794921875 823.3289794921875
v 1818.31689453125 789.3077392578125 821.7540283203125
v 1815.908447265625 795.2958374023438 821.5573120117188
v 1815.79833984375 795.4728393554688 821.7548217773438
v 1815.7989501953125 795.5639038085938 821.5573120117188
v 1816.125732421875 794.4865112304688 822.1494140625
v 1815.9053955078125 794.8400268554688 822.5433959960938
v 1815.6875 795.5585327148438 822.1494140625
v 1815.9066162109375 795.0225219726562 822.1494140625
v 1816.0194091796875 795.255126953125 821.0628051757812
v 1815.96435546875 795.34375 821.1618041992188
v 1816.5682373046875 794.1415405273438 820.5671997070312
v 1816.3492431640625 794.677734375 820.5672607421875
v 1820.9525146484375 786.4334106445312 813.7420654296875
v 1820.951904296875 787.126953125 812.1190185546875
v 1820.077880859375 788.58203125 813.7437133789062
v 1820.077392578125 789.2763061523438 812.1207885742188
v 1827.92138671875 773.2399291992188 803.9166870117188
v 1824.43115234375 781.85693359375 803.9298095703125
v 1834.771728515625 762.7984619140625 784.188232421875
v 1822.69873046875 783.5123291015625 810.4864501953125
v 1824.4493408203125 777.837158203125 813.7339477539062
v 1822.7008056640625 780.7311401367188 816.9661865234375
v 1822.7012939453125 782.1356201171875 813.73828125
v 1820.9512939453125 787.470947265625 811.3054809570312
v 1820.5147705078125 788.20166015625 812.1199340820312
v 1820.51416015625 788.5458374023438 811.306396484375
v 1824.4400634765625 780.5523681640625 807.21142578125
v 1822.6932373046875 784.8567504882812 807.2167358398438
v 1821.82470703125 785.6627807617188 810.4886474609375
v 1822.700439453125 782.8276977539062 812.114990234375
v 1821.8270263671875 784.2846069335938 813.7402954101562
v 1821.8262939453125 784.9774169921875 812.1170654296875
v 1822.6962890625 784.1888427734375 808.8534545898438
v 1821.822509765625 786.3400268554688 808.8557739257812
v 1820.9500732421875 787.9832763671875 810.0828857421875
v 1821.82373046875 786.00244140625 809.6727294921875
v 1821.3876953125 786.7379150390625 810.4896850585938
v 1821.38671875 787.0777587890625 809.6737670898438
v 1820.950927734375 787.6422119140625 810.898193359375
v 1820.7327880859375 788.0084228515625 811.305908203125
v 1820.732421875 788.1797485351562 810.898681640625
v 1821.8255615234375 785.321044921875 811.303466796875
v 1821.38916015625 786.0521850585938 812.1180419921875
v 1821.3885498046875 786.3960571289062 811.3045043945312
v 1820.9503173828125 787.898193359375 810.2868041992188
v 1820.84130859375 788.081787109375 810.490966796875
v 1820.841064453125 788.1669921875 810.2870483398438
v 1821.168212890625 787.6154174804688 809.67431640625
v 1821.38720703125 786.9080810546875 810.0818481445312
v 1821.169189453125 787.2754516601562 810.4901733398438
v 1821.168701171875 787.4456787109375 810.0823974609375
v 1827.90869140625 774.4969482421875 800.62939453125
v 1826.1766357421875 777.5487670898438 803.9235229492188
v 1826.16455078125 778.808837890625 800.6364135742188
v 1831.37841796875 767.0759887695312 797.3272094726562
v 1834.891357421875 755.998779296875 803.8836669921875
v 1831.427734375 761.9993286132812 810.4559326171875
v 1831.408203125 764.620361328125 803.9013061523438
v 1841.8104248046875 741.1666870117188 797.267333984375
v 1848.810546875 718.9546508789062 810.3536987304688
v 1841.889404296875 730.6641845703125 823.2659912109375
v 1841.871337890625 736.17236328125 810.4006958007812
v 1825.292236328125 780.9645385742188 800.6396484375
v 1826.1708984375 778.1842651367188 802.2802124023438
v 1825.303955078125 779.7029418945312 803.9267578125
v 1824.4256591796875 782.4939575195312 802.2865600585938
v 1825.2984619140625 780.3392333984375 802.283447265625
v 1827.931396484375 771.9414672851562 807.198974609375
v 1826.1927490234375 774.9088134765625 810.47607421875
v 1826.1861572265625 776.2472534179688 807.2055053710938
v 1826.1575927734375 779.4219360351562 798.9927978515625
v 1834.8194580078125 760.7021484375 790.746337890625
v 1831.33984375 769.349609375 790.7633056640625
v 1841.6024169921875 749.2003784179688 771.0214233398438
v 1848.646728515625 728.135498046875 784.1104736328125
v 1841.71728515625 745.470703125 784.1526489257812
v 1862.100341796875 703.9379272460938 739.8411865234375
v 1890.5406494140625 639.3506469726562 643.438720703125
v 1918.1112060546875 565.6550903320312 707.7030639648438
v 1890.0882568359375 637.3944702148438 707.7294311523438
v 1826.1611328125 779.1168823242188 799.8145141601562
v 1825.7283935546875 779.88671875 800.6380615234375
v 1825.7249755859375 780.1949462890625 799.816162109375
v 1827.02197265625 777.8657836914062 797.3465576171875
v 1827.9014892578125 775.1084594726562 798.9857788085938
v 1827.0367431640625 776.6529541015625 800.6329345703125
v 1827.0296630859375 777.2653198242188 798.9893798828125
v 1829.636474609375 771.3924560546875 797.3353881835938
v 1831.39453125 765.8710327148438 800.6136474609375
v 1829.6651611328125 768.930419921875 803.9093017578125
v 1829.652099609375 770.1842651367188 800.6217651367188
v 1834.7177734375 764.7510986328125 777.6246948242188
v 1834.7454833984375 763.7914428710938 780.9077758789062
v 1838.1324462890625 757.8917846679688 771.0341186523438
v 1841.661865234375 747.3971557617188 777.5946044921875
v 1838.246337890625 754.1356811523438 784.1713256835938
v 1838.191650390625 756.0753173828125 777.6104125976562
v 1848.38818359375 735.5846557617188 755.5647583007812
v 1838.1624755859375 756.9976806640625 774.3248901367188
v 1836.4552001953125 760.4135131835938 777.6177368164062
v 1836.4261474609375 761.3391723632812 774.3314819335938
v 1841.5296630859375 751.1735229492188 763.3271484375
v 1836.4407958984375 760.8800048828125 775.9751586914062
v 1835.5865478515625 762.5823974609375 777.6212768554688
v 1835.572265625 763.0496826171875 775.978515625
v 1838.2196044921875 755.1221923828125 780.8921508789062
v 1836.509521484375 758.4674072265625 784.1799926757812
v 1836.4830322265625 759.4571533203125 780.900146484375
v 1841.7672119140625 743.4006958007812 790.7066040039062
v 1838.337158203125 749.8048095703125 797.289306640625
v 1838.2952880859375 752.0523681640625 790.7274169921875
v 1835.137939453125 764.1344604492188 775.9801635742188
v 1835.5794677734375 762.8170166015625 776.7999877929688
v 1835.1522216796875 763.666748046875 777.6229858398438
v 1835.1451416015625 763.9015502929688 776.8016967773438
v 1836.46923828125 759.9393310546875 779.2593383789062
v 1835.6142578125 761.6243896484375 780.9039916992188
v 1834.7318115234375 764.2752685546875 779.2666015625
v 1835.6005859375 762.107421875 779.2630615234375
v 1835.1414794921875 764.0182495117188 776.3909301757812
v 1835.56494140625 763.2805786132812 775.15673828125
v 1835.568603515625 763.1653442382812 775.567626953125
v 1835.3551025390625 763.5921020507812 775.9793090820312
v 1835.3514404296875 763.7078247070312 775.5684814453125
v 1835.991943359375 762.4244384765625 774.3330688476562
v 1836.4334716796875 761.1104736328125 775.1534423828125
v 1836.006591796875 761.9649047851562 775.9768676757812
v 1835.999267578125 762.195556640625 775.1550903320312
v 1837.29443359375 759.16845703125 774.3281860351562
v 1838.17724609375 756.5401611328125 775.9682006835938
v 1837.323486328125 758.2445068359375 777.6141357421875
v 1837.30908203125 758.710205078125 775.9717407226562
v 1839.867919921875 753.54638671875 771.0279541015625
v 1841.632568359375 748.3128662109375 774.310546875
v 1839.92724609375 751.7365112304688 777.6026611328125
v 1839.8980712890625 752.6555786132812 774.31787109375
v 1845.06884765625 740.5066528320312 771.00732421875
v 1848.5906982421875 730.0348510742188 777.5584716796875
v 1845.1842041015625 736.8038940429688 784.1323852539062
v 1845.12841796875 738.7169189453125 777.5772094726562
v 1855.4442138671875 714.414794921875 770.9576416015625
v 1862.4500732421875 693.4531860351562 784.0087890625
v 1855.656494140625 706.608154296875 797.1613159179688
v 1855.55810546875 710.7957153320312 784.0623168945312
v 1876.2747802734375 661.716064453125 770.829345703125
v 1890.3197021484375 619.2713012695312 796.7977294921875
v 1876.58251953125 644.5809326171875 823.0187377929688
v 1876.4635009765625 654.3037109375 796.956298828125
v 1835.353271484375 763.6500244140625 775.77392578125
v 1835.2464599609375 763.86328125 775.979736328125
v 1835.24462890625 763.9212036132812 775.7742919921875
v 1835.5758056640625 762.93359375 776.3892822265625
v 1835.3623046875 763.3593139648438 776.8008422851562
v 1835.358642578125 763.4759521484375 776.39013671875
v 1836.447998046875 760.647705078125 776.7965698242188
v 1836.0208740234375 761.4979858398438 777.6195068359375
v 1836.0137939453125 761.7323608398438 776.79833984375
v 1841.56640625 750.202392578125 767.1797485351562
v 1839.831787109375 754.5523681640625 767.1854248046875
v 1844.92333984375 744.3130493164062 755.572998046875
v 1848.4599609375 733.752197265625 763.3052978515625
v 1844.99658203125 742.4639282226562 763.3167724609375
v 1855.18212890625 721.4797973632812 739.8551025390625
v 1862.2115478515625 700.652587890625 755.5237426757812
v 1855.30712890625 718.1220092773438 755.5457763671875
v 1876.0443115234375 673.2794799804688 707.744384765625
v 1890.051025390625 632.750244140625 739.7698974609375
v 1876.09326171875 668.3545532226562 739.8080444335938
v 1839.8134765625 755.0435180664062 765.2601928710938
v 1838.9642333984375 756.7271118164062 767.1881103515625
v 1839.80419921875 755.286376953125 764.2964477539062
v 1839.379638671875 756.1314086914062 765.2614135742188
v 1840.6624755859375 753.3505859375 763.32958984375
v 1841.548095703125 750.6915893554688 765.2550048828125
v 1840.69921875 752.37744140625 767.1826171875
v 1840.680908203125 752.8676147460938 765.2576293945312
v 1843.2635498046875 746.8190307617188 763.3220825195312
v 1845.032958984375 741.5007934570312 767.1676025390625
v 1843.3360595703125 744.853759765625 771.0145263671875
v 1843.3001708984375 745.8518676757812 767.173828125
v 1839.808837890625 755.1651611328125 764.7783813476562
v 1839.5965576171875 755.5874633789062 765.2608032226562
v 1839.5919189453125 755.7091674804688 764.779052734375
v 1840.671630859375 753.1099853515625 764.2940063476562
v 1840.2471923828125 753.95556640625 765.2589111328125
v 1840.238037109375 754.1981811523438 764.2952270507812
v 1844.9599609375 743.4000244140625 759.45263671875
v 1843.2266845703125 747.7592163085938 759.4571533203125
v 1848.318115234375 737.3381958007812 747.7528686523438
v 1839.8226318359375 754.7988891601562 766.22314453125
v 1839.3980712890625 755.6397094726562 767.186767578125
v 1838.955078125 756.97412109375 766.2257690429688
v 1839.388916015625 755.886474609375 766.2244873046875
v 1839.8499755859375 754.053466796875 769.10791015625
v 1839.000244140625 755.7191772460938 771.0310668945312
v 1838.9822998046875 756.2272338867188 769.11083984375
v 1844.886962890625 745.2070922851562 751.675537109375
v 1844.9051513671875 744.76220703125 753.6266479492188
v 1844.056640625 746.4948120117188 755.5748901367188
v 1844.038330078125 746.9450073242188 753.62841796875
v 1848.352783203125 736.469970703125 751.6685180664062
v 1846.6561279296875 739.9490966796875 755.5689697265625
v 1846.6202392578125 740.8388061523438 751.672119140625
v 1851.7183837890625 730.2482299804688 739.8614501953125
v 1855.2421875 719.8402709960938 747.738525390625
v 1851.8494873046875 726.854248046875 755.5556640625
v 1851.7818603515625 728.5901489257812 747.7460327148438
v 1862.0172119140625 706.8263549804688 723.8895263671875
v 1855.1280517578125 723.0213012695312 731.9058837890625
v 1861.98876953125 708.0730590820312 715.8416137695312
v 1858.5506591796875 715.6361694335938 723.8955688476562
v 1890.2579345703125 639.5438842773438 675.4293823242188
v 1876.1571044921875 675.6710815429688 675.38330078125
v 1919.42626953125 557.2631225585938 578.7291870117188
v 1869.0115966796875 691.2216796875 707.7525024414062
v 1876.0501708984375 671.0921020507812 723.8634033203125
v 1869.1019287109375 686.149169921875 739.8253784179688
v 1869.0380859375 688.9613647460938 723.8767700195312
v 1858.5328369140625 716.28759765625 719.876220703125
v 1856.81640625 720.0405883789062 723.8985595703125
v 1856.7974853515625 720.6968383789062 719.8790893554688
v 1862.0546875 705.4414672851562 731.8932495117188
v 1858.6427001953125 712.709716796875 739.848388671875
v 1858.5927734375 714.2321166992188 731.8997192382812
v 1861.9783935546875 708.6385498046875 711.8046264648438
v 1860.25341796875 712.4876708984375 715.8443603515625
v 1860.2418212890625 713.057861328125 711.8071899414062
v 1876.0789794921875 674.7975463867188 691.5552368164062
v 1869.028076171875 692.80810546875 691.5510864257812
v 1865.4921875 700.1921997070312 707.7567138671875
v 1869.019775390625 690.1700439453125 715.830322265625
v 1865.52880859375 697.8944091796875 723.8831787109375
v 1865.50537109375 699.1220092773438 715.8359375
v 1861.101806640625 711.3741455078125 707.7620849609375
v 1861.97412109375 708.9057006835938 709.7835693359375
v 1861.110107421875 710.8482055664062 711.805908203125
v 1860.2369384765625 713.327392578125 709.7859497070312
v 1861.1055908203125 711.1165771484375 709.7847900390625
v 1869.0140380859375 692.100341796875 699.6556396484375
v 1865.4898681640625 701.0888671875 699.6574096679688
v 1863.7315673828125 704.67724609375 707.7588500976562
v 1865.4974365234375 699.677978515625 711.799560546875
v 1863.7474365234375 703.59765625 715.8388061523438
v 1863.7381591796875 704.1583862304688 711.8021240234375
v 1865.4896240234375 700.6624755859375 703.7088012695312
v 1863.7279052734375 705.1521606445312 703.71044921875
v 1865.4931640625 701.4723510742188 695.6038208007812
v 1869.0543212890625 693.3536376953125 683.449951171875
v 1865.4910888671875 701.285888671875 697.6307983398438
v 1864.6085205078125 703.3359375 699.6578369140625
v 1864.6094970703125 703.5341186523438 697.631103515625
v 1867.2640380859375 697.31103515625 691.55029296875
v 1869.0196533203125 692.47509765625 695.6036376953125
v 1867.252197265625 696.5946044921875 699.656494140625
v 1867.256591796875 696.9736938476562 695.6036987304688
v 1872.5545654296875 683.8026123046875 691.552978515625
v 1876.056396484375 674.1233520507812 699.65283203125
v 1872.5289306640625 682.250732421875 707.7484130859375
v 1872.5362548828125 683.11181640625 699.6541137695312
v 1883.211669921875 657.6032104492188 675.4054565429688
v 1890.157958984375 638.78662109375 691.5673217773438
v 1883.069580078125 655.336669921875 707.7367553710938
v 1883.1220703125 656.7898559570312 691.5607299804688
v 1904.5782470703125 603.0851440429688 643.5321044921875
v 1918.372802734375 567.4329833984375 675.5359497070312
v 1904.1085205078125 601.5164794921875 707.7157592773438
v 1904.327880859375 603.4590454101562 675.481201171875
v 1946.5399169921875 495.04193115234375 643.81494140625
v 1974.06884765625 422.56378173828125 707.6554565429688
v 1945.5732421875 484.8533630371094 770.2931518554688
v 1946.08837890625 494.0196228027344 707.6792602539062
v 1866.3818359375 699.5625 691.5499267578125
v 1867.260009765625 697.1475219726562 693.5769653320312
v 1866.375 699.2230224609375 695.603759765625
v 1866.3780517578125 699.39794921875 693.5768432617188
v 1869.0396728515625 693.1006469726562 687.4993896484375
v 1872.62646484375 684.7075805664062 675.3729858398438
v 1876.1124267578125 675.3106689453125 683.4619750976562
v 1872.58447265625 684.3316650390625 683.4556884765625
v 1869.046630859375 693.2319946289062 685.4743041992188
v 1870.8197021484375 688.842529296875 683.4527587890625
v 1872.5679931640625 684.0867919921875 687.503173828125
v 1870.7916259765625 688.3052978515625 691.552001953125
v 1870.8040771484375 688.5936279296875 687.501220703125
v 1869.05029296875 693.2940063476562 684.4620361328125
v 1872.6038818359375 684.5382080078125 679.411865234375
v 1870.83837890625 689.0531005859375 679.4078979492188
v 1876.2135009765625 675.8873901367188 667.3294677734375
v 1883.505126953125 657.5138549804688 643.3941040039062
v 1890.38525390625 639.7302856445312 659.3850708007812
v 1883.3387451171875 657.843017578125 659.346923828125
v 1869.93701171875 691.0980834960938 683.4513549804688
v 1870.8115234375 688.7229614257812 685.4766235351562
v 1869.921875 690.8471069335938 687.5003051757812
v 1869.9290771484375 690.9774780273438 685.4754638671875
v 1870.82861328125 688.9525146484375 681.4298095703125
v 1869.94580078125 691.2090454101562 681.4281616210938
v 1869.9412841796875 691.1547241210938 682.4396362304688
v 1869.4957275390625 692.225830078125 683.4506225585938
v 1869.4998779296875 692.2827758789062 682.4388427734375
v 1872.638916015625 684.7786254882812 673.3558349609375
v 1876.183837890625 675.7967529296875 671.3526611328125
v 1874.39208984375 680.1891479492188 675.3780517578125
v 1874.4183349609375 680.3185424804688 671.346435546875
v 1879.811767578125 666.9041748046875 659.32861328125
v 1883.2705078125 657.7907104492188 667.359375
v 1879.685546875 666.63623046875 675.3941040039062
v 1879.7432861328125 666.837890625 667.3441772460938
v 1873.535400390625 682.5796508789062 671.3433837890625
v 1874.4049072265625 680.25830078125 673.3613891601562
v 1873.5093994140625 682.4483032226562 675.37548828125
v 1873.52197265625 682.5184326171875 673.3585815429688
v 1876.13330078125 675.5093994140625 679.420166015625
v 1874.3487548828125 679.821044921875 683.4588012695312
v 1874.368896484375 680.023681640625 679.4159545898438
v 1883.1622314453125 657.2723999023438 683.4757080078125
v 1879.6014404296875 665.7932739257812 691.5578002929688
v 1879.6383056640625 666.2908325195312 683.4686279296875
v 1873.0938720703125 683.710205078125 671.3419189453125
v 1873.528564453125 682.5501098632812 672.3507690429688
v 1873.0804443359375 683.6484985351562 673.357177734375
v 1873.0870361328125 683.6804809570312 672.3493041992188
v 1876.2462158203125 675.9441528320312 663.315185546875
v 1873.0904541015625 683.6956176757812 671.8455200195312
v 1872.8663330078125 684.2456665039062 672.3485717773438
v 1872.86962890625 684.2608642578125 671.8447875976562
v 1872.867919921875 684.2532958984375 672.0966796875
v 1872.755859375 684.5282592773438 672.3482666015625
v 1873.083740234375 683.664794921875 672.8532104492188
v 1872.8597412109375 684.2135620117188 673.3565063476562
v 1872.6422119140625 684.7950439453125 672.851806640625
v 1872.863037109375 684.2299194335938 672.8524780273438
v 1873.515625 682.4844970703125 674.3668212890625
v 1873.0679931640625 683.5779418945312 675.3742065429688
v 1872.6326904296875 684.7442626953125 674.3641967773438
v 1873.0740966796875 683.6143798828125 674.365478515625
v 1874.380126953125 680.1109619140625 677.3963012695312
v 1873.4864501953125 682.2808837890625 679.4138793945312
v 1872.6148681640625 684.6275024414062 677.3917236328125
v 1873.49755859375 682.3692016601562 677.3939819335938
v 1883.4166259765625 657.759033203125 651.3673706054688
v 1879.8912353515625 666.8338012695312 651.346923828125
v 1890.7353515625 638.2230834960938 627.3889770507812
v 1905.591552734375 593.2590942382812 578.6643676757812
v 1918.8377685546875 563.5968017578125 611.1680908203125
v 1904.9332275390625 599.7822265625 611.081787109375
v 1949.96630859375 474.887939453125 531.7058715820312
v 1974.7398681640625 416.7668762207031 578.9566650390625
v 1947.0252685546875 486.2079772949219 578.8549194335938
v 1878.047119140625 671.435791015625 659.3196411132812
v 1879.776123046875 666.887451171875 663.3314819335938
v 1877.9786376953125 671.3623657226562 667.3367309570312
v 1878.011474609375 671.41552734375 663.3232421875
v 1878.0289306640625 671.4296875 661.3201293945312
v 1877.12890625 673.6797485351562 663.3191528320312
v 1877.1463623046875 673.69482421875 661.31591796875
v 1879.85009765625 666.887451171875 655.3349609375
v 1883.45947265625 657.6583862304688 647.3818359375
v 1881.654296875 662.2960205078125 651.3570556640625
v 1881.6978759765625 662.1986083984375 647.3712158203125
v 1887.0244140625 648.4300537109375 643.4161987304688
v 1890.4588623046875 639.6203002929688 651.4097290039062
v 1886.86328125 648.7849731445312 659.3657836914062
v 1886.939208984375 648.687744140625 651.3883056640625
v 1897.564453125 621.2064819335938 643.48486328125
v 1904.450927734375 603.5526733398438 659.4659423828125
v 1897.29638671875 621.4951171875 675.4547729492188
v 1897.4222412109375 621.6326293945312 659.4249267578125
v 1881.67578125 662.2525634765625 649.3641967773438
v 1880.77294921875 664.5648193359375 651.3519897460938
v 1880.79443359375 664.522216796875 649.3590087890625
v 1883.37646484375 657.8193969726562 655.3544311523438
v 1881.5755615234375 662.3732299804688 659.3377075195312
v 1881.6136474609375 662.35302734375 655.3446655273438
v 1879.870361328125 666.865478515625 653.3404541015625
v 1878.968017578125 669.1549072265625 655.3302001953125
v 1880.3536376953125 665.6571044921875 649.3564453125
v 1880.7835693359375 664.5447998046875 650.35546875
v 1880.3321533203125 665.6992797851562 651.3494873046875
v 1880.3427734375 665.6795043945312 650.3529052734375
v 1881.6336669921875 662.329345703125 653.3504028320312
v 1880.73193359375 664.6201171875 655.3397827148438
v 1880.7520751953125 664.5972900390625 653.345458984375
v 1880.3482666015625 665.6686401367188 649.8546752929688
v 1880.1224365234375 666.246826171875 650.3516235351562
v 1880.1278076171875 666.2360229492188 649.8533935546875
v 1880.805419921875 664.4970092773438 648.3624877929688
v 1883.553466796875 657.3218994140625 639.4002685546875
v 1887.228271484375 647.32177734375 627.3665771484375
v 1890.6322021484375 638.8939819335938 635.4418334960938
v 1887.120361328125 647.9840698242188 635.4190673828125
v 1897.9654541015625 617.9390869140625 611.039306640625
v 1904.73046875 601.8931884765625 627.4816284179688
v 1897.739013671875 620.0439453125 627.4348754882812
v 1880.3592529296875 665.6449584960938 648.858154296875
v 1880.5850830078125 665.0645141601562 648.3612060546875
v 1880.7999267578125 664.5099487304688 648.8607788085938
v 1880.5740966796875 665.0896606445312 649.3577270507812
v 1880.57958984375 665.0774536132812 648.8594360351562
v 1881.25732421875 663.3338012695312 647.3685913085938
v 1881.6866455078125 662.2269287109375 648.3677368164062
v 1881.235107421875 663.3873901367188 649.361572265625
v 1881.24609375 663.3619384765625 648.3651123046875
v 1882.5787353515625 659.9284057617188 647.3765258789062
v 1883.437744140625 657.7139892578125 649.3746337890625
v 1882.53564453125 660.0274047851562 651.3621826171875
v 1882.556884765625 659.983154296875 649.369384765625
v 1885.26513671875 652.971435546875 643.4050903320312
v 1886.98046875 648.5806884765625 647.4034423828125
v 1885.17822265625 653.2229614257812 651.3777465820312
v 1885.2203369140625 653.1190795898438 647.392578125
v 1885.3631591796875 652.5309448242188 635.4077758789062
v 1887.0709228515625 648.2323608398438 639.422607421875
v 1885.3126220703125 652.776611328125 639.411376953125
v 1885.3375244140625 652.6603393554688 637.4110717773438
v 1884.4332275390625 655.049072265625 639.4058227539062
v 1884.458251953125 654.9335327148438 637.405517578125
v 1887.1727294921875 647.6817016601562 631.401611328125
v 1890.851806640625 637.3106079101562 619.2499389648438
v 1925.962890625 533.9585571289062 498.84051513671875
v 1884.0185546875 656.0702514648438 637.4027099609375
v 1884.4456787109375 654.992919921875 638.406005859375
v 1883.993408203125 656.1854858398438 639.403076171875
v 1884.005859375 656.1294555664062 638.4031982421875
v 1885.28857421875 652.880126953125 641.4092407226562
v 1884.38525390625 655.2424926757812 643.3995971679688
v 1883.5289306640625 657.4240112304688 641.398193359375
v 1884.4088134765625 655.1519775390625 641.4036865234375
v 1884.01220703125 656.1002807617188 637.903076171875
v 1883.7860107421875 656.69775390625 638.40185546875
v 1883.7923583984375 656.6685791015625 637.9016723632812
v 1883.7891845703125 656.6832885742188 638.1517944335938
v 1883.9996337890625 656.1578369140625 638.9031982421875
v 1883.7734375 656.753662109375 639.4016723632812
v 1883.559814453125 657.2943725585938 638.9004516601562
v 1883.7796630859375 656.7261352539062 638.90185546875
v 1884.4208984375 655.1021118164062 640.405029296875
v 1883.9688720703125 656.2879638671875 641.4009399414062
v 1883.5411376953125 657.37451171875 640.3995361328125
v 1883.9810791015625 656.23828125 640.4022827148438
v 1884.015380859375 656.0853271484375 637.6528930664062
v 1883.90234375 656.3843994140625 637.90234375
v 1883.905517578125 656.3695068359375 637.6522216796875
v 1884.2384033203125 655.5018920898438 637.4041137695312
v 1884.451904296875 654.963623046875 637.9058227539062
v 1884.225830078125 655.5611572265625 638.4046020507812
v 1884.2320556640625 655.5319213867188 637.9044189453125
v 1884.89794921875 653.796875 637.4082641601562
v 1885.324951171875 652.7200927734375 638.4115600585938
v 1884.8729248046875 653.9127807617188 639.4086303710938
v 1884.8853759765625 653.8564453125 638.4088134765625
v 1886.2418212890625 650.25732421875 635.4133911132812
v 1887.0953369140625 648.11474609375 637.4223022460938
v 1886.19189453125 650.5043334960938 639.4169921875
v 1886.216552734375 650.3873901367188 637.4166870117188
v 1888.876708984375 643.4384155273438 635.430419921875
v 1890.5850830078125 639.1473999023438 639.4453735351562
v 1888.7828369140625 643.8897705078125 643.4273681640625
v 1888.828369140625 643.6892700195312 639.4339599609375
v 1894.2388916015625 629.1303100585938 627.4118041992188
v 1897.646484375 620.7302856445312 635.488525390625
v 1894.053955078125 630.2759399414062 643.4616088867188
v 1894.140869140625 629.8092041015625 635.4650268554688
v 1887.2000732421875 647.5091552734375 629.3865356445312
v 1888.9822998046875 642.771728515625 627.3777465820312
v 1890.6822509765625 638.5870361328125 631.42431640625
v 1888.927978515625 643.1336669921875 631.4129028320312
v 1887.214111328125 647.4173583984375 628.377197265625
v 1886.7613525390625 648.6466064453125 629.3837280273438
v 1886.775390625 648.554931640625 628.3743896484375
v 1890.7918701171875 637.7987670898438 623.3321533203125
v 1889.0400390625 642.3490600585938 623.321044921875
v 1894.476318359375 627.0310668945312 611.0184326171875
v 1897.844482421875 619.1216430664062 619.2939453125
v 1894.3499755859375 628.2125244140625 619.2717895507812
v 1905.2117919921875 596.7655639648438 594.4974365234375
v 1898.2630615234375 614.9000244140625 594.4605712890625
v 1920.61328125 550.6467895507812 552.5648803710938
v 1888.10546875 645.0465698242188 627.3721313476562
v 1888.9547119140625 642.9600830078125 629.3977661132812
v 1888.0504150390625 645.4075317382812 631.4072265625
v 1888.0775146484375 645.2344360351562 629.3921508789062
v 1889.0107421875 642.5681762695312 625.352294921875
v 1888.1341552734375 644.843505859375 625.3467407226562
v 1887.2354736328125 647.2725830078125 626.8607177734375
v 1887.69580078125 645.9812622070312 625.343994140625
v 1888.11962890625 644.9469604492188 626.3601684570312
v 1887.6668701171875 646.1841430664062 627.3693237304688
v 1887.6812744140625 646.0846557617188 626.3573608398438
v 1887.2391357421875 647.2476196289062 626.6077270507812
v 1887.4619140625 646.6535034179688 626.35595703125
v 1887.674072265625 646.1348876953125 626.863525390625
v 1887.4476318359375 646.7529296875 627.367919921875
v 1887.4547119140625 646.7037353515625 626.8621215820312
v 1888.0914306640625 645.1423950195312 628.3827514648438
v 1887.638916015625 646.3717651367188 629.3893432617188
v 1887.65283203125 646.2798461914062 628.3800048828125
v 1887.352294921875 646.9379272460938 626.3552856445312
v 1887.4583740234375 646.6787109375 626.609130859375
v 1887.3450927734375 646.9881591796875 626.8614501953125
v 1887.3487548828125 646.963134765625 626.6083984375
v 1887.6884765625 646.033447265625 625.8508911132812
v 1887.46923828125 646.6023559570312 625.8494873046875
v 1889.0701904296875 642.1138305664062 621.2835083007812
v 1890.9154052734375 636.7552490234375 615.138671875
v 1887.3505859375 646.9505615234375 626.4818725585938
v 1887.2939453125 647.1054077148438 626.6080322265625
v 1887.295654296875 647.0928344726562 626.4815063476562
v 1887.465576171875 646.6280517578125 626.102783203125
v 1890.8831787109375 637.0415649414062 617.1981811523438
v 1889.9765625 639.586181640625 619.2445068359375
v 1892.730224609375 631.5801391601562 611.008056640625
v 1894.4111328125 627.65576171875 615.159912109375
v 1892.601318359375 632.7606811523438 619.2608642578125
v 1892.663818359375 632.20458984375 615.1492309570312
v 1898.1041259765625 616.5128173828125 602.7200317382812
v 1894.6197509765625 625.6023559570312 602.7005004882812
v 1890.899169921875 636.9005737304688 616.1693725585938
v 1890.44580078125 638.179443359375 617.1954956054688
v 1890.4619140625 638.0385131835938 616.166748046875
v 1891.789794921875 634.479736328125 615.1439208984375
v 1892.632080078125 632.4912109375 617.2089233398438
v 1891.7266845703125 635.0354614257812 619.25537109375
v 1891.7576904296875 634.7661743164062 617.2035522460938
v 1894.2926025390625 628.7029418945312 623.3544921875
v 1892.487548828125 633.6759033203125 627.4003295898438
v 1892.542724609375 633.25 623.34326171875
v 1890.6968994140625 637.32421875 615.1373291015625
v 1890.9073486328125 636.8284912109375 615.654296875
v 1890.6805419921875 637.4695434570312 616.1680908203125
v 1890.469970703125 637.9664306640625 615.651611328125
v 1890.688720703125 637.3973999023438 615.6529541015625
v 1890.9320068359375 636.6055297851562 614.1058959960938
v 1892.696533203125 631.900634765625 613.081787109375
v 1891.82275390625 634.1759033203125 613.0765380859375
v 1894.5457763671875 626.3441162109375 606.8599243164062
v 1891.3526611328125 635.617431640625 615.1412963867188
v 1891.773681640625 634.6251220703125 616.1747436523438
v 1891.3204345703125 635.90380859375 617.2008666992188
v 1891.33642578125 635.7628173828125 616.1720581054688
v 1890.6927490234375 637.3609619140625 615.3952026367188
v 1890.579345703125 637.681884765625 615.6522827148438
v 1890.5833740234375 637.6454467773438 615.39453125
v 1890.9237060546875 636.6809692382812 614.6224975585938
v 1891.3857421875 635.3136596679688 613.0739135742188
v 1891.80615234375 634.3299560546875 614.1111450195312
v 1891.369140625 635.4677124023438 614.1085205078125
v 1890.6422119140625 637.4664916992188 615.1370239257812
v 1890.69482421875 637.3426513671875 615.2662963867188
v 1890.6380615234375 637.5032348632812 615.3948974609375
v 1890.58544921875 637.6271362304688 615.265625
v 1890.64013671875 637.48486328125 615.2659301757812
v 1890.700927734375 637.2872314453125 614.8793334960938
v 1890.80615234375 637.0397338867188 615.1380004882812
v 1890.911376953125 636.7919921875 615.3965454101562
v 1890.7979736328125 637.1129760742188 615.6536254882812
v 1890.802001953125 637.0764770507812 615.3958740234375
v 1891.134033203125 636.1863403320312 615.1399536132812
v 1891.344482421875 635.690673828125 615.6569213867188
v 1891.1177978515625 636.3316650390625 616.1707153320312
v 1891.1258544921875 636.2595825195312 615.6555786132812
v 1890.6148681640625 637.53759765625 615.1368408203125
v 1890.64111328125 637.4757080078125 615.2014770507812
v 1890.61279296875 637.5559692382812 615.2658081054688
v 1890.5865478515625 637.617919921875 615.201171875
v 1890.6138916015625 637.5468139648438 615.2012939453125
v 1890.6988525390625 637.3057861328125 615.0083618164062
v 1890.644287109375 637.447998046875 615.0079956054688
v 1890.814453125 636.9654541015625 614.621826171875
v 1890.9195556640625 636.71826171875 614.880615234375
v 1890.810302734375 637.0027465820312 614.8800048828125
v 1891.1505126953125 636.03662109375 614.107177734375
v 1891.36083984375 635.5430908203125 614.6251220703125
v 1891.142333984375 636.1119995117188 614.6238403320312
v 1890.6143798828125 637.5421752929688 615.1690673828125
v 1890.6002197265625 637.5823974609375 615.2012329101562
v 1890.6007080078125 637.5777587890625 615.1690063476562
v 1890.6431884765625 637.457275390625 615.072509765625
v 1890.6009521484375 637.575439453125 615.1528930664062
v 1890.5938720703125 637.5955200195312 615.1689453125
v 1890.6153564453125 637.532958984375 615.1046142578125
v 1890.60107421875 637.5742797851562 615.1448364257812
v 1890.5975341796875 637.5843505859375 615.15283203125
v 1890.6080322265625 637.5553588867188 615.1367797851562
v 1890.6146240234375 637.5399169921875 615.1529541015625
v 1890.6075439453125 637.5599975585938 615.1690063476562
v 1890.6077880859375 637.5576782226562 615.1528930664062
v 1890.6285400390625 637.5020141601562 615.1369018554688
v 1890.6417236328125 637.4710693359375 615.1692504882812
v 1890.6275634765625 637.51123046875 615.201416015625
v 1890.6280517578125 637.5066528320312 615.1691284179688
v 1890.6695556640625 637.3953247070312 615.1371459960938
v 1890.69580078125 637.3334350585938 615.2017822265625
v 1890.66748046875 637.4137573242188 615.26611328125
v 1890.66845703125 637.404541015625 615.20166015625
v 1890.75146484375 637.1820068359375 615.1376342773438
v 1890.8040771484375 637.0581665039062 615.2669677734375
v 1890.7474365234375 637.21875 615.3955078125
v 1890.74951171875 637.2003784179688 615.2666015625
v 1890.6009521484375 637.5748901367188 615.1488647460938
v 1890.5992431640625 637.5798950195312 615.15283203125
v 1890.5992431640625 637.579345703125 615.1488037109375
v 1890.6046142578125 637.5642700195312 615.1367797851562
v 1890.60791015625 637.5565185546875 615.1448364257812
v 1890.6043701171875 637.5665893554688 615.1528930664062
v 1890.6044921875 637.5654296875 615.1448364257812
v 1890.6151123046875 637.5352783203125 615.1207275390625
v 1890.6082763671875 637.5531005859375 615.1206665039062
v 1890.6427001953125 637.4618530273438 615.104736328125
v 1890.6290283203125 637.4974365234375 615.1046752929688
v 1890.671630859375 637.3768920898438 615.0081787109375
v 1890.6978759765625 637.3150024414062 615.0728149414062
v 1890.6705322265625 637.3861083984375 615.0726928710938
v 1890.755615234375 637.1449584960938 614.879638671875
v 1890.8082275390625 637.0213012695312 615.0089721679688
v 1890.7535400390625 637.1635131835938 615.0086669921875
v 1890.600830078125 637.5765991210938 615.1609497070312
v 1890.5972900390625 637.586669921875 615.1689453125
v 1890.597412109375 637.5855102539062 615.160888671875
v 1890.6004638671875 637.580078125 615.1851196289062
v 1890.5933837890625 637.6001586914062 615.201171875
v 1890.5936279296875 637.5978393554688 615.18505859375
v 1890.61328125 637.5513916015625 615.2335205078125
v 1890.59912109375 637.591552734375 615.2656860351562
v 1890.5859375 637.6224975585938 615.2333984375
v 1890.599609375 637.5869750976562 615.2334594726562
v 1890.63916015625 637.4940795898438 615.3303833007812
v 1890.6107177734375 637.5743408203125 615.3947143554688
v 1890.58447265625 637.6362915039062 615.330078125
v 1890.61181640625 637.565185546875 615.3302612304688
v 1890.690673828125 637.3792114257812 615.5241088867188
v 1890.634033203125 637.5396728515625 615.6526489257812
v 1890.5814208984375 637.6636962890625 615.5234375
v 1890.635986328125 637.521484375 615.5237426757812
v 1890.6845703125 637.43359375 615.9105834960938
v 1890.5711669921875 637.7540283203125 616.1674194335938
v 1890.4659423828125 638.0025634765625 615.9092407226562
v 1890.5753173828125 637.7180786132812 615.909912109375
v 1890.89111328125 636.9716186523438 616.6840209960938
v 1890.6644287109375 637.6104736328125 617.1968383789062
v 1890.4537353515625 638.1094970703125 616.6813354492188
v 1890.6724853515625 637.54052734375 616.6826782226562
v 1890.8673095703125 637.17822265625 618.2249755859375
v 1890.4141845703125 638.4483642578125 619.2472534179688
v 1889.9923095703125 639.4539184570312 618.2196044921875
v 1890.429931640625 638.3160400390625 618.2222900390625
v 1890.8214111328125 637.5628662109375 621.29443359375
v 1889.916015625 640.07373046875 623.3265991210938
v 1889.9459228515625 639.838134765625 621.2889404296875
v 1894.5821533203125 625.9796142578125 604.7793579101562
v 1893.6734619140625 628.6182861328125 606.8549194335938
v 1893.7100830078125 628.253662109375 604.7744140625
v 1906.097412109375 589.7178955078125 564.585205078125
v 1896.3624267578125 621.056396484375 602.710205078125
v 1898.0323486328125 617.2529907226562 606.8801879882812
v 1896.2213134765625 622.4840087890625 611.02880859375
v 1896.28955078125 621.7974243164062 606.8700561523438
v 1901.7393798828125 605.8269653320312 594.4788818359375
v 1905.0614013671875 598.364013671875 602.7597045898438
v 1901.450927734375 608.8558959960938 611.0604858398438
v 1901.5845947265625 607.4331665039062 602.73974609375
v 1912.51513671875 575.227783203125 578.6966552734375
v 1919.0721435546875 560.6534423828125 594.5728759765625
v 1911.8896484375 581.666259765625 611.1248168945312
v 1912.14697265625 578.6812744140625 594.5349731445312
v 1933.22705078125 521.5611572265625 578.7936401367188
v 1946.609619140625 491.89715576171875 611.3363647460938
v 1932.5648193359375 530.9013061523438 643.7236938476562
v 1932.7216796875 527.6199951171875 611.25390625
v 1894.600830078125 625.7925415039062 603.7396240234375
v 1894.1461181640625 627.1165771484375 604.7769165039062
v 1894.1649169921875 626.929443359375 603.7371826171875
v 1898.180908203125 615.72607421875 598.5748291015625
v 1896.4403076171875 620.2683715820312 598.5654296875
v 1895.4912109375 623.3291015625 602.7053833007812
v 1896.325439453125 621.4332885742188 604.7892456054688
v 1895.417724609375 624.0704956054688 606.864990234375
v 1895.453857421875 623.7061767578125 604.7843017578125
v 1898.3509521484375 614.0420532226562 590.393310546875
v 1902.123779296875 602.297607421875 578.6484375
v 1905.387451171875 595.044677734375 586.4229736328125
v 1901.918212890625 604.0956420898438 586.4058227539062
v 1898.3062744140625 614.4745483398438 592.4201049804688
v 1897.3934326171875 617.1700439453125 594.4560546875
v 1897.436767578125 616.7440795898438 592.4156494140625
v 1900.1820068359375 608.6260375976562 586.3973388671875
v 1901.8255615234375 604.9732666015625 590.410888671875
v 1900.001708984375 610.362060546875 594.4697265625
v 1900.0888671875 609.5061645507812 590.4020385742188
v 1897.4149169921875 616.9580078125 593.4342651367188
v 1896.9583740234375 618.3052978515625 594.4537963867188
v 1896.97998046875 618.0931396484375 593.4320068359375
v 1898.2213134765625 615.3175048828125 596.5128173828125
v 1897.310791015625 617.9968872070312 598.5701293945312
v 1896.481201171875 619.8590087890625 596.5036010742188
v 1897.3514404296875 617.5879516601562 596.5082397460938
v 1901.6591796875 606.6492919921875 598.5938720703125
v 1899.8448486328125 611.9717407226562 602.7298583984375
v 1899.9205322265625 611.1863403320312 598.5842895507812
v 1896.990966796875 617.9863891601562 592.9223022460938
v 1897.2193603515625 617.3115844726562 592.41455078125
v 1897.42578125 616.8512573242188 592.924560546875
v 1897.197509765625 617.5255737304688 593.4331665039062
v 1897.2083740234375 617.4188232421875 592.9234008789062
v 1897.87158203125 615.6092529296875 592.4178466796875
v 1898.2845458984375 614.688232421875 593.438720703125
v 1897.8282470703125 616.034912109375 594.4583129882812
v 1897.8497314453125 615.8230590820312 593.4365234375
v 1899.219970703125 611.7737426757812 590.3976440429688
v 1900.0445556640625 609.9376220703125 592.4290161132812
v 1899.132568359375 612.6306762695312 594.4651489257812
v 1899.175537109375 612.2057495117188 592.424560546875
v 1902.0174560546875 603.2012939453125 582.4796752929688
v 1900.28173828125 607.7288818359375 582.4714965820312
v 1905.8272705078125 591.466552734375 571.3496704101562
v 1913.687744140625 568.4611206054688 552.5408325195312
v 1919.93603515625 553.85986328125 564.641845703125
v 1913.02490234375 571.7510375976562 564.6137084960938
v 1936.247314453125 509.4421081542969 531.7124633789062
v 1948.160400390625 480.35821533203125 552.6439208984375
v 1934.4117431640625 515.29541015625 552.60791015625
v 1956.6361083984375 453.9367980957031 463.7543029785156
v 1979.7520751953125 399.3174133300781 498.454345703125
v 1953.378662109375 465.5860900878906 498.6494140625
v 2081.97705078125 155.28167724609375 463.3789367675781
v 2030.4315185546875 270.01287841796875 463.88214111328125
v 1900.3341064453125 607.2763061523438 580.5431518554688
v 1902.237548828125 601.3917846679688 574.9281005859375
v 1900.3077392578125 607.5028686523438 581.5042114257812
v 1899.84765625 608.861328125 582.4694213867188
v 1901.2562255859375 604.5594482421875 578.6444702148438
v 1902.0697021484375 602.7501831054688 580.5512084960938
v 1901.1497802734375 605.4647216796875 582.4755859375
v 1901.2021484375 605.0128173828125 580.5471801757812
v 1903.8582763671875 597.7765502929688 578.6563720703125
v 1905.4857177734375 594.1563720703125 582.4962158203125
v 1903.6533203125 599.5684814453125 586.4143676757812
v 1903.7520751953125 598.6771240234375 582.4879150390625
v 1909.05517578125 584.2355346679688 578.6804809570312
v 1912.315185546875 576.9848022460938 586.457763671875
v 1908.6807861328125 587.7167358398438 594.51611328125
v 1908.8529052734375 586.0074462890625 586.4403076171875
v 1900.2310791015625 608.1791381835938 584.4235229492188
v 1899.3135986328125 610.8923950195312 586.39306640625
v 1899.3626708984375 610.44482421875 584.4193725585938
v 1900.0906982421875 608.0689086914062 581.5032348632812
v 1900.294677734375 607.615966796875 581.9871215820312
v 1900.064697265625 608.2951049804688 582.470458984375
v 1899.860595703125 608.748291015625 581.9850463867188
v 1900.07763671875 608.1820678710938 581.986083984375
v 1900.7681884765625 606.1444702148438 580.545166015625
v 1901.1756591796875 605.239013671875 581.50830078125
v 1900.7158203125 606.5966796875 582.4735107421875
v 1900.7418212890625 606.3707885742188 581.5062255859375
v 1901.967041015625 603.6500854492188 584.431884765625
v 1901.05029296875 606.3604125976562 586.4015502929688
v 1901.09912109375 605.9141845703125 584.4276733398438
v 1900.2562255859375 607.954345703125 583.4446411132812
v 1899.796875 609.3118896484375 584.4214477539062
v 1899.822021484375 609.0869750976562 583.442626953125
v 1900.084228515625 608.1255493164062 581.7444458007812
v 1899.9691162109375 608.4651489257812 581.985595703125
v 1899.9755859375 608.4086303710938 581.7439575195312
v 1900.3209228515625 607.3896484375 581.0228881835938
v 1900.0972900390625 608.0123291015625 581.2623291015625
v 1900.04296875 608.1538696289062 581.2620849609375
v 1900.093994140625 608.0406494140625 581.3827514648438
v 1900.0364990234375 608.21044921875 581.5029907226562
v 1900.0396728515625 608.1821899414062 581.3825073242188
v 1900.21240234375 607.6726684570312 581.0223999023438
v 1900.3143310546875 607.4462280273438 581.2633666992188
v 1900.19921875 607.785888671875 581.5037231445312
v 1900.205810546875 607.729248046875 581.2628784179688
v 1900.5511474609375 606.7103271484375 580.5441284179688
v 1900.7548828125 606.2576904296875 581.02490234375
v 1900.5247802734375 606.9368286132812 581.5052490234375
v 1900.5379638671875 606.8236083984375 581.02392578125
v 1900.822265625 605.6907348632812 578.6425170898438
v 1901.2288818359375 604.7862548828125 579.5924682617188
v 1900.7950439453125 605.917724609375 579.5905151367188
v 1902.1798095703125 601.844482421875 576.7733764648438
v 1904.09375 595.9768676757812 571.3421630859375
v 1905.7052001953125 592.3600463867188 574.9435424804688
v 1903.971923828125 596.8740234375 574.935791015625
v 1909.5634765625 580.7254028320312 564.5994873046875
v 1912.7506103515625 573.4666137695312 571.3798217773438
v 1909.2908935546875 582.4580688476562 571.3646850585938
v 1924.083740234375 539.4883422851562 515.7974853515625
v 1901.8038330078125 602.5217895507812 574.9262084960938
v 1902.2083740234375 601.6180419921875 575.846923828125
v 1901.7459716796875 602.9749145507812 576.771484375
v 1901.774658203125 602.7482299804688 575.844970703125
v 1903.10498046875 599.1324462890625 574.9319458007812
v 1903.9141845703125 597.3250732421875 576.78125
v 1902.9912109375 600.03662109375 578.6524047851562
v 1903.047119140625 599.5842895507812 576.7772827148438
v 1903.2265625 598.2335205078125 571.33837890625
v 1904.0318603515625 596.42431640625 573.1221313476562
v 1903.164794921875 598.681884765625 573.1182861328125
v 1905.9580078125 590.5852661132812 567.8972778320312
v 1904.2239990234375 595.0918579101562 567.8900146484375
v 1904.1578369140625 595.5325317382812 569.597900390625
v 1903.29052734375 597.788330078125 569.5941772460938
v 1903.25830078125 598.0104370117188 570.4617309570312
v 1906.2454833984375 588.8630981445312 561.4021606445312
v 1910.217041015625 577.3999633789062 552.5281982421875
v 1913.3377685546875 570.0865478515625 558.3641357421875
v 1909.87255859375 579.0433959960938 558.3506469726562
v 1915.4248046875 562.1077270507812 531.7014770507812
v 1921.4407958984375 547.5426025390625 541.8291015625
v 1914.4920654296875 565.2789916992188 541.8112182617188
v 1906.32275390625 588.43994140625 559.8555297851562
v 1908.1380615234375 583.5289916992188 558.3438720703125
v 1909.7135009765625 579.8788452148438 561.4161376953125
v 1907.8310546875 585.219482421875 564.5923461914062
v 1907.9801025390625 584.3687133789062 561.4091796875
v 1906.3621826171875 588.2293090820312 559.0928344726562
v 1908.4796142578125 581.8770141601562 552.521728515625
v 1910.04052734375 578.2175903320312 555.3917846679688
v 1908.3045654296875 582.6989135742188 555.3851318359375
v 1914.0731201171875 566.8626098632812 547.0533447265625
v 1910.5958251953125 575.7833251953125 547.0418090820312
v 1907.270263671875 585.7735595703125 558.3403930664062
v 1908.0579833984375 583.9475708007812 559.8624877929688
v 1907.113037109375 586.6153564453125 561.4056396484375
v 1907.1905517578125 586.1931762695312 559.8590087890625
v 1906.1451416015625 588.791015625 559.0919799804688
v 1906.3424072265625 588.3345336914062 559.4733276367188
v 1906.1058349609375 589.0017700195312 559.8546752929688
v 1906.1253662109375 588.8963012695312 559.4724731445312
v 1906.8363037109375 586.8963012695312 558.3386840820312
v 1907.2301025390625 585.9830322265625 559.0963134765625
v 1906.7567138671875 587.31640625 559.8572998046875
v 1906.7962646484375 587.1060180664062 559.0945434570312
v 1907.43603515625 584.94140625 555.3817749023438
v 1908.22021484375 583.1128540039062 556.8518676757812
v 1907.35205078125 585.3563842773438 556.8484497070312
v 1906.283935546875 588.6511840820312 560.625244140625
v 1905.8116455078125 589.9873657226562 561.400390625
v 1905.8499755859375 589.7752075195312 560.6234741210938
v 1906.17041015625 589.2890625 562.9782104492188
v 1905.2301025390625 591.96875 564.5816040039062
v 1905.3028564453125 591.5388793945312 562.9746704101562
v 1906.13525390625 588.8436889648438 559.281982421875
v 1906.382080078125 588.1242065429688 558.7140502929688
v 1906.2735595703125 588.405029296875 558.713623046875
v 1906.3721923828125 588.1767578125 558.9032592773438
v 1906.253662109375 588.5101318359375 559.0924072265625
v 1906.263671875 588.4575805664062 558.90283203125
v 1906.6192626953125 587.457763671875 558.3378295898438
v 1906.816162109375 587.0010986328125 558.7158203125
v 1906.5792236328125 587.6676025390625 559.0936889648438
v 1906.59912109375 587.5626220703125 558.7149047851562
v 1906.91796875 586.4785766601562 556.8468017578125
v 1907.3109130859375 585.564697265625 557.5911865234375
v 1906.8768310546875 586.6871337890625 557.5894775390625
v 1906.2093505859375 588.5980224609375 558.902587890625
v 1906.2586669921875 588.48388671875 558.99755859375
v 1906.199462890625 588.6505737304688 559.0921630859375
v 1906.204345703125 588.624267578125 558.997314453125
v 1906.352294921875 588.2818603515625 559.2828979492188
v 1906.23388671875 588.6154174804688 559.472900390625
v 1906.2437744140625 588.562744140625 559.2824096679688
v 1906.7763671875 587.2111206054688 559.4750366210938
v 1906.539794921875 587.8781127929688 559.8563842773438
v 1906.5594482421875 587.7727661132812 559.4741821289062
v 1907.1514892578125 586.4039306640625 560.6287231445312
v 1906.6793212890625 587.7390747070312 561.4039306640625
v 1906.7177734375 587.5274047851562 560.6270141601562
v 1907.9044189453125 584.7926025390625 562.9852905273438
v 1906.96435546875 587.4681396484375 564.5887451171875
v 1907.03759765625 587.040283203125 562.9817504882812
v 1909.4224853515625 581.584716796875 567.9119262695312
v 1907.5596923828125 586.9602661132812 571.357177734375
v 1907.6907958984375 586.0828247070312 567.9046020507812
v 1906.1402587890625 588.8173217773438 559.1869506835938
v 1906.17724609375 588.6945190429688 558.9972534179688
v 1906.201904296875 588.637451171875 559.0447387695312
v 1906.1722412109375 588.7208251953125 559.0921020507812
v 1906.1748046875 588.7076416015625 559.0446166992188
v 1906.248779296875 588.5364379882812 559.1873779296875
v 1906.1895751953125 588.7031860351562 559.2822265625
v 1906.1944580078125 588.6768798828125 559.1871337890625
v 1908.3909912109375 582.2870483398438 553.9421997070312
v 1910.4022216796875 576.5890502929688 549.7485961914062
v 1908.0450439453125 582.9970092773438 552.5200805664062
v 1908.43505859375 582.081787109375 553.229248046875
v 1907.9566650390625 583.4075927734375 553.9405517578125
v 1908.0006103515625 583.2020874023438 553.2276000976562
v 1908.5703125 581.4686279296875 551.1222534179688
v 1909.3485107421875 579.6378784179688 552.5249633789062
v 1910.127685546875 577.807861328125 553.9487915039062
v 1909.1727294921875 580.4576416015625 555.3884887695312
v 1909.259521484375 580.0468139648438 553.9454956054688
v 1911.953125 572.927978515625 552.5345458984375
v 1913.50830078125 569.2697143554688 555.4048461914062
v 1911.6058349609375 574.5625 558.357421875
v 1911.7750244140625 573.7411499023438 555.3983764648438
v 1917.153076171875 559.5430908203125 552.5530395507812
v 1920.254638671875 552.2335815429688 558.3903198242188
v 1916.4822998046875 562.7955322265625 564.6278076171875
v 1916.79833984375 561.149658203125 558.3773803710938
v 1927.520263671875 532.9226684570312 552.5872192382812
v 1933.72412109375 518.3328247070312 564.6958618164062
v 1926.3289794921875 539.3719482421875 578.7616577148438
v 1926.83447265625 536.051513671875 564.6693115234375
v 1907.978515625 583.3048095703125 553.5833740234375
v 1907.7393798828125 583.9679565429688 553.9397583007812
v 1907.76123046875 583.8651123046875 553.5825805664062
v 1908.3475341796875 582.4927368164062 554.6607666015625
v 1907.870361328125 583.8200073242188 555.3834838867188
v 1907.9132080078125 583.6135864257812 554.6591186523438
v 1907.7503662109375 583.91650390625 553.760986328125
v 1907.6307373046875 584.2482299804688 553.9393310546875
v 1907.6417236328125 584.1967163085938 553.7605590820312
v 1907.934814453125 583.510498046875 554.2991333007812
v 1907.696044921875 584.174072265625 554.6582641601562
v 1907.50048828125 584.6315307617188 554.2974853515625
v 1907.7176513671875 584.0709838867188 554.2982788085938
v 1907.7069091796875 584.0051879882812 553.5823364257812
v 1907.755859375 583.8908081054688 553.6717529296875
v 1907.696044921875 584.056640625 553.7607421875
v 1907.7015380859375 584.0309448242188 553.6715087890625
v 1907.772216796875 583.813720703125 553.4044799804688
v 1908.022705078125 583.0994873046875 552.8731689453125
v 1908.524658203125 581.672607421875 551.8194580078125
v 1909.5328369140625 578.8247680664062 549.7454833984375
v 1910.30859375 576.9937744140625 551.1286010742188
v 1909.439697265625 579.2305908203125 551.1254272460938
v 1912.335205078125 571.3203125 547.047607421875
v 1913.8760986328125 567.6592407226562 549.7607421875
v 1912.139892578125 572.1215209960938 549.7547607421875
v 1917.9698486328125 556.3991088867188 541.8204956054688
v 1921.009521484375 549.0872192382812 547.07470703125
v 1917.544189453125 557.9636840820312 547.0642700195312
v 1929.3399658203125 526.8916015625 531.7119750976562
v 1935.2626953125 512.3652954101562 541.8567504882812
v 1928.3636474609375 529.9026489257812 541.8441772460938
v 1939.7960205078125 499.5230407714844 498.74725341796875
v 1951.626953125 470.46673583984375 515.6807861328125
v 1937.9525146484375 504.73828125 515.7431640625
v 1907.869873046875 583.5849609375 553.5830078125
v 1907.967529296875 583.356201171875 553.7617797851562
v 1907.8480224609375 583.6878051757812 553.9401245117188
v 1907.8590087890625 583.6363525390625 553.7614135742188
v 1908.2177734375 582.6419067382812 553.2284545898438
v 1908.4129638671875 582.1843872070312 553.5850219726562
v 1908.173828125 582.8472900390625 553.94140625
v 1908.19580078125 582.7445068359375 553.584228515625
v 1908.9140625 580.7572631835938 552.5233764648438
v 1909.3038330078125 579.8421020507812 553.2325439453125
v 1908.8253173828125 581.1668090820312 553.94384765625
v 1908.8695068359375 580.9617919921875 553.2308959960938
v 1907.7667236328125 583.8394165039062 553.4934692382812
v 1907.8919677734375 583.482177734375 553.2271728515625
v 1907.989501953125 583.25341796875 553.4053344726562
v 1907.880859375 583.5335693359375 553.4049072265625
v 1907.7451171875 583.8837280273438 553.4044189453125
v 1907.76953125 583.8265380859375 553.448974609375
v 1907.7396240234375 583.909423828125 553.493408203125
v 1907.7423095703125 583.8966064453125 553.4489135742188
v 1907.8265380859375 583.6736450195312 553.4047241210938
v 1907.8753662109375 583.5592651367188 553.493896484375
v 1907.8155517578125 583.7250366210938 553.582763671875
v 1907.821044921875 583.6993408203125 553.4937133789062
v 1909.7254638671875 578.0167846679688 547.038818359375
v 1910.498046875 576.1856079101562 548.3868408203125
v 1909.628173828125 578.4202270507812 548.3837890625
v 1910.797607421875 574.9812622070312 544.3964233398438
v 1914.9432373046875 563.6980590820312 536.72412109375
v 1923.212890625 542.0170288085938 523.897216796875
v 1909.193115234375 579.5379638671875 548.3822631835938
v 1909.5802001953125 578.622314453125 549.0624389648438
v 1909.0980224609375 579.9430541992188 549.7439575195312
v 1909.145263671875 579.7403564453125 549.0609130859375
v 1909.676513671875 578.2183837890625 547.7092895507812
v 1910.6956787109375 575.3818969726562 545.7120971679688
v 1912.7506103515625 569.7274169921875 541.8063354492188
v 1914.2784423828125 566.0697021484375 544.4072265625
v 1912.538818359375 570.5227661132812 544.4019165039062
v 1909.458984375 578.777099609375 547.70849609375
v 1909.6522216796875 578.3192749023438 548.0460205078125
v 1909.41064453125 578.9790649414062 548.3829956054688
v 1909.4346923828125 578.8780517578125 548.0452270507812
v 1910.16064453125 576.89990234375 547.040283203125
v 1910.546630859375 575.9843139648438 547.7122802734375
v 1910.0631103515625 577.302734375 548.3853149414062
v 1910.1116943359375 577.1011962890625 547.7108154296875
v 1911.4656982421875 573.5511474609375 547.0447387695312
v 1912.236572265625 571.7203369140625 548.392822265625
v 1911.271240234375 574.3546752929688 549.751708984375
v 1911.367431640625 573.9523315429688 548.3898315429688
v 1909.44677734375 578.8275146484375 547.8767700195312
v 1909.325927734375 579.157470703125 548.0448608398438
v 1909.3380126953125 579.10693359375 547.8764038085938
v 1909.700927734375 578.1175537109375 547.37353515625
v 1909.4833984375 578.6762084960938 547.372802734375
v 1909.33203125 579.1322021484375 547.9605712890625
v 1909.422607421875 578.9285278320312 548.2139892578125
v 1909.3018798828125 579.2584838867188 548.3826293945312
v 1909.3138427734375 579.2079467773438 548.213623046875
v 1909.6041259765625 578.521240234375 548.7225952148438
v 1909.36279296875 579.1812744140625 549.0617065429688
v 1909.3865966796875 579.0801391601562 548.7218017578125
v 1910.4498291015625 576.38720703125 549.0655517578125
v 1909.9676513671875 577.7067260742188 549.7470703125
v 1910.01513671875 577.5045776367188 549.0640258789062
v 1909.3349609375 579.1195678710938 547.91845703125
v 1909.3048095703125 579.2020263671875 547.9605102539062
v 1909.47119140625 578.7266235351562 547.54052734375
v 1909.3924560546875 578.9672241210938 547.8765869140625
v 1909.4407958984375 578.852783203125 547.9609985351562
v 1909.38037109375 579.0177612304688 548.0450439453125
v 1909.3863525390625 578.9924926757812 547.9607543945312
v 1909.5677490234375 578.4976806640625 547.7089233398438
v 1909.6644287109375 578.268798828125 547.8775024414062
v 1909.54345703125 578.5986328125 548.045654296875
v 1909.5556640625 578.5481567382812 547.8771362304688
v 1909.8941650390625 577.6597290039062 547.7100219726562
v 1910.0872802734375 577.2019653320312 548.0475463867188
v 1909.8455810546875 577.8614501953125 548.384521484375
v 1909.8697509765625 577.7605590820312 548.0467529296875
v 1910.9014892578125 574.5811157226562 543.09326171875
v 1910.9542236328125 574.3812255859375 542.4459228515625
v 1913.197998046875 568.1372680664062 536.7202758789062
v 1914.7137451171875 564.4888916015625 539.2539672851562
v 1912.970458984375 568.9327392578125 539.24951171875
v 1918.91650390625 553.2658081054688 531.7054443359375
v 1921.9049072265625 546.00048828125 536.7372436523438
v 1918.427978515625 554.8372192382812 536.7310791015625
v 1911.8792724609375 571.9536743164062 541.8037719726562
v 1912.643798828125 570.1248779296875 543.0985717773438
v 1911.66845703125 572.7513427734375 544.399169921875
v 1911.7728271484375 572.352294921875 543.095947265625
v 1910.9278564453125 574.4811401367188 542.7692260742188
v 1911.443359375 573.0673828125 541.802490234375
v 1911.8258056640625 572.1529541015625 542.4485473632812
v 1911.3372802734375 573.466552734375 543.0946044921875
v 1911.3900146484375 573.2669067382812 542.447265625
v 1912.859619140625 569.330078125 540.5237426757812
v 1911.9876708984375 571.5552368164062 540.5213623046875
v 1910.8492431640625 574.7811279296875 543.7433471679688
v 1910.9410400390625 574.43115234375 542.6074829101562
v 1911.172119140625 573.8240356445312 542.4465942382812
v 1911.3636474609375 573.36669921875 542.7705688476562
v 1911.119384765625 574.0238037109375 543.0939331054688
v 1911.145751953125 573.9238891601562 542.7698974609375
v 1911.7203369140625 572.5517578125 543.74609375
v 1911.2330322265625 573.8660888671875 544.3978271484375
v 1911.284912109375 573.666259765625 543.7446899414062
v 1912.43603515625 570.921142578125 545.7177734375
v 1911.5660400390625 573.15087890625 545.7149658203125
v 1910.967529296875 574.3312377929688 542.2844848632812
v 1911.2254638671875 573.6243286132812 541.8018798828125
v 1911.4166259765625 573.1671142578125 542.1245727539062
v 1911.19873046875 573.7241821289062 542.1239013671875
v 1911.551513671875 572.6683349609375 540.5201416015625
v 1911.9332275390625 571.7544555664062 541.1614379882812
v 1911.4971923828125 572.8678588867188 541.1602172851562
v 1910.9608154296875 574.356201171875 542.3651733398438
v 1911.0897216796875 574.002685546875 542.1235961914062
v 1911.1854248046875 573.7741088867188 542.28515625
v 1911.063232421875 574.1026000976562 542.4462280273438
v 1911.076416015625 574.0526733398438 542.2848510742188
v 1915.1802978515625 562.9048461914062 534.2103881835938
v 1915.814453125 560.8721313476562 527.830322265625
v 1914.550537109375 564.322021484375 531.7003173828125
v 1915.3016357421875 562.5068359375 532.9560546875
v 1914.3070068359375 565.1213989257812 534.2088623046875
v 1914.4278564453125 564.7222900390625 532.9547119140625
v 1915.6175537109375 561.4918823242188 529.7703857421875
v 1919.7216796875 550.8047485351562 523.9007568359375
v 1922.7984619140625 543.2421875 527.8314208984375
v 1919.3111572265625 552.0444946289062 527.8313598632812
v 1931.0421142578125 522.0557250976562 515.7716064453125
v 1937.075927734375 507.138427734375 523.8748168945312
v 1930.164794921875 524.5220947265625 523.8875732421875
v 1917.1717529296875 557.6837158203125 531.70361328125
v 1918.6685791015625 554.053466796875 534.2159423828125
v 1916.6865234375 559.2646484375 536.7277221679688
v 1916.9254150390625 558.4761352539062 534.2132568359375
v 1914.74267578125 563.7044067382812 529.7695922851562
v 1915.520751953125 561.8002319335938 530.7367553710938
v 1914.6461181640625 564.013671875 530.7357788085938
v 1917.56396484375 556.4552001953125 527.8309936523438
v 1919.11181640625 552.6571044921875 529.77294921875
v 1917.3658447265625 557.0714111328125 529.7717895507812
v 1914.59814453125 564.16796875 531.2182006835938
v 1914.3795166015625 564.7216796875 531.2179565429688
v 1914.5743408203125 564.2449951171875 531.4592895507812
v 1914.3319091796875 564.8758544921875 531.7000732421875
v 1914.355712890625 564.7987670898438 531.4590454101562
v 1915.08349609375 562.9067993164062 530.7362670898438
v 1915.47265625 561.9541015625 531.2192993164062
v 1914.98779296875 563.2147216796875 531.700927734375
v 1915.0355224609375 563.0608520507812 531.21875
v 1916.491943359375 559.2808837890625 529.7711181640625
v 1917.268310546875 557.3779907226562 530.738525390625
v 1916.298583984375 559.8949584960938 531.7025756835938
v 1916.394775390625 559.58837890625 530.7376708984375
v 1914.489013671875 564.5223388671875 532.32763671875
v 1913.9908447265625 565.83056640625 532.9539794921875
v 1914.0517578125 565.6303100585938 532.3269653320312
v 1914.4273681640625 564.5672607421875 530.7355346679688
v 1914.6220703125 564.0908203125 530.97705078125
v 1914.4034423828125 564.6444702148438 530.9767456054688
v 1914.6942138671875 563.859130859375 530.2529296875
v 1915.715576171875 561.1825561523438 528.8018188476562
v 1925.0032958984375 536.8173217773438 507.4277648925781
v 1914.3914794921875 564.6830444335938 531.0973510742188
v 1914.4154052734375 564.6058959960938 530.8561401367188
v 1914.670166015625 563.9364624023438 530.494384765625
v 1915.18017578125 562.5979614257812 529.77001953125
v 1915.5689697265625 561.6461791992188 530.2537841796875
v 1915.1317138671875 562.7525024414062 530.2533569335938
v 1917.9722900390625 555.2083740234375 523.9022216796875
v 1919.5145263671875 551.42724609375 525.8755493164062
v 1917.7662353515625 555.8344116210938 525.8760375976562
v 1920.586669921875 548.2464599609375 515.8092651367188
v 1923.6417236328125 540.7676391601562 519.8843994140625
v 1920.147216796875 549.540771484375 519.8919677734375
v 1917.0966796875 557.41259765625 523.90283203125
v 1917.8687744140625 555.5220947265625 524.8916625976562
v 1916.89111328125 558.0403442382812 525.8761596679688
v 1916.993408203125 557.7271728515625 524.8920288085938
v 1918.3958740234375 553.9373168945312 519.8954467773438
v 1919.9326171875 550.1761474609375 521.906005859375
v 1918.1822509765625 554.5762939453125 521.908447265625
v 1920.365234375 548.8978271484375 517.8594970703125
v 1924.5379638671875 538.1734619140625 511.6430969238281
v 1921.039306640625 546.9156494140625 511.6587829589844
v 1932.9100341796875 516.6802368164062 498.7947082519531
v 1938.8636474609375 502.2099609375 507.3460998535156
v 1931.9610595703125 519.4542846679688 507.387939453125
v 1943.471435546875 486.67425537109375 463.580810546875
v 1955.0882568359375 460.1026916503906 481.1647033691406
v 1941.670166015625 493.5517883300781 481.1991271972656
v 1960.2198486328125 425.5096740722656 397.63458251953125
v 1983.7642822265625 379.4478454589844 430.8967590332031
v 1959.031494140625 440.4071350097656 430.08367919921875
v 1920.8114013671875 547.5859985351562 513.7421264648438
v 1919.93505859375 549.7778930664062 513.7454223632812
v 1920.69873046875 547.9174194335938 514.7777709960938
v 1919.710693359375 550.4402465820312 515.8120727539062
v 1919.8223876953125 550.1102905273438 514.7808227539062
v 1922.790283203125 542.5410766601562 511.6510314941406
v 1924.3094482421875 538.835693359375 513.7283325195312
v 1922.336669921875 543.864013671875 515.803466796875
v 1922.56201171875 543.2073974609375 513.7352905273438
v 1928.489013671875 528.1212158203125 507.40814208984375
v 1931.4970703125 520.7742309570312 511.609619140625
v 1927.5689697265625 530.7579345703125 515.784912109375
v 1928.02392578125 529.45947265625 511.6266784667969
v 1919.384033203125 551.2073364257812 514.7823486328125
v 1919.7664794921875 550.2755737304688 515.2969360351562
v 1919.2723388671875 551.5377807617188 515.8134765625
v 1919.328125 551.3728637695312 515.2984008789062
v 1920.4755859375 548.5732421875 516.8365478515625
v 1919.489501953125 551.0934448242188 517.8617553710938
v 1918.7230224609375 552.96435546875 516.841552734375
v 1919.599609375 550.7679443359375 516.839111328125
v 1923.861083984375 540.132080078125 517.8497924804688
v 1921.8958740234375 545.15087890625 519.8883056640625
v 1922.1146240234375 544.5115966796875 517.854736328125
v 1930.5975341796875 523.3034057617188 519.86669921875
v 1926.6939697265625 533.2559814453125 523.892822265625
v 1927.1251220703125 532.0216674804688 519.8759155273438
v 1919.878662109375 549.9443969726562 514.2636108398438
v 1920.925048828125 547.2520751953125 512.702392578125
v 1925.4786376953125 535.4142456054688 503.1580505371094
v 1923.731201171875 539.7633056640625 503.16876220703125
v 1925.23974609375 536.1220092773438 505.2992858886719
v 1923.25537109375 541.1761474609375 507.43731689453125
v 1923.4920654296875 540.47607421875 505.30950927734375
v 1929.444091796875 525.304443359375 498.8178405761719
v 1932.4324951171875 518.0911865234375 503.1138610839844
v 1928.9627685546875 526.7379150390625 503.1361999511719
v 1934.8541259765625 510.46356201171875 481.2125549316406
v 1940.7359619140625 496.6471252441406 490.0103759765625
v 1933.878173828125 513.6958618164062 490.0501708984375
v 1923.611328125 540.121337890625 504.2406921386719
v 1922.6168212890625 542.6558227539062 505.3145446777344
v 1922.7362060546875 542.2998657226562 504.2458801269531
v 1925.7197265625 534.693359375 501.0048522949219
v 1923.9727783203125 539.037109375 501.015869140625
v 1926.4549560546875 532.4447021484375 494.48175048828125
v 1923.2938232421875 540.8517456054688 503.1714172363281
v 1923.671142578125 539.9427490234375 503.7051086425781
v 1923.173828125 541.2103881835938 504.2432861328125
v 1922.796142578125 542.1206665039062 503.7103576660156
v 1923.2337646484375 541.031494140625 503.7077331542969
v 1923.8516845703125 539.4019775390625 502.0937805175781
v 1924.6053466796875 537.587890625 503.1634216308594
v 1925.35888671875 535.7697143554688 504.230224609375
v 1924.3663330078125 538.2981567382812 505.3044128417969
v 1924.485595703125 537.9446411132812 504.2354736328125
v 1927.222412109375 531.0724487304688 503.1471862792969
v 1928.724853515625 527.435546875 505.2784118652344
v 1926.747802734375 532.4656372070312 507.41802978515625
v 1926.9840087890625 531.775146484375 505.2889099121094
v 1923.074951171875 541.3961181640625 503.1727294921875
v 1923.2637939453125 540.9417114257812 503.4396667480469
v 1923.014892578125 541.5759887695312 503.70904541015625
v 1923.044921875 541.4861450195312 503.44097900390625
v 1923.414306640625 540.4896850585938 502.09649658203125
v 1923.7913818359375 539.5830688476562 502.63165283203125
v 1923.35400390625 540.671142578125 502.6343078613281
v 1924.8466796875 536.8643188476562 501.0103759765625
v 1925.598876953125 535.0554809570312 502.0828857421875
v 1924.7257080078125 537.227783203125 502.0883483886719
v 1927.705322265625 529.6278076171875 498.8292541503906
v 1929.2025146484375 526.0277709960938 500.9823913574219
v 1927.4630126953125 530.3568725585938 500.9936828613281
v 1930.4241943359375 522.2662353515625 490.0694580078125
v 1933.3924560546875 515.2166748046875 494.4377136230469
v 1929.931640625 523.8156127929688 494.4599304199219
v 1923.13525390625 541.21533203125 502.6356506347656
v 1923.3238525390625 540.7615356445312 502.9029541015625
v 1923.1051025390625 541.3058471679688 502.904296875
v 1926.70361328125 531.6641235351562 492.2889404296875
v 1926.5791015625 532.0564575195312 493.3863830566406
v 1928.6910400390625 526.5628051757812 490.07891845703125
v 1930.1773681640625 523.048828125 492.2683410644531
v 1928.1953125 528.1264038085938 494.4709167480469
v 1928.4425048828125 527.3527221679688 492.2786865234375
v 1931.4195556640625 518.9651489257812 481.2183532714844
v 1934.3658447265625 512.113037109375 485.63934326171875
v 1930.920654296875 520.651123046875 485.65325927734375
v 1936.781982421875 503.2158203125 463.482177734375
v 1942.585693359375 490.2169189453125 472.3741149902344
v 1935.826416015625 506.9581298828125 472.3391418457031
v 1946.5087890625 471.3808288574219 429.5338134765625
v 1957.9642333984375 447.2822570800781 446.6698913574219
v 1945.1119384765625 479.1571350097656 446.251708984375
v 1926.2080078125 533.2092895507812 496.6658935546875
v 1926.8284912109375 531.2676391601562 491.1895446777344
v 1926.7659912109375 531.4663696289062 491.739501953125
v 1927.8228759765625 528.7138671875 490.0836181640625
v 1928.566650390625 526.9598388671875 491.1797180175781
v 1927.573486328125 529.5075073242188 492.2838439941406
v 1927.6981201171875 529.11279296875 491.18463134765625
v 1929.1915283203125 524.9315795898438 485.6600341796875
v 1930.6719970703125 521.4672241210938 487.8641357421875
v 1928.9407958984375 525.7559814453125 487.8724365234375
v 1926.54833984375 532.005615234375 491.74072265625
v 1926.7347412109375 531.5653686523438 492.0142822265625
v 1926.4859619140625 532.2035522460938 492.29022216796875
v 1926.51708984375 532.104736328125 492.0155334472656
v 1927.263427734375 530.18994140625 491.1871032714844
v 1927.6357421875 529.3106689453125 491.7344665527344
v 1927.138671875 530.5855712890625 492.2864074707031
v 1927.2010498046875 530.3883056640625 491.73699951171875
v 1928.3187255859375 527.7415771484375 493.37579345703125
v 1927.3255615234375 530.2846069335938 494.4763488769531
v 1927.4493408203125 529.8980712890625 493.381103515625
v 1929.6871337890625 524.5672607421875 496.6434020996094
v 1927.949462890625 528.8845825195312 496.6546936035156
v 1926.6412353515625 531.8607788085938 492.8379211425781
v 1926.1435546875 533.1363525390625 493.3890075683594
v 1926.205810546875 532.9402465820312 492.84051513671875
v 1926.7972412109375 531.3671264648438 491.4645690917969
v 1926.57958984375 531.90625 491.4658203125
v 1931.1697998046875 519.8173217773438 483.4377136230469
v 1929.4432373046875 524.0888671875 483.442626953125
v 1935.341552734375 508.7439270019531 476.7769470214844
v 1931.919677734375 517.2044067382812 476.7716064453125
v 1931.6695556640625 518.0940551757812 478.9960021972656
v 1930.8096923828125 520.2191772460938 478.9960632324219
v 1931.5445556640625 518.531982421875 480.10748291015625
v 1930.55810546875 521.0952758789062 481.2196960449219
v 1930.683837890625 520.6596069335938 480.10821533203125
v 1933.6328125 512.970458984375 476.7743835449219
v 1935.0980224609375 509.6124572753906 478.99542236328125
v 1933.1390380859375 514.7105712890625 481.21551513671875
v 1933.385986328125 513.8494873046875 478.9958190917969
v 1939.2152099609375 498.5726013183594 472.357177734375
v 1942.1309814453125 491.913330078125 476.7851867675781
v 1938.27099609375 501.9923400878906 481.2061462402344
v 1938.7452392578125 500.3134765625 476.781494140625
v 1950.0887451171875 470.247314453125 463.6717834472656
v 1955.8870849609375 457.09771728515625 472.4296569824219
v 1948.4150390625 476.76397705078125 481.18316650390625
v 1949.2723388671875 473.5960998535156 472.4044494628906
v 1969.53076171875 421.67218017578125 463.8904724121094
v 1981.054931640625 394.77313232421875 481.0646667480469
v 1966.7008056640625 432.1750793457031 498.5505676269531
v 1968.2177734375 427.16973876953125 481.1199951171875
v 2006.3514404296875 329.04888916015625 464.01495361328125
v 2029.1168212890625 275.74237060546875 498.1466369628906
v 2003.1947021484375 343.27850341796875 531.640869140625
v 2004.5830078125 336.5718688964844 498.2854919433594
v 1936.30712890625 505.11309814453125 467.9054260253906
v 1944.31689453125 482.9716796875 454.8597717285156
v 1937.70751953125 499.2923583984375 454.69244384765625
v 1934.6141357421875 509.2923889160156 467.8881530761719
v 1936.0673828125 506.0425720214844 470.1213684082031
v 1934.1251220703125 511.1619567871094 472.3297119140625
v 1934.3702392578125 510.234375 470.1081237792969
v 1940.1358642578125 494.9308166503906 463.5323791503906
v 1943.032958984375 488.46856689453125 467.970947265625
v 1939.67919921875 496.7762451171875 467.93890380859375
v 1933.7659912109375 511.3847351074219 467.8794250488281
v 1934.4923095703125 509.7651062011719 468.9978942871094
v 1933.5198974609375 512.3330078125 470.10137939453125
v 1933.64306640625 511.8606262207031 468.99017333984375
v 1935.09814453125 507.3689270019531 463.4564514160156
v 1936.54541015625 504.1705627441406 465.6921081542969
v 1934.85693359375 508.3369445800781 465.670654296875
v 1937.2493896484375 501.27325439453125 459.07574462890625
v 1937.4796142578125 500.28717041015625 456.88079833984375
v 1945.8460693359375 475.278564453125 437.7972106933594
v 1959.7969970703125 433.3148193359375 413.9197998046875
v 1984.18212890625 352.4084167480469 363.77392578125
v 1959.9285888671875 406.4374084472656 363.4987487792969
v 1941.021240234375 491.11871337890625 454.77740478515625
v 1943.8997802734375 484.8399658203125 459.2087097167969
v 1940.583740234375 493.0428161621094 459.143310546875
v 1951.568115234375 463.1697082519531 446.46868896484375
v 1957.3302001953125 450.6537170410156 455.1604309082031
v 1950.8564453125 466.75830078125 455.0162048339844
v 1971.4195556640625 409.7605895996094 430.5436096191406
v 1983.0789794921875 384.7572021484375 447.2836608886719
v 1970.6025390625 415.8123474121094 447.0183410644531
v 2009.4560546875 311.63653564453125 398.2437438964844
v 2033.0008544921875 263.9951477050781 431.15325927734375
v 2008.155029296875 321.02105712890625 431.2302551269531
v 1936.645751953125 502.3419494628906 456.86138916015625
v 1937.36474609375 500.7813415527344 457.9775085449219
v 1936.412841796875 503.33514404296875 459.05853271484375
v 1936.529541015625 502.8397216796875 457.95916748046875
v 1939.3665771484375 495.20220947265625 454.7352294921875
v 1940.8038330078125 492.0848693847656 456.9571228027344
v 1938.9188232421875 497.15460205078125 459.10980224609375
v 1939.14404296875 496.1826477050781 456.91925048828125
v 1941.859375 487.18798828125 446.1378479003906
v 1944.721435546875 481.0754089355469 450.5390930175781
v 1941.4468994140625 489.1649475097656 450.4403381347656
v 1937.0167236328125 502.249755859375 461.2764587402344
v 1936.5877685546875 502.59112548828125 457.4100646972656
v 1937.5938720703125 499.7908020019531 455.7857666015625
v 1937.9324951171875 498.2897033691406 452.511474609375
v 1936.61669921875 502.46661376953125 457.13568115234375
v 1937.0628662109375 501.3143310546875 456.8711242675781
v 1937.42236328125 500.5345458984375 457.428955078125
v 1936.9473876953125 501.8103332519531 457.9683532714844
v 1937.005126953125 501.5626220703125 457.4195251464844
v 1938.3123779296875 498.23406982421875 456.90008544921875
v 1939.03173828125 496.66973876953125 458.0137634277344
v 1938.084716796875 499.21307373046875 459.09283447265625
v 1938.1988525390625 498.7247009277344 457.9956970214844
v 1940.3609619140625 493.9917297363281 461.3353271484375
v 1938.461181640625 499.0697937011719 463.50750732421875
v 1938.691162109375 498.1172790527344 461.3061218261719
v 1937.177734375 500.816162109375 455.7755126953125
v 1937.536865234375 500.03924560546875 456.33306884765625
v 1937.120361328125 501.0655212402344 456.3230895996094
v 1938.53759765625 497.2464599609375 454.71392822265625
v 1939.2557373046875 495.69342041015625 455.8263854980469
v 1938.4254150390625 497.74127197265625 455.80615234375
v 1939.8031005859375 493.21929931640625 450.3898620605469
v 1941.235595703125 490.1451110839844 452.60491943359375
v 1939.58642578125 494.2141418457031 452.55853271484375
v 1942.638427734375 483.1904296875 437.65936279296875
v 1945.4873046875 477.2228698730469 442.0027160644531
v 1942.2569580078125 485.1943359375 441.8756103515625
v 1952.792724609375 455.8534851074219 429.8189392089844
v 1958.5330810546875 443.85626220703125 438.304443359375
v 1952.216064453125 459.5221252441406 438.0601501464844
v 1942.0601806640625 486.1928405761719 444.0013427734375
v 1940.2265625 491.2126159667969 446.07965087890625
v 1940.4329833984375 490.20245361328125 443.93963623046875
v 1940.3302001953125 490.7080078125 445.00830078125
v 1941.6549072265625 488.178955078125 448.284423828125
v 1940.0166015625 492.2185363769531 448.22998046875
v 1939.922119140625 491.7132568359375 444.9931945800781
v 1940.278564453125 490.96044921875 445.5436706542969
v 1939.817626953125 492.2197265625 446.0649719238281
v 1939.8699951171875 491.96661376953125 445.52874755859375
v 1941.2470703125 488.1968994140625 443.9706115722656
v 1941.960205078125 486.6908874511719 445.06829833984375
v 1941.0435791015625 489.1995544433594 446.1088562011719
v 1941.145751953125 488.6986999511719 445.03839111328125
v 1943.874267578125 481.2056579589844 441.93963623046875
v 1945.3016357421875 478.1916198730469 444.1221008300781
v 1943.48779296875 483.16949462890625 446.1951904296875
v 1943.6829833984375 482.1892395019531 444.0621643066406
v 1949.0382080078125 467.3890686035156 437.9308776855469
v 1951.9005126953125 461.3507385253906 442.2450866699219
v 1948.347900390625 471.1510009765625 446.362060546875
v 1948.701416015625 469.27496337890625 442.1259460449219
v 1940.1219482421875 491.7161560058594 447.153564453125
v 1939.1956787109375 494.24066162109375 448.2024841308594
v 1939.302490234375 493.7345275878906 447.1251220703125
v 1939.89599609375 491.8399658203125 445.2608947753906
v 1940.3817138671875 490.4553527832031 444.4736328125
v 1939.973876953125 491.4596252441406 444.4582824707031
v 1942.4498291015625 484.1932678222656 439.7613830566406
v 1946.18701171875 473.3302001953125 433.6402282714844
v 1947.0899658203125 467.44622802734375 421.435546875
v 1946.810302734375 469.42279052734375 425.46929931640625
v 1953.7020263671875 448.32574462890625 413.6781921386719
v 1959.45458984375 436.9156494140625 421.97967529296875
v 1953.2906494140625 452.14532470703125 421.7180480957031
v 1972.2349853515625 396.5305480957031 397.9316711425781
v 1984.222900390625 373.89056396484375 414.642333984375
v 1971.96826171875 403.4779052734375 414.3338317871094
v 1946.952880859375 468.43743896484375 423.4492492675781
v 1947.3466796875 465.4411926269531 417.4215393066406
v 1960.261962890625 416.53387451171875 380.78155517578125
v 1950.1956787109375 459.78692626953125 421.57928466796875
v 1953.052001953125 454.00872802734375 425.75579833984375
v 1949.6571044921875 463.6070861816406 429.6788024902344
v 1949.93701171875 461.706298828125 425.614990234375
v 1947.22119140625 466.4478759765625 419.4267578125
v 1950.64501953125 455.8541564941406 413.5495910644531
v 1953.507568359375 450.25408935546875 417.6955871582031
v 1950.43212890625 457.8393859863281 417.56103515625
v 1954.2354736328125 440.0565185546875 397.4560852050781
v 1960.0538330078125 429.5357666015625 405.82958984375
v 1954.01953125 444.32080078125 405.61798095703125
v 1947.28466796875 465.9456481933594 418.4237976074219
v 1947.4659423828125 464.4248962402344 415.41845703125
v 1948.8907470703125 461.63824462890625 417.49188232421875
v 1950.3167724609375 458.8172607421875 419.5686340332031
v 1948.644287109375 463.6143493652344 421.5080261230469
v 1948.7703857421875 462.63043212890625 419.498291015625
v 1947.406982421875 464.934326171875 416.4197998046875
v 1949.11328125 459.6240539550781 413.48345947265625
v 1950.54150390625 456.8520812988281 415.55511474609375
v 1949.0050048828125 460.6365051269531 415.4873962402344
v 1950.99609375 451.7322082519531 405.5048522949219
v 1953.873046875 446.35107421875 409.6557312011719
v 1950.8333740234375 453.8216247558594 409.534423828125
v 1947.021240234375 465.88385009765625 416.4022216796875
v 1947.3770751953125 465.18804931640625 416.9206237792969
v 1946.9600830078125 466.3925476074219 417.40374755859375
v 1946.9908447265625 466.1385192871094 416.9029235839844
v 1948.23583984375 462.53021240234375 415.45306396484375
v 1948.9486083984375 461.1386413574219 416.4894714355469
v 1948.1190185546875 463.5391845703125 417.45684814453125
v 1948.17822265625 463.0359802246094 416.45477294921875
v 1949.3106689453125 457.5621032714844 409.47198486328125
v 1950.7423095703125 454.8443908691406 411.54315185546875
v 1949.2152099609375 458.59967041015625 411.4787902832031
v 1948.45068359375 460.4786682128906 411.4461669921875
v 1949.1650390625 459.1134338378906 412.4813232421875
v 1948.346435546875 461.51043701171875 413.449951171875
v 1948.3994140625 460.9961242675781 412.4482421875
v 1948.0682373046875 461.41851806640625 411.42974853515625
v 1948.42529296875 460.73779296875 411.947265625
v 1948.016357421875 461.9378356933594 412.43157958984375
v 1948.04248046875 461.6785583496094 411.93072509765625
v 1949.2637939453125 458.0826110839844 410.4757385253906
v 1948.50048828125 459.9578857421875 410.4435729980469
v 1950.9180908203125 452.78460693359375 407.5220947265625
v 1949.399658203125 456.5101623535156 407.461669921875
v 1951.2401123046875 447.3444519042969 397.36004638671875
v 1954.140625 442.2257080078125 401.5548400878906
v 1951.132080078125 449.5763244628906 401.45025634765625
v 1954.3363037109375 430.553466796875 380.65283203125
v 1960.2896728515625 421.19488525390625 389.3114929199219
v 1954.3419189453125 435.48779296875 389.1621398925781
v 1971.8927001953125 379.4884338378906 363.6691589355469
v 1984.43359375 360.5341491699219 381.1214294433594
v 1972.2081298828125 388.52276611328125 380.9891052246094
v 2009.0789794921875 283.6123352050781 331.1103515625
v 2036.5545654296875 245.3702392578125 363.51513671875
v 2009.7681884765625 298.8712463378906 363.7632141113281
v 1948.055419921875 461.54864501953125 411.68023681640625
v 1948.475830078125 460.21868896484375 410.9449462890625
v 1951.0675048828125 450.6631774902344 403.4813232421875
v 1951.189697265625 448.4704895019531 399.4102783203125
v 1954.3026123046875 437.8178405761719 393.336669921875
v 1951.1617431640625 449.0258483886719 400.43145751953125
v 1950.3790283203125 451.4157409667969 401.42340087890625
v 1950.40966796875 450.861328125 400.4051513671875
v 1952.73828125 443.69927978515625 397.40863037109375
v 1954.19140625 441.15093994140625 399.51055908203125
v 1952.636962890625 445.8996276855469 401.50311279296875
v 1952.6910400390625 444.8094177246094 399.4609680175781
v 1957.227783203125 432.77825927734375 397.54766845703125
v 1960.1484375 427.5578918457031 401.7498474121094
v 1957.0379638671875 436.9219970703125 405.726318359375
v 1957.145263671875 434.88623046875 401.6547546386719
v 1966.212890625 411.00115966796875 397.79364013671875
v 1972.1376953125 400.1171569824219 406.1876220703125
v 1965.88037109375 418.3653869628906 414.1390075683594
v 1966.0870361328125 414.8011779785156 406.02008056640625
v 1950.39453125 451.13916015625 400.9145812988281
v 1951.1007080078125 450.1220397949219 402.4668273925781
v 1950.3126220703125 452.5103454589844 403.4533996582031
v 1950.3466796875 451.9653625488281 402.4394226074219
v 1954.083251953125 443.28192138671875 403.5902099609375
v 1952.508544921875 448.0249328613281 405.56201171875
v 1952.5760498046875 446.9710693359375 403.5363464355469
v 1950.3868408203125 451.277587890625 401.1690673828125
v 1950.190673828125 451.8757019042969 401.4166564941406
v 1950.1986083984375 451.7373046875 401.162353515625
v 1950.7857666015625 449.9435119628906 400.4183349609375
v 1951.1470947265625 449.30169677734375 400.941162109375
v 1950.755615234375 450.4959411621094 401.4368591308594
v 1950.7708740234375 450.2203369140625 400.9278869628906
v 1951.9405517578125 446.6396179199219 399.4357604980469
v 1952.6649169921875 445.35693359375 400.4832458496094
v 1951.884765625 447.73760986328125 401.4768371582031
v 1951.9134521484375 447.1910705566406 400.4574890136719
v 1950.363037109375 451.6911315917969 401.93170166015625
v 1950.3004150390625 451.3688659667969 400.9112243652344
v 1950.3907470703125 451.2084045410156 401.0418395996094
v 1950.292724609375 451.5074462890625 401.16571044921875
v 1950.296630859375 451.4382019042969 401.0384826660156
v 1950.402099609375 451.0003967285156 400.6599426269531
v 1951.2158203125 447.9100646972656 398.38653564453125
v 1950.582763671875 450.6797180175781 400.9212341308594
v 1950.7633056640625 450.3583068847656 401.1824645996094
v 1950.5673828125 450.955810546875 401.4301452636719
v 1950.5750732421875 450.81793212890625 401.17578125
v 1951.1165771484375 449.8497619628906 401.95880126953125
v 1950.7237548828125 451.0436096191406 402.4531555175781
v 1950.7398681640625 450.7703552246094 401.9452819824219
v 1952.607421875 446.4376220703125 402.5207824707031
v 1951.822021484375 448.8167419433594 403.5090026855469
v 1951.854248046875 448.27947998046875 402.4939270019531
v 1950.30810546875 451.2300109863281 400.6566162109375
v 1950.3983154296875 451.06982421875 400.7872619628906
v 1950.3043212890625 451.2994689941406 400.783935546875
v 1950.59765625 450.40240478515625 400.4117736816406
v 1950.7783203125 450.08209228515625 400.6731872558594
v 1950.5902099609375 450.5412292480469 400.66656494140625
v 1950.8140869140625 449.38616943359375 399.3974304199219
v 1951.1759033203125 448.7488098144531 399.9211730957031
v 1950.8001708984375 449.66546630859375 399.908203125
v 1952.81103515625 441.4284973144531 393.293212890625
v 1954.2724609375 438.9480285644531 395.40264892578125
v 1952.7781982421875 442.57489013671875 395.35723876953125
v 1957.3150634765625 428.338134765625 389.23895263671875
v 1960.2669677734375 423.3955078125 393.4997253417969
v 1957.284423828125 430.6026306152344 393.4204406738281
v 1966.2115478515625 402.5244140625 380.89410400390625
v 1972.2584228515625 392.6827087402344 389.5556640625
v 1966.2545166015625 406.9269104003906 389.4431457519531
v 1952.0650634765625 443.2345886230469 393.27105712890625
v 1952.7955322265625 442.0045166015625 394.3268737792969
v 1952.03076171875 444.38916015625 395.3341064453125
v 1952.048828125 443.814697265625 394.30426025390625
v 1952.8551025390625 439.0650634765625 389.1221923828125
v 1954.3258056640625 436.664794921875 391.25689697265625
v 1952.8367919921875 440.2589111328125 391.21527099609375
v 1954.3529052734375 433.06329345703125 384.9299011230469
v 1960.14013671875 411.5884704589844 372.1387023925781
v 1959.2550048828125 395.8335876464844 346.6911926269531
v 1980.913818359375 312.455078125 299.2456970214844
v 1954.3509521484375 434.286865234375 387.05255126953125
v 1957.297607421875 423.5422668457031 380.7191467285156
v 1960.287841796875 418.90484619140625 385.0679016113281
v 1957.3192138671875 425.98175048828125 385.00091552734375
v 1953.6114501953125 434.83441162109375 384.9115295410156
v 1954.352783203125 433.6778259277344 385.99273681640625
v 1953.6085205078125 436.0667419433594 387.0334777832031
v 1953.61083984375 435.4533386230469 385.9740295410156
v 1954.3480224609375 431.818359375 382.7960510253906
v 1955.8359375 429.5219421386719 384.9659118652344
v 1957.3204345703125 427.1709899902344 387.1263122558594
v 1955.8284912109375 431.91217041015625 389.2010498046875
v 1955.8355712890625 430.7282409667969 387.0899353027344
v 1954.351318359375 432.44342041015625 383.8642578125
v 1953.6102294921875 434.2101135253906 383.84619140625
v 1955.8167724609375 427.0474853515625 380.68646240234375
v 1957.3116455078125 424.7717590332031 382.8645935058594
v 1955.82958984375 428.2945861816406 382.830810546875
v 1957.179443359375 418.4551086425781 372.08282470703125
v 1960.2125244140625 414.091796875 376.4670104980469
v 1957.250732421875 421.02996826171875 376.4082336425781
v 1965.8819580078125 392.9768371582031 363.5915832519531
v 1972.0855712890625 384.1025695800781 372.3232116699219
v 1966.0863037109375 397.8502502441406 372.2390441894531
v 1970.4581298828125 360.236572265625 331.1724853515625
v 1983.6988525390625 343.7584533691406 346.929443359375
v 1971.3040771484375 369.9437561035156 346.8414306640625
v 1953.6109619140625 434.5229187011719 384.37921142578125
v 1953.2406005859375 435.7200927734375 384.9022521972656
v 1953.4256591796875 434.9652099609375 384.3746032714844
v 1953.6112060546875 434.6788330078125 384.64544677734375
v 1953.426025390625 435.2772521972656 384.9068908691406
v 1953.4259033203125 435.12139892578125 384.6408386230469
v 1953.980712890625 433.32672119140625 383.8552551269531
v 1954.352294921875 432.7539978027344 384.39739990234375
v 1953.982177734375 433.9488220214844 384.9207458496094
v 1953.981689453125 433.638427734375 384.3883361816406
v 1955.0888671875 430.0563659667969 382.81353759765625
v 1955.8336181640625 428.9107971191406 383.8996276855469
v 1955.094482421875 431.2924499511719 384.9480285644531
v 1955.092529296875 430.6769714355469 383.8820495605469
v 1953.611328125 435.1445617675781 385.4431457519531
v 1953.2398681640625 436.3412170410156 385.9645690917969
v 1953.240478515625 436.0313415527344 385.43377685546875
v 1953.4249267578125 434.65185546875 383.8416442871094
v 1953.610595703125 434.36669921875 384.11279296875
v 1953.42529296875 434.8086853027344 384.10821533203125
v 1954.343017578125 431.1883239746094 381.7254943847656
v 1954.31787109375 429.2698974609375 378.5021057128906
v 1953.425537109375 434.8869934082031 384.2414245605469
v 1953.3330078125 435.18634033203125 384.372314453125
v 1953.3328857421875 435.1080627441406 384.2391357421875
v 1954.327880859375 429.9139099121094 379.57830810546875
v 1955.771484375 424.4993591308594 376.37744140625
v 1957.2772216796875 422.2945861816406 378.56640625
v 1955.79736328125 425.781982421875 378.53472900390625
v 1954.3231201171875 429.59246826171875 379.0404052734375
v 1959.632080078125 401.1595153808594 354.9776306152344
v 1955.0574951171875 427.52587890625 378.5185546875
v 1955.807861328125 426.4169616699219 379.6114196777344
v 1955.0765380859375 428.8003845214844 380.6697692871094
v 1955.06787109375 428.1653747558594 379.594970703125
v 1954.320556640625 429.4313049316406 378.77130126953125
v 1955.78515625 425.1427307128906 377.4566650390625
v 1955.045654296875 426.882080078125 377.4407043457031
v 1955.700927734375 421.88800048828125 372.05352783203125
v 1957.2181396484375 419.74969482421875 374.2464294433594
v 1955.7393798828125 423.200927734375 374.2164306640625
v 1956.9659423828125 413.1587829589844 363.4469909667969
v 1960.0452880859375 409.0337219238281 367.8111267089844
v 1957.084228515625 415.82794189453125 367.7575378417969
v 1954.687744140625 428.3978576660156 378.5103454589844
v 1955.0628662109375 427.8461608886719 379.05694580078125
v 1954.6978759765625 429.03961181640625 379.586669921875
v 1954.6929931640625 428.71929931640625 379.0487060546875
v 1954.6759033203125 427.7518005371094 377.4326477050781
v 1955.0517578125 427.2044982910156 377.97979736328125
v 1954.6820068359375 428.0753479003906 377.9716491699219
v 1954.4970703125 428.51080322265625 377.96759033203125
v 1954.6849365234375 428.23675537109375 378.2410583496094
v 1954.5028076171875 428.8338623046875 378.5062561035156
v 1954.5 428.6724853515625 378.2369689941406
v 1957.134765625 417.14739990234375 369.91925048828125
v 1957.0279541015625 414.49798583984375 365.5995178222656
v 1959.7906494140625 403.80938720703125 359.2160949707031
v 1965.2481689453125 382.921630859375 346.7735290527344
v 1971.631591796875 374.7467041015625 355.1381530761719
v 1965.6014404296875 387.97650146484375 355.0652160644531
v 1956.2884521484375 416.186767578125 365.5858154296875
v 1957.056884765625 415.1641845703125 366.6779479980469
v 1956.344970703125 417.5260009765625 367.74359130859375
v 1956.3175048828125 416.8576354980469 366.66412353515625
v 1958.4464111328125 409.79876708984375 363.4732971191406
v 1959.9896240234375 407.7401428222656 365.6521301269531
v 1958.56396484375 412.4312438964844 367.7847595214844
v 1958.5079345703125 411.1195983886719 365.6262512207031
v 1962.8995361328125 399.7102966308594 363.5469970703125
v 1965.9937744140625 395.4339294433594 367.9072570800781
v 1963.1080322265625 404.7203369140625 372.1908264160156
v 1963.01416015625 402.23590087890625 367.861083984375
v 1956.3314208984375 417.192138671875 367.2037353515625
v 1957.1102294921875 416.48907470703125 368.8380432128906
v 1956.3955078125 418.8547058105469 369.905029296875
v 1956.3709716796875 418.1917419433594 368.823974609375
v 1960.095458984375 410.31689453125 369.9739074707031
v 1958.6590576171875 415.0219421386719 372.1112060546875
v 1958.6143798828125 413.7324523925781 369.947021484375
v 1956.3031005859375 416.5224914550781 366.12481689453125
v 1956.9976806640625 413.8294372558594 364.5224609375
v 1956.932861328125 412.4861145019531 362.3733825683594
v 1958.3070068359375 407.13458251953125 359.1913757324219
v 1959.8621826171875 405.1267395019531 361.3528137207031
v 1958.37939453125 408.4700012207031 361.3277587890625
v 1962.6107177734375 394.5734558105469 355.023193359375
v 1965.7509765625 390.4880065917969 359.30615234375
v 1962.764892578125 397.15301513671875 359.2629089355469
v 1956.915771484375 412.14910888671875 361.83734130859375
v 1959.4532470703125 398.49761962890625 350.7978210449219
v 1957.638671875 410.1410217285156 361.31488037109375
v 1958.41357421875 409.13531494140625 362.39947509765625
v 1957.7060546875 411.47894287109375 363.46026611328125
v 1957.6729736328125 410.8108825683594 362.38653564453125
v 1957.56591796875 408.79644775390625 359.1787109375
v 1958.3438720703125 407.80303955078125 360.25830078125
v 1957.6029052734375 409.469482421875 360.24554443359375
v 1958.1463623046875 404.4486999511719 354.9535827636719
v 1959.7138671875 402.486572265625 357.0904235839844
v 1958.229248046875 405.793701171875 357.0660705566406
v 1957.232666015625 410.30255126953125 360.23907470703125
v 1957.6209716796875 409.8054504394531 360.7799072265625
v 1957.2684326171875 410.97637939453125 361.3083801269531
v 1957.250732421875 410.6396789550781 360.7734375
v 1957.065673828125 411.0567321777344 360.7701721191406
v 1957.2596435546875 410.8080749511719 361.04083251953125
v 1957.0833740234375 411.3940124511719 361.30511474609375
v 1957.0745849609375 411.2254333496094 361.0375671386719
v 1957.656005859375 410.4761657714844 361.8504333496094
v 1957.3028564453125 411.6485595703125 362.3799743652344
v 1957.285888671875 411.31268310546875 361.8439025878906
v 1958.1884765625 405.12164306640625 356.0080871582031
v 1959.545166015625 399.8294677734375 352.8794860839844
v 1962.2452392578125 389.3853454589844 346.7341003417969
v 1965.4337158203125 385.45135498046875 350.8829345703125
v 1962.437255859375 391.9810791015625 350.8421325683594
v 1964.33544921875 372.7462158203125 331.1227111816406
v 1970.912353515625 365.1346130371094 338.8763732910156
v 1964.8250732421875 377.87274169921875 338.8161315917969
v 1968.0576171875 336.2381286621094 299.2873840332031
v 1982.0592041015625 324.8714294433594 315.812744140625
v 1969.3707275390625 349.47186279296875 315.81390380859375
v 2005.563720703125 233.64578247070312 261.8068542480469
v 2035.224609375 212.5093536376953 298.5117492675781
v 2007.583984375 263.3888854980469 298.97772216796875
v 1958.1676025390625 404.7852783203125 355.48040771484375
v 1957.8175048828125 405.9458312988281 356.0019226074219
v 1957.7965087890625 405.6083068847656 355.4742431640625
v 1958.1029052734375 403.7750244140625 353.9027099609375
v 1958.888916015625 402.8044128417969 354.9656982421875
v 1959.673583984375 401.823486328125 356.0323181152344
v 1958.9713134765625 404.1404113769531 357.0783386230469
v 1958.9307861328125 403.4728698730469 356.02032470703125
v 1961.1199951171875 397.8677978515625 355.0008239746094
v 1962.690185546875 395.86541748046875 357.1366271972656
v 1961.2764892578125 400.48223876953125 359.2399597167969
v 1961.20068359375 399.1771545410156 357.11395263671875
v 1958.124755859375 404.1119384765625 354.42767333984375
v 1958.8013916015625 401.4654541015625 352.86773681640625
v 1959.5892333984375 400.4947814941406 353.9266052246094
v 1958.8458251953125 402.1352233886719 353.9147644042969
v 1960.94384765625 395.2409362792969 350.8204040527344
v 1962.5263671875 393.2782897949219 352.9244384765625
v 1961.034423828125 396.5553283691406 352.9023742675781
v 1959.3565673828125 397.1652526855469 348.7344665527344
v 1959.405517578125 397.8314208984375 349.76373291015625
v 1958.7088623046875 400.12481689453125 350.7862243652344
v 1958.6607666015625 399.4542236328125 349.7522277832031
v 1960.7486572265625 392.611328125 346.71307373046875
v 1962.343505859375 390.68304443359375 348.778076171875
v 1960.8486328125 393.9258728027344 348.7566833496094
v 1961.8070068359375 384.20941162109375 338.78045654296875
v 1965.045166015625 380.39617919921875 342.7509765625
v 1962.034912109375 386.7955017089844 342.7132263183594
v 1958.6849365234375 399.7895202636719 350.2686462402344
v 1959.499755859375 399.1636962890625 351.83648681640625
v 1958.7557373046875 400.7952575683594 351.8247985839844
v 1958.63623046875 399.1189270019531 349.23699951171875
v 1959.306396484375 396.499267578125 347.710205078125
v 1958.6485595703125 399.28656005859375 349.4944763183594
v 1958.98388671875 397.9745788574219 348.728759765625
v 1959.3812255859375 397.4983215332031 349.2485046386719
v 1959.0330810546875 398.6429138183594 349.7580261230469
v 1959.0086669921875 398.3087463378906 349.2427673339844
v 1960.102294921875 395.5459899902344 348.7456970214844
v 1960.8968505859375 394.58343505859375 349.7861633300781
v 1960.1982421875 396.86968994140625 350.8092346191406
v 1960.15087890625 396.20782470703125 349.7750549316406
v 1958.555419921875 399.4892272949219 349.4930114746094
v 1958.6546630859375 399.3703918457031 349.6233215332031
v 1958.5677490234375 399.6570129394531 349.7507629394531
v 1958.5615234375 399.5731201171875 349.6218566894531
v 1958.8223876953125 398.7138671875 349.2398986816406
v 1959.0208740234375 398.475830078125 349.500244140625
v 1958.846923828125 399.048583984375 349.755126953125
v 1958.834716796875 398.8812255859375 349.49737548828125
v 1959.4295654296875 398.1645202636719 350.28021240234375
v 1959.0810546875 399.3113098144531 350.79205322265625
v 1959.05712890625 398.97711181640625 350.2744445800781
v 1958.6728515625 399.6218566894531 350.0102844238281
v 1958.4989013671875 400.1956481933594 350.2657165527344
v 1960.534912109375 389.9884338378906 342.69305419921875
v 1962.142333984375 388.0891418457031 344.7119445800781
v 1960.64404296875 391.2984924316406 344.6913146972656
v 1961.2998046875 378.961669921875 331.0921325683594
v 1964.58837890625 375.3303527832031 334.94781494140625
v 1961.561767578125 381.6058349609375 334.91455078125
v 1963.168701171875 361.5378112792969 315.7892150878906
v 1969.943603515625 355.0745544433594 323.54669189453125
v 1963.7822265625 367.3619079589844 323.5091552734375
v 1961.432861328125 380.290283203125 332.9993591308594
v 1964.0665283203125 370.09765625 327.3175964355469
v 1960.67724609375 381.847900390625 332.99078369140625
v 1961.497802734375 380.9494934082031 333.9557800292969
v 1960.8072509765625 383.1711730957031 334.9056701660156
v 1960.7427978515625 382.510986328125 333.9470520019531
v 1962.8157958984375 375.8570861816406 331.1078796386719
v 1964.4638671875 374.044921875 333.03131103515625
v 1963.0732421875 378.470947265625 334.931640625
v 1962.946533203125 377.17059326171875 333.0157775878906
v 1967.38720703125 366.5049743652344 331.1495361328125
v 1970.69287109375 362.7075500488281 335.00311279296875
v 1967.8592529296875 371.5148620605469 338.84814453125
v 1967.631103515625 369.0313415527344 334.9773864746094
v 1976.6685791015625 347.6128234863281 331.2061462402344
v 1983.3720703125 339.3662109375 338.9486389160156
v 1977.4464111328125 356.89202880859375 346.8937683105469
v 1977.0869140625 352.3022766113281 338.9209289550781
v 1995.78271484375 309.470947265625 331.2010803222656
v 2009.53662109375 291.43719482421875 346.89678955078125
v 1996.7236328125 325.7017517089844 363.8042297363281
v 1996.361328125 317.74639892578125 346.9469299316406
v 1961.6865234375 382.9112548828125 336.8406066894531
v 1960.710205078125 382.1798400878906 333.4686584472656
v 1961.3668212890625 379.6277770996094 332.044921875
v 1961.1627197265625 377.6171875 329.18994140625
v 1960.6937255859375 382.01397705078125 333.2296447753906
v 1961.054931640625 381.06927490234375 332.9951171875
v 1961.4654541015625 380.6202697753906 333.477294921875
v 1961.1202392578125 381.73040771484375 333.9514465332031
v 1961.0877685546875 381.4002380371094 333.4729919433594
v 1962.189208984375 378.7311706542969 333.0076904296875
v 1963.0103759765625 377.8222351074219 333.9725341796875
v 1962.3170166015625 380.0390930175781 334.9231872558594
v 1962.253662109375 379.3865966796875 333.9642639160156
v 1964.708740234375 376.6053466796875 336.8751220703125
v 1963.314208984375 381.0436706542969 338.7987365722656
v 1963.19580078125 379.7610168457031 336.8583068847656
v 1962.542236328125 373.17919921875 327.3042297363281
v 1964.202880859375 371.4314270019531 329.2191162109375
v 1962.680908203125 374.527587890625 329.2049865722656
v 1966.8533935546875 361.2341003417969 323.5299072265625
v 1970.2083740234375 357.6995849609375 327.36138916015625
v 1967.1279296875 363.9133605957031 327.3414611816406
v 1975.660400390625 337.2542724609375 315.82208251953125
v 1982.551513671875 330.08782958984375 323.57135009765625
v 1976.1927490234375 342.6539611816406 323.5677795410156
v 1994.01171875 288.303466796875 299.1420593261719
v 2008.419921875 274.6452331542969 315.59765625
v 1994.99658203125 300.069091796875 315.7400207519531
v 1961.7813720703125 374.7174072265625 327.29718017578125
v 1962.612060546875 373.8559265136719 328.2545166015625
v 1961.92138671875 376.07318115234375 329.1976013183594
v 1961.0926513671875 376.9380798339844 328.2398376464844
v 1961.8519287109375 375.3978271484375 328.247314453125
v 1962.2529296875 370.4143371582031 323.497314453125
v 1963.92626953125 368.7420959472656 325.4152526855469
v 1962.3995361328125 371.80908203125 325.4026184082031
v 1963.4827880859375 364.5162048339844 319.67413330078125
v 1968.7413330078125 343.2518005371094 307.78900146484375
v 1964.956787109375 301.68084716796875 261.9905090332031
v 1979.58056640625 296.9642333984375 280.7979431152344
v 1966.5545654296875 319.831787109375 280.8524169921875
v 1975.4202880859375 245.3054656982422 228.85430908203125
v 1961.4013671875 375.4858703613281 327.2935791015625
v 1961.8167724609375 375.0582580566406 327.7722473144531
v 1961.47216796875 376.16815185546875 328.24359130859375
v 1961.4368896484375 375.8276672363281 327.7685852050781
v 1961.6375732421875 373.3398742675781 325.3959655761719
v 1962.4713134765625 372.4970397949219 326.35369873046875
v 1961.7099609375 374.0315246582031 326.34686279296875
v 1961.2470703125 376.21221923828125 327.7667541503906
v 1961.45458984375 375.9980773925781 328.006103515625
v 1961.2823486328125 376.55316162109375 328.2417297363281
v 1961.074951171875 376.76751708984375 328.0023498535156
v 1961.2647705078125 376.3828430175781 328.0042419433594
v 1961.88671875 375.7361145019531 328.722412109375
v 1961.5418701171875 376.84539794921875 329.1938171386719
v 1961.1278076171875 377.27825927734375 328.71484375
v 1961.5072021484375 376.50738525390625 328.7186584472656
v 1962.7489013671875 375.19451904296875 330.156005859375
v 1962.057373046875 377.41015625 331.1001281738281
v 1961.9898681640625 376.7438659667969 330.1484069824219
v 1961.21142578125 375.86993408203125 327.291748046875
v 1961.419189453125 375.65692138671875 327.5310974121094
v 1961.229248046875 376.0412292480469 327.52923583984375
v 1961.32958984375 374.7981262207031 326.3433532714844
v 1961.745849609375 374.3751525878906 326.8220520019531
v 1961.3656005859375 375.1427001953125 326.8185119628906
v 1961.9486083984375 367.5396423339844 319.66387939453125
v 1963.6343994140625 365.9541931152344 321.5964050292969
v 1962.1026611328125 368.9921569824219 321.5853576660156
v 1966.2601318359375 355.52294921875 315.8035583496094
v 1969.664306640625 352.3393249511719 319.70526123046875
v 1966.56396484375 358.44476318359375 319.6916809082031
v 1962.1783447265625 369.7068786621094 322.5423583984375
v 1961.7203369140625 369.7504577636719 321.58245849609375
v 1962.140625 369.3504333496094 322.06414794921875
v 1961.7962646484375 370.46697998046875 322.5393371582031
v 1961.7584228515625 370.1096496582031 322.0611877441406
v 1962.026123046875 368.2698669433594 320.6260070800781
v 1963.3275146484375 363.0450134277344 317.7393493652344
v 1962.84033203125 358.40399169921875 311.8311767578125
v 1962.8680419921875 367.4741516113281 321.59100341796875
v 1963.708740234375 366.6616516113281 322.5538024902344
v 1963.01708984375 368.8890686035156 323.50335693359375
v 1962.9429931640625 368.1852111816406 322.5481872558594
v 1965.0211181640625 361.4846496582031 319.68341064453125
v 1966.71044921875 359.8546142578125 321.6156005859375
v 1965.3155517578125 364.3018798828125 323.52001953125
v 1965.170166015625 362.9084167480469 321.60650634765625
v 1961.77734375 370.2885437011719 322.3003234863281
v 1962.2156982421875 370.0614929199219 323.0200500488281
v 1961.871337890625 371.1763000488281 323.49420166015625
v 1961.8338623046875 370.8225402832031 323.0169982910156
v 1962.3267822265625 371.1149597167969 324.45062255859375
v 1961.564208984375 372.64208984375 324.44415283203125
v 1961.6629638671875 370.29937744140625 322.0604248046875
v 1961.7679443359375 370.19915771484375 322.1807556152344
v 1961.681884765625 370.4783935546875 322.299560546875
v 1961.67236328125 370.3889465332031 322.1800231933594
v 1961.7393798828125 369.9302673339844 321.8218994140625
v 1962.064453125 368.6319885253906 321.10601806640625
v 1962.7152099609375 366.0289306640625 319.66912841796875
v 1963.55908203125 365.2391662597656 320.63665771484375
v 1962.7921142578125 366.7554931640625 320.6314392089844
v 1961.949462890625 369.7301025390625 322.0626525878906
v 1962.159423828125 369.52886962890625 322.3033142089844
v 1961.9873046875 370.08697509765625 322.5408630371094
v 1961.9683837890625 369.9087829589844 322.30181884765625
v 1962.4852294921875 368.2333984375 321.5882263183594
v 1962.9056396484375 367.8305969238281 322.06988525390625
v 1962.560546875 368.9462890625 322.5453186035156
v 1962.52294921875 368.59075927734375 322.0670471191406
v 1963.0062255859375 359.9917297363281 313.82080078125
v 1965.6099853515625 349.1921081542969 307.7847900390625
v 1969.06298828125 346.4500427246094 311.84954833984375
v 1965.9420166015625 352.4461975097656 311.84234619140625
v 1974.43115234375 324.4474792480469 299.2742614746094
v 1981.5130615234375 319.04901123046875 307.76470947265625
v 1975.0728759765625 331.242431640625 307.7853088378906
v 1962.9237060546875 359.2032470703125 312.8288269042969
v 1967.3245849609375 328.3671875 290.2418212890625
v 1964.388916015625 355.4297790527344 311.8372497558594
v 1966.102783203125 354.0053405761719 313.8335266113281
v 1964.712158203125 358.5347900390625 315.796875
v 1964.55224609375 357.0030822753906 313.8276672363281
v 1962.7559814453125 357.59356689453125 310.8275146484375
v 1964.0516357421875 352.1470031738281 307.7812194824219
v 1965.7777099609375 350.84271240234375 309.8270568847656
v 1964.2220458984375 353.81201171875 309.8227233886719
v 1964.905517578125 342.0627746582031 299.2884216308594
v 1968.4061279296875 339.8550109863281 303.6091613769531
v 1965.264404296875 345.73828125 303.60772705078125
v 1962.7982177734375 358.00018310546875 311.3301086425781
v 1963.4459228515625 355.29302978515625 309.8202209472656
v 1964.305908203125 354.6266174316406 310.83319091796875
v 1963.614013671875 356.91802978515625 311.8343200683594
v 1963.5303955078125 356.11126708984375 310.8304748535156
v 1962.6048583984375 358.370849609375 311.3293151855469
v 1962.8193359375 358.2024230957031 311.5808410644531
v 1962.64697265625 358.7751159667969 311.8303527832031
v 1962.6259765625 358.5733337402344 311.58001708984375
v 1963.14306640625 356.85272216796875 310.8290100097656
v 1963.572265625 356.51605224609375 311.3331604003906
v 1963.22705078125 357.6612854003906 311.8327941894531
v 1963.1851806640625 357.2584228515625 311.3316650390625
v 1964.4710693359375 356.2218017578125 312.83526611328125
v 1963.7786865234375 358.49853515625 313.8243408203125
v 1963.69677734375 357.71368408203125 312.8321838378906
v 1962.882080078125 358.80499267578125 312.3307189941406
v 1962.53759765625 359.94720458984375 312.8270568847656
v 1962.636474609375 358.67431640625 311.7052307128906
v 1962.5504150390625 358.96063232421875 311.8299255371094
v 1962.5399169921875 358.8597717285156 311.7048034667969
v 1962.8612060546875 358.6048278808594 312.0811462402344
v 1962.68896484375 359.17657470703125 312.3298645019531
v 1962.66796875 358.9761962890625 312.0802917480469
v 1963.655517578125 357.3172302246094 312.333984375
v 1963.3101806640625 358.458740234375 312.8305358886719
v 1963.2686767578125 358.0614013671875 312.3323974609375
v 1962.615478515625 358.4721984863281 311.4547119140625
v 1962.777099609375 357.7972412109375 311.0790100097656
v 1965.0865478515625 343.929443359375 301.46710205078125
v 1963.700927734375 348.66387939453125 303.6055908203125
v 1964.1522216796875 334.0699462890625 290.2467956542969
v 1967.696533203125 332.39996337890625 294.8223876953125
v 1964.5343017578125 338.1643981933594 294.8255615234375
v 1973.0111083984375 308.5151062011719 280.8301696777344
v 1980.2657470703125 305.031494140625 290.1903381347656
v 1973.7398681640625 316.80853271484375 290.2225646972656
v 1991.6126708984375 257.2145690917969 261.8846130371094
v 2006.6077880859375 249.29910278320312 280.5705871582031
v 1992.855712890625 273.5762939453125 280.7037353515625
v 2002.2855224609375 160.2012176513672 195.5854034423828
v 2032.69091796875 155.8262939453125 228.73397827148438
v 2003.5892333984375 202.15357971191406 228.8144989013672
v 1964.7213134765625 340.139892578125 297.0733337402344
v 1963.7469482421875 339.5981750488281 294.8258361816406
v 1964.628173828125 339.1584777832031 295.95330810546875
v 1963.9351806640625 341.5813903808594 297.0733337402344
v 1963.8414306640625 340.5961608886719 295.9534606933594
v 1964.344482421875 336.1398620605469 292.548828125
v 1966.943359375 324.16827392578125 285.5752868652344
v 1965.7608642578125 310.8602294921875 271.35626220703125
v 1976.7298583984375 262.6112976074219 244.5398712158203
v 1966.11279296875 335.2881164550781 294.82440185546875
v 1967.8785400390625 334.34515380859375 297.0711975097656
v 1966.4788818359375 339.1561279296875 299.2883605957031
v 1966.2972412109375 337.2483215332031 297.07269287109375
v 1970.5196533203125 322.6141052246094 290.2337646484375
v 1974.091064453125 320.7238464355469 294.8057861328125
v 1971.23193359375 330.3670349121094 299.2826843261719
v 1970.88134765625 326.587158203125 294.8158264160156
v 1963.7943115234375 340.0987243652344 295.3905944824219
v 1964.439697265625 337.15802001953125 293.6905822753906
v 1965.7357177734375 331.2247009277344 290.24468994140625
v 1967.5118408203125 330.4061279296875 292.5447082519531
v 1965.9254150390625 333.2790222167969 292.5471496582031
v 1963.7706298828125 339.8488464355469 295.10845947265625
v 1963.699462890625 339.09454345703125 294.2593078613281
v 1964.140380859375 338.88165283203125 294.82574462890625
v 1964.581298828125 338.6629943847656 295.390380859375
v 1964.234619140625 339.877685546875 295.9533996582031
v 1964.1876220703125 339.3812255859375 295.3905029296875
v 1965.3228759765625 336.72772216796875 294.8251037597656
v 1966.205322265625 336.2745361328125 295.952392578125
v 1965.5086669921875 338.695556640625 297.0731201171875
v 1965.4161376953125 337.71795654296875 295.9529724121094
v 1963.72314453125 339.34674072265625 294.54278564453125
v 1964.0455322265625 337.87335205078125 293.6908264160156
v 1964.487060546875 337.6627197265625 294.25897216796875
v 1964.093017578125 338.3789978027344 294.2591552734375
v 1965.13427734375 334.7109375 292.548095703125
v 1966.0194091796875 334.2894592285156 293.6891784667969
v 1965.2288818359375 335.7252197265625 293.6899719238281
v 1963.735107421875 339.4725646972656 294.68438720703125
v 1963.6485595703125 339.7771911621094 294.82586669921875
v 1963.896240234375 338.73687744140625 294.2592468261719
v 1964.1168212890625 338.6307067871094 294.54266357421875
v 1963.943603515625 339.239990234375 294.8258056640625
v 1963.919921875 338.9888000488281 294.542724609375
v 1964.0552978515625 333.0190734863281 289.0874328613281
v 1965.3494873046875 326.99462890625 285.5788269042969
v 1967.135009765625 326.2867126464844 287.9174499511719
v 1965.5435791015625 329.12872314453125 287.920654296875
v 1969.7698974609375 314.2015686035156 280.842529296875
v 1973.37939453125 312.7296142578125 285.5541687011719
v 1970.1485595703125 318.47613525390625 285.5661315917969
v 1971.4945068359375 290.8615417480469 261.97039794921875
v 1978.8714599609375 288.4732666015625 271.3044738769531
v 1972.25830078125 299.7913818359375 271.3338623046875
v 1964.006591796875 332.4898376464844 288.5058898925781
v 1966.1597900390625 315.3862609863281 276.10284423828125
v 1964.75 330.54498291015625 287.9219970703125
v 1965.639892578125 330.18170166015625 289.08514404296875
v 1964.943359375 332.6488342285156 290.2458190917969
v 1964.846923828125 331.6019287109375 289.0863952636719
v 1964.0308837890625 332.7547607421875 288.79681396484375
v 1964.3536376953125 331.2519836425781 287.922607421875
v 1964.798583984375 331.0746765136719 288.5047912597656
v 1964.450927734375 332.3108825683594 289.0869445800781
v 1964.40234375 331.78265380859375 288.50537109375
v 1964.5545654296875 328.4029846191406 285.5803527832031
v 1965.44677734375 328.0661926269531 286.7517395019531
v 1964.652587890625 329.4785461425781 286.753173828125
v 1964.9556884765625 322.6264953613281 280.8564758300781
v 1966.749755859375 322.01544189453125 283.2190246582031
v 1965.1534423828125 324.8260192871094 283.22283935546875
v 1964.103759765625 333.5457763671875 289.6677551269531
v 1964.2486572265625 335.1103515625 291.4007263183594
v 1963.982177734375 332.22430419921875 288.2146911621094
v 1963.994384765625 332.3571472167969 288.3603210449219
v 1964.1556396484375 331.60516357421875 287.92291259765625
v 1964.3780517578125 331.5176086425781 288.2141418457031
v 1964.2044677734375 332.1363525390625 288.5056457519531
v 1964.1800537109375 331.8710632324219 288.21441650390625
v 1964.2559814453125 330.18353271484375 286.7538146972656
v 1964.7012939453125 330.012939453125 287.338134765625
v 1964.304931640625 330.7189025878906 287.3387451171875
v 1965.0548095703125 323.7298889160156 282.0407409667969
v 1964.357421875 326.2264099121094 283.2245178222656
v 1964.258056640625 325.12628173828125 282.04248046875
v 1966.3577880859375 317.620849609375 278.4791259765625
v 1964.756591796875 320.39959716796875 278.4833679199219
v 1968.996337890625 305.3557434082031 271.3459167480469
v 1972.636962890625 304.1930236816406 276.0802001953125
v 1969.38525390625 309.8186950683594 276.0925598144531
v 1964.3077392578125 325.6772766113281 282.6337890625
v 1965.251708984375 325.9143981933594 284.4023742675781
v 1964.4561767578125 327.31878662109375 284.4039611816406
v 1964.282958984375 325.4020080566406 282.33819580078125
v 1964.8563232421875 321.5162353515625 279.6705322265625
v 1964.65625 324.4284973144531 282.0416259765625
v 1965.1041259765625 324.2789001464844 282.632080078125
v 1964.7552490234375 325.526611328125 283.22369384765625
v 1964.705810546875 324.9784851074219 282.6329650878906
v 1965.75439453125 321.2308044433594 280.8545227050781
v 1966.65234375 320.92724609375 282.0367736816406
v 1965.950927734375 323.42236328125 283.22100830078125
v 1965.8529052734375 322.3302307128906 282.0388488769531
v 1968.1591796875 317.0235595703125 280.8477783203125
v 1969.9600830078125 316.3541564941406 283.20947265625
v 1968.54296875 321.328857421875 285.571044921875
v 1968.3519287109375 319.19158935546875 283.2145690917969
v 1964.2705078125 325.26422119140625 282.19036865234375
v 1964.556884765625 323.3230895996094 280.8573913574219
v 1965.0052490234375 323.1790771484375 281.4488220214844
v 1964.606689453125 323.8766784667969 281.4497375488281
v 1964.4571533203125 324.7774963378906 282.04205322265625
v 1964.6810302734375 324.7037353515625 282.3373718261719
v 1964.5067138671875 325.3280029296875 282.6333923339844
v 1964.48193359375 325.052978515625 282.3377990722656
v 1964.407470703125 324.22515869140625 281.4501953125
v 1964.6314697265625 324.1528015136719 281.7457580566406
v 1964.4322509765625 324.5015563964844 281.7461853027344
v 1965.960693359375 313.13153076171875 273.7273254394531
v 1965.3592529296875 306.2822570800781 266.64227294921875
v 1965.560302734375 308.5759582519531 268.99334716796875
v 1968.2119140625 296.30291748046875 261.98095703125
v 1971.876953125 295.33819580078125 266.6207275390625
v 1968.6046142578125 300.841064453125 266.6321716308594
v 1969.987548828125 273.2345886230469 244.5513916015625
v 1977.43310546875 271.10107421875 252.9598846435547
v 1970.7332763671875 281.9513244628906 252.9780731201172
v 1989.2449951171875 224.33494567871094 228.8411407470703
v 2004.53125 217.99526977539062 244.47467041015625
v 1990.377685546875 240.8610382080078 244.510986328125
v 1965.66064453125 309.719482421875 270.1735534667969
v 1964.955810546875 312.2272644042969 271.35858154296875
v 1964.85498046875 311.08251953125 270.1758728027344
v 1966.978759765625 303.5692138671875 266.63739013671875
v 1968.8006591796875 303.1031188964844 268.9830627441406
v 1967.3753662109375 308.1153259277344 271.3512878417969
v 1967.17724609375 305.84698486328125 268.9884033203125
v 1964.9053955078125 311.6552734375 270.7669677734375
v 1965.86083984375 311.9977111816406 272.541015625
v 1965.156982421875 314.506591796875 273.7296447753906
v 1965.0565185546875 313.3687744140625 272.5433349609375
v 1969.1912841796875 307.595458984375 273.71697998046875
v 1967.7694091796875 312.6095886230469 276.09796142578125
v 1967.5728759765625 310.3707275390625 273.7223815917969
v 1965.4598388671875 307.4300537109375 267.81610107421875
v 1965.157958984375 303.9826965332031 264.3067626953125
v 1965.057373046875 302.83184814453125 263.14599609375
v 1967.430419921875 287.2708740234375 252.98622131347656
v 1971.11279296875 286.3901672363281 257.41326904296875
v 1967.8199462890625 291.7703552246094 257.4227294921875
v 1966.5810546875 298.9996643066406 261.9858703613281
v 1968.4083251953125 298.5731506347656 264.2969055175781
v 1966.7799072265625 301.28558349609375 264.3019714355469
v 1965.107666015625 303.4073181152344 263.7257385253906
v 1965.76806640625 300.3421630859375 261.98822021484375
v 1966.680419921875 300.1427001953125 263.1412658691406
v 1965.9681396484375 302.63604736328125 264.30438232421875
v 1965.8681640625 301.4891662597656 263.1436462402344
v 1966.1842041015625 294.43585205078125 257.4271545410156
v 1968.0157470703125 294.0342712402344 259.6884765625
v 1966.3824462890625 296.7153625488281 259.6931457519531
v 1965.2586669921875 305.13299560546875 265.4723205566406
v 1965.08251953125 303.11956787109375 263.4356994628906
v 1964.9052734375 303.7428894042969 263.726318359375
v 1964.880126953125 303.45489501953125 263.436279296875
v 1965.007080078125 302.25634765625 262.5675354003906
v 1965.4625244140625 302.1609802246094 263.14483642578125
v 1965.9180908203125 302.0626525878906 263.723388671875
v 1965.5628662109375 303.3098449707031 264.3055725097656
v 1965.5126953125 302.7354431152344 263.7245788574219
v 1966.8792724609375 302.42791748046875 265.4674987792969
v 1966.168212890625 304.9276123046875 266.6398620605469
v 1966.0682373046875 303.7823181152344 265.4699401855469
v 1964.8927001953125 303.5989074707031 263.58123779296875
v 1965.1328125 303.69500732421875 264.0160827636719
v 1964.9556884765625 304.31878662109375 264.30731201171875
v 1964.9305419921875 304.0308532714844 264.01666259765625
v 1965.2083740234375 304.5579528808594 264.88897705078125
v 1965.7896728515625 289.9053955078125 252.99005126953125
v 1967.624755859375 289.51470947265625 255.18739318847656
v 1965.986572265625 292.1646728515625 255.19154357910156
v 1966.6646728515625 278.43536376953125 244.556396484375
v 1970.357666015625 277.5704345703125 248.69227600097656
v 1967.044677734375 282.83013916015625 248.69891357421875
v 1968.5958251953125 255.4927215576172 228.85556030273438
v 1976.0546875 254.12632751464844 236.5832061767578
v 1969.2706298828125 264.52899169921875 236.5886688232422
v 1974.3262939453125 225.29042053222656 213.1351318359375
v 1944.6767578125 109.51158142089844 127.98351287841797
v 1972.81201171875 140.02500915527344 159.0752716064453
v 1915.4112548828125 -159.42982482910156 -5.303413391113281
v 1972.89599609375 -58.680110931396484 61.098751068115234
v 1916.3758544921875 -8.947179794311523 61.43137741088867
v 1967.2369384765625 285.0423583984375 250.82286071777344
v 1965.59375 287.66156005859375 250.82635498046875
v 1965.92822265625 269.614501953125 236.5904998779297
v 1969.6246337890625 268.9017028808594 240.52664184570312
v 1966.2919921875 274.04443359375 240.53001403808594
v 1966.10888671875 271.8370056152344 238.5512237548828
v 1965.2342529296875 260.46624755859375 228.85491943359375
v 1968.92724609375 260.0736083984375 232.70811462402344
v 1965.5750732421875 265.10272216796875 232.70855712890625
v 1967.4254150390625 235.05796813964844 213.13816833496094
v 1974.83984375 235.8072967529297 221.11700439453125
v 1967.9764404296875 245.78321838378906 221.1170654296875
v 1987.6561279296875 180.79994201660156 195.65231323242188
v 2002.81689453125 183.65634155273438 213.07363891601562
v 1988.309326171875 205.10391235351562 213.11402893066406
v 2001.8934326171875 47.149105072021484 127.80741119384766
v 2031.5709228515625 64.70511627197266 158.75564575195312
v 2001.85791015625 103.76383972167969 158.86679077148438
v 2030.1533203125 -250.3999786376953 -5.654236793518066
v 2030.9232177734375 -114.28030395507812 60.59208679199219
v 1965.2791748046875 273.1040344238281 238.55178833007812
v 1966.2000732421875 272.9422607421875 239.5381317138672
v 1965.4635009765625 275.3187561035156 240.53077697753906
v 1965.37109375 274.21295166015625 239.53880310058594
v 1967.5955810546875 267.08111572265625 236.58966064453125
v 1969.446533203125 266.7230224609375 238.54864501953125
v 1967.9544677734375 271.48223876953125 240.5283966064453
v 1967.7738037109375 269.2892761230469 238.5500030517578
v 1972.6453857421875 259.3672180175781 236.5862579345703
v 1976.387939453125 258.38946533203125 240.51829528808594
v 1973.3419189453125 267.9608154296875 244.54588317871094
v 1972.9892578125 263.684326171875 240.5227508544922
v 1982.254638671875 234.99075317382812 228.84954833984375
v 1989.7926025390625 232.76803588867188 236.5647430419922
v 1983.478271484375 251.8939971923828 244.52650451660156
v 1982.8468017578125 243.61187744140625 236.57528686523438
v 1966.477294921875 276.2420959472656 242.530517578125
v 1965.417236328125 274.7662048339844 240.0341339111328
v 1966.3843994140625 275.1441345214844 241.52732849121094
v 1965.6500244140625 277.5237731933594 242.531494140625
v 1965.5565185546875 276.4221496582031 241.5281982421875
v 1969.80517578125 271.0704650878906 242.52633666992188
v 1968.3223876953125 275.84393310546875 244.553955078125
v 1968.137451171875 273.66534423828125 242.5284881591797
v 1965.4029541015625 262.8027648925781 230.780029296875
v 1968.2784423828125 250.7435302734375 225.00167846679688
v 1964.9073486328125 255.6622772216797 225.00030517578125
v 1965.3182373046875 261.639404296875 229.81727600097656
v 1965.0689697265625 258.087890625 226.9295654296875
v 1966.9111328125 257.98919677734375 228.8553466796875
v 1968.7598876953125 257.801513671875 230.78016662597656
v 1967.2471923828125 262.5976867675781 232.7084197998047
v 1967.0775146484375 260.311767578125 230.7801971435547
v 1971.990478515625 250.44007873535156 228.85537719726562
v 1975.7315673828125 249.7792205810547 232.70504760742188
v 1972.3118896484375 254.9667205810547 232.7069549560547
v 1964.8162841796875 261.08251953125 228.85476684570312
v 1965.276123046875 261.0541076660156 229.33607482910156
v 1964.9005126953125 262.2574157714844 229.81716918945312
v 1964.8582763671875 261.6712341308594 229.33595275878906
v 1965.151123046875 259.28265380859375 227.8925018310547
v 1966.5888671875 253.21275329589844 225.00111389160156
v 1968.435302734375 253.141845703125 226.93063354492188
v 1966.7481689453125 255.62464904785156 226.93020629882812
v 1971.3902587890625 240.83731079101562 221.1175994873047
v 1975.12255859375 240.66238403320312 225.00146484375
v 1971.6827392578125 245.74453735351562 225.0020751953125
v 1981.2386474609375 215.3742218017578 213.1271514892578
v 1988.74658203125 215.2256317138672 221.1032257080078
v 1981.7144775390625 225.69129943847656 221.11245727539062
v 1966.0716552734375 259.2301330566406 228.8551483154297
v 1966.993896484375 259.1553955078125 229.8175811767578
v 1966.2392578125 261.55963134765625 230.78013610839844
v 1966.155029296875 260.3997802734375 229.81744384765625
v 1966.5721435546875 209.51539611816406 195.7333526611328
v 1973.8924560546875 213.42138671875 204.67779541015625
v 1966.9560546875 222.98240661621094 204.68917846679688
v 1958.769775390625 156.82583618164062 159.21588134765625
v 1973.059326171875 170.80271911621094 177.0920867919922
v 1959.1295166015625 188.39334106445312 177.2013397216797
v 1963.5399169921875 227.63815307617188 204.69322204589844
v 1967.1798095703125 229.20738220214844 208.9851531982422
v 1963.7724609375 233.91433715820312 208.98658752441406
v 1963.6534423828125 230.8231201171875 206.85784912109375
v 1963.1390380859375 214.0704345703125 195.74453735351562
v 1966.75390625 216.40371704101562 200.26263427734375
v 1963.3291015625 221.00885009765625 200.27000427246094
v 1966.02880859375 179.749267578125 177.1457977294922
v 1973.2669677734375 185.83570861816406 186.43836975097656
v 1966.265869140625 194.98654174804688 186.47793579101562
v 1987.1065673828125 122.42037200927734 158.95928955078125
v 2001.98486328125 132.66281127929688 176.90206909179688
v 1987.2763671875 152.311279296875 176.99258422851562
v 1961.4344482421875 216.31851196289062 195.74986267089844
v 1963.2315673828125 217.5755157470703 198.018310546875
v 1961.5291748046875 219.8359375 198.0226287841797
v 1962.81640625 199.4427032470703 186.49749755859375
v 1966.4097900390625 202.36160278320312 191.129150390625
v 1962.9683837890625 206.8670196533203 191.14447021484375
v 1961.481201171875 218.08584594726562 196.8887939453125
v 1961.259765625 209.09066772460938 191.1519775390625
v 1963.05126953125 210.4990997314453 193.4521026611328
v 1961.3447265625 212.73492431640625 193.45849609375
v 1961.3890380859375 214.53465270996094 194.60629272460938
v 1960.9637451171875 215.09213256835938 194.6077423095703
v 1961.41162109375 215.42860412597656 195.1786346435547
v 1961.009521484375 216.87753295898438 195.7511749267578
v 1960.986572265625 215.9868621826172 195.1800079345703
v 1962.197021484375 211.61941528320312 193.455322265625
v 1963.0946044921875 212.29269409179688 194.60043334960938
v 1962.2857666015625 215.19688415527344 195.74722290039062
v 1962.2408447265625 213.41607666015625 194.60337829589844
v 1964.68505859375 204.62411499023438 191.13687133789062
v 1966.488525390625 205.9689178466797 193.43887329101562
v 1964.8514404296875 211.80284118652344 195.73902893066406
v 1964.765869140625 208.24388122558594 193.445556640625
v 1969.7486572265625 190.45179748535156 186.45822143554688
v 1973.3955078125 193.10848999023438 191.0972137451172
v 1970.0390625 204.8794708251953 195.72146606445312
v 1969.884765625 197.7763671875 191.1134033203125
v 1980.0926513671875 161.71939086914062 177.04132080078125
v 1987.43603515625 166.90626525878906 186.35916137695312
v 1980.520751953125 190.65367126464844 195.68203735351562
v 1980.2745361328125 176.53977966308594 186.39903259277344
v 1960.998046875 216.43270874023438 195.46572875976562
v 1961.4576416015625 217.20428466796875 196.31993103027344
v 1961.0565185546875 218.64639282226562 196.8899688720703
v 1961.0328369140625 217.76406860351562 196.32118225097656
v 1963.1846923828125 215.83160400390625 196.88397216796875
v 1962.37939453125 218.70816040039062 198.02049255371094
v 1962.3319091796875 216.96115112304688 196.8863983154297
v 1966.6605224609375 212.99549865722656 198.00909423828125
v 1965.037353515625 218.71630859375 200.2664337158203
v 1964.94189453125 215.29550170898438 198.01380920410156
v 1973.7071533203125 206.94554138183594 200.24513244628906
v 1970.40625 218.2444610595703 204.6840362548828
v 1970.2125244140625 211.7169189453125 200.25436401367188
v 1987.9447021484375 193.64158630371094 204.6419677734375
v 1980.839599609375 203.7082061767578 204.66217041015625
v 1959.255615234375 196.1743621826172 181.85508728027344
v 1958.9227294921875 172.61029052734375 168.02781677246094
v 1958.5279541015625 95.07813262939453 127.92716979980469
v 1972.7325439453125 109.96260833740234 142.95672607421875
v 1958.5914306640625 125.97711944580078 143.06396484375
v 1944.262451171875 -33.000762939453125 61.28937911987305
v 1972.851318359375 12.704611778259277 95.30839538574219
v 1944.4453125 40.195125579833984 95.41324615478516
v 1962.563720703125 184.1077880859375 177.17335510253906
v 1966.13916015625 187.4343719482422 181.80752563476562
v 1962.681884765625 191.84158325195312 181.8312225341797
v 1965.728759765625 148.5630340576172 159.14291381835938
v 1972.910400390625 155.41458129882812 167.89578247070312
v 1965.8526611328125 164.15696716308594 167.9598388671875
v 1959.1905517578125 192.29763793945312 179.52548217773438
v 1959.0189208984375 180.52398681640625 172.58309936523438
v 1955.3323974609375 160.86004638671875 159.25424194335938
v 1958.840087890625 164.6962432861328 163.5629425048828
v 1955.41064453125 168.77569580078125 163.60043334960938
v 1951.6810302734375 133.62767028808594 143.12469482421875
v 1958.662109375 141.31158447265625 150.92733764648438
v 1951.7818603515625 149.13961791992188 151.000732421875
v 1953.62353515625 162.85389709472656 159.2738800048828
v 1955.3699951171875 164.80967712402344 161.4110565185547
v 1953.6632080078125 166.8145751953125 161.4305419921875
v 1955.20947265625 145.25491333007812 150.96339416503906
v 1958.7108154296875 149.03421020507812 155.00775146484375
v 1955.2657470703125 153.02301025390625 155.04559326171875
v 1965.6044921875 118.09454345703125 143.00787353515625
v 1972.7554931640625 124.90614318847656 150.7965850830078
v 1965.64892578125 133.23985290527344 150.85916137695312
v 1987.1392822265625 63.90814208984375 127.83827209472656
v 2001.8466796875 75.55648040771484 142.8087921142578
v 1987.0823974609375 93.23609924316406 142.87191772460938
v 2001.8804931640625 -85.83280181884766 60.860042572021484
v 2031.26953125 -48.50935745239258 94.96207427978516
v 2001.951171875 -16.993032455444336 95.15293884277344
v 1953.64306640625 164.83184814453125 160.3479461669922
v 1953.5528564453125 154.99472045898438 155.0649871826172
v 1955.2977294921875 156.93141174316406 157.13278198242188
v 1953.5869140625 158.91421508789062 157.1523895263672
v 1952.7337646484375 159.90000915527344 157.1623077392578
v 1953.6048583984375 160.88134765625 158.20870971679688
v 1951.7271728515625 141.372802734375 147.0210418701172
v 1951.5609130859375 102.39196014404297 127.95448303222656
v 1958.549560546875 110.63008880615234 135.45437622070312
v 1951.6099853515625 118.10806274414062 135.4983673095703
v 1958.4993896484375 26.776710510253906 95.36734771728516
v 1972.8084716796875 47.43825149536133 112.15596008300781
v 1944.5521240234375 75.92212677001953 112.20055389404297
v 1958.5123291015625 62.05400085449219 112.18087005615234
v 1950.0181884765625 143.2724609375 147.0387420654297
v 1951.75341796875 145.2520294189453 148.99916076660156
v 1950.04638671875 147.16238403320312 149.01763916015625
v 1955.1241455078125 129.830322265625 143.09376525878906
v 1958.6226806640625 133.63389587402344 146.95321655273438
v 1955.16259765625 137.53196716308594 146.98651123046875
v 1950.031982421875 145.216552734375 148.0254364013672
v 1930.62841796875 53.053287506103516 95.44720458984375
v 1949.9678955078125 135.50608825683594 143.14056396484375
v 1951.703125 137.49900817871094 145.06375122070312
v 1949.9920654296875 139.3880157470703 145.08058166503906
v 1948.1734619140625 121.7693862915039 135.52157592773438
v 1951.6422119140625 125.88063049316406 139.290771484375
v 1948.213623046875 129.58273315429688 139.31851196289062
v 1949.6058349609375 145.690673828125 148.03001403808594
v 1950.0391845703125 146.18922424316406 148.5208282470703
v 1950.8719482421875 142.3243408203125 147.0298614501953
v 1951.739990234375 143.31155395507812 148.00733947753906
v 1950.899169921875 146.20892333984375 149.00836181640625
v 1950.88525390625 144.26576232910156 148.016357421875
v 1953.44189453125 139.4593963623047 147.00363159179688
v 1955.1849365234375 141.3892822265625 148.96311950683594
v 1953.49267578125 147.20445251464844 150.98191833496094
v 1953.4661865234375 143.3277587890625 148.98098754882812
v 1949.591796875 143.74526977539062 147.043212890625
v 1950.0250244140625 144.2443084716797 147.5314178466797
v 1949.5987548828125 144.7177734375 147.53594970703125
v 1949.1385498046875 140.3275146484375 145.08909606933594
v 1950.0048828125 141.32974243164062 146.05723571777344
v 1949.15185546875 142.27186584472656 146.06597900390625
v 1949.602294921875 145.2041778564453 147.78280639648438
v 1949.495849609375 145.32249450683594 147.78395080566406
v 1949.6041259765625 145.44741821289062 147.9063720703125
v 1949.49755859375 145.56576538085938 147.9075164794922
v 1949.8118896484375 144.4811553955078 147.53367614746094
v 1950.0284423828125 144.73037719726562 147.77825927734375
v 1949.8189697265625 145.45372009277344 148.02772521972656
v 1949.8153076171875 144.96737670898438 147.78053283691406
v 1950.4449462890625 142.798828125 147.03428649902344
v 1950.8785400390625 143.29486083984375 147.52243041992188
v 1950.45849609375 144.74159240722656 148.02088928222656
v 1950.45166015625 143.77000427246094 147.52691650390625
v 1950.8468017578125 138.4451904296875 145.07212829589844
v 1951.71484375 139.43540954589844 146.0399627685547
v 1950.859130859375 140.38426208496094 146.04855346679688
v 1953.399658203125 131.73583984375 143.1090850830078
v 1955.1424560546875 133.67996215820312 145.03094482421875
v 1953.4197998046875 135.59642028808594 145.04721069335938
v 1955.0682373046875 114.39564514160156 135.47596740722656
v 1958.5675048828125 118.31719970703125 139.2381591796875
v 1955.093017578125 122.12615203857422 139.26397705078125
v 1965.5885009765625 87.5546646118164 127.90168762207031
v 1972.734619140625 94.99554443359375 135.37684631347656
v 1965.5872802734375 102.93138122558594 135.41380310058594
v 1946.462890625 123.58153533935547 135.53346252441406
v 1948.1927490234375 125.68061065673828 137.4161834716797
v 1946.4842529296875 127.5026626586914 137.4292449951172
v 1948.109130859375 105.9750747680664 127.96879577636719
v 1951.583251953125 110.28636932373047 131.72657775878906
v 1944.714599609375 117.48172760009766 131.76443481445312
v 1948.1390380859375 113.907958984375 131.74520874023438
v 1951.4947509765625 69.07473754882812 112.19133758544922
v 1958.5181884765625 78.86730194091797 120.18638610839844
v 1944.610595703125 93.00208282470703 120.21587371826172
v 1951.5250244140625 86.0266342163086 120.20106506347656
v 1946.4954833984375 129.4596710205078 138.37986755371094
v 1937.6751708984375 82.6097183227539 112.20856475830078
v 1946.057861328125 127.95626831054688 137.4325408935547
v 1946.48974609375 128.48143005371094 137.904296875
v 1946.0693359375 129.91452026367188 138.38331604003906
v 1946.0635986328125 128.93565368652344 137.9076690673828
v 1945.609375 124.48309326171875 135.5394744873047
v 1946.473388671875 125.54340362548828 136.4805450439453
v 1945.620361328125 126.44740295410156 136.4868621826172
v 1946.4244384765625 115.70069885253906 131.75474548339844
v 1948.1556396484375 117.84614562988281 133.63211059570312
v 1944.7352294921875 121.43903350830078 133.6536865234375
v 1946.4429931640625 119.64851379394531 133.642822265625
v 1947.337890625 126.59317016601562 137.4226837158203
v 1948.2030029296875 127.63262939453125 138.36622619628906
v 1947.3597412109375 130.5003204345703 139.32559204101562
v 1947.3486328125 128.54769897460938 138.37301635742188
v 1949.88916015625 119.94498443603516 135.50987243652344
v 1951.6253662109375 121.99900817871094 137.39068603515625
v 1949.92529296875 127.73809814453125 139.3045196533203
v 1949.906494140625 123.84614562988281 137.4033203125
v 1945.6260986328125 127.42855834960938 136.9611358642578
v 1946.0467529296875 125.99578094482422 136.48370361328125
v 1946.478759765625 126.5233383178711 136.95468139648438
v 1946.05224609375 126.97632598876953 136.95790100097656
v 1947.317626953125 122.6769790649414 135.52749633789062
v 1948.1829833984375 123.726318359375 136.46807861328125
v 1947.3275146484375 124.63639068603516 136.4742889404297
v 1941.179931640625 96.4253921508789 120.22332763671875
v 1944.6422119140625 101.31714630126953 124.12080383300781
v 1941.2196044921875 104.7738037109375 124.13167572021484
v 1942.9288330078125 103.05079650878906 124.12621307373047
v 1944.6590576171875 105.42792510986328 126.05609893798828
v 1942.9674072265625 111.26295471191406 127.99102020263672
v 1941.2406005859375 108.9019546508789 126.06900787353516
v 1942.9476318359375 107.17033386230469 126.06251525878906
v 1948.05859375 89.53643798828125 120.20845794677734
v 1951.541748046875 94.27140045166016 124.09969329833984
v 1948.08251953125 97.81697082519531 124.11013793945312
v 1942.0936279296875 108.0374755859375 126.06575012207031
v 1942.9573974609375 109.21981811523438 127.02758026123047
v 1942.1143798828125 112.13452911376953 127.99481201171875
v 1942.1038818359375 110.08916473388672 127.03108978271484
v 1944.695068359375 113.50687408447266 129.87522888183594
v 1942.98779296875 115.26725769042969 129.8838653564453
v 1941.677490234375 110.5228271484375 127.03285217285156
v 1942.109130859375 111.11260986328125 127.51313018798828
v 1942.9775390625 113.26781463623047 128.9379119873047
v 1941.6669921875 108.47004699707031 126.06737518310547
v 1942.0986328125 109.06413269042969 126.54863739013672
v 1941.672119140625 109.49725341796875 126.55033111572266
v 1942.07373046875 103.91361999511719 124.12893676757812
v 1942.9381103515625 105.11412048339844 125.09550476074219
v 1941.22998046875 106.8414077758789 125.10147094726562
v 1942.08349609375 105.97908782958984 125.09848022460938
v 1942.8931884765625 94.71891784667969 120.21959686279297
v 1944.6260986328125 97.17620849609375 122.1749496459961
v 1941.199462890625 100.61595153808594 122.18399047851562
v 1942.91064453125 98.90133666992188 122.17945861816406
v 1941.10595703125 79.28504943847656 112.20470428466797
v 1944.580810546875 84.54212951660156 116.24737548828125
v 1937.719482421875 91.28675842285156 116.25752258300781
v 1941.142333984375 87.93414306640625 116.25251770019531
v 1937.510986328125 46.68840026855469 95.43164825439453
v 1944.4971923828125 58.266597747802734 103.9041748046875
v 1937.5906982421875 64.85145568847656 103.91447448730469
v 1930.244873046875 -20.803695678710938 61.36598587036133
v 1944.349609375 3.4671175479888916 78.21137237548828
v 1930.4266357421875 16.00563621520996 78.28376770019531
v 1943.9500732421875 -181.42684936523438 -5.352156162261963
v 1972.90283203125 -129.40463256835938 28.263587951660156
v 1915.8660888671875 -82.76394653320312 28.305038452148438
v 1944.1033935546875 -105.5381851196289 28.29096794128418
v 1972.8941650390625 -357.65240478515625 -72.0955810546875
v 1857.435791015625 -275.3489685058594 -71.9072494506836
v 1914.4703369140625 -316.72039794921875 -71.94856262207031
v 1941.458984375 109.71355438232422 126.55118560791016
v 1941.6748046875 110.01023864746094 126.79164123535156
v 1941.46435546875 110.73941040039062 127.03372955322266
v 1941.461669921875 110.2266845703125 126.79251098632812
v 1940.3665771484375 105.63139343261719 124.1344223022461
v 1939.470703125 98.12173461914062 120.22706604003906
v 1939.4921875 102.32029724121094 122.18855285644531
v 1941.4630126953125 110.48309326171875 126.91313171386719
v 1941.3524169921875 109.82164764404297 126.55160522460938
v 1941.4603271484375 109.97016906738281 126.67185974121094
v 1941.353759765625 110.07830047607422 126.67228698730469
v 1941.4537353515625 108.68608093261719 126.06819152832031
v 1941.6695556640625 108.98385620117188 126.30891418457031
v 1941.2432861328125 109.41603088378906 126.31057739257812
v 1941.456298828125 109.20002746582031 126.30974578857422
v 1941.6566162109375 106.41057586669922 125.0999755859375
v 1942.0885009765625 107.00914001464844 125.58238220214844
v 1941.2352294921875 107.8725357055664 125.58550262451172
v 1941.6617431640625 107.44116973876953 125.58393859863281
v 1940.3453369140625 101.46939849853516 122.18627166748047
v 1941.20947265625 102.69878387451172 123.15929412841797
v 1940.3558349609375 103.55428314208984 123.16179656982422
v 1938.617431640625 98.96617889404297 120.22893524169922
v 1939.4813232421875 100.22526550292969 121.20957946777344
v 1939.428955078125 89.61526489257812 116.25503540039062
v 1941.160888671875 92.1991195678711 118.2470474243164
v 1939.4495849609375 93.8877182006836 118.25009155273438
v 1939.054931640625 100.64877319335938 121.21061706542969
v 1939.48681640625 101.27381896972656 121.69949340820312
v 1940.3248291015625 97.27481842041016 120.2251968383789
v 1941.1895751953125 98.52494812011719 121.2054443359375
v 1940.3349609375 99.3763656616211 121.20751190185547
v 1939.2735595703125 101.48590087890625 121.70003509521484
v 1939.489501953125 101.79731750488281 121.94412231445312
v 1939.9080810546875 99.8011245727539 121.20854187011719
v 1940.340087890625 100.4239273071289 121.69731903076172
v 1939.918701171875 101.8951644897461 122.18740844726562
v 1939.913330078125 100.84918975830078 121.69840240478516
v 1939.26806640625 100.43709564208984 121.21009826660156
v 1939.4840087890625 100.74980163574219 121.45464324951172
v 1939.2708740234375 100.96176147460938 121.4551773071289
v 1939.0439453125 98.54426574707031 120.22799682617188
v 1939.4759521484375 99.1745834350586 120.71878814697266
v 1939.0494384765625 99.59760284423828 120.71976470947266
v 1938.5953369140625 94.72834014892578 118.2516098022461
v 1939.4600830078125 96.00934600830078 119.24067687988281
v 1938.6063232421875 96.85186004638672 119.24236297607422
v 1939.164306640625 101.06768035888672 121.45543670654297
v 1939.272216796875 101.2238998413086 121.57762908935547
v 1939.1656494140625 101.32984924316406 121.57789611816406
v 1937.6971435546875 86.96717834472656 114.24235534667969
v 1934.158203125 68.09158325195312 103.9188232421875
v 1937.63232421875 73.79124450683594 108.090576171875
v 1934.2076416015625 77.05451202392578 108.09404754638672
v 1936.8427734375 87.79590606689453 114.24339294433594
v 1937.708251953125 89.1318588256836 115.25234985351562
v 1936.8543701171875 89.9623031616211 115.25347137451172
v 1939.3887939453125 80.95205688476562 112.20667266845703
v 1941.1240234375 83.62879943847656 114.23808288574219
v 1939.40869140625 85.302734375 114.24024963378906
v 1941.03662109375 61.576988220214844 103.90959930419922
v 1944.524169921875 67.15670776367188 108.08236694335938
v 1941.07080078125 70.49252319335938 108.08668518066406
v 1951.4388427734375 33.56178665161133 95.39186096191406
v 1958.506103515625 44.634307861328125 103.87676239013672
v 1951.4661865234375 51.53175354003906 103.89163970947266
v 1958.466796875 -45.604270935058594 61.20061492919922
v 1972.879638671875 -23.13326644897461 78.02217864990234
v 1958.4842529296875 -9.552831649780273 78.12458038330078
v 1932.44677734375 69.69926452636719 103.9207992553711
v 1934.1827392578125 72.58676147460938 106.01290893554688
v 1932.4732666015625 74.1999282836914 106.01463317871094
v 1934.063720703125 49.88616180419922 95.43977355957031
v 1937.55029296875 55.81047058105469 99.69119262695312
v 1930.6826171875 62.215553283691406 99.7025146484375
v 1934.1103515625 59.028865814208984 99.6971664428711
v 1937.36474609375 9.791614532470703 78.24929809570312
v 1944.396240234375 21.87339973449707 86.81867218017578
v 1930.5247802734375 34.57016372680664 86.87295532226562
v 1937.4359130859375 28.28147315979004 86.84745788574219
v 1931.5921630859375 70.50009155273438 103.92173767089844
v 1932.4599609375 71.95284271240234 104.96923828125
v 1923.5291748046875 22.119064331054688 78.31494140625
v 1887.2685546875 -137.88302612304688 -5.27584171295166
v 1932.39501953125 60.626075744628906 99.69991302490234
v 1934.1341552734375 63.57146072387695 101.81312561035156
v 1930.7103271484375 66.76832580566406 101.81763458251953
v 1932.420654296875 65.173828125 101.8154525756836
v 1932.0328369140625 72.35417938232422 104.96968078613281
v 1932.4666748046875 73.07721710205078 105.49232482910156
v 1933.3021240234375 68.89643859863281 103.91983032226562
v 1934.17041015625 70.34244537353516 104.96739959716797
v 1933.32763671875 73.39437103271484 106.01378631591797
v 1933.3148193359375 71.14866638183594 104.96833801269531
v 1935.872802734375 66.47571563720703 103.91671752929688
v 1937.611328125 69.33525848388672 106.00910949707031
v 1935.9183349609375 75.42720794677734 108.09236145019531
v 1935.8953857421875 70.96527099609375 106.01107025146484
v 1932.0362548828125 72.91674041748047 105.23131561279297
v 1932.0194091796875 70.09992218017578 103.92127227783203
v 1932.453369140625 70.82685089111328 104.44538879394531
v 1932.026123046875 71.22784423828125 104.44584655761719
v 1931.565185546875 65.9720458984375 101.81655883789062
v 1932.4337158203125 67.43949127197266 102.8694839477539
v 1931.57861328125 68.23900604248047 102.87049865722656
v 1931.9261474609375 72.45442962646484 104.96978759765625
v 1932.0345458984375 72.63550567626953 105.10051727294922
v 1931.927734375 72.73578643798828 105.10062408447266
v 1931.8125 71.42815399169922 104.4460678100586
v 1932.029541015625 71.79121398925781 104.70785522460938
v 1931.81591796875 71.99160766601562 104.70807647705078
v 1932.2464599609375 72.15357208251953 104.9694595336914
v 1932.4632568359375 72.5152359008789 105.23088073730469
v 1932.2530517578125 73.27811431884766 105.49253845214844
v 1932.249755859375 72.71604919433594 105.23109436035156
v 1932.8873291015625 71.55101013183594 104.96878814697266
v 1933.3211669921875 72.27235412597656 105.491455078125
v 1932.900390625 73.79740142822266 106.01421356201172
v 1932.893798828125 72.67504119873047 105.49188995361328
v 1934.1951904296875 74.82421875 107.05518341064453
v 1933.353515625 77.86498260498047 108.09485626220703
v 1933.340576171875 75.63324737548828 107.05601501464844
v 1931.9227294921875 71.89142608642578 104.70796966552734
v 1932.0311279296875 72.07274627685547 104.83879089355469
v 1931.817626953125 72.27317810058594 104.8390121459961
v 1931.9244384765625 72.17298126220703 104.83889770507812
v 1932.23974609375 71.02740478515625 104.44561767578125
v 1932.4566650390625 71.39004516601562 104.70740509033203
v 1932.2430419921875 71.59069061279297 104.70763397216797
v 1932.8743896484375 69.29810333251953 103.92031860351562
v 1933.3084716796875 70.02334594726562 104.44445037841797
v 1932.880859375 70.42534637451172 104.4449234008789
v 1933.2769775390625 64.37364196777344 101.8143081665039
v 1934.1461181640625 65.83448791503906 102.86734008789062
v 1933.28955078125 66.63799285888672 102.8684310913086
v 1935.8287353515625 57.42372512817383 99.69425964355469
v 1937.5703125 60.34235763549805 101.80805206298828
v 1935.8505859375 61.961036682128906 101.81066131591797
v 1940.97119140625 43.45853805541992 95.42281341552734
v 1944.4708251953125 49.272499084472656 99.6773452758789
v 1941.00341796875 52.55885314941406 99.6845932006836
v 1927.0855712890625 37.67310333251953 86.88451385498047
v 1930.575927734375 43.8316535949707 91.16719055175781
v 1927.14404296875 46.95185470581055 91.17628479003906
v 1927.1739501953125 51.577667236328125 93.31752014160156
v 1927.18896484375 53.886131286621094 94.38642120361328
v 1928.858642578125 45.39518737792969 91.17182922363281
v 1930.60205078125 48.448673248291016 93.30962371826172
v 1928.9150390625 54.62582015991211 95.4506607055664
v 1928.8865966796875 50.01666259765625 93.31365966796875
v 1933.974609375 31.440067291259766 86.86060333251953
v 1937.472900390625 37.5053596496582 91.14675903320312
v 1934.0185546875 40.683292388916016 91.1573486328125
v 1926.74609375 51.96684646606445 93.3184585571289
v 1927.181396484375 52.7322998046875 93.85213470458984
v 1926.2877197265625 47.72766876220703 91.1784439086914
v 1927.158935546875 49.26613998413086 92.24742126464844
v 1926.302978515625 50.04301071166992 92.24943542480469
v 1925.36962890625 39.214813232421875 86.89000701904297
v 1927.1146240234375 42.316200256347656 89.0315170288086
v 1925.4005126953125 43.862022399902344 89.03640747070312
v 1926.97314453125 19.07430648803711 78.29975891113281
v 1930.4749755859375 25.28832244873047 82.57498931884766
v 1923.591796875 31.435199737548828 82.60205841064453
v 1927.028564453125 28.374189376831055 82.58892059326172
v 1923.294189453125 -14.836987495422363 61.4000244140625
v 1930.33349609375 -2.4843170642852783 69.76346588134766
v 1923.4088134765625 3.5589542388916016 69.79924011230469
v 1929.9237060546875 -94.0361099243164 28.299501419067383
v 1944.1812744140625 -69.0667953491211 44.769920349121094
v 1916.111083984375 -45.68564987182617 44.84853744506836
v 1930.0787353515625 -57.2347412109375 44.81255340576172
v 1928.0299072265625 50.79802703857422 93.31561279296875
v 1928.9007568359375 52.322933197021484 94.38285064697266
v 1928.059326171875 55.40940475463867 95.45233154296875
v 1928.0445556640625 53.105403900146484 94.38465881347656
v 1930.6553955078125 57.643062591552734 97.57860565185547
v 1928.94384765625 59.22023010253906 97.58152770996094
v 1926.9599609375 51.772308349609375 93.3179931640625
v 1927.177734375 52.15508270263672 93.58486938476562
v 1926.9676513671875 52.92707824707031 93.85258483886719
v 1926.75 52.544395446777344 93.58578491210938
v 1926.9637451171875 52.34979248046875 93.5853271484375
v 1926.73095703125 49.65478515625 92.2484359741211
v 1927.1663818359375 50.42226791381836 92.7826156616211
v 1926.738525390625 50.811180114746094 92.78358459472656
v 1928.0009765625 46.17436981201172 91.17407989501953
v 1928.87255859375 47.707313537597656 92.24327087402344
v 1928.0155029296875 48.48758316040039 92.24536895751953
v 1928.8038330078125 36.124942779541016 86.87882995605469
v 1930.5501708984375 39.204673767089844 89.02119445800781
v 1928.8310546875 40.76380920410156 89.02645111083984
v 1927.601806640625 51.18806076049805 93.31657409667969
v 1928.0372314453125 51.952117919921875 93.85029602050781
v 1927.61669921875 53.4959831237793 94.38554382324219
v 1927.6092529296875 52.34242248535156 93.8512191772461
v 1919.959228515625 6.548635959625244 69.81597900390625
v 1923.4681396484375 12.820713996887207 74.04399871826172
v 1920.09375 25.141141891479492 78.32933044433594
v 1920.025634765625 15.826976776123047 74.05992126464844
v 1901.9122314453125 -71.67858123779297 28.307910919189453
v 1912.92724609375 -6.028539180755615 61.446083068847656
v 1909.169189453125 -40.00033187866211 44.86421585083008
v 1916.2406005859375 -27.31871795654297 53.11615753173828
v 1909.32373046875 -21.565345764160156 53.13953399658203
v 1912.779052734375 -24.434642791748047 53.12809753417969
v 1916.3074951171875 -18.139122009277344 57.26545715332031
v 1912.852294921875 -15.237632751464844 57.27899169921875
v 1923.079833984375 -51.42820358276367 44.83134078979492
v 1930.16015625 -39.0214729309082 53.0630989074707
v 1923.1846923828125 -33.13493347167969 53.0907096862793
v 1911.127197265625 -13.792743682861328 57.28554153442383
v 1912.8896484375 -10.635281562805176 59.360225677490234
v 1911.166015625 -9.186209678649902 59.367088317871094
v 1911.1856689453125 -6.881399631500244 60.40953826904297
v 1910.7354736328125 -8.824544906616211 59.36878204345703
v 1911.1759033203125 -8.033950805664062 59.88816833496094
v 1910.745361328125 -7.6720290184021 59.88987731933594
v 1910.26513671875 -13.071709632873535 57.28876495361328
v 1911.1466064453125 -11.489934921264648 58.32577896118164
v 1910.284912109375 -10.767868041992188 58.32908248901367
v 1911.0506591796875 -22.998205184936523 53.13387680053711
v 1912.8154296875 -19.836963653564453 55.201805114746094
v 1909.3634033203125 -16.95927619934082 55.214046478271484
v 1911.088623046875 -18.396289825439453 55.20799255371094
v 1912.6370849609375 -42.83625793457031 44.85655975341797
v 1916.1751708984375 -36.497161865234375 48.978755950927734
v 1909.24560546875 -30.77801513671875 48.99843978881836
v 1912.707275390625 -33.630531311035156 48.98881912231445
v 1908.8773193359375 -77.20061492919922 28.306787490844727
v 1915.986572265625 -64.13754272460938 36.59075164794922
v 1902.0782470703125 -52.94186782836914 36.60533905029297
v 1909.0206298828125 -58.516815185546875 36.59852600097656
v 1901.290771484375 -148.61170959472656 -5.2873311042785645
v 1915.634765625 -120.76263427734375 11.554956436157227
v 1887.6475830078125 -99.0271224975586 11.554359436035156
v 1901.59521484375 -109.8370590209961 11.555824279785156
v 1885.64794921875 -296.0423278808594 -71.91667175292969
v 1914.9593505859375 -237.67173767089844 -38.910587310791016
v 1858.547119140625 -195.5440216064453 -38.86085891723633
v 1886.5010986328125 -216.549072265625 -38.87228012084961
v 1912.027587890625 -9.910260200500488 59.363677978515625
v 1912.908447265625 -8.332544326782227 60.40254211425781
v 1912.066162109375 -5.301440715789795 61.44966125488281
v 1912.046875 -7.606481075286865 60.40605926513672
v 1914.5791015625 -16.686384201049805 57.27229690551758
v 1916.3414306640625 -13.545392990112305 59.346046447753906
v 1914.6507568359375 -7.485777854919434 61.438812255859375
v 1914.61474609375 -12.088300704956055 59.35321044921875
v 1919.708984375 -30.218502044677734 53.10369873046875
v 1923.2388916015625 -23.99237823486328 57.236629486083984
v 1919.831298828125 -11.882986068725586 61.41603088378906
v 1919.76953125 -21.057043075561523 57.2513427734375
v 1907.5982666015625 -20.13594627380371 53.14506530761719
v 1905.7071533203125 -37.177024841308594 44.87150573730469
v 1905.789794921875 -27.938724517822266 49.007633209228516
v 1894.968505859375 -66.19245910644531 28.308452606201172
v 1903.9781494140625 -35.769840240478516 44.87501907348633
v 1905.7481689453125 -32.556034088134766 46.939002990722656
v 1905.5467529296875 -55.7239990234375 36.60205078125
v 1909.09423828125 -49.24302291870117 40.732398986816406
v 1902.16357421875 -43.638771057128906 40.742828369140625
v 1905.6260986328125 -46.43528366088867 40.73775863647461
v 1904.88427734375 -31.85013771057129 46.94100570678711
v 1905.7689208984375 -30.24700355529785 47.973140716552734
v 1904.9053955078125 -29.540124893188477 47.97526168823242
v 1907.4375 -38.587154388427734 44.86790466308594
v 1909.2071533203125 -35.387298583984375 46.930747985839844
v 1907.5169677734375 -29.356773376464844 49.003089904785156
v 1907.47705078125 -33.9701042175293 46.9349250793457
v 1909.284423828125 -26.171146392822266 51.067848205566406
v 1907.557373046875 -24.74582862854004 51.07295227050781
v 1904.4525146484375 -31.497467041015625 46.94199752807617
v 1904.8948974609375 -30.695026397705078 47.458091735839844
v 1904.463134765625 -30.342113494873047 47.45911407470703
v 1904.842529296875 -36.47307205200195 44.87327575683594
v 1905.7276611328125 -34.865989685058594 45.905147552490234
v 1903.9993896484375 -33.456871032714844 45.90889358520508
v 1904.8634033203125 -34.16106414794922 45.90703201293945
v 1903.8941650390625 -45.035675048828125 40.74032974243164
v 1905.66650390625 -41.803001403808594 42.80460739135742
v 1902.206787109375 -38.999046325683594 42.81060791015625
v 1903.9359130859375 -40.39963912963867 42.80764389038086
v 1900.345947265625 -51.5545768737793 36.60689926147461
v 1902.1207275390625 -48.28594970703125 38.67457962036133
v 1900.389892578125 -46.89520263671875 38.67656326293945
v 1898.4378662109375 -68.93136596679688 28.308252334594727
v 1901.9945068359375 -62.28505325317383 32.46177291870117
v 1898.525634765625 -59.5258903503418 32.46331024169922
v 1894.610595703125 -104.41969299316406 11.555357933044434
v 1901.7515869140625 -90.64862823486328 19.956159591674805
v 1894.7869873046875 -85.20155334472656 19.95462989807129
v 1891.3125 -82.48865509033203 19.953699111938477
v 1894.8770751953125 -75.66720581054688 24.13869285583496
v 1893.1416015625 -74.30563354492188 24.13838005065918
v 1894.922607421875 -70.9220962524414 26.225475311279297
v 1898.2667236328125 -87.92134094238281 19.95545196533203
v 1901.831298828125 -81.13246154785156 24.1396484375
v 1898.3515625 -78.39588928222656 24.139230728149414
v 1908.6029052734375 -115.28333282470703 11.555707931518555
v 1915.7490234375 -101.64447784423828 19.95774269104004
v 1908.7384033203125 -96.12802124023438 19.957210540771484
v 1929.6307373046875 -170.36048889160156 -5.3247880935668945
v 1944.026611328125 -143.09225463867188 11.544562339782715
v 1929.775390625 -131.83673095703125 11.55134105682373
v 1943.6400146484375 -337.28863525390625 -72.00688171386719
v 1972.882080078125 -280.41900634765625 -39.099403381347656
v 1943.7952880859375 -258.9493103027344 -38.98366928100586
v 2084.075439453125 -435.91387939453125 -72.28688049316406
v 2029.4888916015625 -396.7824401855469 -72.32172393798828
v 1887.74462890625 -89.38321685791016 15.757373809814453
v 1880.2939453125 -132.5449676513672 -5.271599769592285
v 1887.456787109375 -118.41372680664062 3.1369788646698
v 1880.4981689453125 -113.0604248046875 3.1380615234375
v 1872.453125 -206.03416442871094 -38.86370086669922
v 1886.88916015625 -177.29701232910156 -22.190916061401367
v 1872.9044189453125 -166.69602966308594 -22.176176071166992
v 1885.91015625 -97.682373046875 11.554033279418945
v 1887.6959228515625 -94.20028686523438 13.656647682189941
v 1883.974609375 -115.73497009277344 3.1376023292541504
v 1887.5517578125 -108.70641326904297 7.346576690673828
v 1884.0738525390625 -106.023193359375 7.346474647521973
v 1894.2674560546875 -143.23764038085938 -5.2810564041137695
v 1901.4420166015625 -129.17967224121094 3.1326677799224854
v 1894.4378662109375 -123.78563690185547 3.1352038383483887
v 1900.675048828125 -227.09336853027344 -38.88758087158203
v 1915.1871337890625 -198.65884399414062 -22.239255905151367
v 1900.9859619140625 -187.94671630859375 -22.211626052856445
v 1891.12646484375 -101.72056579589844 11.554922103881836
v 1894.6982421875 -94.78828430175781 15.75915241241455
v 1891.2188720703125 -92.08275604248047 15.758317947387695
v 1886.82763671875 -93.52704620361328 13.656434059143066
v 1887.72021484375 -91.79047393798828 14.707228660583496
v 1886.8521728515625 -91.11685180664062 14.70699405670166
v 1889.3863525390625 -100.3731689453125 11.554656028747559
v 1891.1724853515625 -96.89666748046875 13.657432556152344
v 1889.4810791015625 -90.7322769165039 15.757859230041504
v 1889.43359375 -95.54778289794922 13.657054901123047
v 1890.9444580078125 -121.09713745117188 3.1361820697784424
v 1894.5238037109375 -114.08805084228516 7.34634256362915
v 1891.0350341796875 -111.39453887939453 7.3465352058410645
v 1886.83984375 -92.32164001464844 14.181764602661133
v 1886.7786865234375 -98.3545913696289 11.554200172424316
v 1887.6717529296875 -96.61254119873047 12.60567569732666
v 1885.934814453125 -95.26709747314453 12.605291366577148
v 1886.8031005859375 -95.93965911865234 12.605486869812012
v 1885.8121337890625 -107.36421966552734 7.346543312072754
v 1887.599609375 -103.86280059814453 9.45088005065918
v 1884.123779296875 -101.1771469116211 9.450465202331543
v 1885.861083984375 -102.51937866210938 9.450688362121582
v 1882.2357177734375 -114.3971939086914 3.1378519535064697
v 1884.024169921875 -110.8760986328125 5.242066860198975
v 1882.2862548828125 -109.53729248046875 5.242133617401123
v 1883.7781982421875 -135.21209716796875 -5.273604393005371
v 1887.3624267578125 -128.14170837402344 -1.0714787244796753
v 1880.395751953125 -122.79627990722656 -1.0688241720199585
v 1883.876220703125 -125.46699523925781 -1.0700528621673584
v 1879.88232421875 -171.9912872314453 -22.182859420776367
v 1887.0791015625 -157.6080780029297 -13.759993553161621
v 1873.12451171875 -146.9739990234375 -13.74725341796875
v 1880.0885009765625 -152.28497314453125 -13.753045082092285
v 1881.36669921875 -113.72869110107422 3.1379616260528564
v 1882.260986328125 -111.96656036376953 4.189975738525391
v 1881.3922119140625 -111.29780578613281 4.190040111541748
v 1876.8157958984375 -129.88124084472656 -5.2698163986206055
v 1882.13525390625 -124.13116455078125 -1.069414496421814
v 1883.92529296875 -120.5988998413086 1.0334422588348389
v 1880.4468994140625 -117.92630767822266 1.0342811346054077
v 1882.1854248046875 -119.26211547851562 1.0338836908340454
v 1880.4725341796875 -115.49280548095703 2.086108922958374
v 1876.6031494140625 -149.62811279296875 -13.750011444091797
v 1880.191162109375 -142.4156036376953 -9.51733112335205
v 1873.2340087890625 -137.0978240966797 -9.512629508972168
v 1876.70947265625 -139.75526428222656 -9.51485824584961
v 1865.9564208984375 -161.40951538085938 -22.170747756958008
v 1874.970947265625 -138.4261932373047 -9.513713836669922
v 1876.7625732421875 -134.81796264648438 -7.393394947052002
v 1875.02490234375 -133.4880828857422 -7.392410755157471
v 1874.102294921875 -137.7619171142578 -9.513164520263672
v 1874.9979248046875 -135.95712280273438 -8.453347206115723
v 1874.1295166015625 -135.2926483154297 -8.452836036682129
v 1874.8629150390625 -148.3007354736328 -13.748598098754883
v 1876.65625 -144.69227600097656 -11.633849143981934
v 1873.17919921875 -142.03646850585938 -11.631336212158203
v 1874.9169921875 -143.36404418945312 -11.632560729980469
v 1876.3896484375 -169.3424530029297 -22.179353713989258
v 1879.985595703125 -162.1458282470703 -17.975818634033203
v 1873.0146484375 -156.8422393798828 -17.969324111938477
v 1876.49658203125 -159.49273681640625 -17.97241973876953
v 1879.4603271484375 -211.28823852539062 -38.867210388183594
v 1886.697021484375 -196.92787170410156 -30.55742073059082
v 1872.6812744140625 -186.36752319335938 -30.54462242126465
v 1879.673583984375 -191.64337158203125 -30.550270080566406
v 1871.4490966796875 -285.691650390625 -71.90939331054688
v 1886.0911865234375 -255.98599243164062 -55.4083251953125
v 1858.018798828125 -235.15505981445312 -55.41185760498047
v 1871.97314453125 -245.56314086914062 -55.407291412353516
v 1914.0133056640625 -398.12689208984375 -104.67645263671875
v 1856.3160400390625 -357.2033996582031 -104.36425018310547
v 1884.8111572265625 -377.7130432128906 -104.51173400878906
v 1869.4266357421875 -164.05178833007812 -22.17331314086914
v 1869.539794921875 -154.19407653808594 -17.966520309448242
v 1865.4813232421875 -200.78628540039062 -38.86162185668945
v 1865.7218017578125 -181.09918212890625 -30.540355682373047
v 1867.6905517578125 -162.7304229736328 -22.171993255615234
v 1869.4832763671875 -159.12496948242188 -20.07191276550293
v 1867.7479248046875 -157.80259704589844 -20.070589065551758
v 1869.1973876953125 -183.73248291015625 -30.54232406616211
v 1872.7933349609375 -176.53565979003906 -26.367406845092773
v 1865.839599609375 -171.2578582763672 -26.36237144470215
v 1869.3125 -173.8958282470703 -26.364730834960938
v 1866.880859375 -157.1416015625 -20.0699520111084
v 1867.7764892578125 -155.33718872070312 -19.018394470214844
v 1843.824462890625 -265.1643981933594 -71.90966796875
v 1829.2242431640625 -337.0260009765625 -104.23973083496094
v 1867.3143310546875 -157.4720916748047 -20.070268630981445
v 1867.76220703125 -156.5700225830078 -19.54461669921875
v 1867.3287353515625 -156.2394561767578 -19.544296264648438
v 1866.8232421875 -162.06991577148438 -22.171361923217773
v 1867.71923828125 -160.26698303222656 -21.121782302856445
v 1866.85205078125 -159.60623168945312 -21.121145248413086
v 1867.5750732421875 -172.57662963867188 -26.36351203918457
v 1869.36962890625 -168.9751434326172 -24.270851135253906
v 1865.8980712890625 -166.3349609375 -24.268362045288086
v 1867.6329345703125 -167.65481567382812 -24.269569396972656
v 1868.6153564453125 -158.46371459960938 -20.07124137878418
v 1869.5115966796875 -156.66001892089844 -19.019710540771484
v 1868.6722412109375 -153.53236389160156 -17.965862274169922
v 1868.643798828125 -155.99853515625 -19.01904296875
v 1871.16455078125 -165.37364196777344 -22.174705505371094
v 1872.9595947265625 -161.771240234375 -20.07478141784668
v 1871.2763671875 -155.51788330078125 -17.96788787841797
v 1871.2205810546875 -160.4478302001953 -20.07331085205078
v 1867.09765625 -157.3068389892578 -20.070110321044922
v 1867.321533203125 -156.85580444335938 -19.807313919067383
v 1867.1119384765625 -156.0741729736328 -19.544137954711914
v 1867.1048583984375 -156.69053649902344 -19.80715560913086
v 1867.28564453125 -159.9365997314453 -21.121461868286133
v 1867.7335205078125 -159.03492736816406 -20.596309661865234
v 1866.866455078125 -158.37403869628906 -20.595672607421875
v 1867.2999267578125 -158.7044677734375 -20.595989227294922
v 1868.558349609375 -163.3910369873047 -22.172643661499023
v 1869.4549560546875 -161.58885192871094 -21.12310791015625
v 1868.5869140625 -160.9278564453125 -21.1224365234375
v 1866.9892578125 -157.22422790527344 -20.070030212402344
v 1867.1011962890625 -156.9987030029297 -19.938640594482422
v 1866.9964599609375 -156.60791015625 -19.807077407836914
v 1866.884521484375 -156.8334503173828 -19.93848419189453
v 1866.9927978515625 -156.91607666015625 -19.938562393188477
v 1867.083251953125 -158.53924560546875 -20.5958309173584
v 1867.30712890625 -158.0883026123047 -20.333160400390625
v 1866.8736572265625 -157.7578582763672 -20.332843780517578
v 1867.0904541015625 -157.92308044433594 -20.3330020904541
v 1866.6497802734375 -158.20884704589844 -20.595516204833984
v 1851.2037353515625 -230.028076171875 -55.415924072265625
v 1858.2886962890625 -215.3000946044922 -47.14852523803711
v 1851.4808349609375 -210.1536865234375 -47.15121078491211
v 1847.814208984375 -227.4663543701172 -55.418365478515625
v 1851.3441162109375 -220.07557678222656 -51.28605651855469
v 1850.602294921875 -270.254150390625 -71.90792083740234
v 1857.7347412109375 -255.15850830078125 -63.662384033203125
v 1844.1392822265625 -244.94406127929688 -63.670745849609375
v 1850.9112548828125 -250.049072265625 -63.66603469848633
v 1842.6414794921875 -347.1138000488281 -104.29913330078125
v 1856.83447265625 -316.1593017578125 -88.29623413085938
v 1829.7705078125 -295.88330078125 -88.2529296875
v 1843.1881103515625 -306.0227966308594 -88.2723159790039
v 1854.87939453125 -212.72630310058594 -47.14972686767578
v 1858.419189453125 -205.4127960205078 -43.008453369140625
v 1855.01171875 -202.83399963378906 -43.009117126464844
v 1864.9739990234375 -240.3570098876953 -55.4089241027832
v 1872.2177734375 -225.74851989746094 -47.146793365478516
v 1865.23291015625 -220.52188110351562 -47.14699935913086
v 1850.6329345703125 -209.51071166992188 -47.1516227722168
v 1851.5145263671875 -207.67727661132812 -46.1165657043457
v 1849.6484375 -218.79217529296875 -51.287113189697266
v 1851.4129638671875 -215.11117553710938 -49.21934127807617
v 1849.717529296875 -213.8265380859375 -49.220298767089844
v 1854.6053466796875 -232.59097290039062 -55.413753509521484
v 1858.1553955078125 -225.21212768554688 -51.28251266479492
v 1854.744140625 -222.6432647705078 -51.28414535522461
v 1853.1788330078125 -211.43984985351562 -47.15043640136719
v 1854.9459228515625 -207.7774658203125 -45.080284118652344
v 1853.24560546875 -206.48974609375 -45.08086013793945
v 1851.056884765625 -209.83218383789062 -47.15141677856445
v 1851.497802734375 -208.91529846191406 -46.63393783569336
v 1851.07373046875 -208.59371948242188 -46.63413619995117
v 1850.5648193359375 -214.4688262939453 -49.219810485839844
v 1851.447021484375 -212.63160705566406 -48.185462951660156
v 1850.5989990234375 -211.98895263671875 -48.18590545654297
v 1853.0426025390625 -221.35926818847656 -51.28506851196289
v 1854.8121337890625 -217.6813201904297 -49.21762466430664
v 1853.111083984375 -216.39610290527344 -49.218448638916016
v 1852.3294677734375 -210.79672241210938 -47.150814056396484
v 1853.2122802734375 -208.96408081054688 -46.11585235595703
v 1852.396484375 -205.84600830078125 -45.081172943115234
v 1852.363037109375 -208.32064819335938 -46.1161994934082
v 1850.8448486328125 -209.67144775390625 -47.151519775390625
v 1851.0653076171875 -209.21290588378906 -46.89278793334961
v 1850.86181640625 -208.4329376220703 -46.63423538208008
v 1850.8533935546875 -209.05213928222656 -46.89289093017578
v 1851.02294921875 -212.31027221679688 -48.1856803894043
v 1851.4639892578125 -211.39244079589844 -47.66838455200195
v 1850.6160888671875 -210.7496337890625 -47.6688117980957
v 1851.0399169921875 -211.07102966308594 -47.66859436035156
v 1852.26171875 -215.75360107421875 -49.2188835144043
v 1853.14501953125 -213.9171600341797 -48.184627532958984
v 1852.295654296875 -213.27435302734375 -48.185035705566406
v 1850.7474365234375 -208.97177124023438 -46.892940521240234
v 1850.8575439453125 -208.74252319335938 -46.76356506347656
v 1850.7515869140625 -208.66213989257812 -46.763614654541016
v 1837.0968017578125 -260.0732116699219 -71.91241455078125
v 1850.6944580078125 -208.93157958984375 -46.892967224121094
v 1850.74951171875 -208.81695556640625 -46.828277587890625
v 1850.696533203125 -208.77676391601562 -46.828304290771484
v 1850.7388916015625 -209.591064453125 -47.15156936645508
v 1850.84912109375 -209.36178588867188 -47.0222053527832
v 1850.63720703125 -209.20103454589844 -47.02231216430664
v 1850.7431640625 -209.28140258789062 -47.02225875854492
v 1850.8280029296875 -210.9103240966797 -47.668704986572266
v 1851.04833984375 -210.45155334472656 -47.41001892089844
v 1850.62451171875 -210.13011169433594 -47.41022872924805
v 1850.83642578125 -210.29083251953125 -47.41012191772461
v 1840.7711181640625 -242.39137268066406 -63.67347717285156
v 1844.2900390625 -234.9035186767578 -59.54734420776367
v 1815.9913330078125 -326.8621520996094 -104.18655395507812
v 1840.454833984375 -262.6195068359375 -71.91091918945312
v 1843.983642578125 -255.03176879882812 -67.79216003417969
v 1840.6148681640625 -252.48313903808594 -67.79431915283203
v 1836.4547119140625 -300.95782470703125 -88.26205444335938
v 1843.50244140625 -285.5401916503906 -80.11930084228516
v 1830.087158203125 -275.375244140625 -80.11495208740234
v 1836.77197265625 -280.462646484375 -80.11661529541016
v 1838.9346923828125 -251.20834350585938 -67.79548645019531
v 1840.693603515625 -247.4313201904297 -65.73422241210938
v 1839.013427734375 -246.15550231933594 -65.73555755615234
v 1839.8531494140625 -246.79347229003906 -65.73487854003906
v 1840.732421875 -244.90982055664062 -64.70391082763672
v 1839.89208984375 -244.27171325683594 -64.70460510253906
v 1842.2978515625 -253.757568359375 -67.793212890625
v 1844.06201171875 -249.98193359375 -65.73173522949219
v 1842.4537353515625 -243.6678466796875 -63.672080993652344
v 1842.3763427734375 -248.7067413330078 -65.73294830322266
v 1847.20654296875 -267.7088928222656 -71.90866088867188
v 1850.7584228515625 -260.1288146972656 -67.7885971069336
v 1847.5189208984375 -247.49627685546875 -63.66826248168945
v 1847.364501953125 -257.5799560546875 -67.79025268554688
v 1849.9793701171875 -311.08770751953125 -88.28370666503906
v 1857.13134765625 -295.6994934082031 -80.12786102294922
v 1850.2869873046875 -290.6169128417969 -80.12303924560547
v 1870.450439453125 -367.457275390625 -104.43557739257812
v 1885.1973876953125 -336.75927734375 -88.35881042480469
v 1870.9127197265625 -326.45697021484375 -88.32515716552734
v 1839.47216796875 -243.95262145996094 -64.7049560546875
v 1839.9114990234375 -243.01197814941406 -64.18941497802734
v 1844.2152099609375 -239.9181671142578 -61.60932922363281
v 1842.5299072265625 -238.64085388183594 -61.61074447631836
v 1851.0595703125 -240.01722717285156 -59.54214096069336
v 1847.6688232421875 -237.46011352539062 -59.54461669921875
v 1839.68212890625 -244.11216735839844 -64.70478057861328
v 1839.9017333984375 -243.64175415039062 -64.44701385498047
v 1839.6917724609375 -243.48219299316406 -64.44718933105469
v 1839.4332275390625 -246.47450256347656 -65.73521423339844
v 1839.8726806640625 -245.53221130371094 -65.21975708007812
v 1839.4527587890625 -245.2131805419922 -65.22010040283203
v 1839.7744140625 -251.84579467773438 -67.7948989868164
v 1840.654296875 -249.95578002929688 -66.76437377929688
v 1838.9742431640625 -248.68048095703125 -66.76563262939453
v 1839.81396484375 -249.3181915283203 -66.76499938964844
v 1838.7744140625 -261.34661865234375 -71.91163635253906
v 1840.53515625 -257.546142578125 -69.85336303710938
v 1838.8548583984375 -256.27227783203125 -69.85432434082031
v 1840.1309814453125 -283.0020751953125 -80.11782836914062
v 1843.6634521484375 -275.33587646484375 -76.01985168457031
v 1836.9344482421875 -270.2517395019531 -76.02017211914062
v 1840.29296875 -272.79449462890625 -76.01988220214844
v 1840.312255859375 -244.5907745361328 -64.70425415039062
v 1840.7518310546875 -243.6502227783203 -64.18870544433594
v 1840.350830078125 -242.0721893310547 -63.67383575439453
v 1840.33154296875 -243.33111572265625 -64.18905639648438
v 1841.53466796875 -248.06907653808594 -65.73358154296875
v 1842.4151611328125 -246.18576049804688 -64.70256805419922
v 1841.612060546875 -243.02964782714844 -63.67277145385742
v 1841.573486328125 -245.54783630371094 -64.70323181152344
v 1839.2427978515625 -245.05364990234375 -65.22027587890625
v 1839.4625244140625 -244.5828094482422 -64.96253204345703
v 1839.3575439453125 -244.50303649902344 -64.96261596679688
v 1839.46728515625 -244.26768493652344 -64.833740234375
v 1839.6627197265625 -245.37269592285156 -65.21993255615234
v 1839.8824462890625 -244.90187072753906 -64.9621810913086
v 1839.67236328125 -244.74234008789062 -64.96235656738281
v 1840.2733154296875 -247.11239624023438 -65.73455047607422
v 1840.7130126953125 -246.17019653320312 -65.21908569335938
v 1840.292724609375 -245.85121154785156 -65.21942138671875
v 1839.5771484375 -244.0323944091797 -64.70486450195312
v 1839.68701171875 -243.79714965820312 -64.57598114013672
v 1839.58203125 -243.71737670898438 -64.5760726928711
v 1839.414794921875 -244.22779846191406 -64.83378601074219
v 1839.4697265625 -244.1101531982422 -64.76934814453125
v 1839.417236328125 -244.07025146484375 -64.76939392089844
v 1839.5673828125 -244.66256713867188 -64.96244812011719
v 1839.67724609375 -244.42723083496094 -64.83356475830078
v 1839.572265625 -244.3474578857422 -64.83365631103516
v 1839.4434814453125 -244.09019470214844 -64.76937103271484
v 1839.470947265625 -244.03138732910156 -64.73715209960938
v 1839.4459228515625 -243.93267822265625 -64.7049789428711
v 1839.4447021484375 -244.0114288330078 -64.73717498779297
v 1839.519775390625 -244.3075714111328 -64.83370208740234
v 1839.57470703125 -244.18992614746094 -64.7692642211914
v 1839.524658203125 -243.9925079345703 -64.70491027832031
v 1839.522216796875 -244.15003967285156 -64.76930236816406
v 1839.431640625 -244.00146484375 -64.7371826171875
v 1839.4453125 -243.97206115722656 -64.72107696533203
v 1839.4322509765625 -243.9620819091797 -64.72108459472656
v 1839.57958984375 -243.8748779296875 -64.64047241210938
v 1839.527099609375 -243.83499145507812 -64.64051055908203
v 1839.425048828125 -243.99647521972656 -64.73719024658203
v 1839.431884765625 -243.9817657470703 -64.72913360595703
v 1839.430419921875 -244.08023071289062 -64.76937866210938
v 1839.444091796875 -244.05081176757812 -64.7532730102539
v 1839.4178466796875 -244.03086853027344 -64.7532958984375
v 1839.4310302734375 -244.0408477783203 -64.75328063964844
v 1839.4410400390625 -244.24774169921875 -64.8337631225586
v 1839.468505859375 -244.1889190673828 -64.80154418945312
v 1839.416015625 -244.14903259277344 -64.80158996582031
v 1839.4422607421875 -244.16897583007812 -64.80156707763672
v 1839.4100341796875 -244.5429229736328 -64.96257781982422
v 1839.46484375 -244.42523193359375 -64.89813995361328
v 1839.3599853515625 -244.34547424316406 -64.89822387695312
v 1839.412353515625 -244.38536071777344 -64.89817810058594
v 1839.3477783203125 -245.1334228515625 -65.2201919555664
v 1839.4576416015625 -244.89796447753906 -65.09131622314453
v 1839.3526611328125 -244.81820678710938 -65.0914077758789
v 1839.2232666015625 -246.31500244140625 -65.73538208007812
v 1839.4429931640625 -245.84375 -65.4776611328125
v 1839.2330322265625 -245.68423461914062 -65.47783660888672
v 1839.3939208984375 -248.99935913085938 -66.76531219482422
v 1839.8336181640625 -248.0554656982422 -66.24996185302734
v 1838.993896484375 -247.41763305664062 -66.25061798095703
v 1839.4136962890625 -247.73655700683594 -66.25028991699219
v 1839.4285888671875 -243.97927856445312 -64.72913360595703
v 1839.4320068359375 -243.971923828125 -64.72511291503906
v 1839.4288330078125 -243.9694366455078 -64.72511291503906
v 1839.4381103515625 -244.00645446777344 -64.73717498779297
v 1839.445068359375 -243.9917449951172 -64.7291259765625
v 1839.438720703125 -243.96707153320312 -64.72107696533203
v 1839.4384765625 -243.98675537109375 -64.7291259765625
v 1839.4578857421875 -244.0214080810547 -64.7371597290039
v 1839.4715576171875 -243.99200439453125 -64.72105407714844
v 1839.4591064453125 -243.94264221191406 -64.70496368408203
v 1839.45849609375 -243.98202514648438 -64.72106170654297
v 1839.4959716796875 -244.13009643554688 -64.76932525634766
v 1839.5234375 -244.07127380371094 -64.73710632324219
v 1839.4984130859375 -243.97256469726562 -64.7049331665039
v 1839.4971923828125 -244.05133056640625 -64.73712921142578
v 1839.4251708984375 -243.98663330078125 -64.73316192626953
v 1839.3885498046875 -244.20785522460938 -64.83380889892578
v 1839.3897705078125 -244.12908935546875 -64.8016128540039
v 1839.4244384765625 -244.03585815429688 -64.75328826904297
v 1839.4312744140625 -244.02114868164062 -64.74523162841797
v 1839.4246826171875 -244.01617431640625 -64.7452392578125
v 1839.4283447265625 -243.9989776611328 -64.73719024658203
v 1839.4317626953125 -243.9916229248047 -64.73316192626953
v 1839.428466796875 -243.98912048339844 -64.73316192626953
v 1833.4244384765625 -277.9207458496094 -80.11565399169922
v 1833.5869140625 -267.7064514160156 -76.02070617675781
v 1833.668212890625 -262.6109924316406 -73.96866607666016
v 1833.6275634765625 -265.15765380859375 -74.9950180053711
v 1831.7545166015625 -276.6485290527344 -80.11527252197266
v 1833.5054931640625 -272.8099365234375 -78.06983947753906
v 1831.8355712890625 -271.536865234375 -78.06983947753906
v 1833.1070556640625 -298.4223327636719 -88.25735473632812
v 1836.6114501953125 -290.70001220703125 -84.19837188720703
v 1829.9268798828125 -285.6191101074219 -84.1932144165039
v 1833.2637939453125 -288.1613464355469 -84.1956558227539
v 1835.905029296875 -342.0743408203125 -104.26868438720703
v 1842.8961181640625 -326.5635681152344 -96.34137725830078
v 1829.4774169921875 -316.4491882324219 -96.30339813232422
v 1836.1605224609375 -321.5109558105469 -96.32174682617188
v 1855.986083984375 -398.11083984375 -119.91592407226562
v 1828.9031982421875 -378.0570983886719 -119.6927261352539
v 1842.303466796875 -388.08197021484375 -119.80037689208984
v 1835.2593994140625 -268.9794616699219 -76.0204086303711
v 1837.0157470703125 -265.1580505371094 -73.96749877929688
v 1835.4217529296875 -258.79913330078125 -71.91325378417969
v 1835.3406982421875 -263.8848876953125 -73.96805572509766
v 1826.4439697265625 -293.33953857421875 -88.24878692626953
v 1822.589599609375 -331.9586486816406 -104.21233367919922
v 1822.8375244140625 -311.3684387207031 -96.28636169433594
v 1802.6326904296875 -357.685791015625 -119.50566864013672
v 1815.7069091796875 -367.9536437988281 -119.59410858154297
v 1824.7841796875 -292.06549072265625 -88.24681854248047
v 1826.152587890625 -313.91180419921875 -96.29471588134766
v 1829.6199951171875 -306.1619567871094 -92.29076385498047
v 1822.9779052734375 -301.0747985839844 -92.27843475341797
v 1826.2943115234375 -303.621337890625 -92.2844467163086
v 1819.5308837890625 -308.81793212890625 -96.2783432006836
v 1824.635009765625 -302.3489074707031 -92.28140258789062
v 1826.3682861328125 -298.47900390625 -90.26958465576172
v 1823.05126953125 -295.9308776855469 -90.2646713256836
v 1824.7086181640625 -297.20574951171875 -90.26708984375
v 1819.2864990234375 -329.4146728515625 -104.1992416381836
v 1822.7073974609375 -321.66497802734375 -100.26542663574219
v 1816.1051025390625 -316.5618896484375 -100.24481964111328
v 1819.40234375 -319.11767578125 -100.25493621826172
v 1822.28466796875 -373.02056884765625 -119.64221954345703
v 1829.02734375 -357.56732177734375 -112.03563690185547
v 1815.810546875 -347.4324645996094 -111.96016693115234
v 1822.3995361328125 -352.5147399902344 -111.99691772460938
v 1817.7529296875 -317.8409118652344 -100.24983215332031
v 1819.4652099609375 -313.9677734375 -98.27047729492188
v 1817.815185546875 -312.6902160644531 -98.2659912109375
v 1809.15966796875 -362.84564208984375 -119.54854583740234
v 1809.2503662109375 -342.31011962890625 -111.92549896240234
v 1816.9908447265625 -312.05059814453125 -98.26377868652344
v 1816.9288330078125 -317.2016906738281 -100.247314453125
v 1817.78369140625 -315.2655944824219 -99.25889587402344
v 1816.1356201171875 -313.9861755371094 -99.25419616699219
v 1816.95947265625 -314.6261901855469 -99.25653076171875
v 1817.637939453125 -328.1395568847656 -104.19284057617188
v 1819.3427734375 -324.2668762207031 -102.23133087158203
v 1816.0465087890625 -321.71270751953125 -102.21994018554688
v 1817.6937255859375 -322.9909362792969 -102.2255859375
v 1819.100830078125 -349.97796630859375 -111.97828674316406
v 1822.4862060546875 -342.2436828613281 -108.1238021850586
v 1815.8924560546875 -337.15411376953125 -108.0926284790039
v 1819.185302734375 -339.7032165527344 -108.10798645019531
v 1816.5474853515625 -314.3062744140625 -99.25536346435547
v 1816.9749755859375 -313.3384094238281 -98.7603988647461
v 1816.56298828125 -313.0184326171875 -98.75926971435547
v 1814.3463134765625 -325.582275390625 -104.18037414550781
v 1814.40087890625 -320.4320373535156 -102.21440124511719
v 1812.5274658203125 -344.876953125 -111.94256591796875
v 1812.6065673828125 -334.5950927734375 -108.0777359008789
v 1816.76904296875 -313.1784362792969 -98.75983428955078
v 1816.98291015625 -312.69451904296875 -98.51215362548828
v 1816.77685546875 -312.5345153808594 -98.51158905029297
v 1817.3714599609375 -314.94598388671875 -99.2577133178711
v 1817.79931640625 -313.9779357910156 -98.76268768310547
v 1817.4029541015625 -312.3704833984375 -98.26488494873047
v 1817.3870849609375 -313.6582336425781 -98.76154327392578
v 1818.577392578125 -318.47955322265625 -100.25237274169922
v 1819.4334716796875 -316.5427551269531 -99.26368713378906
v 1818.639892578125 -313.32928466796875 -98.26821899414062
v 1818.6082763671875 -315.9044494628906 -99.26128387451172
v 1821.0538330078125 -320.3923034667969 -100.2601318359375
v 1822.77099609375 -316.5166931152344 -98.27970886230469
v 1821.1832275390625 -310.0941467285156 -96.28231048583984
v 1821.1170654296875 -315.24322509765625 -98.2750473022461
v 1825.9017333984375 -334.4953308105469 -104.22583770751953
v 1829.3448486328125 -326.7391357421875 -100.2874984741211
v 1826.0211181640625 -324.2050476074219 -100.27628326416016
v 1807.6136474609375 -341.0220642089844 -111.91716766357422
v 1805.894287109375 -360.2728576660156 -119.52676391601562
v 1809.1939697265625 -352.582275390625 -115.75161743164062
v 1805.925048828125 -350.00616455078125 -115.73246002197266
v 1807.5589599609375 -351.2958984375 -115.7419662475586
v 1809.2196044921875 -347.44757080078125 -113.84264373779297
v 1805.9488525390625 -344.8697814941406 -113.82479858398438
v 1807.583740234375 -346.16033935546875 -113.83364868164062
v 1812.43017578125 -365.40545654296875 -119.57099914550781
v 1815.7479248046875 -357.6974792480469 -115.79174041748047
v 1812.4678955078125 -355.1456298828125 -115.7713851928711
v 1804.2919921875 -348.7128601074219 -115.72311401367188
v 1805.1083984375 -349.3599548339844 -115.72776794433594
v 1805.936279296875 -347.4382629394531 -114.77960205078125
v 1805.119384765625 -346.7918701171875 -114.77507019042969
v 1804.2630615234375 -358.981201171875 -119.51612854003906
v 1805.90673828125 -355.14031982421875 -117.63282012939453
v 1804.2745361328125 -353.8478698730469 -117.62283325195312
v 1809.1497802734375 -373.1046142578125 -123.3232421875
v 1802.630615234375 -367.9510803222656 -123.27528381347656
v 1805.8883056640625 -370.53509521484375 -123.29888153076172
v 1801.8177490234375 -357.03662109375 -119.50050354003906
v 1801.0028076171875 -366.6531982421875 -123.2637710571289
v 1802.62841796875 -362.8187561035156 -121.3927993774414
v 1800.9996337890625 -361.5201721191406 -121.38190460205078
v 1801.81396484375 -362.1699523925781 -121.3873291015625
v 1802.6297607421875 -360.25238037109375 -120.44987487792969
v 1801.00048828125 -358.95343017578125 -120.43927764892578
v 1801.8150634765625 -359.6033935546875 -120.44454956054688
v 1804.259033203125 -369.2449951171875 -123.2869873046875
v 1805.8880615234375 -365.4042663574219 -121.4151611328125
v 1804.2578125 -364.1134033203125 -121.40388488769531
v 1801.40771484375 -359.2785339355469 -120.44190979003906
v 1801.816162109375 -358.3200378417969 -119.97269439697266
v 1801.4102783203125 -356.711669921875 -119.49794006347656
v 1801.00146484375 -357.66998291015625 -119.96749877929688
v 1801.4088134765625 -357.9951477050781 -119.9700927734375
v 1801.2052001953125 -357.83258056640625 -119.96879577636719
v 1801.4095458984375 -357.3534240722656 -119.73405456542969
v 1801.20654296875 -356.5491027832031 -119.49665832519531
v 1801.002197265625 -357.0282287597656 -119.73148345947266
v 1801.205810546875 -357.19085693359375 -119.73277282714844
v 1848.2926025390625 -411.9171142578125 -127.06578826904297
v 1981.5145263671875 -498.266845703125 -127.06578826904297
v 2045.6455078125 -536.7244262695312 -127.06578826904297
v 2109.301025390625 -578.6631469726562 -127.06578826904297
v 2246.633056640625 -688.3958740234375 -127.06578826904297
v 2309.328369140625 -744.1908569335938 -127.06578826904297
v 2371.885498046875 -800.1408081054688 -127.06578826904297
v 2436.11279296875 -859.39599609375 -127.06578826904297
v 2496.331787109375 -925.615478515625 -127.06578826904297
v 2526.214111328125 -964.4939575195312 -127.06578826904297
v 2142.065673828125 -482.0010681152344 -71.53462982177734
v 2526.214111328125 -957.5136108398438 -112.37076568603516
v 2526.214111328125 -949.3569946289062 -89.22357940673828
v 2526.214111328125 -943.4070434570312 -65.41350555419922
v 2526.214111328125 -935.3451538085938 -20.018198013305664
v 2526.214111328125 -926.0681762695312 25.62055778503418
v 2526.214111328125 -911.0543212890625 70.89788055419922
v 2526.214111328125 -904.4674682617188 93.41133880615234
v 2526.214111328125 -900.1436157226562 116.46663665771484
v 2526.214111328125 -899.0867919921875 139.08180236816406
v 2526.214111328125 -900.6324462890625 161.66880798339844
v 2526.214111328125 -906.9102783203125 207.2418975830078
v 2526.214111328125 -909.7666625976562 252.80670166015625
v 2526.214111328125 -912.8421630859375 298.28814697265625
v 2526.214111328125 -919.4326171875 343.6634216308594
v 2526.214111328125 -923.390380859375 389.1231384277344
v 2526.214111328125 -920.8038940429688 434.4565734863281
v 2526.214111328125 -919.6263427734375 457.0854187011719
v 2526.214111328125 -920.6336059570312 479.7225036621094
v 2526.214111328125 -924.7116088867188 502.6970520019531
v 2526.214111328125 -930.853271484375 525.2079467773438
v 2526.214111328125 -944.172119140625 570.6185302734375
v 2526.214111328125 -952.4328002929688 615.9789428710938
v 2526.214111328125 -958.128662109375 661.3114013671875
v 2526.214111328125 -962.5836791992188 706.6651000976562
v 2526.214111328125 -967.6129150390625 751.9449462890625
v 2526.214111328125 -974.4159545898438 797.2925415039062
v 2526.214111328125 -982.2102661132812 842.652099609375
v 2526.214111328125 -989.81396484375 888.0039672851562
v 2526.214111328125 -997.1913452148438 933.3912353515625
v 2526.214111328125 -1004.83740234375 978.7713623046875
v 2526.214111328125 -1012.5958862304688 1024.123046875
v 2526.214111328125 -1020.4097900390625 1069.567138671875
v 2526.214111328125 -1029.4615478515625 1114.8427734375
v 2526.214111328125 -1040.5247802734375 1160.339599609375
v 2526.214111328125 -1052.0867919921875 1205.6279296875
v 2526.214111328125 -1063.258056640625 1251.117431640625
v 2526.214111328125 -1076.04638671875 1296.2520751953125
v 2526.214111328125 -1092.2313232421875 1341.8187255859375
v 2526.214111328125 -1108.824462890625 1387.2183837890625
v 2526.214111328125 -1121.1748046875 1432.2191162109375
v 2526.214111328125 -1130.556640625 1477.8968505859375
v 2526.214111328125 -1138.0059814453125 1523.1597900390625
v 2526.214111328125 -1143.7401123046875 1568.638427734375
v 2526.214111328125 -1147.5087890625 1613.968505859375
v 2526.214111328125 -1149.785400390625 1659.3792724609375
v 2526.214111328125 -1149.9957275390625 1704.8394775390625
v 2526.214111328125 -1146.40966796875 1750.05859375
v 2526.214111328125 -1143.1395263671875 1771.4871826171875
v 2502.160400390625 -905.78662109375 -72.51555633544922
v 2476.8125 -886.141357421875 -105.51231384277344
v 2503.861083984375 -922.832763671875 -106.37036895751953
v 2500.603759765625 -880.9580078125 -5.517599582672119
v 2474.368896484375 -846.151611328125 -38.725852966308594
v 2500.982421875 -892.1602783203125 -38.96827697753906
v 2501.65576171875 -862.4633178710938 61.427215576171875
v 2501.55126953125 -848.5576782226562 128.8971710205078
v 2473.871337890625 -798.9445190429688 95.12328338623047
v 2502.129150390625 -854.79052734375 95.09199523925781
v 2470.3857421875 -781.0767822265625 263.0824890136719
v 2421.118408203125 -682.39111328125 195.73695373535156
v 2470.919677734375 -782.85791015625 195.50645446777344
v 2515.839111328125 -892.1127319335938 61.4353141784668
v 2517.137939453125 -885.2406005859375 95.08976745605469
v 2501.97607421875 -858.4598388671875 78.19662475585938
v 2516.589599609375 -888.5057373046875 78.22164916992188
v 2474.68359375 -818.161865234375 28.295114517211914
v 2500.912841796875 -871.2828979492188 28.077573776245117
v 2516.946044921875 -879.8900146484375 128.8412628173828
v 2502.015625 -851.4810791015625 112.0214614868164
v 2517.307373046875 -882.356689453125 111.98133087158203
v 2498.181396484375 -841.5071411132812 195.4269256591797
v 2471.821533203125 -786.3419799804688 162.18133544921875
v 2499.91259765625 -844.0953369140625 162.0446014404297
v 2515.07568359375 -876.369140625 162.0103759765625
v 2500.80859375 -846.096923828125 145.46205139160156
v 2516.141357421875 -877.8995971679688 145.41334533691406
v 2497.2470703125 -841.2908935546875 263.00848388671875
v 2470.50341796875 -781.0269165039062 229.2064971923828
v 2497.316650390625 -840.497802734375 229.1346435546875
v 2468.429931640625 -792.19921875 396.60809326171875
v 2418.7265625 -678.9380493164062 330.1036376953125
v 2469.17041015625 -786.0465087890625 330.05645751953125
v 2496.6494140625 -847.7372436523438 330.0097351074219
v 2470.049560546875 -783.052490234375 296.7779541015625
v 2497.20263671875 -843.9893798828125 296.7265625
v 2496.849853515625 -855.14208984375 396.5875244140625
v 2468.344482421875 -789.2555541992188 363.24322509765625
v 2496.213134765625 -851.6321411132812 363.2072448730469
v 2470.48876953125 -805.19580078125 531.6777954101562
v 2417.167236328125 -680.2283935546875 463.3916320800781
v 2471.01708984375 -797.5384521484375 463.3835754394531
v 2500.6513671875 -861.4800415039062 463.3605651855469
v 2469.67724609375 -794.8262329101562 430.17535400390625
v 2498.78564453125 -858.2592163085938 430.1536560058594
v 2513.989013671875 -892.7088623046875 430.1358947753906
v 2515.981201171875 -895.961181640625 463.3460388183594
v 2499.825439453125 -859.8031005859375 446.7320556640625
v 2515.109619140625 -894.2626342773438 446.7156982421875
v 2499.7041015625 -870.74951171875 531.6859741210938
v 2471.268798828125 -801.084228515625 497.98028564453125
v 2500.948974609375 -865.7532348632812 497.9706115722656
v 2473.61669921875 -839.0089721679688 769.959228515625
v 2417.62158203125 -686.9254150390625 644.1651611328125
v 2471.3046875 -819.3553466796875 644.2612915039062
v 2516.203857421875 -900.344970703125 497.959716796875
v 2501.067138671875 -863.4371337890625 480.3986511230469
v 2516.39111328125 -897.9609375 480.3860168457031
v 2514.675537109375 -905.496826171875 531.6774291992188
v 2500.4306640625 -868.26220703125 515.3557739257812
v 2515.563232421875 -902.93408203125 515.3462524414062
v 2498.765625 -887.6674194335938 644.2745971679688
v 2469.966552734375 -811.1992797851562 579.1293334960938
v 2498.21337890625 -878.0244750976562 579.1423950195312
v 2501.53466796875 -908.3314208984375 769.9534912109375
v 2472.783935546875 -828.5093383789062 707.6861572265625
v 2500.337890625 -897.5968627929688 707.6854858398438
v 2474.084228515625 -869.4749145507812 933.4072875976562
v 2417.509033203125 -716.0134887695312 865.17529296875
v 2474.00927734375 -856.4278564453125 865.148193359375
v 2501.835205078125 -925.5468139648438 865.1317749023438
v 2473.90576171875 -848.4264526367188 821.8925170898438
v 2501.800048828125 -917.73193359375 821.88232421875
v 2501.940673828125 -937.7993774414062 933.4014892578125
v 2474.051025390625 -862.5381469726562 897.5155029296875
v 2501.8828125 -931.3340454101562 897.4851684570312
v 2474.58203125 -901.7474975585938 1080.1148681640625
v 2417.589111328125 -748.4712524414062 1007.8795776367188
v 2474.259765625 -885.027099609375 1007.8546142578125
v 2502.10302734375 -951.9724731445312 1007.8414306640625
v 2474.14794921875 -877.0133666992188 970.4724731445312
v 2502.00341796875 -944.7132568359375 970.44091796875
v 2502.43408203125 -966.7894287109375 1080.0784912109375
v 2474.426513671875 -893.1974487304688 1044.2989501953125
v 2502.26953125 -959.2523803710938 1044.2762451171875
v 2474.3876953125 -942.8426513671875 1215.954833984375
v 2417.8037109375 -793.113037109375 1148.292236328125
v 2474.44140625 -920.5935668945312 1148.1732177734375
v 2502.25 -983.3179321289062 1148.1217041015625
v 2474.602294921875 -910.6588134765625 1114.05810546875
v 2502.447509765625 -974.6280517578125 1114.0517578125
v 2502.12841796875 -1002.655029296875 1215.9505615234375
v 2474.286865234375 -931.2770385742188 1181.9046630859375
v 2502.05029296875 -992.6433715820312 1181.8685302734375
v 2474.05224609375 -1000.9866333007812 1359.7818603515625
v 2418.225830078125 -855.2215576171875 1286.66455078125
v 2475.00146484375 -969.2442016601562 1286.6248779296875
v 2416.9697265625 -933.2981567382812 1438.9423828125
v 2473.66455078125 -1031.869384765625 1439.032470703125
v 2501.787109375 -1098.2071533203125 1523.1258544921875
v 2502.132568359375 -1110.293212890625 1636.7470703125
v 2474.30859375 -1061.777099609375 1577.30078125
v 2501.907470703125 -1105.60888671875 1577.293701171875
v 2501.361328125 -1079.8883056640625 1439.0733642578125
v 2473.919677734375 -1043.6258544921875 1480.142822265625
v 2501.662109375 -1089.9659423828125 1480.10205078125
v 2501.963623046875 -1110.337158203125 1702.4654541015625
v 2515.9296875 -1133.1253662109375 1702.426513671875
v 2501.66796875 -1106.8292236328125 1736.17626953125
v 2515.721435546875 -1130.2960205078125 1736.1650390625
v 2492.73974609375 -1085.215087890625 1771.4871826171875
v 2430.875 -984.8233642578125 1771.4871826171875
v 2365.112060546875 -887.1416015625 1771.4871826171875
v 2242.93359375 -727.6661987304688 1771.4871826171875
v 2108.95458984375 -577.97607421875 1771.4871826171875
v 2045.9866943359375 -515.2677001953125 1771.4871826171875
v 1980.9326171875 -454.7111511230469 1771.4871826171875
v 1855.9241943359375 -348.39788818359375 1771.4871826171875
v 1724.5863037109375 -250.05429077148438 1771.4871826171875
v 1661.2745361328125 -207.30154418945312 1771.4871826171875
v 1596.6859130859375 -166.40957641601562 1771.4871826171875
v 1533.3310546875 -128.68447875976562 1771.4871826171875
v 1527.74755859375 -125.46356201171875 1771.4871826171875
v 1526.927490234375 -102.00233459472656 1700.5589599609375
v 1543.0498046875 -125.68854522705078 1735.864990234375
v 1526.8944091796875 -116.15528869628906 1735.8353271484375
v 1534.9228515625 -120.87272644042969 1735.8504638671875
v 1543.044189453125 -130.73622131347656 1753.810302734375
v 1526.8795166015625 -121.28569793701172 1753.7996826171875
v 1534.9117431640625 -125.96214294433594 1753.8052978515625
v 1559.44873046875 -121.77691650390625 1700.74072265625
v 1575.841064453125 -145.51536560058594 1735.914306640625
v 1559.4678955078125 -135.53640747070312 1735.8914794921875
v 1530.883544921875 -123.6118392944336 1753.8026123046875
v 1534.904296875 -127.95454406738281 1762.671142578125
v 1526.8707275390625 -123.29711151123047 1762.66552734375
v 1530.8753662109375 -125.61376953125 1762.6683349609375
v 1525.82080078125 -122.77326202392578 1763.0594482421875
v 1524.8941650390625 -121.32544708251953 1758.8271484375
v 1523.99072265625 -119.80534362792969 1754.5748291015625
v 1523.1102294921875 -118.21056365966797 1750.2984619140625
v 1522.296630859375 -116.62926483154297 1746.2220458984375
v 1521.504150390625 -114.9810791015625 1742.12548828125
v 1520.7337646484375 -113.26885986328125 1738.015625
v 1519.264892578125 -109.66397857666016 1729.7833251953125
v 1517.9005126953125 -105.8384017944336 1721.58154296875
v 1516.65087890625 -101.8166732788086 1713.4677734375
v 1516.072509765625 -99.7401123046875 1709.4620361328125
v 1515.5267333984375 -97.62403869628906 1705.500244140625
v 1515.2666015625 -96.55220031738281 1703.5380859375
v 1515.0125732421875 -95.46048736572266 1701.5697021484375
v 1514.5286865234375 -93.23870086669922 1697.655029296875
v 1513.666259765625 -88.6690444946289 1689.9688720703125
v 1512.940673828125 -83.90137481689453 1682.4281005859375
v 1512.34716796875 -78.89936828613281 1674.9786376953125
v 1512.0986328125 -76.29901123046875 1671.2708740234375
v 1511.881591796875 -73.62625885009766 1667.5654296875
v 1511.6953125 -70.87644958496094 1663.855224609375
v 1511.5394287109375 -68.044921875 1660.13330078125
v 1511.4764404296875 -66.68351745605469 1658.376708984375
v 1511.4207763671875 -65.32704162597656 1656.64599609375
v 1511.3277587890625 -62.56439971923828 1653.17724609375
v 1511.25830078125 -59.74042510986328 1649.701904296875
v 1511.2113037109375 -56.86102294921875 1646.2239990234375
v 1511.1845703125 -53.654632568359375 1642.4212646484375
v 1511.1820068359375 -50.39672088623047 1638.6253662109375
v 1511.189453125 -48.7508544921875 1636.731689453125
v 1511.1953125 -47.92411422729492 1635.7861328125
v 1511.19873046875 -47.509849548339844 1635.3138427734375
v 1511.2005615234375 -47.302494049072266 1635.0777587890625
v 1511.2025146484375 -47.094993591308594 1634.8416748046875
v 1511.24462890625 -43.756134033203125 1631.0743408203125
v 1511.388427734375 -36.999237060546875 1623.611328125
v 1511.4874267578125 -33.59893798828125 1619.9290771484375
v 1511.6026611328125 -30.19590187072754 1616.2882080078125
v 1511.7327880859375 -26.7989444732666 1612.695556640625
v 1511.767578125 -25.95168113708496 1611.8056640625
v 1511.8038330078125 -25.088022232055664 1610.9010009765625
v 1511.87939453125 -23.35649871826172 1609.094970703125
v 1512.0418701171875 -19.899614334106445 1605.5213623046875
v 1512.2205810546875 -16.4443416595459 1601.994384765625
v 1512.632080078125 -9.506998062133789 1595.057861328125
v 1512.8675537109375 -6.0091376304626465 1591.6373291015625
v 1512.9932861328125 -4.249462127685547 1589.9365234375
v 1513.0093994140625 -4.028926849365234 1589.724365234375
v 1513.0255126953125 -3.8082573413848877 1589.51220703125
v 1513.0582275390625 -3.36651873588562 1589.0882568359375
v 1513.12451171875 -2.4814023971557617 1588.2413330078125
v 1513.4044189453125 1.0831855535507202 1584.865234375
v 1513.7083740234375 4.692312717437744 1581.503662109375
v 1514.0377197265625 8.353882789611816 1578.1510009765625
v 1514.3936767578125 12.07577896118164 1574.8016357421875
v 1514.77783203125 15.865862846374512 1571.449951171875
v 1514.980712890625 17.788925170898438 1569.771484375
v 1515.0849609375 18.757888793945312 1568.931396484375
v 1515.186279296875 19.687156677246094 1568.1290283203125
v 1515.5924072265625 23.312633514404297 1565.0296630859375
v 1516.0223388671875 26.9995174407959 1561.9239501953125
v 1516.474365234375 30.741840362548828 1558.8148193359375
v 1516.947021484375 34.533668518066406 1555.7047119140625
v 1517.4385986328125 38.36909866333008 1552.5960693359375
v 1517.94775390625 42.242252349853516 1549.49169921875
v 1518.47265625 46.14727020263672 1546.393798828125
v 1518.7406005859375 48.10989761352539 1544.84814453125
v 1518.80810546875 48.60148620605469 1544.4620361328125
v 1518.842041015625 48.847412109375 1544.2691650390625
v 1518.8758544921875 49.09342575073242 1544.076171875
v 1519.011962890625 50.07830810546875 1543.3050537109375
v 1520.1270751953125 57.995361328125 1537.1641845703125
v 1520.7193603515625 62.10441589355469 1534.01416015625
v 1520.868896484375 63.13236618041992 1533.229736328125
v 1520.9437255859375 63.64637756347656 1532.8380126953125
v 1520.9813232421875 63.90338134765625 1532.6422119140625
v 1521.018798828125 64.16036987304688 1532.446533203125
v 1521.320068359375 66.21561431884766 1530.884765625
v 1522.5382080078125 74.41130065917969 1524.7032470703125
v 1523.1522216796875 78.48302459716797 1521.6563720703125
v 1523.467041015625 80.55815124511719 1520.1087646484375
v 1523.78369140625 82.63715362548828 1518.561767578125
v 1524.41796875 86.77713012695312 1515.4912109375
v 1525.053955078125 90.89641571044922 1512.449462890625
v 1525.372802734375 92.94955444335938 1510.9384765625
v 1525.4525146484375 93.46224212646484 1510.5616455078125
v 1525.492431640625 93.71849822998047 1510.3734130859375
v 1525.512451171875 93.84661102294922 1510.279296875
v 1525.5323486328125 93.9747085571289 1510.1851806640625
v 1525.6922607421875 94.9991226196289 1509.433349609375
v 1526.3336181640625 99.09114074707031 1506.438232421875
v 1527.6285400390625 107.26097869873047 1500.4979248046875
v 1527.955322265625 109.30335998535156 1499.0211181640625
v 1528.2833251953125 111.34718322753906 1497.54638671875
v 1528.9442138671875 115.44172668457031 1494.6019287109375
v 1529.61181640625 119.54875183105469 1491.661376953125
v 1530.286865234375 123.6722183227539 1488.72216796875
v 1530.329345703125 123.93057250976562 1488.5384521484375
v 1530.371826171875 124.18901062011719 1488.354736328125
v 1530.4569091796875 124.70616149902344 1487.9871826171875
v 1530.62744140625 125.74160766601562 1487.251953125
v 1530.9700927734375 127.8172836303711 1485.780517578125
v 1531.66259765625 131.989501953125 1482.832763671875
v 1532.3651123046875 136.19290161132812 1479.8760986328125
v 1532.7203369140625 138.3075408935547 1478.3936767578125
v 1533.0731201171875 140.40036010742188 1476.9296875
v 1533.779052734375 144.56903076171875 1474.0230712890625
v 1534.48876953125 148.73341369628906 1471.1317138671875
v 1535.1976318359375 152.86831665039062 1468.272216796875
v 1535.914794921875 157.02789306640625 1465.40673828125
v 1536.6396484375 161.2093963623047 1462.5372314453125
v 1536.730712890625 161.73348999023438 1462.17822265625
v 1536.822021484375 162.25787353515625 1461.8193359375
v 1537.0047607421875 163.30743408203125 1461.101318359375
v 1537.37158203125 165.40951538085938 1459.6654052734375
v 1538.8538818359375 173.85101318359375 1453.9241943359375
v 1539.227783203125 175.9679412841797 1452.49072265625
v 1539.415283203125 177.02716064453125 1451.7742919921875
v 1539.509033203125 177.5569305419922 1451.416259765625
v 1539.60302734375 178.08676147460938 1451.0582275390625
v 1540.3563232421875 182.32704162597656 1448.1986083984375
v 1541.873046875 190.80780029296875 1442.506591796875
v 1543.4161376953125 199.36558532714844 1436.797607421875
v 1544.9652099609375 207.89031982421875 1431.1431884765625
v 1546.5450439453125 216.52212524414062 1425.44921875
v 1547.335693359375 220.81845092773438 1422.626953125
v 1547.7314453125 222.96278381347656 1421.2213134765625
v 1547.9293212890625 224.03411865234375 1420.5198974609375
v 1547.9788818359375 224.30186462402344 1420.3446044921875
v 1548.0284423828125 224.56959533691406 1420.16943359375
v 1548.12744140625 225.10496520996094 1419.8192138671875
v 1549.7166748046875 233.6619110107422 1414.238037109375
v 1550.51513671875 237.93771362304688 1411.461181640625
v 1550.9156494140625 240.07595825195312 1410.0755615234375
v 1551.1160888671875 241.14529418945312 1409.3834228515625
v 1551.2164306640625 241.68003845214844 1409.0374755859375
v 1551.31689453125 242.21485900878906 1408.6915283203125
v 1552.93212890625 250.78648376464844 1403.1650390625
v 1553.746826171875 255.08619689941406 1400.40478515625
v 1554.156005859375 257.24053955078125 1399.024658203125
v 1554.3612060546875 258.3189697265625 1398.3345947265625
v 1554.4124755859375 258.5887145996094 1398.162109375
v 1554.4638671875 258.8585205078125 1397.989501953125
v 1554.566650390625 259.3982849121094 1397.6444091796875
v 1556.2244873046875 268.0727233886719 1392.115234375
v 1557.0633544921875 272.440185546875 1389.343017578125
v 1557.485595703125 274.6324768066406 1387.954345703125
v 1557.9031982421875 276.7980041503906 1386.58447265625
v 1558.72998046875 281.0743103027344 1383.884765625
v 1559.563232421875 285.3714599609375 1381.1787109375
v 1560.4024658203125 289.6874084472656 1378.4674072265625
v 1561.2474365234375 294.0202331542969 1375.751953125
v 1561.3004150390625 294.2915344238281 1375.58203125
v 1561.3533935546875 294.5628967285156 1375.4122314453125
v 1561.45947265625 295.1058044433594 1375.072509765625
v 1561.6717529296875 296.19219970703125 1374.3929443359375
v 1562.0972900390625 298.3672790527344 1373.0335693359375
v 1562.9515380859375 302.7257385253906 1370.3140869140625
v 1564.6715087890625 311.4691162109375 1364.87548828125
v 1564.887451171875 312.5639343261719 1364.196044921875
v 1564.9954833984375 313.1114501953125 1363.8564453125
v 1565.103515625 313.6590270996094 1363.516845703125
v 1565.5362548828125 315.84979248046875 1362.1588134765625
v 1566.4033203125 320.23272705078125 1359.4459228515625
v 1568.142578125 328.99737548828125 1354.0357666015625
v 1568.5771484375 331.181640625 1352.6905517578125
v 1568.6314697265625 331.45458984375 1352.5225830078125
v 1568.685791015625 331.7275085449219 1352.3544921875
v 1568.79443359375 332.2733154296875 1352.0186767578125
v 1569.0118408203125 333.3646240234375 1351.3472900390625
v 1569.8814697265625 337.72528076171875 1348.6673583984375
v 1571.619873046875 346.4184875488281 1343.338134765625
v 1572.4898681640625 350.7572021484375 1340.684814453125
v 1573.37548828125 355.16546630859375 1337.9932861328125
v 1575.1436767578125 363.94415283203125 1332.646484375
v 1576.0269775390625 368.3175354003906 1329.9893798828125
v 1576.0821533203125 368.590576171875 1329.8236083984375
v 1576.1373291015625 368.86358642578125 1329.657958984375
v 1576.2476806640625 369.40948486328125 1329.3265380859375
v 1576.468505859375 370.5010070800781 1328.6644287109375
v 1576.91015625 372.68280029296875 1327.341552734375
v 1578.677978515625 381.3968505859375 1322.0687255859375
v 1579.5631103515625 385.7486267089844 1319.44189453125
v 1579.7845458984375 386.83624267578125 1318.7860107421875
v 1579.8953857421875 387.3800354003906 1318.4581298828125
v 1580.006103515625 387.923828125 1318.13037109375
v 1580.449462890625 390.09906005859375 1316.820068359375
v 1582.227783203125 398.8043212890625 1311.5860595703125
v 1583.1201171875 403.1620788574219 1308.9720458984375
v 1583.567138671875 405.34283447265625 1307.6654052734375
v 1583.6790771484375 405.88824462890625 1307.3387451171875
v 1583.791015625 406.43377685546875 1307.0120849609375
v 1584.0150146484375 407.5251770019531 1306.3587646484375
v 1585.8138427734375 416.2759094238281 1301.12890625
v 1586.718505859375 420.6664123535156 1298.510498046875
v 1587.172119140625 422.8660583496094 1297.199951171875
v 1587.624267578125 425.0565490722656 1295.895751953125
v 1589.427734375 433.78033447265625 1290.7095947265625
v 1591.2432861328125 442.54266357421875 1285.51220703125
v 1592.1549072265625 446.9350891113281 1282.9107666015625
v 1592.3831787109375 448.0341491699219 1282.2601318359375
v 1592.6114501953125 449.13348388671875 1281.609619140625
v 1593.0684814453125 451.3329162597656 1280.3084716796875
v 1594.8997802734375 460.1377258300781 1275.1048583984375
v 1596.7347412109375 468.94635009765625 1269.906494140625
v 1597.18701171875 471.11590576171875 1268.627197265625
v 1597.2435302734375 471.3870544433594 1268.46728515625
v 1597.2470703125 471.40399169921875 1268.457275390625
v 1597.248779296875 471.4124755859375 1268.4522705078125
v 1597.2496337890625 471.4167175292969 1268.4498291015625
v 1597.2501220703125 471.4188232421875 1268.4486083984375
v 1597.2506103515625 471.42095947265625 1268.447265625
v 1597.2576904296875 471.4549560546875 1268.42724609375
v 1597.2718505859375 471.5229187011719 1268.38720703125
v 1597.3001708984375 471.65887451171875 1268.3070068359375
v 1597.41357421875 472.20269775390625 1267.9864501953125
v 1597.640380859375 473.2901611328125 1267.345458984375
v 1598.5472412109375 477.63751220703125 1264.7835693359375
v 1600.3592529296875 486.3167724609375 1259.6727294921875
v 1602.1668701171875 494.9681091308594 1254.5821533203125
v 1603.0682373046875 499.28057861328125 1252.0458984375
v 1603.97509765625 503.6172180175781 1249.49609375
v 1605.8050537109375 512.3665161132812 1244.353515625
v 1607.6278076171875 521.0770263671875 1239.2357177734375
v 1609.444580078125 529.7565307617188 1234.137939453125
v 1611.2569580078125 538.4124145507812 1229.05517578125
v 1611.483154296875 539.4930419921875 1228.420654296875
v 1611.5963134765625 540.0332641601562 1228.103515625
v 1611.7093505859375 540.5733642578125 1227.786376953125
v 1612.1617431640625 542.7334594726562 1226.51806640625
v 1613.0660400390625 547.0514526367188 1223.9830322265625
v 1614.873291015625 555.6810913085938 1218.9169921875
v 1615.776611328125 559.9942016601562 1216.3851318359375
v 1616.679931640625 564.307373046875 1213.85302734375
v 1618.4871826171875 572.9373168945312 1208.7867431640625
v 1619.3914794921875 577.25537109375 1206.251708984375
v 1619.6175537109375 578.3352661132812 1205.6175537109375
v 1619.6317138671875 578.4027709960938 1205.5780029296875
v 1619.63525390625 578.419677734375 1205.568115234375
v 1619.6370849609375 578.4281005859375 1205.5631103515625
v 1619.637451171875 578.4302368164062 1205.5618896484375
v 1619.637939453125 578.4323120117188 1205.5606689453125
v 1619.6387939453125 578.4365844726562 1205.55810546875
v 1619.6458740234375 578.4703979492188 1205.5382080078125
v 1619.6741943359375 578.6058959960938 1205.458740234375
v 1619.73095703125 578.8767700195312 1205.2996826171875
v 1619.844482421875 579.4186401367188 1204.9815673828125
v 1620.29833984375 581.5866088867188 1203.7086181640625
v 1622.115234375 590.2642211914062 1198.613037109375
v 1623.0240478515625 594.6055908203125 1196.063232421875
v 1623.932861328125 598.9479370117188 1193.5125732421875
v 1625.7501220703125 607.6324462890625 1188.4100341796875
v 1627.537841796875 616.18017578125 1183.3856201171875
v 1628.430908203125 620.4514770507812 1180.8740234375
v 1629.3231201171875 624.7201538085938 1178.3631591796875
v 1631.1046142578125 633.2481689453125 1173.3443603515625
v 1631.54931640625 635.3779296875 1172.09033203125
v 1631.771484375 636.4424438476562 1171.4635009765625
v 1631.882568359375 636.974609375 1171.1500244140625
v 1631.99365234375 637.5067138671875 1170.836669921875
v 1632.8814697265625 641.760986328125 1168.3304443359375
v 1634.652587890625 650.2551879882812 1163.3226318359375
v 1635.5357666015625 654.4944458007812 1160.8212890625
v 1635.978759765625 656.6214599609375 1159.565673828125
v 1636.4271240234375 658.7752075195312 1158.2938232421875
v 1638.2156982421875 667.3756103515625 1153.21044921875
v 1639.996337890625 675.95263671875 1148.1322021484375
v 1641.7681884765625 684.505859375 1143.0577392578125
v 1643.530517578125 693.0341796875 1137.98583984375
v 1643.7501220703125 694.098388671875 1137.35205078125
v 1643.804931640625 694.3643798828125 1137.193603515625
v 1643.85986328125 694.63037109375 1137.03515625
v 1643.969482421875 695.1621704101562 1136.71826171875
v 1644.4078369140625 697.2885131835938 1135.4508056640625
v 1645.2823486328125 701.535888671875 1132.9161376953125
v 1647.0224609375 710.0084838867188 1127.8480224609375
v 1647.8878173828125 714.2330932617188 1125.3145751953125
v 1648.749755859375 718.4491577148438 1122.78173828125
v 1650.4625244140625 726.853759765625 1117.717529296875
v 1651.3131103515625 731.0413208007812 1115.1865234375
v 1651.7413330078125 733.1535034179688 1113.9078369140625
v 1652.1739501953125 735.28955078125 1112.6131591796875
v 1653.8931884765625 743.8072509765625 1107.43505859375
v 1654.7247314453125 747.943603515625 1104.911376953125
v 1654.931884765625 748.976318359375 1104.2802734375
v 1655.0355224609375 749.492431640625 1103.9647216796875
v 1655.138916015625 750.0084228515625 1103.649169921875
v 1655.5521240234375 752.0711669921875 1102.3865966796875
v 1656.375732421875 756.1908569335938 1099.8602294921875
v 1657.1953125 760.30322265625 1097.3316650390625
v 1658.0111083984375 764.408935546875 1094.80029296875
v 1658.4176025390625 766.4594116210938 1093.533447265625
v 1658.5191650390625 766.9718627929688 1093.216552734375
v 1658.6204833984375 767.484130859375 1092.899658203125
v 1658.8232421875 768.508544921875 1092.265625
v 1659.6317138671875 772.6033325195312 1089.726806640625
v 1660.4366455078125 776.694091796875 1087.18310546875
v 1661.23828125 780.7814331054688 1084.6339111328125
v 1661.6378173828125 782.8241577148438 1083.3570556640625
v 1662.0364990234375 784.8662719726562 1082.07861328125
v 1662.8316650390625 788.9498901367188 1079.51611328125
v 1663.6239013671875 793.0333251953125 1076.94580078125
v 1664.4132080078125 797.1174926757812 1074.36669921875
v 1665.199951171875 801.203369140625 1071.7781982421875
v 1665.2490234375 801.4588012695312 1071.6160888671875
v 1665.2735595703125 801.5864868164062 1071.534912109375
v 1665.2796630859375 801.6184692382812 1071.5146484375
v 1665.28271484375 801.6343994140625 1071.5045166015625
v 1665.2843017578125 801.6423950195312 1071.49951171875
v 1665.2850341796875 801.6463623046875 1071.4969482421875
v 1665.2857666015625 801.650390625 1071.494384765625
v 1665.2979736328125 801.714111328125 1071.4539794921875
v 1665.39599609375 802.2242431640625 1071.130126953125
v 1665.5916748046875 803.2445678710938 1070.4818115234375
v 1665.9827880859375 805.285888671875 1069.1832275390625
v 1666.7803955078125 809.4620971679688 1066.5198974609375
v 1668.3690185546875 817.8274536132812 1061.1597900390625
v 1669.1583251953125 822.0057373046875 1058.470947265625
v 1669.35498046875 823.0494384765625 1057.7982177734375
v 1669.4041748046875 823.310302734375 1057.6300048828125
v 1669.453369140625 823.5711059570312 1057.4617919921875
v 1669.551513671875 824.0926513671875 1057.1253662109375
v 1669.9437255859375 826.1771850585938 1055.7796630859375
v 1670.724853515625 830.3375854492188 1053.089111328125
v 1671.501220703125 834.4841918945312 1050.4017333984375
v 1672.272705078125 838.6143798828125 1047.72021484375
v 1672.6566162109375 840.6724243164062 1046.38232421875
v 1672.7044677734375 840.9293212890625 1046.2152099609375
v 1672.7283935546875 841.0577392578125 1046.1317138671875
v 1672.7523193359375 841.1861572265625 1046.048095703125
v 1672.8480224609375 841.6995239257812 1045.7142333984375
v 1673.0390625 842.7251586914062 1045.046875
v 1673.7996826171875 846.8120727539062 1042.385498046875
v 1674.5543212890625 850.8718872070312 1039.7391357421875
v 1675.3026123046875 854.90185546875 1037.1102294921875
v 1675.67431640625 856.90478515625 1035.80322265625
v 1675.859619140625 857.903076171875 1035.151611328125
v 1675.9520263671875 858.4013671875 1034.826416015625
v 1675.998291015625 858.6503295898438 1034.6639404296875
v 1676.0213623046875 858.7747802734375 1034.582763671875
v 1676.04443359375 858.899169921875 1034.50146484375
v 1676.7794189453125 862.8599853515625 1031.9163818359375
v 1677.5072021484375 866.780517578125 1029.3582763671875
v 1677.59765625 867.267578125 1029.04052734375
v 1677.642822265625 867.5108642578125 1028.8818359375
v 1677.6654052734375 867.6324462890625 1028.802490234375
v 1677.68798828125 867.7540283203125 1028.7232666015625
v 1677.8682861328125 868.7247314453125 1028.0902099609375
v 1678.2275390625 870.6575317382812 1026.830078125
v 1522.9080810546875 -113.8286361694336 1735.8275146484375
v 1526.8873291015625 -118.90293884277344 1744.848876953125
v 1518.9681396484375 -97.26921081542969 1700.5115966796875
v 1526.9085693359375 -109.66224670410156 1717.900390625
v 1527.156982421875 -58.25068283081055 1635.9344482421875
v 1543.1297607421875 -93.14639282226562 1668.201171875
v 1527.0025634765625 -83.15888977050781 1668.118896484375
v 1543.9632568359375 64.0055923461914 1521.4658203125
v 1576.6224365234375 -33.994102478027344 1576.4937744140625
v 1543.79833984375 -10.623509407043457 1576.6751708984375
v 1576.586669921875 312.12689208984375 1359.1240234375
v 1637.272705078125 119.504638671875 1438.362060546875
v 1576.525146484375 170.43695068359375 1438.3448486328125
v 1518.9566650390625 -101.25802612304688 1709.0791015625
v 1519.0408935546875 -78.29448699951172 1668.077880859375
v 1526.95703125 -93.24984741210938 1684.1051025390625
v 1518.9979248046875 -88.46066284179688 1684.0540771484375
v 1516.9803466796875 -96.09403991699219 1700.499755859375
v 1518.962158203125 -99.29569244384766 1704.763427734375
v 1516.974365234375 -98.12373352050781 1704.7523193359375
v 1515.0208740234375 -86.08401489257812 1684.0289306640625
v 1518.981689453125 -93.01513671875 1692.1893310546875
v 1515.0050048828125 -90.65342712402344 1692.1640625
v 1522.9442138671875 -99.62814331054688 1700.5352783203125
v 1526.9171142578125 -105.9659652709961 1709.1202392578125
v 1522.923828125 -107.31275177001953 1717.8839111328125
v 1522.93310546875 -103.60431671142578 1709.0997314453125
v 1534.947265625 -106.81478881835938 1700.60595703125
v 1543.0528564453125 -119.28771209716797 1717.964111328125
v 1534.932373046875 -114.4254379272461 1717.9326171875
v 1515.06201171875 -75.8802490234375 1668.0577392578125
v 1519.0174560546875 -83.56678771972656 1676.0391845703125
v 1515.039794921875 -81.17290496826172 1676.015625
v 1519.1778564453125 -53.14296340942383 1635.9537353515625
v 1527.069580078125 -71.44795227050781 1652.0826416015625
v 1519.1011962890625 -66.47562408447266 1652.06689453125
v 1527.5506591796875 0.6653919219970703 1576.7734375
v 1543.5635986328125 -40.697654724121094 1604.8394775390625
v 1527.361328125 -29.68878173828125 1604.98779296875
v 1515.11865234375 -64.00834655761719 1652.0589599609375
v 1519.068603515625 -72.60474395751953 1660.103515625
v 1515.0882568359375 -70.16620635986328 1660.088623046875
v 1513.0950927734375 -68.949462890625 1660.081298828125
v 1515.0745849609375 -73.0783920288086 1664.0787353515625
v 1513.06982421875 -74.67557525634766 1668.0479736328125
v 1513.0819091796875 -71.8679428100586 1664.070068359375
v 1513.1243896484375 -62.77739715576172 1652.0550537109375
v 1515.1029052734375 -67.14061737060547 1656.080810546875
v 1513.1092529296875 -65.9170150756836 1656.0751953125
v 1515.189697265625 -50.60969161987305 1635.9622802734375
v 1519.1378173828125 -59.96257019042969 1643.9991455078125
v 1515.1527099609375 -57.46320724487305 1643.999267578125
v 1519.3543701171875 -24.32857322692871 1605.05517578125
v 1527.2569580078125 -44.139060974121094 1620.0928955078125
v 1519.264404296875 -38.893550872802734 1620.1441650390625
v 1513.1927490234375 -49.34623336791992 1635.96630859375
v 1515.1708984375 -54.070064544677734 1639.974609375
v 1513.1572265625 -56.2164421081543 1643.999267578125
v 1513.1746826171875 -52.81501770019531 1639.9766845703125
v 1515.26953125 -36.293128967285156 1620.1678466796875
v 1519.2203369140625 -46.09416580200195 1627.9842529296875
v 1515.2288818359375 -43.52669906616211 1628.0008544921875
v 1512.193115234375 -48.715057373046875 1635.96826171875
v 1513.18359375 -51.08842468261719 1637.969482421875
v 1512.1754150390625 -52.188011169433594 1639.9775390625
v 1512.1842041015625 -50.45933532714844 1637.970947265625
v 1513.230224609375 -42.24641036987305 1628.0087890625
v 1515.2091064453125 -47.091949462890625 1631.9688720703125
v 1513.2113037109375 -45.820045471191406 1631.974853515625
v 1512.211181640625 -45.1846809387207 1631.977783203125
v 1513.201904296875 -47.58969497680664 1633.9677734375
v 1512.2020263671875 -46.9564208984375 1633.97021484375
v 1511.7017822265625 -46.639896392822266 1633.971435546875
v 1512.197509765625 -47.83745574951172 1634.9686279296875
v 1511.69287109375 -48.399574279785156 1635.96923828125
v 1511.6973876953125 -47.52145004272461 1634.9697265625
v 1511.4471435546875 -47.36347198486328 1634.97021484375
v 1511.695068359375 -47.9609489440918 1635.4693603515625
v 1511.4427490234375 -48.24185562133789 1635.9697265625
v 1511.4449462890625 -47.8031005859375 1635.4698486328125
v 1512.1885986328125 -49.58906936645508 1636.9691162109375
v 1511.68408203125 -50.144893646240234 1637.9716796875
v 1511.6884765625 -49.274105072021484 1636.969970703125
v 1511.45166015625 -46.48165512084961 1633.9720458984375
v 1511.6995849609375 -47.081092834472656 1634.470458984375
v 1511.4493408203125 -46.92298126220703 1634.470947265625
v 1511.7109375 -44.86711120605469 1631.979248046875
v 1512.2066650390625 -46.07210922241211 1632.9732666015625
v 1511.706298828125 -45.755062103271484 1632.974609375
v 1512.2298583984375 -41.60688400268555 1628.0125732421875
v 1513.220703125 -44.038536071777344 1629.9881591796875
v 1512.220458984375 -43.401084899902344 1629.9915771484375
v 1513.2691650390625 -34.99660110473633 1620.1790771484375
v 1515.2490234375 -39.923805236816406 1624.06494140625
v 1513.2496337890625 -38.63527297973633 1624.0745849609375
v 1515.3521728515625 -21.671829223632812 1605.0863037109375
v 1519.309326171875 -31.61849021911621 1612.4873046875
v 1515.3109130859375 -28.987878799438477 1612.5159912109375
v 1519.5174560546875 6.166881084442139 1576.819580078125
v 1527.4619140625 -14.94487190246582 1590.6746826171875
v 1519.44091796875 -9.502449035644531 1590.7381591796875
v 1527.70654296875 75.65914916992188 1521.4029541015625
v 1543.931396484375 24.873210906982422 1548.890625
v 1527.6656494140625 36.33510208129883 1548.8843994140625
v 1576.6036376953125 102.46375274658203 1479.845458984375
v 1543.9276123046875 127.5128173828125 1479.882568359375
v 1513.3087158203125 -27.67644500732422 1612.529541015625
v 1515.2901611328125 -32.64453125 1616.31591796875
v 1513.2889404296875 -31.3403377532959 1616.3284912109375
v 1512.3065185546875 -27.02146339416504 1612.5362548828125
v 1513.298828125 -29.508724212646484 1614.4222412109375
v 1512.2872314453125 -30.688953399658203 1616.3345947265625
v 1512.296875 -28.855510711669922 1614.4285888671875
v 1513.3482666015625 -20.347442626953125 1605.1011962890625
v 1515.33154296875 -25.33155632019043 1608.7735595703125
v 1513.3284912109375 -24.013391494750977 1608.7879638671875
v 1515.431640625 -6.804692268371582 1590.7677001953125
v 1519.3984375 -16.98229217529297 1597.822021484375
v 1515.3927001953125 -14.303364753723145 1597.8533935546875
v 1512.325927734375 -23.355060577392578 1608.794921875
v 1513.318603515625 -25.844684600830078 1610.6514892578125
v 1512.3162841796875 -25.18799591064453 1610.6583251953125
v 1513.4241943359375 -5.459832191467285 1590.7818603515625
v 1515.412353515625 -10.575169563293457 1594.295166015625
v 1513.386962890625 -12.967930793762207 1597.868408203125
v 1513.40576171875 -9.234837532043457 1594.3099365234375
v 1515.501953125 8.894621849060059 1576.8411865234375
v 1519.4808349609375 -1.8118047714233398 1583.75390625
v 1515.4683837890625 0.9020244479179382 1583.780029296875
v 1519.6185302734375 41.92487335205078 1548.8822021484375
v 1527.6195068359375 17.73568344116211 1562.8868408203125
v 1519.577392578125 23.28343963623047 1562.908935546875
v 1515.4503173828125 -2.9822041988372803 1587.2646484375
v 1513.4420166015625 -1.6331504583358765 1587.2781982421875
v 1513.4332275390625 -3.553561210632324 1589.02734375
v 1513.4287109375 -4.508388042449951 1589.9039306640625
v 1514.446533203125 -2.307399272918701 1587.271484375
v 1515.4410400390625 -4.900557994842529 1589.0135498046875
v 1514.42822265625 -6.131982326507568 1590.7747802734375
v 1514.4375 -4.226780414581299 1589.0205078125
v 1517.4752197265625 -0.4533917307853699 1583.76708984375
v 1519.461181640625 -5.688304901123047 1587.2366943359375
v 1517.4368896484375 -8.152055740356445 1590.7530517578125
v 1517.4564208984375 -4.333746433258057 1587.2508544921875
v 1523.53125 3.4252235889434814 1576.796875
v 1527.50830078125 -7.286004543304443 1583.69775390625
v 1523.4486083984375 -12.214436531066895 1590.70703125
v 1523.4918212890625 -4.539737224578857 1583.726318359375
v 1535.634033203125 -4.9257493019104 1576.724853515625
v 1543.68896484375 -26.118215560913086 1590.5367431640625
v 1535.42041015625 -35.139469146728516 1604.9154052734375
v 1535.5341796875 -20.477886199951172 1590.60693359375
v 1560.24951171875 -22.246891021728516 1576.578125
v 1576.3377685546875 -63.52948760986328 1604.536376953125
v 1559.6939697265625 -79.56851196289062 1635.833740234375
v 1559.9827880859375 -52.04660415649414 1604.684326171875
v 1608.1319580078125 15.735634803771973 1521.5479736328125
v 1637.032470703125 -78.98648834228516 1576.45458984375
v 1608.000732421875 -57.01459884643555 1576.4075927734375
v 1513.4150390625 -7.353184223175049 1592.54248046875
v 1513.177490234375 -4.340295314788818 1589.9056396484375
v 1513.4263916015625 -4.984523296356201 1590.3426513671875
v 1513.173095703125 -5.291874408721924 1590.7835693359375
v 1513.17529296875 -4.816497802734375 1590.3443603515625
v 1513.9354248046875 -3.8901052474975586 1589.02392578125
v 1514.432861328125 -5.181077480316162 1589.89697265625
v 1513.92626953125 -5.795841693878174 1590.7783203125
v 1513.930908203125 -4.844666957855225 1589.900390625
v 1515.422119140625 -8.69582462310791 1592.5279541015625
v 1514.409423828125 -9.904722213745117 1594.3026123046875
v 1514.4189453125 -8.024223327636719 1592.5352783203125
v 1519.419921875 -13.263893127441406 1594.2645263671875
v 1517.396240234375 -15.64130973815918 1597.837890625
v 1517.4168701171875 -11.918012619018555 1594.280029296875
v 1527.41259765625 -22.38715171813965 1597.75439453125
v 1523.35498046875 -26.99947738647461 1605.022216796875
v 1523.4027099609375 -19.67548179626465 1597.7889404296875
v 1513.419677734375 -6.408046722412109 1591.661376953125
v 1512.912841796875 -7.0178542137146 1592.5460205078125
v 1513.1820068359375 -3.385335922241211 1589.029052734375
v 1513.430908203125 -4.031406879425049 1589.4654541015625
v 1513.1798095703125 -3.8632476329803467 1589.4671630859375
v 1513.4376220703125 -2.5951995849609375 1588.152099609375
v 1515.485595703125 4.857723236083984 1580.3076171875
v 1519.5499267578125 14.510847091674805 1569.885498046875
v 1515.5318603515625 17.250934600830078 1569.9017333984375
v 1515.5174560546875 13.022449493408203 1573.3746337890625
v 1515.5450439453125 21.589035034179688 1566.4168701171875
v 1519.60009765625 32.44816207885742 1555.89794921875
v 1527.6932373046875 55.85916519165039 1534.9781494140625
v 1543.948974609375 95.4897232055664 1500.4290771484375
v 1515.53857421875 19.405960083007812 1568.1610107421875
v 1517.5679931640625 24.660579681396484 1562.914306640625
v 1519.564208984375 18.84317398071289 1566.4033203125
v 1517.54150390625 15.882336616516113 1569.8936767578125
v 1517.5552978515625 20.2175350189209 1566.41015625
v 1523.5958251953125 20.518482208251953 1562.8980712890625
v 1527.5880126953125 8.985257148742676 1569.8509521484375
v 1523.5662841796875 11.757052421569824 1569.8685302734375
v 1535.7598876953125 30.657325744628906 1548.8873291015625
v 1543.88037109375 6.356723308563232 1562.84130859375
v 1535.7103271484375 12.099302291870117 1562.8641357421875
v 1560.398193359375 52.003135681152344 1521.524169921875
v 1576.759033203125 1.1284427642822266 1548.903076171875
v 1560.3876953125 13.071673393249512 1548.897705078125
v 1519.633056640625 51.633243560791016 1541.8919677734375
v 1519.626220703125 46.75511932373047 1545.3819580078125
v 1523.6663818359375 58.68478012084961 1534.9674072265625
v 1527.6815185546875 46.022098541259766 1541.904541015625
v 1523.6396484375 39.138790130615234 1548.8831787109375
v 1523.6549072265625 48.836429595947266 1541.8980712890625
v 1535.798583984375 69.88578796386719 1521.4342041015625
v 1543.9569091796875 44.309566497802734 1535.0242919921875
v 1535.78759765625 50.1377067565918 1535.0009765625
v 1519.6297607421875 49.18882369995117 1543.635498046875
v 1527.7100830078125 91.53490447998047 1510.775390625
v 1521.643798828125 50.23674774169922 1541.8948974609375
v 1523.647705078125 43.96372604370117 1545.3856201171875
v 1521.62890625 40.533756256103516 1548.8826904296875
v 1521.6368408203125 45.3613395690918 1545.3837890625
v 1527.6451416015625 26.879268646240234 1555.8883056640625
v 1523.6201171875 29.672569274902344 1555.89306640625
v 1519.1270751953125 49.53707504272461 1543.6348876953125
v 1519.6280517578125 47.97055435180664 1544.5084228515625
v 1519.12353515625 47.103031158447266 1545.381591796875
v 1519.1253662109375 48.318634033203125 1544.5079345703125
v 1520.638427734375 50.9354362487793 1541.8934326171875
v 1521.640380859375 47.79369354248047 1543.6378173828125
v 1520.631591796875 46.05867385864258 1545.3829345703125
v 1520.6351318359375 48.491703033447266 1543.63671875
v 1521.6551513671875 60.090763092041016 1534.962158203125
v 1523.6611328125 53.74681091308594 1538.424072265625
v 1521.64990234375 55.14990997314453 1538.4197998046875
v 1523.68017578125 78.51078033447266 1521.3880615234375
v 1527.701416015625 65.76521301269531 1528.134521484375
v 1523.6746826171875 68.60313415527344 1528.1207275390625
v 1519.62255859375 44.3333854675293 1547.131103515625
v 1518.6131591796875 42.619163513183594 1548.8819580078125
v 1518.6170654296875 45.02833938598633 1547.1304931640625
v 1519.60986328125 37.15253829956055 1552.3887939453125
v 1517.58984375 33.830684661865234 1555.9002685546875
v 1519.126220703125 48.92750930786133 1544.0712890625
v 1519.6314697265625 50.40977478027344 1542.7633056640625
v 1523.6708984375 63.64025115966797 1531.53173828125
v 1521.6595458984375 65.04924011230469 1531.525634765625
v 1521.657470703125 62.56842803955078 1533.240966796875
v 1520.649658203125 60.792293548583984 1534.9595947265625
v 1521.6585693359375 63.80852127075195 1532.382568359375
v 1521.1546630859375 62.919681549072266 1533.2396240234375
v 1521.15576171875 64.15996551513672 1532.381103515625
v 1523.677734375 73.56333923339844 1524.73828125
v 1527.708984375 83.61559295654297 1516.0504150390625
v 1535.7950439453125 101.47689056396484 1500.4129638671875
v 1543.958740234375 79.77960205078125 1510.8297119140625
v 1535.799072265625 85.7105484008789 1510.8023681640625
v 1560.30615234375 115.07011413574219 1479.8636474609375
v 1576.6806640625 70.88955688476562 1500.474853515625
v 1560.3563232421875 83.27388000488281 1500.4576416015625
v 1607.892822265625 144.6433868408203 1438.3382568359375
v 1637.281005859375 53.19892883300781 1479.786376953125
v 1607.9930419921875 77.48358917236328 1479.812744140625
v 1693.658447265625 202.57310485839844 1359.03466796875
v 1751.285888671875 11.369421005249023 1438.4298095703125
v 1693.70703125 68.25274658203125 1438.4365234375
v 1522.6651611328125 64.34525299072266 1531.5286865234375
v 1523.668701171875 61.16095733642578 1533.2467041015625
v 1522.66064453125 59.388282775878906 1534.9647216796875
v 1522.6629638671875 61.865203857421875 1533.2437744140625
v 1525.68701171875 67.18663024902344 1528.1275634765625
v 1527.69775390625 60.808631896972656 1531.544189453125
v 1525.6788330078125 57.27443313598633 1534.97265625
v 1525.683349609375 62.22690200805664 1531.537841796875
v 1531.743896484375 72.78562927246094 1521.41845703125
v 1535.7947998046875 60.019203186035156 1528.163330078125
v 1531.7313232421875 53.0116081237793 1534.989501953125
v 1531.7392578125 62.90537643432617 1528.1488037109375
v 1521.1552734375 63.53973388671875 1532.8101806640625
v 1521.65625 61.329124450683594 1534.100830078125
v 1521.15234375 60.44164276123047 1534.9608154296875
v 1521.153564453125 61.6801872253418 1534.0994873046875
v 1521.652587890625 57.61750411987305 1536.6885986328125
v 1520.6444091796875 55.84999465942383 1538.417724609375
v 1520.6470947265625 58.31830596923828 1536.686279296875
v 1525.695068359375 85.05001831054688 1516.043212890625
v 1527.7080078125 79.64350891113281 1518.716064453125
v 1525.6923828125 77.08741760253906 1521.3953857421875
v 1525.6939697265625 81.07479095458984 1518.7086181640625
v 1531.74609375 88.63584899902344 1510.788818359375
v 1535.799560546875 77.81767272949219 1516.0806884765625
v 1531.7457275390625 80.72977447509766 1516.0654296875
v 1525.6964111328125 92.9759521484375 1510.7689208984375
v 1527.709716796875 87.5783920288086 1513.4041748046875
v 1525.6959228515625 89.01607513427734 1513.397216796875
v 1527.710205078125 99.44103240966797 1505.562744140625
v 1543.922119140625 161.31712341308594 1459.1060791015625
v 1576.53466796875 239.57794189453125 1398.623046875
v 1637.279541015625 395.2605895996094 1286.7454833984375
v 1525.6961669921875 90.9966049194336 1512.0810546875
v 1527.7103271484375 95.48812103271484 1508.1622314453125
v 1531.744140625 104.43048095703125 1500.4049072265625
v 1535.79736328125 93.58882141113281 1505.584716796875
v 1531.7454833984375 96.52803039550781 1505.5736083984375
v 1535.7845458984375 133.61508178710938 1479.8922119140625
v 1543.9375 111.3345947265625 1490.1510009765625
v 1535.7891845703125 117.3800048828125 1490.148681640625
v 1525.6962890625 91.98640441894531 1511.4244384765625
v 1526.7030029296875 92.25607299804688 1510.772216796875
v 1527.7099609375 89.55724334716797 1512.0877685546875
v 1526.7025146484375 88.29788208007812 1513.4007568359375
v 1526.7027587890625 90.27757263183594 1512.0843505859375
v 1529.7264404296875 90.08838653564453 1510.7821044921875
v 1531.74609375 84.6860580444336 1513.41845703125
v 1529.7255859375 82.17569732666016 1516.057861328125
v 1529.7261962890625 86.13523864746094 1513.411376953125
v 1525.696533203125 93.96530151367188 1510.1143798828125
v 1526.7032470703125 96.21102142333984 1508.1593017578125
v 1527.710205078125 93.51173400878906 1509.467041015625
v 1526.703125 94.2337646484375 1509.4638671875
v 1529.7261962890625 97.98753356933594 1505.568115234375
v 1531.7459716796875 92.58216857910156 1508.1744384765625
v 1529.7264404296875 94.03815460205078 1508.1683349609375
v 1525.696533203125 93.47064971923828 1510.4415283203125
v 1526.1998291015625 94.59429168701172 1509.4622802734375
v 1526.703125 93.24500274658203 1510.1175537109375
v 1526.19970703125 92.61617279052734 1510.7705078125
v 1526.19970703125 93.60530853271484 1510.115966796875
v 1525.57080078125 94.05525207519531 1510.114013671875
v 1525.696533203125 93.71797943115234 1510.2779541015625
v 1525.5706787109375 93.56057739257812 1510.441162109375
v 1525.5706787109375 93.80792236328125 1510.2774658203125
v 1525.9481201171875 93.78534698486328 1510.1151123046875
v 1526.19970703125 93.11076354980469 1510.443115234375
v 1525.947998046875 92.79610443115234 1510.769775390625
v 1525.9481201171875 93.2907485961914 1510.4422607421875
v 1526.702880859375 91.26695251464844 1511.427734375
v 1526.199462890625 90.63724517822266 1512.0826416015625
v 1526.1995849609375 91.6268310546875 1511.4261474609375
v 1531.740478515625 120.3629379272461 1490.1474609375
v 1535.7921142578125 109.3991470336914 1495.2724609375
v 1531.7423095703125 112.36739349365234 1495.2679443359375
v 1529.723876953125 113.84146118164062 1495.265625
v 1531.7432861328125 108.39311981201172 1497.8333740234375
v 1529.7252197265625 105.89720916748047 1500.4010009765625
v 1529.724609375 109.86351013183594 1497.830322265625
v 1535.78662109375 125.44384765625 1485.0267333984375
v 1531.73876953125 128.4412841796875 1485.02880859375
v 1543.9222412109375 144.19293212890625 1469.52685546875
v 1535.78369140625 150.3476104736328 1469.542724609375
v 1560.2735595703125 183.43142700195312 1438.3585205078125
v 1576.5504150390625 135.86500549316406 1459.048583984375
v 1560.2772216796875 148.67343139648438 1459.0745849609375
v 1531.7396240234375 124.39024353027344 1487.5888671875
v 1530.730224609375 125.1335678100586 1487.5889892578125
v 1531.739990234375 122.37380981445312 1488.8682861328125
v 1530.73095703125 121.10443115234375 1490.147216796875
v 1530.7305908203125 123.11622619628906 1488.8681640625
v 1533.7603759765625 126.94606018066406 1485.02783203125
v 1535.787841796875 121.4000244140625 1487.58837890625
v 1533.762451171875 118.87496948242188 1490.1480712890625
v 1533.7613525390625 122.89863586425781 1487.588623046875
v 1539.8489990234375 130.57627868652344 1479.8873291015625
v 1543.93212890625 119.36962127685547 1485.0225830078125
v 1539.8560791015625 114.36968231201172 1490.1497802734375
v 1539.8521728515625 122.4190902709961 1485.024658203125
v 1552.1116943359375 121.32347106933594 1479.873046875
v 1560.3302001953125 99.00404357910156 1490.154052734375
v 1552.1468505859375 89.41437530517578 1500.4443359375
v 1552.1282958984375 105.20159149169922 1490.1529541015625
v 1531.7413330078125 116.3563232421875 1492.70654296875
v 1529.72314453125 117.83407592773438 1492.705078125
v 1530.73046875 124.12418365478516 1488.2286376953125
v 1531.7391357421875 126.41260528564453 1486.3092041015625
v 1535.7835693359375 141.9165802001953 1474.7310791015625
v 1530.478271484375 124.30965423583984 1488.2286376953125
v 1530.73046875 123.62002563476562 1488.5484619140625
v 1530.4783935546875 123.30158233642578 1488.8681640625
v 1530.478271484375 123.8054428100586 1488.5484619140625
v 1531.2347412109375 124.7621078491211 1487.5889892578125
v 1531.73974609375 123.38130950927734 1488.2286376953125
v 1531.2352294921875 122.7452163696289 1488.8681640625
v 1531.2349853515625 123.75294494628906 1488.2286376953125
v 1532.75 123.6452865600586 1487.5887451171875
v 1533.761962890625 120.88401794433594 1488.868408203125
v 1532.7509765625 119.61980438232422 1490.1478271484375
v 1532.7503662109375 121.62976837158203 1488.8682861328125
v 1535.7906494140625 113.38072967529297 1492.70947265625
v 1533.764892578125 110.88677978515625 1495.2701416015625
v 1533.763671875 114.87203216552734 1492.7080078125
v 1543.9432373046875 103.38290405273438 1495.28173828125
v 1539.864501953125 98.49576568603516 1500.4210205078125
v 1539.8603515625 106.40345001220703 1495.277099609375
v 1530.7308349609375 122.10965728759766 1489.5076904296875
v 1530.2265625 121.4745864868164 1490.1470947265625
v 1530.2264404296875 122.48004913330078 1489.507568359375
v 1531.740966796875 118.35723114013672 1491.4268798828125
v 1530.7318115234375 117.09598541259766 1492.705810546875
v 1530.7314453125 119.09780883789062 1491.4263916015625
v 1535.783935546875 137.7485809326172 1477.3155517578125
v 1533.7589111328125 135.12432861328125 1479.8946533203125
v 1533.7584228515625 139.26124572753906 1477.3184814453125
v 1539.8460693359375 147.28257751464844 1469.5347900390625
v 1543.9241943359375 135.7874755859375 1474.717529296875
v 1539.846923828125 138.86434936523438 1474.724365234375
v 1552.09521484375 155.02735900878906 1459.08984375
v 1560.2882080078125 131.6458282470703 1469.4964599609375
v 1552.100341796875 137.95130920410156 1469.5113525390625
v 1543.92724609375 178.7247314453125 1448.6968994140625
v 1539.84814453125 164.4307861328125 1459.114501953125
v 1543.9215087890625 152.7095184326172 1464.31982421875
v 1539.8465576171875 155.8114013671875 1464.3282470703125
v 1537.8157958984375 165.97854614257812 1459.11865234375
v 1539.84716796875 160.1110382080078 1461.7216796875
v 1537.8138427734375 157.35330200195312 1464.33251953125
v 1537.814697265625 161.6558837890625 1461.7259521484375
v 1543.924072265625 169.99557495117188 1453.895263671875
v 1539.8509521484375 173.12062072753906 1453.903076171875
v 1552.1019287109375 189.87570190429688 1438.366943359375
v 1560.2724609375 165.9898223876953 1448.6708984375
v 1552.0958251953125 172.3896484375 1448.6834716796875
v 1560.32568359375 252.94540405273438 1398.6236572265625
v 1576.5218505859375 204.9680938720703 1418.24365234375
v 1560.2911376953125 218.1463165283203 1418.2469482421875
v 1607.838134765625 284.616943359375 1359.1160888671875
v 1637.2623291015625 186.9350128173828 1398.6107177734375
v 1607.8536376953125 212.96888732910156 1398.618896484375
v 1537.814208984375 159.50192260742188 1463.0294189453125
v 1536.798828125 158.12181091308594 1464.3345947265625
v 1536.79931640625 160.2711944580078 1463.031494140625
v 1539.84619140625 151.534423828125 1466.93310546875
v 1537.81298828125 148.81834411621094 1469.538818359375
v 1535.7841796875 154.6056365966797 1466.94140625
v 1537.813232421875 153.0732879638672 1466.937255859375
v 1536.799560546875 161.347900390625 1462.3797607421875
v 1537.815185546875 163.8148651123047 1460.4222412109375
v 1539.849365234375 168.7681427001953 1456.5078125
v 1537.30712890625 162.0410919189453 1461.7269287109375
v 1537.814453125 160.57826232910156 1462.377685546875
v 1537.306640625 159.8867645263672 1463.0303955078125
v 1537.306884765625 160.96328735351562 1462.3787841796875
v 1538.8304443359375 160.88424682617188 1461.7237548828125
v 1539.8468017578125 157.9585418701172 1463.025146484375
v 1538.8297119140625 156.58314514160156 1464.3304443359375
v 1538.830078125 158.7310333251953 1463.0272216796875
v 1541.8836669921875 162.87686157226562 1459.1102294921875
v 1543.921630859375 157.00320434570312 1461.7132568359375
v 1541.882568359375 154.26336669921875 1464.3240966796875
v 1541.8829345703125 158.56002807617188 1461.7174072265625
v 1548.0057373046875 158.18170166015625 1459.097900390625
v 1552.0970458984375 146.4434051513672 1464.3033447265625
v 1548.0081787109375 141.08154296875 1469.51904296875
v 1548.0062255859375 149.5858917236328 1464.3115234375
v 1539.852783203125 177.48570251464844 1451.30126953125
v 1543.931640625 187.4844207763672 1443.5206298828125
v 1539.851806640625 175.30174255371094 1452.6016845703125
v 1541.8896484375 180.29571533203125 1448.7003173828125
v 1543.925537109375 174.35507202148438 1451.2939453125
v 1541.8861083984375 171.56100463867188 1453.899169921875
v 1541.8876953125 175.9232940673828 1451.297607421875
v 1548.0087890625 175.56671142578125 1448.6900634765625
v 1552.0948486328125 163.68287658691406 1453.880126953125
v 1548.006591796875 166.8487091064453 1453.8875732421875
v 1539.852294921875 176.3933868408203 1451.951416015625
v 1540.869873046875 176.7052459716797 1451.2994384765625
v 1541.8868408203125 173.74073791503906 1452.597900390625
v 1540.8681640625 172.34156799316406 1453.901123046875
v 1540.868896484375 174.52198791503906 1452.599853515625
v 1543.9229736328125 165.6487579345703 1456.499755859375
v 1541.884765625 167.21136474609375 1456.5037841796875
v 1540.8719482421875 181.07904052734375 1448.7021484375
v 1541.888671875 178.1083984375 1449.9984130859375
v 1540.870849609375 178.8910369873047 1450.0001220703125
v 1543.92919921875 183.10202026367188 1446.10546875
v 1541.891845703125 184.6757354736328 1446.108642578125
v 1548.016845703125 193.07470703125 1438.3714599609375
v 1552.0982666015625 181.1273651123047 1443.50927734375
v 1548.01220703125 184.31544494628906 1443.514892578125
v 1552.1285400390625 224.6793975830078 1418.2490234375
v 1560.280029296875 200.83615112304688 1428.2100830078125
v 1552.1129150390625 207.32460021972656 1428.2147216796875
v 1552.1202392578125 216.0077362060547 1423.2119140625
v 1548.02978515625 210.54537963867188 1428.2171630859375
v 1548.0379638671875 219.23948669433594 1423.213623046875
v 1560.3065185546875 235.47366333007812 1408.4078369140625
v 1552.1483154296875 242.05201721191406 1408.4083251953125
v 1576.5574951171875 275.2413635253906 1378.956298828125
v 1560.372802734375 288.8072204589844 1378.9564208984375
v 1548.04248046875 223.58126831054688 1420.727294921875
v 1552.137939453125 233.35552978515625 1413.3173828125
v 1548.0401611328125 221.4105987548828 1421.96923828125
v 1550.0875244140625 226.30307006835938 1418.24951171875
v 1552.124267578125 220.34400939941406 1420.72607421875
v 1550.0787353515625 217.62586975097656 1423.2127685546875
v 1550.0830078125 221.96490478515625 1420.7266845703125
v 1556.2109375 221.4198455810547 1418.248046875
v 1560.2850341796875 209.49703979492188 1423.208740234375
v 1556.197509765625 204.08724975585938 1428.21240234375
v 1556.20361328125 212.7593231201172 1423.2103271484375
v 1568.4312744140625 211.56846618652344 1418.2451171875
v 1576.5211181640625 187.75022888183594 1428.2027587890625
v 1568.424072265625 176.9442901611328 1438.35107421875
v 1568.42529296875 194.3038787841797 1428.2060546875
v 1592.4405517578125 226.1985321044922 1398.6214599609375
v 1607.8680419921875 178.77259826660156 1418.24267578125
v 1592.467041015625 157.45216369628906 1438.3372802734375
v 1592.4468994140625 191.7888946533203 1418.241943359375
v 1548.0338134765625 214.8948516845703 1425.7098388671875
v 1552.1068115234375 198.6143798828125 1433.2659912109375
v 1548.0228271484375 201.82424926757812 1433.269287109375
v 1549.0672607421875 227.11322021484375 1418.249755859375
v 1550.085205078125 224.13397216796875 1419.487060546875
v 1549.0626220703125 222.77366638183594 1420.72705078125
v 1549.06494140625 224.9434356689453 1419.4874267578125
v 1552.1331787109375 229.0159149169922 1415.77978515625
v 1550.0924072265625 230.64236450195312 1415.7802734375
v 1556.228759765625 238.7699432373047 1408.4080810546875
v 1560.29833984375 226.79989624023438 1413.3162841796875
v 1556.2193603515625 230.08474731445312 1413.3167724609375
v 1568.455078125 246.2741241455078 1398.62353515625
v 1576.526611328125 222.20175170898438 1408.406494140625
v 1568.44140625 228.8495330810547 1408.4072265625
v 1548.5548095703125 225.34771728515625 1419.487548828125
v 1549.063720703125 223.8585662841797 1420.10693359375
v 1548.552490234375 223.1776123046875 1420.7271728515625
v 1548.5537109375 224.26268005371094 1420.1070556640625
v 1550.080810546875 219.7956085205078 1421.968505859375
v 1549.0582275390625 218.43325805664062 1423.213134765625
v 1549.0604248046875 220.60369873046875 1421.9688720703125
v 1552.116455078125 211.66859436035156 1425.707763671875
v 1550.071044921875 208.93724060058594 1428.2159423828125
v 1550.07470703125 213.28396606445312 1425.708740234375
v 1548.0413818359375 222.4959716796875 1421.3480224609375
v 1552.14306640625 237.70022583007812 1410.860595703125
v 1560.347900390625 270.6887512207031 1388.825439453125
v 1552.1456298828125 239.8751220703125 1409.6339111328125
v 1556.250244140625 256.26483154296875 1398.62353515625
v 1560.315673828125 244.18353271484375 1403.51318359375
v 1556.239013671875 247.4913330078125 1403.51318359375
v 1554.1885986328125 240.41293334960938 1408.408203125
v 1556.223876953125 234.42381286621094 1410.8602294921875
v 1554.1787109375 231.72207641601562 1413.317138671875
v 1554.18359375 236.06396484375 1410.8603515625
v 1554.199462890625 249.14002990722656 1403.51318359375
v 1556.2337646484375 243.1251220703125 1405.95947265625
v 1554.1939697265625 244.77096557617188 1405.9595947265625
v 1551.6383056640625 242.46115112304688 1408.4083251953125
v 1552.14697265625 240.9633026123047 1409.02099609375
v 1551.6356201171875 240.2838897705078 1409.634033203125
v 1551.636962890625 241.37225341796875 1409.0211181640625
v 1553.16845703125 241.2329864501953 1408.4083251953125
v 1554.18603515625 238.23744201660156 1409.6337890625
v 1553.163330078125 236.8826141357422 1410.8604736328125
v 1553.1658935546875 239.05679321289062 1409.6339111328125
v 1556.2445068359375 251.87057495117188 1401.0682373046875
v 1554.205322265625 253.52215576171875 1401.0682373046875
v 1560.33642578125 261.7751770019531 1393.7305908203125
v 1556.26220703125 265.1063537597656 1393.73046875
v 1568.490478515625 282.0382995605469 1378.9566650390625
v 1576.545166015625 257.2234191894531 1388.8251953125
v 1568.4716796875 263.9692687988281 1388.8255615234375
v 1592.4461669921875 298.31402587890625 1359.1220703125
v 1607.8447265625 248.1928253173828 1378.9482421875
v 1592.4415283203125 261.6499938964844 1378.95361328125
v 1607.826904296875 424.307861328125 1286.7447509765625
v 1637.2791748046875 326.0289611816406 1322.4652099609375
v 1607.8304443359375 354.0215759277344 1322.4881591796875
v 1751.353515625 270.27398681640625 1286.6807861328125
v 1693.7044677734375 336.38702392578125 1286.71435546875
v 1554.208251953125 255.71871948242188 1399.845947265625
v 1556.256103515625 260.67608642578125 1396.177978515625
v 1555.23681640625 261.5052490234375 1396.177978515625
v 1556.253173828125 258.4682312011719 1397.40087890625
v 1555.2308349609375 257.092529296875 1398.62353515625
v 1555.2337646484375 259.2966613769531 1397.40087890625
v 1558.2999267578125 263.4424133300781 1393.73046875
v 1560.3309326171875 257.3507995605469 1396.1781005859375
v 1558.2884521484375 254.60675048828125 1398.62353515625
v 1558.2940673828125 259.0151062011719 1396.177978515625
v 1564.41455078125 267.3336486816406 1388.8255615234375
v 1568.4630126953125 255.07994079589844 1393.7305908203125
v 1564.39501953125 249.6142578125 1398.6236572265625
v 1564.4044189453125 258.43212890625 1393.7305908203125
v 1554.72412109375 259.71051025390625 1397.40087890625
v 1555.2322998046875 258.1940612792969 1398.01220703125
v 1554.7210693359375 257.50604248046875 1398.62353515625
v 1554.7225341796875 258.60772705078125 1398.01220703125
v 1556.247314453125 254.06570434570312 1399.845947265625
v 1555.2249755859375 252.69683837890625 1401.0682373046875
v 1555.2279052734375 254.89268493652344 1399.845947265625
v 1560.320556640625 248.55697631835938 1401.0682373046875
v 1558.27783203125 245.83905029296875 1403.51318359375
v 1558.2830810546875 250.2154083251953 1401.0682373046875
v 1568.4478759765625 237.53594970703125 1403.5128173828125
v 1564.3785400390625 232.1659393310547 1408.407470703125
v 1564.3863525390625 240.86415100097656 1403.5130615234375
v 1554.7218017578125 258.0567626953125 1398.31787109375
v 1554.4661865234375 257.71270751953125 1398.62353515625
v 1554.4669189453125 258.2634582519531 1398.31787109375
v 1555.2293701171875 255.99209594726562 1399.2347412109375
v 1554.718017578125 255.3058319091797 1399.845947265625
v 1554.7196044921875 256.4054260253906 1399.2347412109375
v 1554.7232666015625 259.15899658203125 1397.70654296875
v 1555.2353515625 260.400390625 1396.7894287109375
v 1556.2591552734375 262.88873291015625 1394.9544677734375
v 1560.360107421875 279.70050048828125 1383.900390625
v 1576.619140625 347.3493347167969 1340.5828857421875
v 1558.31201171875 272.3619689941406 1388.8253173828125
v 1560.342041015625 266.2204895019531 1391.280029296875
v 1558.305908203125 267.8907165527344 1391.280029296875
v 1560.3538818359375 275.1819152832031 1386.36572265625
v 1564.4364013671875 285.4276123046875 1378.95654296875
v 1568.4808349609375 272.9564208984375 1383.9005126953125
v 1564.4251708984375 276.33319091796875 1383.9005126953125
v 1568.5338134765625 319.0283508300781 1359.1239013671875
v 1576.5714111328125 293.58038330078125 1369.0382080078125
v 1568.51123046875 300.4294128417969 1369.038330078125
v 1564.4605712890625 303.8440856933594 1369.0382080078125
v 1568.5006103515625 291.2007141113281 1374.0003662109375
v 1564.4482421875 294.6026916503906 1374.000244140625
v 1562.418212890625 296.30010986328125 1374.0001220703125
v 1564.4422607421875 290.0059509277344 1376.4794921875
v 1562.4056396484375 287.1188049316406 1378.95654296875
v 1562.411865234375 291.70025634765625 1376.4793701171875
v 1562.4150390625 293.99798583984375 1375.239990234375
v 1561.3958740234375 292.54638671875 1376.4793701171875
v 1564.454345703125 299.21600341796875 1371.51953125
v 1568.5223388671875 309.7100524902344 1364.0772705078125
v 1576.6024169921875 329.74432373046875 1349.805419921875
v 1592.4635009765625 368.1603088378906 1322.4910888671875
v 1607.8336181640625 319.40704345703125 1340.5780029296875
v 1592.4534912109375 333.3294677734375 1340.5828857421875
v 1561.3975830078125 293.695068359375 1375.8597412109375
v 1562.40869140625 289.4071044921875 1377.71826171875
v 1561.3895263671875 287.96337890625 1378.9564208984375
v 1561.3927001953125 290.2524719238281 1377.71826171875
v 1564.4307861328125 280.8694152832031 1381.4305419921875
v 1562.3936767578125 278.0182189941406 1383.9005126953125
v 1562.3995361328125 282.5574951171875 1381.430419921875
v 1561.9071044921875 294.4215393066406 1375.239990234375
v 1562.4134521484375 292.84857177734375 1375.8597412109375
v 1561.9039306640625 292.1234130859375 1376.4793701171875
v 1561.905517578125 293.27191162109375 1375.8597412109375
v 1563.4334716796875 295.45172119140625 1374.0001220703125
v 1564.4451904296875 292.3021240234375 1375.2401123046875
v 1563.4273681640625 290.8534240722656 1376.4794921875
v 1563.430419921875 293.150390625 1375.2401123046875
v 1566.475830078125 292.90277099609375 1374.000244140625
v 1568.4954833984375 286.6103210449219 1376.4796142578125
v 1566.46484375 283.7339782714844 1378.95654296875
v 1566.4703369140625 288.3092041015625 1376.4796142578125
v 1572.5491943359375 297.0072937011719 1369.038330078125
v 1576.564208984375 284.3778381347656 1374.0
v 1572.5318603515625 278.6419677734375 1378.95654296875
v 1572.540283203125 287.7915344238281 1374.000244140625
v 1584.565185546875 305.2150573730469 1359.12353515625
v 1592.4434814453125 279.87872314453125 1369.03564453125
v 1584.54931640625 268.43804931640625 1378.955322265625
v 1584.5567626953125 286.7230224609375 1369.0372314453125
v 1561.910400390625 296.7240295410156 1374.0001220703125
v 1562.4166259765625 295.1485290527344 1374.6201171875
v 1561.9088134765625 295.572265625 1374.6201171875
v 1566.499267578125 311.4248962402344 1364.0771484375
v 1568.5167236328125 305.06414794921875 1366.5572509765625
v 1566.4873046875 302.1378479003906 1369.0382080078125
v 1564.4669189453125 308.48516845703125 1366.5570068359375
v 1566.4931640625 306.7757873535156 1366.55712890625
v 1572.568115234375 315.58026123046875 1359.1240234375
v 1576.578857421875 302.8348388671875 1364.0772705078125
v 1572.5584716796875 306.27496337890625 1364.077392578125
v 1565.486572265625 312.281494140625 1364.0771484375
v 1566.4962158203125 309.09906005859375 1365.3170166015625
v 1565.4803466796875 307.6307678222656 1366.55712890625
v 1565.4835205078125 309.954833984375 1365.31689453125
v 1568.5279541015625 314.3653869628906 1361.5992431640625
v 1566.50537109375 316.08343505859375 1361.59912109375
v 1568.544921875 327.8572998046875 1354.455078125
v 1565.485107421875 311.11785888671875 1364.697021484375
v 1564.9769287109375 310.38250732421875 1365.31689453125
v 1564.978515625 311.5457458496094 1364.6968994140625
v 1566.5023193359375 313.75311279296875 1362.8377685546875
v 1565.48974609375 314.6104736328125 1362.8377685546875
v 1565.4881591796875 313.4457092285156 1363.4573974609375
v 1576.6368408203125 364.8776550292969 1331.4857177734375
v 1572.5872802734375 333.2225341796875 1349.80517578125
v 1576.5943603515625 320.93115234375 1354.45556640625
v 1572.5775146484375 324.39697265625 1354.4554443359375
v 1584.583984375 340.33612060546875 1340.58349609375
v 1592.449462890625 315.82696533203125 1349.80419921875
v 1584.57421875 322.78131103515625 1349.8052978515625
v 1570.57373046875 334.9596252441406 1349.804931640625
v 1572.5823974609375 328.80938720703125 1352.1275634765625
v 1570.56298828125 326.12799072265625 1354.4552001953125
v 1570.568359375 330.54345703125 1352.12744140625
v 1576.610595703125 338.55438232421875 1345.1793212890625
v 1572.5972900390625 342.04486083984375 1345.1788330078125
v 1569.5599365234375 331.4098815917969 1352.1273193359375
v 1570.565673828125 328.3355407714844 1353.290771484375
v 1569.554443359375 326.99285888671875 1354.4552001953125
v 1568.5478515625 330.0663757324219 1353.29052734375
v 1569.55712890625 329.2012023925781 1353.2906494140625
v 1572.57275390625 319.98675537109375 1356.7877197265625
v 1570.552734375 317.30511474609375 1359.1240234375
v 1568.539306640625 323.44097900390625 1356.7874755859375
v 1570.557861328125 321.7146911621094 1356.7877197265625
v 1569.055419921875 331.8428955078125 1352.1273193359375
v 1569.55859375 330.3055114746094 1352.7088623046875
v 1569.0526123046875 329.63385009765625 1353.29052734375
v 1569.053955078125 330.73834228515625 1352.708740234375
v 1569.5655517578125 335.8275451660156 1349.8048095703125
v 1570.571044921875 332.7515563964844 1350.9654541015625
v 1569.562744140625 333.61871337890625 1350.96533203125
v 1572.59228515625 337.63482666015625 1347.4886474609375
v 1570.5791015625 339.375 1347.4884033203125
v 1569.0546875 331.2906188964844 1352.41796875
v 1568.8016357421875 330.9547119140625 1352.708740234375
v 1568.8023681640625 331.50701904296875 1352.41796875
v 1569.561279296875 332.5142822265625 1351.546142578125
v 1569.056884765625 332.947509765625 1351.546142578125
v 1576.6278076171875 356.1216125488281 1336.01953125
v 1584.6060791015625 375.2677001953125 1322.4901123046875
v 1592.4581298828125 350.7582092285156 1331.4874267578125
v 1584.5946044921875 357.815673828125 1331.4871826171875
v 1592.490234375 438.9049377441406 1286.7376708984375
v 1607.8282470703125 388.81256103515625 1304.6422119140625
v 1592.4757080078125 403.1708679199219 1304.641357421875
v 1637.28369140625 466.63031005859375 1250.9122314453125
v 1607.8316650390625 496.94769287109375 1250.8729248046875
v 1576.641357421875 369.25244140625 1329.228515625
v 1580.64111328125 378.823486328125 1322.489013671875
v 1584.6002197265625 366.5406188964844 1326.9786376953125
v 1580.626220703125 361.3473815917969 1331.4866943359375
v 1580.633544921875 370.08441162109375 1326.9779052734375
v 1592.4693603515625 385.60736083984375 1313.5552978515625
v 1584.6181640625 392.764404296875 1313.5533447265625
v 1576.6390380859375 367.0652160644531 1330.3563232421875
v 1575.636474609375 365.75970458984375 1331.4854736328125
v 1578.6422119140625 371.8558654785156 1326.977294921875
v 1580.6298828125 365.7162170410156 1329.2294921875
v 1578.634033203125 363.11285400390625 1331.4862060546875
v 1578.6380615234375 367.48468017578125 1329.22900390625
v 1584.5892333984375 349.0838623046875 1336.0205078125
v 1580.6121826171875 343.84320068359375 1340.5833740234375
v 1580.6190185546875 352.60333251953125 1336.0201416015625
v 1576.63232421875 360.5010986328125 1333.749267578125
v 1576.6402587890625 368.1588439941406 1329.792236328125
v 1576.13916015625 367.5066223144531 1330.356201171875
v 1577.640380859375 368.3686828613281 1329.228759765625
v 1578.635986328125 365.2989196777344 1330.35693359375
v 1577.635986328125 363.995361328125 1331.4859619140625
v 1577.63818359375 366.1821594238281 1330.356689453125
v 1580.6226806640625 356.976806640625 1333.75
v 1578.6259765625 354.36279296875 1336.0198974609375
v 1578.6298828125 358.7392883300781 1333.7496337890625
v 1576.637939453125 365.97149658203125 1330.9208984375
v 1576.1368408203125 365.3187255859375 1331.485595703125
v 1576.137939453125 366.4127197265625 1330.9207763671875
v 1576.634521484375 362.689697265625 1332.61669921875
v 1575.6317138671875 361.3816833496094 1333.7490234375
v 1575.6341552734375 363.57098388671875 1332.616455078125
v 1577.6446533203125 372.7413330078125 1326.97705078125
v 1578.64013671875 369.6702880859375 1328.1025390625
v 1577.6424560546875 370.55499267578125 1328.1021728515625
v 1580.6373291015625 374.453125 1324.731201171875
v 1578.646484375 376.2275390625 1324.730712890625
v 1584.612060546875 384.0059509277344 1318.0166015625
v 1580.6488037109375 387.5736999511719 1318.0152587890625
v 1580.64501953125 383.1966552734375 1320.25048828125
v 1580.6468505859375 385.3846130371094 1319.132568359375
v 1584.6243896484375 401.5520935058594 1309.0955810546875
v 1592.4827880859375 420.92236328125 1295.7105712890625
v 1607.8272705078125 460.5096130371094 1268.7574462890625
v 1582.6331787109375 385.7899475097656 1318.0159912109375
v 1584.6090087890625 379.6348571777344 1320.251708984375
v 1582.6263427734375 377.0456848144531 1322.4896240234375
v 1582.6297607421875 381.41583251953125 1320.251220703125
v 1588.5565185546875 389.1846923828125 1313.5545654296875
v 1592.46630859375 376.8737487792969 1318.01806640625
v 1588.5477294921875 371.71246337890625 1322.49072265625
v 1588.552001953125 380.4384765625 1318.0174560546875
v 1600.210693359375 395.9792175292969 1304.6427001953125
v 1607.8292236328125 371.36029052734375 1313.553955078125
v 1600.2076416015625 361.0751037597656 1322.490478515625
v 1600.208984375 378.4695129394531 1313.5555419921875
v 1622.7362060546875 409.7647705078125 1286.7471923828125
v 1637.2818603515625 360.3284606933594 1304.6251220703125
v 1622.7452392578125 339.991455078125 1322.4791259765625
v 1622.74169921875 374.5416564941406 1304.6363525390625
v 1665.7984619140625 366.0129089355469 1286.7332763671875
v 1693.6917724609375 269.20172119140625 1322.3836669921875
v 1665.730224609375 230.35643005371094 1359.06494140625
v 1665.77587890625 297.856201171875 1322.427001953125
v 1580.1519775390625 388.0195617675781 1318.0150146484375
v 1580.6478271484375 386.47900390625 1318.5738525390625
v 1580.14990234375 385.8301086425781 1319.13232421875
v 1580.15087890625 386.9246826171875 1318.5736083984375
v 1582.64013671875 394.55438232421875 1313.5526123046875
v 1584.6151123046875 388.382080078125 1315.783935546875
v 1582.63671875 390.1690673828125 1315.7833251953125
v 1581.6417236328125 386.6818542480469 1318.015625
v 1582.6314697265625 383.6023254394531 1319.1331787109375
v 1581.6380615234375 382.3062744140625 1320.2508544921875
v 1581.639892578125 384.4935302734375 1319.1329345703125
v 1584.627685546875 405.959716796875 1306.8671875
v 1588.56591796875 406.773681640625 1304.6400146484375
v 1592.4725341796875 394.3700866699219 1309.0980224609375
v 1588.5611572265625 397.9600830078125 1309.096923828125
v 1584.6260986328125 403.754638671875 1307.9813232421875
v 1583.6365966796875 402.45013427734375 1309.0950927734375
v 1583.6383056640625 404.6534423828125 1307.98095703125
v 1586.6014404296875 408.5758361816406 1304.63916015625
v 1588.5634765625 402.3615417480469 1306.8687744140625
v 1586.5958251953125 399.7559814453125 1309.0963134765625
v 1586.5986328125 404.1605529785156 1306.8680419921875
v 1588.575927734375 424.5513610839844 1295.7086181640625
v 1592.479248046875 412.0186462402344 1300.180419921875
v 1588.57080078125 415.63446044921875 1300.1788330078125
v 1600.2154541015625 431.5989685058594 1286.7418212890625
v 1607.8275146484375 406.4477844238281 1295.714111328125
v 1600.212890625 413.6748352050781 1295.713134765625
v 1584.621337890625 397.1540222167969 1311.3240966796875
v 1584.134033203125 406.4095153808594 1306.866943359375
v 1584.6268310546875 404.85687255859375 1307.42431640625
v 1584.13232421875 404.20404052734375 1307.9810791015625
v 1584.1331787109375 405.30645751953125 1307.424072265625
v 1585.6138916015625 405.0601501464844 1306.8675537109375
v 1586.59716796875 401.9570007324219 1307.982177734375
v 1585.61083984375 400.6540222167969 1309.095947265625
v 1585.6123046875 402.8558349609375 1307.9818115234375
v 1588.558837890625 393.56817626953125 1311.3253173828125
v 1586.59033203125 390.9743957519531 1313.553955078125
v 1586.593017578125 395.3609619140625 1311.32470703125
v 1588.5733642578125 420.0853271484375 1297.9451904296875
v 1592.4864501953125 429.88653564453125 1291.228759765625
v 1600.2222900390625 467.9356384277344 1268.75048828125
v 1607.82666015625 442.3487854003906 1277.7508544921875
v 1600.2186279296875 449.70660400390625 1277.745849609375
v 1622.7340087890625 481.797607421875 1250.8922119140625
v 1637.276611328125 430.83294677734375 1268.7823486328125
v 1622.7315673828125 445.6653137207031 1268.7705078125
v 1665.9361572265625 506.1152038574219 1215.8006591796875
v 1693.68994140625 405.1401062011719 1250.991455078125
v 1665.812744140625 436.0223388671875 1250.9527587890625
v 1592.4921875 443.4320373535156 1284.489501953125
v 1596.37255859375 453.3888854980469 1277.7430419921875
v 1600.2169189453125 440.63372802734375 1282.245361328125
v 1596.3671875 435.250244140625 1286.7398681640625
v 1596.369873046875 444.3004150390625 1282.242919921875
v 1637.605712890625 608.4554443359375 1181.6658935546875
v 1594.4354248046875 446.1348571777344 1282.24169921875
v 1596.3685302734375 439.7700500488281 1284.491943359375
v 1594.4322509765625 437.0772705078125 1286.73876953125
v 1594.433837890625 441.60076904296875 1284.4908447265625
v 1600.214111328125 422.6100769042969 1291.232177734375
v 1596.3624267578125 417.296142578125 1295.7120361328125
v 1596.36474609375 426.2462158203125 1291.230712890625
v 1594.4388427734375 455.2308044433594 1277.7415771484375
v 1596.3712158203125 448.8403625488281 1279.9931640625
v 1594.4371337890625 450.67852783203125 1279.9918212890625
v 1600.2203369140625 458.809814453125 1273.2464599609375
v 1596.37548828125 462.50787353515625 1273.2432861328125
v 1607.828857421875 478.72955322265625 1259.789794921875
v 1593.467529296875 451.5977478027344 1279.9910888671875
v 1594.436279296875 448.4055480957031 1281.1168212890625
v 1593.4656982421875 447.05224609375 1282.240966796875
v 1593.466552734375 449.3238525390625 1281.1160888671875
v 1598.303955078125 469.7925109863281 1268.7486572265625
v 1600.2213134765625 463.3703918457031 1270.9979248046875
v 1598.301513671875 460.6586608886719 1273.244873046875
v 1598.302734375 465.2232360839844 1270.9962158203125
v 1600.2244873046875 477.0762939453125 1264.260986328125
v 1604.0382080078125 464.22235107421875 1268.7540283203125
v 1607.826904296875 451.4179992675781 1273.2525634765625
v 1604.0362548828125 446.0265808105469 1277.7484130859375
v 1604.0372314453125 455.11322021484375 1273.24951171875
v 1615.327880859375 453.0860900878906 1268.76416015625
v 1622.7333984375 427.6572265625 1277.7586669921875
v 1615.3311767578125 417.03045654296875 1286.7464599609375
v 1615.3291015625 434.9992980957031 1277.755126953125
v 1600.223388671875 472.5046081542969 1266.5047607421875
v 1598.3052978515625 474.365478515625 1266.5028076171875
v 1604.041015625 482.4773254394531 1259.7855224609375
v 1607.827880859375 469.6159973144531 1264.2689208984375
v 1604.03955078125 473.3462829589844 1264.2650146484375
v 1615.3302001953125 489.3761291503906 1250.8824462890625
v 1622.7315673828125 463.7313537597656 1259.8070068359375
v 1615.328125 471.23150634765625 1259.79833984375
v 1622.7845458984375 553.8627319335938 1215.7576904296875
v 1637.311279296875 502.32757568359375 1233.26904296875
v 1622.7496337890625 517.8152465820312 1233.2518310546875
v 1598.3045654296875 472.07861328125 1267.6256103515625
v 1597.3421630859375 470.72100830078125 1268.747802734375
v 1598.3033447265625 467.5073547363281 1269.872314453125
v 1597.3406982421875 466.1497802734375 1270.995361328125
v 1597.3414306640625 468.43487548828125 1269.871337890625
v 1597.34228515625 471.2926940917969 1268.4669189453125
v 1597.823974609375 472.5433349609375 1267.6251220703125
v 1598.3043212890625 470.9354553222656 1268.1871337890625
v 1597.8232421875 470.2567443847656 1268.748291015625
v 1597.8236083984375 471.3999328613281 1268.1866455078125
v 1599.26513671875 473.43505859375 1266.5037841796875
v 1600.2227783203125 470.2197265625 1267.62744140625
v 1599.2640380859375 468.86407470703125 1268.7496337890625
v 1599.2645263671875 471.1491394042969 1267.62646484375
v 1602.1353759765625 475.2113342285156 1264.2630615234375
v 1604.038818359375 468.7829284667969 1266.508544921875
v 1602.1336669921875 466.07891845703125 1268.7523193359375
v 1602.134521484375 470.64373779296875 1266.506591796875
v 1597.341796875 469.57781982421875 1269.3095703125
v 1597.3421630859375 471.0068359375 1268.607421875
v 1597.2218017578125 470.8370666503906 1268.7476806640625
v 1597.2218017578125 471.1229248046875 1268.6072998046875
v 1597.5831298828125 471.6321716308594 1268.1864013671875
v 1597.823486328125 470.82830810546875 1268.4674072265625
v 1597.582763671875 470.4888610839844 1268.748046875
v 1597.5828857421875 471.06048583984375 1268.4671630859375
v 1598.3035888671875 468.6498107910156 1269.3104248046875
v 1597.8226318359375 467.9710998535156 1269.871826171875
v 1597.8228759765625 469.1138000488281 1269.3099365234375
v 1600.2218017578125 465.6524963378906 1269.8740234375
v 1599.262939453125 464.2967834472656 1270.9970703125
v 1599.263427734375 466.57989501953125 1269.8731689453125
v 1604.0377197265625 459.6654357910156 1271.001220703125
v 1602.1322021484375 456.9613342285156 1273.248046875
v 1602.1329345703125 461.5177917480469 1270.99951171875
v 1597.3419189453125 470.1493835449219 1269.0286865234375
v 1597.10107421875 469.809814453125 1269.309326171875
v 1597.1011962890625 470.3814392089844 1269.0284423828125
v 1597.2821044921875 471.3507385253906 1268.4669189453125
v 1597.34228515625 471.1497497558594 1268.5372314453125
v 1597.281982421875 471.06488037109375 1268.6072998046875
v 1597.2821044921875 471.2077941894531 1268.537109375
v 1597.3424072265625 471.57855224609375 1268.3265380859375
v 1607.836181640625 515.1176147460938 1242.025146484375
v 1597.462646484375 471.1766052246094 1268.467041015625
v 1597.5828857421875 470.7746887207031 1268.607666015625
v 1597.46240234375 470.6049499511719 1268.7479248046875
v 1597.4625244140625 470.8907470703125 1268.6075439453125
v 1597.8231201171875 469.68524169921875 1269.029052734375
v 1597.5823974609375 469.3457946777344 1269.309814453125
v 1597.58251953125 469.91729736328125 1269.0289306640625
v 1597.2520751953125 471.3797607421875 1268.4669189453125
v 1597.2821044921875 471.2792663574219 1268.501953125
v 1597.251953125 471.23681640625 1268.537109375
v 1597.2520751953125 471.30828857421875 1268.501953125
v 1597.34228515625 471.43560791015625 1268.396728515625
v 1597.2822265625 471.49365234375 1268.396728515625
v 1597.4627685546875 471.748291015625 1268.186279296875
v 1597.5830078125 471.3463439941406 1268.3267822265625
v 1597.4627685546875 471.4624328613281 1268.32666015625
v 1597.58349609375 472.77569580078125 1267.6248779296875
v 1597.82373046875 471.97161865234375 1267.9058837890625
v 1597.583251953125 472.20391845703125 1267.9056396484375
v 1598.304931640625 473.2219543457031 1267.064208984375
v 1597.8243408203125 473.6869201660156 1267.063720703125
v 1597.2520751953125 471.3440246582031 1268.484375
v 1597.2821044921875 471.4222106933594 1268.4317626953125
v 1597.2520751953125 471.4154968261719 1268.4493408203125
v 1597.2520751953125 471.3976135253906 1268.4581298828125
v 1597.26708984375 471.43670654296875 1268.4317626953125
v 1597.2821044921875 471.386474609375 1268.4493408203125
v 1597.26708984375 471.365234375 1268.4669189453125
v 1597.26708984375 471.4009704589844 1268.4493408203125
v 1597.312255859375 471.4646301269531 1268.396728515625
v 1597.34228515625 471.3641357421875 1268.431884765625
v 1597.312255859375 471.32171630859375 1268.4669189453125
v 1597.312255859375 471.3931884765625 1268.431884765625
v 1597.402587890625 471.5205078125 1268.32666015625
v 1597.462646484375 471.31951904296875 1268.3968505859375
v 1597.4024658203125 471.2346496582031 1268.467041015625
v 1597.4024658203125 471.3775634765625 1268.3968505859375
v 1597.2520751953125 471.40655517578125 1268.4537353515625
v 1597.259521484375 471.4082336425781 1268.4493408203125
v 1597.26708984375 471.38311767578125 1268.4581298828125
v 1597.259521484375 471.37249755859375 1268.4669189453125
v 1597.259521484375 471.390380859375 1268.4581298828125
v 1597.2821044921875 471.31500244140625 1268.4844970703125
v 1597.26708984375 471.29376220703125 1268.501953125
v 1597.26708984375 471.3294982910156 1268.4844970703125
v 1597.34228515625 471.2212219238281 1268.5020751953125
v 1597.3121337890625 471.17877197265625 1268.537109375
v 1597.3121337890625 471.250244140625 1268.5020751953125
v 1597.4625244140625 471.0336608886719 1268.5372314453125
v 1597.40234375 470.94879150390625 1268.607421875
v 1597.4024658203125 471.0917053222656 1268.5372314453125
v 1597.2520751953125 471.4110107421875 1268.4515380859375
v 1597.2501220703125 471.4083557128906 1268.4537353515625
v 1597.2501220703125 471.412841796875 1268.4515380859375
v 1597.2520751953125 471.4244079589844 1268.4449462890625
v 1597.2596435546875 471.4439697265625 1268.4317626953125
v 1597.26708984375 471.4188537597656 1268.4405517578125
v 1597.259521484375 471.42608642578125 1268.4405517578125
v 1597.2821044921875 471.45794677734375 1268.414306640625
v 1597.26708984375 471.4724426269531 1268.4141845703125
v 1597.255859375 471.411865234375 1268.4493408203125
v 1597.259521484375 471.3992919921875 1268.4537353515625
v 1597.255859375 471.39398193359375 1268.4581298828125
v 1597.255859375 471.4029235839844 1268.4537353515625
v 1597.2520751953125 471.4199523925781 1268.4471435546875
v 1597.255859375 471.4297180175781 1268.4405517578125
v 1597.259521484375 471.41717529296875 1268.4449462890625
v 1597.255859375 471.4208068847656 1268.4449462890625
v 1604.044921875 500.73004150390625 1250.8681640625
v 1607.830078125 487.8426513671875 1255.323486328125
v 1604.0428466796875 491.6078186035156 1255.31884765625
v 1607.833740234375 506.03863525390625 1246.4405517578125
v 1615.3419189453125 525.544921875 1233.2431640625
v 1622.73974609375 499.81988525390625 1242.044189453125
v 1615.3345947265625 507.47454833984375 1242.0345458984375
v 1622.7642822265625 535.8180541992188 1224.49609375
v 1615.3526611328125 543.6233520507812 1224.48828125
v 1637.46728515625 573.09716796875 1198.739501953125
v 1693.920654296875 541.1953735351562 1181.9488525390625
v 1666.2720947265625 574.8939208984375 1181.8017578125
v 1615.346923828125 534.5808715820312 1228.8623046875
v 1611.6041259765625 529.4039916992188 1233.23876953125
v 1611.6083984375 538.4578857421875 1228.8582763671875
v 1611.606201171875 533.930419921875 1231.0474853515625
v 1615.337890625 516.510986328125 1237.633056640625
v 1611.597412109375 511.2977600097656 1242.02978515625
v 1611.6004638671875 520.3521728515625 1237.62841796875
v 1611.6072998046875 536.1939697265625 1229.95263671875
v 1615.3594970703125 552.6768798828125 1220.1182861328125
v 1622.8104248046875 571.5159912109375 1207.242919921875
v 1613.48046875 536.52001953125 1228.8603515625
v 1615.3443603515625 530.0623779296875 1231.0517578125
v 1613.4759521484375 527.4749755859375 1233.240966796875
v 1613.4781494140625 531.9969482421875 1231.0496826171875
v 1619.0694580078125 539.7229614257812 1224.4921875
v 1622.7562255859375 526.8135986328125 1228.87060546875
v 1619.056884765625 521.6817626953125 1233.2474365234375
v 1619.0626220703125 530.6991577148438 1228.866455078125
v 1630.117431640625 545.9608154296875 1215.765380859375
v 1637.336181640625 520.169677734375 1224.5111083984375
v 1630.0709228515625 510.074462890625 1233.260498046875
v 1630.0904541015625 527.998046875 1224.503662109375
v 1651.7928466796875 522.0582275390625 1215.7872314453125
v 1665.852783203125 471.06842041015625 1233.30224609375
v 1651.675048828125 451.31365966796875 1250.9324951171875
v 1651.7137451171875 486.6794128417969 1233.2860107421875
v 1615.3497314453125 539.1010131835938 1226.6746826171875
v 1613.483154296875 541.0447387695312 1226.672607421875
v 1611.6090087890625 539.5900268554688 1228.3111572265625
v 1613.4818115234375 538.7821044921875 1227.7662353515625
v 1612.545166015625 537.4891357421875 1228.8592529296875
v 1612.54638671875 539.7523193359375 1227.7652587890625
v 1612.0782470703125 540.2373657226562 1227.7647705078125
v 1612.5457763671875 538.6206665039062 1228.312255859375
v 1612.0770263671875 537.9735717773438 1228.8587646484375
v 1612.07763671875 539.1054077148438 1228.3116455078125
v 1613.479248046875 534.25830078125 1229.9547119140625
v 1612.5428466796875 532.9638061523438 1231.048583984375
v 1612.5439453125 535.226318359375 1229.9537353515625
v 1619.0867919921875 557.8071899414062 1215.75390625
v 1622.773681640625 544.8330078125 1220.1258544921875
v 1619.0775146484375 548.7574462890625 1220.1220703125
v 1619.1087646484375 575.5009765625 1207.2381591796875
v 1622.7967529296875 562.6783447265625 1211.5015869140625
v 1619.09716796875 566.6427612304688 1211.4974365234375
v 1630.195068359375 581.192138671875 1198.7249755859375
v 1637.4132080078125 555.529052734375 1207.261962890625
v 1630.15185546875 563.5297241210938 1207.25244140625
v 1652.1064453125 591.6556396484375 1181.7310791015625
v 1666.0743408203125 540.4058837890625 1198.802001953125
v 1651.92236328125 556.72802734375 1198.770263671875
v 1622.825927734375 580.3794555664062 1202.9794921875
v 1637.7772216796875 643.9788818359375 1164.59521484375
v 1620.9765625 582.3834228515625 1202.9766845703125
v 1622.8179931640625 575.9443359375 1205.1119384765625
v 1620.9622802734375 573.50927734375 1207.2406005859375
v 1620.96923828125 577.9429321289062 1205.109375
v 1626.5291748046875 585.2333374023438 1198.718017578125
v 1630.17236328125 572.3488159179688 1202.990966796875
v 1626.4913330078125 567.5252075195312 1207.2476806640625
v 1626.50927734375 576.3667602539062 1202.985107421875
v 1630.3060302734375 616.7540283203125 1181.636474609375
v 1637.53173828125 590.745849609375 1190.2054443359375
v 1630.246826171875 598.9407958984375 1190.183837890625
v 1620.0428466796875 578.941650390625 1205.1080322265625
v 1620.9656982421875 575.7252197265625 1206.1751708984375
v 1620.0361328125 574.5053100585938 1207.2393798828125
v 1620.0394287109375 576.7225952148438 1206.1739501953125
v 1622.8033447265625 567.0941772460938 1209.3726806640625
v 1620.9495849609375 564.6612548828125 1211.49951171875
v 1619.102783203125 571.0687866210938 1209.3682861328125
v 1620.9556884765625 569.0822143554688 1209.3704833984375
v 1630.133544921875 554.7349243164062 1211.5098876953125
v 1626.4613037109375 549.9136352539062 1215.7615966796875
v 1626.475341796875 558.708740234375 1211.5057373046875
v 1620.0411376953125 577.8319091796875 1205.6409912109375
v 1619.575927734375 577.2211303710938 1206.17333984375
v 1620.9727783203125 580.162353515625 1204.043212890625
v 1620.0419921875 578.38671875 1205.37451171875
v 1619.809326171875 578.0813598632812 1205.6407470703125
v 1619.8101806640625 578.63623046875 1205.374267578125
v 1620.0445556640625 580.0517578125 1204.574951171875
v 1620.5062255859375 578.4423217773438 1205.108642578125
v 1620.9674072265625 576.8338623046875 1205.642333984375
v 1620.502685546875 576.2239990234375 1206.174560546875
v 1620.50439453125 577.3329467773438 1205.6416015625
v 1621.894287109375 576.94384765625 1205.110595703125
v 1622.814208984375 573.7293090820312 1206.1776123046875
v 1621.886962890625 572.5128173828125 1207.24169921875
v 1621.890625 574.7274780273438 1206.1763916015625
v 1624.670166015625 578.3738403320312 1202.9822998046875
v 1626.5001220703125 571.9426879882812 1205.1170654296875
v 1624.6534423828125 569.521240234375 1207.2452392578125
v 1624.66162109375 573.9442138671875 1205.114501953125
v 1619.809814453125 578.3587646484375 1205.5074462890625
v 1619.6934814453125 578.2060546875 1205.6405029296875
v 1619.69384765625 578.4835205078125 1205.50732421875
v 1620.040283203125 577.2772216796875 1205.907470703125
v 1619.8077392578125 576.9718627929688 1206.173583984375
v 1619.57666015625 577.77587890625 1205.9068603515625
v 1619.80859375 577.5265502929688 1205.9071044921875
v 1620.037841796875 575.61376953125 1206.7066650390625
v 1619.5726318359375 575.003173828125 1207.23876953125
v 1619.57421875 576.1119384765625 1206.7060546875
v 1620.958984375 571.294921875 1208.3056640625
v 1620.0299072265625 570.07568359375 1209.369384765625
v 1619.105712890625 573.2840576171875 1208.303466796875
v 1620.032958984375 572.2897338867188 1208.3045654296875
v 1619.6937255859375 578.3447875976562 1205.573974609375
v 1619.635498046875 578.2683715820312 1205.6405029296875
v 1619.6357421875 578.4071044921875 1205.5738525390625
v 1619.8089599609375 577.803955078125 1205.77392578125
v 1619.692626953125 577.6512451171875 1205.906982421875
v 1619.5771484375 578.0532836914062 1205.773681640625
v 1619.6929931640625 577.9286499023438 1205.7738037109375
v 1619.6356201171875 578.3377685546875 1205.607177734375
v 1619.6932373046875 578.0673217773438 1205.7071533203125
v 1619.6351318359375 577.990966796875 1205.773681640625
v 1619.63525390625 578.1296997070312 1205.7071533203125
v 1619.6356201171875 578.3724365234375 1205.590576171875
v 1619.694091796875 578.6222534179688 1205.440673828125
v 1620.043701171875 579.4966430664062 1204.841552734375
v 1620.509765625 580.6624145507812 1204.04248046875
v 1620.970947265625 579.0524291992188 1204.5762939453125
v 1620.5079345703125 579.5521850585938 1204.57568359375
v 1621.90185546875 581.3816528320312 1202.9781494140625
v 1622.8218994140625 578.1610717773438 1204.0458984375
v 1621.89794921875 579.1619262695312 1204.0445556640625
v 1619.6646728515625 578.3759765625 1205.5738525390625
v 1619.693603515625 578.275390625 1205.6072998046875
v 1619.6644287109375 578.2372436523438 1205.6405029296875
v 1619.66455078125 578.3065795898438 1205.607177734375
v 1619.7518310546875 578.421142578125 1205.5074462890625
v 1619.8095703125 578.2200317382812 1205.5740966796875
v 1619.75146484375 578.1436767578125 1205.640625
v 1619.7515869140625 578.2824096679688 1205.573974609375
v 1619.9261474609375 578.511474609375 1205.3743896484375
v 1620.0416259765625 578.1093139648438 1205.5078125
v 1619.92529296875 577.9566040039062 1205.640869140625
v 1619.9256591796875 578.2340087890625 1205.5076904296875
v 1620.2745361328125 578.6920166015625 1205.1083984375
v 1620.50537109375 577.8875732421875 1205.375244140625
v 1620.2728271484375 577.5824584960938 1205.641357421875
v 1620.273681640625 578.1371459960938 1205.3748779296875
v 1619.6649169921875 578.5147094726562 1205.50732421875
v 1619.6937255859375 578.4141235351562 1205.5406494140625
v 1619.664794921875 578.4453125 1205.5406494140625
v 1619.6502685546875 578.4608764648438 1205.54052734375
v 1619.664794921875 578.41064453125 1205.5572509765625
v 1619.650146484375 578.3915405273438 1205.5738525390625
v 1619.6502685546875 578.4262084960938 1205.5572509765625
v 1619.6429443359375 578.4340209960938 1205.5572509765625
v 1619.6502685546875 578.4088745117188 1205.5655517578125
v 1619.6429443359375 578.3993530273438 1205.5738525390625
v 1619.6429443359375 578.4166870117188 1205.5655517578125
v 1619.6646728515625 578.3412475585938 1205.590576171875
v 1619.650146484375 578.3221435546875 1205.607177734375
v 1619.650146484375 578.3568725585938 1205.590576171875
v 1619.639404296875 578.4379272460938 1205.5572509765625
v 1619.6429443359375 578.4253540039062 1205.5614013671875
v 1619.639404296875 578.4205932617188 1205.5655517578125
v 1619.639404296875 578.4292602539062 1205.5614013671875
v 1619.6502685546875 578.4435424804688 1205.5489501953125
v 1619.64306640625 578.4513549804688 1205.5489501953125
v 1619.664794921875 578.47998046875 1205.52392578125
v 1619.6939697265625 578.5528564453125 1205.4739990234375
v 1619.7523193359375 578.6986083984375 1205.3741455078125
v 1619.81005859375 578.4974975585938 1205.44091796875
v 1619.7520751953125 578.5598754882812 1205.4407958984375
v 1619.639404296875 578.4249267578125 1205.5634765625
v 1619.6375732421875 578.4225463867188 1205.5655517578125
v 1619.6375732421875 578.4268798828125 1205.5634765625
v 1619.6429443359375 578.4080200195312 1205.5697021484375
v 1619.6392822265625 578.4032592773438 1205.5738525390625
v 1619.6392822265625 578.4119262695312 1205.5697021484375
v 1619.650146484375 578.3742065429688 1205.5821533203125
v 1619.6429443359375 578.3646240234375 1205.590576171875
v 1619.6356201171875 578.3897705078125 1205.5821533203125
v 1619.6429443359375 578.3820190429688 1205.5821533203125
v 1619.639404296875 578.43359375 1205.559326171875
v 1619.64306640625 578.4426879882812 1205.5531005859375
v 1626.574462890625 603.0303344726562 1190.173583984375
v 1630.219970703125 590.0570678710938 1194.4556884765625
v 1626.5509033203125 594.1221313476562 1194.4471435546875
v 1630.2755126953125 607.8406982421875 1185.9105224609375
v 1637.6878662109375 626.2063598632812 1173.1270751953125
v 1652.5950927734375 661.8477783203125 1147.668212890625
v 1666.518798828125 609.51611328125 1164.79345703125
v 1652.33447265625 626.734375 1164.689453125
v 1630.3382568359375 625.6780395507812 1177.3629150390625
v 1634.0400390625 630.4114990234375 1173.1083984375
v 1637.6458740234375 617.3269653320312 1177.39599609375
v 1633.9658203125 612.6074829101562 1181.65087890625
v 1634.0020751953125 621.5054931640625 1177.379150390625
v 1645.1004638671875 635.3609619140625 1164.6407470703125
v 1652.2156982421875 609.1834106445312 1173.208984375
v 1644.8975830078125 600.05712890625 1181.6976318359375
v 1644.9947509765625 617.6978149414062 1173.1668701171875
v 1632.20849609375 632.5116577148438 1173.099365234375
v 1634.0208740234375 625.9577026367188 1175.2435302734375
v 1632.172607421875 623.5926513671875 1177.3709716796875
v 1632.1903076171875 628.0513305664062 1175.2349853515625
v 1637.731689453125 635.0911254882812 1168.85986328125
v 1634.07958984375 639.32275390625 1168.8397216796875
v 1637.87255859375 661.7535400390625 1156.076416015625
v 1634.0595703125 634.8666381835938 1170.9737548828125
v 1632.2269287109375 636.9733276367188 1170.96435546875
v 1632.2176513671875 634.7423706054688 1172.0318603515625
v 1632.2222900390625 635.8578491210938 1171.498046875
v 1637.82421875 652.8670654296875 1160.3338623046875
v 1645.3319091796875 670.6891479492188 1147.6185302734375
v 1652.46142578125 644.2937622070312 1156.17529296875
v 1645.2132568359375 653.0292358398438 1156.1241455078125
v 1653.168212890625 731.748046875 1113.712890625
v 1667.1121826171875 678.7947387695312 1130.7664794921875
v 1652.8768310546875 696.8870849609375 1130.6759033203125
v 1633.1439208984375 635.9202270507812 1170.9691162109375
v 1634.0496826171875 632.638916015625 1172.041015625
v 1633.1248779296875 631.4617919921875 1173.1038818359375
v 1633.13427734375 633.6908569335938 1172.036376953125
v 1635.908203125 637.2077026367188 1168.8497314453125
v 1637.7095947265625 630.648193359375 1170.9931640625
v 1635.866455078125 628.3096313476562 1173.11767578125
v 1635.8870849609375 632.7581787109375 1170.9833984375
v 1641.44970703125 639.6719360351562 1164.6175537109375
v 1645.046630859375 626.5276489257812 1168.9029541015625
v 1641.3519287109375 621.9537353515625 1173.1466064453125
v 1641.39990234375 630.8112182617188 1168.8809814453125
v 1634.0694580078125 637.0946044921875 1169.90673828125
v 1633.153564453125 638.1498413085938 1169.90185546875
v 1637.800537109375 648.423095703125 1162.464111328125
v 1635.951416015625 646.108642578125 1164.58447265625
v 1635.9736328125 650.5593872070312 1162.453125
v 1641.5540771484375 657.393798828125 1156.0997314453125
v 1645.156005859375 644.1954956054688 1160.3809814453125
v 1641.5010986328125 648.5335083007812 1160.3570556640625
v 1637.8482666015625 657.3106079101562 1158.20458984375
v 1652.7340087890625 679.3831787109375 1139.16845703125
v 1645.455078125 688.3312377929688 1139.1226806640625
v 1645.51806640625 697.1427001953125 1134.8778076171875
v 1653.02197265625 714.3463745117188 1122.190673828125
v 1667.7677001953125 747.1668701171875 1096.8472900390625
v 1645.4864501953125 692.7378540039062 1137.0
v 1643.6195068359375 690.5665283203125 1139.1116943359375
v 1649.2427978515625 701.4176025390625 1130.6549072265625
v 1652.8050537109375 688.139892578125 1134.9212646484375
v 1649.1075439453125 683.8579711914062 1139.1451416015625
v 1649.1748046875 692.6421508789062 1134.899169921875
v 1660.057373046875 687.830078125 1130.7200927734375
v 1666.955078125 661.5155639648438 1139.2681884765625
v 1659.7545166015625 653.0108032226562 1147.7208251953125
v 1659.9036865234375 670.4385375976562 1139.2171630859375
v 1681.1922607421875 694.56982421875 1113.8858642578125
v 1694.4554443359375 642.4270629882812 1130.96240234375
v 1680.619140625 626.5709228515625 1147.8895263671875
v 1680.8970947265625 660.732666015625 1130.86376953125
v 1751.0369873046875 592.0289916992188 1114.2906494140625
v 1721.874267578125 571.0485229492188 1148.218505859375
v 1721.9429931640625 636.0657958984375 1114.1573486328125
v 1645.3929443359375 679.5130004882812 1143.3695068359375
v 1645.4239501953125 683.9228515625 1141.245849609375
v 1643.5596923828125 681.7350463867188 1143.3580322265625
v 1643.5894775390625 686.1515502929688 1141.234619140625
v 1652.6639404296875 670.6185913085938 1143.41748046875
v 1648.9759521484375 666.2689819335938 1147.6429443359375
v 1649.041259765625 675.0664672851562 1143.39306640625
v 1644.56884765625 693.8590087890625 1136.99462890625
v 1645.470703125 690.5347900390625 1138.061279296875
v 1644.5380859375 689.4490356445312 1139.1171875
v 1644.553466796875 691.6542358398438 1138.055908203125
v 1647.349609375 694.8927612304688 1134.888427734375
v 1649.14111328125 688.2510375976562 1137.02197265625
v 1647.2845458984375 686.0949096679688 1139.1337890625
v 1647.3170166015625 690.4948120117188 1137.0108642578125
v 1644.1094970703125 694.4194946289062 1136.9920654296875
v 1644.5611572265625 692.7567138671875 1137.5252685546875
v 1644.0941162109375 692.2138671875 1138.05322265625
v 1644.101806640625 693.3167724609375 1137.5225830078125
v 1645.502197265625 694.9404907226562 1135.9388427734375
v 1644.5843505859375 696.0633544921875 1135.93359375
v 1644.1055908203125 693.8681640625 1137.25732421875
v 1643.8719482421875 693.5967407226562 1137.521240234375
v 1643.8758544921875 694.1482543945312 1137.2559814453125
v 1644.5765380859375 694.9612426757812 1136.464111328125
v 1644.1170654296875 695.5221557617188 1136.46142578125
v 1653.0950927734375 723.05517578125 1117.950927734375
v 1660.3720703125 722.4364013671875 1113.7525634765625
v 1667.272705078125 696.0116577148438 1122.2742919921875
v 1660.2139892578125 705.1683959960938 1122.2313232421875
v 1660.6939697265625 756.7705078125 1096.7955322265625
v 1667.599365234375 730.1865844726562 1105.326416015625
v 1660.5311279296875 739.6280517578125 1105.280517578125
v 1694.9237060546875 708.493408203125 1097.081787109375
v 1681.5015869140625 727.961181640625 1096.9605712890625
v 1660.61181640625 748.2033081054688 1101.041015625
v 1656.9405517578125 744.3572387695312 1105.2586669921875
v 1657.0185546875 752.97216796875 1101.01806640625
v 1667.9434814453125 764.123779296875 1088.3331298828125
v 1660.8638916015625 773.8973388671875 1088.275390625
v 1656.9793701171875 748.6658325195312 1103.1390380859375
v 1655.1319580078125 746.7227172851562 1105.2481689453125
v 1660.4512939453125 731.0404663085938 1109.5167236328125
v 1656.786865234375 727.0910034179688 1113.7322998046875
v 1656.8634033203125 735.7314453125 1109.4959716796875
v 1656.90185546875 740.0459594726562 1107.3775634765625
v 1655.0565185546875 738.0779418945312 1109.48583984375
v 1655.09423828125 742.40185546875 1107.3673095703125
v 1660.77783203125 765.3338012695312 1092.541259765625
v 1660.735595703125 761.0524291992188 1094.669677734375
v 1658.9005126953125 759.175048828125 1096.783203125
v 1658.941650390625 763.4673461914062 1094.6571044921875
v 1664.425048828125 769.0072631835938 1088.3037109375
v 1667.8544921875 755.6458740234375 1092.59619140625
v 1664.2510986328125 751.9652709960938 1096.8209228515625
v 1664.3369140625 760.4864501953125 1092.5682373046875
v 1675.050537109375 771.1610107421875 1079.8260498046875
v 1681.666748046875 744.5757446289062 1088.460693359375
v 1674.69189453125 737.5765380859375 1096.902587890625
v 1674.86572265625 754.36279296875 1088.3951416015625
v 1660.820556640625 769.6152954101562 1090.4100341796875
v 1668.3419189453125 799.0497436523438 1070.6259765625
v 1664.6094970703125 786.0653076171875 1079.7276611328125
v 1668.03515625 772.6053466796875 1084.05517578125
v 1664.5157470703125 777.5320434570312 1084.0244140625
v 1668.2337646484375 790.0624389648438 1075.2060546875
v 1664.712158203125 795.0779418945312 1075.1741943359375
v 1675.48974609375 806.802490234375 1061.4434814453125
v 1682.04345703125 778.7943725585938 1070.7659912109375
v 1675.260498046875 788.9352416992188 1070.693359375
v 1666.58642578125 801.5791625976562 1070.610107421875
v 1668.287353515625 794.55322265625 1072.919677734375
v 1666.4786376953125 792.5693969726562 1075.18994140625
v 1666.531982421875 797.0714721679688 1072.903564453125
v 1668.4549560546875 808.0617065429688 1066.0159912109375
v 1671.8206787109375 793.9931640625 1070.658935546875
v 1675.1533203125 780.0374145507812 1075.27392578125
v 1671.6087646484375 776.12890625 1079.7919921875
v 1671.7125244140625 785.0506591796875 1075.2393798828125
v 1665.704345703125 802.8444213867188 1070.602294921875
v 1666.55908203125 799.3245849609375 1071.7576904296875
v 1665.6500244140625 798.3311157226562 1072.8956298828125
v 1665.677001953125 800.5870361328125 1071.7498779296875
v 1668.3978271484375 803.5526733398438 1068.32470703125
v 1666.64208984375 806.0931396484375 1068.3089599609375
v 1672.0521240234375 811.9467163085938 1061.411865234375
v 1675.37255859375 797.8597412109375 1066.0810546875
v 1671.9337158203125 802.9613037109375 1066.0477294921875
v 1682.5037841796875 814.1958618164062 1052.201904296875
v 1675.74169921875 824.6732788085938 1052.1419677734375
v 1665.6634521484375 799.4589233398438 1072.322998046875
v 1665.2078857421875 798.961181640625 1072.8917236328125
v 1665.2213134765625 800.0896606445312 1072.319091796875
v 1666.505126953125 794.8197631835938 1074.047607421875
v 1665.596923828125 793.8234252929688 1075.1820068359375
v 1664.738525390625 797.333984375 1074.0318603515625
v 1665.623291015625 796.07666015625 1074.0396728515625
v 1668.181396484375 785.57666015625 1077.48583984375
v 1666.375244140625 783.5795288085938 1079.7432861328125
v 1664.6602783203125 790.5695190429688 1077.4539794921875
v 1666.426513671875 788.0723266601562 1077.4697265625
v 1665.2281494140625 800.6539916992188 1072.0325927734375
v 1665.6905517578125 801.715576171875 1071.17626953125
v 1666.614013671875 803.8353271484375 1069.46044921875
v 1665.4696044921875 802.0316162109375 1071.17431640625
v 1665.683837890625 801.1512451171875 1071.463134765625
v 1665.4560546875 800.9027709960938 1071.7479248046875
v 1665.4627685546875 801.4671020507812 1071.461181640625
v 1666.145751953125 802.2117309570312 1070.6060791015625
v 1666.5726318359375 800.45166015625 1071.18408203125
v 1666.118408203125 799.9557495117188 1071.7537841796875
v 1666.1319580078125 801.0835571289062 1071.18017578125
v 1667.465576171875 800.3142700195312 1070.617919921875
v 1668.314453125 796.8007202148438 1071.773681640625
v 1667.4110107421875 795.8121948242188 1072.9114990234375
v 1667.4381103515625 798.0625 1071.765625
v 1670.0865478515625 796.5213012695312 1070.642333984375
v 1671.7659912109375 789.5189208984375 1072.952880859375
v 1669.978271484375 787.556396484375 1075.2225341796875
v 1670.03173828125 792.0359497070312 1072.93603515625
v 1665.352294921875 801.6250610351562 1071.460205078125
v 1665.45947265625 801.1849365234375 1071.6046142578125
v 1665.345458984375 801.0606079101562 1071.7469482421875
v 1665.348876953125 801.3428344726562 1071.6036376953125
v 1665.670166015625 800.02294921875 1072.0364990234375
v 1665.4425048828125 799.7742309570312 1072.321044921875
v 1665.44921875 800.3384399414062 1072.0345458984375
v 1666.54541015625 798.1978149414062 1072.3309326171875
v 1666.09130859375 797.7012329101562 1072.899658203125
v 1666.1048583984375 798.8283081054688 1072.326904296875
v 1665.3505859375 801.4839477539062 1071.5318603515625
v 1665.2935791015625 801.4217529296875 1071.6031494140625
v 1665.2952880859375 801.5629272460938 1071.5313720703125
v 1665.4661865234375 801.7493286132812 1071.3177490234375
v 1665.355712890625 801.9073486328125 1071.3167724609375
v 1665.6973876953125 802.2799682617188 1070.8892822265625
v 1665.29443359375 801.4923706054688 1071.5672607421875
v 1665.265869140625 801.4612426757812 1071.6029052734375
v 1665.2667236328125 801.5317993164062 1071.5670166015625
v 1665.34716796875 801.2017211914062 1071.67529296875
v 1665.2901611328125 801.1395263671875 1071.7464599609375
v 1665.236572265625 801.359619140625 1071.67431640625
v 1665.2918701171875 801.2806396484375 1071.6748046875
v 1665.45263671875 800.62060546875 1071.8912353515625
v 1665.3387451171875 800.4962158203125 1072.0335693359375
v 1665.2314453125 800.9362182617188 1071.8892822265625
v 1665.342041015625 800.7783813476562 1071.8902587890625
v 1665.296142578125 801.6334838867188 1071.49560546875
v 1665.35400390625 801.7661743164062 1071.3885498046875
v 1665.295654296875 801.5982055664062 1071.5135498046875
v 1665.281494140625 801.5826416015625 1071.53125
v 1665.3245849609375 801.66455078125 1071.4599609375
v 1665.3514404296875 801.5545043945312 1071.49609375
v 1665.3228759765625 801.5234375 1071.5316162109375
v 1665.32373046875 801.593994140625 1071.495849609375
v 1665.4075927734375 801.5460815429688 1071.460693359375
v 1665.461181640625 801.3260498046875 1071.5328369140625
v 1665.4041748046875 801.2638549804688 1071.6041259765625
v 1665.4058837890625 801.4049682617188 1071.5323486328125
v 1665.5733642578125 801.3092041015625 1071.462158203125
v 1665.680419921875 800.869140625 1071.6065673828125
v 1665.5665283203125 800.744873046875 1071.7489013671875
v 1665.5699462890625 801.0270385742188 1071.6055908203125
v 1665.911376953125 801.3995361328125 1071.17822265625
v 1666.125244140625 800.5195922851562 1071.467041015625
v 1665.8978271484375 800.2713623046875 1071.7518310546875
v 1665.904541015625 800.8353881835938 1071.465087890625
v 1665.2891845703125 801.6433715820312 1071.4954833984375
v 1665.2958984375 801.6158447265625 1071.5045166015625
v 1665.288818359375 801.6080932617188 1071.513427734375
v 1665.2889404296875 801.625732421875 1071.5045166015625
v 1665.2965087890625 801.6687622070312 1071.4776611328125
v 1665.3099365234375 801.6137084960938 1071.4957275390625
v 1665.3233642578125 801.5587158203125 1071.5137939453125
v 1665.30908203125 801.5431518554688 1071.531494140625
v 1665.3095703125 801.5784301757812 1071.513671875
v 1665.3497314453125 801.4133911132812 1071.5677490234375
v 1665.3211669921875 801.38232421875 1071.6033935546875
v 1665.322021484375 801.452880859375 1071.5675048828125
v 1665.2890625 801.634521484375 1071.5
v 1665.2855224609375 801.630615234375 1071.50439453125
v 1665.28564453125 801.6394653320312 1071.5
v 1665.29638671875 801.651123046875 1071.486572265625
v 1665.2894287109375 801.6610107421875 1071.486572265625
v 1665.310791015625 801.684326171875 1071.4598388671875
v 1665.32421875 801.6292724609375 1071.4779052734375
v 1665.3104248046875 801.6490478515625 1071.477783203125
v 1665.3262939453125 801.8057250976562 1071.3883056640625
v 1665.3531494140625 801.6956176757812 1071.42431640625
v 1665.325439453125 801.735107421875 1071.424072265625
v 1665.4110107421875 801.828369140625 1071.3172607421875
v 1665.4644775390625 801.6082153320312 1071.3895263671875
v 1665.4093017578125 801.6871948242188 1071.3890380859375
v 1665.5802001953125 801.8735961914062 1071.17529296875
v 1665.687255859375 801.4334106445312 1071.3197021484375
v 1665.5767822265625 801.5913696289062 1071.3187255859375
v 1665.289306640625 801.6521606445312 1071.4910888671875
v 1672.3065185546875 829.9010620117188 1052.1143798828125
v 1675.6126708984375 815.7461547851562 1056.7928466796875
v 1672.1761474609375 820.932373046875 1056.7633056640625
v 1670.4423828125 823.5249633789062 1056.7491455078125
v 1672.1134033203125 816.4405517578125 1059.08837890625
v 1670.318115234375 814.5181884765625 1061.396728515625
v 1670.3795166015625 819.0226440429688 1059.07373046875
v 1670.4107666015625 821.274169921875 1057.91162109375
v 1669.508544921875 820.3137817382812 1059.0665283203125
v 1669.539794921875 822.5679931640625 1057.904541015625
v 1672.240478515625 825.419921875 1054.4381103515625
v 1670.5068359375 828.0230102539062 1054.424560546875
v 1675.87744140625 833.5662841796875 1047.50341796875
v 1670.4744873046875 825.774658203125 1055.5867919921875
v 1674.309326171875 845.0633544921875 1042.876708984375
v 1675.9478759765625 837.9945068359375 1045.192626953125
v 1674.165771484375 836.201171875 1047.4901123046875
v 1674.236572265625 840.6397705078125 1045.1795654296875
v 1676.1705322265625 851.1800537109375 1038.3134765625
v 1679.4124755859375 837.0925903320312 1042.9171142578125
v 1682.6336669921875 823.0075073242188 1047.5606689453125
v 1679.1390380859375 819.4400634765625 1052.171142578125
v 1679.2723388671875 828.2921142578125 1047.53125
v 1695.7440185546875 792.9984741210938 1052.3380126953125
v 1688.9337158203125 786.109619140625 1061.5836181640625
v 1689.1568603515625 803.6524047851562 1052.267578125
v 1722.21630859375 731.683837890625 1061.9935302734375
v 1708.5126953125 720.2640991210938 1080.21044921875
v 1708.75146484375 754.1309204101562 1061.8238525390625
v 1673.3770751953125 841.9622192382812 1045.1732177734375
v 1674.200927734375 838.4222412109375 1046.333984375
v 1673.3060302734375 837.5183715820312 1047.483642578125
v 1673.34130859375 839.7420654296875 1046.3275146484375
v 1675.8087158203125 829.1251220703125 1049.8203125
v 1674.0291748046875 827.2874755859375 1052.1279296875
v 1672.3741455078125 834.3736572265625 1049.7935791015625
v 1674.0965576171875 831.7496948242188 1049.8067626953125
v 1672.910400390625 840.4019775390625 1046.3243408203125
v 1673.3236083984375 838.630615234375 1046.9053955078125
v 1672.8751220703125 838.177001953125 1047.48046875
v 1672.8927001953125 839.2898559570312 1046.9022216796875
v 1674.1309814453125 833.9769287109375 1048.647705078125
v 1673.2366943359375 833.0617065429688 1049.8001708984375
v 1672.4085693359375 836.6060791015625 1048.634765625
v 1673.2711181640625 835.29150390625 1048.6412353515625
v 1673.359130859375 840.8526000976562 1045.7501220703125
v 1674.272705078125 842.8535766601562 1044.027099609375
v 1673.4132080078125 844.1786499023438 1044.020751953125
v 1676.0943603515625 846.8035888671875 1040.59619140625
v 1682.913818359375 840.4578857421875 1038.37158203125
v 1679.56005859375 845.8235473632812 1038.341796875
v 1676.24853515625 855.5348510742188 1036.04345703125
v 1676.2884521484375 857.7034912109375 1034.91357421875
v 1678.0269775390625 857.1671752929688 1033.8026123046875
v 1679.63671875 850.1574096679688 1036.07275390625
v 1677.8701171875 848.5025634765625 1038.327392578125
v 1677.947509765625 852.8468627929688 1036.057861328125
v 1676.3084716796875 858.7854614257812 1034.35009765625
v 1678.1922607421875 865.7272338867188 1029.3416748046875
v 1679.796142578125 858.7508544921875 1031.5799560546875
v 1678.1085205078125 861.4613647460938 1031.5633544921875
v 1677.17919921875 858.5166015625 1033.7950439453125
v 1677.987060546875 855.0101318359375 1034.9283447265625
v 1677.099365234375 854.1909790039062 1036.0506591796875
v 1677.1390380859375 856.35693359375 1034.9208984375
v 1676.2984619140625 858.24462890625 1034.6317138671875
v 1676.0753173828125 858.0401000976562 1034.9117431640625
v 1676.08544921875 858.5814208984375 1034.6298828125
v 1676.7542724609375 859.1912841796875 1033.791259765625
v 1677.1590576171875 857.4375610351562 1034.3575439453125
v 1676.7139892578125 857.0302124023438 1034.917236328125
v 1676.734130859375 858.1115112304688 1034.353759765625
v 1677.2611083984375 862.816162109375 1031.55517578125
v 1678.0675048828125 859.3176879882812 1032.680908203125
v 1677.2198486328125 860.6697998046875 1032.673095703125
v 1676.2684326171875 856.6199340820312 1035.47802734375
v 1675.822265625 856.2067260742188 1036.0399169921875
v 1675.8421630859375 857.29248046875 1035.4744873046875
v 1676.2093505859375 853.3602905273438 1037.1768798828125
v 1675.31689453125 852.5184936523438 1038.3067626953125
v 1678.150146484375 863.5980224609375 1030.4501953125
v 1677.3028564453125 864.9555053710938 1030.4417724609375
v 1679.9638671875 867.2303466796875 1027.1585693359375
v 1678.2781982421875 869.9625244140625 1027.1390380859375
v 1678.2349853515625 867.8488159179688 1028.2379150390625
v 1678.2135009765625 866.7890014648438 1028.7891845703125
v 1677.76904296875 866.4073486328125 1029.3372802734375
v 1677.7904052734375 867.4698486328125 1028.78466796875
v 1679.122314453125 868.5965576171875 1027.1488037109375
v 1679.921142578125 865.1221313476562 1028.256591796875
v 1679.036865234375 864.3667602539062 1029.3505859375
v 1679.0792236328125 866.4856567382812 1028.2471923828125
v 1683.30712890625 861.7603149414062 1027.1988525390625
v 1681.5560302734375 860.2828979492188 1029.3779296875
v 1681.6400146484375 864.4965209960938 1027.1785888671875
v 1677.7796630859375 866.9388427734375 1029.060791015625
v 1678.171142578125 864.66357421875 1029.8953857421875
v 1677.726806640625 864.2767944335938 1030.4459228515625
v 1677.7479248046875 865.343017578125 1029.8909912109375
v 1679.8372802734375 860.882080078125 1030.4674072265625
v 1678.9534912109375 860.1063232421875 1031.5716552734375
v 1678.994873046875 862.240234375 1030.458740234375
v 1683.143798828125 853.3232421875 1031.614501953125
v 1681.39453125 851.7652587890625 1033.834228515625
v 1681.4742431640625 856.0383911132812 1031.5970458984375
v 1678.2564697265625 868.9066772460938 1027.6878662109375
f 1 6331 6332 6330
f 6331 70 155 6332
f 6327 6182 6332
f 155 71 6327
f 6332 155 6327
f 6377 69 6330
f 6332 6182 6377
f 6330 6332 6377
f 70 156 158 155
f 155 158 157 71
f 6328 5818 6179
f 5818 160 6179
f 6179 159 6328
f 6328 71 157 5818
f 157 5819 5820 5818
f 6202 160 5818
f 5820 5812 6202
f 5818 5820 6202
f 160 6202 6203 6201
f 6202 5812 5814 6203
f 6203 5814 5813 6177
f 6198 5811 6201
f 6203 6177 6198
f 6201 6203 6198
f 5812 5815 5817 5814
f 5817 5822 5824 5821
f 5821 5824 5823 5816
f 5821 5816 6175
f 6175 5813 5814
f 5814 5817 5821
f 5821 6175 5814
f 6174 5813 6175
f 5811 6198 6200 6197
f 6198 6177 6199 6200
f 6187 6200 6199
f 6192 6176 6197
f 6200 6187 6192
f 6197 6200 6192
f 6176 6192 6193 6191
f 6193 6192 6187
f 6208 6178 159
f 6179 6180 6208
f 159 6179 6208
f 6201 5811 6189
f 6189 6180 6179
f 6179 160 6201
f 6201 6189 6179
f 6205 6188 6180
f 6189 6190 6205
f 6180 6189 6205
f 6197 6176 6195
f 6195 6190 6189
f 6189 5811 6197
f 6197 6195 6189
f 6190 6195 6196 6194
f 6188 6205 6206 6204
f 6205 6190 6194 6206
f 6224 6207 6178
f 6208 6209 6224
f 6178 6208 6224
f 6214 6209 6208
f 6180 6188 6214
f 6208 6180 6214
f 6221 6213 6209
f 6214 6215 6221
f 6209 6214 6221
f 6217 6215 6214
f 6188 6204 6217
f 6214 6188 6217
f 6215 6217 6219 6216
f 6217 6204 6218 6219
f 6213 6221 6222 6220
f 6221 6215 6216 6222
f 6230 6223 6207
f 6224 6225 6230
f 6207 6224 6230
f 6224 6209 6213 6225
f 6237 6229 6223
f 6230 6232 6237
f 6223 6230 6237
f 6230 6225 6231 6232
f 6254 6236 6229
f 6237 6239 6254
f 6229 6237 6254
f 6237 6232 6238 6239
f 6236 6254 6256 6248
f 6254 6239 6255 6256
f 69 6377 6378 6376
f 6377 6182 6326 6378
f 6374 6276 6378
f 6326 6183 6374
f 6378 6326 6374
f 6386 6181 6376
f 6378 6276 6386
f 6376 6378 6386
f 6182 6327 6329 6326
f 6327 71 6328 6329
f 6329 6328 159 6211
f 6323 6183 6326
f 6329 6211 6323
f 6326 6329 6323
f 6183 6323 6325 6322
f 6323 6211 6324 6325
f 6348 6273 6325
f 6324 6212 6348
f 6325 6324 6348
f 6319 6210 6322
f 6325 6273 6319
f 6322 6325 6319
f 6227 6212 6324
f 6324 6211 159
f 159 6178 6227
f 6227 6324 159
f 6270 6226 6349
f 6349 6212 6227
f 6227 6228 6270
f 6270 6349 6227
f 6234 6228 6227
f 6178 6207 6234
f 6227 6178 6234
f 6267 6233 6228
f 6234 6235 6267
f 6228 6234 6267
f 6241 6235 6234
f 6207 6223 6241
f 6234 6207 6241
f 6264 6240 6235
f 6241 6242 6264
f 6235 6241 6264
f 6244 6242 6241
f 6223 6229 6244
f 6241 6223 6244
f 6261 6243 6242
f 6244 6245 6261
f 6242 6244 6261
f 6247 6245 6244
f 6229 6236 6247
f 6244 6229 6247
f 6258 6246 6245
f 6247 6249 6258
f 6245 6247 6258
f 6251 6249 6247
f 6236 6248 6251
f 6247 6236 6251
f 6249 6251 6253 6250
f 6251 6248 6252 6253
f 6246 6258 6259 6257
f 6258 6249 6250 6259
f 6243 6261 6262 6260
f 6261 6245 6246 6262
f 6240 6264 6265 6263
f 6264 6242 6243 6265
f 6233 6267 6268 6266
f 6267 6235 6240 6268
f 6288 6269 6226
f 6270 6271 6288
f 6226 6270 6288
f 6281 6271 6270
f 6228 6233 6281
f 6270 6228 6281
f 6284 6280 6271
f 6281 6282 6284
f 6271 6281 6284
f 6281 6233 6266 6282
f 6280 6284 6286 6283
f 6284 6282 6285 6286
f 6269 6288 6289 6287
f 6294 6289 6288
f 6271 6280 6294
f 6288 6271 6294
f 6289 6294 6295 6293
f 6294 6280 6283 6295
f 6210 6319 6321 6318
f 6319 6273 6320 6321
f 6315 6301 6321
f 6320 6274 6315
f 6321 6320 6315
f 6318 6321 6301 6272
f 6273 6348 6350 6320
f 6348 6212 6349 6350
f 6350 6349 6226 6291
f 6345 6274 6320
f 6350 6291 6345
f 6320 6350 6345
f 6274 6345 6347 6316
f 6345 6291 6346 6347
f 6347 6346 6292 6297
f 6342 6290 6316
f 6347 6297 6342
f 6316 6347 6342
f 6346 6291 6226
f 6269 6292 6346
f 6226 6269 6346
f 6290 6342 6344 6312
f 6342 6297 6343 6344
f 6344 6343 6299 6333
f 6351 6296 6340
f 6340 6312 6344
f 6344 6333 6351
f 6351 6340 6344
f 6343 6297 6292
f 6298 6299 6343
f 6292 6298 6343
f 6351 6333 6352
f 6314 6302 6357
f 6357 6300 6272
f 6272 6301 6314
f 6314 6357 6272
f 6301 6315 6317 6314
f 6315 6274 6316 6317
f 6311 6306 6317
f 6316 6290 6311
f 6317 6316 6311
f 6314 6317 6306 6302
f 6306 6311 6313 6310
f 6339 6313 6311
f 6290 6312 6339
f 6311 6290 6339
f 6313 6339 6341 6338
f 6339 6312 6340 6341
f 6335 6309 6341
f 6340 6296 6335
f 6341 6340 6335
f 6354 6308 6338
f 6341 6309 6354
f 6338 6341 6354
f 6338 6308 6356
f 6356 6307 6310
f 6310 6313 6338
f 6338 6356 6310
f 6308 6354 6355 6353
f 6354 6309 6334 6355
f 6309 6335 6337 6334
f 6335 6296 6336 6337
f 6447 6385 6181
f 6386 6387 6447
f 6181 6386 6447
f 6386 6276 6373 6387
f 6382 6363 6448
f 6448 6387 6373
f 6373 6277 6382
f 6382 6448 6373
f 6385 6447 6449 6446
f 6447 6387 6448 6449
f 6443 6408 6449
f 6448 6363 6443
f 6449 6448 6443
f 6446 6449 6408 6275
f 6276 6374 6375 6373
f 6374 6183 6322 6375
f 6371 6304 6375
f 6322 6210 6371
f 6375 6322 6371
f 6394 6277 6373
f 6375 6304 6394
f 6373 6375 6394
f 6277 6394 6395 6383
f 6394 6304 6370 6395
f 6395 6370 6305 6362
f 6413 6303 6392
f 6392 6383 6395
f 6395 6362 6413
f 6413 6392 6395
f 6304 6371 6372 6370
f 6371 6210 6318 6372
f 6372 6318 6272 6358
f 6367 6305 6370
f 6372 6358 6367
f 6370 6372 6367
f 6305 6367 6369 6366
f 6367 6358 6368 6369
f 6365 6361 6369
f 6368 6359 6365
f 6369 6368 6365
f 6360 6359 6368
f 6368 6358 6272
f 6272 6300 6360
f 6360 6368 6272
f 6413 6362 6414
f 6459 6442 6424
f 6442 6409 6424
f 6424 6407 6459
f 6459 6275 6408 6442
f 6408 6443 6445 6442
f 6443 6363 6444 6445
f 6439 6417 6445
f 6444 6381 6439
f 6445 6444 6439
f 6442 6445 6417 6409
f 6417 6439 6441 6438
f 6439 6381 6440 6441
f 6451 6419 6441
f 6440 6404 6451
f 6441 6440 6451
f 6421 6418 6438
f 6441 6419 6421
f 6438 6441 6421
f 6450 6423 6421
f 6419 6422 6450
f 6421 6419 6450
f 6419 6451 6453 6422
f 6451 6404 6452 6453
f 6405 6381 6444
f 6444 6363 6382
f 6382 6384 6405
f 6405 6444 6382
f 6391 6384 6382
f 6277 6383 6391
f 6382 6277 6391
f 6401 6390 6384
f 6391 6393 6401
f 6384 6391 6401
f 6391 6383 6392 6393
f 6410 6380 6402
f 6402 6393 6392
f 6392 6303 6410
f 6410 6402 6392
f 6390 6401 6403 6400
f 6401 6393 6402 6403
f 6397 6388 6403
f 6402 6380 6397
f 6403 6402 6397
f 6416 6379 6400
f 6403 6388 6416
f 6400 6403 6416
f 6454 6404 6440
f 6440 6381 6405
f 6405 6406 6454
f 6454 6440 6405
f 6405 6384 6390 6406
f 6452 6404 6454
f 6456 6420 6452
f 6454 6456 6452
f 6454 6406 6455 6456
f 6415 6396 6388
f 6397 6399 6415
f 6388 6397 6415
f 6397 6380 6398 6399
f 6410 6303 6411 6412
f 161 74 72
f 2 73 161
f 72 2 161
f 73 162 164 161
f 161 164 163 74
f 74 163 166 165
f 165 166 156 70
f 165 70 6331
f 6331 1 72
f 72 74 165
f 165 6331 72
f 188 76 167
f 167 77 75
f 75 3 188
f 188 167 75
f 76 168 170 167
f 167 170 169 77
f 77 169 172 171
f 171 172 162 73
f 171 73 2
f 75 77 171
f 2 75 171
f 4 174 177 173
f 174 79 175 177
f 177 175 80 176
f 173 177 176 78
f 79 182 184 175
f 175 184 183 80
f 80 183 186 185
f 185 186 168 76
f 78 176 189 187
f 176 80 185 189
f 189 185 76 188
f 187 189 188 3
f 5 191 194 190
f 191 82 192 194
f 194 192 83 193
f 190 194 193 81
f 82 198 200 192
f 192 200 199 83
f 83 199 202 201
f 201 202 182 79
f 81 193 204 203
f 193 83 201 204
f 204 201 79 174
f 203 204 174 4
f 205 86 212
f 212 84 6
f 6 85 205
f 205 212 6
f 85 206 208 205
f 205 208 207 86
f 86 207 210 209
f 209 210 198 82
f 84 212 213 211
f 212 86 209 213
f 213 209 82 191
f 211 213 191 5
f 217 89 87
f 7 88 217
f 87 7 217
f 88 218 220 217
f 217 220 219 89
f 89 219 222 221
f 221 222 206 85
f 221 85 6
f 87 89 221
f 6 87 221
f 223 92 90
f 8 91 223
f 90 8 223
f 91 224 226 223
f 223 226 225 92
f 92 225 228 227
f 227 228 218 88
f 227 88 7
f 90 92 227
f 7 90 227
f 5790 5788 94 5789
f 5787 5790 5789 93
f 5795 5797 5796 5794
f 5788 5794 230 94
f 94 230 231 229
f 229 231 224 91
f 5789 94 229
f 229 91 8
f 8 93 5789
f 5789 229 8
f 6734 6596 9
f 6597 6598 6734
f 9 6597 6734
f 6676 6598 6597
f 6185 6432 6676
f 6597 6185 6676
f 6598 6676 6678 6675
f 6676 6432 6677 6678
f 6672 6594 6678
f 6677 6186 6672
f 6678 6677 6672
f 6692 6469 6675
f 6678 6594 6692
f 6675 6678 6692
f 6828 6733 6596
f 6734 6735 6828
f 6596 6734 6828
f 6734 6598 6675 6735
f 6731 6658 6829
f 6829 6735 6675
f 6675 6469 6731
f 6731 6829 6675
f 6733 6828 6830 6827
f 6828 6735 6829 6830
f 6824 6787 6830
f 6829 6658 6824
f 6830 6829 6824
f 6840 6184 6827
f 6830 6787 6840
f 6827 6830 6840
f 6185 6433 6434 6432
f 6433 1 6330 6434
f 6430 6278 6434
f 6330 69 6430
f 6434 6330 6430
f 6523 6186 6677
f 6677 6432 6434
f 6434 6278 6523
f 6523 6677 6434
f 6591 6522 6673
f 6673 6186 6523
f 6523 6524 6591
f 6591 6673 6523
f 6578 6524 6523
f 6278 6429 6578
f 6523 6278 6578
f 6622 6577 6524
f 6578 6579 6622
f 6524 6578 6622
f 6578 6429 6538 6579
f 6575 6520 6623
f 6623 6579 6538
f 6538 6279 6575
f 6575 6623 6538
f 6577 6622 6624 6621
f 6622 6579 6623 6624
f 6624 6623 6520 6582
f 6618 6468 6621
f 6624 6582 6618
f 6621 6624 6618
f 6648 6590 6522
f 6591 6592 6648
f 6522 6591 6648
f 6633 6592 6591
f 6524 6577 6633
f 6591 6524 6633
f 6592 6633 6634 6632
f 6633 6577 6621 6634
f 6640 6588 6634
f 6621 6468 6640
f 6634 6621 6640
f 6629 6580 6632
f 6634 6588 6629
f 6632 6634 6629
f 6590 6648 6649 6647
f 6648 6592 6632 6649
f 6645 6626 6649
f 6632 6580 6645
f 6649 6632 6645
f 6647 6649 6626
f 6539 6429 6278
f 6430 6431 6539
f 6278 6430 6539
f 6430 69 6376 6431
f 6427 6364 6540
f 6540 6431 6376
f 6376 6181 6427
f 6427 6540 6376
f 6429 6539 6541 6538
f 6539 6431 6540 6541
f 6562 6477 6541
f 6540 6364 6562
f 6541 6540 6562
f 6535 6279 6538
f 6541 6477 6535
f 6538 6541 6535
f 6279 6535 6537 6534
f 6535 6477 6536 6537
f 6531 6518 6537
f 6536 6478 6531
f 6537 6536 6531
f 6534 6537 6518 6476
f 6477 6562 6564 6536
f 6562 6364 6563 6564
f 6564 6563 6426 6512
f 6559 6478 6536
f 6564 6512 6559
f 6536 6564 6559
f 6478 6559 6561 6532
f 6559 6512 6560 6561
f 6561 6560 6513 6542
f 6568 6511 6557
f 6557 6532 6561
f 6561 6542 6568
f 6568 6557 6561
f 6515 6513 6560
f 6560 6512 6426
f 6426 6473 6515
f 6515 6560 6426
f 6513 6515 6517 6514
f 6515 6473 6516 6517
f 6511 6568 6570 6528
f 6568 6542 6569 6570
f 6570 6569 6543
f 6569 6542 6513
f 6514 6543 6569
f 6513 6514 6569
f 6518 6531 6533 6530
f 6556 6533 6531
f 6478 6532 6556
f 6531 6478 6556
f 6533 6556 6558 6555
f 6556 6532 6557 6558
f 6558 6557 6511 6527
f 6552 6525 6555
f 6558 6527 6552
f 6555 6558 6552
f 6555 6525 6545
f 6545 6519 6530
f 6530 6533 6555
f 6555 6545 6530
f 6525 6552 6554 6551
f 6552 6527 6553 6554
f 6548 6544 6554
f 6553 6529 6548
f 6554 6553 6548
f 6551 6554 6544 6526
f 6565 6529 6553
f 6553 6527 6511
f 6511 6528 6565
f 6565 6553 6511
f 6565 6528 6566 6567
f 6544 6548 6550 6547
f 6548 6529 6549 6550
f 6474 6426 6563
f 6563 6364 6427
f 6427 6428 6474
f 6474 6563 6427
f 6462 6428 6427
f 6181 6385 6462
f 6427 6181 6462
f 6485 6461 6428
f 6462 6463 6485
f 6428 6462 6485
f 6462 6385 6446 6463
f 6458 6425 6486
f 6486 6463 6446
f 6446 6275 6458
f 6458 6486 6446
f 6461 6485 6487 6484
f 6485 6463 6486 6487
f 6487 6486 6425 6465
f 6481 6389 6484
f 6487 6465 6481
f 6484 6487 6481
f 6426 6474 6475 6473
f 6493 6475 6474
f 6428 6461 6493
f 6474 6428 6493
f 6475 6493 6494 6492
f 6493 6461 6484 6494
f 6490 6472 6494
f 6484 6389 6490
f 6494 6484 6490
f 6492 6494 6472 6467
f 6472 6490 6491 6489
f 6497 6491 6490
f 6389 6480 6497
f 6490 6389 6497
f 6491 6497 6499 6496
f 6505 6499 6497
f 6480 6498 6505
f 6497 6480 6505
f 6499 6505 6507 6504
f 6505 6498 6506 6507
f 6507 6506 6464 6495
f 6501 6488 6504
f 6507 6495 6501
f 6504 6507 6501
f 6488 6501 6503 6500
f 6501 6495 6502 6503
f 6508 6480 6389
f 6481 6483 6508
f 6389 6481 6508
f 6481 6465 6482 6483
f 6509 6483 6482
f 6466 6471 6509
f 6482 6466 6509
f 6480 6508 6510 6498
f 6508 6483 6509 6510
f 6510 6509 6471 6479
f 6506 6498 6510
f 6479 6464 6506
f 6510 6479 6506
f 6482 6465 6425
f 6457 6466 6482
f 6425 6457 6482
f 6425 6458 6460 6457
f 6458 6275 6459 6460
f 6626 6645 6646
f 6645 6580 6628 6646
f 6643 6628 6580
f 6629 6631 6643
f 6580 6629 6643
f 6637 6631 6629
f 6588 6630 6637
f 6629 6588 6637
f 6631 6637 6639 6636
f 6637 6630 6638 6639
f 6639 6638 6589 6627
f 6635 6625 6636
f 6639 6627 6635
f 6636 6639 6635
f 6628 6643 6644 6642
f 6643 6631 6636 6644
f 6588 6640 6641 6630
f 6640 6468 6617 6641
f 6641 6617 6581 6608
f 6638 6630 6641
f 6608 6589 6638
f 6641 6608 6638
f 6468 6618 6620 6617
f 6618 6582 6619 6620
f 6614 6585 6620
f 6619 6583 6614
f 6620 6619 6614
f 6617 6620 6585 6581
f 6602 6583 6619
f 6619 6582 6520
f 6520 6574 6602
f 6602 6619 6520
f 6615 6583 6602
f 6605 6586 6615
f 6602 6605 6615
f 6602 6574 6603 6605
f 6605 6603 6521 6604
f 6613 6587 6607
f 6607 6584 6581
f 6581 6585 6613
f 6613 6607 6581
f 6585 6614 6616 6613
f 6614 6583 6615 6616
f 6616 6615 6586 6599
f 6610 6587 6613
f 6616 6599 6610
f 6613 6616 6610
f 6587 6610 6612 6609
f 6610 6599 6611 6612
f 6612 6611 6601 6606
f 6611 6599 6586
f 6600 6601 6611
f 6586 6600 6611
f 6520 6575 6576 6574
f 6575 6279 6534 6576
f 6571 6546 6576
f 6534 6476 6571
f 6576 6534 6571
f 6603 6574 6576
f 6546 6521 6603
f 6576 6546 6603
f 6546 6571 6573
f 6571 6476 6572 6573
f 6184 6840 6841 6839
f 6840 6787 6823 6841
f 6835 6799 6841
f 6823 6788 6835
f 6841 6823 6835
f 6846 6786 6874
f 6874 6839 6841
f 6841 6799 6846
f 6846 6874 6841
f 6787 6824 6826 6823
f 6824 6658 6825 6826
f 6820 6790 6826
f 6825 6730 6820
f 6826 6825 6820
f 6823 6826 6790 6788
f 6836 6819 6798
f 6819 6791 6798
f 6798 6789 6836
f 6836 6788 6790 6819
f 6790 6820 6822 6819
f 6820 6730 6821 6822
f 6822 6821 6783 6793
f 6816 6791 6819
f 6822 6793 6816
f 6819 6822 6816
f 6791 6816 6818 6815
f 6816 6793 6817 6818
f 6812 6796 6818
f 6817 6795 6812
f 6818 6817 6812
f 6832 6792 6815
f 6818 6796 6832
f 6815 6818 6832
f 6805 6795 6817
f 6817 6793 6783
f 6783 6794 6805
f 6805 6817 6783
f 6813 6795 6805
f 6807 6797 6813
f 6805 6807 6813
f 6805 6794 6806 6807
f 6792 6832 6833 6831
f 6832 6796 6811 6833
f 6796 6812 6814 6811
f 6812 6795 6813 6814
f 6814 6813 6797 6804
f 6852 6847 6846
f 6799 6834 6852
f 6846 6799 6852
f 6854 6853 6852
f 6834 6842 6854
f 6852 6834 6854
f 6843 6834 6799
f 6835 6838 6843
f 6799 6835 6843
f 6835 6788 6836 6838
f 6844 6838 6836
f 6789 6837 6844
f 6836 6789 6844
f 6849 6842 6834
f 6843 6845 6849
f 6834 6843 6849
f 6843 6838 6844 6845
f 6842 6849 6851
f 6849 6845 6850 6851
f 6784 6730 6825
f 6825 6658 6731
f 6731 6732 6784
f 6784 6825 6731
f 6752 6732 6731
f 6469 6691 6752
f 6731 6469 6752
f 6732 6752 6754 6751
f 6752 6691 6753 6754
f 6748 6728 6754
f 6753 6593 6748
f 6754 6753 6748
f 6780 6706 6751
f 6754 6728 6780
f 6751 6754 6780
f 6808 6783 6821
f 6821 6730 6784
f 6784 6785 6808
f 6808 6821 6784
f 6784 6732 6751 6785
f 6782 6777 6809
f 6809 6785 6751
f 6751 6706 6782
f 6782 6809 6751
f 6783 6808 6810 6794
f 6808 6785 6809 6810
f 6810 6809 6777
f 6659 6806 6810
f 6806 6794 6810
f 6782 6706 6779
f 6706 6780 6781 6779
f 6780 6728 6747 6781
f 6728 6748 6750 6747
f 6748 6593 6749 6750
f 6744 6742 6750
f 6749 6708 6744
f 6750 6749 6744
f 6776 6729 6747
f 6750 6742 6776
f 6747 6750 6776
f 6775 6743 6742
f 6744 6746 6775
f 6742 6744 6775
f 6756 6746 6744
f 6708 6745 6756
f 6744 6708 6756
f 6774 6755 6746
f 6756 6758 6774
f 6746 6756 6774
f 6768 6758 6756
f 6745 6757 6768
f 6756 6745 6768
f 6768 6757 6769 6770
f 6765 6691 6469
f 6692 6693 6765
f 6469 6692 6765
f 6692 6594 6671 6693
f 6689 6656 6766
f 6766 6693 6671
f 6671 6595 6689
f 6689 6766 6671
f 6691 6765 6767 6753
f 6765 6693 6766 6767
f 6767 6766 6656 6709
f 6762 6593 6753
f 6767 6709 6762
f 6753 6767 6762
f 6594 6672 6674 6671
f 6672 6186 6673 6674
f 6674 6673 6522 6651
f 6668 6595 6671
f 6674 6651 6668
f 6671 6674 6668
f 6595 6668 6670 6667
f 6668 6651 6669 6670
f 6701 6653 6670
f 6669 6652 6701
f 6670 6669 6701
f 6664 6650 6667
f 6670 6653 6664
f 6667 6670 6664
f 6680 6652 6669
f 6669 6651 6522
f 6522 6590 6680
f 6680 6669 6522
f 6702 6652 6680
f 6681 6654 6702
f 6680 6681 6702
f 6680 6590 6647 6681
f 6683 6663 6650
f 6664 6666 6683
f 6650 6664 6683
f 6698 6666 6664
f 6653 6665 6698
f 6664 6653 6698
f 6666 6698 6700 6684
f 6698 6665 6699 6700
f 6700 6699 6655 6662
f 6704 6660 6696
f 6696 6684 6700
f 6700 6662 6704
f 6704 6696 6700
f 6663 6683 6685 6682
f 6695 6685 6683
f 6666 6684 6695
f 6683 6666 6695
f 6685 6695 6697 6694
f 6695 6684 6696 6697
f 6653 6701 6703 6665
f 6701 6652 6702 6703
f 6703 6702 6654 6679
f 6699 6665 6703
f 6679 6655 6699
f 6703 6679 6699
f 6593 6762 6764 6749
f 6762 6709 6763 6764
f 6764 6763 6710 6726
f 6759 6708 6749
f 6764 6726 6759
f 6749 6764 6759
f 6716 6710 6763
f 6763 6709 6656
f 6656 6688 6716
f 6716 6763 6656
f 6710 6716 6717 6715
f 6716 6688 6711 6717
f 6771 6745 6708
f 6759 6761 6771
f 6708 6759 6771
f 6759 6726 6760 6761
f 6772 6761 6760
f 6727 6741 6772
f 6760 6727 6772
f 6745 6771 6773 6757
f 6771 6761 6772 6773
f 6773 6772 6741
f 6760 6726 6710
f 6715 6727 6760
f 6710 6715 6760
f 6712 6688 6656
f 6689 6690 6712
f 6656 6689 6712
f 6689 6595 6667 6690
f 6686 6661 6713
f 6713 6690 6667
f 6667 6650 6686
f 6686 6713 6667
f 6723 6711 6688
f 6712 6714 6723
f 6688 6712 6723
f 6712 6690 6713 6714
f 6724 6714 6713
f 6661 6705 6724
f 6713 6661 6724
f 6711 6723 6725 6722
f 6723 6714 6724 6725
f 6725 6724 6705 6707
f 6719 6657 6722
f 6725 6707 6719
f 6722 6725 6719
f 6657 6719 6721 6718
f 6719 6707 6720 6721
f 6686 6650 6663 6687
f 10 6436 6437 6435
f 6436 2 72 6437
f 6433 6185 6437
f 72 1 6433
f 6437 72 6433
f 6597 9 6962
f 6962 6435 6437
f 6437 6185 6597
f 6597 6962 6437
f 6436 180 75
f 180 3 75
f 75 2 6436
f 6436 10 11 180
f 12 179 181 178
f 173 78 181
f 179 4 173
f 181 179 173
f 187 3 180
f 181 78 187
f 180 181 187
f 178 181 180 11
f 13 196 197 195
f 190 81 197
f 196 5 190
f 197 196 190
f 203 4 179
f 197 81 203
f 179 197 203
f 195 197 179 12
f 14 215 216 214
f 215 6 84 216
f 211 5 196
f 216 84 211
f 196 216 211
f 214 216 196 13
f 87 6 215
f 215 14 15
f 15 7 87
f 87 215 15
f 5785 8 90
f 90 7 15
f 15 16 5785
f 5785 90 15
f 5793 5787 93 5792
f 5791 5793 5792 5786
f 5792 93 8
f 5785 5786 5792
f 8 5785 5792
f 5782 5786 5785 16
f 17 7205 7207 7204
f 7205 7060 7206 7207
f 7201 7181 7207
f 7206 7061 7201
f 7207 7206 7201
f 7226 7059 7259
f 7259 7204 7207
f 7207 7181 7226
f 7226 7259 7207
f 7179 7061 7206
f 7206 7060 6898
f 6898 7009 7179
f 7179 7206 6898
f 7190 7178 7202
f 7202 7061 7179
f 7179 7180 7190
f 7190 7202 7179
f 7179 7009 7056 7180
f 7177 7105 7191
f 7191 7180 7056
f 7056 6899 7177
f 7177 7191 7056
f 7198 7178 7190
f 7192 7187 7198
f 7190 7192 7198
f 7190 7180 7191 7192
f 7059 7226 7227 7225
f 7226 7181 7200 7227
f 7227 7200 7182 7194
f 7181 7201 7203 7200
f 7201 7061 7202 7203
f 7197 7186 7203
f 7202 7178 7197
f 7203 7202 7197
f 7212 7182 7200
f 7203 7186 7212
f 7200 7203 7212
f 7182 7212 7213
f 7215 7213 7212
f 7186 7196 7215
f 7212 7186 7215
f 7213 7215 7217
f 7219 7217 7215
f 7196 7216 7219
f 7215 7196 7219
f 7217 7219 7221 7218
f 7219 7216 7220 7221
f 7221 7220 7188 7214
f 7222 7196 7186
f 7197 7199 7222
f 7186 7197 7222
f 7197 7178 7198 7199
f 7223 7199 7198
f 7187 7189 7223
f 7198 7187 7223
f 7196 7222 7224 7216
f 7222 7199 7223 7224
f 7224 7223 7189 7193
f 7220 7216 7224
f 7193 7188 7220
f 7224 7193 7220
f 7057 7009 6898
f 7010 7011 7057
f 6898 7010 7057
f 7048 7011 7010
f 6470 6956 7048
f 7010 6470 7048
f 7011 7048 7050 7047
f 7048 6956 7049 7050
f 7050 7049 6736 7007
f 7044 6943 7047
f 7050 7007 7044
f 7047 7050 7044
f 7009 7057 7058 7056
f 7057 7011 7047 7058
f 7054 7033 7058
f 7047 6943 7054
f 7058 7047 7054
f 7175 6899 7056
f 7058 7033 7175
f 7056 7058 7175
f 6899 7175 7176 7174
f 7175 7033 7053 7176
f 7033 7054 7055 7053
f 7077 7055 7054
f 6943 7043 7077
f 7054 6943 7077
f 7055 7077 7079 7076
f 7077 7043 7078 7079
f 7073 7051 7079
f 7078 7006 7073
f 7079 7078 7073
f 7076 7079 7051 7042
f 7051 7073 7075 7072
f 7073 7006 7074 7075
f 7069 7062 7075
f 7074 7038 7069
f 7075 7074 7069
f 7125 7052 7072
f 7075 7062 7125
f 7072 7075 7125
f 7125 7062 7068 7126
f 7123 7068 7062
f 7069 7071 7123
f 7062 7069 7123
f 7085 7071 7069
f 7038 7070 7085
f 7069 7038 7085
f 7120 7084 7071
f 7085 7087 7120
f 7071 7085 7120
f 7107 7087 7085
f 7070 7086 7107
f 7085 7070 7107
f 7154 7106 7087
f 7107 7109 7154
f 7087 7107 7154
f 7107 7086 7108 7109
f 7155 7109 7108
f 7063 7081 7155
f 7108 7063 7155
f 7106 7154 7156 7141
f 7154 7109 7155 7156
f 7156 7155 7081 7101
f 7151 7067 7141
f 7156 7101 7151
f 7141 7156 7151
f 7084 7120 7121 7119
f 7140 7121 7120
f 7087 7106 7140
f 7120 7087 7140
f 7121 7140 7142 7139
f 7140 7106 7141 7142
f 7136 7117 7142
f 7141 7067 7136
f 7142 7141 7136
f 7139 7142 7117 7104
f 7068 7123 7124 7122
f 7123 7071 7084 7124
f 7117 7136 7138 7135
f 7136 7067 7137 7138
f 7132 7128 7138
f 7137 7100 7132
f 7138 7137 7132
f 7164 7118 7135
f 7138 7128 7164
f 7135 7138 7164
f 7164 7128 7131 7165
f 7162 7131 7128
f 7132 7134 7162
f 7128 7132 7162
f 7145 7134 7132
f 7100 7133 7145
f 7132 7100 7145
f 7167 7144 7134
f 7145 7147 7167
f 7134 7145 7167
f 7145 7133 7146 7147
f 7168 7147 7146
f 7113 7130 7168
f 7146 7113 7168
f 7144 7167 7169 7166
f 7167 7147 7168 7169
f 7169 7168 7130 7143
f 7157 7129 7166
f 7169 7143 7157
f 7166 7169 7157
f 7131 7162 7163 7161
f 7172 7163 7162
f 7134 7144 7172
f 7162 7134 7172
f 7163 7172 7173 7171
f 7172 7144 7166 7173
f 7170 7160 7173
f 7166 7129 7170
f 7173 7166 7170
f 7129 7157 7159
f 7157 7143 7158 7159
f 7067 7151 7153 7137
f 7151 7101 7152 7153
f 7153 7152 7103 7114
f 7148 7100 7137
f 7153 7114 7148
f 7137 7153 7148
f 7152 7101 7081
f 7102 7103 7152
f 7081 7102 7152
f 7100 7148 7150 7133
f 7148 7114 7149 7150
f 7150 7149 7116 7127
f 7146 7133 7150
f 7127 7113 7146
f 7150 7127 7146
f 7149 7114 7103
f 7115 7116 7149
f 7103 7115 7149
f 7102 7081 7063
f 7082 7083 7102
f 7063 7082 7102
f 7094 7043 6943
f 7044 7046 7094
f 6943 7044 7094
f 7044 7007 7045 7046
f 7095 7046 7045
f 7008 7031 7095
f 7045 7008 7095
f 7043 7094 7096 7078
f 7094 7046 7095 7096
f 7096 7095 7031 7039
f 7091 7006 7078
f 7096 7039 7091
f 7078 7096 7091
f 7017 7008 7045
f 7045 7007 6736
f 6736 6989 7017
f 7017 7045 6736
f 7029 7016 7008
f 7017 7019 7029
f 7008 7017 7029
f 7022 7019 7017
f 6989 7018 7022
f 7017 6989 7022
f 7019 7022 7024 7021
f 7022 7018 7023 7024
f 7024 7023 6895 7015
f 7021 7024 7015
f 7016 7029 7030 7028
f 7035 7030 7029
f 7019 7021 7035
f 7029 7019 7035
f 7030 7035 7037 7034
f 7035 7021 7036 7037
f 7006 7091 7093 7074
f 7091 7039 7092 7093
f 7093 7092 7041 7064
f 7088 7038 7074
f 7093 7064 7088
f 7074 7093 7088
f 7092 7039 7031
f 7040 7041 7092
f 7031 7040 7092
f 7110 7070 7038
f 7088 7090 7110
f 7038 7088 7110
f 7088 7064 7089 7090
f 7111 7090 7089
f 7066 7080 7111
f 7089 7066 7111
f 7070 7110 7112 7086
f 7110 7090 7111 7112
f 7112 7111 7080 7097
f 7108 7086 7112
f 7097 7063 7108
f 7112 7097 7108
f 7089 7064 7041
f 7065 7066 7089
f 7041 7065 7089
f 7097 7080 7098 7099
f 7040 7031 7008
f 7016 7032 7040
f 7008 7016 7040
f 6470 6957 6959 6956
f 6957 6737 6958 6959
f 6953 6896 6959
f 6958 6738 6953
f 6959 6958 6953
f 6990 6736 7049
f 7049 6956 6959
f 6959 6896 6990
f 6990 7049 6959
f 6802 6738 6958
f 6958 6737 9
f 9 6596 6802
f 6802 6958 9
f 6893 6801 6954
f 6954 6738 6802
f 6802 6803 6893
f 6893 6954 6802
f 6860 6803 6802
f 6596 6733 6860
f 6802 6596 6860
f 6803 6860 6861 6859
f 6860 6733 6827 6861
f 6857 6800 6861
f 6827 6184 6857
f 6861 6827 6857
f 6866 6778 6914
f 6914 6859 6861
f 6861 6800 6866
f 6866 6914 6861
f 6902 6892 6950
f 6950 6801 6893
f 6893 6894 6902
f 6902 6950 6893
f 6913 6894 6893
f 6803 6859 6913
f 6893 6803 6913
f 6923 6903 6894
f 6913 6915 6923
f 6894 6913 6923
f 6913 6859 6914 6915
f 6924 6915 6914
f 6778 6891 6924
f 6914 6778 6924
f 6903 6923 6925 6911
f 6923 6915 6924 6925
f 6925 6924 6891 6916
f 6929 6855 6921
f 6921 6911 6925
f 6925 6916 6929
f 6929 6921 6925
f 6935 6901 6946
f 6946 6892 6902
f 6902 6904 6935
f 6935 6946 6902
f 6910 6904 6902
f 6894 6903 6910
f 6902 6894 6910
f 6933 6909 6904
f 6910 6912 6933
f 6904 6910 6933
f 6920 6912 6910
f 6903 6911 6920
f 6910 6903 6920
f 6912 6920 6922 6919
f 6920 6911 6921 6922
f 6926 6907 6922
f 6921 6855 6926
f 6922 6921 6926
f 6917 6900 6919
f 6922 6907 6917
f 6919 6922 6917
f 6909 6933 6934 6932
f 6933 6912 6919 6934
f 6901 6935 6936
f 6935 6904 6909 6936
f 7025 6989 6736
f 6990 6991 7025
f 6736 6990 7025
f 6990 6896 6952 6991
f 6987 6942 7026
f 7026 6991 6952
f 6952 6897 6987
f 6987 7026 6952
f 6989 7025 7027 7018
f 7025 6991 7026 7027
f 7027 7026 6942 7005
f 7023 7018 7027
f 7005 6895 7023
f 7027 7005 7023
f 6896 6953 6955 6952
f 6953 6738 6954 6955
f 6949 6905 6955
f 6954 6801 6949
f 6955 6954 6949
f 6977 6897 6952
f 6955 6905 6977
f 6952 6955 6977
f 6983 6976 6897
f 6977 6978 6983
f 6897 6977 6983
f 7001 6978 6977
f 6905 6948 7001
f 6977 6905 7001
f 6978 7001 7003 6984
f 7001 6948 7002 7003
f 7003 7002 6906 6992
f 6999 6984 7003
f 6992 6941 6999
f 7003 6992 6999
f 6976 6983 6985 6982
f 6998 6985 6983
f 6978 6984 6998
f 6983 6978 6998
f 6985 6998 7000 6997
f 6998 6984 6999 7000
f 7000 6999 6941 6979
f 6994 6975 6997
f 7000 6979 6994
f 6997 7000 6994
f 6905 6949 6951 6948
f 6949 6801 6950 6951
f 6945 6937 6951
f 6950 6892 6945
f 6951 6950 6945
f 6969 6906 7002
f 7002 6948 6951
f 6951 6937 6969
f 6969 7002 6951
f 6906 6969 6970 6968
f 6969 6937 6944 6970
f 6972 6944 6937
f 6945 6947 6972
f 6937 6945 6972
f 6945 6892 6946 6947
f 6973 6947 6946
f 6901 6939 6973
f 6946 6901 6973
f 6944 6972 6974 6971
f 6972 6947 6973 6974
f 6974 6973 6939 6940
f 6965 6938 6971
f 6974 6940 6965
f 6971 6974 6965
f 6938 6965 6967 6964
f 6965 6940 6966 6967
f 6975 6994 6996 6993
f 6994 6979 6995 6996
f 6995 6979 6941
f 6980 6981 6995
f 6941 6980 6995
f 6992 6906 6968
f 7004 6986 6942
f 6987 6988 7004
f 6942 6987 7004
f 6987 6897 6976 6988
f 6917 6907 6918
f 6907 6926 6928 6918
f 6926 6855 6927 6928
f 6927 6855 6929
f 6931 6908 6927
f 6929 6931 6927
f 6929 6916 6930 6931
f 6884 6867 6866
f 6800 6856 6884
f 6866 6800 6884
f 6884 6856 6862 6885
f 6863 6856 6800
f 6857 6858 6863
f 6800 6857 6863
f 6873 6858 6857
f 6184 6839 6873
f 6857 6184 6873
f 6858 6873 6876 6864
f 6873 6839 6874 6876
f 6876 6874 6786 6875
f 6870 6864 6876
f 6875 6848 6870
f 6876 6875 6870
f 6882 6862 6856
f 6863 6865 6882
f 6856 6863 6882
f 6869 6865 6863
f 6858 6864 6869
f 6863 6858 6869
f 6878 6868 6865
f 6869 6872 6878
f 6865 6869 6878
f 6869 6864 6870 6872
f 6879 6872 6870
f 6848 6871 6879
f 6870 6848 6879
f 6886 6877 6868
f 6878 6880 6886
f 6868 6878 6886
f 6878 6872 6879 6880
f 6877 6886 6888
f 6886 6880 6887 6888
f 6862 6882 6883 6881
f 6889 6883 6882
f 6865 6868 6889
f 6882 6865 6889
f 6889 6868 6877 6890
f 7013 1098 18
f 6739 6740 7013
f 18 6739 7013
f 6961 6740 6739
f 10 6435 6961
f 6739 10 6961
f 6740 6961 6963 6960
f 6961 6435 6962 6963
f 6963 6962 9 6737
f 6957 6470 6960
f 6963 6737 6957
f 6960 6963 6957
f 7209 7012 1098
f 7013 7014 7209
f 1098 7013 7209
f 7013 6740 6960 7014
f 7010 6898 7210
f 7210 7014 6960
f 6960 6470 7010
f 7010 7210 6960
f 7012 7209 7211 7208
f 7209 7014 7210 7211
f 7211 7210 6898 7060
f 7205 17 7208
f 7211 7060 7205
f 7208 7211 7205
f 6739 18 1283
f 1283 19 11
f 11 10 6739
f 6739 1283 11
f 178 11 19
f 20 12 178
f 19 20 178
f 195 12 20
f 21 13 195
f 20 21 195
f 214 13 21
f 22 14 214
f 21 22 214
f 23 15 14 22
f 5783 16 15
f 23 24 5783
f 15 23 5783
f 5784 5782 16 5783
f 5773 5784 5783 24
f 7395 7416 7418
f 7416 7238 7417 7418
f 7388 7407 7409 7406
f 7407 7371 7408 7409
f 7403 7391 7409
f 7408 7376 7403
f 7409 7408 7403
f 7414 7389 7406
f 7409 7391 7414
f 7406 7409 7414
f 7389 7414 7415
f 7414 7391 7402 7415
f 7391 7403 7405 7402
f 7403 7376 7404 7405
f 7405 7404 7384 7393
f 7394 7392 7402
f 7405 7393 7394
f 7402 7405 7394
f 7385 7376 7408
f 7408 7371 7377
f 7377 7379 7385
f 7385 7408 7377
f 7377 7020 7378 7379
f 7386 7379 7378
f 7247 7375 7386
f 7378 7247 7386
f 7404 7376 7385
f 7387 7384 7404
f 7385 7387 7404
f 7385 7379 7386 7387
f 7370 7247 7378
f 7378 7020 7248
f 7248 7249 7370
f 7370 7378 7248
f 7368 7249 7248
f 7183 7231 7368
f 7248 7183 7368
f 7249 7368 7369 7367
f 7368 7231 7243 7369
f 7244 7231 7183
f 7232 7233 7244
f 7183 7232 7244
f 7258 7233 7232
f 17 7204 7258
f 7232 17 7258
f 7233 7258 7260 7245
f 7258 7204 7259 7260
f 7260 7259 7059 7229
f 7254 7195 7278
f 7278 7245 7260
f 7260 7229 7254
f 7254 7278 7260
f 7231 7244 7246 7243
f 7277 7246 7244
f 7233 7245 7277
f 7244 7233 7277
f 7246 7277 7279 7276
f 7277 7245 7278 7279
f 7273 7240 7279
f 7278 7195 7273
f 7279 7278 7273
f 7312 7237 7276
f 7279 7240 7312
f 7276 7279 7312
f 7243 7246 7276
f 7276 7237 7243
f 7237 7312 7313 7311
f 7312 7240 7272 7313
f 7309 7263 7313
f 7272 7242 7309
f 7313 7272 7309
f 7311 7313 7263 7239
f 7240 7273 7275 7272
f 7273 7195 7274 7275
f 7275 7274 7241 7251
f 7269 7242 7272
f 7275 7251 7269
f 7272 7275 7269
f 7327 7268 7242
f 7269 7271 7327
f 7242 7269 7327
f 7269 7251 7270 7271
f 7283 7261 7328
f 7328 7271 7270
f 7270 7253 7283
f 7283 7328 7270
f 7268 7327 7329 7326
f 7327 7271 7328 7329
f 7323 7264 7329
f 7328 7261 7323
f 7329 7328 7323
f 7326 7329 7264 7250
f 7287 7253 7270
f 7270 7251 7241
f 7241 7252 7287
f 7287 7270 7241
f 7284 7253 7287
f 7289 7262 7284
f 7287 7289 7284
f 7287 7252 7288 7289
f 7264 7323 7325 7322
f 7323 7261 7324 7325
f 7319 7280 7325
f 7324 7265 7319
f 7325 7324 7319
f 7353 7266 7322
f 7325 7280 7353
f 7322 7325 7353
f 7266 7353 7354 7352
f 7353 7280 7318 7354
f 7351 7306 7354
f 7318 7282 7351
f 7354 7318 7351
f 7280 7319 7321 7318
f 7319 7265 7320 7321
f 7315 7294 7321
f 7320 7281 7315
f 7321 7320 7315
f 7331 7282 7318
f 7321 7294 7331
f 7318 7321 7331
f 7350 7330 7282
f 7331 7332 7350
f 7282 7331 7350
f 7334 7332 7331
f 7294 7314 7334
f 7331 7294 7334
f 7348 7333 7332
f 7334 7336 7348
f 7332 7334 7348
f 7338 7336 7334
f 7314 7335 7338
f 7334 7314 7338
f 7345 7337 7336
f 7338 7340 7345
f 7336 7338 7345
f 7358 7340 7338
f 7335 7339 7358
f 7338 7335 7358
f 7340 7358 7360 7346
f 7358 7339 7359 7360
f 7360 7359 7296
f 7365 7344 7337
f 7345 7347 7365
f 7337 7345 7365
f 7355 7347 7345
f 7340 7346 7355
f 7345 7340 7355
f 7355 7346 7356 7357
f 7366 7349 7348
f 7336 7337 7366
f 7348 7336 7366
f 7341 7314 7294
f 7315 7317 7341
f 7294 7315 7341
f 7315 7281 7316 7317
f 7342 7317 7316
f 7295 7301 7342
f 7316 7295 7342
f 7361 7335 7314
f 7341 7343 7361
f 7314 7341 7361
f 7341 7317 7342 7343
f 7362 7343 7342
f 7301 7305 7362
f 7342 7301 7362
f 7335 7361 7364 7339
f 7361 7343 7362 7364
f 7364 7362 7305 7363
f 7359 7339 7364
f 7363 7296 7359
f 7364 7363 7359
f 7297 7265 7324
f 7324 7261 7283
f 7283 7286 7297
f 7297 7324 7283
f 7283 7253 7284 7286
f 7298 7286 7284
f 7262 7285 7298
f 7284 7262 7298
f 7302 7281 7320
f 7320 7265 7297
f 7297 7300 7302
f 7302 7320 7297
f 7297 7286 7298 7300
f 7303 7300 7298
f 7285 7299 7303
f 7298 7285 7303
f 7316 7281 7302
f 7304 7295 7316
f 7302 7304 7316
f 7302 7300 7303 7304
f 7263 7309 7310 7308
f 7309 7242 7268 7310
f 7326 7250 7307
f 7307 7267 7310
f 7310 7268 7326
f 7326 7307 7310
f 7290 7241 7274
f 7274 7195 7254
f 7254 7257 7290
f 7290 7274 7254
f 7254 7229 7255 7257
f 7291 7257 7255
f 7230 7256 7291
f 7255 7230 7291
f 7241 7290 7293 7252
f 7290 7257 7291 7293
f 7293 7291 7256 7292
f 7288 7252 7293
f 7292 7228 7288
f 7293 7292 7288
f 7255 7229 7059
f 7225 7230 7255
f 7059 7225 7255
f 25 7442 7444 1105
f 7442 1097 7443 7444
f 7439 1123 7444
f 7443 1099 7439
f 7444 7443 7439
f 7478 96 7669
f 7669 1105 7444
f 7444 1123 7478
f 7478 7669 7444
f 7184 1099 7443
f 7443 1097 18
f 18 1098 7184
f 7184 7443 18
f 7373 1124 7440
f 7440 1099 7184
f 7184 7185 7373
f 7373 7440 7184
f 7235 7185 7184
f 1098 7012 7235
f 7184 1098 7235
f 7185 7235 7236 7234
f 7235 7012 7208 7236
f 7232 7183 7236
f 7208 17 7232
f 7236 7208 7232
f 7248 7020 7382
f 7382 7234 7236
f 7236 7183 7248
f 7248 7382 7236
f 7397 7372 7436
f 7436 1124 7373
f 7373 7374 7397
f 7397 7436 7373
f 7381 7374 7373
f 7185 7234 7381
f 7373 7185 7381
f 7411 7380 7374
f 7381 7383 7411
f 7374 7381 7411
f 7381 7234 7382 7383
f 7377 7371 7412
f 7412 7383 7382
f 7382 7020 7377
f 7377 7412 7382
f 7380 7411 7413 7410
f 7411 7383 7412 7413
f 7407 7388 7413
f 7412 7371 7407
f 7413 7412 7407
f 7410 7413 7388 7238
f 7450 7372 7397
f 7398 7396 7450
f 7397 7398 7450
f 7420 7398 7397
f 7374 7380 7420
f 7397 7374 7420
f 7398 7420 7421 7419
f 7420 7380 7410 7421
f 7416 7395 7421
f 7410 7238 7416
f 7421 7410 7416
f 7422 7390 7419
f 7421 7395 7422
f 7419 7421 7422
f 7502 1121 96
f 7478 7479 7502
f 96 7478 7502
f 7478 1123 7438 7479
f 7476 7427 7503
f 7503 7479 7438
f 7438 1125 7476
f 7476 7503 7438
f 1121 7502 7504 7501
f 7502 7479 7503 7504
f 7498 7483 7504
f 7503 7427 7498
f 7504 7503 7498
f 7508 1096 7522
f 7522 7501 7504
f 7504 7483 7508
f 7508 7522 7504
f 1123 7439 7441 7438
f 7439 1099 7440 7441
f 7435 7400 7441
f 7440 1124 7435
f 7441 7440 7435
f 7473 1125 7438
f 7441 7400 7473
f 7438 7441 7473
f 1125 7473 7474 7472
f 7473 7400 7434 7474
f 7474 7434 7401 7426
f 7471 7399 7488
f 7488 7472 7474
f 7474 7426 7471
f 7471 7488 7474
f 7400 7435 7437 7434
f 7435 1124 7436 7437
f 7449 7423 7437
f 7436 7372 7449
f 7437 7436 7449
f 7431 7401 7434
f 7437 7423 7431
f 7434 7437 7431
f 7401 7431 7433 7430
f 7457 7433 7431
f 7423 7432 7457
f 7431 7423 7457
f 7433 7457 7459 7456
f 7457 7432 7458 7459
f 7453 7428 7459
f 7458 7424 7453
f 7459 7458 7453
f 7464 7425 7456
f 7459 7428 7464
f 7456 7459 7464
f 7423 7449 7451 7432
f 7449 7372 7450 7451
f 7451 7450 7396 7445
f 7446 7424 7458
f 7458 7432 7451
f 7451 7445 7446
f 7446 7458 7451
f 7454 7424 7446
f 7448 7429 7454
f 7446 7448 7454
f 7446 7445 7447 7448
f 7469 7465 7464
f 7428 7452 7469
f 7464 7428 7469
f 7469 7452 7460 7470
f 7461 7452 7428
f 7453 7455 7461
f 7428 7453 7461
f 7453 7424 7454 7455
f 7455 7454 7429
f 7466 7460 7452
f 7461 7463 7466
f 7452 7461 7466
f 7461 7455 7462 7463
f 7466 7463 7467 7468
f 7543 1096 7508
f 7509 7507 7543
f 7508 7509 7543
f 7508 7483 7497 7509
f 7483 7498 7500 7497
f 7498 7427 7499 7500
f 7494 7493 7500
f 7499 7475 7494
f 7500 7499 7494
f 7505 7484 7497
f 7500 7493 7505
f 7497 7500 7505
f 7493 7494 7496
f 7494 7475 7495 7496
f 7480 7475 7499
f 7499 7427 7476
f 7476 7477 7480
f 7480 7499 7476
f 7487 7477 7476
f 1125 7472 7487
f 7476 1125 7487
f 7490 7481 7477
f 7487 7489 7490
f 7477 7487 7490
f 7487 7472 7488 7489
f 7481 7490 7492 7486
f 7490 7489 7491 7492
f 7485 7482 7480
f 7477 7481 7485
f 7480 7477 7485
f 26 1282 1284 99
f 1282 19 1283 1284
f 1284 1283 18 1097
f 7442 25 1280
f 1280 99 1284
f 1284 1097 7442
f 7442 1280 1284
f 1282 26 1482
f 1482 27 20
f 20 19 1282
f 1282 1482 20
f 28 21 20 27
f 29 22 21 28
f 30 23 22 29
f 5774 24 23
f 30 31 5774
f 23 30 5774
f 5778 5776 5775 5777
f 5770 5778 5777 5764
f 5781 5779 5773 5780
f 5776 5781 5780 5775
f 5780 5773 24
f 5774 5775 5780
f 24 5774 5780
f 5777 5775 5774
f 31 5764 5777
f 5774 31 5777
f 1318 1442 1444 1441
f 1442 1376 1443 1444
f 1444 1443 1377 1420
f 1410 1377 1443
f 1443 1376 1107
f 1107 1366 1410
f 1410 1443 1107
f 1423 1409 1377
f 1410 1412 1423
f 1377 1410 1423
f 1410 1366 1411 1412
f 1406 1374 1424
f 1424 1412 1411
f 1411 1214 1406
f 1406 1424 1411
f 1409 1423 1425 1422
f 1423 1412 1424 1425
f 1429 1415 1425
f 1424 1374 1429
f 1425 1424 1429
f 1435 1428 1426
f 1421 1427 1435
f 1426 1421 1435
f 1435 1427 1436 1437
f 1438 1421 1415
f 1429 1431 1438
f 1415 1429 1438
f 1429 1374 1430 1431
f 1439 1431 1430
f 1405 1417 1439
f 1430 1405 1439
f 1421 1438 1440 1427
f 1438 1431 1439 1440
f 1440 1439 1417 1432
f 1436 1427 1440
f 1432 1416 1436
f 1440 1432 1436
f 1432 1417 1433 1434
f 1433 1417 1405
f 1418 1419 1433
f 1405 1418 1433
f 1430 1374 1406
f 1408 1405 1430
f 1406 1408 1430
f 1406 1214 1407 1408
f 1402 1382 1408
f 1407 1362 1402
f 1408 1407 1402
f 1413 1375 1418
f 1418 1405 1408
f 1408 1382 1413
f 1413 1418 1408
f 1413 1382 1401 1414
f 1382 1402 1404 1401
f 1402 1362 1403 1404
f 1404 1403 1383 1385
f 1398 1384 1401
f 1404 1385 1398
f 1401 1404 1398
f 1384 1398 1400 1397
f 1398 1385 1399 1400
f 1400 1399 1388 1392
f 1399 1385 1383
f 1386 1388 1399
f 1383 1386 1399
f 1393 1388 1386
f 1315 1387 1393
f 1386 1315 1393
f 1394 1392 1395 1396
f 1392 1388 1393
f 1107 1367 1369 1366
f 1367 1215 1368 1369
f 1369 1368 1217 1316
f 1363 1214 1411
f 1411 1366 1369
f 1369 1316 1363
f 1363 1411 1369
f 1273 1217 1368
f 1368 1215 95
f 95 1216 1273
f 1273 1368 95
f 1217 1273 1275 1272
f 1273 1216 1274 1275
f 1275 1274 1103 1211
f 1269 1140 1355
f 1355 1272 1275
f 1275 1211 1269
f 1269 1355 1275
f 1389 1362 1407
f 1407 1214 1363
f 1363 1365 1389
f 1389 1407 1363
f 1363 1316 1364 1365
f 1390 1365 1364
f 1317 1357 1390
f 1364 1317 1390
f 1403 1362 1389
f 1391 1383 1403
f 1389 1391 1403
f 1389 1365 1390 1391
f 1391 1390 1357 1359
f 1386 1383 1391
f 1359 1315 1386
f 1391 1359 1386
f 1354 1317 1364
f 1364 1316 1217
f 1217 1272 1354
f 1354 1364 1217
f 1317 1354 1356 1353
f 1354 1272 1355 1356
f 1356 1355 1140 1313
f 1350 1251 1353
f 1356 1313 1350
f 1353 1356 1350
f 1359 1357 1360 1361
f 1360 1357 1317
f 1353 1358 1360
f 1317 1353 1360
f 1251 1350 1352 1349
f 1350 1313 1351 1352
f 1352 1351 1314 1328
f 1322 1314 1351
f 1351 1313 1140
f 1140 1268 1322
f 1322 1351 1140
f 1330 1321 1314
f 1322 1324 1330
f 1314 1322 1330
f 1322 1268 1323 1324
f 1331 1324 1323
f 1210 1311 1331
f 1323 1210 1331
f 1337 1329 1321
f 1330 1332 1337
f 1321 1330 1337
f 1330 1324 1331 1332
f 1338 1332 1331
f 1311 1319 1338
f 1331 1311 1338
f 1346 1336 1329
f 1337 1339 1346
f 1329 1337 1346
f 1337 1332 1338 1339
f 1347 1339 1338
f 1319 1325 1347
f 1338 1319 1347
f 1336 1346 1348 1341
f 1346 1339 1347 1348
f 1348 1347 1325 1333
f 1344 1341 1348
f 1333 1255 1344
f 1348 1333 1344
f 1343 1342 1340
f 1336 1341 1343
f 1340 1336 1343
f 1343 1341 1344 1345
f 1333 1325 1334 1335
f 1334 1325 1319
f 1326 1327 1334
f 1319 1326 1334
f 1319 1311 1320
f 1320 1311 1210
f 1264 1312 1320
f 1210 1264 1320
f 1140 1269 1271 1268
f 1269 1211 1270 1271
f 1271 1270 1213 1248
f 1265 1210 1323
f 1323 1268 1271
f 1271 1248 1265
f 1265 1323 1271
f 1293 1213 1270
f 1270 1211 1103
f 1103 1212 1293
f 1293 1270 1103
f 1213 1293 1295 1249
f 1293 1212 1294 1295
f 1295 1294 1113 1207
f 1290 1249 1295
f 1207 1170 1290
f 1295 1207 1290
f 1210 1265 1267 1264
f 1265 1248 1266 1267
f 1306 1252 1267
f 1266 1250 1306
f 1267 1266 1306
f 1261 1247 1264
f 1267 1252 1261
f 1264 1267 1261
f 1289 1250 1266
f 1266 1248 1213
f 1213 1249 1289
f 1289 1266 1213
f 1307 1250 1289
f 1292 1253 1307
f 1289 1292 1307
f 1289 1249 1290 1292
f 1292 1290 1170 1291
f 1286 1253 1292
f 1291 1240 1286
f 1292 1291 1286
f 1303 1263 1261
f 1252 1262 1303
f 1261 1252 1303
f 1263 1303 1305 1302
f 1303 1262 1304 1305
f 1305 1304 1254 1258
f 1299 1256 1302
f 1305 1258 1299
f 1302 1305 1299
f 1309 1263 1302 1310
f 1252 1306 1308 1262
f 1306 1250 1307 1308
f 1308 1307 1253 1285
f 1304 1262 1308
f 1285 1254 1304
f 1308 1285 1304
f 1259 1254 1285
f 1288 1257 1259
f 1285 1288 1259
f 1285 1253 1286 1288
f 1288 1286 1240 1287
f 1299 1258 1300 1301
f 1301 1300 1260
f 1300 1258 1254
f 1259 1260 1300
f 1254 1259 1300
f 1237 1206 1170
f 1207 1209 1237
f 1170 1207 1237
f 1207 1113 1208 1209
f 1224 1203 1238
f 1238 1209 1208
f 1208 1157 1224
f 1224 1238 1208
f 1206 1237 1239 1236
f 1237 1209 1238 1239
f 1233 1204 1239
f 1238 1203 1233
f 1239 1238 1233
f 1204 1233 1235
f 1233 1203 1234 1235
f 1229 1222 1235
f 1234 1205 1229
f 1235 1234 1229
f 1222 1229 1232 1228
f 1229 1205 1230 1232
f 1232 1230 1223 1231
f 1241 1205 1234
f 1234 1203 1224
f 1224 1227 1241
f 1241 1234 1224
f 1224 1157 1225 1227
f 1242 1227 1225
f 1197 1226 1242
f 1225 1197 1242
f 1230 1205 1241
f 1244 1223 1230
f 1241 1244 1230
f 1241 1227 1242 1244
f 1244 1242 1226 1243
f 1226 1197 1245 1246
f 95 1276 1278 1216
f 1276 1104 1277 1278
f 1278 1277 1106 1114
f 1296 1103 1274
f 1274 1216 1278
f 1278 1114 1296
f 1296 1274 1278
f 7668 1106 1277
f 1277 1104 25
f 25 1105 7668
f 7668 1277 25
f 1106 7668 7670 1115
f 7668 1105 7669 7670
f 7670 7669 96 1120
f 7665 1095 1115
f 7670 1120 7665
f 1115 7670 7665
f 1103 1296 1298 1212
f 1296 1114 1297 1298
f 1298 1297 1116 1158
f 1294 1212 1298
f 1158 1113 1294
f 1298 1158 1294
f 1297 1114 1106
f 1115 1116 1297
f 1106 1115 1297
f 1129 1100 1159
f 1159 1116 1115
f 1115 1095 1129
f 1129 1159 1115
f 1198 1157 1208
f 1208 1113 1158
f 1158 1160 1198
f 1198 1208 1158
f 1158 1116 1159 1160
f 1154 1110 1199
f 1199 1160 1159
f 1159 1100 1154
f 1154 1199 1159
f 1225 1157 1198
f 1200 1197 1225
f 1198 1200 1225
f 1198 1160 1199 1200
f 1194 1162 1200
f 1199 1110 1194
f 1200 1199 1194
f 1197 1200 1162
f 1162 1194 1196 1193
f 1194 1110 1195 1196
f 1196 1195 1153 1164
f 1190 1163 1193
f 1196 1164 1190
f 1193 1196 1190
f 1163 1190 1192 1189
f 1190 1164 1191 1192
f 1186 1167 1192
f 1191 1166 1186
f 1192 1191 1186
f 1174 1166 1191
f 1191 1164 1153
f 1153 1165 1174
f 1174 1191 1153
f 1187 1166 1174
f 1177 1168 1187
f 1174 1177 1187
f 1174 1165 1175 1177
f 1177 1175 1112 1176
f 1172 1168 1177
f 1176 1161 1172
f 1177 1176 1172
f 1201 1167 1185 1202
f 1167 1186 1188 1185
f 1186 1166 1187 1188
f 1188 1187 1168 1171
f 1181 1169 1185
f 1188 1171 1181
f 1185 1188 1181
f 1169 1181 1184
f 1181 1171 1182 1184
f 1184 1182 1173 1183
f 1182 1171 1168
f 1172 1173 1182
f 1168 1172 1182
f 1178 1153 1195
f 1195 1110 1154
f 1154 1156 1178
f 1178 1195 1154
f 1154 1100 1155 1156
f 1179 1156 1155
f 1111 1135 1179
f 1155 1111 1179
f 1153 1178 1180 1165
f 1178 1156 1179 1180
f 1180 1179 1135 1150
f 1175 1165 1180
f 1150 1112 1175
f 1180 1150 1175
f 1112 1150 1152 1149
f 1150 1135 1151 1152
f 1152 1151 1137 1138
f 1143 1137 1151
f 1151 1135 1111
f 1111 1136 1143
f 1143 1151 1111
f 1137 1143 1145 1139
f 1143 1136 1144 1145
f 1145 1144 1102 1132
f 1142 1139 1145
f 1132 1108 1142
f 1145 1132 1142
f 1141 1139 1142
f 1146 1111 1155
f 1155 1100 1129
f 1129 1131 1146
f 1146 1155 1129
f 1129 1095 1130 1131
f 7691 1117 1147
f 1147 1131 1130
f 1130 1101 7691
f 7691 1147 1130
f 1111 1146 1148 1136
f 1146 1131 1147 1148
f 7744 1126 1148
f 1147 1117 7744
f 1148 1147 7744
f 7734 1102 1144
f 1144 1136 1148
f 1148 1126 7734
f 7734 1144 1148
f 1102 7734 7736 1133
f 7734 1126 7735 7736
f 7731 7724 7736
f 7735 1128 7731
f 7736 7735 7731
f 1133 7736 7724 1109
f 1126 7744 7746 7735
f 7744 1117 7745 7746
f 7746 7745 1127 7701
f 7741 1128 7735
f 7746 7701 7741
f 7735 7746 7741
f 1128 7741 7743 7732
f 7741 7701 7742 7743
f 7743 7742 7702 7722
f 7738 7700 7732
f 7743 7722 7738
f 7732 7743 7738
f 7715 7702 7742
f 7742 7701 1127
f 1127 7695 7715
f 7715 7742 1127
f 7702 7715 7716 7714
f 7715 7695 7703 7716
f 7700 7738 7740 7728
f 7738 7722 7739 7740
f 7739 7722 7702
f 7714 7723 7739
f 7702 7714 7739
f 7724 7731 7733 7730
f 7731 1128 7732 7733
f 7727 7726 7733
f 7732 7700 7727
f 7733 7732 7727
f 7747 7725 7730
f 7733 7726 7747
f 7730 7733 7747
f 7737 7729 7727
f 7700 7728 7737
f 7727 7700 7737
f 7696 1127 7745
f 7745 1117 7691
f 7691 7692 7696
f 7696 7745 7691
f 7691 1101 7661 7692
f 7690 7660 7697
f 7697 7692 7661
f 7661 1118 7690
f 7690 7697 7661
f 7704 7695 1127
f 7696 7698 7704
f 1127 7696 7704
f 7696 7692 7697 7698
f 7720 7693 7705
f 7705 7698 7697
f 7697 7660 7720
f 7720 7705 7697
f 7711 7703 7695
f 7704 7706 7711
f 7695 7704 7711
f 7704 7698 7705 7706
f 7717 7694 7712
f 7712 7706 7705
f 7705 7693 7717
f 7717 7712 7705
f 7703 7711 7713 7710
f 7711 7706 7712 7713
f 7707 7699 7713
f 7712 7694 7707
f 7713 7712 7707
f 7710 7713 7699 1119
f 7707 7694 7708 7709
f 7717 7693 7718 7719
f 7720 7660 7721
f 1132 1102 1133 1134
f 1095 7665 7667 1130
f 7665 1120 7666 7667
f 7667 7666 1122 7533
f 7662 1101 1130
f 7667 7533 7662
f 1130 7667 7662
f 7513 1122 7666
f 7666 1120 96
f 96 1121 7513
f 7513 7666 96
f 7531 7512 1122
f 7513 7514 7531
f 1122 7513 7531
f 7521 7514 7513
f 1121 7501 7521
f 7513 1121 7521
f 7562 7520 7514
f 7521 7523 7562
f 7514 7521 7562
f 7521 7501 7522 7523
f 7542 7510 7563
f 7563 7523 7522
f 7522 1096 7542
f 7542 7563 7522
f 7520 7562 7564 7561
f 7562 7523 7563 7564
f 7564 7563 7510 7516
f 7558 7506 7561
f 7564 7516 7558
f 7561 7564 7558
f 7512 7531 7532 7530
f 7531 7514 7520 7532
f 7561 7506 7528
f 7528 7519 7532
f 7532 7520 7561
f 7561 7528 7532
f 7530 7532 7519
f 1101 7662 7664 7661
f 7662 7533 7663 7664
f 7675 7654 7664
f 7663 7534 7675
f 7664 7663 7675
f 7657 1118 7661
f 7664 7654 7657
f 7661 7664 7657
f 7643 7534 7663
f 7663 7533 1122
f 1122 7512 7643
f 7643 7663 1122
f 7652 7642 7676
f 7676 7534 7643
f 7643 7644 7652
f 7652 7676 7643
f 7646 7644 7643
f 7512 7530 7646
f 7643 7512 7646
f 7649 7645 7644
f 7646 7648 7649
f 7644 7646 7649
f 7646 7530 7647 7648
f 7649 7648 7650 7651
f 7655 7653 7652
f 7644 7645 7655
f 7652 7644 7655
f 7688 7656 1118
f 7657 7659 7688
f 1118 7657 7688
f 7672 7659 7657
f 7654 7658 7672
f 7657 7654 7672
f 7687 7671 7659
f 7672 7674 7687
f 7659 7672 7687
f 7680 7674 7672
f 7658 7673 7680
f 7672 7658 7680
f 7674 7680 7682 7679
f 7680 7673 7681 7682
f 7687 7674 7679
f 7688 7659 7671 7689
f 7683 7658 7654
f 7675 7678 7683
f 7654 7675 7683
f 7675 7534 7676 7678
f 7684 7678 7676
f 7642 7677 7684
f 7676 7642 7684
f 7658 7683 7686 7673
f 7683 7678 7684 7686
f 7686 7684 7677 7685
f 7673 7686 7685
f 7557 7515 7548
f 7548 7529 7528
f 7528 7506 7557
f 7557 7548 7528
f 7506 7558 7560 7557
f 7558 7516 7559 7560
f 7572 7525 7560
f 7559 7518 7572
f 7560 7559 7572
f 7554 7515 7557
f 7560 7525 7554
f 7557 7560 7554
f 7538 7518 7559
f 7559 7516 7510
f 7510 7517 7538
f 7538 7559 7510
f 7573 7518 7538
f 7541 7526 7573
f 7538 7541 7573
f 7538 7517 7539 7541
f 7541 7539 7511 7540
f 7515 7554 7556 7553
f 7609 7556 7554
f 7525 7555 7609
f 7554 7525 7609
f 7556 7609 7611 7608
f 7609 7555 7610 7611
f 7605 7550 7611
f 7610 7527 7605
f 7611 7610 7605
f 7639 7547 7608
f 7611 7550 7639
f 7608 7611 7639
f 7608 7547 7580
f 7580 7524 7553
f 7553 7556 7608
f 7608 7580 7553
f 7525 7572 7574 7555
f 7572 7518 7573 7574
f 7574 7573 7526 7535
f 7569 7527 7610
f 7610 7555 7574
f 7574 7535 7569
f 7569 7610 7574
f 7588 7551 7606
f 7606 7527 7569
f 7569 7571 7588
f 7588 7606 7569
f 7569 7535 7570 7571
f 7589 7571 7570
f 7537 7546 7589
f 7570 7537 7589
f 7551 7588 7591 7567
f 7588 7571 7589 7591
f 7591 7589 7546 7590
f 7567 7591 7590
f 7570 7535 7526
f 7536 7537 7570
f 7526 7536 7570
f 7547 7639 7640 7638
f 7639 7550 7604 7640
f 7636 7578 7640
f 7604 7552 7636
f 7640 7604 7636
f 7638 7640 7578 7549
f 7550 7605 7607 7604
f 7605 7527 7606 7607
f 7607 7606 7551 7566
f 7601 7552 7604
f 7607 7566 7601
f 7604 7607 7601
f 7552 7601 7603 7600
f 7601 7566 7602 7603
f 7621 7575 7603
f 7602 7568 7621
f 7603 7602 7621
f 7597 7565 7600
f 7603 7575 7597
f 7600 7603 7597
f 7584 7568 7602
f 7602 7566 7551
f 7551 7567 7584
f 7584 7602 7551
f 7622 7568 7584
f 7587 7576 7622
f 7584 7587 7622
f 7584 7567 7585 7587
f 7586 7587 7585
f 7630 7596 7565
f 7597 7599 7630
f 7565 7597 7630
f 7618 7599 7597
f 7575 7598 7618
f 7597 7575 7618
f 7599 7618 7620 7617
f 7618 7598 7619 7620
f 7620 7619 7577 7594
f 7613 7592 7617
f 7620 7594 7613
f 7617 7620 7613
f 7596 7630 7631 7629
f 7630 7599 7617 7631
f 7627 7616 7631
f 7617 7592 7627
f 7631 7617 7627
f 7629 7631 7616
f 7575 7621 7623 7598
f 7621 7568 7622 7623
f 7623 7622 7576 7581
f 7619 7598 7623
f 7581 7577 7619
f 7623 7581 7619
f 7581 7576 7582 7583
f 7641 7628 7627
f 7592 7612 7641
f 7627 7592 7641
f 7624 7612 7592
f 7613 7615 7624
f 7592 7613 7624
f 7613 7594 7614 7615
f 7624 7615 7625 7626
f 7594 7577 7595
f 7578 7636 7637 7635
f 7636 7552 7600 7637
f 7633 7593 7637
f 7600 7565 7633
f 7637 7600 7633
f 7635 7637 7593 7579
f 7593 7633 7634 7632
f 7633 7565 7596 7634
f 7510 7542 7545 7517
f 7542 1096 7543 7545
f 7545 7543 7507 7544
f 7539 7517 7545
f 7544 7511 7539
f 7545 7544 7539
f 32 1477 1479 1476
f 1477 98 1478 1479
f 1479 1478 100 1219
f 1473 97 1476
f 1479 1219 1473
f 1476 1479 1473
f 1279 100 1478
f 1478 98 26
f 26 99 1279
f 1279 1478 26
f 100 1279 1281 1220
f 1279 99 1280 1281
f 1281 1280 25 1104
f 1276 95 1372
f 1372 1220 1281
f 1281 1104 1276
f 1276 1372 1281
f 97 1473 1475 1472
f 1473 1219 1474 1475
f 1475 1474 1221 1379
f 1469 1218 1550
f 1550 1472 1475
f 1475 1379 1469
f 1469 1550 1475
f 1371 1221 1474
f 1474 1219 100
f 100 1220 1371
f 1371 1474 100
f 1221 1371 1373 1370
f 1371 1220 1372 1373
f 1373 1372 95 1215
f 1367 1107 1447
f 1447 1370 1373
f 1373 1215 1367
f 1367 1447 1373
f 1218 1469 1471 1468
f 1469 1379 1470 1471
f 1471 1470 1380 1450
f 1465 1378 1511
f 1511 1468 1471
f 1471 1450 1465
f 1465 1511 1471
f 1446 1380 1470
f 1470 1379 1221
f 1221 1370 1446
f 1446 1470 1221
f 1380 1446 1448 1445
f 1446 1370 1447 1448
f 1448 1447 1107 1376
f 1442 1318 1455
f 1455 1445 1448
f 1448 1376 1442
f 1442 1455 1448
f 1497 1464 1378
f 1465 1467 1497
f 1378 1465 1497
f 1465 1450 1466 1467
f 1498 1467 1466
f 1451 1461 1498
f 1466 1451 1498
f 1500 1496 1464
f 1497 1499 1500
f 1464 1497 1500
f 1497 1467 1498 1499
f 1501 1499 1498
f 1461 1463 1501
f 1498 1461 1501
f 1500 1499 1501 1502
f 1454 1451 1466
f 1466 1450 1380
f 1380 1445 1454
f 1454 1466 1380
f 1458 1453 1451
f 1454 1456 1458
f 1451 1454 1458
f 1454 1445 1455 1456
f 1459 1456 1455
f 1318 1449 1459
f 1455 1318 1459
f 1453 1458 1460 1457
f 1458 1456 1459 1460
f 1460 1459 1449
f 33 1481 1483 1480
f 1481 27 1482 1483
f 1483 1482 26 98
f 1477 32 1480
f 1483 98 1477
f 1480 1483 1477
f 1481 33 34
f 28 27 1481
f 34 28 1481
f 35 29 28 34
f 36 30 29 35
f 5765 31 30
f 36 37 5765
f 30 36 5765
f 5769 5767 5766 5768
f 5761 5769 5768 5755
f 5772 5770 5764 5771
f 5767 5772 5771 5766
f 5771 5764 31
f 5765 5766 5771
f 31 5765 5771
f 5768 5766 5765
f 37 5755 5768
f 5765 37 5768
f 38 2483 2485 2482
f 2483 2244 2484 2485
f 2485 2484 2245 2416
f 2479 2243 2482
f 2485 2416 2479
f 2482 2485 2479
f 2401 2245 2484
f 2484 2244 1648
f 1648 2149 2401
f 2401 2484 1648
f 2245 2401 2403 2400
f 2401 2149 2402 2403
f 2403 2402 1649 2241
f 2397 2021 2451
f 2451 2400 2403
f 2403 2241 2397
f 2397 2451 2403
f 2243 2479 2481 2478
f 2479 2416 2480 2481
f 2481 2480 2417 2436
f 2475 2415 2520
f 2520 2478 2481
f 2481 2436 2475
f 2475 2520 2481
f 2450 2417 2480
f 2480 2416 2245
f 2245 2400 2450
f 2450 2480 2245
f 2417 2450 2452 2437
f 2450 2400 2451 2452
f 2452 2451 2021 2413
f 2448 2437 2452
f 2413 2360 2448
f 2452 2413 2448
f 2415 2475 2477 2474
f 2475 2436 2476 2477
f 2471 2440 2477
f 2476 2438 2471
f 2477 2476 2471
f 2536 2474 2477
f 2440 2435 2536
f 2477 2440 2536
f 2447 2438 2476
f 2476 2436 2417
f 2417 2437 2447
f 2447 2476 2417
f 2457 2441 2472
f 2472 2438 2447
f 2447 2449 2457
f 2457 2472 2447
f 2447 2437 2448 2449
f 2458 2449 2448
f 2360 2434 2458
f 2448 2360 2458
f 2497 2441 2457
f 2460 2445 2497
f 2457 2460 2497
f 2457 2449 2458 2460
f 2460 2458 2434 2459
f 2455 2445 2460
f 2459 2433 2455
f 2460 2459 2455
f 2440 2471 2473 2470
f 2471 2438 2472 2473
f 2496 2444 2473
f 2472 2441 2496
f 2473 2472 2496
f 2467 2442 2470
f 2473 2444 2467
f 2470 2473 2467
f 2442 2467 2469 2466
f 2467 2444 2468 2469
f 2463 2462 2469
f 2468 2446 2463
f 2469 2468 2463
f 2444 2496 2498 2468
f 2496 2441 2497 2498
f 2498 2497 2445 2454
f 2493 2446 2468
f 2498 2454 2493
f 2468 2498 2493
f 2446 2493 2495 2464
f 2493 2454 2494 2495
f 2495 2494 2456 2461
f 2491 2464 2495
f 2461 2453 2491
f 2495 2461 2491
f 2494 2454 2445
f 2455 2456 2494
f 2445 2455 2494
f 2490 2465 2463
f 2446 2464 2490
f 2463 2446 2490
f 2490 2464 2491 2492
f 1648 2150 2152 2149
f 2150 101 2151 2152
f 2152 2151 1491 1848
f 2146 1649 2402
f 2402 2149 2152
f 2152 1848 2146
f 2146 2402 2152
f 2324 2145 1649
f 2146 2148 2324
f 1649 2146 2324
f 2146 1848 2147 2148
f 2142 2019 2325
f 2325 2148 2147
f 2147 1849 2142
f 2142 2325 2147
f 2145 2324 2326 2307
f 2324 2148 2325 2326
f 2326 2325 2019 2182
f 2321 1847 2307
f 2326 2182 2321
f 2307 2326 2321
f 1939 1849 2147
f 2147 1848 1491
f 1491 1667 1939
f 1939 2147 1491
f 2057 1938 2143
f 2143 1849 1939
f 1939 1940 2057
f 2057 2143 1939
f 1939 1667 1922 1940
f 1936 1845 2058
f 2058 1940 1922
f 1922 102 1936
f 1936 2058 1922
f 1938 2057 2059 2056
f 2057 1940 2058 2059
f 2053 1977 2059
f 2058 1845 2053
f 2059 2058 2053
f 2077 1647 2126
f 2126 2056 2059
f 2059 1977 2077
f 2077 2126 2059
f 1847 2321 2323 2303
f 2321 2182 2322 2323
f 2323 2322 2183 2237
f 2318 2181 2341
f 2341 2303 2323
f 2323 2237 2318
f 2318 2341 2323
f 2210 2183 2322
f 2322 2182 2019
f 2019 2141 2210
f 2210 2322 2019
f 2183 2210 2212 2209
f 2210 2141 2211 2212
f 2226 2179 2212
f 2211 2020 2226
f 2212 2211 2226
f 2206 2120 2251
f 2251 2209 2212
f 2212 2179 2206
f 2206 2251 2212
f 2181 2318 2320 2299
f 2318 2237 2319 2320
f 2320 2319 2238 2256
f 2316 2299 2320
f 2256 2236 2316
f 2320 2256 2316
f 2250 2238 2319
f 2319 2237 2183
f 2183 2209 2250
f 2250 2319 2183
f 2269 2249 2238
f 2250 2252 2269
f 2238 2250 2269
f 2250 2209 2251 2252
f 2276 2234 2270
f 2270 2252 2251
f 2251 2120 2276
f 2276 2270 2251
f 2249 2269 2271 2268
f 2269 2252 2270 2271
f 2271 2270 2234 2246
f 2265 2186 2268
f 2271 2246 2265
f 2268 2271 2265
f 2293 2257 2256
f 2238 2249 2293
f 2256 2238 2293
f 2257 2293 2294 2292
f 2293 2249 2268 2294
f 2290 2255 2294
f 2268 2186 2290
f 2294 2268 2290
f 2019 2142 2144 2141
f 2142 1849 2143 2144
f 2144 2143 1938 2087
f 2138 2020 2211
f 2211 2141 2144
f 2144 2087 2138
f 2138 2211 2144
f 2227 2020 2138
f 2140 2137 2227
f 2138 2140 2227
f 2138 2087 2139 2140
f 2134 2117 2140
f 2139 2088 2134
f 2140 2139 2134
f 2159 2086 2190
f 2190 2137 2140
f 2140 2117 2159
f 2159 2190 2140
f 2125 2088 2139
f 2139 2087 1938
f 1938 2056 2125
f 2125 2139 1938
f 2135 2088 2125
f 2127 2118 2135
f 2125 2127 2135
f 2125 2056 2126 2127
f 2127 2126 1647 2085
f 2118 2127 2085
f 2086 2159 2160 2158
f 2168 2160 2159
f 2117 2133 2168
f 2159 2117 2168
f 2160 2168 2170 2167
f 2168 2133 2169 2170
f 2164 2157 2170
f 2169 2119 2164
f 2170 2169 2164
f 2117 2134 2136 2133
f 2134 2088 2135 2136
f 2136 2135 2118 2122
f 2129 2119 2169
f 2169 2133 2136
f 2136 2122 2129
f 2129 2169 2136
f 2165 2119 2129
f 2132 2128 2165
f 2129 2132 2165
f 2129 2122 2130 2132
f 2132 2130 2124 2131
f 2130 2122 2118
f 2123 2124 2130
f 2118 2123 2130
f 2172 2163 2157
f 2164 2166 2172
f 2157 2164 2172
f 2164 2119 2165 2166
f 2173 2166 2165
f 2128 2161 2173
f 2165 2128 2173
f 2175 2171 2163
f 2172 2174 2175
f 2163 2172 2175
f 2172 2166 2173 2174
f 2176 2174 2173
f 2161 2162 2176
f 2173 2161 2176
f 2175 2174 2176 2177
f 2290 2186 2264 2291
f 2287 2264 2186
f 2265 2267 2287
f 2186 2265 2287
f 2265 2246 2266 2267
f 2260 2253 2288
f 2288 2267 2266
f 2266 2248 2260
f 2260 2288 2266
f 2264 2287 2289 2286
f 2287 2267 2288 2289
f 2283 2280 2289
f 2288 2253 2283
f 2289 2288 2283
f 2272 2248 2266
f 2266 2246 2234
f 2234 2247 2272
f 2272 2266 2234
f 2261 2248 2272
f 2275 2254 2261
f 2272 2275 2261
f 2272 2247 2273 2275
f 2275 2273 2235 2274
f 2280 2283 2285 2282
f 2283 2253 2284 2285
f 2285 2284 2259 2281
f 2284 2253 2260
f 2263 2259 2284
f 2260 2263 2284
f 2260 2248 2261 2263
f 2263 2261 2254 2262
f 2234 2276 2279 2247
f 2276 2120 2277 2279
f 2279 2277 2205 2278
f 2273 2247 2279
f 2278 2235 2273
f 2279 2278 2273
f 2277 2120 2206
f 2208 2205 2277
f 2206 2208 2277
f 2206 2179 2207 2208
f 2202 2184 2208
f 2207 2180 2202
f 2208 2207 2202
f 2205 2208 2184 2178
f 2179 2226 2228 2207
f 2226 2020 2227 2228
f 2228 2227 2137 2189
f 2223 2180 2207
f 2228 2189 2223
f 2207 2228 2223
f 2180 2223 2225 2203
f 2223 2189 2224 2225
f 2225 2224 2192 2193
f 2220 2185 2203
f 2225 2193 2220
f 2203 2225 2220
f 2224 2189 2137
f 2190 2192 2224
f 2137 2190 2224
f 2194 2192 2190
f 2086 2191 2194
f 2190 2086 2194
f 2185 2220 2222 2199
f 2220 2193 2221 2222
f 2222 2221 2196 2213
f 2218 2199 2222
f 2213 2188 2218
f 2222 2213 2218
f 2221 2193 2192
f 2194 2196 2221
f 2192 2194 2221
f 2214 2196 2194
f 2191 2195 2214
f 2194 2191 2214
f 2213 2196 2214 2215
f 2184 2202 2204 2201
f 2202 2180 2203 2204
f 2198 2187 2204
f 2203 2185 2198
f 2204 2203 2198
f 2187 2198 2200
f 2217 2200 2198
f 2185 2199 2217
f 2198 2185 2217
f 2200 2217 2219 2216
f 2217 2199 2218 2219
f 2219 2218 2188 2197
f 2231 2230 2229
f 2200 2216 2231
f 2229 2200 2231
f 2231 2216 2232 2233
f 2413 2021 2396 2414
f 2430 2396 2021
f 2397 2399 2430
f 2021 2397 2430
f 2397 2241 2398 2399
f 2409 2358 2431
f 2431 2399 2398
f 2398 2242 2409
f 2409 2431 2398
f 2396 2430 2432 2429
f 2430 2399 2431 2432
f 2432 2431 2358 2393
f 2426 2240 2429
f 2432 2393 2426
f 2429 2432 2426
f 2306 2242 2398
f 2398 2241 1649
f 1649 2145 2306
f 2306 2398 1649
f 2362 2305 2410
f 2410 2242 2306
f 2306 2308 2362
f 2362 2410 2306
f 2306 2145 2307 2308
f 2302 2239 2363
f 2363 2308 2307
f 2307 1847 2302
f 2302 2363 2307
f 2371 2361 2305
f 2362 2364 2371
f 2305 2362 2371
f 2362 2308 2363 2364
f 2372 2364 2363
f 2239 2354 2372
f 2363 2239 2372
f 2383 2370 2361
f 2371 2373 2383
f 2361 2371 2383
f 2371 2364 2372 2373
f 2384 2373 2372
f 2354 2355 2384
f 2372 2354 2384
f 2370 2383 2385 2378
f 2383 2373 2384 2385
f 2385 2384 2355 2365
f 2380 2121 2391
f 2391 2378 2385
f 2385 2365 2380
f 2380 2391 2385
f 2240 2426 2428 2425
f 2426 2393 2427 2428
f 2422 2412 2428
f 2427 2395 2422
f 2428 2427 2422
f 2405 2395 2427
f 2427 2393 2358
f 2358 2394 2405
f 2405 2427 2358
f 2423 2395 2405
f 2408 2404 2423
f 2405 2408 2423
f 2405 2394 2406 2408
f 2408 2406 2359 2407
f 2422 2395 2423 2424
f 2358 2409 2411 2394
f 2409 2242 2410 2411
f 2411 2410 2305 2368
f 2406 2394 2411
f 2368 2359 2406
f 2411 2368 2406
f 2374 2369 2368
f 2305 2361 2374
f 2368 2305 2374
f 2377 2375 2374
f 2361 2370 2377
f 2374 2361 2377
f 2390 2379 2377
f 2370 2378 2390
f 2377 2370 2390
f 2379 2390 2392 2389
f 2390 2378 2391 2392
f 2386 2376 2392
f 2391 2121 2386
f 2392 2391 2386
f 2386 2121 2387 2388
f 2121 2380 2382
f 2380 2365 2381 2382
f 2381 2365 2355
f 2366 2367 2381
f 2355 2366 2381
f 2366 2355 2354
f 2356 2357 2366
f 2354 2356 2366
f 2239 2302 2304 2301
f 2340 2304 2302
f 1847 2303 2340
f 2302 1847 2340
f 2304 2340 2342 2339
f 2340 2303 2341 2342
f 2342 2341 2181 2298
f 2336 2258 2339
f 2342 2298 2336
f 2339 2342 2336
f 2258 2336 2338 2335
f 2336 2298 2337 2338
f 2332 2309 2338
f 2337 2300 2332
f 2338 2337 2332
f 2352 2297 2335
f 2338 2309 2352
f 2335 2338 2352
f 2315 2300 2337
f 2337 2298 2181
f 2181 2299 2315
f 2315 2337 2181
f 2346 2310 2333
f 2333 2300 2315
f 2315 2317 2346
f 2346 2333 2315
f 2315 2299 2316 2317
f 2347 2317 2316
f 2236 2296 2347
f 2316 2236 2347
f 2310 2346 2349 2313
f 2346 2317 2347 2349
f 2349 2347 2296 2348
f 2344 2313 2349
f 2348 2295 2344
f 2349 2348 2344
f 2352 2309 2331 2353
f 2309 2332 2334 2331
f 2332 2300 2333 2334
f 2334 2333 2310 2312
f 2328 2311 2331
f 2334 2312 2328
f 2331 2334 2328
f 2350 2327 2311
f 2328 2330 2350
f 2311 2328 2350
f 2328 2312 2329 2330
f 2350 2330 2351
f 2343 2314 2329
f 2329 2312 2310
f 2310 2313 2343
f 2343 2329 2310
f 2343 2313 2344 2345
f 1668 1491 2151
f 2151 101 1492
f 1492 1493 1668
f 1668 2151 1492
f 1492 32 1476 1493
f 1489 1381 1669
f 1669 1493 1476
f 1476 97 1489
f 1489 1669 1476
f 1923 1667 1491
f 1668 1670 1923
f 1491 1668 1923
f 1668 1493 1669 1670
f 1664 1575 1924
f 1924 1670 1669
f 1669 1381 1664
f 1664 1924 1669
f 1667 1923 1925 1922
f 1923 1670 1924 1925
f 1925 1924 1575 1737
f 1919 102 1922
f 1925 1737 1919
f 1922 1925 1919
f 102 1919 1921 1918
f 1919 1737 1920 1921
f 1921 1920 1738 1843
f 1915 1736 1993
f 1993 1918 1921
f 1921 1843 1915
f 1915 1993 1921
f 1802 1738 1920
f 1920 1737 1575
f 1575 1663 1802
f 1802 1920 1575
f 1873 1801 1738
f 1802 1803 1873
f 1738 1802 1873
f 1802 1663 1775 1803
f 1799 1734 1874
f 1874 1803 1775
f 1775 1576 1799
f 1799 1874 1775
f 1801 1873 1875 1856
f 1873 1803 1874 1875
f 1875 1874 1734 1810
f 1871 1856 1875
f 1810 1646 1871
f 1875 1810 1871
f 1736 1915 1917 1914
f 1915 1843 1916 1917
f 1956 1883 1917
f 1916 1844 1956
f 1917 1916 1956
f 1911 1842 1914
f 1917 1883 1911
f 1914 1917 1911
f 1855 1844 1916
f 1916 1843 1738
f 1738 1801 1855
f 1855 1916 1738
f 1881 1854 1957
f 1957 1844 1855
f 1855 1857 1881
f 1881 1957 1855
f 1870 1857 1855
f 1801 1856 1870
f 1855 1801 1870
f 1857 1870 1872 1869
f 1870 1856 1871 1872
f 1872 1871 1646 1851
f 1866 1841 1869
f 1872 1851 1866
f 1869 1872 1866
f 1854 1881 1882 1880
f 1881 1857 1869 1882
f 1878 1861 1882
f 1869 1841 1878
f 1882 1869 1878
f 1905 1797 1880
f 1882 1861 1905
f 1880 1882 1905
f 1927 1910 1842
f 1911 1913 1927
f 1842 1911 1927
f 1952 1913 1911
f 1883 1912 1952
f 1911 1883 1952
f 1913 1952 1955 1928
f 1952 1912 1953 1955
f 1955 1953 1884 1954
f 1949 1928 1955
f 1954 1908 1949
f 1955 1954 1949
f 1941 1926 1910
f 1927 1929 1941
f 1910 1927 1941
f 1948 1929 1927
f 1913 1928 1948
f 1927 1913 1948
f 1929 1948 1951 1942
f 1948 1928 1949 1951
f 1951 1949 1908 1950
f 1945 1943 1941
f 1929 1942 1945
f 1941 1929 1945
f 1945 1942 1946 1947
f 1883 1956 1958 1912
f 1956 1844 1957 1958
f 1958 1957 1854 1906
f 1953 1912 1958
f 1906 1884 1953
f 1958 1906 1953
f 1906 1854 1880 1907
f 1776 1663 1575
f 1664 1666 1776
f 1575 1664 1776
f 1664 1381 1665 1666
f 1660 1596 1777
f 1777 1666 1665
f 1665 1488 1660
f 1660 1777 1665
f 1663 1776 1778 1775
f 1776 1666 1777 1778
f 1778 1777 1596 1707
f 1772 1576 1775
f 1778 1707 1772
f 1775 1778 1772
f 1576 1772 1774 1771
f 1772 1707 1773 1774
f 1774 1773 1708 1732
f 1768 1706 1771
f 1774 1732 1768
f 1771 1774 1768
f 1725 1708 1773
f 1773 1707 1596
f 1596 1659 1725
f 1725 1773 1596
f 1708 1725 1727 1724
f 1725 1659 1726 1727
f 1721 1704 1727
f 1726 1597 1721
f 1727 1726 1721
f 1748 1724 1727
f 1704 1645 1748
f 1727 1704 1748
f 1706 1768 1770 1767
f 1768 1732 1769 1770
f 1764 1739 1770
f 1769 1733 1764
f 1770 1769 1764
f 1792 1731 1767
f 1770 1739 1792
f 1767 1770 1792
f 1747 1733 1769
f 1769 1732 1708
f 1708 1724 1747
f 1747 1769 1708
f 1782 1740 1765
f 1765 1733 1747
f 1747 1750 1782
f 1782 1765 1747
f 1747 1724 1748 1750
f 1783 1750 1748
f 1645 1749 1783
f 1748 1645 1783
f 1740 1782 1785 1745
f 1782 1750 1783 1785
f 1785 1783 1749 1784
f 1780 1745 1785
f 1784 1730 1780
f 1785 1784 1780
f 1731 1792 1793 1791
f 1792 1739 1763 1793
f 1789 1753 1793
f 1763 1741 1789
f 1793 1763 1789
f 1739 1764 1766 1763
f 1764 1733 1765 1766
f 1766 1765 1740 1744
f 1760 1741 1763
f 1766 1744 1760
f 1763 1766 1760
f 1741 1760 1762 1759
f 1760 1744 1761 1762
f 1755 1751 1762
f 1761 1746 1755
f 1762 1761 1755
f 1786 1743 1759
f 1762 1751 1786
f 1759 1762 1786
f 1779 1746 1761
f 1761 1744 1740
f 1740 1745 1779
f 1779 1761 1740
f 1756 1746 1779
f 1781 1752 1756
f 1779 1781 1756
f 1779 1745 1780 1781
f 1786 1751 1754 1787
f 1751 1755 1758 1754
f 1755 1746 1756 1758
f 1758 1756 1752 1757
f 1753 1789 1790 1788
f 1789 1741 1759 1790
f 1596 1660 1662 1659
f 1660 1488 1661 1662
f 1656 1639 1662
f 1661 1572 1656
f 1662 1661 1656
f 1679 1597 1726
f 1726 1659 1662
f 1662 1639 1679
f 1679 1726 1662
f 1712 1678 1722
f 1722 1597 1679
f 1679 1680 1712
f 1712 1722 1679
f 1679 1639 1655 1680
f 1676 1644 1713
f 1713 1680 1655
f 1655 1640 1676
f 1676 1713 1655
f 1718 1678 1712
f 1715 1710 1718
f 1712 1715 1718
f 1712 1680 1713 1715
f 1715 1713 1644 1714
f 1639 1656 1658 1655
f 1656 1572 1657 1658
f 1697 1641 1658
f 1657 1592 1697
f 1658 1657 1697
f 1652 1640 1655
f 1658 1641 1652
f 1655 1658 1652
f 1673 1651 1640
f 1652 1654 1673
f 1640 1652 1673
f 1694 1654 1652
f 1641 1653 1694
f 1652 1641 1694
f 1654 1694 1696 1674
f 1694 1653 1695 1696
f 1696 1695 1642 1681
f 1692 1674 1696
f 1681 1643 1692
f 1696 1681 1692
f 1701 1672 1651
f 1673 1675 1701
f 1651 1673 1701
f 1691 1675 1673
f 1654 1674 1691
f 1673 1654 1691
f 1675 1691 1693 1690
f 1691 1674 1692 1693
f 1693 1692 1643 1671
f 1687 1650 1690
f 1693 1671 1687
f 1690 1693 1687
f 1672 1701 1702 1700
f 1701 1675 1690 1702
f 1641 1697 1699 1653
f 1697 1592 1698 1699
f 1699 1698 1635 1684
f 1695 1653 1699
f 1684 1642 1695
f 1699 1684 1695
f 1684 1635 1685 1686
f 1687 1671 1688 1689
f 1681 1642 1682 1683
f 1703 1677 1676
f 1640 1651 1703
f 1676 1640 1703
f 1704 1721 1723 1720
f 1721 1597 1722 1723
f 1717 1709 1723
f 1722 1678 1717
f 1723 1722 1717
f 1728 1705 1720
f 1723 1709 1728
f 1720 1723 1728
f 1728 1709 1716 1729
f 1709 1717 1719 1716
f 1717 1678 1718 1719
f 1719 1718 1710 1711
f 1903 1877 1861
f 1878 1879 1903
f 1861 1878 1903
f 1891 1879 1878
f 1841 1865 1891
f 1878 1841 1891
f 1900 1890 1879
f 1891 1893 1900
f 1879 1891 1900
f 1891 1865 1892 1893
f 1887 1876 1901
f 1901 1893 1892
f 1892 1850 1887
f 1887 1901 1892
f 1890 1900 1902 1899
f 1900 1893 1901 1902
f 1896 1895 1902
f 1901 1876 1896
f 1902 1901 1896
f 1903 1879 1890 1904
f 1896 1876 1897 1898
f 1894 1886 1897
f 1897 1876 1887
f 1887 1889 1894
f 1894 1897 1887
f 1887 1850 1888 1889
f 1841 1866 1868 1865
f 1866 1851 1867 1868
f 1868 1867 1853 1858
f 1862 1850 1892
f 1892 1865 1868
f 1868 1858 1862
f 1862 1892 1868
f 1867 1851 1646
f 1852 1853 1867
f 1646 1852 1867
f 1850 1862 1864
f 1862 1858 1863 1864
f 1863 1858 1853
f 1859 1860 1863
f 1853 1859 1863
f 1840 1809 1852
f 1852 1646 1810
f 1810 1811 1840
f 1840 1852 1810
f 1818 1811 1810
f 1734 1798 1818
f 1810 1734 1818
f 1838 1817 1811
f 1818 1819 1838
f 1811 1818 1838
f 1826 1819 1818
f 1798 1812 1826
f 1818 1798 1826
f 1819 1826 1828 1825
f 1826 1812 1827 1828
f 1821 1816 1828
f 1827 1735 1821
f 1828 1827 1821
f 1834 1808 1825
f 1828 1816 1834
f 1825 1828 1834
f 1817 1838 1839 1837
f 1838 1819 1825 1839
f 1813 1798 1734
f 1799 1800 1813
f 1734 1799 1813
f 1799 1576 1771 1800
f 1814 1800 1771
f 1706 1742 1814
f 1771 1706 1814
f 1798 1813 1815 1812
f 1813 1800 1814 1815
f 1815 1814 1742 1794
f 1805 1735 1827
f 1827 1812 1815
f 1815 1794 1805
f 1805 1827 1815
f 1822 1735 1805
f 1807 1804 1822
f 1805 1807 1822
f 1805 1794 1806 1807
f 1806 1794 1742
f 1795 1796 1806
f 1742 1795 1806
f 1836 1835 1834
f 1816 1820 1836
f 1834 1816 1836
f 1836 1820 1829
f 1830 1820 1816
f 1821 1824 1830
f 1816 1821 1830
f 1821 1735 1822 1824
f 1831 1824 1822
f 1804 1823 1831
f 1822 1804 1831
f 1820 1830 1833 1829
f 1830 1824 1831 1833
f 1833 1831 1823 1832
f 1573 1488 1665
f 1665 1381 1489
f 1489 1490 1573
f 1573 1665 1489
f 1549 1490 1489
f 97 1472 1549
f 1489 97 1549
f 1490 1549 1551 1548
f 1549 1472 1550 1551
f 1551 1550 1218 1486
f 1545 1452 1609
f 1609 1548 1551
f 1551 1486 1545
f 1545 1609 1551
f 1593 1572 1661
f 1661 1488 1573
f 1573 1574 1593
f 1593 1661 1573
f 1608 1574 1573
f 1490 1548 1608
f 1573 1490 1608
f 1574 1608 1610 1594
f 1608 1548 1609 1610
f 1610 1609 1452 1570
f 1605 1506 1594
f 1610 1570 1605
f 1594 1610 1605
f 1636 1592 1657
f 1657 1572 1593
f 1593 1595 1636
f 1636 1657 1593
f 1593 1574 1594 1595
f 1589 1586 1637
f 1637 1595 1594
f 1594 1506 1589
f 1589 1637 1594
f 1698 1592 1636
f 1638 1635 1698
f 1636 1638 1698
f 1636 1595 1637 1638
f 1632 1630 1638
f 1637 1586 1632
f 1638 1637 1632
f 1630 1632 1634 1631
f 1632 1586 1633 1634
f 1633 1586 1589
f 1591 1588 1633
f 1589 1591 1633
f 1602 1591 1589
f 1506 1590 1602
f 1589 1506 1602
f 1591 1602 1604 1601
f 1627 1604 1602
f 1590 1603 1627
f 1602 1590 1627
f 1604 1627 1629 1626
f 1627 1603 1628 1629
f 1629 1628 1569 1598
f 1623 1587 1626
f 1629 1598 1623
f 1626 1629 1623
f 1587 1623 1625 1622
f 1623 1598 1624 1625
f 1614 1600 1624
f 1624 1598 1569
f 1569 1599 1614
f 1614 1624 1569
f 1619 1590 1506
f 1605 1607 1619
f 1506 1605 1619
f 1605 1570 1606 1607
f 1620 1607 1606
f 1571 1585 1620
f 1606 1571 1620
f 1590 1619 1621 1603
f 1619 1607 1620 1621
f 1621 1620 1585 1611
f 1615 1569 1628
f 1628 1603 1621
f 1621 1611 1615
f 1615 1628 1621
f 1578 1571 1606
f 1606 1570 1452
f 1452 1544 1578
f 1578 1606 1452
f 1582 1577 1571
f 1578 1580 1582
f 1571 1578 1582
f 1578 1544 1579 1580
f 1583 1580 1579
f 1485 1568 1583
f 1579 1485 1583
f 1577 1582 1584 1581
f 1582 1580 1583 1584
f 1584 1583 1568
f 1569 1615 1618 1599
f 1615 1611 1616 1618
f 1618 1616 1613 1617
f 1616 1611 1585
f 1612 1613 1616
f 1585 1612 1616
f 1585 1571 1577
f 1452 1545 1547 1544
f 1545 1486 1546 1547
f 1541 1503 1547
f 1546 1487 1541
f 1547 1546 1541
f 1566 1485 1579
f 1579 1544 1547
f 1547 1503 1566
f 1566 1579 1547
f 1510 1487 1546
f 1546 1486 1218
f 1218 1468 1510
f 1510 1546 1218
f 1516 1504 1542
f 1542 1487 1510
f 1510 1512 1516
f 1516 1542 1510
f 1510 1468 1511 1512
f 1517 1512 1511
f 1378 1484 1517
f 1511 1378 1517
f 1523 1508 1538
f 1538 1504 1516
f 1516 1519 1523
f 1523 1538 1516
f 1516 1512 1517 1519
f 1524 1519 1517
f 1484 1518 1524
f 1517 1484 1524
f 1534 1508 1523
f 1526 1514 1534
f 1523 1526 1534
f 1523 1519 1524 1526
f 1526 1524 1518 1525
f 1521 1514 1526
f 1525 1462 1521
f 1526 1525 1521
f 1485 1566 1567
f 1566 1503 1540 1567
f 1503 1541 1543 1540
f 1541 1487 1542 1543
f 1537 1507 1543
f 1542 1504 1537
f 1543 1542 1537
f 1540 1543 1507 1505
f 1507 1537 1539 1536
f 1537 1504 1538 1539
f 1533 1513 1539
f 1538 1508 1533
f 1539 1538 1533
f 1554 1509 1536
f 1539 1513 1554
f 1536 1539 1554
f 1509 1554 1555 1553
f 1561 1555 1554
f 1513 1532 1561
f 1554 1513 1561
f 1555 1561 1563 1560
f 1561 1532 1562 1563
f 1557 1552 1563
f 1562 1515 1557
f 1563 1562 1557
f 1513 1533 1535 1532
f 1533 1508 1534 1535
f 1535 1534 1514 1520
f 1528 1515 1562
f 1562 1532 1535
f 1535 1520 1528
f 1528 1562 1535
f 1558 1515 1528
f 1531 1527 1558
f 1528 1531 1558
f 1528 1520 1529 1531
f 1531 1529 1522 1530
f 1529 1520 1514
f 1521 1522 1529
f 1514 1521 1529
f 1564 1556 1552
f 1557 1559 1564
f 1552 1557 1564
f 1557 1515 1558 1559
f 1564 1559 1565
f 2082 2076 1647
f 2077 2078 2082
f 1647 2077 2082
f 2092 2078 2077
f 1977 2052 2092
f 2077 1977 2092
f 2114 2083 2078
f 2092 2094 2114
f 2078 2092 2114
f 2092 2052 2093 2094
f 2115 2094 2093
f 1978 2073 2115
f 2093 1978 2115
f 2083 2114 2116 2102
f 2114 2094 2115 2116
f 2116 2115 2073 2089
f 2111 2018 2102
f 2116 2089 2111
f 2102 2116 2111
f 2076 2082 2084 2081
f 2101 2084 2082
f 2078 2083 2101
f 2082 2078 2101
f 2084 2101 2103 2100
f 2101 2083 2102 2103
f 2097 2079 2103
f 2102 2018 2097
f 2103 2102 2097
f 1977 2053 2055 2052
f 2053 1845 2054 2055
f 2049 2009 2055
f 2054 1935 2049
f 2055 2054 2049
f 2093 2052 2055
f 2009 1978 2093
f 2055 2009 2093
f 2009 2049 2051 2048
f 2049 1935 2050 2051
f 2051 2050 1973 2012
f 2045 2010 2048
f 2051 2012 2045
f 2048 2051 2045
f 2010 2045 2047 2044
f 2045 2012 2046 2047
f 2041 2015 2047
f 2046 2014 2041
f 2047 2046 2041
f 2062 2011 2044
f 2047 2015 2062
f 2044 2047 2062
f 2026 2014 2046
f 2046 2012 1973
f 1973 2013 2026
f 2026 2046 1973
f 2042 2014 2026
f 2029 2016 2042
f 2026 2029 2042
f 2026 2013 2027 2029
f 2029 2027 1846 2028
f 2011 2062 2063 2061
f 2070 2063 2062
f 2015 2040 2070
f 2062 2015 2070
f 2063 2070 2072 2069
f 2070 2040 2071 2072
f 2066 2060 2072
f 2071 2017 2066
f 2072 2071 2066
f 2069 2072 2060 2039
f 2015 2041 2043 2040
f 2041 2014 2042 2043
f 2043 2042 2016 2023
f 2035 2017 2071
f 2071 2040 2043
f 2043 2023 2035
f 2035 2071 2043
f 2067 2017 2035
f 2038 2034 2067
f 2035 2038 2067
f 2035 2023 2036 2038
f 2038 2036 2025 2037
f 2036 2023 2016
f 2024 2025 2036
f 2016 2024 2036
f 2060 2066 2068 2065
f 2066 2017 2067 2068
f 2068 2067 2034 2064
f 2079 2097 2099 2096
f 2108 2099 2097
f 2018 2098 2108
f 2097 2018 2108
f 2099 2108 2110 2107
f 2108 2098 2109 2110
f 2110 2109 2080 2095
f 2018 2111 2113 2098
f 2111 2089 2112 2113
f 2113 2112 2091 2104
f 2109 2098 2113
f 2104 2080 2109
f 2113 2104 2109
f 2112 2089 2073
f 2090 2091 2112
f 2073 2090 2112
f 2104 2091 2105 2106
f 2090 2073 1978
f 2074 2075 2090
f 1978 2074 2090
f 1974 1935 2054
f 2054 1845 1936
f 1936 1937 1974
f 1974 2054 1936
f 1992 1937 1936
f 102 1918 1992
f 1936 102 1992
f 1937 1992 1994 1975
f 1992 1918 1993 1994
f 1994 1993 1736 1933
f 1989 1885 1975
f 1994 1933 1989
f 1975 1994 1989
f 2030 1973 2050
f 2050 1935 1974
f 1974 1976 2030
f 2030 2050 1974
f 1974 1937 1975 1976
f 1970 1963 2031
f 2031 1976 1975
f 1975 1885 1970
f 1970 2031 1975
f 1973 2030 2033 2013
f 2030 1976 2031 2033
f 2033 2031 1963 2032
f 2027 2013 2033
f 2032 1846 2027
f 2033 2032 2027
f 1963 1970 1972 1969
f 2004 1972 1970
f 1885 1971 2004
f 1970 1885 2004
f 1972 2004 2006 2003
f 2004 1971 2005 2006
f 2006 2005 1932 1966
f 2000 1964 2003
f 2006 1966 2000
f 2003 2006 2000
f 1964 2000 2002 1999
f 2000 1966 2001 2002
f 1996 1979 2002
f 2001 1968 1996
f 2002 2001 1996
f 2007 1965 1999
f 2002 1979 2007
f 1999 2002 2007
f 1982 1968 2001
f 2001 1966 1932
f 1932 1967 1982
f 1982 2001 1932
f 1997 1968 1982
f 1984 1980 1997
f 1982 1984 1997
f 1982 1967 1983 1984
f 1984 1983 1959
f 2007 1979 1995 2008
f 1979 1996 1998 1995
f 1996 1968 1997 1998
f 1998 1997 1980 1981
f 1995 1998 1981
f 1885 1989 1991 1971
f 1989 1933 1990 1991
f 1991 1990 1934 1960
f 1985 1932 2005
f 2005 1971 1991
f 1991 1960 1985
f 1985 2005 1991
f 1990 1933 1736
f 1914 1934 1990
f 1736 1914 1990
f 1930 1909 1961
f 1961 1934 1914
f 1914 1842 1930
f 1930 1961 1914
f 1932 1985 1988 1967
f 1985 1960 1986 1988
f 1988 1986 1962 1987
f 1983 1967 1988
f 1987 1959 1983
f 1988 1987 1983
f 1986 1960 1934
f 1961 1962 1986
f 1934 1961 1986
f 1944 1931 1930
f 1842 1910 1944
f 1930 1842 1944
f 2154 105 2611
f 2611 39 1494
f 1494 1495 2154
f 2154 2611 1494
f 1494 33 1480 1495
f 1492 101 2155
f 2155 1495 1480
f 1480 32 1492
f 1492 2155 1480
f 2487 2153 105
f 2154 2156 2487
f 105 2154 2487
f 2154 1495 2155 2156
f 2150 1648 2488
f 2488 2156 2155
f 2155 101 2150
f 2150 2488 2155
f 2153 2487 2489 2486
f 2487 2156 2488 2489
f 2489 2488 1648 2244
f 2483 38 2486
f 2489 2244 2483
f 2486 2489 2483
f 1494 39 109
f 109 40 34
f 34 33 1494
f 1494 109 34
f 41 35 34 40
f 42 36 35 41
f 5756 37 36
f 42 43 5756
f 36 42 5756
f 5760 5758 5757 5759
f 5752 5760 5759 5740
f 5763 5761 5755 5762
f 5758 5763 5762 5757
f 5762 5755 37
f 5756 5757 5762
f 37 5756 5762
f 5759 5757 5756
f 43 5740 5759
f 5756 43 5759
f 2022 2576 2579 2575
f 2576 2566 2577 2579
f 2579 2577 2568 2578
f 2577 2566 2551
f 2567 2568 2577
f 2551 2567 2577
f 2551 2549 2552
f 2560 2552 2561 2562
f 2549 2563 2565 2552
f 2563 2418 2564 2565
f 2565 2564 2504 2550
f 2546 2504 2564
f 2564 2418 2505
f 2505 2506 2546
f 2546 2564 2505
f 2505 38 2482 2506
f 2502 2439 2547
f 2547 2506 2482
f 2482 2243 2502
f 2502 2547 2482
f 2504 2546 2548 2545
f 2546 2506 2547 2548
f 2542 2530 2548
f 2547 2439 2542
f 2548 2547 2542
f 2530 2542 2544
f 2542 2439 2543 2544
f 2539 2538 2544
f 2543 2501 2539
f 2544 2543 2539
f 2539 2501 2540 2541
f 2528 2501 2543
f 2543 2439 2502
f 2502 2503 2528
f 2528 2543 2502
f 2519 2503 2502
f 2243 2478 2519
f 2502 2243 2519
f 2503 2519 2521 2518
f 2519 2478 2520 2521
f 2521 2520 2415 2499
f 2515 2443 2518
f 2521 2499 2515
f 2518 2521 2515
f 2501 2528 2529
f 2528 2503 2518 2529
f 2525 2514 2443
f 2515 2517 2525
f 2443 2515 2525
f 2515 2499 2516 2517
f 2531 2510 2526
f 2526 2517 2516
f 2516 2500 2531
f 2531 2526 2516
f 2514 2525 2527
f 2525 2517 2526 2527
f 2522 2512 2527
f 2526 2510 2522
f 2527 2526 2522
f 2535 2500 2516
f 2516 2499 2415
f 2415 2474 2535
f 2535 2516 2415
f 2532 2500 2535
f 2537 2511 2532
f 2535 2537 2532
f 2535 2474 2536 2537
f 2537 2536 2435
f 2522 2510 2523 2524
f 2523 2510 2531
f 2534 2513 2523
f 2531 2534 2523
f 2531 2500 2532 2534
f 2534 2532 2511 2533
f 3061 2688 44
f 2689 2690 3061
f 44 2689 3061
f 3008 2690 2689
f 104 2609 3008
f 2689 104 3008
f 2690 3008 3010 3007
f 3008 2609 3009 3010
f 3010 3009 106 2686
f 3004 2555 3246
f 3246 3007 3010
f 3010 2686 3004
f 3004 3246 3010
f 3278 3060 2688
f 3061 3062 3278
f 2688 3061 3278
f 3245 3062 3061
f 2690 3007 3245
f 3061 2690 3245
f 3062 3245 3247 3244
f 3245 3007 3246 3247
f 3247 3246 2555 3058
f 3241 2819 3244
f 3247 3058 3241
f 3244 3247 3241
f 3060 3278 3279 3277
f 3278 3062 3244 3279
f 3275 3151 3279
f 3244 2819 3275
f 3279 3244 3275
f 3370 103 3277
f 3279 3151 3370
f 3277 3279 3370
f 104 2610 2612 2609
f 2610 39 2611 2612
f 2612 2611 105 2420
f 2606 106 3009
f 3009 2609 2612
f 2612 2420 2606
f 2606 3009 2612
f 2707 2605 106
f 2606 2608 2707
f 106 2606 2707
f 2606 2420 2607 2608
f 2602 2553 2708
f 2708 2608 2607
f 2607 2421 2602
f 2602 2708 2607
f 2605 2707 2709 2706
f 2707 2608 2708 2709
f 2709 2708 2553 2631
f 2703 2419 2803
f 2803 2706 2709
f 2709 2631 2703
f 2703 2803 2709
f 2508 2421 2607
f 2607 2420 105
f 105 2153 2508
f 2508 2607 105
f 2557 2507 2603
f 2603 2421 2508
f 2508 2509 2557
f 2557 2603 2508
f 2508 2153 2486 2509
f 2505 2418 2558
f 2558 2509 2486
f 2486 38 2505
f 2505 2558 2486
f 2572 2556 2599
f 2599 2507 2557
f 2557 2559 2572
f 2572 2599 2557
f 2557 2509 2558 2559
f 2563 2549 2573
f 2573 2559 2558
f 2558 2418 2563
f 2563 2573 2558
f 2583 2571 2556
f 2572 2574 2583
f 2556 2572 2583
f 2572 2559 2573 2574
f 2584 2574 2573
f 2549 2551 2584
f 2573 2549 2584
f 2571 2583 2585 2582
f 2583 2574 2584 2585
f 2585 2584 2551 2566
f 2576 2022 2582
f 2585 2566 2576
f 2582 2585 2576
f 2750 2702 2799
f 2799 2419 2703
f 2703 2705 2750
f 2750 2799 2703
f 2703 2631 2704 2705
f 2713 2682 2751
f 2751 2705 2704
f 2704 2632 2713
f 2713 2751 2704
f 2702 2750 2752 2749
f 2750 2705 2751 2752
f 2746 2699 2752
f 2751 2682 2746
f 2752 2751 2746
f 2767 2749 2752
f 2699 2630 2767
f 2752 2699 2767
f 2647 2632 2704
f 2704 2631 2553
f 2553 2601 2647
f 2647 2704 2553
f 2692 2646 2714
f 2714 2632 2647
f 2647 2649 2692
f 2692 2714 2647
f 2647 2601 2648 2649
f 2643 2629 2693
f 2693 2649 2648
f 2648 2554 2643
f 2643 2693 2648
f 2695 2691 2646
f 2692 2694 2695
f 2646 2692 2695
f 2692 2649 2693 2694
f 2696 2694 2693
f 2629 2664 2696
f 2693 2629 2696
f 2691 2695 2697
f 2695 2694 2696 2697
f 2699 2746 2748 2745
f 2746 2682 2747 2748
f 2748 2747 2700 2710
f 2742 2701 2745
f 2748 2710 2742
f 2745 2748 2742
f 2701 2742 2744 2741
f 2742 2710 2743 2744
f 2738 2728 2744
f 2743 2712 2738
f 2744 2743 2738
f 2719 2712 2743
f 2743 2710 2700
f 2700 2711 2719
f 2719 2743 2700
f 2725 2718 2739
f 2739 2712 2719
f 2719 2721 2725
f 2725 2739 2719
f 2719 2711 2720 2721
f 2721 2720 2683
f 2725 2721 2726 2727
f 2728 2738 2740 2737
f 2738 2712 2739 2740
f 2740 2739 2718 2736
f 2722 2700 2747
f 2747 2682 2713
f 2713 2715 2722
f 2722 2747 2713
f 2713 2632 2714 2715
f 2723 2715 2714
f 2646 2698 2723
f 2714 2646 2723
f 2700 2722 2724 2711
f 2722 2715 2723 2724
f 2724 2723 2698 2716
f 2720 2711 2724
f 2716 2683 2720
f 2724 2716 2720
f 2716 2698 2717
f 2657 2601 2553
f 2602 2604 2657
f 2553 2602 2657
f 2602 2421 2603 2604
f 2598 2569 2658
f 2658 2604 2603
f 2603 2507 2598
f 2598 2658 2603
f 2601 2657 2659 2648
f 2657 2604 2658 2659
f 2659 2658 2569 2619
f 2654 2554 2648
f 2659 2619 2654
f 2648 2659 2654
f 2678 2644 2554
f 2654 2656 2678
f 2554 2654 2678
f 2654 2619 2655 2656
f 2679 2656 2655
f 2620 2627 2679
f 2655 2620 2679
f 2644 2678 2681 2652
f 2678 2656 2679 2681
f 2681 2679 2627 2680
f 2675 2652 2681
f 2680 2618 2675
f 2681 2680 2675
f 2623 2620 2655
f 2655 2619 2569
f 2569 2597 2623
f 2623 2655 2569
f 2634 2622 2620
f 2623 2625 2634
f 2620 2623 2634
f 2623 2597 2624 2625
f 2635 2625 2624
f 2570 2617 2635
f 2624 2570 2635
f 2622 2634 2636 2633
f 2634 2625 2635 2636
f 2636 2635 2617 2621
f 2626 2589 2640
f 2640 2633 2636
f 2636 2621 2626
f 2626 2640 2636
f 2637 2628 2627
f 2620 2622 2637
f 2627 2620 2637
f 2639 2638 2637
f 2622 2633 2639
f 2637 2622 2639
f 2639 2633 2640 2641
f 2569 2598 2600 2597
f 2598 2507 2599 2600
f 2600 2599 2556 2580
f 2594 2570 2624
f 2624 2597 2600
f 2600 2580 2594
f 2594 2624 2600
f 2614 2593 2570
f 2594 2596 2614
f 2570 2594 2614
f 2594 2580 2595 2596
f 2590 2588 2615
f 2615 2596 2595
f 2595 2581 2590
f 2590 2615 2595
f 2593 2614 2616 2613
f 2614 2596 2615 2616
f 2586 2581 2595
f 2595 2580 2556
f 2556 2571 2586
f 2586 2595 2556
f 2581 2586 2587
f 2586 2571 2582 2587
f 2590 2581 2591 2592
f 2651 2645 2643
f 2554 2644 2651
f 2643 2554 2651
f 2661 2650 2645
f 2651 2653 2661
f 2645 2651 2661
f 2674 2653 2651
f 2644 2652 2674
f 2651 2644 2674
f 2653 2674 2677 2662
f 2674 2652 2675 2677
f 2677 2675 2618 2676
f 2671 2662 2677
f 2676 2642 2671
f 2677 2676 2671
f 2665 2660 2650
f 2661 2663 2665
f 2650 2661 2665
f 2670 2663 2661
f 2653 2662 2670
f 2661 2653 2670
f 2663 2670 2673 2666
f 2670 2662 2671 2673
f 2673 2671 2642 2672
f 2668 2667 2665
f 2663 2666 2668
f 2665 2663 2668
f 2668 2666 2669
f 3420 3369 103
f 3370 3371 3420
f 103 3370 3420
f 3370 3151 3274 3371
f 3367 3311 3421
f 3421 3371 3274
f 3274 3152 3367
f 3367 3421 3274
f 3369 3420 3422 3419
f 3420 3371 3421 3422
f 3422 3421 3311 3406
f 3409 3150 3440
f 3440 3419 3422
f 3422 3406 3409
f 3409 3440 3422
f 3151 3275 3276 3274
f 3275 2819 3240 3276
f 3272 3162 3276
f 3240 3057 3272
f 3276 3240 3272
f 3320 3152 3274
f 3276 3162 3320
f 3274 3276 3320
f 3373 3319 3152
f 3320 3321 3373
f 3152 3320 3373
f 3392 3321 3320
f 3162 3271 3392
f 3320 3162 3392
f 3321 3392 3393 3374
f 3392 3271 3330 3393
f 3393 3330 3163 3318
f 3390 3374 3393
f 3318 3310 3390
f 3393 3318 3390
f 3378 3372 3319
f 3373 3375 3378
f 3319 3373 3378
f 3389 3375 3373
f 3321 3374 3389
f 3373 3321 3389
f 3375 3389 3391 3379
f 3389 3374 3390 3391
f 3391 3390 3310 3383
f 3387 3379 3391
f 3383 3364 3387
f 3391 3383 3387
f 3396 3377 3372
f 3378 3380 3396
f 3372 3378 3396
f 3386 3380 3378
f 3375 3379 3386
f 3378 3375 3386
f 3380 3386 3388 3385
f 3386 3379 3387 3388
f 3388 3387 3364 3376
f 3384 3365 3404
f 3404 3385 3388
f 3388 3376 3384
f 3384 3404 3388
f 3377 3396 3397 3395
f 3403 3397 3396
f 3380 3385 3403
f 3396 3380 3403
f 3397 3403 3405 3402
f 3403 3385 3404 3405
f 3401 3394 3405
f 3404 3365 3401
f 3405 3404 3401
f 3331 3271 3162
f 3272 3273 3331
f 3162 3272 3331
f 3272 3057 3236 3273
f 3269 3226 3332
f 3332 3273 3236
f 3236 3147 3269
f 3269 3332 3236
f 3271 3331 3333 3330
f 3331 3273 3332 3333
f 3346 3308 3333
f 3332 3226 3346
f 3333 3332 3346
f 3327 3163 3330
f 3333 3308 3327
f 3330 3333 3327
f 3163 3327 3329 3326
f 3361 3329 3327
f 3308 3328 3361
f 3327 3308 3361
f 3329 3361 3363 3360
f 3361 3328 3362 3363
f 3363 3362 3309 3323
f 3357 3317 3360
f 3363 3323 3357
f 3360 3363 3357
f 3360 3317 3337
f 3337 3307 3326
f 3326 3329 3360
f 3360 3337 3326
f 3308 3346 3348 3328
f 3346 3226 3347 3348
f 3348 3347 3268 3314
f 3343 3309 3362
f 3362 3328 3348
f 3348 3314 3343
f 3343 3362 3348
f 3309 3343 3345 3324
f 3343 3314 3344 3345
f 3345 3344 3316
f 3313 3341 3345
f 3341 3324 3345
f 3344 3314 3268
f 3315 3316 3344
f 3268 3315 3344
f 3356 3322 3351
f 3351 3338 3337
f 3337 3317 3356
f 3356 3351 3337
f 3317 3357 3359 3356
f 3357 3323 3358 3359
f 3353 3334 3359
f 3358 3325 3353
f 3359 3358 3353
f 3356 3359 3334 3322
f 3340 3325 3358
f 3358 3323 3309
f 3309 3324 3340
f 3340 3358 3309
f 3354 3325 3340
f 3342 3335 3354
f 3340 3342 3354
f 3340 3324 3341 3342
f 3334 3353 3355 3352
f 3353 3325 3354 3355
f 3355 3354 3335 3339
f 3349 3336 3352
f 3355 3339 3349
f 3352 3355 3349
f 3349 3339 3350
f 3347 3226 3269
f 3270 3268 3347
f 3269 3270 3347
f 3269 3147 3232 3270
f 3291 3159 3267
f 3267 3231 3270
f 3270 3232 3291
f 3291 3267 3270
f 3442 3408 3436
f 3436 3150 3409
f 3409 3411 3442
f 3442 3436 3409
f 3409 3406 3410 3411
f 3442 3411 3443 3444
f 3406 3311 3366
f 3311 3367 3368 3366
f 3381 3368 3367
f 3152 3319 3381
f 3367 3152 3381
f 3368 3381 3382
f 3399 3382 3381
f 3319 3372 3399
f 3381 3319 3399
f 3382 3399 3400 3398
f 3399 3372 3377 3400
f 2819 3241 3243 3240
f 3241 3058 3242 3243
f 3243 3242 3059 3148
f 3237 3057 3240
f 3243 3148 3237
f 3240 3243 3237
f 3127 3059 3242
f 3242 3058 2555
f 2555 3003 3127
f 3127 3242 2555
f 3214 3126 3059
f 3127 3128 3214
f 3059 3127 3214
f 3127 3003 3080 3128
f 3124 3056 3215
f 3215 3128 3080
f 3080 2685 3124
f 3124 3215 3080
f 3126 3214 3216 3156
f 3214 3128 3215 3216
f 3216 3215 3056 3141
f 3212 3156 3216
f 3141 2994 3212
f 3216 3141 3212
f 3057 3237 3239 3236
f 3237 3148 3238 3239
f 3239 3238 3149 3160
f 3233 3147 3236
f 3239 3160 3233
f 3236 3239 3233
f 3155 3149 3238
f 3238 3148 3059
f 3059 3126 3155
f 3155 3238 3059
f 3165 3154 3149
f 3155 3157 3165
f 3149 3155 3165
f 3211 3157 3155
f 3126 3156 3211
f 3155 3126 3211
f 3157 3211 3213 3166
f 3211 3156 3212 3213
f 3213 3212 2994 3182
f 3209 3166 3213
f 3182 3146 3209
f 3213 3182 3209
f 3173 3164 3154
f 3165 3167 3173
f 3154 3165 3173
f 3208 3167 3165
f 3157 3166 3208
f 3165 3157 3208
f 3167 3208 3210 3174
f 3208 3166 3209 3210
f 3210 3209 3146 3179
f 3206 3174 3210
f 3179 3153 3206
f 3210 3179 3206
f 3192 3172 3164
f 3173 3175 3192
f 3164 3173 3192
f 3205 3175 3173
f 3167 3174 3205
f 3173 3167 3205
f 3175 3205 3207 3193
f 3205 3174 3206 3207
f 3207 3206 3153 3169
f 3202 3158 3193
f 3207 3169 3202
f 3193 3207 3202
f 3172 3192 3194 3191
f 3192 3175 3193 3194
f 3188 3186 3194
f 3193 3158 3188
f 3194 3193 3188
f 3191 3194 3186
f 3292 3232 3147
f 3233 3235 3292
f 3147 3233 3292
f 3233 3160 3234 3235
f 3251 3225 3293
f 3293 3235 3234
f 3234 3161 3251
f 3251 3293 3234
f 3232 3292 3294 3291
f 3292 3235 3293 3294
f 3288 3228 3294
f 3293 3225 3288
f 3294 3293 3288
f 3291 3294 3228 3159
f 3177 3161 3234
f 3234 3160 3149
f 3149 3154 3177
f 3177 3234 3149
f 3252 3161 3177
f 3178 3176 3252
f 3177 3178 3252
f 3196 3178 3177
f 3154 3164 3196
f 3177 3154 3196
f 3178 3196 3197 3195
f 3196 3164 3172 3197
f 3287 3230 3266
f 3266 3227 3159
f 3159 3228 3287
f 3287 3266 3159
f 3228 3288 3290 3287
f 3288 3225 3289 3290
f 3284 3248 3290
f 3289 3229 3284
f 3290 3289 3284
f 3297 3230 3287
f 3290 3248 3297
f 3287 3290 3297
f 3230 3297 3298 3296
f 3304 3298 3297
f 3248 3283 3304
f 3297 3248 3304
f 3298 3304 3306 3303
f 3304 3283 3305 3306
f 3306 3305 3250 3295
f 3300 3265 3303
f 3306 3295 3300
f 3303 3306 3300
f 3248 3284 3286 3283
f 3284 3229 3285 3286
f 3286 3285 3249 3254
f 3262 3250 3305
f 3305 3283 3286
f 3286 3254 3262
f 3262 3305 3286
f 3250 3262 3264 3261
f 3262 3254 3263 3264
f 3263 3254 3249
f 3255 3256 3263
f 3249 3255 3263
f 3265 3300 3302 3299
f 3300 3295 3301 3302
f 3257 3229 3289
f 3289 3225 3251
f 3251 3253 3257
f 3257 3289 3251
f 3251 3161 3252 3253
f 3253 3252 3176
f 3285 3229 3257
f 3260 3249 3285
f 3257 3260 3285
f 3257 3253 3258 3260
f 3259 3260 3258
f 3186 3188 3190 3187
f 3199 3190 3188
f 3158 3189 3199
f 3188 3158 3199
f 3190 3199 3201 3198
f 3219 3201 3199
f 3189 3200 3219
f 3199 3189 3219
f 3201 3219 3221 3218
f 3219 3200 3220 3221
f 3222 3189 3158
f 3202 3204 3222
f 3158 3202 3222
f 3202 3169 3203 3204
f 3223 3204 3203
f 3171 3185 3223
f 3203 3171 3223
f 3189 3222 3224 3200
f 3222 3204 3223 3224
f 3224 3223 3185 3217
f 3220 3200 3224
f 3217 3168 3220
f 3224 3217 3220
f 3203 3169 3153
f 3170 3171 3203
f 3153 3170 3203
f 3179 3146 3180 3181
f 3182 2994 3183 3184
f 3143 3142 3141
f 3056 3123 3143
f 3141 3056 3143
f 3145 3144 3143
f 3123 3138 3145
f 3143 3123 3145
f 3139 3123 3056
f 3124 3125 3139
f 3056 3124 3139
f 3135 3125 3124
f 2685 3076 3135
f 3124 2685 3135
f 3125 3135 3137 3134
f 3135 3076 3136 3137
f 3137 3136 3021 3122
f 3131 3069 3134
f 3137 3122 3131
f 3134 3137 3131
f 3123 3139 3140 3138
f 3139 3125 3134 3140
f 3069 3131 3133 3130
f 3131 3122 3132 3133
f 3081 3003 2555
f 3004 3006 3081
f 2555 3004 3081
f 3004 2686 3005 3006
f 3000 2817 3082
f 3082 3006 3005
f 3005 2687 3000
f 3000 3082 3005
f 3003 3081 3083 3080
f 3081 3006 3082 3083
f 3083 3082 2817 3022
f 3077 2685 3080
f 3083 3022 3077
f 3080 3083 3077
f 2734 2687 3005
f 3005 2686 106
f 106 2605 2734
f 2734 3005 106
f 2815 2733 3001
f 3001 2687 2734
f 2734 2735 2815
f 2815 3001 2734
f 2802 2735 2734
f 2605 2706 2802
f 2734 2605 2802
f 2735 2802 2804 2801
f 2802 2706 2803 2804
f 2798 2731 2804
f 2803 2419 2798
f 2804 2803 2798
f 2807 2684 2867
f 2867 2801 2804
f 2804 2731 2807
f 2807 2867 2804
f 2854 2814 2997
f 2997 2733 2815
f 2815 2816 2854
f 2854 2997 2815
f 2866 2816 2815
f 2735 2801 2866
f 2815 2735 2866
f 2816 2866 2868 2855
f 2866 2801 2867 2868
f 2868 2867 2684 2812
f 2988 2760 2864
f 2864 2855 2868
f 2868 2812 2988
f 2988 2864 2868
f 2875 2853 2814
f 2854 2856 2875
f 2814 2854 2875
f 2863 2856 2854
f 2816 2855 2863
f 2854 2816 2863
f 2879 2862 2856
f 2863 2865 2879
f 2856 2863 2879
f 2863 2855 2864 2865
f 2984 2851 2880
f 2880 2865 2864
f 2864 2760 2984
f 2984 2880 2864
f 2900 2878 2862
f 2879 2881 2900
f 2862 2879 2900
f 2879 2865 2880 2881
f 2980 2859 2901
f 2901 2881 2880
f 2880 2851 2980
f 2980 2901 2880
f 2878 2900 2902 2899
f 2900 2881 2901 2902
f 2902 2901 2859 2870
f 2896 2846 2899
f 2902 2870 2896
f 2899 2902 2896
f 2887 2876 2875
f 2856 2862 2887
f 2875 2856 2887
f 2876 2887 2888 2886
f 2914 2888 2887
f 2862 2878 2914
f 2887 2862 2914
f 2888 2914 2915 2913
f 2914 2878 2899 2915
f 2911 2885 2915
f 2899 2846 2911
f 2915 2899 2911
f 2913 2915 2885 2874
f 2685 3077 3079 3076
f 3077 3022 3078 3079
f 3096 3054 3079
f 3078 3023 3096
f 3079 3078 3096
f 3073 3021 3136
f 3136 3076 3079
f 3079 3054 3073
f 3073 3136 3079
f 3028 3023 3078
f 3078 3022 2817
f 2817 2999 3028
f 3028 3078 2817
f 3097 3023 3028
f 3030 3027 3097
f 3028 3030 3097
f 3051 3030 3028
f 2999 3029 3051
f 3028 2999 3051
f 3030 3051 3053 3050
f 3051 3029 3052 3053
f 3047 3024 3053
f 3052 2818 3047
f 3053 3052 3047
f 3050 3053 3024 3020
f 3120 3072 3021
f 3073 3075 3120
f 3021 3073 3120
f 3093 3075 3073
f 3054 3074 3093
f 3073 3054 3093
f 3116 3092 3075
f 3093 3095 3116
f 3075 3093 3116
f 3093 3074 3094 3095
f 3088 3070 3117
f 3117 3095 3094
f 3094 3055 3088
f 3088 3117 3094
f 3092 3116 3118 3115
f 3116 3095 3117 3118
f 3112 3105 3118
f 3117 3070 3112
f 3118 3117 3112
f 3115 3118 3105 3068
f 3072 3120 3121 3119
f 3120 3075 3092 3121
f 3054 3096 3098 3074
f 3096 3023 3097 3098
f 3098 3097 3027 3084
f 3099 3055 3094
f 3094 3074 3098
f 3098 3084 3099
f 3099 3094 3098
f 3089 3055 3099
f 3101 3071 3089
f 3099 3101 3089
f 3099 3084 3100 3101
f 3100 3084 3027
f 3085 3086 3100
f 3027 3085 3100
f 3105 3112 3114 3111
f 3112 3070 3113 3114
f 3108 3106 3114
f 3113 3087 3108
f 3114 3113 3108
f 3106 3108 3110 3107
f 3108 3087 3109 3110
f 3102 3087 3113
f 3113 3070 3088
f 3088 3091 3102
f 3102 3113 3088
f 3088 3055 3089 3091
f 3103 3091 3089
f 3071 3090 3103
f 3089 3071 3103
f 3087 3102 3104
f 3102 3091 3103 3104
f 3038 2999 2817
f 3000 3002 3038
f 2817 3000 3038
f 3000 2687 3001 3002
f 2996 2857 3039
f 3039 3002 3001
f 3001 2733 2996
f 2996 3039 3001
f 2999 3038 3040 3029
f 3038 3002 3039 3040
f 3040 3039 2857 3014
f 3034 2818 3052
f 3052 3029 3040
f 3040 3014 3034
f 3034 3052 3040
f 3048 2818 3034
f 3037 3025 3048
f 3034 3037 3048
f 3034 3014 3035 3037
f 3037 3035 3015 3036
f 3025 3037 3036
f 3035 3014 2857
f 2995 3015 3035
f 2857 2995 3035
f 3017 2995 2857
f 2996 2998 3017
f 2857 2996 3017
f 2996 2733 2997 2998
f 3018 2998 2997
f 2814 2877 3018
f 2997 2814 3018
f 2995 3017 3019 3016
f 3017 2998 3018 3019
f 3019 3018 2877 2991
f 3011 2858 3016
f 3019 2991 3011
f 3016 3019 3011
f 2858 3011 3013
f 3011 2991 3012 3013
f 3012 2991 2877
f 2992 2993 3012
f 2877 2992 3012
f 3024 3047 3049 3046
f 3047 2818 3048 3049
f 3049 3048 3025 3031
f 3043 3026 3046
f 3049 3031 3043
f 3046 3049 3043
f 3026 3043 3045 3042
f 3043 3031 3044 3045
f 3045 3044 3033 3041
f 3044 3031 3025
f 3032 3033 3044
f 3025 3032 3044
f 2885 2911 2912 2910
f 2956 2912 2911
f 2846 2895 2956
f 2911 2846 2956
f 2912 2956 2957 2955
f 2956 2895 2937 2957
f 2953 2908 2957
f 2937 2869 2953
f 2957 2937 2953
f 2955 2957 2908 2894
f 2908 2953 2954 2952
f 2953 2869 2933 2954
f 2950 2919 2954
f 2933 2889 2950
f 2954 2933 2950
f 2952 2954 2919 2909
f 2919 2950 2951
f 2950 2889 2929 2951
f 2948 2922 2951
f 2929 2903 2948
f 2951 2929 2948
f 2948 2903 2925 2949
f 2938 2895 2846
f 2896 2898 2938
f 2846 2896 2938
f 2896 2870 2897 2898
f 2972 2882 2939
f 2939 2898 2897
f 2897 2873 2972
f 2972 2939 2897
f 2895 2938 2940 2937
f 2938 2898 2939 2940
f 2940 2939 2882 2890
f 2934 2869 2937
f 2940 2890 2934
f 2937 2940 2934
f 2976 2873 2897
f 2897 2870 2859
f 2859 2871 2976
f 2976 2897 2859
f 2973 2873 2976
f 2979 2883 2973
f 2976 2979 2973
f 2976 2871 2977 2979
f 2979 2977 2861 2978
f 2883 2979 2978 2872
f 2869 2934 2936 2933
f 2934 2890 2935 2936
f 2936 2935 2893 2904
f 2930 2889 2933
f 2936 2904 2930
f 2933 2936 2930
f 2968 2893 2935
f 2935 2890 2882
f 2882 2891 2968
f 2968 2935 2882
f 2893 2968 2971 2905
f 2968 2891 2969 2971
f 2971 2969 2884 2970
f 2965 2905 2971
f 2970 2892 2965
f 2971 2970 2965
f 2889 2930 2932 2929
f 2930 2904 2931 2932
f 2932 2931 2907 2916
f 2926 2903 2929
f 2932 2916 2926
f 2929 2932 2926
f 2964 2907 2931
f 2931 2904 2893
f 2893 2905 2964
f 2964 2931 2893
f 2907 2964 2967 2917
f 2964 2905 2965 2967
f 2967 2965 2892 2966
f 2962 2917 2967
f 2966 2906 2962
f 2967 2966 2962
f 2945 2925 2903
f 2926 2928 2945
f 2903 2926 2945
f 2926 2916 2927 2928
f 2958 2920 2946
f 2946 2928 2927
f 2927 2918 2958
f 2958 2946 2927
f 2925 2945 2947 2944
f 2945 2928 2946 2947
f 2941 2923 2947
f 2946 2920 2941
f 2947 2946 2941
f 2961 2918 2927
f 2927 2916 2907
f 2907 2917 2961
f 2961 2927 2907
f 2959 2918 2961
f 2963 2921 2959
f 2961 2963 2959
f 2961 2917 2962 2963
f 2941 2920 2942 2943
f 2942 2920 2958
f 2960 2924 2942
f 2958 2960 2942
f 2958 2918 2959 2960
f 2882 2972 2975 2891
f 2972 2873 2973 2975
f 2975 2973 2883 2974
f 2969 2891 2975
f 2974 2884 2969
f 2975 2974 2969
f 2859 2980 2983 2871
f 2980 2851 2981 2983
f 2983 2981 2860 2982
f 2977 2871 2983
f 2982 2861 2977
f 2983 2982 2977
f 2981 2851 2984
f 2987 2860 2981
f 2984 2987 2981
f 2984 2760 2985 2987
f 2987 2985 2852 2986
f 2985 2760 2988
f 2990 2852 2985
f 2988 2990 2985
f 2988 2812 2989 2990
f 2990 2989 2813 2845
f 2824 2813 2989
f 2989 2812 2684
f 2684 2806 2824
f 2824 2989 2684
f 2828 2825 2824
f 2806 2820 2828
f 2824 2806 2828
f 2843 2827 2825
f 2828 2830 2843
f 2825 2828 2843
f 2833 2830 2828
f 2820 2829 2833
f 2828 2820 2833
f 2840 2832 2830
f 2833 2835 2840
f 2830 2833 2840
f 2833 2829 2834 2835
f 2841 2835 2834
f 2730 2826 2841
f 2834 2730 2841
f 2847 2839 2832
f 2840 2842 2847
f 2832 2840 2847
f 2840 2835 2841 2842
f 2848 2842 2841
f 2826 2831 2848
f 2841 2826 2848
f 2847 2842 2848 2849
f 2850 2844 2843
f 2830 2832 2850
f 2843 2830 2850
f 2821 2806 2684
f 2807 2808 2821
f 2684 2807 2821
f 2807 2731 2797 2808
f 2822 2808 2797
f 2732 2759 2822
f 2797 2732 2822
f 2836 2820 2806
f 2821 2823 2836
f 2806 2821 2836
f 2821 2808 2822 2823
f 2837 2823 2822
f 2759 2805 2837
f 2822 2759 2837
f 2820 2836 2838 2829
f 2836 2823 2837 2838
f 2838 2837 2805 2809
f 2834 2829 2838
f 2809 2730 2834
f 2838 2809 2834
f 2731 2798 2800 2797
f 2798 2419 2799 2800
f 2800 2799 2702 2754
f 2794 2732 2797
f 2800 2754 2794
f 2797 2800 2794
f 2732 2794 2796 2793
f 2794 2754 2795 2796
f 2790 2756 2796
f 2795 2755 2790
f 2796 2795 2790
f 2793 2796 2756 2753
f 2766 2755 2795
f 2795 2754 2702
f 2702 2749 2766
f 2766 2795 2702
f 2778 2757 2791
f 2791 2755 2766
f 2766 2769 2778
f 2778 2791 2766
f 2766 2749 2767 2769
f 2779 2769 2767
f 2630 2768 2779
f 2767 2630 2779
f 2757 2778 2781 2764
f 2778 2769 2779 2781
f 2781 2779 2768 2780
f 2775 2764 2781
f 2780 2729 2775
f 2781 2780 2775
f 2756 2790 2792 2789
f 2790 2755 2791 2792
f 2792 2791 2757 2763
f 2786 2758 2789
f 2792 2763 2786
f 2789 2792 2786
f 2758 2786 2788 2785
f 2786 2763 2787 2788
f 2788 2787 2765 2770
f 2782 2762 2785
f 2788 2770 2782
f 2785 2788 2782
f 2774 2765 2787
f 2787 2763 2757
f 2757 2764 2774
f 2774 2787 2757
f 2765 2774 2777 2771
f 2774 2764 2775 2777
f 2777 2775 2729 2776
f 2782 2770 2783 2784
f 2773 2772 2783
f 2783 2770 2765
f 2765 2771 2773
f 2773 2783 2765
f 2809 2805 2810 2811
f 45 108 110 107
f 108 40 109 110
f 2610 104 110
f 109 39 2610
f 110 109 2610
f 2689 44 3631
f 3631 107 110
f 110 104 2689
f 2689 3631 110
f 108 45 46
f 41 40 108
f 46 41 108
f 47 42 41 46
f 5741 43 42
f 47 48 5741
f 42 47 5741
f 5751 5749 5742 5750
f 5737 5751 5750 5727
f 5754 5752 5740 5753
f 5749 5754 5753 5742
f 5753 5740 43
f 5741 5742 5753
f 43 5741 5753
f 5750 5742 5741
f 48 5727 5750
f 5741 48 5750
f 3827 3745 49
f 3746 3747 3827
f 49 3746 3827
f 3746 3480 3662 3747
f 3743 3653 3828
f 3828 3747 3662
f 3662 3481 3743
f 3743 3828 3662
f 3745 3827 3829 3826
f 3827 3747 3828 3829
f 3829 3828 3653 3760
f 3823 3479 3826
f 3829 3760 3823
f 3826 3829 3823
f 3480 3663 3664 3662
f 3663 111 3625 3664
f 3660 3574 3664
f 3625 3063 3660
f 3664 3625 3660
f 3708 3481 3662
f 3664 3574 3708
f 3662 3664 3708
f 3481 3708 3709 3707
f 3729 3709 3708
f 3574 3659 3729
f 3708 3574 3729
f 3709 3729 3731 3728
f 3729 3659 3730 3731
f 3725 3705 3731
f 3730 3575 3725
f 3731 3730 3725
f 3728 3731 3705 3652
f 3753 3728 3739
f 3728 3652 3739
f 3739 3573 3753
f 3753 3707 3709 3728
f 3574 3660 3661 3659
f 3660 3063 3621 3661
f 3657 3634 3661
f 3621 3476 3657
f 3661 3621 3657
f 3677 3575 3730
f 3730 3659 3661
f 3661 3634 3677
f 3677 3730 3661
f 3714 3676 3726
f 3726 3575 3677
f 3677 3678 3714
f 3714 3726 3677
f 3702 3678 3677
f 3634 3656 3702
f 3677 3634 3702
f 3678 3702 3703 3701
f 3702 3656 3672 3703
f 3698 3635 3682
f 3703 3672 3698
f 3682 3703 3698
f 3732 3711 3722
f 3722 3676 3714
f 3714 3715 3732
f 3732 3722 3714
f 3714 3678 3701 3715
f 3732 3715 3733 3734
f 3673 3656 3634
f 3657 3658 3673
f 3634 3657 3673
f 3692 3658 3657
f 3476 3640 3692
f 3657 3476 3692
f 3658 3692 3694 3674
f 3692 3640 3693 3694
f 3694 3693 3570 3679
f 3690 3674 3694
f 3679 3650 3690
f 3694 3679 3690
f 3699 3672 3656
f 3673 3675 3699
f 3656 3673 3699
f 3689 3675 3673
f 3658 3674 3689
f 3673 3658 3689
f 3675 3689 3691 3688
f 3689 3674 3690 3691
f 3691 3690 3650 3669
f 3685 3651 3688
f 3691 3669 3685
f 3688 3691 3685
f 3672 3699 3700 3698
f 3699 3675 3688 3700
f 3696 3681 3700
f 3688 3651 3696
f 3700 3688 3696
f 3698 3700 3681 3635
f 3681 3696 3697 3695
f 3696 3651 3684 3697
f 3651 3685 3687 3684
f 3685 3669 3686 3687
f 3687 3686 3671 3680
f 3683 3668 3684
f 3687 3680 3683
f 3684 3687 3683
f 3686 3669 3650
f 3670 3671 3686
f 3650 3670 3686
f 3739 3652 3704
f 3724 3706 3738
f 3738 3704 3652
f 3652 3705 3724
f 3724 3738 3652
f 3705 3725 3727 3724
f 3725 3575 3726 3727
f 3721 3710 3727
f 3726 3676 3721
f 3727 3726 3721
f 3724 3727 3710 3706
f 3710 3721 3723 3720
f 3721 3676 3722 3723
f 3717 3713 3723
f 3722 3711 3717
f 3723 3722 3717
f 3736 3712 3720
f 3723 3713 3736
f 3720 3723 3736
f 3736 3713 3716 3737
f 3735 3716 3713
f 3717 3719 3735
f 3713 3717 3735
f 3717 3711 3718 3719
f 3479 3823 3825 3822
f 3823 3760 3824 3825
f 3834 3799 3825
f 3824 3761 3834
f 3825 3824 3834
f 3819 3759 3822
f 3825 3799 3819
f 3822 3825 3819
f 3773 3761 3824
f 3824 3760 3653
f 3653 3742 3773
f 3773 3824 3653
f 3796 3772 3835
f 3835 3761 3773
f 3773 3774 3796
f 3796 3835 3773
f 3784 3774 3773
f 3742 3756 3784
f 3773 3742 3784
f 3794 3783 3774
f 3784 3785 3794
f 3774 3784 3794
f 3787 3785 3784
f 3756 3769 3787
f 3784 3756 3787
f 3791 3786 3785
f 3787 3789 3791
f 3785 3787 3791
f 3787 3769 3788 3789
f 3810 3790 3786
f 3791 3793 3810
f 3786 3791 3810
f 3791 3789 3792 3793
f 3783 3794 3795
f 3811 3795 3794
f 3785 3786 3811
f 3794 3785 3811
f 3772 3796 3797
f 3796 3774 3783 3797
f 3759 3819 3821 3818
f 3845 3821 3819
f 3799 3820 3845
f 3819 3799 3845
f 3821 3845 3847 3844
f 3845 3820 3846 3847
f 3841 3815 3847
f 3846 3800 3841
f 3847 3846 3841
f 3872 3813 3844
f 3847 3815 3872
f 3844 3847 3872
f 3844 3813 3854
f 3854 3798 3818
f 3818 3821 3844
f 3844 3854 3818
f 3862 3820 3799
f 3834 3836 3862
f 3799 3834 3862
f 3834 3761 3835 3836
f 3863 3836 3835
f 3772 3812 3863
f 3835 3772 3863
f 3820 3862 3864 3846
f 3862 3836 3863 3864
f 3864 3863 3812 3831
f 3859 3800 3846
f 3864 3831 3859
f 3846 3864 3859
f 3800 3859 3861 3842
f 3859 3831 3860 3861
f 3861 3860 3833 3848
f 3857 3842 3861
f 3848 3816 3857
f 3861 3848 3857
f 3860 3831 3812
f 3832 3833 3860
f 3812 3832 3860
f 3813 3872 3873 3871
f 3872 3815 3840 3873
f 3869 3840 3815
f 3841 3843 3869
f 3815 3841 3869
f 3856 3843 3841
f 3800 3842 3856
f 3841 3800 3856
f 3843 3856 3858 3855
f 3856 3842 3857 3858
f 3858 3857 3816 3837
f 3850 3830 3855
f 3858 3837 3850
f 3855 3858 3850
f 3840 3869 3870 3868
f 3869 3843 3855 3870
f 3866 3853 3870
f 3855 3830 3866
f 3870 3855 3866
f 3868 3870 3853 3817
f 3853 3866 3867 3865
f 3866 3830 3849 3867
f 3830 3850 3852 3849
f 3850 3837 3851 3852
f 3851 3837 3816
f 3838 3839 3851
f 3816 3838 3851
f 3757 3742 3653
f 3743 3744 3757
f 3653 3743 3757
f 3752 3744 3743
f 3481 3707 3752
f 3743 3481 3752
f 3744 3752 3754 3751
f 3752 3707 3753 3754
f 3754 3753 3573 3741
f 3748 3740 3766
f 3766 3751 3754
f 3754 3741 3748
f 3748 3766 3754
f 3770 3756 3742
f 3757 3758 3770
f 3742 3757 3770
f 3765 3758 3757
f 3744 3751 3765
f 3757 3744 3765
f 3758 3765 3767 3764
f 3765 3751 3766 3767
f 3767 3766 3740 3755
f 3762 3749 3781
f 3781 3764 3767
f 3767 3755 3762
f 3762 3781 3767
f 3756 3770 3771 3769
f 3780 3771 3770
f 3758 3764 3780
f 3770 3758 3780
f 3771 3780 3782 3779
f 3780 3764 3781 3782
f 3776 3768 3782
f 3781 3749 3776
f 3782 3781 3776
f 3779 3782 3768 3763
f 3768 3776 3778 3775
f 3776 3749 3777 3778
f 111 3626 3628 3625
f 3626 3064 3627 3628
f 3628 3627 3065 3477
f 3622 3063 3625
f 3628 3477 3622
f 3625 3628 3622
f 3281 3065 3627
f 3627 3064 44
f 44 2688 3281
f 3281 3627 44
f 3474 3280 3065
f 3281 3282 3474
f 3065 3281 3474
f 3417 3282 3281
f 2688 3060 3417
f 3281 2688 3417
f 3506 3416 3282
f 3417 3418 3506
f 3282 3417 3506
f 3417 3060 3277 3418
f 3414 3312 3507
f 3507 3418 3277
f 3277 103 3414
f 3414 3507 3277
f 3416 3506 3508 3493
f 3506 3418 3507 3508
f 3508 3507 3312 3461
f 3503 3129 3493
f 3508 3461 3503
f 3493 3508 3503
f 3517 3473 3280
f 3474 3475 3517
f 3280 3474 3517
f 3492 3475 3474
f 3282 3416 3492
f 3474 3282 3492
f 3475 3492 3494 3491
f 3492 3416 3493 3494
f 3488 3471 3494
f 3493 3129 3488
f 3494 3493 3488
f 3540 3491 3494
f 3471 3450 3540
f 3494 3471 3540
f 3553 3516 3473
f 3517 3518 3553
f 3473 3517 3553
f 3539 3518 3517
f 3475 3491 3539
f 3517 3475 3539
f 3518 3539 3541 3538
f 3539 3491 3540 3541
f 3541 3540 3450 3513
f 3535 3511 3538
f 3541 3513 3535
f 3538 3541 3535
f 3516 3553 3554 3552
f 3553 3518 3538 3554
f 3550 3525 3554
f 3538 3511 3550
f 3554 3538 3550
f 3552 3554 3525 2761
f 3063 3622 3624 3621
f 3622 3477 3623 3624
f 3618 3571 3624
f 3623 3478 3618
f 3624 3623 3618
f 3641 3476 3621
f 3624 3571 3641
f 3621 3624 3641
f 3520 3478 3623
f 3623 3477 3065
f 3065 3280 3520
f 3520 3623 3065
f 3568 3519 3619
f 3619 3478 3520
f 3520 3521 3568
f 3568 3619 3520
f 3556 3521 3520
f 3280 3473 3556
f 3520 3280 3556
f 3564 3555 3521
f 3556 3557 3564
f 3521 3556 3564
f 3597 3557 3556
f 3473 3516 3597
f 3556 3473 3597
f 3557 3597 3598 3565
f 3597 3516 3552 3598
f 3598 3552 2761 3576
f 3595 3565 3598
f 3576 3527 3595
f 3598 3576 3595
f 3580 3563 3555
f 3564 3566 3580
f 3555 3564 3580
f 3594 3566 3564
f 3557 3565 3594
f 3564 3557 3594
f 3566 3594 3596 3581
f 3594 3565 3595 3596
f 3596 3595 3527 3562
f 3599 3561 3592
f 3592 3581 3596
f 3596 3562 3599
f 3599 3592 3596
f 3563 3580 3582 3579
f 3591 3582 3580
f 3566 3581 3591
f 3580 3566 3591
f 3582 3591 3593 3590
f 3591 3581 3592 3593
f 3587 3578 3593
f 3592 3561 3587
f 3593 3592 3587
f 3602 3577 3590
f 3593 3578 3602
f 3590 3593 3602
f 3604 3567 3615
f 3615 3519 3568
f 3568 3569 3604
f 3604 3615 3568
f 3584 3569 3568
f 3521 3555 3584
f 3568 3521 3584
f 3569 3584 3585 3583
f 3584 3555 3563 3585
f 3567 3604 3605
f 3604 3569 3583 3605
f 3476 3641 3642 3640
f 3641 3571 3617 3642
f 3637 3633 3642
f 3617 3572 3637
f 3642 3617 3637
f 3648 3570 3693
f 3693 3640 3642
f 3642 3633 3648
f 3648 3693 3642
f 3571 3618 3620 3617
f 3618 3478 3619 3620
f 3614 3606 3620
f 3619 3519 3614
f 3620 3619 3614
f 3617 3620 3606 3572
f 3606 3614 3616 3613
f 3614 3519 3615 3616
f 3610 3608 3616
f 3615 3567 3610
f 3616 3615 3610
f 3613 3616 3608 3607
f 3608 3610 3612 3609
f 3610 3567 3611 3612
f 3570 3648 3649 3647
f 3648 3633 3636 3649
f 3644 3636 3633
f 3637 3639 3644
f 3633 3637 3644
f 3637 3572 3638 3639
f 3636 3644 3646 3643
f 3644 3639 3645 3646
f 3602 3578 3586 3603
f 3578 3587 3589 3586
f 3587 3561 3588 3589
f 3599 3562 3600 3601
f 3525 3550 3551 3549
f 3550 3511 3534 3551
f 3547 3533 3551
f 3534 3512 3547
f 3551 3534 3547
f 3549 3551 3533 3526
f 3533 3547 3548 3546
f 3559 3548 3547
f 3512 3528 3559
f 3547 3512 3559
f 3548 3559 3560 3558
f 3559 3528 3542 3560
f 3511 3535 3537 3534
f 3535 3513 3536 3537
f 3537 3536 3515 3522
f 3529 3512 3534
f 3537 3522 3529
f 3534 3537 3529
f 3536 3513 3450
f 3514 3515 3536
f 3450 3514 3536
f 3543 3528 3512
f 3529 3532 3543
f 3512 3529 3543
f 3529 3522 3530 3532
f 3544 3532 3530
f 3524 3531 3544
f 3530 3524 3544
f 3528 3543 3545 3542
f 3543 3532 3544 3545
f 3530 3522 3515
f 3523 3524 3530
f 3515 3523 3530
f 3471 3488 3490 3487
f 3488 3129 3489 3490
f 3484 3482 3490
f 3489 3460 3484
f 3490 3489 3484
f 3510 3472 3487
f 3490 3482 3510
f 3487 3490 3510
f 3510 3482 3483
f 3509 3483 3482
f 3484 3486 3509
f 3482 3484 3509
f 3496 3486 3484
f 3460 3485 3496
f 3484 3460 3496
f 3486 3496 3498 3495
f 3496 3485 3497 3498
f 3129 3503 3505 3489
f 3503 3461 3504 3505
f 3505 3504 3462 3470
f 3499 3460 3489
f 3505 3470 3499
f 3489 3505 3499
f 3468 3462 3504
f 3504 3461 3312
f 3312 3413 3468
f 3468 3504 3312
f 3462 3468 3469 3467
f 3468 3413 3457 3469
f 3460 3499 3502 3485
f 3499 3470 3500 3502
f 3501 3502 3500
f 3470 3462 3467
f 3458 3413 3312
f 3414 3415 3458
f 3312 3414 3458
f 3427 3415 3414
f 103 3369 3427
f 3414 103 3427
f 3415 3427 3428 3426
f 3439 3428 3427
f 3369 3419 3439
f 3427 3369 3439
f 3428 3439 3441 3438
f 3439 3419 3440 3441
f 3435 3424 3441
f 3440 3150 3435
f 3441 3440 3435
f 3455 3412 3438
f 3441 3424 3455
f 3438 3441 3455
f 3438 3412 3449
f 3449 3407 3426
f 3426 3428 3438
f 3438 3449 3426
f 3464 3457 3413
f 3458 3459 3464
f 3413 3458 3464
f 3458 3415 3426 3459
f 3459 3426 3407
f 3457 3464 3466 3463
f 3464 3459 3465 3466
f 3412 3455 3456 3454
f 3455 3424 3434 3456
f 3453 3448 3456
f 3434 3425 3453
f 3456 3434 3453
f 3454 3456 3448 3423
f 3424 3435 3437 3434
f 3435 3150 3436 3437
f 3431 3429 3437
f 3436 3408 3431
f 3437 3436 3431
f 3446 3425 3434
f 3437 3429 3446
f 3434 3437 3446
f 3452 3445 3425
f 3446 3447 3452
f 3425 3446 3452
f 3451 3447 3446
f 3429 3430 3451
f 3446 3429 3451
f 3429 3431 3433 3430
f 3431 3408 3432 3433
f 3666 115 50
f 3066 3067 3666
f 50 3066 3666
f 3630 3067 3066
f 45 107 3630
f 3066 45 3630
f 3067 3630 3632 3629
f 3630 107 3631 3632
f 3632 3631 44 3064
f 3626 111 3629
f 3632 3064 3626
f 3629 3632 3626
f 115 3666 3667 3665
f 3666 3067 3629 3667
f 3663 3480 3667
f 3629 111 3663
f 3667 3629 3663
f 3746 49 3665
f 3667 3480 3746
f 3665 3667 3746
f 3066 50 119
f 119 51 46
f 46 45 3066
f 3066 119 46
f 123 52 47
f 46 51 123
f 47 46 123
f 5728 48 47
f 52 53 5728
f 47 52 5728
f 5736 5734 5730 5735
f 5733 5736 5735 5732
f 5735 5730 5729
f 5731 5732 5735
f 5729 5731 5735
f 5724 5732 5731 5718
f 5745 5743 5739 5744
f 5734 5745 5744 5730
f 5748 5746 5737 5747
f 5743 5748 5747 5739
f 5747 5737 5727
f 5738 5739 5747
f 5727 5738 5747
f 5744 5739 5738
f 5729 5730 5744
f 5738 5729 5744
f 5738 5727 48
f 5728 5729 5738
f 48 5728 5738
f 5731 5729 5728
f 53 5718 5731
f 5728 53 5731
f 4432 4361 54
f 4362 4363 4432
f 54 4362 4432
f 4398 4363 4362
f 4173 4300 4398
f 4362 4173 4398
f 4451 4397 4363
f 4398 4399 4451
f 4363 4398 4451
f 4398 4300 4358 4399
f 4452 4413 4395
f 4413 4174 4395
f 4395 4365 4452
f 4452 4399 4358 4413
f 4397 4451 4453 4445
f 4451 4399 4452 4453
f 4453 4452 4365 4428
f 4448 4316 4445
f 4453 4428 4448
f 4445 4453 4448
f 4461 4431 4361
f 4432 4433 4461
f 4361 4432 4461
f 4444 4433 4432
f 4363 4397 4444
f 4432 4363 4444
f 4433 4444 4446 4443
f 4444 4397 4445 4446
f 4440 4430 4446
f 4445 4316 4440
f 4446 4445 4440
f 4454 4429 4481
f 4481 4443 4446
f 4446 4430 4454
f 4454 4481 4446
f 4465 4460 4431
f 4461 4462 4465
f 4431 4461 4465
f 4480 4462 4461
f 4433 4443 4480
f 4461 4433 4480
f 4462 4480 4482 4466
f 4480 4443 4481 4482
f 4482 4481 4429 4471
f 4487 4455 4478
f 4478 4466 4482
f 4482 4471 4487
f 4487 4478 4482
f 4460 4465 4467 4464
f 4477 4467 4465
f 4462 4466 4477
f 4465 4462 4477
f 4467 4477 4479 4476
f 4477 4466 4478 4479
f 4484 4463 4479
f 4478 4455 4484
f 4479 4478 4484
f 4472 4456 4476
f 4479 4463 4472
f 4476 4479 4472
f 4476 4456 4475
f 4475 4172 4464
f 4464 4467 4476
f 4476 4475 4464
f 4359 4300 4173
f 4301 4302 4359
f 4173 4301 4359
f 4323 4302 4301
f 3893 4250 4323
f 4301 3893 4323
f 4302 4323 4325 4322
f 4323 4250 4324 4325
f 4319 4298 4325
f 4324 4041 4319
f 4325 4324 4319
f 4329 4254 4322
f 4325 4298 4329
f 4322 4325 4329
f 4414 4358 4300
f 4359 4360 4414
f 4300 4359 4414
f 4359 4302 4322 4360
f 4356 4315 4415
f 4415 4360 4322
f 4322 4254 4356
f 4356 4415 4322
f 4358 4414 4416 4413
f 4414 4360 4415 4416
f 4416 4415 4315 4379
f 4410 4174 4413
f 4416 4379 4410
f 4413 4416 4410
f 4174 4410 4412 4409
f 4410 4379 4411 4412
f 4406 4392 4412
f 4411 4380 4406
f 4412 4411 4406
f 4419 4378 4409
f 4412 4392 4419
f 4409 4412 4419
f 4401 4380 4411
f 4411 4379 4315
f 4315 4355 4401
f 4401 4411 4315
f 4407 4380 4401
f 4402 4393 4407
f 4401 4402 4407
f 4401 4355 4375 4402
f 4378 4419 4420 4418
f 4426 4420 4419
f 4392 4405 4426
f 4419 4392 4426
f 4420 4426 4427 4425
f 4426 4405 4421 4427
f 4422 4405 4392
f 4406 4408 4422
f 4392 4406 4422
f 4406 4380 4407 4408
f 4423 4408 4407
f 4393 4400 4423
f 4407 4393 4423
f 4405 4422 4424 4421
f 4422 4408 4423 4424
f 4424 4423 4400 4403
f 4417 4394 4421
f 4424 4403 4417
f 4421 4424 4417
f 4376 4355 4315
f 4356 4357 4376
f 4315 4356 4376
f 4367 4357 4356
f 4254 4328 4367
f 4356 4254 4367
f 4372 4366 4357
f 4367 4369 4372
f 4357 4367 4372
f 4367 4328 4368 4369
f 4381 4354 4373
f 4373 4369 4368
f 4368 4297 4381
f 4381 4373 4368
f 4386 4371 4366
f 4372 4374 4386
f 4366 4372 4386
f 4372 4369 4373 4374
f 4370 4364 4387
f 4387 4374 4373
f 4373 4354 4370
f 4370 4387 4373
f 4371 4386 4388 4385
f 4386 4374 4387 4388
f 4384 4383 4388
f 4387 4364 4384
f 4388 4387 4384
f 4355 4376 4377 4375
f 4390 4377 4376
f 4357 4366 4390
f 4376 4357 4390
f 4377 4390 4391 4389
f 4390 4366 4371 4391
f 4254 4329 4330 4328
f 4346 4330 4329
f 4298 4318 4346
f 4329 4298 4346
f 4330 4346 4347 4345
f 4346 4318 4337 4347
f 4343 4327 4347
f 4337 4299 4343
f 4347 4337 4343
f 4345 4347 4327 4314
f 4368 4345 4382
f 4345 4314 4382
f 4382 4297 4368
f 4368 4328 4330 4345
f 4338 4318 4298
f 4319 4321 4338
f 4298 4319 4338
f 4319 4041 4320 4321
f 4339 4321 4320
f 4263 4309 4339
f 4320 4263 4339
f 4318 4338 4340 4337
f 4338 4321 4339 4340
f 4340 4339 4309 4311
f 4334 4299 4337
f 4340 4311 4334
f 4337 4340 4334
f 4299 4334 4336 4333
f 4334 4311 4335 4336
f 4336 4335 4313 4326
f 4331 4310 4352
f 4352 4333 4336
f 4336 4326 4331
f 4331 4352 4336
f 4335 4311 4309
f 4312 4313 4335
f 4309 4312 4335
f 4327 4343 4344 4342
f 4351 4344 4343
f 4299 4333 4351
f 4343 4299 4351
f 4344 4351 4353 4350
f 4351 4333 4352 4353
f 4348 4341 4353
f 4352 4310 4348
f 4353 4352 4348
f 4350 4353 4341 4332
f 4348 4310 4349
f 4483 4474 4472
f 4463 4473 4483
f 4472 4463 4483
f 4463 4484 4486 4473
f 4484 4455 4485 4486
f 4430 4440 4442
f 4447 4442 4440
f 4316 4441 4447
f 4440 4316 4447
f 4316 4448 4450 4441
f 4448 4428 4449 4450
f 4365 4395 4396
f 4409 4378 4404
f 4404 4396 4395
f 4395 4174 4409
f 4409 4404 4395
f 3893 4251 4252 4250
f 4251 4042 4156 4252
f 4248 4171 4252
f 4156 4043 4248
f 4252 4156 4248
f 4264 4041 4324
f 4324 4250 4252
f 4252 4171 4264
f 4264 4324 4252
f 4042 4157 4158 4156
f 4157 112 4126 4158
f 4154 4110 4158
f 4126 3918 4154
f 4158 4126 4154
f 4205 4043 4156
f 4158 4110 4205
f 4156 4158 4205
f 4043 4205 4206 4204
f 4220 4206 4205
f 4110 4153 4220
f 4205 4110 4220
f 4206 4220 4222 4219
f 4220 4153 4221 4222
f 4216 4202 4222
f 4221 4111 4216
f 4222 4221 4216
f 4236 4170 4219
f 4222 4202 4236
f 4219 4222 4236
f 4257 4219 4213
f 4219 4170 4213
f 4213 4109 4257
f 4257 4204 4206 4219
f 4110 4154 4155 4153
f 4154 3918 4122 4155
f 4151 4113 4155
f 4122 4038 4151
f 4155 4122 4151
f 4168 4111 4221
f 4221 4153 4155
f 4155 4113 4168
f 4168 4221 4155
f 4227 4167 4217
f 4217 4111 4168
f 4168 4169 4227
f 4227 4217 4168
f 4181 4169 4168
f 4113 4150 4181
f 4168 4113 4181
f 4169 4181 4182 4180
f 4199 4182 4181
f 4150 4162 4199
f 4181 4150 4199
f 4182 4199 4200 4198
f 4199 4162 4176 4200
f 4227 4169 4180 4228
f 4163 4150 4113
f 4151 4152 4163
f 4113 4151 4163
f 4192 4152 4151
f 4038 4118 4192
f 4151 4038 4192
f 4152 4192 4194 4164
f 4192 4118 4193 4194
f 4194 4193 4106
f 4137 4189 4194
f 4189 4164 4194
f 4177 4162 4150
f 4163 4166 4177
f 4150 4163 4177
f 4188 4166 4163
f 4152 4164 4188
f 4163 4152 4188
f 4166 4188 4191 4178
f 4188 4164 4189 4191
f 4191 4189 4137 4190
f 4185 4178 4191
f 4190 4165 4185
f 4191 4190 4185
f 4196 4176 4162
f 4177 4179 4196
f 4162 4177 4196
f 4184 4179 4177
f 4166 4178 4184
f 4177 4166 4184
f 4179 4184 4187 4183
f 4184 4178 4185 4187
f 4187 4185 4165 4186
f 4176 4196 4197 4195
f 4196 4179 4183 4197
f 4170 4236 4237 4235
f 4236 4202 4215 4237
f 4242 4203 4234
f 4234 4212 4237
f 4237 4215 4242
f 4242 4234 4237
f 4235 4237 4212 4201
f 4243 4215 4202
f 4216 4218 4243
f 4202 4216 4243
f 4216 4111 4217 4218
f 4224 4207 4244
f 4244 4218 4217
f 4217 4167 4224
f 4224 4244 4217
f 4215 4243 4245 4242
f 4243 4218 4244 4245
f 4239 4209 4245
f 4244 4207 4239
f 4245 4244 4239
f 4242 4245 4209 4203
f 4238 4211 4233
f 4233 4208 4203
f 4203 4209 4238
f 4238 4233 4203
f 4209 4239 4241 4238
f 4239 4207 4240 4241
f 4241 4240 4210 4223
f 4230 4211 4238
f 4241 4223 4230
f 4238 4241 4230
f 4211 4230 4232 4229
f 4230 4223 4231 4232
f 4240 4207 4224
f 4226 4210 4240
f 4224 4226 4240
f 4224 4167 4225 4226
f 4295 4263 4320
f 4320 4041 4264
f 4264 4265 4295
f 4295 4320 4264
f 4264 4171 4247 4265
f 4295 4265 4296
f 4261 4247 4171
f 4248 4249 4261
f 4171 4248 4261
f 4256 4249 4248
f 4043 4204 4256
f 4248 4043 4256
f 4279 4255 4249
f 4256 4258 4279
f 4249 4256 4279
f 4256 4204 4257 4258
f 4280 4258 4257
f 4109 4246 4280
f 4257 4109 4280
f 4290 4269 4255
f 4279 4281 4290
f 4255 4279 4290
f 4279 4258 4280 4281
f 4291 4281 4280
f 4246 4253 4291
f 4280 4246 4291
f 4269 4290 4292 4277
f 4290 4281 4291 4292
f 4292 4291 4253 4282
f 4287 4214 4277
f 4292 4282 4287
f 4277 4292 4287
f 4247 4261 4262 4260
f 4268 4262 4261
f 4249 4255 4268
f 4261 4249 4268
f 4262 4268 4270 4267
f 4276 4270 4268
f 4255 4269 4276
f 4268 4255 4276
f 4270 4276 4278 4275
f 4276 4269 4277 4278
f 4272 4266 4278
f 4277 4214 4272
f 4278 4277 4272
f 4294 4259 4275
f 4278 4266 4294
f 4275 4278 4294
f 4293 4271 4266
f 4272 4274 4293
f 4266 4272 4293
f 4284 4274 4272
f 4214 4273 4284
f 4272 4214 4284
f 4284 4273 4285 4286
f 4214 4287 4289 4273
f 4287 4282 4288 4289
f 4282 4253 4283
f 112 4127 4129 4126
f 4127 3919 4128 4129
f 4129 4128 3920 4039
f 4123 3918 4126
f 4129 4039 4123
f 4126 4129 4123
f 3980 3920 4128
f 4128 3919 3654
f 3654 3804 3980
f 3980 4128 3654
f 4036 3979 3920
f 3980 3981 4036
f 3920 3980 4036
f 4008 3981 3980
f 3804 3915 4008
f 3980 3804 4008
f 4056 4007 3981
f 4008 4009 4056
f 3981 4008 4056
f 4008 3915 3990 4009
f 4005 3978 4057
f 4057 4009 3990
f 3990 3655 4005
f 4005 4057 3990
f 4007 4056 4058 4055
f 4056 4009 4057 4058
f 4058 4057 3978 4020
f 4052 3951 4055
f 4058 4020 4052
f 4055 4058 4052
f 4071 4035 3979
f 4036 4037 4071
f 3979 4036 4071
f 4064 4037 4036
f 3981 4007 4064
f 4036 3981 4064
f 4037 4064 4065 4063
f 4064 4007 4055 4065
f 4061 4034 4065
f 4055 3951 4061
f 4065 4055 4061
f 4077 4011 4088
f 4088 4063 4065
f 4065 4034 4077
f 4077 4088 4065
f 4035 4071 4072 4070
f 4087 4072 4071
f 4037 4063 4087
f 4071 4037 4087
f 4072 4087 4089 4086
f 4087 4063 4088 4089
f 4098 4067 4089
f 4088 4011 4098
f 4089 4088 4098
f 4083 4066 4086
f 4089 4067 4083
f 4086 4089 4083
f 4086 4066 4080
f 4080 3892 4070
f 4070 4072 4086
f 4086 4080 4070
f 3918 4123 4125 4122
f 4123 4039 4124 4125
f 4147 4107 4125
f 4124 4040 4147
f 4125 4124 4147
f 4119 4038 4122
f 4125 4107 4119
f 4122 4125 4119
f 4074 4040 4124
f 4124 4039 3920
f 3920 3979 4074
f 4074 4124 3920
f 4148 4040 4074
f 4075 4073 4148
f 4074 4075 4148
f 4104 4075 4074
f 3979 4035 4104
f 4074 3979 4104
f 4075 4104 4105 4103
f 4104 4035 4070 4105
f 4038 4119 4121 4118
f 4144 4121 4119
f 4107 4120 4144
f 4119 4107 4144
f 4121 4144 4146 4143
f 4144 4120 4145 4146
f 4146 4145 4108 4115
f 4140 4112 4143
f 4146 4115 4140
f 4143 4146 4140
f 4193 4143 4136
f 4143 4112 4136
f 4136 4106 4193
f 4193 4118 4121 4143
f 4107 4147 4149 4120
f 4147 4040 4148 4149
f 4149 4148 4073 4134
f 4145 4120 4149
f 4134 4108 4145
f 4149 4134 4145
f 4112 4140 4142 4139
f 4140 4115 4141 4142
f 4142 4141 4117 4135
f 4138 4114 4139
f 4142 4135 4138
f 4139 4142 4138
f 4141 4115 4108
f 4116 4117 4141
f 4108 4116 4141
f 3916 3804 3654
f 3805 3806 3916
f 3654 3805 3916
f 3881 3806 3805
f 49 3745 3881
f 3805 49 3881
f 3806 3881 3882 3880
f 3881 3745 3826 3882
f 3878 3802 3882
f 3826 3479 3878
f 3882 3826 3878
f 3896 3750 3880
f 3882 3802 3896
f 3880 3882 3896
f 3991 3915 3804
f 3916 3917 3991
f 3804 3916 3991
f 3916 3806 3880 3917
f 3913 3891 3992
f 3992 3917 3880
f 3880 3750 3913
f 3913 3992 3880
f 3915 3991 3993 3990
f 3991 3917 3992 3993
f 3998 3963 3993
f 3992 3891 3998
f 3993 3992 3998
f 3987 3655 3990
f 3993 3963 3987
f 3990 3993 3987
f 3655 3987 3989 3986
f 3987 3963 3988 3989
f 3983 3977 3989
f 3988 3964 3983
f 3989 3988 3983
f 4002 3962 4014
f 4014 3986 3989
f 3989 3977 4002
f 4002 4014 3989
f 3963 3998 4000 3988
f 3998 3891 3999 4000
f 4000 3999 3912 3976
f 3995 3964 3988
f 4000 3976 3995
f 3988 4000 3995
f 3964 3995 3997 3984
f 3995 3976 3996 3997
f 4001 3982 3977
f 3983 3985 4001
f 3977 3983 4001
f 3994 3985 3983
f 3964 3984 3994
f 3983 3964 3994
f 3960 3912 3999
f 3999 3891 3913
f 3913 3914 3960
f 3960 3999 3913
f 3948 3914 3913
f 3750 3895 3948
f 3913 3750 3948
f 3957 3947 3914
f 3948 3949 3957
f 3914 3948 3957
f 3953 3949 3948
f 3895 3909 3953
f 3948 3895 3953
f 3966 3952 3949
f 3953 3955 3966
f 3949 3953 3966
f 3953 3909 3954 3955
f 3967 3955 3954
f 3801 3946 3967
f 3954 3801 3967
f 3952 3966 3968 3965
f 3966 3955 3967 3968
f 3968 3967 3946 3950
f 3956 3942 3974
f 3974 3965 3968
f 3968 3950 3956
f 3956 3974 3968
f 3947 3957 3958
f 3970 3958 3957
f 3949 3952 3970
f 3957 3949 3970
f 3958 3970 3971 3969
f 3973 3971 3970
f 3952 3965 3973
f 3970 3952 3973
f 3971 3973 3975 3972
f 3973 3965 3974 3975
f 3975 3974 3942
f 3912 3960 3961 3959
f 3960 3914 3947 3961
f 3910 3895 3750
f 3896 3897 3910
f 3750 3896 3910
f 3904 3897 3896
f 3802 3877 3904
f 3896 3802 3904
f 3897 3904 3906 3903
f 3904 3877 3905 3906
f 3906 3905 3803 3894
f 3899 3890 3933
f 3933 3903 3906
f 3906 3894 3899
f 3899 3933 3906
f 3895 3910 3911 3909
f 3932 3911 3910
f 3897 3903 3932
f 3910 3897 3932
f 3911 3932 3934 3931
f 3932 3903 3933 3934
f 3928 3907 3934
f 3933 3890 3928
f 3934 3933 3928
f 3931 3934 3907 3902
f 3954 3931 3941
f 3931 3902 3941
f 3941 3801 3954
f 3954 3909 3911 3931
f 3802 3878 3879 3877
f 3878 3479 3822 3879
f 3875 3814 3879
f 3822 3759 3875
f 3879 3822 3875
f 3888 3803 3905
f 3905 3877 3879
f 3879 3814 3888
f 3888 3905 3879
f 3803 3888 3889 3887
f 3888 3814 3874 3889
f 3884 3874 3814
f 3875 3876 3884
f 3814 3875 3884
f 3875 3759 3818 3876
f 3874 3884 3886 3883
f 3884 3876 3885 3886
f 3902 3907 3927
f 3927 3908 3902
f 3907 3928 3930 3927
f 3928 3890 3929 3930
f 3924 3921 3930
f 3929 3898 3924
f 3930 3929 3924
f 3939 3908 3927
f 3930 3921 3939
f 3927 3930 3939
f 3908 3939 3940 3938
f 3943 3940 3939
f 3921 3923 3943
f 3939 3921 3943
f 3943 3923 3944 3945
f 3921 3924 3926 3923
f 3924 3898 3925 3926
f 3935 3898 3929
f 3929 3890 3899
f 3899 3901 3935
f 3935 3929 3899
f 3899 3894 3900 3901
f 3925 3898 3935
f 3937 3922 3925
f 3935 3937 3925
f 3935 3901 3936 3937
f 4066 4083 4085 4082
f 4095 4085 4083
f 4067 4084 4095
f 4083 4067 4095
f 4085 4095 4097 4094
f 4095 4084 4096 4097
f 4091 4081 4097
f 4096 4069 4091
f 4097 4096 4091
f 4094 4097 4081 4079
f 4067 4098 4100 4084
f 4098 4011 4099 4100
f 4100 4099 4068 4076
f 4101 4069 4096
f 4096 4084 4100
f 4100 4076 4101
f 4101 4096 4100
f 4101 4076 4102
f 4081 4091 4093 4090
f 4091 4069 4092 4093
f 4099 4011 4077
f 4078 4068 4099
f 4077 4078 4099
f 4077 4034 4060 4078
f 4034 4061 4062 4060
f 4061 3951 4051 4062
f 4059 4050 4062
f 4051 4019 4059
f 4062 4051 4059
f 3951 4052 4054 4051
f 4052 4020 4053 4054
f 4054 4053 4021 4033
f 4047 4019 4051
f 4054 4033 4047
f 4051 4054 4047
f 4053 4020 3978
f 4004 4021 4053
f 3978 4004 4053
f 4047 4033 4048 4049
f 4017 4004 3978
f 4005 4006 4017
f 3978 4005 4017
f 4013 4006 4005
f 3655 3986 4013
f 4005 3655 4013
f 4030 4012 4006
f 4013 4015 4030
f 4006 4013 4030
f 4013 3986 4014 4015
f 4031 4015 4014
f 3962 4003 4031
f 4014 3962 4031
f 4012 4030 4032 4024
f 4030 4015 4031 4032
f 4032 4031 4003 4010
f 4004 4017 4018 4016
f 4023 4018 4017
f 4006 4012 4023
f 4017 4006 4023
f 4018 4023 4025 4022
f 4027 4025 4023
f 4012 4024 4027
f 4023 4012 4027
f 4025 4027 4029 4026
f 4027 4024 4028 4029
f 4045 113 55
f 114 116 4045
f 55 114 4045
f 3808 116 114
f 50 115 3808
f 114 50 3808
f 4131 3807 116
f 3808 3809 4131
f 116 3808 4131
f 3808 115 3665 3809
f 3805 3654 4132
f 4132 3809 3665
f 3665 49 3805
f 3805 4132 3665
f 3807 4131 4133 4130
f 4131 3809 4132 4133
f 4133 4132 3654 3919
f 4127 112 4130
f 4133 3919 4127
f 4130 4133 4127
f 4304 4044 113
f 4045 4046 4304
f 113 4045 4304
f 4160 4046 4045
f 116 3807 4160
f 4045 116 4160
f 4046 4160 4161 4159
f 4160 3807 4130 4161
f 4157 4042 4161
f 4130 112 4157
f 4161 4130 4157
f 4251 3893 4159
f 4161 4042 4251
f 4159 4161 4251
f 4044 4304 4305 4303
f 4304 4046 4159 4305
f 4301 4173 4305
f 4159 3893 4301
f 4305 4159 4301
f 4362 54 4303
f 4305 4173 4362
f 4303 4305 4362
f 56 118 120 117
f 118 51 119 120
f 120 119 50 114
f 117 120 114 55
f 57 122 124 121
f 122 52 123 124
f 124 123 51 118
f 121 124 118 56
f 5719 53 52 122
f 122 57 58 5719
f 5723 5721 5720 5722
f 5715 5723 5722 5697
f 5726 5724 5718 5725
f 5721 5726 5725 5720
f 5725 5718 53
f 5719 5720 5725
f 53 5719 5725
f 5722 5720 5719
f 58 5697 5722
f 5719 58 5722
f 59 4745 4746 4744
f 4745 4645 4670 4746
f 4742 4687 4746
f 4670 4646 4742
f 4746 4670 4742
f 4744 4746 4687 4644
f 4645 4671 4672 4670
f 4671 4499 4653 4672
f 4668 4662 4672
f 4653 4580 4668
f 4672 4653 4668
f 4697 4646 4670
f 4672 4662 4697
f 4670 4672 4697
f 4739 4696 4646
f 4697 4698 4739
f 4646 4697 4739
f 4714 4698 4697
f 4662 4667 4714
f 4697 4662 4714
f 4698 4714 4716 4713
f 4714 4667 4715 4716
f 4716 4715 4663 4694
f 4710 4685 4713
f 4716 4694 4710
f 4713 4716 4710
f 4696 4739 4740 4738
f 4739 4698 4713 4740
f 4736 4702 4740
f 4713 4685 4736
f 4740 4713 4736
f 4738 4740 4702 4661
f 4662 4668 4669 4667
f 4681 4669 4668
f 4580 4658 4681
f 4668 4580 4681
f 4669 4681 4682 4680
f 4684 4682 4681
f 4658 4664 4684
f 4681 4658 4684
f 4683 4682 4684
f 4735 4703 4701
f 4661 4702 4735
f 4701 4661 4735
f 4702 4736 4737 4735
f 4736 4685 4709 4737
f 4731 4693 4721
f 4737 4709 4731
f 4721 4737 4731
f 4735 4737 4721 4703
f 4703 4721 4722 4720
f 4732 4709 4685
f 4710 4712 4732
f 4685 4710 4732
f 4710 4694 4711 4712
f 4708 4699 4733
f 4733 4712 4711
f 4711 4695 4708
f 4708 4733 4711
f 4709 4732 4734 4731
f 4732 4712 4733 4734
f 4728 4718 4734
f 4733 4699 4728
f 4734 4733 4728
f 4731 4734 4718 4693
f 4727 4719 4717
f 4693 4718 4727
f 4717 4693 4727
f 4718 4728 4730 4727
f 4728 4699 4729 4730
f 4725 4723 4730
f 4729 4707 4725
f 4730 4729 4725
f 4727 4730 4723 4719
f 4723 4725 4726 4724
f 4726 4725 4707
f 4741 4688 4751
f 4751 4686 4644
f 4644 4687 4741
f 4741 4751 4644
f 4687 4742 4743 4741
f 4742 4646 4696 4743
f 4738 4661 4705
f 4743 4696 4738
f 4705 4743 4738
f 4776 4688 4741
f 4743 4705 4776
f 4741 4743 4776
f 4688 4776 4778 4775
f 4776 4705 4777 4778
f 4772 4748 4778
f 4777 4706 4772
f 4778 4777 4772
f 4784 4704 4775
f 4778 4748 4784
f 4775 4778 4784
f 4706 4777 4661
f 4777 4705 4661
f 4704 4784 4785 4783
f 4784 4748 4771 4785
f 4781 4765 4785
f 4771 4749 4781
f 4785 4771 4781
f 4783 4785 4765 4747
f 4748 4772 4774 4771
f 4772 4706 4773 4774
f 4758 4774 4773
f 4761 4749 4771
f 4774 4758 4761
f 4771 4774 4761
f 4749 4761 4763 4760
f 4761 4758 4762 4763
f 4780 4766 4764
f 4747 4765 4780
f 4764 4747 4780
f 4765 4781 4782 4780
f 4781 4749 4760 4782
f 4780 4782 4779 4766
f 4686 4751 4753 4750
f 4775 4704 4768
f 4768 4753 4751
f 4751 4688 4775
f 4775 4768 4751
f 4753 4768 4770 4767
f 4783 4747 4770
f 4768 4704 4783
f 4770 4768 4783
f 4767 4770 4769 4752
f 4767 4752 4801
f 4801 4498 4750
f 4750 4753 4767
f 4767 4801 4750
f 4499 4654 4655 4653
f 4654 4581 4590 4655
f 4650 4582 4657
f 4657 4643 4655
f 4655 4590 4650
f 4650 4657 4655
f 4659 4580 4653
f 4655 4643 4659
f 4653 4655 4659
f 4619 4592 4651
f 4651 4590 4581
f 4581 4591 4619
f 4619 4651 4581
f 4591 4620 4622 4619
f 4620 125 4621 4622
f 4616 4600 4622
f 4621 4577 4616
f 4622 4621 4616
f 4619 4622 4600 4592
f 4615 4601 4599
f 4592 4600 4615
f 4599 4592 4615
f 4600 4616 4618 4615
f 4616 4577 4617 4618
f 4612 4604 4618
f 4617 4587 4612
f 4618 4617 4612
f 4615 4618 4604 4601
f 4611 4605 4603
f 4601 4604 4611
f 4603 4601 4611
f 4604 4612 4614 4611
f 4612 4587 4613 4614
f 4608 4606 4614
f 4613 4596 4608
f 4614 4613 4608
f 4611 4614 4606 4605
f 4606 4608 4610 4607
f 4627 4610 4608
f 4596 4609 4627
f 4608 4596 4627
f 4590 4651 4652 4650
f 4651 4592 4599 4652
f 4642 4652 4599
f 4656 4582 4650
f 4652 4642 4656
f 4650 4652 4656
f 4665 4658 4580
f 4659 4660 4665
f 4580 4659 4665
f 4660 4659 4643
f 4679 4664 4658
f 4665 4666 4679
f 4658 4665 4679
f 4805 4791 4498
f 4801 4802 4805
f 4498 4801 4805
f 125 4637 4639 4621
f 4637 4578 4638 4639
f 4639 4638 4579 4588
f 4634 4577 4621
f 4639 4588 4634
f 4621 4639 4634
f 4584 4579 4638
f 4638 4578 4497
f 4497 4512 4584
f 4584 4638 4497
f 4586 4583 4579
f 4584 4585 4586
f 4579 4584 4586
f 4585 4584 4512
f 4577 4634 4636 4617
f 4634 4588 4635 4636
f 4636 4635 4589 4597
f 4631 4587 4617
f 4636 4597 4631
f 4617 4636 4631
f 4635 4588 4579
f 4583 4589 4635
f 4579 4583 4635
f 4587 4631 4633 4613
f 4631 4597 4632 4633
f 4633 4632 4598 4602
f 4628 4596 4613
f 4633 4602 4628
f 4613 4633 4628
f 4596 4628 4630 4609
f 4628 4602 4629 4630
f 4567 4514 4512
f 4497 4513 4567
f 4512 4497 4567
f 4513 4568 4569 4567
f 4568 4175 4556 4569
f 4565 4548 4569
f 4556 4494 4565
f 4569 4556 4565
f 4567 4569 4548 4514
f 4548 4565 4566 4564
f 4565 4494 4552 4566
f 4573 4509 4563
f 4563 4551 4566
f 4566 4552 4573
f 4573 4563 4566
f 4564 4566 4551 4549
f 4175 4557 4558 4556
f 4557 4495 4531 4558
f 4558 4531 4496 4510
f 4553 4494 4556
f 4558 4510 4553
f 4556 4558 4553
f 4495 4532 4534 4531
f 4532 4317 4533 4534
f 4544 4506 4534
f 4533 4434 4544
f 4534 4533 4544
f 4528 4496 4531
f 4534 4506 4528
f 4531 4534 4528
f 4496 4528 4530 4527
f 4528 4506 4529 4530
f 4524 4508 4530
f 4529 4507 4524
f 4530 4529 4524
f 4527 4530 4508 4505
f 4506 4544 4546 4529
f 4544 4434 4545 4546
f 4546 4545 4491 4539
f 4541 4507 4529
f 4546 4539 4541
f 4529 4546 4541
f 4507 4541 4543 4525
f 4541 4539 4542 4543
f 4508 4524 4526 4523
f 4540 4526 4524
f 4507 4525 4540
f 4524 4507 4540
f 4574 4552 4494
f 4553 4555 4574
f 4494 4553 4574
f 4553 4510 4554 4555
f 4575 4555 4554
f 4511 4547 4575
f 4554 4511 4575
f 4552 4574 4576 4573
f 4574 4555 4575 4576
f 4576 4575 4547 4550
f 4560 4509 4573
f 4576 4550 4560
f 4573 4576 4560
f 4554 4510 4496 4527
f 4527 4505 4511 4554
f 4509 4560 4562 4559
f 4560 4550 4561 4562
f 4492 4434 4533
f 4533 4317 4435
f 4435 4436 4492
f 4492 4533 4435
f 4458 4436 4435
f 54 4361 4458
f 4435 54 4458
f 4489 4457 4436
f 4458 4459 4489
f 4436 4458 4489
f 4469 4459 4458
f 4361 4431 4469
f 4458 4361 4469
f 4459 4469 4470 4468
f 4469 4431 4460 4470
f 4457 4489 4490 4488
f 4489 4459 4468 4490
f 4545 4434 4492
f 4493 4491 4545
f 4492 4493 4545
f 4503 4493 4492
f 4436 4457 4503
f 4492 4436 4503
f 4493 4503 4504
f 4503 4457 4488 4504
f 4519 126 60
f 127 128 4519
f 60 127 4519
f 4307 128 127
f 55 113 4307
f 127 55 4307
f 4516 4306 128
f 4307 4308 4516
f 128 4307 4516
f 4438 4308 4307
f 113 4044 4438
f 4307 113 4438
f 4536 4437 4308
f 4438 4439 4536
f 4308 4438 4536
f 4438 4044 4303 4439
f 4435 4317 4537
f 4537 4439 4303
f 4303 54 4435
f 4435 4537 4303
f 4437 4536 4538 4535
f 4536 4439 4537 4538
f 4532 4495 4538
f 4537 4317 4532
f 4538 4537 4532
f 4557 4175 4535
f 4538 4495 4557
f 4535 4538 4557
f 4640 4515 4306
f 4516 4517 4640
f 4306 4516 4640
f 4571 4517 4516
f 4308 4437 4571
f 4516 4308 4571
f 4517 4571 4572 4570
f 4571 4437 4535 4572
f 4568 4513 4572
f 4535 4175 4568
f 4572 4535 4568
f 4570 4572 4513 4497
f 4515 4640 4641 4625
f 4640 4517 4570 4641
f 4641 4570 4497 4578
f 4637 125 4625
f 4641 4578 4637
f 4625 4641 4637
f 4674 4518 126
f 4519 4520 4674
f 126 4519 4674
f 4594 4520 4519
f 128 4306 4594
f 4519 128 4594
f 4520 4594 4595 4593
f 4624 4595 4594
f 4306 4515 4624
f 4594 4306 4624
f 4595 4624 4626 4623
f 4624 4515 4625 4626
f 4620 4591 4626
f 4625 125 4620
f 4626 4625 4620
f 4623 4626 4591 4581
f 4623 4581 4654
f 4654 4499 4593
f 4593 4595 4623
f 4623 4654 4593
f 4518 4674 4675 4673
f 4674 4520 4593 4675
f 4671 4645 4675
f 4593 4499 4671
f 4675 4593 4671
f 4745 59 4673
f 4675 4645 4745
f 4673 4675 4745
f 61 130 131 129
f 130 56 117 131
f 131 117 55 127
f 129 131 127 60
f 62 133 134 132
f 133 57 121 134
f 134 121 56 130
f 132 134 130 61
f 5698 133 144
f 133 62 144
f 144 63 5698
f 5698 58 57 133
f 5714 5712 5711 5713
f 5706 5714 5713 5694
f 5711 5709 5699 5710
f 5713 5711 5710
f 147 5694 5713
f 5710 147 5713
f 5717 5715 5697 5716
f 5709 5717 5716 5699
f 5716 5697 58
f 5698 5699 5716
f 58 5698 5716
f 5710 5699 5698
f 63 147 5710
f 5698 63 5710
f 5137 4827 64
f 4828 4830 5137
f 64 4828 5137
f 4900 4647 5003
f 5003 4830 4828
f 4828 4501 4900
f 4900 5003 4828
f 4830 5003 5005 5002
f 5043 5005 5003
f 4647 4824 5043
f 5003 4647 5043
f 5005 5043 5044 5042
f 5084 5044 5043
f 4824 4999 5084
f 5043 4824 5084
f 5044 5084 5086 5083
f 5084 4999 5085 5086
f 5080 5040 5086
f 5085 4502 5080
f 5086 5085 5080
f 5083 5086 5040 5037
f 5083 5037 5060
f 5060 5004 5042
f 5042 5044 5083
f 5083 5060 5042
f 5042 5004 5064
f 5064 4829 5002
f 5002 5005 5042
f 5042 5064 5002
f 4827 5137 5138 5136
f 5137 4830 5002 5138
f 5134 5068 5138
f 5002 4829 5134
f 5138 5002 5134
f 5136 5138 5068 4500
f 4501 4901 4902 4900
f 4901 4648 4689 4902
f 4897 4649 4911
f 4911 4825 4902
f 4902 4689 4897
f 4897 4911 4902
f 4900 4902 4825 4647
f 4898 4689 4648
f 4690 4692 4898
f 4648 4690 4898
f 4744 4644 4755
f 4755 4692 4690
f 4690 59 4744
f 4744 4755 4690
f 4692 4755 4757 4754
f 4795 4757 4755
f 4644 4686 4795
f 4755 4644 4795
f 4757 4795 4796 4794
f 4795 4686 4750 4796
f 4790 4787 4796
f 4750 4498 4790
f 4796 4750 4790
f 4814 4756 4794
f 4796 4787 4814
f 4794 4796 4814
f 4794 4756 4818
f 4818 4691 4754
f 4754 4757 4794
f 4794 4818 4754
f 4689 4898 4899 4897
f 4898 4692 4754 4899
f 4895 4822 4899
f 4754 4691 4895
f 4899 4754 4895
f 4973 4649 4897
f 4899 4822 4973
f 4897 4899 4973
f 4649 4973 4974 4972
f 4973 4822 4894 4974
f 4970 4907 4974
f 4894 4823 4970
f 4974 4894 4970
f 4972 4974 4907 4821
f 4822 4895 4896 4894
f 4895 4691 4817 4896
f 4891 4759 4886
f 4896 4817 4891
f 4886 4896 4891
f 4929 4823 4894
f 4896 4886 4929
f 4894 4896 4929
f 4823 4929 4931 4928
f 4929 4886 4930 4931
f 4953 4904 4931
f 4930 4887 4953
f 4931 4930 4953
f 4925 4885 4928
f 4931 4904 4925
f 4928 4931 4925
f 4964 4924 4885
f 4925 4927 4964
f 4885 4925 4964
f 4950 4927 4925
f 4904 4926 4950
f 4925 4904 4950
f 4927 4950 4952 4949
f 4950 4926 4951 4952
f 4952 4951 4905 4923
f 4946 4915 4949
f 4952 4923 4946
f 4949 4952 4946
f 4924 4964 4965 4963
f 4964 4927 4949 4965
f 4961 4934 4965
f 4949 4915 4961
f 4965 4949 4961
f 4963 4965 4934 4903
f 4904 4953 4955 4926
f 4953 4887 4954 4955
f 4960 4935 4933
f 4903 4934 4960
f 4933 4903 4960
f 4934 4961 4962 4960
f 4961 4915 4945 4962
f 4957 4943 4962
f 4945 4922 4957
f 4962 4945 4957
f 4960 4962 4943 4935
f 4956 4944 4942
f 4935 4943 4956
f 4942 4935 4956
f 4943 4957 4959 4956
f 4957 4922 4939 4959
f 4956 4959 4958 4944
f 4915 4946 4948 4945
f 4946 4923 4947 4948
f 4940 4922 4945
f 4948 4932 4940
f 4945 4948 4940
f 4922 4940 4941 4939
f 4969 4909 4906
f 4821 4907 4969
f 4906 4821 4969
f 4907 4970 4971 4969
f 4970 4823 4928 4971
f 4967 4919 4971
f 4928 4885 4967
f 4971 4928 4967
f 4969 4971 4919 4909
f 4966 4921 4918
f 4909 4919 4966
f 4918 4909 4966
f 4919 4967 4968 4966
f 4967 4885 4924 4968
f 4963 4903 4937
f 4968 4924 4963
f 4937 4968 4963
f 4966 4968 4937 4921
f 4921 4937 4938 4936
f 4933 4914 4938
f 4937 4903 4933
f 4938 4937 4933
f 4936 4920 4908
f 4918 4921 4936
f 4908 4918 4936
f 4918 4908 5010
f 5010 4700 4906
f 4906 4909 4918
f 4918 5010 4906
f 4892 4817 4691
f 4818 4820 4892
f 4691 4818 4892
f 4813 4786 4859
f 4859 4820 4818
f 4818 4756 4813
f 4813 4859 4818
f 4820 4859 4860 4858
f 4863 4839 4879
f 4879 4860 4859
f 4859 4786 4863
f 4863 4879 4859
f 4860 4879 4880 4878
f 4875 4856 4880
f 4879 4839 4875
f 4880 4879 4875
f 4817 4892 4893 4891
f 4892 4820 4858 4893
f 4889 4884 4893
f 4858 4819 4889
f 4893 4858 4889
f 4891 4893 4884 4759
f 4756 4814 4816 4813
f 4814 4787 4789 4816
f 4809 4788 4854
f 4854 4815 4816
f 4816 4789 4809
f 4809 4854 4816
f 4864 4786 4813
f 4816 4815 4864
f 4813 4816 4864
f 4810 4789 4787
f 4790 4793 4810
f 4787 4790 4810
f 4798 4793 4790
f 4498 4791 4798
f 4790 4498 4798
f 4807 4797 4793
f 4798 4800 4807
f 4793 4798 4807
f 4804 4800 4798
f 4791 4799 4804
f 4798 4791 4804
f 4803 4800 4804
f 4846 4806 4797
f 4807 4808 4846
f 4797 4807 4846
f 4835 4808 4807
f 4800 4803 4835
f 4807 4800 4835
f 4843 4834 4808
f 4835 4837 4843
f 4808 4835 4843
f 4841 4837 4835
f 4803 4836 4841
f 4835 4803 4841
f 4834 4843 4844 4842
f 4844 4843 4837
f 4806 4846 4848 4845
f 4846 4808 4834 4848
f 4845 4848 4847 4792
f 4789 4810 4812 4809
f 4850 4812 4810
f 4793 4797 4850
f 4810 4793 4850
f 4812 4850 4852 4849
f 4850 4797 4806 4852
f 4845 4792 4851
f 4852 4806 4845
f 4851 4852 4845
f 4849 4852 4851 4811
f 4849 4811 4788
f 4809 4812 4849
f 4788 4809 4849
f 4786 4864 4865 4863
f 4869 4865 4864
f 4815 4853 4869
f 4864 4815 4869
f 4865 4869 4871 4868
f 4869 4853 4870 4871
f 4867 4862 4871
f 4870 4840 4867
f 4871 4870 4867
f 4873 4857 4868
f 4871 4862 4873
f 4868 4871 4873
f 4868 4857 4876
f 4876 4839 4863
f 4863 4865 4868
f 4868 4876 4863
f 4815 4854 4855 4853
f 4854 4788 4838 4855
f 4839 4876 4877 4875
f 4872 4861 4877
f 4876 4857 4872
f 4877 4876 4872
f 4857 4873 4874 4872
f 4882 4874 4873
f 4862 4866 4882
f 4873 4862 4882
f 4874 4882 4883 4881
f 4884 4889 4890 4888
f 4700 5010 5011 4982
f 4910 4826 5000
f 5000 4824 4647
f 4647 4825 4910
f 4910 5000 4647
f 4825 4911 4913 4910
f 4972 4821 4985
f 4985 4913 4911
f 4911 4649 4972
f 4972 4985 4911
f 4913 4985 4986 4984
f 4985 4821 4906 4986
f 4981 4976 4986
f 4906 4700 4981
f 4986 4906 4981
f 5024 4912 4984
f 4986 4976 5024
f 4984 4986 5024
f 4984 4912 4996
f 4996 4826 4910
f 4910 4913 4984
f 4984 4996 4910
f 4826 4996 4998 4995
f 5023 4975 4998
f 4996 4912 5023
f 4998 4996 5023
f 4995 4998 4997 4916
f 4912 5024 5025 5023
f 5024 4976 4980 5025
f 5020 4977 4993
f 5025 4980 5020
f 4993 5025 5020
f 5023 5025 4993 4975
f 5021 4980 4976
f 4981 4983 5021
f 4976 4981 5021
f 5007 4983 4981
f 4700 4982 5007
f 4981 4700 5007
f 5027 5006 4983
f 5007 5009 5027
f 4983 5007 5027
f 5007 4982 5008 5009
f 5006 5027 5029 5026
f 5027 5009 5028 5029
f 5029 5028 4979 4988
f 5013 4978 5026
f 5029 4988 5013
f 5026 5029 5013
f 4980 5021 5022 5020
f 5021 4983 5006 5022
f 5026 4978 5018
f 5018 4990 5022
f 5022 5006 5026
f 5026 5018 5022
f 5020 5022 4990 4977
f 5017 4991 4989
f 4977 4990 5017
f 4989 4977 5017
f 4990 5018 5019 5017
f 5012 4987 5019
f 5018 4978 5012
f 5019 5018 5012
f 4978 5013 5016 5012
f 5013 4988 5014 5016
f 5012 5016 5015 4987
f 4975 4993 4994 4992
f 4824 5000 5001 4999
f 4995 4916 5031
f 5031 5001 5000
f 5000 4826 4995
f 4995 5031 5000
f 5001 5031 5033 5030
f 5031 4916 5032 5033
f 4502 5085 5001
f 5085 4999 5001
f 5133 5070 5157
f 5157 5067 4500
f 4500 5068 5133
f 5133 5157 4500
f 5068 5134 5135 5133
f 5134 4829 5063 5135
f 5131 5124 5135
f 5063 5034 5131
f 5135 5063 5131
f 5133 5135 5124 5070
f 5130 5125 5163
f 5163 5123 5070
f 5070 5124 5130
f 5130 5163 5070
f 5124 5131 5132 5130
f 5131 5034 5120 5132
f 5129 5127 5132
f 5120 5090 5129
f 5132 5120 5129
f 5130 5132 5127 5125
f 5128 5127 5129
f 5169 5162 5123
f 5163 5164 5169
f 5123 5163 5169
f 5163 5125 5126 5164
f 5162 5169 5171 5168
f 5169 5164 5170 5171
f 5166 5152 5171
f 5170 5144 5166
f 5171 5170 5166
f 5177 5069 5168
f 5171 5152 5177
f 5168 5171 5177
f 5067 5157 5158 5156
f 5173 5158 5157
f 5070 5123 5173
f 5157 5070 5173
f 5158 5173 5174 5172
f 5173 5123 5162 5174
f 5168 5069 5181
f 5181 5154 5174
f 5174 5162 5168
f 5168 5181 5174
f 5172 5174 5154 5146
f 5172 5146 5188
f 5188 4917 5156
f 5156 5158 5172
f 5172 5188 5156
f 4829 5064 5066 5063
f 5059 5036 5094
f 5094 5066 5064
f 5064 5004 5059
f 5059 5094 5064
f 5066 5094 5096 5093
f 5100 5088 5114
f 5114 5096 5094
f 5094 5036 5100
f 5100 5114 5094
f 5096 5114 5116 5113
f 5109 5091 5116
f 5114 5088 5109
f 5116 5114 5109
f 5113 5116 5115 5095
f 5113 5095 5118
f 5118 5065 5093
f 5093 5096 5113
f 5113 5118 5093
f 5093 5065 5121
f 5121 5034 5063
f 5063 5066 5093
f 5093 5121 5063
f 5004 5060 5062 5059
f 5060 5037 5039 5062
f 5055 5038 5104
f 5104 5061 5062
f 5062 5039 5055
f 5055 5104 5062
f 5101 5036 5059
f 5062 5061 5101
f 5059 5062 5101
f 5079 5041 5056
f 5056 5039 5037
f 5037 5040 5079
f 5079 5056 5037
f 5040 5080 5082 5079
f 5080 4502 5081 5082
f 5076 5046 5082
f 5081 5035 5076
f 5082 5081 5076
f 5079 5082 5046 5041
f 5075 5047 5053
f 5053 5045 5041
f 5041 5046 5075
f 5075 5053 5041
f 5046 5076 5078 5075
f 5076 5035 5077 5078
f 5050 5047 5075
f 5078 5048 5050
f 5075 5078 5050
f 5047 5050 5051 5049
f 5045 5053 5054 5052
f 5039 5056 5058 5055
f 5056 5041 5045 5058
f 5055 5058 5057 5038
f 5036 5101 5103 5100
f 5101 5061 5102 5103
f 5098 5092 5103
f 5102 5089 5098
f 5103 5102 5098
f 5110 5088 5100
f 5103 5092 5110
f 5100 5103 5110
f 5061 5104 5105 5102
f 5104 5038 5087 5105
f 5088 5110 5112 5109
f 5110 5092 5097 5112
f 5109 5112 5111 5091
f 5107 5097 5092
f 5098 5099 5107
f 5092 5098 5107
f 5097 5107 5108 5106
f 5034 5121 5122 5120
f 5065 5118 5119 5117
f 4917 5188 5190 5187
f 5200 5190 5188
f 5146 5153 5200
f 5188 5146 5200
f 5190 5200 5202 5199
f 5200 5153 5184 5202
f 5195 5147 5203
f 5203 5201 5202
f 5202 5184 5195
f 5195 5203 5202
f 5199 5202 5201 5189
f 5199 5189 5145
f 5187 5190 5199
f 5145 5187 5199
f 5180 5155 5185
f 5185 5153 5146
f 5146 5154 5180
f 5180 5185 5146
f 5154 5181 5183 5180
f 5176 5151 5183
f 5181 5069 5176
f 5183 5181 5176
f 5180 5183 5182 5155
f 5196 5184 5153
f 5185 5186 5196
f 5153 5185 5196
f 5184 5196 5197 5195
f 5069 5177 5179 5176
f 5177 5152 5165 5179
f 5176 5179 5178 5151
f 5175 5165 5152
f 5166 5167 5175
f 5152 5166 5175
f 65 137 4522 4521
f 4677 4522 137
f 60 126 4677
f 137 60 4677
f 4522 4677 4678 4676
f 4677 126 4518 4678
f 4673 59 4690
f 4690 4648 4678
f 4678 4518 4673
f 4673 4690 4678
f 4901 4501 4676
f 4678 4648 4901
f 4676 4678 4901
f 4676 4501 4828
f 4828 64 4521
f 4521 4522 4676
f 4676 4828 4521
f 66 136 138 135
f 136 61 129 138
f 138 129 60 137
f 135 138 137 65
f 67 140 141 139
f 140 62 132 141
f 141 132 61 136
f 139 141 136 66
f 68 143 145 142
f 143 63 144 145
f 145 144 62 140
f 142 145 140 67
f 5705 5693 148 5704
f 5690 5705 5704 146
f 5703 5701 5696 5702
f 5700 5703 5702 5693
f 5708 5706 5694 5707
f 5701 5708 5707 5696
f 5707 5694 147
f 5695 5696 5707
f 147 5695 5707
f 5702 5696 5695
f 148 5693 5702
f 5695 148 5702
f 5695 147 63
f 143 148 5695
f 63 143 5695
f 5704 148 143
f 68 146 5704
f 143 68 5704
f 5513 5232 5297 5515
f 5509 5248 5540
f 5540 5514 5515
f 5515 5297 5509
f 5509 5540 5515
f 5381 5300 5510
f 5510 5297 5232
f 5232 5298 5381
f 5381 5510 5232
f 5298 5382 5383 5381
f 5382 4832 5293 5383
f 5377 5247 5407
f 5407 5364 5383
f 5383 5293 5377
f 5377 5407 5383
f 5381 5383 5364 5300
f 5406 5366 5506
f 5506 5363 5300
f 5300 5364 5406
f 5406 5506 5300
f 5364 5407 5409 5406
f 5407 5247 5360 5409
f 5403 5345 5517
f 5517 5408 5409
f 5409 5360 5403
f 5403 5517 5409
f 5406 5409 5408 5366
f 5516 5499 5503
f 5503 5498 5366
f 5366 5408 5516
f 5516 5503 5366
f 5408 5517 5519 5516
f 5517 5345 5518 5519
f 5501 5499 5516
f 5519 5500 5501
f 5516 5519 5501
f 5498 5503 5504 5502
f 5363 5506 5508 5505
f 5506 5366 5498 5508
f 5502 5365 5507
f 5508 5498 5502
f 5507 5508 5502
f 5505 5508 5507 5299
f 5297 5510 5512 5509
f 5510 5300 5363 5512
f 5505 5299 5527
f 5527 5511 5512
f 5512 5363 5505
f 5505 5527 5512
f 5584 5248 5509
f 5512 5511 5584
f 5509 5512 5584
f 5248 5584 5585 5583
f 5584 5511 5526 5585
f 5580 5536 5585
f 5526 5522 5580
f 5585 5526 5580
f 5583 5585 5536 5521
f 5511 5527 5529 5526
f 5532 5529 5527
f 5299 5520 5532
f 5527 5299 5532
f 5529 5532 5534 5531
f 5532 5520 5525 5534
f 5531 5534 5533 5528
f 5531 5528 5522
f 5526 5529 5531
f 5522 5526 5531
f 5579 5538 5554
f 5554 5535 5521
f 5521 5536 5579
f 5579 5554 5521
f 5536 5580 5582 5579
f 5580 5522 5581 5582
f 5582 5581 5530 5544
f 5576 5538 5579
f 5582 5544 5576
f 5579 5582 5576
f 5538 5576 5578 5575
f 5576 5544 5577 5578
f 5572 5550 5578
f 5577 5545 5572
f 5578 5577 5572
f 5575 5578 5550 5543
f 5571 5552 5549
f 5543 5550 5571
f 5549 5543 5571
f 5550 5572 5574 5571
f 5572 5545 5573 5574
f 5569 5562 5574
f 5573 5548 5569
f 5574 5573 5569
f 5571 5574 5562 5552
f 5568 5563 5561
f 5552 5562 5568
f 5561 5552 5568
f 5562 5569 5570 5568
f 5570 5569 5548
f 5561 5551 5537
f 5549 5552 5561
f 5537 5549 5561
f 5535 5554 5556 5553
f 5575 5543 5556
f 5554 5538 5575
f 5556 5554 5575
f 5549 5537 5555
f 5556 5543 5549
f 5555 5556 5549
f 5553 5556 5555 5359
f 5359 5555 5565 5564
f 5514 5540 5542 5539
f 5583 5521 5558
f 5558 5542 5540
f 5540 5248 5583
f 5583 5558 5540
f 5542 5558 5560 5557
f 5558 5521 5535 5560
f 5553 5359 5559
f 5560 5535 5553
f 5559 5560 5553
f 5557 5560 5559 5541
f 5557 5541 5595
f 5595 5524 5539
f 5539 5542 5557
f 5557 5595 5539
f 5524 5595 5596 5594
f 5595 5541 5566 5596
f 5591 5588 5596
f 5566 5547 5591
f 5596 5566 5591
f 5594 5596 5588 5546
f 5541 5559 5567 5566
f 5590 5589 5602
f 5602 5587 5546
f 5546 5588 5590
f 5590 5602 5546
f 5588 5591 5593 5590
f 5591 5547 5586 5593
f 5599 5589 5590
f 5593 5592 5599
f 5590 5593 5599
f 5589 5599 5600 5598
f 5587 5602 5603 5601
f 5598 5597 5603
f 5602 5589 5598
f 5603 5602 5598
f 5616 5606 5604
f 5546 5587 5616
f 5604 5546 5616
f 5606 5616 5617 5615
f 5616 5587 5601 5617
f 5612 5609 5617
f 5601 5523 5612
f 5617 5601 5612
f 5615 5617 5609 5605
f 5378 5293 4832
f 5294 5296 5378
f 4832 5294 5378
f 5312 5288 5391
f 5391 5296 5294
f 5294 5229 5312
f 5312 5391 5294
f 5296 5391 5392 5379
f 5391 5288 5291 5392
f 5389 5295 5379
f 5392 5358 5389
f 5379 5392 5389
f 5293 5378 5380 5377
f 5378 5296 5379 5380
f 5374 5361 5380
f 5379 5295 5374
f 5380 5379 5374
f 5377 5380 5361 5247
f 5229 5313 5314 5312
f 5325 5314 5313
f 5289 5301 5325
f 5313 5289 5325
f 5314 5325 5326 5324
f 5340 5326 5325
f 5301 5315 5340
f 5325 5301 5340
f 5326 5340 5341 5339
f 5340 5315 5327 5341
f 5336 5322 5341
f 5327 5290 5336
f 5341 5327 5336
f 5339 5341 5322 5310
f 5339 5310 5292
f 5324 5326 5339
f 5292 5324 5339
f 5324 5292 5288
f 5312 5314 5324
f 5288 5312 5324
f 5316 5301 5289
f 5302 5303 5316
f 5289 5302 5316
f 5328 5315 5301
f 5316 5317 5328
f 5301 5316 5328
f 5317 5316 5303
f 5315 5328 5330 5327
f 5328 5317 5329 5330
f 5319 5290 5327
f 5330 5308 5319
f 5327 5330 5319
f 5332 5318 5290
f 5319 5320 5332
f 5290 5319 5332
f 5350 5331 5318
f 5332 5334 5350
f 5318 5332 5350
f 5343 5334 5332
f 5320 5333 5343
f 5332 5320 5343
f 5347 5342 5334
f 5343 5344 5347
f 5334 5343 5347
f 5342 5347 5348 5346
f 5331 5350 5352 5349
f 5350 5334 5342 5352
f 5349 5352 5351 5307
f 5321 5311 5309
f 5292 5310 5321
f 5309 5292 5321
f 5335 5323 5321
f 5310 5322 5335
f 5321 5310 5335
f 5322 5336 5338 5335
f 5354 5338 5336
f 5290 5318 5354
f 5336 5290 5354
f 5338 5354 5356 5353
f 5354 5318 5331 5356
f 5349 5307 5355
f 5356 5331 5349
f 5355 5356 5349
f 5353 5356 5355 5337
f 5353 5337 5323
f 5335 5338 5353
f 5323 5335 5353
f 5373 5362 5404
f 5404 5360 5247
f 5247 5361 5373
f 5373 5404 5247
f 5361 5374 5376 5373
f 5415 5376 5374
f 5295 5375 5415
f 5374 5295 5415
f 5376 5415 5417 5414
f 5415 5375 5416 5417
f 5411 5371 5417
f 5416 5357 5411
f 5417 5416 5411
f 5426 5368 5414
f 5417 5371 5426
f 5414 5417 5426
f 5414 5368 5400
f 5400 5362 5373
f 5373 5376 5414
f 5414 5400 5373
f 5362 5400 5402 5399
f 5425 5370 5471
f 5471 5402 5400
f 5400 5368 5425
f 5425 5471 5400
f 5402 5471 5473 5470
f 5471 5370 5396 5473
f 5467 5369 5472
f 5473 5396 5467
f 5472 5473 5467
f 5470 5473 5472 5401
f 5470 5401 5367
f 5399 5402 5470
f 5367 5399 5470
f 5368 5426 5427 5425
f 5426 5371 5410 5427
f 5423 5397 5427
f 5410 5372 5423
f 5427 5410 5423
f 5425 5427 5397 5370
f 5371 5411 5413 5410
f 5411 5357 5412 5413
f 5394 5372 5410
f 5413 5388 5394
f 5410 5413 5394
f 5429 5393 5372
f 5394 5395 5429
f 5372 5394 5429
f 5448 5428 5393
f 5429 5430 5448
f 5393 5429 5448
f 5428 5448 5449 5443
f 5449 5448 5430
f 5422 5398 5468
f 5468 5396 5370
f 5370 5397 5422
f 5422 5468 5370
f 5397 5423 5424 5422
f 5435 5424 5423
f 5372 5393 5435
f 5423 5372 5435
f 5424 5435 5436 5434
f 5442 5436 5435
f 5393 5428 5442
f 5435 5393 5442
f 5436 5442 5444 5441
f 5486 5444 5442
f 5428 5443 5486
f 5442 5428 5486
f 5444 5486 5488 5485
f 5486 5443 5487 5488
f 5482 5438 5488
f 5487 5387 5482
f 5488 5487 5482
f 5485 5488 5438 5432
f 5485 5432 5457
f 5457 5421 5441
f 5441 5444 5485
f 5485 5457 5441
f 5441 5421 5461
f 5461 5419 5434
f 5434 5436 5441
f 5441 5461 5434
f 5434 5419 5465
f 5465 5398 5422
f 5422 5424 5434
f 5434 5465 5422
f 5398 5465 5466 5464
f 5460 5420 5466
f 5465 5419 5460
f 5466 5465 5460
f 5418 5464 5466
f 5419 5461 5463 5460
f 5456 5431 5463
f 5461 5421 5456
f 5463 5461 5456
f 5460 5463 5462 5420
f 5421 5457 5459 5456
f 5457 5432 5437 5459
f 5452 5433 5458
f 5459 5437 5452
f 5458 5459 5452
f 5456 5459 5458 5431
f 5481 5440 5453
f 5453 5437 5432
f 5432 5438 5481
f 5481 5453 5432
f 5438 5482 5484 5481
f 5482 5387 5483 5484
f 5484 5483 5439 5446
f 5478 5440 5481
f 5484 5446 5478
f 5481 5484 5478
f 5440 5478 5480 5477
f 5478 5446 5479 5480
f 5475 5451 5480
f 5479 5447 5475
f 5480 5479 5475
f 5496 5445 5477
f 5480 5451 5496
f 5477 5480 5496
f 5445 5496 5497 5495
f 5496 5451 5474 5497
f 5495 5497 5489 5450
f 5451 5475 5476 5474
f 5437 5453 5455 5452
f 5477 5445 5493
f 5493 5455 5453
f 5453 5440 5477
f 5477 5493 5453
f 5455 5493 5494 5492
f 5495 5450 5494
f 5493 5445 5495
f 5494 5493 5495
f 5454 5492 5494
f 5492 5454 5433
f 5452 5455 5492
f 5433 5452 5492
f 5431 5458 5491 5490
f 5396 5468 5469 5467
f 5464 5418 5469
f 5468 5398 5464
f 5469 5468 5464
f 5369 5467 5469
f 5360 5404 5405 5403
f 5399 5367 5405
f 5404 5362 5399
f 5405 5404 5399
f 5345 5403 5405
f 5295 5389 5390 5375
f 5611 5610 5608
f 5605 5609 5611
f 5608 5605 5611
f 5609 5612 5614 5611
f 5619 5614 5612
f 5523 5607 5619
f 5612 5523 5619
f 5614 5619 5622 5618
f 5624 5622 5619
f 5607 5620 5624
f 5619 5607 5624
f 5622 5624 5627 5623
f 5624 5620 5625 5627
f 5623 5627 5626 5621
f 5623 5621 5613
f 5618 5622 5623
f 5613 5618 5623
f 5618 5613 5610
f 5611 5614 5618
f 5610 5611 5618
f 4831 5140 5141 5139
f 5140 64 4827 5141
f 5136 4500 5160
f 5160 5072 5141
f 5141 4827 5136
f 5136 5160 5141
f 5139 5141 5072 4833
f 5159 5074 5228
f 5228 5071 4833
f 4833 5072 5159
f 5159 5228 4833
f 5072 5160 5161 5159
f 5160 4500 5067 5161
f 5156 4917 5192
f 5192 5149 5161
f 5161 5067 5156
f 5156 5192 5161
f 5224 5074 5159
f 5161 5149 5224
f 5159 5161 5224
f 5074 5224 5226 5223
f 5224 5149 5191 5226
f 5219 5150 5242
f 5242 5225 5226
f 5226 5191 5219
f 5219 5242 5226
f 5223 5226 5225 5148
f 5220 5191 5149
f 5192 5194 5220
f 5149 5192 5220
f 5187 5145 5205
f 5205 5194 5192
f 5192 4917 5187
f 5187 5205 5192
f 5216 5204 5194
f 5205 5207 5216
f 5194 5205 5216
f 5210 5207 5205
f 5145 5198 5210
f 5205 5145 5210
f 5213 5209 5207
f 5210 5211 5213
f 5207 5210 5213
f 5209 5213 5214 5212
f 5204 5216 5218 5215
f 5216 5207 5209 5218
f 5212 5206 5217
f 5218 5209 5212
f 5217 5218 5212
f 5215 5218 5217 5193
f 5191 5220 5222 5219
f 5220 5194 5204 5222
f 5215 5193 5221
f 5222 5204 5215
f 5221 5222 5215
f 5264 5150 5219
f 5222 5221 5264
f 5219 5222 5264
f 5150 5264 5266 5263
f 5264 5221 5265 5266
f 5260 5239 5266
f 5265 5235 5260
f 5266 5265 5260
f 5276 5234 5263
f 5266 5239 5276
f 5263 5266 5276
f 5234 5276 5277 5275
f 5276 5239 5259 5277
f 5272 5253 5277
f 5259 5240 5272
f 5277 5259 5272
f 5275 5277 5253 5238
f 5239 5260 5262 5259
f 5260 5235 5261 5262
f 5250 5240 5259
f 5262 5246 5250
f 5259 5262 5250
f 5268 5249 5240
f 5250 5251 5268
f 5240 5250 5268
f 5279 5267 5249
f 5268 5270 5279
f 5249 5268 5279
f 5268 5251 5269 5270
f 5267 5279 5282 5278
f 5279 5270 5280 5282
f 5278 5282 5281 5245
f 5271 5254 5252
f 5238 5253 5271
f 5252 5238 5271
f 5253 5272 5274 5271
f 5284 5274 5272
f 5240 5249 5284
f 5272 5240 5284
f 5274 5284 5286 5283
f 5284 5249 5267 5286
f 5278 5245 5285
f 5286 5267 5278
f 5285 5286 5278
f 5283 5286 5285 5273
f 5283 5273 5254
f 5271 5274 5283
f 5254 5271 5283
f 5287 5273 5285
f 5241 5237 5236
f 5148 5225 5241
f 5236 5148 5241
f 5225 5242 5244 5241
f 5263 5234 5256
f 5256 5244 5242
f 5242 5150 5263
f 5263 5256 5242
f 5244 5256 5258 5255
f 5275 5238 5258
f 5256 5234 5275
f 5258 5256 5275
f 5252 5208 5257
f 5258 5238 5252
f 5257 5258 5252
f 5255 5258 5257 5243
f 5255 5243 5237
f 5241 5244 5255
f 5237 5241 5255
f 5071 5228 5230 5227
f 5223 5148 5305
f 5305 5230 5228
f 5228 5074 5223
f 5223 5305 5228
f 5230 5305 5306 5304
f 5305 5148 5236 5306
f 5302 5289 5306
f 5236 5073 5302
f 5306 5236 5302
f 5313 5229 5304
f 5306 5289 5313
f 5304 5306 5313
f 5304 5229 5294
f 5294 4832 5227
f 5227 5230 5304
f 5304 5294 5227
f 5385 5233 5231
f 4833 5071 5385
f 5231 4833 5385
f 5233 5385 5386 5384
f 5385 5071 5227 5386
f 5382 5298 5386
f 5227 4832 5382
f 5386 5227 5382
f 5384 5386 5298 5232
f 5142 65 4521 5143
f 5140 4831 5143
f 4521 64 5140
f 5143 4521 5140
f 150 66 135 5638
f 5638 135 65 5142
f 149 67 139 151
f 151 139 66 150
f 152 68 142 153
f 153 142 67 149
f 5689 5687 154 5688
f 5692 5690 146 5691
f 5687 5692 5691 154
f 5691 146 68
f 152 154 5691
f 68 152 5691
f 5852 5853 6238
f 5853 5854 6255
f 5849 5850 6220
f 5851 6231 5850
f 6231 5851 5852
f 5854 6252 6256
f 6252 5854 5855
f 5856 6253 5855
f 5857 6250 5856
f 6250 6253 5856
f 6250 5858 6259
f 6257 6259 5858
f 6250 5857 5858
f 6252 5855 6253
f 6216 5845 5846
f 6216 5846 5847
f 5842 5843 6206
f 5843 5844 6218
f 6219 5844 5845
f 5848 6222 5847
f 6256 6255 5854
f 6252 6248 6256
f 6238 5853 6255
f 5852 6238 6231
f 6239 6238 6255
f 6257 6262 6246
f 5859 6262 6257
f 5848 5849 6222
f 5859 6257 5858
f 5860 6263 5859
f 5860 6268 6263
f 6265 6243 6260
f 5859 6265 6260
f 6265 5859 6263
f 5860 5861 6266
f 6262 5859 6260
f 5863 6286 5862
f 5864 6283 5863
f 6295 5865 5866
f 6293 5866 5867
f 5864 5865 6295
f 6285 5861 5862
f 5867 6289 6293
f 5862 6286 6285
f 5863 6283 6286
f 5866 6293 6295
f 5868 6287 5867
f 5870 6352 5869
f 5869 6298 5868
f 6295 6283 5864
f 6299 5869 6352
f 5871 6336 5870
f 6334 5871 5872
f 6334 5872 6355
f 6337 6336 5871
f 5874 6355 5873
f 5871 6334 6337
f 6355 5872 5873
f 6351 6352 5870
f 6285 6266 5861
f 5870 6336 6351
f 5835 6187 5834
f 5836 6193 5835
f 5833 6199 5832
f 5833 5834 6199
f 6187 5835 6193
f 6199 5834 6187
f 6193 5836 5837
f 5839 6191 5838
f 5840 6196 5839
f 6196 6195 5839
f 6191 5837 5838
f 6191 6195 6176
f 6191 5839 6195
f 5837 6191 6193
f 5827 5816 5826
f 5828 5816 5827
f 5823 5810 5825
f 5824 5810 5823
f 5826 5823 5825
f 5823 5826 5816
f 5816 5828 6175
f 5830 6175 5829
f 5830 5831 6174
f 6174 5831 5832
f 6174 6175 5830
f 6199 6177 5813 6174
f 6174 5832 6199
f 5828 5829 6175
f 6218 6204 5843
f 6218 5844 6219
f 5841 5842 6206
f 6216 6219 5845
f 6231 6225 6213 6220
f 6220 6222 5849
f 6216 5847 6222
f 5850 6231 6220
f 6238 6232 6231
f 5874 6353 6355
f 6268 6240 6263
f 6282 6266 6285
f 6268 5860 6266
f 6194 5840 5841
f 6196 5840 6194
f 6206 6194 5841
f 5843 6204 6206
f 5868 6292 6269
f 6292 5868 6298
f 6333 6299 6352
f 6298 5869 6299
f 6269 6287 5868
f 6296 6351 6336
f 6289 5867 6287
f 6353 5874 5875
f 5875 6356 6308
f 6353 5875 6308
f 5876 6307 5875
f 5875 6307 6356
f 6310 6302 6306
f 6310 6307 5876
f 5876 6302 6310
f 5878 6357 5877
f 5879 6300 5878
f 6359 5880 5881
f 6359 5881 5882
f 5879 5880 6360
f 6302 5876 5877
f 5883 6365 5882
f 5877 6357 6302
f 5878 6300 6357
f 5880 6359 6360
f 5883 6361 6365
f 6365 6359 5882
f 6360 6300 5879
f 5884 6366 6369
f 6361 5884 6369
f 5885 6366 5884
f 5886 6366 5885
f 6305 6366 5886
f 5886 6362 6305
f 5886 6414 6362
f 6414 5886 5887
f 5884 6361 5883
f 5888 6413 6414
f 5888 5889 6413
f 6412 6411 5889
f 6410 6412 5890
f 5891 6398 5890
f 6412 5889 5890
f 5890 6398 6410
f 5889 6411 6413
f 5892 6399 5891
f 5893 6399 5892
f 6399 5893 6415
f 5894 6415 5893
f 5895 6396 5894
f 6415 5894 6396
f 6398 5891 6399
f 6413 6411 6303
f 6380 6410 6398
f 5895 6388 6396
f 5895 6416 6388
f 6455 6400 6379
f 6456 6455 5896
f 6379 5896 6455
f 6416 5895 6379
f 6455 6406 6390 6400
f 5896 6420 6456
f 6453 6420 5897
f 5897 6420 5896
f 5898 6453 5897
f 6379 5895 5896
f 5887 5888 6414
f 6452 6420 6453
f 6453 5898 6422
f 5899 6450 6422
f 6450 5899 5900
f 5898 5899 6422
f 6423 5900 5901
f 5902 6423 5901
f 6418 6421 6423
f 6438 6418 5902
f 6418 6423 5902
f 5900 6423 6450
f 5903 6409 5902
f 6409 6417 6438
f 5904 6424 5903
f 6409 5903 6424
f 5902 6409 6438
f 5905 6459 6407
f 6407 6424 5904
f 6407 5904 5905
f 5906 6460 5905
f 6457 5906 5907
f 5907 5908 6466
f 5906 6457 6460
f 5908 6471 6466
f 6466 6457 5907
f 6471 5908 6479
f 6459 5905 6460
f 5910 6464 5909
f 5911 6502 5910
f 6464 6479 5909
f 6464 6502 6495
f 6464 5910 6502
f 6503 6502 5911
f 5908 5909 6479
f 5911 5912 6503
f 5913 6503 5912
f 6503 5913 6500
f 5914 6500 5913
f 5914 6504 6488
f 5914 6496 6504
f 6499 6504 6496
f 5914 6488 6500
f 6489 6491 6496
f 5915 6489 5914
f 6489 6496 5914
f 6472 6489 5915
f 5916 6492 6467
f 6472 5915 6467
f 6467 5915 5916
f 5917 6516 5916
f 6517 5917 5918
f 5918 5919 6514
f 6517 6516 5917
f 5920 6543 5919
f 5918 6514 6517
f 6514 5919 6543
f 6492 5916 6516
f 6516 6473 6475 6492
f 5920 6566 6570
f 6566 5920 6567
f 6543 5920 6570
f 6528 6570 6566
f 6549 6529 6565
f 6567 6549 6565
f 6549 6567 5921
f 5922 6550 5921
f 5923 6550 5922
f 6547 6550 5923
f 6544 6547 5924
f 6547 5923 5924
f 6549 5921 6550
f 6567 5920 5921
f 5924 5925 6526
f 5815 5809 5822
f 5822 5809 5824
f 5817 5815 5822
f 5810 5824 5809
f 5924 6526 6544
f 6551 5925 6545
f 5925 6551 6526
f 5925 5926 6545
f 6551 6545 6525
f 5927 6530 6519
f 6519 6545 5926
f 6519 5926 5927
f 5928 6572 5927
f 5929 6572 5928
f 6572 6476 6518 6530
f 6573 6572 5929
f 6573 5929 5930
f 5927 6572 6530
f 6546 6573 5931
f 5932 6546 5931
f 6521 6546 5932
f 6521 5933 6604
f 5934 6604 5933
f 6521 5932 5933
f 5930 5931 6573
f 6601 6600 5934
f 5935 6601 5934
f 6605 5934 6600
f 6586 6605 6600
f 5935 6606 6601
f 6606 5935 5936
f 6604 5934 6605
f 6612 6606 5937
f 5936 5937 6606
f 6609 6612 5937
f 5938 6609 5937
f 6587 6609 5938
f 6584 6607 5939
f 6607 6587 5938
f 6607 5938 5939
f 5940 6608 6584
f 5939 5940 6584
f 5941 6589 5940
f 6584 6608 6581
f 5941 6627 6589
f 6589 6608 5940
f 6627 5941 6635
f 5943 6635 5942
f 5944 6625 5943
f 5943 6625 6635
f 5945 6644 5944
f 6625 6644 6636
f 5944 6644 6625
f 5941 5942 6635
f 5820 5815 5812
f 5808 5815 5820
f 5808 156 5807
f 158 5808 5819
f 5819 5808 5820
f 5819 157 158
f 5809 5815 5808
f 5945 6642 6644
f 6642 6646 6628
f 6646 6642 5945
f 5808 158 156
f 5807 156 166
f 6626 6646 5946
f 163 5807 166
f 6646 5945 5946
f 6647 6626 5947
f 5948 6681 5947
f 5947 6681 6647
f 6654 5949 6679
f 6654 6681 5948
f 5949 6654 5948
f 5946 5947 6626
f 5950 6655 5949
f 6662 5950 5951
f 6662 5951 6704
f 6662 6655 5950
f 5953 6660 5952
f 5952 6660 5951
f 5954 6697 5953
f 6679 5949 6655
f 5951 6660 6704
f 5955 6697 5954
f 6696 5953 6697
f 5953 6696 6660
f 6682 6685 6694
f 6694 6697 5955
f 6694 5955 6682
f 6687 6663 6682
f 6686 6687 5956
f 6682 5956 6687
f 5956 6682 5955
f 6661 6686 5956
f 6661 5957 6705
f 5958 6705 5957
f 6661 5956 5957
f 5959 6720 5958
f 5960 6721 5959
f 6720 6707 6705
f 6718 6721 5961
f 5959 6721 6720
f 6721 5960 5961
f 5958 6720 6705
f 6657 6718 5962
f 5961 5962 6718
f 6717 6722 6657
f 6717 6711 6722
f 5963 6727 5962
f 6657 5962 6717
f 5964 6741 5963
f 5962 6715 6717
f 5962 6727 6715
f 6773 6741 5964
f 6773 6769 6757
f 5964 6769 6773
f 6741 6727 5963
f 5966 6770 5965
f 6758 6770 5966
f 5967 6758 5966
f 6758 6768 6770
f 6755 6774 5968
f 5967 6774 6758
f 5967 5968 6774
f 5965 6770 6769
f 6769 5964 5965
f 6746 6755 6775
f 6743 6775 6755
f 6776 6742 6743
f 6743 6729 6776
f 6729 6743 5969
f 6755 5968 6743
f 5970 6781 5969
f 5971 6779 5970
f 6781 6747 5969
f 6782 6779 5972
f 5970 6779 6781
f 5971 5972 6779
f 6729 5969 6747
f 6743 5968 5969
f 5973 6777 6782
f 5972 5973 6782
f 5974 6777 5973
f 6810 6777 5974
f 6807 6806 5975
f 6659 5975 6806
f 5975 6659 5974
f 6659 6810 5974
f 6797 6807 5975
f 5976 6797 5975
f 5977 6804 5976
f 5978 6804 5977
f 5976 6804 6797
f 5979 6811 5978
f 5978 6814 6804
f 5980 6833 5979
f 5978 6811 6814
f 5979 6833 6811
f 5981 6815 6792
f 6792 6831 5981
f 6831 6833 5980
f 6798 6791 6815
f 5981 6798 6815
f 5982 6798 5981
f 5982 6789 6798
f 5982 5983 6837
f 6837 6789 5982
f 6850 6837 5983
f 5981 6831 5980
f 6850 5983 6851
f 5984 6851 5983
f 6842 6851 5984
f 6845 6844 6850
f 5986 6842 5985
f 5984 5985 6842
f 6837 6850 6844
f 6842 5986 6854
f 6853 6854 5986
f 5986 5987 6853
f 5987 6852 6853
f 6847 6852 5987
f 6786 6846 5988
f 6847 5988 6846
f 6847 5987 5988
f 6786 5988 6875
f 5989 6875 5988
f 6848 6875 5989
f 5989 6871 6848
f 6880 6879 6887
f 6871 6887 6879
f 5990 6887 6871
f 5990 6871 5989
f 6888 6887 5991
f 5992 6888 5991
f 5993 6888 5992
f 5994 6890 5993
f 5993 6877 6888
f 6890 6877 5993
f 5991 6887 5990
f 6890 5994 6889
f 6889 5994 6883
f 5995 6862 6881
f 6862 5995 6885
f 5996 6885 5995
f 6883 5994 6881
f 6881 5994 5995
f 6867 6884 6885
f 6867 5996 5997
f 6867 6885 5996
f 6778 6867 5997
f 6778 6866 6867
f 6778 5998 6891
f 6930 6891 5998
f 6778 5997 5998
f 6931 6930 5999
f 5998 5999 6930
f 6908 6931 5999
f 6908 6928 6927
f 6928 6908 6918
f 6908 5999 6000
f 6891 6930 6916
f 6001 6918 6000
f 6002 6917 6001
f 6917 6918 6001
f 6900 6917 6003
f 6917 6002 6003
f 6004 6900 6003
f 6908 6000 6918
f 6919 6900 6004
f 6005 6934 6004
f 6919 6004 6934
f 6005 6932 6934
f 6932 6936 6909
f 6936 6932 6005
f 6936 6005 6006
f 6007 6939 6006
f 6967 6966 6008
f 6007 6008 6966
f 6966 6939 6007
f 6939 6901 6006
f 6966 6940 6939
f 6967 6008 6009
f 6936 6006 6901
f 6967 6010 6964
f 6011 6964 6010
f 6011 6971 6938
f 6011 6970 6971
f 6944 6971 6970
f 6011 6938 6964
f 6009 6010 6967
f 6970 6011 6968
f 6012 6968 6011
f 6012 6992 6968
f 6981 6980 6013
f 6012 6013 6980
f 6995 6981 6014
f 6013 6014 6981
f 6992 6012 6980
f 6996 6995 6014
f 6016 6996 6015
f 6992 6980 6941
f 6016 6993 6996
f 6993 6016 6017
f 6996 6014 6015
f 6017 6997 6975
f 6982 6997 6017
f 6017 6975 6993
f 6018 6982 6017
f 6997 6982 6985
f 6019 6988 6018
f 6018 6976 6982
f 6019 6020 7004
f 6976 6018 6988
f 7004 6020 6021
f 6988 6019 7004
f 6021 6986 7004
f 6942 6022 7005
f 6986 6022 6942
f 6022 6986 6021
f 6023 6895 6022
f 6024 7015 6023
f 7015 6895 6023
f 6025 7036 6024
f 7036 7015 6024
f 7005 6022 6895
f 6026 7036 6025
f 7036 6026 7037
f 6027 7037 6026
f 7034 7037 6027
f 7034 7028 7030
f 7028 7034 6027
f 7028 6027 6028
f 7015 7036 7021
f 7032 7016 6028
f 7028 6028 7016
f 6028 6029 7032
f 6029 7065 7032
f 7041 7040 7065
f 7032 7065 7040
f 7066 7065 6029
f 7066 6029 7098
f 6029 7099 7098
f 6029 6030 7099
f 6030 7082 7099
f 6030 7083 7082
f 6030 6031 7116
f 6030 7115 7083
f 7116 7115 6030
f 7102 7083 7115 7103
f 7082 7097 7099
f 6033 7158 6032
f 6034 7159 6033
f 7159 7158 6033
f 6035 7129 6034
f 7129 7159 6034
f 6032 7158 7130
f 7113 6031 6032
f 7129 6035 6036
f 6031 7127 7116
f 7063 7097 7082
f 6032 7130 7113
f 7143 7130 7158
f 6036 7160 7170
f 7160 7171 7173
f 7171 7160 6037
f 7170 7129 6036
f 7113 7127 6031
f 7160 6036 6037
f 7066 7098 7080
f 7163 7171 7161
f 6037 7161 7171
f 7131 7161 6037
f 6037 7165 7131
f 7165 7118 7164
f 7118 7165 6038
f 7165 6037 6038
f 6039 7135 6038
f 7118 6038 7135
f 7104 7135 6039
f 7135 7104 7117
f 6039 6040 7119
f 7139 7104 7119
f 6039 7119 7104
f 7139 7119 7121
f 7084 7119 6040
f 7124 7084 6040
f 7126 7068 6041
f 7122 6041 7068
f 7124 6040 7122
f 7122 6040 6041
f 7052 7125 7126
f 7126 6042 7052
f 6042 7126 6041
f 6042 7072 7052
f 7042 7051 7072
f 6043 7076 7042
f 7042 7072 6042
f 7042 6042 6043
f 6044 7053 6043
f 6045 7176 6044
f 7053 7055 7076
f 6045 7174 7176
f 7176 7053 6044
f 7174 6045 6046
f 6043 7053 7076
f 7105 6047 6048
f 7177 6046 6047
f 6046 7177 6899
f 7105 6048 7191
f 7105 7177 6047
f 7192 6048 6049
f 7174 6046 6899
f 7191 6048 7192
f 6049 6050 7189
f 7192 6049 7187
f 7189 7187 6049
f 6050 7188 7193
f 7193 7189 6050
f 7188 6050 6051
f 6052 7214 6051
f 7221 7214 6052
f 6053 7221 6052
f 6053 7218 7221
f 7213 7217 6054
f 7218 6054 7217
f 6054 7218 6053
f 6051 7214 7188
f 6055 7182 7213
f 6054 6055 7213
f 6056 7194 6055
f 6055 7194 7182
f 7225 7227 6057
f 7194 6057 7227
f 6057 7194 6056
f 6058 7230 7225
f 6057 6058 7225
f 6059 7230 6058
f 6059 7256 7230
f 6059 7228 7292
f 7292 7256 6059
f 7228 6059 6060
f 7288 7228 7289
f 6060 7289 7228
f 7262 7289 6060
f 6060 7285 7262
f 7304 7303 7299
f 7299 7285 6060
f 7299 6060 6061
f 6061 7295 7304
f 7301 7295 6061
f 6061 7304 7299
f 6062 7305 6061
f 6061 7305 7301
f 6062 7296 7363
f 7363 7305 6062
f 7296 6062 6063
f 7356 6063 6064
f 7357 7356 6064
f 7360 6063 7356
f 7346 7360 7356
f 7357 6065 7355
f 6065 7357 6064
f 7296 6063 7360
f 7355 6065 7347
f 6066 7347 6065
f 7365 7347 6066
f 6067 7365 6066
f 6067 7344 7365
f 7344 7366 7337
f 7366 7344 7349
f 7344 6067 7349
f 7333 7348 7349
f 6067 6068 7349
f 6068 7333 7349
f 7350 7332 7333
f 6068 7350 7333
f 7350 6068 7330
f 7330 6068 6069
f 7351 7282 7330
f 7351 6069 7306
f 6070 7306 6069
f 7351 7330 6069
f 7352 7354 7306
f 6071 7266 6070
f 7352 6070 7266
f 7352 7306 6070
f 7250 7264 7322
f 7266 6071 7322
f 6071 7250 7322
f 6071 7307 7250
f 7308 7310 7267
f 7267 7307 6071
f 7267 6071 6072
f 7263 7308 6072
f 7267 6072 7308
f 7239 7263 6072
f 6073 7311 7239
f 7243 7237 6073
f 7311 6073 7237
f 6073 7239 6072
f 7367 6075 6076
f 7369 6074 6075
f 6074 7369 7243
f 7367 7370 7249
f 7367 7369 6075
f 7370 7367 6076
f 6073 6074 7243
f 6077 7247 7370
f 6076 6077 7370
f 6078 7247 6077
f 6079 7247 6078
f 6079 7375 7247
f 7375 7387 7386
f 6080 7387 7375
f 6080 7375 6079
f 7393 6081 6082
f 7384 6080 6081
f 7393 7384 6081
f 7392 7394 6083
f 6082 7394 7393
f 6082 6083 7394
f 7387 6080 7384
f 6084 7415 7392
f 6083 6084 7392
f 6085 7415 6084
f 7392 7415 7402
f 6086 7417 6085
f 6085 7389 7415
f 7417 7389 6085
f 7406 7389 7417
f 7418 6086 6087
f 7417 6086 7418
f 7417 7238 7388 7406
f 6087 7395 7418
f 7395 6087 6088
f 7395 6089 7422
f 6089 7390 7422
f 7390 6089 6090
f 6091 7419 6090
f 7390 6090 7419
f 7396 7419 6091
f 6092 7447 6091
f 6089 7395 6088
f 7447 6092 7448
f 7429 6092 6093
f 7448 6092 7429
f 7462 7429 6093
f 7462 7467 7463
f 7462 6093 7467
f 7467 6093 6094
f 7429 7462 7455
f 7468 6095 6096
f 7468 6094 6095
f 7466 7468 6096
f 7470 7460 6097
f 7460 7466 6096
f 7460 6096 6097
f 6094 7468 7467
f 7465 7469 7470
f 7419 7396 7398
f 7445 7396 7447
f 7465 7470 6098
f 7464 7465 7425
f 6098 7425 7465
f 7456 7425 6099
f 6098 6099 7425
f 7430 7433 7456
f 6101 7401 7430
f 7430 7456 6099
f 7430 6099 6100
f 6098 7470 6097
f 7447 7396 6091
f 7426 6101 6102
f 7401 6101 7426
f 6103 7471 7426
f 7471 6103 6104
f 6103 7426 6102
f 7399 7471 6104
f 6100 6101 7430
f 6104 6105 7399
f 6106 7399 6105
f 7491 7399 6106
f 6106 6107 7491
f 6108 7486 6107
f 6110 7486 6109
f 6109 7486 6108
f 6110 6111 7481
f 6107 7492 7491
f 6107 7486 7492
f 7491 7489 7488
f 6110 7481 7486
f 6111 7485 7481
f 7399 7491 7488
f 6113 7482 6112
f 7482 6113 6114
f 7495 7482 6114
f 7475 7480 7495
f 7495 7480 7482
f 6115 7496 7495
f 7495 6114 6115
f 6112 7482 7485
f 7485 6111 6112
f 7496 6117 6118
f 7496 6116 6117
f 7493 7496 6118
f 7493 6119 7505
f 6120 7505 6119
f 7493 6118 6119
f 6115 6116 7496
f 7484 6120 6121
f 6122 7484 6121
f 7505 6120 7484
f 7497 7484 6122
f 6124 7509 6123
f 6123 7509 6122
f 6124 6125 7507
f 7509 7497 6122
f 6125 6126 7544
f 6127 7511 6126
f 7507 7509 6124
f 6126 7511 7544
f 7507 6125 7544
f 7511 6127 7540
f 7537 7536 7540
f 7546 7537 6128
f 6127 7537 7540
f 7537 6127 6128
f 6128 7590 7546
f 6128 7585 7590
f 7585 6128 7586
f 7586 6128 6129
f 7541 7540 7536
f 7590 7585 7567
f 7582 6129 7583
f 6130 7583 6129
f 7587 6129 7582
f 7581 7583 6130
f 6131 7595 6130
f 7595 6131 7614
f 6132 7614 6131
f 6130 7595 7581
f 7594 7595 7614
f 7626 6133 6134
f 7625 6132 6133
f 7625 7615 7614
f 6133 7626 7625
f 7612 7626 6134
f 6134 6135 7612
f 6132 7625 7614
f 7576 7587 7582
f 7626 7612 7624
f 7581 7595 7577
f 6135 7628 7641
f 7628 7616 7627
f 7616 7628 6136
f 7634 7596 7629
f 7629 6136 7634
f 7632 7634 6136
f 6136 7629 7616
f 6136 7628 6135
f 7641 7612 6135
f 7586 6129 7587
f 7579 7593 7632
f 7541 7536 7526
f 6137 7635 7579
f 7579 7632 6137
f 7578 7635 7549
f 6137 7549 7635
f 7580 7549 6137
f 7580 7547 7638
f 7524 7580 6138
f 7549 7580 7638
f 7580 6137 6138
f 6137 7632 6136
f 7524 6138 7553
f 6139 7553 6138
f 7548 7553 6139
f 7553 7548 7515
f 6140 7528 7529
f 7529 7548 6139
f 7529 6139 6140
f 7528 6140 7519
f 6141 7519 6140
f 7647 7519 6141
f 6142 7650 6141
f 7519 7647 7530
f 7647 7650 7648
f 7650 7647 6141
f 7651 7650 6142
f 7651 6144 6145
f 7651 6143 6144
f 6146 7649 7651
f 7649 6146 7645
f 6147 7645 6146
f 6146 7651 6145
f 6142 6143 7651
f 7645 6147 7655
f 7653 7655 6147
f 6147 6148 7653
f 6148 7652 7653
f 7642 7652 6148
f 7677 7642 6149
f 7642 6148 6149
f 6150 7685 6149
f 6149 7685 7677
f 7682 6150 6151
f 7681 7685 6150
f 7685 7681 7673
f 6151 7679 7682
f 7681 6150 7682
f 7679 6151 6152
f 6153 6154 7679
f 7679 6155 7687
f 6154 6155 7679
f 6156 7671 7687
f 7671 6156 7689
f 6157 7689 6156
f 6156 7687 6155
f 6152 6153 7679
f 7688 7689 7656
f 6158 7656 6157
f 7690 7656 6158
f 6159 7721 6158
f 7720 7721 6159
f 6160 7718 6159
f 6158 7721 7690
f 6159 7718 7720
f 7719 6160 6161
f 6161 7717 7719
f 7718 6160 7719
f 6162 7708 6161
f 7709 6163 6164
f 6163 7708 6162
f 6165 7709 6164
f 1118 7656 7690
f 7717 6161 7708
f 7690 7721 7660
f 7720 7718 7693
f 7717 7708 7694
f 7709 7699 7707
f 7709 6165 7699
f 7716 7710 1119
f 7710 7716 7703
f 7716 1119 6166
f 7699 6165 1119
f 7709 7708 6163
f 1119 6165 6166
f 7714 6166 7723
f 6167 7723 6166
f 7716 6166 7714
f 7740 7739 7723
f 7740 6167 7728
f 6168 7728 6167
f 7740 7723 6167
f 7729 6169 6170
f 7737 6168 6169
f 7729 7737 6169
f 7729 6171 6172
f 7729 6170 6171
f 7728 6168 7737
f 6172 7726 7729
f 7727 7729 7726
f 6172 6173 7725
f 7726 6172 7747
f 7725 7747 6172
f 7730 1109 7724
f 7730 7725 6173
f 232 7730 6173
f 233 1109 232
f 7730 232 1109
f 1109 233 234
f 1133 1109 234
f 234 1134 1133
f 1108 1132 235
f 1134 235 1132
f 235 1134 234
f 1142 1108 236
f 235 236 1108
f 1141 1142 236
f 1141 1137 1139
f 1138 1137 1141
f 1141 236 237
f 237 238 1141
f 239 1138 238
f 1141 238 1138
f 240 1138 239
f 240 1149 1152
f 1149 240 241
f 240 1152 1138
f 241 1176 1149
f 1149 1176 1112
f 241 1161 1176
f 164 5806 163
f 5807 163 5806
f 162 5806 164
f 1172 1161 1173
f 1183 1173 242
f 1161 242 1173
f 242 243 1183
f 243 1184 1183
f 1184 244 1169
f 1185 1169 246
f 244 1184 243
f 242 1161 241
f 1185 246 1202
f 1169 245 246
f 1167 1201 1192
f 1192 1201 1189
f 1201 247 1189
f 247 1201 1202
f 1202 246 247
f 244 245 1169
f 248 1163 247
f 1189 247 1163
f 1193 1163 248
f 1162 1193 248
f 1246 1245 249
f 1162 249 1245
f 1162 248 249
f 1197 1162 1245
f 249 250 1246
f 250 1226 1246
f 250 1243 1226
f 1243 1223 1244
f 1231 1223 1243
f 1231 1243 250
f 251 1232 1231
f 1232 251 252
f 251 1231 250
f 1228 1232 252
f 253 1222 1228
f 253 254 1222
f 1235 1222 254
f 253 1228 252
f 7656 7689 6157
f 1235 255 1204
f 1236 1204 255
f 1204 1236 1239
f 1291 1170 1206
f 1206 1236 256
f 1236 255 256
f 255 1235 254
f 1240 257 258
f 1206 257 1291
f 257 1240 1291
f 258 259 1287
f 1287 1240 258
f 256 257 1206
f 1257 1287 259
f 1287 1257 1288
f 260 1260 259
f 1259 259 1260
f 259 1259 1257
f 1256 1299 1301
f 1301 1260 260
f 1301 260 261
f 1256 1301 262
f 1256 262 263
f 1310 1256 263
f 1261 1263 1309
f 1310 1302 1256
f 1310 263 264
f 261 262 1301
f 1247 1309 264
f 1310 264 1309
f 265 1247 264
f 1312 1264 265
f 1247 265 1264
f 266 1320 1312
f 1312 265 266
f 1309 1247 1261
f 1327 1326 266
f 1320 266 1326
f 267 1327 266
f 1327 1335 1334
f 1333 1335 267
f 267 1335 1327
f 267 268 1255
f 1319 1320 1326
f 1255 1333 267
f 272 1321 1329
f 1329 1336 1340
f 1344 1255 269
f 1345 1344 270
f 270 1342 1345
f 1343 1345 1342
f 270 1344 269
f 271 1340 1342
f 1340 271 272
f 271 1342 270
f 1329 1340 272
f 268 269 1255
f 273 1321 272
f 1328 1314 273
f 1321 273 1314
f 274 1328 273
f 1349 1352 274
f 1328 274 1352
f 276 1251 1349
f 1349 274 275
f 1251 276 277
f 1353 1251 277
f 1358 1353 277
f 1358 278 279
f 1358 277 278
f 280 1358 279
f 275 276 1349
f 280 1361 1360
f 1358 280 1360
f 281 1361 280
f 1359 1361 281
f 1387 1315 282
f 1315 1359 281
f 1315 281 282
f 283 1393 1387
f 1396 1395 283
f 1393 283 1395
f 283 1387 282
f 1392 1393 1395
f 1394 1400 1392
f 284 1394 1396
f 1397 1400 1394
f 1396 283 284
f 1394 286 1397
f 285 286 1394
f 287 1384 1397
f 287 1414 1384
f 1401 1384 1414
f 287 1397 286
f 1394 284 285
f 288 1413 1414
f 1413 288 1375
f 289 1375 288
f 288 1414 287
f 289 1419 1418
f 289 1434 1419
f 1433 1419 1434
f 289 1418 1375
f 1432 1434 290
f 289 290 1434
f 1416 1432 290
f 292 1436 1416
f 1426 1415 1421
f 1416 290 291
f 1436 292 1437
f 294 1437 293
f 292 293 1437
f 1428 1435 294
f 1437 294 1435
f 295 1426 1428
f 1428 294 295
f 292 1416 291
f 295 1415 1426
f 1422 1425 295
f 296 1422 295
f 5806 172 5805
f 5805 172 169
f 1409 1422 296
f 295 1425 1415
f 1420 297 298
f 1409 297 1377
f 297 1420 1377
f 300 1444 299
f 1420 299 1444
f 299 1420 298
f 296 297 1409
f 168 5805 170
f 169 170 5805
f 186 5805 168
f 5803 198 5802
f 202 5803 5804
f 5804 5805 183
f 183 5805 186
f 5804 183 184
f 5804 182 202
f 5804 184 182
f 5803 199 200
f 5802 198 210
f 5803 200 198
f 5803 202 199
f 207 5802 210
f 162 172 5806
f 301 1441 300
f 1444 300 1441
f 1318 1441 301
f 1449 1318 301
f 303 1460 302
f 1449 302 1460
f 1449 301 302
f 1460 304 1457
f 305 1457 304
f 306 1453 305
f 1457 305 1453
f 1451 1453 306
f 307 1451 306
f 304 1460 303
f 1461 1451 307
f 308 1461 307
f 309 1463 308
f 308 1463 1461
f 309 1501 1463
f 1501 309 1502
f 1502 309 310
f 1500 1502 1496
f 310 1496 1502
f 312 1496 311
f 310 311 1496
f 313 1378 1464
f 1464 312 313
f 312 1464 1496
f 5802 208 5801
f 5801 208 206
f 226 5799 5800
f 5800 5801 218
f 222 5801 206
f 5801 222 219
f 207 208 5802
f 5801 219 220
f 5801 220 218
f 5800 228 225
f 5799 226 224
f 5800 225 226
f 5800 218 228
f 231 5799 224
f 230 5796 5798
f 231 230 5799
f 5797 5798 5796
f 5797 5685 5686
f 5685 5797 5684
f 5797 5795 5684
f 5797 5686 5798
f 230 5798 5799
f 5796 230 5794
f 5682 5788 5790
f 5683 5794 5788
f 5684 5795 5683
f 5683 5795 5794
f 5682 5683 5788
f 5682 5790 5681
f 5787 5681 5790
f 5791 5786 5782
f 5782 5677 5791
f 5680 5787 5793
f 5773 5779 5784
f 5784 5676 5782
f 5679 5793 5791
f 5673 5779 5781
f 5671 5776 5778
f 5672 5781 5776
f 5670 5770 5772
f 5668 5767 5769
f 5669 5772 5767
f 5671 5778 5770
f 5784 5779 5674
f 5677 5782 5676
f 5793 5679 5680
f 5674 5675 5784
f 5678 5679 5791
f 5791 5677 5678
f 5676 5784 5675
f 5671 5672 5776
f 5670 5772 5669
f 5770 5670 5671
f 5672 5673 5781
f 5668 5669 5767
f 5769 5667 5668
f 5763 5667 5761
f 5779 5673 5674
f 5769 5761 5667
f 5681 5787 5680
f 313 1484 1378
f 314 1518 1484
f 313 314 1484
f 315 1518 314
f 315 1525 1518
f 1522 1521 1462
f 1462 1525 315
f 1462 315 316
f 1462 1530 1522
f 1462 316 1530
f 316 1531 1530
f 1527 1531 316
f 1565 1527 317
f 1527 316 317
f 317 318 1565
f 1565 1559 1558
f 1527 1565 1558
f 318 319 1565
f 319 1564 1565
f 321 1552 1556
f 320 1556 1564
f 320 1564 319
f 1563 1552 1560
f 321 1556 320
f 1555 1560 321
f 321 1560 1552
f 321 1553 1555
f 322 1536 1509
f 1509 1553 322
f 1553 321 322
f 1536 323 1505
f 322 323 1536
f 1507 1536 1505
f 324 1540 1505
f 1540 324 1567
f 325 1567 324
f 324 1505 323
f 1568 326 327
f 1485 325 326
f 326 1568 1485
f 328 1584 327
f 327 1584 1568
f 328 329 1581
f 1567 325 1485
f 328 1581 1584
f 329 330 1581
f 330 1577 1581
f 1612 1577 330
f 1612 331 1613
f 332 1613 331
f 1612 330 331
f 333 1617 332
f 1599 1617 333
f 333 1614 1599
f 1599 1618 1617
f 335 1600 334
f 334 1600 333
f 336 1600 335
f 332 1617 1613
f 1612 1585 1577
f 333 1600 1614
f 337 1625 336
f 1624 336 1625
f 337 1622 1625
f 1624 1600 336
f 1622 337 338
f 1626 1587 338
f 1622 338 1587
f 1601 1626 338
f 1601 1604 1626
f 1591 1601 339
f 1601 338 339
f 339 340 1591
f 1591 340 1588
f 341 1588 340
f 1633 1588 341
f 1634 1633 341
f 1634 342 1631
f 343 1631 342
f 1634 341 342
f 344 1630 343
f 1631 343 1630
f 1630 344 1685
f 1686 1685 344
f 1638 1630 1685
f 1635 1638 1685
f 1686 344 345
f 1683 1682 345
f 1686 1682 1684
f 346 1683 345
f 1682 1642 1684
f 1681 346 1643
f 346 1681 1683
f 345 1682 1686
f 1643 1688 1671
f 347 1688 346
f 1688 347 1689
f 348 1689 347
f 1650 1687 348
f 1687 1689 348
f 349 1650 348
f 346 1688 1643
f 1650 349 1690
f 1690 349 1702
f 350 1672 1700
f 350 1703 1672
f 1651 1672 1703
f 1702 349 1700
f 1700 349 350
f 350 1677 1703
f 351 1644 1677
f 1676 1677 1644
f 351 1677 350
f 351 1714 1644
f 1714 1710 1715
f 352 1710 1714
f 1714 351 352
f 5666 5667 5763
f 1711 352 353
f 1719 1711 353
f 1716 1719 353
f 1716 354 1729
f 355 1729 354
f 1716 353 354
f 1728 1729 1705
f 355 1705 1729
f 1720 1705 355
f 1645 1704 1720
f 1749 1645 356
f 355 1645 1720
f 1645 355 356
f 356 1784 1749
f 356 1730 1784
f 1730 1781 1780
f 1730 1757 1752
f 1752 1781 1730
f 1757 1730 357
f 1754 1758 357
f 1757 357 1758
f 1787 1754 358
f 357 358 1754
f 359 1786 1787
f 1786 359 1743
f 360 1743 359
f 359 1787 358
f 357 1730 356
f 1790 1759 360
f 1743 360 1759
f 1788 1790 360
f 361 1753 1788
f 361 1791 1753
f 1793 1753 1791
f 361 1788 360
f 1731 1791 362
f 361 362 1791
f 1767 1731 362
f 1706 1767 1795 1742
f 1795 1767 362
f 1795 363 1796
f 364 1796 363
f 1795 362 363
f 1806 1796 1807
f 1804 1807 364
f 364 1832 1823
f 1823 1804 364
f 1832 364 365
f 1807 1796 364
f 1829 1833 365
f 1832 365 1833
f 1836 1829 366
f 365 366 1829
f 1835 1836 367
f 366 367 1836
f 367 368 1835
f 1835 368 1834
f 368 1808 1834
f 1808 1839 1825
f 369 1817 1837
f 1839 1808 368
f 368 1837 1839
f 1811 1817 1840
f 369 1840 1817
f 1809 1840 369
f 370 1859 1809
f 1859 370 1860
f 371 1860 370
f 370 1809 369
f 1809 1859 1852
f 1837 368 369
f 1864 1863 371
f 372 1888 1864
f 1852 1859 1853
f 1864 1888 1850
f 372 1864 371
f 371 1863 1860
f 372 373 1888
f 1889 1888 373
f 1894 1889 373
f 374 1894 373
f 374 1886 1894
f 1898 1897 375
f 1886 375 1897
f 375 1886 374
f 1896 1898 1895
f 1895 1898 375
f 1895 1899 1902
f 1899 1904 1890
f 1904 1899 1895
f 375 1904 1895
f 1877 1903 1904
f 1905 1861 376
f 1877 376 1861
f 1877 1904 376
f 376 1797 1905
f 377 1880 1797
f 377 1797 376
f 377 378 1907
f 1904 375 376
f 377 1907 1880
f 379 1884 378
f 1884 1907 378
f 1907 1884 1906
f 379 1908 1954
f 1954 1884 379
f 1908 379 1950
f 1951 1950 1946
f 380 1946 1950
f 1947 1946 380
f 380 1950 379
f 381 1947 380
f 1942 1951 1946
f 1947 382 1945
f 382 1947 381
f 1943 382 383
f 1926 1943 383
f 1926 1941 1943
f 384 385 1926
f 1910 1926 1944
f 1926 383 384
f 382 1943 1945
f 1931 1944 385
f 1926 385 1944
f 386 1931 385
f 1909 1930 386
f 1931 386 1930
f 1961 1909 387
f 386 387 1909
f 1962 1961 387
f 1987 387 388
f 389 1959 388
f 1987 1962 387
f 389 1984 1959
f 1959 1987 388
f 1984 389 1980
f 391 1981 390
f 1981 391 392
f 392 393 1995
f 390 1981 1980
f 392 1995 1981
f 1995 393 2008
f 2008 393 394
f 389 390 1980
f 2007 2008 1965
f 394 1965 2008
f 395 1965 394
f 395 1964 1999
f 1969 1972 2003
f 2003 1964 395
f 1999 1965 395
f 1969 395 396
f 2032 1969 396
f 2032 1963 1969
f 2028 1846 397
f 2032 397 1846
f 2032 396 397
f 395 1969 2003
f 2024 2028 398
f 397 398 2028
f 2025 2024 398
f 398 2037 2025
f 2034 2038 399
f 2037 399 2038
f 399 2037 398
f 2028 2024 2029
f 2064 2034 400
f 399 400 2034
f 402 2064 401
f 400 401 2064
f 2065 2068 402
f 2064 402 2068
f 402 403 2065
f 2065 403 2060
f 2024 2016 2029
f 2061 2069 2039
f 2069 2061 2063
f 2039 403 2061
f 2039 2060 403
f 2044 2011 404
f 2061 404 2011
f 405 2044 404
f 405 2048 2010
f 2074 2048 405
f 405 2010 2044
f 406 2074 405
f 2061 403 404
f 406 2075 2074
f 407 2105 2075
f 2105 2090 2075
f 2074 1978 2009 2048
f 2105 2091 2090
f 408 2106 407
f 2080 2106 408
f 409 2095 408
f 2106 2080 2104
f 2095 410 2110
f 2095 2080 408
f 410 2095 409
f 407 2106 2105
f 407 2075 406
f 2107 410 411
f 2099 2107 411
f 411 2096 2099
f 2100 2103 2079
f 2079 2096 412
f 2096 411 412
f 410 2107 2110
f 413 2100 412
f 2081 2084 413
f 2100 413 2084
f 412 2100 2079
f 414 2076 2081
f 2076 414 415
f 414 2081 413
f 1647 2076 415
f 2085 1647 415
f 416 2085 415
f 417 2085 416
f 2123 2085 417
f 2124 2123 417
f 2124 417 2131
f 2131 417 418
f 2085 2123 2118
f 419 2128 418
f 420 2161 419
f 421 2162 420
f 418 2128 2132
f 420 2162 2161
f 2161 2128 419
f 2162 421 2176
f 2131 418 2132
f 2177 2176 422
f 423 2177 422
f 2175 423 2171
f 424 2171 423
f 2175 2177 423
f 422 2176 421
f 2157 2163 424
f 2171 424 2163
f 2167 2157 424
f 2157 2167 2170
f 2167 2158 2160
f 2158 2167 424
f 2158 424 425
f 2191 2086 425
f 2158 425 2086
f 2195 2191 425
f 2215 2214 2195
f 2188 2213 2215
f 2215 2195 426
f 2195 425 426
f 426 2197 2188
f 2197 426 427
f 426 2188 2215
f 2232 2197 427
f 2216 2219 2232
f 2197 2232 2219
f 2232 427 428
f 2233 428 429
f 2231 2233 429
f 429 2230 2231
f 2229 2187 2200
f 2229 430 2187
f 2230 430 2229
f 430 2230 429
f 2204 2187 431
f 430 431 2187
f 2201 2204 431
f 432 2184 2201
f 2184 432 2178
f 433 2178 432
f 432 2201 431
f 2233 2232 428
f 2205 2178 2278
f 433 2278 2178
f 2235 2278 433
f 433 2274 2235
f 2275 434 2254
f 2274 434 2275
f 434 2274 433
f 435 2262 434
f 2263 2262 435
f 436 2259 435
f 435 2259 2263
f 436 437 2281
f 2281 2259 436
f 2281 437 2285
f 434 2262 2254
f 2285 437 2282
f 438 2282 437
f 2280 2282 438
f 2286 2289 2280
f 2291 2264 2286
f 2286 2280 438
f 2286 438 2291
f 2290 2291 2255
f 439 2255 2291
f 2292 2294 439
f 2255 439 2294
f 440 2257 2292
f 2292 439 440
f 439 2291 438
f 2236 2256 440
f 2257 440 2256
f 5665 5666 5758
f 5763 5758 5666
f 5664 5665 5760
f 5758 5760 5665
f 2296 2236 440
f 441 2348 2296
f 2348 441 2295
f 442 2345 2295
f 441 2296 440
f 2295 2345 2344
f 2343 442 2314
f 2345 442 2343
f 441 442 2295
f 2314 443 2351
f 444 2351 443
f 2330 2329 2351
f 2351 2329 2314
f 445 2350 2351
f 445 2351 444
f 442 443 2314
f 446 2327 445
f 2331 2311 446
f 2327 446 2311
f 446 2353 2331
f 2353 2297 2352
f 2297 2353 446
f 2297 446 447
f 2327 2350 445
f 2258 2335 447
f 2297 447 2335
f 2339 2258 447
f 2301 2304 2339
f 2356 2239 2301
f 2301 2339 447
f 2301 447 448
f 2239 2356 2354
f 2356 2301 449
f 2356 449 2357
f 450 2357 449
f 2382 2381 2367
f 2367 2366 2357
f 2367 2357 450
f 449 2301 448
f 2382 450 451
f 2387 2382 451
f 2382 2387 2121
f 2387 452 2388
f 453 2388 452
f 452 2387 451
f 2376 2386 453
f 2388 453 2386
f 454 2376 453
f 2389 2392 454
f 2376 454 2392
f 455 2379 2389
f 2389 454 455
f 2377 2379 2375
f 455 2375 2379
f 2369 2375 455
f 2369 2374 2375
f 457 2368 456
f 2369 456 2368
f 2369 455 456
f 2407 2359 457
f 2368 457 2359
f 457 458 2407
f 458 2408 2407
f 2404 2408 458
f 2424 2423 459
f 2404 459 2423
f 2404 458 459
f 461 2424 460
f 459 460 2424
f 2412 2424 461
f 2424 2412 2422
f 2412 2425 2428
f 462 2425 2412
f 462 2412 461
f 463 2240 462
f 2425 462 2240
f 2429 2240 463
f 2414 2396 2429
f 2360 2414 464
f 463 2414 2429
f 2414 463 464
f 2360 2413 2414
f 465 2360 464
f 466 2434 465
f 465 2434 2360
f 466 2433 2459
f 2459 2434 466
f 2433 466 467
f 2456 2455 2433
f 2453 2461 467
f 2456 467 2461
f 2456 2433 467
f 468 2491 2453
f 2492 2491 468
f 468 2453 467
f 469 2492 468
f 2490 2492 470
f 469 470 2492
f 2465 2490 470
f 2462 2463 2465
f 471 2469 2462
f 471 2462 2465
f 471 2465 470
f 2466 471 472
f 2442 2466 472
f 2470 2442 472
f 472 473 2435
f 2440 2470 2435
f 2435 2470 472
f 2469 471 2466
f 2435 473 2537
f 2537 473 2511
f 5663 5664 5752
f 5752 5664 5760
f 2513 2534 2533
f 2511 473 2533
f 474 2523 2513
f 475 2524 474
f 2523 474 2524
f 474 2513 2533
f 2512 2522 475
f 2524 475 2522
f 477 2527 2512
f 2512 475 476
f 474 2533 473
f 2527 478 2514
f 477 478 2527
f 479 2443 2514
f 479 480 2443
f 2518 2443 2529
f 479 2514 478
f 481 2529 480
f 2443 480 2529
f 2540 2529 481
f 482 2540 481
f 482 2541 2540
f 2539 2541 483
f 483 2541 482
f 483 484 2539
f 2540 2501 2529
f 484 2538 2539
f 486 2548 2530
f 485 2530 2544
f 485 2544 2538
f 2545 2548 486
f 2545 486 487
f 2504 2545 487
f 2550 2504 487
f 5663 5752 5754
f 2565 2550 2561
f 2550 487 488
f 486 2530 485
f 485 2538 484
f 2561 2550 488
f 476 477 2512
f 450 2382 2367
f 1711 1710 352
f 2561 489 490
f 2562 2561 490
f 2565 2561 2552
f 2551 2552 2560
f 2560 491 2567
f 2562 491 2560
f 2567 2551 2560
f 491 2562 490
f 2568 491 2578
f 492 2578 491
f 2567 491 2568
f 2575 2579 492
f 2578 492 2579
f 494 2575 493
f 492 493 2575
f 494 2022 2575
f 2587 2022 494
f 2587 2582 2022
f 2591 2587 496
f 495 496 2587
f 2587 494 495
f 2591 2581 2587
f 497 2592 496
f 2590 2592 497
f 498 2588 497
f 2588 2616 2615
f 2588 2590 497
f 499 2588 498
f 496 2592 2591
f 2616 499 500
f 2613 2616 500
f 501 2593 2613
f 501 502 2593
f 2570 2593 2617
f 501 2613 500
f 499 2616 2588
f 502 2621 2617
f 2593 502 2617
f 503 2621 502
f 503 2626 2621
f 503 504 2589
f 2589 2626 503
f 504 2640 2589
f 2640 504 2641
f 505 2641 504
f 2638 2641 505
f 2638 2639 2641
f 2628 2637 506
f 2638 506 2637
f 2638 505 506
f 507 2627 2628
f 506 507 2628
f 508 2680 507
f 508 2642 2676
f 507 2680 2627
f 508 2676 2618
f 2618 2680 508
f 2642 508 509
f 509 2672 2642
f 509 510 2672
f 510 2669 2672
f 2666 2673 2669
f 2672 2669 2673
f 511 2668 2669
f 511 2669 510
f 2668 512 2667
f 513 2667 512
f 2660 2665 513
f 2667 513 2665
f 514 2650 2660
f 2660 513 514
f 512 2668 511
f 514 2629 2645
f 2650 514 2645
f 515 2629 514
f 2645 2629 2643
f 2697 2696 2664
f 2664 2629 515
f 2664 515 516
f 517 2697 516
f 2697 517 518
f 2691 2697 518
f 2717 2646 2691
f 2646 2717 2698
f 2717 2691 518
f 2717 518 519
f 516 2697 2664
f 519 2683 2716
f 2717 519 2716
f 520 2683 519
f 2721 2683 2726
f 2726 2683 520
f 2726 520 2727
f 2727 520 521
f 521 2718 2725
f 2727 521 2725
f 522 2718 521
f 522 2736 2718
f 2737 2740 523
f 2736 523 2740
f 523 2736 522
f 524 2741 2728
f 2741 2744 2728
f 525 2701 2741
f 2630 2699 2745
f 2745 2701 2630
f 524 2728 2737
f 524 525 2741
f 2630 2701 525
f 2780 2768 525
f 2630 525 2768
f 525 2729 2780
f 2771 2777 2776
f 2776 2729 525
f 2776 525 526
f 524 2737 523
f 526 2773 2771
f 2776 526 2771
f 527 2773 526
f 527 2772 2773
f 2784 2783 528
f 2772 528 2783
f 528 2772 527
f 2782 2784 529
f 528 529 2784
f 2762 2782 529
f 530 2785 2762
f 2789 2758 530
f 2785 530 2758
f 530 2762 529
f 2753 2756 2789
f 530 531 2789
f 531 2753 2789
f 532 2793 2753
f 532 2759 2793
f 2732 2793 2759
f 532 2753 531
f 2811 2810 533
f 532 2810 2759
f 533 534 2811
f 534 2809 2811
f 2810 2805 2759
f 534 2730 2809
f 2730 534 2826
f 533 2810 532
f 2831 2826 535
f 534 535 2826
f 536 2831 535
f 2849 2848 536
f 2831 536 2848
f 2839 2847 2849
f 2849 536 537
f 2849 538 2839
f 2850 2839 538
f 2850 2832 2839
f 2850 539 2844
f 2827 2844 539
f 2850 538 539
f 538 2849 537
f 2844 2827 2843
f 540 2825 2827
f 2813 2824 2825
f 2813 540 2845
f 541 2845 540
f 2813 2825 540
f 540 2827 539
f 2852 2990 541
f 2845 541 2990
f 541 2986 2852
f 2986 541 542
f 2860 2987 2986
f 2982 2860 542
f 2860 2986 542
f 543 2861 542
f 542 2861 2982
f 543 2978 2861
f 2974 2883 2872
f 2884 2974 544
f 2872 544 2974
f 544 2872 543
f 2872 2978 543
f 2884 544 2970
f 545 2970 544
f 2892 2970 545
f 545 2966 2892
f 2963 2962 2906
f 2906 2966 545
f 2906 545 546
f 2906 2921 2963
f 2906 546 2921
f 546 2959 2921
f 546 2960 2959
f 547 2942 2924
f 2924 2960 546
f 2924 546 547
f 548 2943 547
f 2941 2943 548
f 549 2923 548
f 2923 2941 548
f 550 551 2923
f 2947 2923 551
f 2923 549 550
f 547 2943 2942
f 2949 2925 2944
f 2947 551 2944
f 551 2949 2944
f 552 2948 2949
f 2948 552 2922
f 553 2922 552
f 552 2949 551
f 553 2919 2951
f 2919 553 2909
f 2874 2909 553
f 553 2951 2922
f 2894 2908 2952
f 2910 2955 2894
f 2894 2952 2909
f 2894 2909 2874
f 2955 2910 2912
f 2874 2885 2910
f 554 2913 2874
f 2886 2888 554
f 2913 554 2888
f 554 2874 553
f 2874 2910 2894
f 555 2876 2886
f 555 2853 2876
f 2875 2876 2853
f 555 2886 554
f 2992 2853 556
f 555 556 2853
f 556 2993 2992
f 2993 556 557
f 2814 2853 2992 2877
f 3013 558 559
f 3013 557 558
f 557 3013 3012
f 3013 559 2858
f 3012 2993 557
f 561 2858 560
f 559 560 2858
f 3016 2858 561
f 3015 2995 3016
f 562 3015 561
f 561 3015 3016
f 563 3036 562
f 562 3036 3015
f 3033 563 564
f 3032 3036 563
f 3036 3032 3025
f 564 3041 3033
f 3032 563 3033
f 3041 564 565
f 3041 566 567
f 565 566 3041
f 567 3042 3041
f 3045 3041 3042
f 569 3026 3042
f 3020 3024 3046
f 3046 3026 569
f 3042 567 568
f 3020 569 570
f 3046 569 3020
f 3050 3020 570
f 3086 3085 571
f 3085 3050 570
f 3085 570 571
f 3030 3050 3085 3027
f 3101 3100 3086
f 571 572 3086
f 572 3101 3086
f 572 3071 3101
f 572 573 3090
f 3090 3071 572
f 3104 3090 573
f 3104 3103 3090
f 574 3104 573
f 575 3109 574
f 3104 3109 3087
f 3109 3104 574
f 576 3109 575
f 577 3110 576
f 3110 577 3107
f 578 3107 577
f 3111 3114 3106
f 3068 3111 578
f 3106 578 3111
f 578 3106 3107
f 576 3110 3109
f 3042 568 569
f 3111 3068 3105
f 3121 3092 3115
f 3119 3121 579
f 3115 579 3121
f 579 3115 3068
f 579 3068 578
f 3072 3119 580
f 579 580 3119
f 3132 3072 580
f 3133 3132 581
f 580 581 3132
f 3130 3133 582
f 581 582 3133
f 3132 3021 3072
f 3122 3021 3132
f 582 583 3130
f 583 3069 3130
f 583 3134 3069
f 3134 583 3140
f 3140 583 584
f 3138 584 585
f 3145 586 587
f 3138 585 586
f 586 3145 3138
f 588 3143 3144
f 3144 3145 587
f 3144 587 588
f 3140 584 3138
f 3142 588 589
f 589 3141 3142
f 3184 3183 589
f 3182 3184 590
f 3181 3180 590
f 3184 589 590
f 590 3180 3182
f 3183 3141 589
f 591 3170 3181
f 590 591 3181
f 592 3171 591
f 592 3217 3185
f 3171 3170 591
f 594 3168 593
f 592 3185 3171
f 3217 592 593
f 3170 3179 3181
f 3141 3183 2994
f 3146 3182 3180
f 3153 3179 3170
f 594 3220 3168
f 3220 594 3221
f 3221 594 595
f 596 3218 595
f 595 3218 3221
f 596 3201 3218
f 3201 596 3198
f 3198 596 3187
f 3168 3217 593
f 588 3142 3143
f 3198 3187 3190
f 596 597 3187
f 597 3186 3187
f 3191 3186 597
f 3191 3197 3172
f 3191 597 3197
f 3197 597 598
f 3176 3195 598
f 599 3176 598
f 3195 3176 3178
f 3259 3258 599
f 599 600 3259
f 599 3258 3176
f 3259 600 3255
f 598 3195 3197
f 600 3256 3255
f 3264 3263 3256
f 3176 3258 3253
f 3255 3249 3260
f 3255 3260 3259
f 3261 3264 601
f 3256 601 3264
f 3301 3261 602
f 601 602 3261
f 3295 3250 3301
f 3301 3250 3261
f 603 3302 3301
f 3301 602 603
f 601 3256 600
f 3299 3302 604
f 603 604 3302
f 605 3299 604
f 605 3303 3265
f 605 3296 3303
f 3298 3303 3296
f 605 3265 3299
f 3230 3296 3266
f 3266 3296 605
f 606 3159 3227
f 3159 606 3267
f 3231 3267 606
f 3266 605 3227
f 3227 605 606
f 607 3315 3231
f 606 607 3231
f 608 3316 607
f 607 3316 3315
f 3316 608 3345
f 3342 3341 3313
f 3313 3345 608
f 3313 608 609
f 3335 609 3350
f 610 3350 609
f 3350 610 611
f 3335 3342 609
f 612 3349 611
f 3350 3339 3335
f 3349 3350 611
f 3313 609 3342
f 3231 3315 3270
f 612 3336 3349
f 613 3352 3336
f 3268 3270 3315
f 3334 3352 3322
f 3351 3322 613
f 614 3351 613
f 3352 613 3322
f 614 3338 3351
f 3338 3307 3337
f 3307 3338 615
f 3338 614 615
f 613 3336 612
f 3318 3163 3326
f 3307 615 3326
f 615 3318 3326
f 615 3310 3318
f 3383 616 3364
f 3383 3310 615
f 616 3383 615
f 3376 616 617
f 3401 618 619
f 3365 617 618
f 617 3384 3376
f 618 3401 3365
f 3365 3384 617
f 3401 619 3394
f 3364 616 3376
f 620 3405 3394
f 619 620 3394
f 621 3402 620
f 620 3402 3405
f 621 3397 3402
f 3397 621 3395
f 3395 621 622
f 3400 3377 3395
f 3400 622 3398
f 623 3398 622
f 3400 3395 622
f 623 3368 3382
f 3398 623 3382
f 624 3366 623
f 625 3366 624
f 623 3366 3368
f 626 3443 625
f 3410 625 3443
f 3366 3410 3406
f 3410 3443 3411
f 3410 3366 625
f 3444 3443 626
f 3442 3444 3432
f 627 3432 3444
f 3433 3432 627
f 627 3444 626
f 628 3433 627
f 3408 3442 3432
f 628 3430 3433
f 3430 628 3451
f 1043 5449 1042
f 5447 5439 1043
f 1043 5387 5449
f 5429 5395 5430
f 5430 5395 1042
f 5430 1042 5449
f 5439 5483 1043
f 1041 1042 5395
f 5479 5446 5439
f 1043 5483 5387
f 5449 5487 5443
f 5449 5387 5487
f 5447 5479 5439
f 5447 1043 5476
f 5390 1039 1040
f 5358 1039 5390
f 1037 1038 5291
f 5291 1038 1039
f 5392 5291 5358
f 5390 5389 5358
f 5291 1039 5358
f 5416 5390 1040
f 1040 5412 5357
f 1041 5413 5412
f 5388 5413 1041
f 5395 5394 5388
f 5388 1041 5395
f 5357 5416 1040
f 5416 5375 5390
f 1040 1041 5412
f 5490 5491 1051
f 1050 1051 5491
f 5462 5490 1051
f 5458 5433 5491
f 5494 1049 5454
f 1050 5454 1049
f 5454 1050 5433
f 5491 5433 1050
f 5418 1052 1053
f 5469 5418 1053
f 5466 1052 5418
f 5463 5490 5462
f 5420 5462 1052
f 1052 5466 5420
f 5469 1053 5369
f 1051 1052 5462
f 1046 5489 1045
f 5497 5474 1045
f 5447 5476 5475
f 5476 1044 5474
f 1045 5474 1044
f 1044 5476 1043
f 5489 1046 1047
f 5450 1049 5494
f 5490 5463 5431
f 1045 5489 5497
f 1049 5450 1048
f 5450 5489 1048
f 1047 1048 5489
f 5302 5073 1027
f 5073 1026 1027
f 1023 1024 5208
f 5243 1024 1025
f 1026 5073 1025
f 5236 1025 5073
f 5303 1027 1028
f 5329 1028 5308
f 1029 5333 5308
f 5330 5329 5308
f 1027 5303 5302
f 5303 1028 5317
f 5320 5308 5333
f 5329 5317 1028
f 1029 5308 1028
f 5285 5245 1020
f 5245 1019 1020
f 5281 1017 1018
f 1019 5281 1018
f 5281 1019 5245
f 5282 1017 5281
f 5285 1020 1021
f 5254 1023 5208
f 1024 5257 5208
f 1025 5237 5243
f 5243 5257 1024
f 5287 5285 1021
f 5287 1022 5254
f 5287 1021 1022
f 5236 5237 1025
f 1022 1023 5254
f 5355 1034 1035
f 5351 1033 1034
f 1034 5307 5351
f 1035 5337 5355
f 5355 5307 1034
f 5337 1035 5323
f 5346 1033 5351
f 1037 5311 1036
f 5309 1037 5291
f 5323 1036 5321
f 5311 5321 1036
f 5309 5311 1037
f 5291 5288 5292 5309
f 1035 1036 5323
f 5344 1030 1031
f 1032 5344 1031
f 5343 1030 5344
f 5308 5320 5319
f 1030 5343 1029
f 5343 5333 1029
f 5347 1032 5348
f 1033 5348 1032
f 5346 5348 1033
f 5344 1032 5347
f 5346 5352 5342
f 5351 5352 5346
f 5599 5592 1080
f 1079 1080 5592
f 1077 1078 5586
f 1079 5586 1078
f 5586 1079 5593
f 5592 5593 1079
f 1081 5599 1080
f 5597 1083 1084
f 5598 1083 5597
f 1081 5600 5599
f 5600 1082 1083
f 5600 1083 5598
f 1082 5600 1081
f 5603 5597 1084
f 5564 5565 1074
f 5551 1074 5565
f 1075 5564 1074
f 5551 5561 1073
f 1074 5551 1073
f 5565 5555 5537
f 5537 5551 5565
f 1076 5567 1075
f 1076 1077 5547
f 5586 5547 1077
f 5547 5566 1076
f 5359 5564 5559
f 5559 5564 5567
f 5566 5567 1076
f 1075 5567 5564
f 5621 1089 1090
f 5626 1088 1089
f 1087 5627 5625
f 1086 1087 5625
f 5626 5627 1087
f 1089 5621 5626
f 5626 1087 1088
f 5621 1090 5613
f 5608 1093 1094
f 5608 1092 1093
f 5610 5613 1090
f 5610 1091 5608
f 1092 5608 1091
f 5610 1090 1091
f 5608 1094 5605
f 5607 1086 5620
f 5620 1086 5625
f 1085 1086 5607
f 5523 5603 1085
f 1084 1085 5603
f 5603 5523 5601
f 5523 1085 5607
f 1094 5606 5615
f 5615 5605 1094
f 5604 5594 5546
f 5539 5524 5604
f 5594 5604 5524
f 5604 5606 1094
f 5604 1094 5628
f 5365 1059 1060
f 5504 1059 5365
f 1058 5499 1057
f 5504 5503 1058
f 1059 5504 1058
f 5504 5365 5502
f 5507 5365 1060
f 5525 1064 1065
f 5525 1063 1064
f 1060 1061 5507
f 1061 5520 5507
f 1062 5520 1061
f 1062 1063 5520
f 1063 5525 5520
f 5525 1065 5534
f 5472 5369 1053
f 1054 5472 1053
f 1055 5518 1054
f 1054 5345 5405
f 1054 5401 5472
f 1054 5405 5367
f 5367 5401 1054
f 5345 1054 5518
f 5501 5500 1056
f 1055 1056 5500
f 1056 5499 5501
f 1056 1057 5499
f 1055 5519 5518
f 5500 5519 1055
f 5499 1058 5503
f 5548 1069 1070
f 5570 5548 1070
f 5573 1069 5548
f 5581 1067 5530
f 1068 5530 1067
f 5577 5530 1068
f 1068 1069 5545
f 1069 5573 5545
f 5563 1071 1072
f 5570 1071 5563
f 1073 5563 1072
f 5563 1073 5561
f 1068 5545 5577
f 5563 5568 5570
f 1071 5570 1070
f 5544 5530 5577
f 1066 5528 5533
f 1065 1066 5533
f 5581 1066 1067
f 5581 5528 1066
f 5507 5520 5299
f 5522 5528 5581
f 5533 5534 1065
f 5514 5539 5604
f 5231 5233 5513
f 5515 5628 5513
f 5628 5515 5514
f 5514 5604 5628
f 5513 5384 5232
f 629 3447 3451
f 628 629 3451
f 630 3447 629
f 630 3452 3447
f 3453 3425 3445
f 3445 3452 630
f 3445 630 631
f 3448 3453 631
f 3445 631 3453
f 3423 3448 631
f 632 3454 3423
f 3449 3454 632
f 632 3423 631
f 633 3407 632
f 3454 3449 3412
f 632 3407 3449
f 3407 3465 3459
f 3465 634 3466
f 635 3466 634
f 3465 3407 633
f 3465 633 634
f 636 3463 635
f 3469 3463 636
f 637 3467 636
f 3463 3469 3457
f 3467 638 3500
f 3467 3469 636
f 638 3467 637
f 635 3463 3466
f 3470 3467 3500
f 5049 5051 975
f 5051 974 975
f 5050 974 5051
f 5048 974 5050
f 976 5049 975
f 3501 638 639
f 979 5052 978
f 5087 5057 979
f 5057 5052 979
f 5054 5049 977
f 976 977 5049
f 5053 5049 5054
f 978 5054 977
f 5054 978 5052
f 5045 5052 5058
f 3498 3497 639
f 3501 639 3497
f 3495 3498 639
f 3485 3502 3497
f 640 3486 3495
f 3495 639 640
f 3501 3497 3502
f 5053 5047 5049
f 3486 640 3509
f 641 3509 640
f 3483 3509 641
f 642 3483 641
f 974 5048 5077
f 5058 5052 5057
f 638 3501 3500
f 3510 642 3472
f 3472 642 643
f 643 3487 3472
f 644 3487 643
f 3510 3483 642
f 645 3514 644
f 645 3524 3523
f 645 3531 3524
f 646 647 3545
f 3542 647 648
f 646 3544 3531
f 646 3531 645
f 648 649 3560
f 3523 3514 645
f 3514 3487 644
f 646 3545 3544
f 3514 3450 3471 3487
f 3514 3523 3515
f 648 3560 3542
f 649 650 3558
f 3558 3560 649
f 3558 650 3548
f 650 3546 3548
f 3526 3533 651
f 3546 651 3533
f 651 3546 650
f 3542 3545 647
f 3549 3526 652
f 652 3526 651
f 652 2761 3549
f 653 3576 652
f 3601 3600 653
f 654 3588 3601
f 653 654 3601
f 3600 3527 653
f 5035 973 5077
f 5078 5077 5048
f 5081 973 5035
f 5030 971 972
f 972 973 5081
f 5081 4502 972
f 654 655 3588
f 3576 2761 652
f 3549 2761 3525
f 3527 3576 653
f 3599 3601 3588 3561
f 3527 3600 3562
f 656 3586 3589
f 655 3589 3588
f 657 3586 656
f 658 3603 657
f 658 3602 3603
f 3603 3586 657
f 3577 3602 658
f 655 656 3589
f 974 5077 973
f 5203 1006 1007
f 5147 1005 1006
f 5147 5195 1004
f 1005 5147 1004
f 1007 5201 5203
f 5203 5147 1006
f 5201 1007 1008
f 5198 1009 5211
f 1010 5211 1009
f 5210 5198 5211
f 1008 1009 5198
f 5201 1008 5189
f 5145 5189 1008
f 5198 5145 1008
f 1002 5151 5178
f 1001 1002 5178
f 1003 5182 1002
f 1002 5183 5151
f 5175 999 1000
f 1000 1001 5165
f 1001 5178 5179
f 5183 1002 5182
f 5196 5186 5197
f 1004 5186 1003
f 5195 5197 1004
f 1003 5155 5182
f 5186 5155 1003
f 5155 5186 5185
f 5197 5186 1004
f 5251 5246 5269
f 1015 5269 5246
f 5250 5246 5251
f 5261 5235 1015
f 5261 1015 5246
f 5246 5262 5261
f 1016 5269 1015
f 5287 5254 5273
f 5208 5252 5254
f 5269 5280 5270
f 5280 1016 5282
f 5282 1016 1017
f 1016 5280 5269
f 5206 1011 1012
f 1013 5206 1012
f 5212 1011 5206
f 5211 5214 5213
f 5214 1010 1011
f 5214 1011 5212
f 1010 5214 5211
f 1014 5217 1013
f 5265 5193 1015
f 5265 1015 5235
f 5193 1014 1015
f 1014 5193 5217
f 5221 5193 5265
f 5206 1013 5217
f 5091 5111 986
f 5108 986 5111
f 5116 5091 986
f 5112 5106 5111
f 985 5099 984
f 5108 5107 985
f 5111 5106 5108
f 5108 985 986
f 5119 987 988
f 5118 987 5119
f 986 5115 5116
f 987 5118 5095
f 5095 5115 987
f 5117 5119 988
f 986 987 5115
f 981 5105 980
f 982 5089 981
f 981 5102 5105
f 5087 5038 5057
f 5105 5087 980
f 5102 981 5089
f 979 980 5087
f 982 983 5099
f 5099 983 984
f 5107 5099 985
f 982 5098 5089
f 5099 5098 982
f 5097 5106 5112
f 5170 996 5144
f 997 5144 996
f 5164 996 5170
f 995 5128 994
f 5126 5128 995
f 996 5164 5126
f 5126 995 996
f 5175 5167 998
f 997 998 5167
f 999 5175 998
f 1000 5165 5175
f 5144 997 5166
f 5166 997 5167
f 5179 5165 1001
f 5122 990 991
f 5117 990 5122
f 5117 989 990
f 5117 5121 5065
f 5117 5122 5121
f 989 5117 988
f 5120 5122 991
f 992 5129 5090
f 991 992 5090
f 993 5129 992
f 994 5128 993
f 5128 5129 993
f 5128 5125 5127
f 5125 5128 5126
f 991 5090 5120
f 5233 5384 5513
f 5231 5513 5628
f 3579 3590 3577
f 659 3577 658
f 659 3579 3577
f 3590 3579 3582
f 3579 3585 3563
f 3585 3579 659
f 3585 659 3583
f 3611 3605 661
f 3605 660 661
f 660 3605 3583
f 663 3611 662
f 661 662 3611
f 659 660 3583
f 664 3612 663
f 663 3612 3611
f 664 3609 3612
f 665 3613 3607
f 3607 3608 3609
f 3609 664 3607
f 3605 3611 3567
f 3638 665 3645
f 666 3645 665
f 3645 666 3646
f 667 3646 666
f 3638 3572 3606 3613
f 3639 3638 3645
f 665 3638 3613
f 3607 664 665
f 3643 668 669
f 3646 668 3643
f 3636 3643 669
f 3647 3649 670
f 3649 3636 669
f 3649 669 670
f 668 3646 667
f 3647 671 3679
f 670 671 3647
f 672 3670 671
f 672 673 3680
f 3670 672 3671
f 674 3668 673
f 675 3668 674
f 3679 671 3670
f 672 3680 3671
f 673 3683 3680
f 3570 3647 3679
f 3650 3679 3670
f 3668 3683 673
f 3697 3684 676
f 675 3684 3668
f 677 3695 676
f 3697 676 3695
f 3681 3695 677
f 3635 3681 677
f 3635 677 3682
f 3682 677 678
f 3684 675 676
f 3733 678 3734
f 679 3734 678
f 3701 678 3733
f 3719 3718 679
f 3734 679 3718
f 681 3719 680
f 679 680 3719
f 3718 3732 3734
f 3716 682 683
f 3735 681 682
f 682 3716 3735
f 683 684 3737
f 3737 3716 683
f 3719 681 3735
f 684 3712 3737
f 678 3701 3703
f 3733 3715 3701
f 3718 3711 3732
f 3737 3712 3736
f 685 3706 3720
f 3712 685 3720
f 686 3738 685
f 687 3704 686
f 3720 3706 3710
f 686 3704 3738
f 3738 3706 685
f 3704 687 3739
f 685 3712 684
f 3682 678 3703
f 689 690 3739
f 688 689 3739
f 691 692 3741
f 693 3741 692
f 691 3573 690
f 3748 693 694
f 695 696 3755
f 696 697 3762
f 698 3778 3777
f 697 698 3777
f 699 3778 698
f 700 3778 699
f 3740 694 695
f 3762 697 3777
f 3573 3739 690
f 3741 3573 691
f 3740 3748 694
f 3762 3755 696
f 3740 695 3755
f 3741 693 3748
f 3777 3749 3762
f 700 701 3775
f 3775 3778 700
f 701 3763 3775
f 3775 3763 3768
f 3771 3779 3788 3769
f 3779 3763 701
f 3788 3779 701
f 687 688 3739
f 702 3793 3792
f 701 702 3792
f 703 3793 702
f 3789 3788 3792
f 703 3810 3793
f 3810 703 704
f 701 3792 3788
f 3790 704 705
f 3786 3790 705
f 3811 3786 705
f 3795 3811 706
f 3811 705 706
f 707 3795 706
f 704 3790 3810
f 3783 3795 707
f 3797 707 708
f 709 3797 708
f 709 3772 3797
f 3783 707 3797
f 3772 709 710
f 3772 3832 3812
f 711 3832 710
f 3833 3832 711
f 712 3838 711
f 3838 3848 711
f 3838 3816 3848
f 3848 3833 711
f 710 3832 3772
f 712 3851 3839
f 3838 712 3839
f 713 3852 712
f 3852 3851 712
f 3867 3849 714
f 713 3849 3852
f 713 714 3849
f 3867 715 3865
f 716 3865 715
f 714 715 3867
f 3817 3853 716
f 3865 716 3853
f 716 717 3817
f 717 3868 3817
f 3840 3868 3873
f 3873 3868 717
f 3854 3813 3871
f 3798 3854 718
f 3871 718 3854
f 3873 717 3871
f 3871 717 718
f 719 3885 3798
f 718 719 3798
f 720 3885 719
f 721 3885 720
f 3886 3885 721
f 3874 3883 722
f 721 3883 3886
f 721 722 3883
f 3885 3818 3798
f 3876 3818 3885
f 722 723 3889
f 724 3887 723
f 723 3887 3889
f 3874 722 3889
f 3900 3887 724
f 725 3937 3936
f 724 725 3936
f 726 3922 725
f 725 3922 3937
f 727 3926 726
f 726 3925 3922
f 724 3936 3900
f 728 3944 727
f 3925 726 3926
f 3894 3803 3900
f 3887 3900 3803
f 3900 3936 3901
f 3923 3926 3944
f 727 3944 3926
f 3945 729 730
f 3944 728 3945
f 730 3943 3945
f 730 3940 3943
f 731 3908 3938
f 3938 3940 730
f 3938 730 731
f 728 729 3945
f 732 3941 731
f 733 3946 732
f 731 3941 3902
f 732 3946 3801
f 3801 3941 732
f 3946 733 3950
f 3908 731 3902
f 735 3956 734
f 736 3942 735
f 737 3942 736
f 3956 3950 734
f 738 3975 737
f 735 3942 3956
f 3942 737 3975
f 733 734 3950
f 738 3972 3975
f 3969 3971 3972
f 739 3958 3969
f 3961 3947 739
f 3958 739 3947
f 3969 3972 738
f 3969 738 739
f 741 3961 740
f 739 740 3961
f 3959 3961 741
f 742 3959 741
f 742 743 3996
f 3959 742 3996
f 744 3984 743
f 3994 744 745
f 3997 3996 743
f 3984 3997 743
f 3976 3912 3996
f 3985 3994 745
f 3984 744 3994
f 3959 3996 3912
f 3985 747 4001
f 3982 4001 747
f 746 747 3985
f 748 4002 3982
f 747 748 3982
f 748 749 4003
f 3985 745 746
f 750 4028 749
f 3982 4002 3977
f 748 3962 4002
f 749 4010 4003
f 4024 4032 4028
f 4010 4028 4032
f 4010 749 4028
f 4003 3962 748
f 752 4029 751
f 4026 4029 752
f 753 4026 752
f 753 4025 4026
f 4025 753 4022
f 4022 753 754
f 751 4029 4028
f 4028 750 751
f 4016 4018 754
f 4022 754 4018
f 755 4016 754
f 4021 4004 4016
f 4021 755 4048
f 756 4048 755
f 4021 4016 755
f 4033 4021 4048
f 4049 757 758
f 4049 756 757
f 759 4047 4049
f 759 4049 758
f 760 4019 759
f 756 4049 4048
f 759 4019 4047
f 760 4059 4019
f 761 4060 4050
f 760 761 4050
f 762 4101 4102
f 761 762 4102
f 4050 4059 760
f 4068 761 4102
f 4093 763 764
f 4090 765 766
f 4093 764 765
f 763 4093 4092
f 4090 766 4081
f 4090 4093 765
f 4101 762 4092
f 762 763 4092
f 767 4079 766
f 5749 5661 5754
f 5751 5660 5749
f 5751 5737 5746
f 5658 5746 5748
f 5751 5746 5659
f 4050 4060 4062
f 761 4078 4060
f 5724 5733 5732
f 4102 4076 4068
f 4068 4078 761
f 5726 5653 5724
f 5658 5748 5657
f 5746 5658 5659
f 5656 5657 5743
f 5662 5754 5661
f 5660 5661 5749
f 5659 5660 5751
f 5657 5748 5743
f 5656 5745 5734
f 5654 5736 5733
f 5655 5734 5736
f 5734 5655 5656
f 5733 5653 5654
f 5654 5655 5736
f 5653 5733 5724
f 5743 5745 5656
f 5653 5726 5652
f 5663 5754 5662
f 4092 4069 4101
f 4094 4079 767
f 4094 4082 4085
f 767 4082 4094
f 4079 4081 766
f 4066 4082 4080
f 768 4080 4082
f 769 3892 768
f 4080 768 3892
f 769 770 4105
f 3892 769 4070
f 771 4105 770
f 4103 771 772
f 4082 767 768
f 4070 769 4105
f 772 773 4073
f 4105 771 4103
f 4103 4073 4075
f 4103 772 4073
f 4073 773 774
f 4134 774 4116
f 775 4116 774
f 4117 4116 775
f 776 4117 775
f 4108 4134 4116
f 776 4135 4117
f 5726 5721 5652
f 4073 774 4134
f 4135 776 4138
f 4114 778 779
f 4114 777 778
f 777 4114 4138
f 4139 4136 4112
f 4139 4114 779
f 780 4139 779
f 776 777 4138
f 4106 4136 780
f 781 4106 780
f 4139 780 4136
f 4137 4194 781
f 4106 781 4194
f 781 4165 4190
f 4190 4137 781
f 4165 781 4186
f 782 4187 4186
f 781 782 4186
f 783 4183 782
f 4197 4183 784
f 782 4183 4187
f 783 784 4183
f 4195 4197 785
f 784 785 4197
f 785 786 4195
f 786 4200 4195
f 4195 4200 4176
f 787 4182 4198
f 4198 4200 786
f 4198 786 787
f 4180 787 4228
f 788 4228 787
f 4182 787 4180
f 4228 788 4225
f 4226 4225 788
f 789 4210 4226
f 788 789 4226
f 4225 4227 4228
f 4232 791 792
f 4231 790 791
f 791 4232 4231
f 792 793 4229
f 4229 4232 792
f 4210 789 4231
f 789 790 4231
f 4229 793 4211
f 4231 4223 4210
f 4227 4225 4167
f 793 4208 4233
f 4233 4211 793
f 4234 4203 794
f 4208 794 4203
f 794 4212 4234
f 4212 794 4201
f 795 4235 4201
f 794 795 4201
f 4213 795 796
f 794 4208 793
f 796 797 4109
f 4283 4246 797
f 798 4283 797
f 4288 4283 798
f 4213 796 4109
f 4289 4288 798
f 4289 4285 4273
f 4289 798 4285
f 4285 798 799
f 4282 4283 4288
f 4286 799 800
f 4284 4286 800
f 800 801 4274
f 4284 800 4274
f 802 4274 801
f 803 4271 802
f 799 4286 4285
f 4213 4170 4235
f 4213 4235 795
f 4246 4283 4253
f 797 4246 4109
f 802 4293 4274
f 4266 4271 803
f 4271 4293 802
f 4294 4266 803
f 4267 4270 4275
f 4275 4259 804
f 4294 803 4259
f 4259 803 804
f 4260 805 806
f 4267 804 805
f 4260 4262 4267
f 4296 4265 4247 4260
f 805 4260 4267
f 4260 806 4296
f 4296 806 807
f 4296 807 808
f 809 4295 808
f 4295 4296 808
f 811 4312 810
f 813 4331 812
f 812 4326 811
f 810 4263 809
f 4349 813 814
f 810 4312 4263
f 5723 5651 5721
f 4295 809 4263
f 5715 5651 5723
f 4309 4263 4312
f 4326 4313 811
f 4326 812 4331
f 4331 813 4349
f 4313 4312 811
f 4348 4349 814
f 4310 4331 4349
f 815 4348 814
f 815 816 4348
f 4275 804 4267
f 5652 5721 5651
f 925 4779 924
f 924 4782 4760
f 923 4763 4762
f 4763 923 4760
f 924 4760 923
f 923 4762 922
f 4779 925 926
f 4769 4764 928
f 929 4769 928
f 929 4752 4769
f 4769 4770 4764
f 4779 926 4766
f 927 4766 926
f 927 4764 4766
f 4764 927 928
f 4779 4782 924
f 4720 4722 920
f 919 920 4722
f 921 4720 920
f 4717 919 4722
f 917 4726 916
f 919 4724 918
f 918 4724 917
f 4773 922 4758
f 4758 922 4762
f 4706 921 4773
f 4773 921 922
f 4701 4720 921
f 4747 4764 4770
f 4706 4701 921
f 935 4844 934
f 936 4847 935
f 4847 4842 935
f 933 4837 932
f 4844 4837 933
f 934 4844 933
f 4844 935 4842
f 4848 4842 4847
f 4838 936 937
f 4811 936 4838
f 936 4851 4792
f 4838 4788 4811
f 4811 4851 936
f 4855 4838 937
f 4847 936 4792
f 4799 4802 930
f 929 930 4802
f 4805 4802 4799
f 4752 929 4801
f 4801 929 4802
f 4799 4791 4805
f 4804 4799 930
f 932 4841 4836
f 4837 4841 932
f 4804 930 4803
f 931 4803 930
f 4836 4803 931
f 4848 4834 4842
f 932 4836 931
f 4332 816 817
f 816 4332 4341
f 818 4342 817
f 817 4350 4332
f 4342 4350 817
f 4664 907 908
f 4679 906 907
f 4666 4665 905
f 906 4666 905
f 907 4664 4679
f 4679 4666 906
f 904 905 4660
f 4664 908 4684
f 904 4660 903
f 4350 4342 4344
f 818 819 4297
f 4314 818 4382
f 4342 4314 4327
f 4297 4382 818
f 4314 4342 818
f 4297 819 4381
f 4370 4354 820
f 821 4364 820
f 4381 819 4354
f 823 4384 822
f 822 4364 821
f 823 824 4383
f 820 4354 819
f 4707 914 915
f 4707 915 916
f 4729 914 4707
f 4711 913 4695
f 4695 913 914
f 4699 4708 4729
f 914 4708 4695
f 914 4729 4708
f 917 4724 4726
f 4724 4719 4723
f 4724 919 4719
f 4717 4721 4693
f 4717 4722 4721
f 919 4717 4719
f 4680 910 911
f 4683 909 910
f 909 4683 4684
f 4683 4680 4682
f 4680 4683 910
f 4680 911 4715
f 908 909 4684
f 912 913 4663
f 4663 913 4711
f 4663 4715 911
f 4694 4663 4711
f 4661 4701 4706
f 912 4663 911
f 4720 4701 4703
f 916 4726 4707
f 4715 4667 4669 4680
f 5028 5008 4979
f 959 4979 5008
f 959 4908 4920
f 958 959 4920
f 5011 5010 959
f 5008 5011 959
f 5011 5008 4982
f 5009 5008 5028
f 960 4979 959
f 5015 961 962
f 963 5015 962
f 5016 5014 961
f 960 4988 4979
f 960 5014 4988
f 5014 960 961
f 961 5015 5016
f 956 4959 4939
f 957 4958 956
f 957 4944 4958
f 956 4958 4959
f 4939 4941 954
f 953 954 4941
f 954 955 4939
f 956 4939 955
f 958 4938 4914
f 957 958 4914
f 4936 958 4920
f 959 5010 4908
f 4944 957 4942
f 4942 957 4914
f 958 4936 4938
f 4914 4933 4935 4942
f 5032 968 969
f 4916 968 5032
f 967 4992 966
f 4997 4992 967
f 968 4997 967
f 4997 968 4916
f 5033 5032 969
f 5030 5033 970
f 969 970 5033
f 4502 5001 5030
f 970 971 5030
f 964 4987 963
f 965 4991 964
f 4991 5019 964
f 4991 5017 5019
f 5019 4987 964
f 963 4987 5015
f 4989 965 966
f 4994 4993 4977 4989
f 966 4992 4994
f 4989 966 4994
f 4992 4998 4975
f 4998 4992 4997
f 965 4989 4991
f 4833 5231 5139
f 4877 4861 4856
f 943 4856 4861
f 4875 4877 4856
f 4861 4881 943
f 4882 941 4883
f 942 4883 941
f 4881 4883 942
f 942 943 4881
f 944 4856 943
f 4819 945 946
f 947 4819 946
f 4878 945 4819
f 4880 944 4878
f 945 4878 944
f 4880 4856 944
f 4860 4878 4858
f 4867 4840 939
f 938 939 4840
f 4866 4867 939
f 4870 4855 938
f 937 938 4855
f 4855 4870 4853
f 4870 938 4840
f 4867 4866 4862
f 4882 4866 940
f 941 4882 940
f 4861 4872 4881
f 4872 4874 4881
f 940 4866 939
f 4858 4878 4819
f 952 4923 4905
f 951 952 4905
f 4932 4947 952
f 951 4955 4954
f 4955 951 4951
f 4905 4951 951
f 951 4954 950
f 4926 4955 4951
f 4947 4923 952
f 4940 4932 953
f 4932 4948 4947
f 4941 4940 953
f 953 4932 952
f 4890 947 948
f 4888 4890 948
f 4819 4890 4889
f 4759 4884 4888
f 4888 948 949
f 4890 4819 947
f 950 4759 949
f 4954 4887 950
f 4887 4930 950
f 4886 4759 4930
f 950 4930 4759
f 4888 949 4759
f 5139 5231 5629
f 820 4364 4370
f 822 4384 4364
f 4388 4383 824
f 4391 4371 4385
f 824 4385 4388
f 4383 4384 823
f 4389 4391 825
f 826 4389 825
f 4385 825 4391
f 826 827 4402
f 4389 826 4375
f 828 4400 827
f 824 825 4385
f 828 829 4403
f 4375 4377 4389
f 4402 4375 826
f 4400 4393 827
f 4417 4403 829
f 4400 828 4403
f 4402 827 4393
f 831 4394 830
f 4394 831 832
f 4421 4394 832
f 832 4427 4421
f 4418 4420 4425
f 4425 4427 832
f 4425 832 833
f 830 4394 4417
f 830 4417 829
f 833 4404 4418
f 4425 833 4418
f 834 4404 833
f 4404 4378 4418
f 4396 835 4365
f 834 4396 4404
f 834 835 4396
f 837 4449 836
f 835 836 4365
f 838 839 4447
f 841 4442 840
f 840 4442 839
f 837 838 4450
f 841 4430 4442
f 837 4450 4449
f 838 4441 4450
f 839 4442 4447
f 843 4454 842
f 844 4485 843
f 841 842 4430
f 4447 4441 838
f 843 4485 4487
f 4483 844 845
f 4474 846 847
f 4474 845 846
f 844 4473 4486
f 845 4474 4483
f 4483 4473 844
f 4474 847 4472
f 4485 844 4486
f 4449 4365 836
f 4428 4365 4449
f 4429 4454 843
f 4487 4471 843
f 4429 843 4471
f 4430 842 4454
f 4485 4455 4487
f 849 4475 848
f 4456 4472 847
f 849 4172 4475
f 4475 4456 848
f 4172 849 850
f 848 4456 847
f 850 4470 4464
f 4172 850 4464
f 851 4470 850
f 851 4468 4470
f 4470 4460 4464
f 4468 851 852
f 4468 853 4490
f 4488 854 855
f 4490 853 854
f 4488 4490 854
f 5650 5715 5717
f 4488 856 4504
f 4488 855 856
f 853 4468 852
f 5651 5715 5650
f 4493 4504 858
f 4504 857 858
f 859 4493 858
f 859 860 4491
f 860 4543 4542
f 4543 860 861
f 860 4542 4491
f 856 857 4504
f 4525 861 862
f 863 4540 862
f 4540 4525 862
f 864 865 4526
f 4540 863 864
f 866 4523 865
f 867 4505 866
f 4543 861 4525
f 864 4526 4540
f 865 4523 4526
f 4491 4493 859
f 4491 4542 4539
f 4523 866 4508
f 4547 868 4561
f 869 4561 868
f 4562 4561 869
f 4508 866 4505
f 4561 4550 4547
f 4547 4511 868
f 4505 867 4511
f 4511 867 868
f 870 4562 869
f 885 886 4589
f 884 885 4583
f 880 881 4585
f 882 883 4586
f 881 882 4586
f 884 4583 883
f 4630 4629 888
f 887 888 4629
f 4609 4630 888
f 4602 4598 887
f 886 887 4598
f 4629 4602 887
f 886 4598 4632
f 4609 888 889
f 4559 872 873
f 4562 871 872
f 872 4559 4562
f 4559 4563 4509
f 4563 4559 873
f 4563 873 4551
f 870 871 4562
f 876 877 4514
f 4512 878 879
f 877 878 4514
f 874 4549 4551
f 873 874 4551
f 875 4549 874
f 875 876 4564
f 886 4632 4589
f 4512 879 880
f 4656 899 900
f 4642 898 899
f 4642 896 897
f 4642 4599 896
f 898 4642 897
f 4642 899 4656
f 896 4599 895
f 4656 900 4582
f 4643 902 903
f 905 4665 4660
f 901 4657 4582
f 900 901 4582
f 4657 901 902
f 4610 891 892
f 4627 890 891
f 4609 889 4627
f 4627 889 890
f 4610 4627 891
f 4610 892 4607
f 4607 892 893
f 895 4603 894
f 4599 4603 895
f 902 4643 4657
f 4605 4606 4607
f 4605 893 4603
f 894 4603 893
f 4605 4607 893
f 4564 4549 875
f 4585 4512 880
f 4514 878 4512
f 4514 4564 876
f 4514 4548 4564
f 883 4583 4586
f 885 4589 4583
f 4603 4599 4601
f 4597 4589 4632
f 4586 4585 881
f 5649 5717 5709
f 5648 5712 5714
f 5709 5712 5649
f 5648 5649 5712
f 5646 5647 5706
f 5714 5647 5648
f 5714 5706 5647
f 5711 5712 5709
f 5645 5708 5701
f 5645 5701 5703
f 5645 5646 5708
f 5643 5644 5700
f 5703 5644 5645
f 5703 5700 5644
f 5700 5693 5705
f 5706 5708 5646
f 5650 5717 5649
f 5629 5143 4831
f 5630 5142 5143
f 5631 150 5638
f 5633 149 151
f 151 150 5632
f 5638 5142 5631
f 5630 5631 5142
f 5632 5633 151
f 5631 5632 150
f 5634 152 153
f 149 5634 153
f 149 5633 5634
f 5635 152 5634
f 5629 5630 5143
f 5629 4831 5139
f 5643 5705 5690
f 5642 5643 5690
f 5642 5692 5641
f 5692 5687 5641
f 5642 5690 5692
f 5700 5705 5643
f 5688 5635 5636
f 154 152 5688
f 5636 5689 5688
f 5639 5640 5689
f 5687 5689 5640
f 5689 5637 5639
f 5637 5689 5636
f 5641 5687 5640
f 152 5635 5688
f 903 4660 4643
f 5629 5231 5628
f 816 4341 4348
f 972 4502 5030
f 2561 488 489
