v -139.82884216308594 365.68408203125 1608.922607421875
v -314.4285888671875 349.8835754394531 1608.542236328125
v -490.4319152832031 325.5017395019531 1608.8125
v -667.0460205078125 290.5390319824219 1608.0391845703125
v -845.3662109375 243.6715545654297 1608.0770263671875
v -1018.965576171875 184.54000854492188 1608.761474609375
v -1210.832763671875 98.55158233642578 1607.7828369140625
v -1369.5357666015625 11.97391128540039 1609.051513671875
v -139.80670166015625 510.8039855957031 1489.7386474609375
v -314.3716125488281 502.0714416503906 1489.8955078125
v -490.4096374511719 484.8145446777344 1489.8026123046875
v -667.0668334960938 456.5680236816406 1489.70947265625
v -845.3943481445312 414.12518310546875 1489.873046875
v -1018.9923095703125 355.7409362792969 1489.7537841796875
v -1211.047607421875 268.5676574707031 1489.8297119140625
v -1369.68310546875 174.13124084472656 1489.646240234375
v -139.7985076904297 648.4144287109375 1387.2899169921875
v -314.3495178222656 649.9580078125 1387.357421875
v -490.4118957519531 644.8934936523438 1387.1029052734375
v -667.0515747070312 626.32470703125 1387.1529541015625
v -845.3812866210938 591.2948608398438 1387.1265869140625
v -1018.9973754882812 537.3153686523438 1387.2384033203125
v -1211.10595703125 450.9812316894531 1387.1646728515625
v -1369.6767578125 353.2325744628906 1387.190673828125
v -139.8181610107422 757.8922119140625 1301.8533935546875
v -314.3724060058594 769.5513305664062 1302.0743408203125
v -490.409423828125 777.9530639648438 1301.64453125
v -666.9796142578125 772.2630615234375 1301.8636474609375
v -845.3468627929688 749.0687255859375 1301.665283203125
v -1019.0197143554688 703.023193359375 1301.74658203125
v -1211.156005859375 620.5069580078125 1301.738525390625
v -1369.7357177734375 521.7599487304688 1301.6170654296875
v -1491.7799072265625 422.1677551269531 1301.7044677734375
v -139.85682678222656 859.6434936523438 1217.079345703125
v -314.4221496582031 880.6029052734375 1217.3155517578125
v -490.40484619140625 903.1065673828125 1216.912841796875
v -666.8847045898438 912.8135986328125 1217.1754150390625
v -845.3002319335938 906.326416015625 1216.92822265625
v -1019.0460205078125 873.1585693359375 1216.987060546875
v -1211.1824951171875 798.4178466796875 1217.163330078125
v -1369.779541015625 701.3335571289062 1216.7862548828125
v -1491.9893798828125 597.1397094726562 1216.72998046875
v -139.9044952392578 950.2638549804688 1134.50732421875
v -314.4576416015625 979.00732421875 1134.607666015625
v -490.3658447265625 1014.8622436523438 1134.28173828125
v -666.8392944335938 1041.0166015625 1134.561279296875
v -845.2352294921875 1054.116943359375 1134.03369140625
v -1019.0762329101562 1038.1793212890625 1134.2939453125
v -1211.1422119140625 975.5702514648438 1134.8673095703125
v -1369.5955810546875 882.8557739257812 1134.2568359375
v -1492.31298828125 775.4169921875 1133.6473388671875
v -139.95054626464844 1031.6212158203125 1051.027587890625
v -314.4976806640625 1065.8446044921875 1051.2132568359375
v -490.301513671875 1112.618408203125 1050.99853515625
v -666.8360595703125 1155.863525390625 1051.3736572265625
v -845.0545654296875 1191.6568603515625 1049.78125
v -1019.0259399414062 1198.535888671875 1050.8948974609375
v -1210.9053955078125 1152.867431640625 1053.5946044921875
v -1369.5667724609375 1066.6796875 1052.06103515625
v -1492.909423828125 957.30029296875 1049.5797119140625
v -140.0071563720703 1106.91943359375 959.5458374023438
v -314.6961669921875 1144.5814208984375 959.928955078125
v -490.4523620605469 1199.748779296875 959.808837890625
v -666.8421020507812 1259.259033203125 959.5714721679688
v -844.3860473632812 1321.0560302734375 957.0776977539062
v -1019.0570068359375 1354.9251708984375 957.8616333007812
v -1210.180419921875 1329.4464111328125 964.5881958007812
v -140.0223388671875 1182.0240478515625 839.9338989257812
v -314.63470458984375 1223.79541015625 840.2826538085938
v -490.3204345703125 1285.4166259765625 840.1317138671875
v -666.8624267578125 1354.1934814453125 840.0204467773438
v -844.7782592773438 1428.3740234375 839.553466796875
v -140.03773498535156 1239.45361328125 658.3416137695312
v -314.7158508300781 1285.3154296875 658.4588012695312
v -48.505794525146484 370.5797424316406 1609.1573486328125
v -139.83590698242188 301.5400390625 1686.340576171875
v -48.513370513916016 306.990478515625 1686.424072265625
v -227.69522094726562 358.7680969238281 1608.689208984375
v -314.4156188964844 283.7322998046875 1686.2041015625
v -227.6938934326172 293.715576171875 1686.236083984375
v -402.7479248046875 338.8091735839844 1608.6563720703125
v -490.41448974609375 256.56182861328125 1686.1959228515625
v -402.73004150390625 271.2337341308594 1686.19091796875
v -579.3163452148438 309.2889099121094 1608.541015625
v -667.0375366210938 219.92898559570312 1686.248046875
v -579.3357543945312 239.43734741210938 1686.2613525390625
v -757.2595825195312 268.3168640136719 1607.7596435546875
v -845.279541015625 171.373291015625 1686.091796875
v -757.2542114257812 196.8706512451172 1686.15869140625
v -933.1884765625 215.8304901123047 1608.7230224609375
v -1018.8597412109375 112.09896087646484 1686.13037109375
v -933.0736083984375 142.82130432128906 1686.0072021484375
v -1117.46484375 142.69537353515625 1607.7615966796875
v -1210.6903076171875 30.272972106933594 1686.3380126953125
v -1117.4202880859375 72.82149505615234 1686.529541015625
v -1289.1756591796875 57.95885467529297 1608.486083984375
v -1369.39404296875 -53.18806076049805 1686.1143798828125
v -1288.99365234375 -9.306004524230957 1686.0771484375
v -1117.489990234375 1350.64794921875 961.3845825195312
v -1210.6380615234375 1243.23486328125 1008.7451171875
v -1117.2825927734375 1182.4215087890625 1052.4185791015625
v -1019.1106567382812 1278.402099609375 1005.250244140625
v -1117.407470703125 1268.2366943359375 1007.3719482421875
v -757.0973510742188 1391.2705078125 840.0315551757812
v -844.3468017578125 1385.586669921875 897.9894409179688
v -756.559814453125 1291.2718505859375 958.4584350585938
v -666.7992553710938 1313.5604248046875 898.8034057617188
v -756.6485595703125 1350.154296875 898.6841430664062
v -1017.60986328125 1442.8582763671875 898.6056518554688
v -931.9620971679688 1342.91357421875 956.5800170898438
v -931.6143188476562 1416.6573486328125 897.6172485351562
v -579.16455078125 1319.548095703125 840.009765625
v -490.4159851074219 1326.796142578125 752.08544921875
v -579.3433837890625 1362.3939208984375 752.1104125976562
v -48.505455017089844 1230.01318359375 658.4193115234375
v -48.48374557495117 1231.5189208984375 564.1843872070312
v -227.732177734375 1258.49951171875 658.4692993164062
v -1248.0291748046875 1316.390380859375 965.4940185546875
v -1368.5274658203125 1162.524658203125 1008.4412841796875
v -1289.8389892578125 1115.78466796875 1053.4007568359375
v -1289.2130126953125 1209.6580810546875 1009.0767822265625
v -1441.4423828125 -125.46356201171875 1771.4871826171875
v -1382.6192626953125 -92.84640502929688 1771.4871826171875
v -1319.111572265625 -59.9349365234375 1771.4871826171875
v -1254.793212890625 -28.741708755493164 1771.4871826171875
v -1191.09912109375 0.3066878318786621 1771.4871826171875
v -1126.7464599609375 27.963083267211914 1771.4871826171875
v -1063.0003662109375 53.71401596069336 1771.4871826171875
v -998.6276245117188 77.89677429199219 1771.4871826171875
v -934.8750610351562 99.92731475830078 1771.4871826171875
v -870.649169921875 120.4068603515625 1771.4871826171875
v -806.8328247070312 139.16946411132812 1771.4871826171875
v -742.648193359375 156.58529663085938 1771.4871826171875
v -678.784423828125 172.59933471679688 1771.4871826171875
v -614.6121215820312 187.38671875 1771.4871826171875
v -550.7081298828125 200.8013153076172 1771.4871826171875
v -486.5633850097656 213.01905822753906 1771.4871826171875
v -422.6304016113281 223.97512817382812 1771.4871826171875
v -358.5002746582031 233.6627655029297 1771.4871826171875
v -294.5576171875 241.960205078125 1771.4871826171875
v -230.46542358398438 248.964111328125 1771.4871826171875
v -166.48777770996094 254.72056579589844 1771.4871826171875
v -102.41325378417969 259.2197570800781 1771.4871826171875
v -38.41356658935547 262.412353515625 1771.4871826171875
v 25.637083053588867 264.3205871582031 1771.4871826171875
v 43.152610778808594 264.6204833984375 1771.4871826171875
v -2.6248505115509033 308.6804504394531 1686.440673828125
v -48.51227951049805 281.6383056640625 1728.5689697265625
v -2.624760627746582 283.29608154296875 1728.57373046875
v 20.29380226135254 283.87274169921875 1728.5738525390625
v -2.624238967895508 272.6121826171875 1750.2762451171875
v 20.293750762939453 273.1893310546875 1750.2763671875
v 43.152610778808594 267.4676513671875 1764.3709716796875
v 43.152610778808594 268.9554443359375 1760.8106689453125
v 43.152610778808594 270.4888000488281 1757.2423095703125
v 43.152610778808594 272.0697937011719 1753.6607666015625
v 43.152610778808594 273.6969299316406 1750.0689697265625
v 43.152610778808594 275.26336669921875 1746.693603515625
v 43.152610778808594 276.87481689453125 1743.2989501953125
v 43.152610778808594 278.53009033203125 1739.8885498046875
v 43.152610778808594 280.2278747558594 1736.4661865234375
v 43.152610778808594 281.9669189453125 1733.035400390625
v 43.152610778808594 283.7459716796875 1729.5997314453125
v 43.152610778808594 284.65008544921875 1727.88134765625
v 43.152610778808594 285.105712890625 1727.0220947265625
v 43.152610778808594 285.33441162109375 1726.592529296875
v 43.152610778808594 285.563720703125 1726.1630859375
v 43.152610778808594 287.4176330566406 1722.731201171875
v 43.152610778808594 291.2252197265625 1715.9027099609375
v 43.152610778808594 295.1562805175781 1709.1458740234375
v 43.152610778808594 297.16455078125 1705.803466796875
v 43.152610778808594 298.1787414550781 1704.1429443359375
v 43.152610778808594 298.6882629394531 1703.3155517578125
v 43.152610778808594 298.7520446777344 1703.212158203125
v 43.152610778808594 298.7839660644531 1703.1605224609375
v 43.152610778808594 298.7919616699219 1703.147705078125
v 43.152610778808594 298.7939453125 1703.1444091796875
v 43.152610778808594 298.7959289550781 1703.1412353515625
v 43.152610778808594 298.7999267578125 1703.134765625
v 43.152610778808594 298.81585693359375 1703.1090087890625
v 43.152610778808594 298.9433898925781 1702.90283203125
v 43.152610778808594 299.1987609863281 1702.4910888671875
v 43.152610778808594 303.338134765625 1695.96630859375
v 43.152610778808594 307.57867431640625 1689.551025390625
v 43.152610778808594 311.9215393066406 1683.2265625
v 43.152610778808594 313.0234069824219 1681.657470703125
v 43.152610778808594 313.29986572265625 1681.265869140625
v 43.152610778808594 313.5767517089844 1680.87451171875
v 43.152610778808594 314.1318054199219 1680.092529296875
v 43.152610778808594 316.3692932128906 1676.97265625
v 43.152610778808594 320.92822265625 1670.76416015625
v 43.152610778808594 325.6004638671875 1664.5821533203125
v 43.152610778808594 327.9796142578125 1661.4952392578125
v 43.152610778808594 329.1800231933594 1659.951904296875
v 43.152610778808594 329.7738952636719 1659.191650390625
v 43.152610778808594 330.358154296875 1658.4456787109375
v 43.152610778808594 335.0906066894531 1652.4803466796875
v 43.152610778808594 339.9227294921875 1646.526611328125
v 43.152610778808594 344.84912109375 1640.5972900390625
v 43.152610778808594 365.3903503417969 1617.3778076171875
v 43.152610778808594 368.0408630371094 1614.5577392578125
v 43.152610778808594 369.3722229003906 1613.156494140625
v 43.152610778808594 370.0393981933594 1612.4581298828125
v 43.152610778808594 370.37335205078125 1612.1094970703125
v 43.152610778808594 370.4568786621094 1612.0223388671875
v 43.152610778808594 370.46734619140625 1612.011474609375
v 43.152610778808594 370.4725646972656 1612.006103515625
v 43.152610778808594 370.4777526855469 1612.0006103515625
v 43.152610778808594 370.4986267089844 1611.9788818359375
v 43.152610778808594 370.54034423828125 1611.9354248046875
v 43.152610778808594 370.707275390625 1611.7615966796875
v 43.152610778808594 376.07989501953125 1606.2490234375
v 43.152610778808594 387.009521484375 1595.4786376953125
v 43.152610778808594 392.5699768066406 1590.1943359375
v 43.152610778808594 392.7447814941406 1590.030029296875
v 43.152610778808594 392.919677734375 1589.8658447265625
v 43.152610778808594 393.2696533203125 1589.5374755859375
v 43.152610778808594 393.970458984375 1588.88134765625
v 43.152610778808594 395.3755187988281 1587.571044921875
v 43.152610778808594 398.1993408203125 1584.95703125
v 43.152610778808594 409.68267822265625 1574.561279296875
v 43.152610778808594 415.7762756347656 1569.169189453125
v 43.152610778808594 417.2568054199219 1567.86962890625
v 43.152610778808594 418.73028564453125 1566.5799560546875
v 43.152610778808594 421.69140625 1563.999267578125
v 43.152610778808594 427.66851806640625 1558.83447265625
v 43.152610778808594 433.7148742675781 1553.6688232421875
v 43.152610778808594 439.825927734375 1548.50634765625
v 43.152610778808594 445.9969787597656 1543.3514404296875
v 43.152610778808594 452.2234191894531 1538.2080078125
v 43.152610778808594 458.50054931640625 1533.08056640625
v 43.152610778808594 471.18804931640625 1522.890380859375
v 43.152610778808594 471.98626708984375 1522.2569580078125
v 43.152610778808594 472.1859130859375 1522.0986328125
v 43.152610778808594 472.1983947753906 1522.0887451171875
v 43.152610778808594 472.2108459472656 1522.078857421875
v 43.152610778808594 472.2358093261719 1522.05908203125
v 43.152610778808594 472.2856750488281 1522.01953125
v 43.152610778808594 472.3854675292969 1521.9405517578125
v 43.152610778808594 472.78460693359375 1521.624267578125
v 43.152610778808594 474.38238525390625 1520.36083984375
v 43.152610778808594 477.58270263671875 1517.84033203125
v 43.152610778808594 483.9978942871094 1512.8250732421875
v 43.152610778808594 485.603759765625 1511.57666015625
v 43.152610778808594 486.4068908691406 1510.9532470703125
v 43.152610778808594 486.8084716796875 1510.641845703125
v 43.152610778808594 487.2100830078125 1510.3304443359375
v 43.152610778808594 490.4230651855469 1507.8450927734375
v 43.152610778808594 496.8453063964844 1502.902587890625
v 43.152610778808594 500.0519104003906 1500.4456787109375
v 43.152610778808594 500.8528747558594 1499.8330078125
v 43.152610778808594 501.0530700683594 1499.679931640625
v 43.152610778808594 501.25323486328125 1499.52685546875
v 43.152610778808594 501.65350341796875 1499.2208251953125
v 43.152610778808594 503.2535705566406 1497.99853515625
v 43.152610778808594 509.6351013183594 1493.13525390625
v 43.152610778808594 512.812255859375 1490.7191162109375
v 43.152610778808594 514.3969116210938 1489.5150146484375
v 43.152610778808594 515.1881713867188 1488.913818359375
v 43.152610778808594 515.58349609375 1488.613525390625
v 43.152610778808594 515.7811279296875 1488.4635009765625
v 43.152610778808594 515.9786376953125 1488.3134765625
v 43.152610778808594 519.1324462890625 1485.918701171875
v 43.152610778808594 522.2720947265625 1483.53515625
v 43.152610778808594 525.396240234375 1481.162841796875
v 43.152610778808594 528.503662109375 1478.8017578125
v 43.152610778808594 530.0506591796875 1477.62548828125
v 43.152610778808594 531.6796875 1476.38623046875
v 43.152610778808594 534.9384155273438 1473.904541015625
v 43.152610778808594 541.403076171875 1468.9715576171875
v 43.152610778808594 547.80712890625 1464.0716552734375
v 43.152610778808594 554.162353515625 1459.1956787109375
v 43.152610778808594 557.3253173828125 1456.763916015625
v 43.152610778808594 558.9037475585938 1455.5489501953125
v 43.152610778808594 559.298095703125 1455.245361328125
v 43.152610778808594 559.6922607421875 1454.9417724609375
v 43.152610778808594 560.48046875 1454.3345947265625
v 43.152610778808594 573.068359375 1444.6083984375
v 43.152610778808594 573.8547973632812 1443.9989013671875
v 43.152610778808594 574.248046875 1443.694091796875
v 43.152610778808594 574.641357421875 1443.38916015625
v 43.152610778808594 576.2150268554688 1442.16845703125
v 43.152610778808594 579.365478515625 1439.72216796875
v 43.152610778808594 585.6838989257812 1434.8055419921875
v 43.152610778808594 588.854736328125 1432.3330078125
v 43.152610778808594 592.0374755859375 1429.8477783203125
v 43.152610778808594 598.4243774414062 1424.8505859375
v 43.152610778808594 601.6249389648438 1422.341552734375
v 43.152610778808594 603.2261962890625 1421.085205078125
v 43.152610778808594 604.0269165039062 1420.45654296875
v 43.152610778808594 604.82763671875 1419.8277587890625
v 43.152610778808594 611.228515625 1414.794677734375
v 43.152610778808594 616.9825439453125 1410.26025390625
v 43.152610778808594 617.7001953125 1409.694091796875
v 43.152610778808594 618.0588989257812 1409.4110107421875
v 43.152610778808594 618.4174194335938 1409.1280517578125
v 43.152610778808594 619.8501586914062 1407.9970703125
v 43.152610778808594 622.7081298828125 1405.7391357421875
v 43.152610778808594 628.3897094726562 1401.2440185546875
v 43.152610778808594 634.0169067382812 1396.7835693359375
v 43.152610778808594 639.5794677734375 1392.3662109375
v 43.152610778808594 645.0672607421875 1388.0003662109375
v 43.152610778808594 647.8546142578125 1385.77978515625
v 43.152610778808594 650.7963256835938 1383.43408203125
v 43.152610778808594 656.6066284179688 1378.794189453125
v 43.152610778808594 659.4785766601562 1376.4971923828125
v 43.152610778808594 660.9070434570312 1375.3538818359375
v 43.152610778808594 660.9961547851562 1375.2825927734375
v 43.152610778808594 661.0852661132812 1375.211181640625
v 43.152610778808594 661.263427734375 1375.068603515625
v 43.152610778808594 661.6195068359375 1374.783447265625
v 43.152610778808594 662.3309326171875 1374.213623046875
v 43.152610778808594 667.9869995117188 1369.6781005859375
v 43.152610778808594 673.5900268554688 1365.1756591796875
v 43.152610778808594 679.1549072265625 1360.694091796875
v 43.152610778808594 684.6990966796875 1356.2196044921875
v 43.152610778808594 687.4676513671875 1353.981689453125
v 43.152610778808594 688.8516845703125 1352.8619384765625
v 43.152610778808594 689.19775390625 1352.5819091796875
v 43.152610778808594 689.5438232421875 1352.3017578125
v 43.152610778808594 690.236083984375 1351.7413330078125
v 43.152610778808594 695.782958984375 1347.245361328125
v 43.152610778808594 701.3547973632812 1342.7196044921875
v 43.152610778808594 702.7532348632812 1341.582275390625
v 43.152610778808594 702.92822265625 1341.43994140625
v 43.152610778808594 702.9391479492188 1341.4310302734375
v 43.152610778808594 702.9500732421875 1341.422119140625
v 43.152610778808594 702.9719848632812 1341.404296875
v 43.152610778808594 703.0157470703125 1341.36865234375
v 43.152610778808594 703.103271484375 1341.2974853515625
v 43.152610778808594 703.4535522460938 1341.012451171875
v 43.152610778808594 704.1546630859375 1340.44189453125
v 43.152610778808594 706.9647827148438 1338.1534423828125
v 43.152610778808594 712.608642578125 1333.5499267578125
v 43.152610778808594 718.2733154296875 1328.9193115234375
v 43.152610778808594 723.942626953125 1324.274169921875
v 43.152610778808594 729.6027221679688 1319.6253662109375
v 43.152610778808594 730.3088989257812 1319.04443359375
v 43.152610778808594 730.6619262695312 1318.7540283203125
v 43.152610778808594 731.0147705078125 1318.463623046875
v 43.152610778808594 732.4251098632812 1317.302734375
v 43.152610778808594 735.2392578125 1314.98388671875
v 43.152610778808594 740.8363037109375 1310.362548828125
v 43.152610778808594 743.6161499023438 1308.0623779296875
v 43.152610778808594 744.3088989257812 1307.4886474609375
v 43.152610778808594 744.4819946289062 1307.34521484375
v 43.152610778808594 744.5684814453125 1307.2735595703125
v 43.152610778808594 744.6549682617188 1307.201904296875
v 43.152610778808594 745.000732421875 1306.9154052734375
v 43.152610778808594 746.3812255859375 1305.77099609375
v 43.152610778808594 751.85791015625 1301.22216796875
v 43.152610778808594 757.2531127929688 1296.7261962890625
v 43.152610778808594 760.0535888671875 1294.38623046875
v 43.152610778808594 762.928955078125 1291.9791259765625
v 43.152610778808594 768.604736328125 1287.213623046875
v 43.152610778808594 771.40869140625 1284.8521728515625
v 43.152610778808594 771.583251953125 1284.7049560546875
v 43.152610778808594 771.6704711914062 1284.6314697265625
v 43.152610778808594 771.7577514648438 1284.557861328125
v 43.152610778808594 772.1065063476562 1284.2637939453125
v 43.152610778808594 772.8031005859375 1283.676025390625
v 43.152610778808594 774.193115234375 1282.50244140625
v 43.152610778808594 779.7128295898438 1277.830322265625
v 43.152610778808594 782.45166015625 1275.5050048828125
v 43.152610778808594 783.8165893554688 1274.344482421875
v 43.152610778808594 784.4979858398438 1273.7645263671875
v 43.152610778808594 784.8384399414062 1273.4747314453125
v 43.152610778808594 785.1787719726562 1273.1849365234375
v 43.152610778808594 790.6082763671875 1268.5517578125
v 43.152610778808594 800.2733764648438 1260.2584228515625
v 43.152610778808594 805.11083984375 1256.0858154296875
v 43.152610778808594 809.966552734375 1251.883544921875
v 43.152610778808594 810.5752563476562 1251.355712890625
v 43.152610778808594 810.8798217773438 1251.0916748046875
v 43.152610778808594 811.032470703125 1250.959228515625
v 43.152610778808594 811.1853637695312 1250.8265380859375
v 43.152610778808594 812.4089965820312 1249.7645263671875
v 43.152610778808594 814.860107421875 1247.634765625
v 43.152610778808594 819.7733764648438 1243.3548583984375
v 43.152610778808594 829.6121215820312 1234.74072265625
v 43.152610778808594 834.519287109375 1230.42138671875
v 43.152610778808594 839.4061889648438 1226.10400390625
v 43.152610778808594 844.2637939453125 1221.7960205078125
v 43.152610778808594 849.0830078125 1217.5045166015625
v 43.152610778808594 853.8547973632812 1213.2373046875
v 43.152610778808594 858.5701904296875 1209.00146484375
v 43.152610778808594 860.9039306640625 1206.8975830078125
v 43.152610778808594 863.2703247070312 1204.759033203125
v 43.152610778808594 868.2161254882812 1200.2716064453125
v 43.152610778808594 873.0875244140625 1195.82763671875
v 43.152610778808594 877.8948364257812 1191.418212890625
v 43.152610778808594 882.6483154296875 1187.0345458984375
v 43.152610778808594 887.3583374023438 1182.6678466796875
v 43.152610778808594 892.0349731445312 1178.3094482421875
v 43.152610778808594 896.6884765625 1173.9505615234375
v 43.152610778808594 905.96630859375 1165.197021484375
v 43.152610778808594 908.2870483398438 1162.994873046875
v 43.152610778808594 909.448486328125 1161.8909912109375
v 43.152610778808594 910.029541015625 1161.33837890625
v 43.152610778808594 910.3201293945312 1161.061767578125
v 43.152610778808594 910.4654541015625 1160.9234619140625
v 43.152610778808594 910.5381469726562 1160.8543701171875
v 43.152610778808594 910.5426635742188 1160.8499755859375
v 43.152610778808594 910.544921875 1160.8477783203125
v 43.152610778808594 910.5472412109375 1160.845703125
v 43.152610778808594 910.556396484375 1160.8369140625
v 43.152610778808594 910.5746459960938 1160.819580078125
v 43.152610778808594 910.6112060546875 1160.7847900390625
v 43.152610778808594 915.29833984375 1156.313232421875
v 43.152610778808594 919.995361328125 1151.8126220703125
v 43.152610778808594 924.6937255859375 1147.2899169921875
v 43.152610778808594 934.0601806640625 1138.2081298828125
v 43.152610778808594 938.711181640625 1133.663330078125
v 43.152610778808594 943.3292236328125 1129.125732421875
v 43.152610778808594 947.50146484375 1125.0032958984375
v 43.152610778808594 951.6328735351562 1120.8980712890625
v 43.152610778808594 955.7171630859375 1116.815673828125
v 43.152610778808594 957.7628784179688 1114.76123046875
v 43.152610778808594 959.8994750976562 1112.6083984375
v 43.152610778808594 964.1282348632812 1108.3253173828125
v 43.152610778808594 968.3031005859375 1104.067138671875
v 43.152610778808594 972.4307250976562 1099.8272705078125
v 43.152610778808594 976.5176391601562 1095.599365234375
v 43.152610778808594 980.5704345703125 1091.377197265625
v 43.152610778808594 984.595458984375 1087.154052734375
v 43.152610778808594 992.5885009765625 1078.68017578125
v 43.152610778808594 996.5693359375 1074.4168701171875
v 43.152610778808594 998.5586547851562 1072.2757568359375
v 43.152610778808594 999.5534057617188 1071.2025146484375
v 43.152610778808594 999.8020629882812 1070.933837890625
v 43.152610778808594 999.9264526367188 1070.799560546875
v 43.152610778808594 999.95751953125 1070.7659912109375
v 43.152610778808594 999.96533203125 1070.757568359375
v 43.152610778808594 999.96728515625 1070.7554931640625
v 43.152610778808594 999.9682006835938 1070.75439453125
v 43.152610778808594 999.9691772460938 1070.7532958984375
v 43.152610778808594 999.97314453125 1070.7491455078125
v 43.152610778808594 999.98876953125 1070.7322998046875
v 43.152610778808594 1000.05126953125 1070.6646728515625
v 43.152610778808594 1000.5514526367188 1070.1239013671875
v 43.152610778808594 1004.5540771484375 1065.78076171875
v 43.152610778808594 1008.5543823242188 1061.410888671875
v 43.152610778808594 1016.5240478515625 1052.611572265625
v 43.152610778808594 1024.4127197265625 1043.767578125
v 43.152610778808594 1028.311767578125 1039.341796875
v 43.152610778808594 1032.172607421875 1034.92041015625
v 43.152610778808594 1035.9896240234375 1030.508544921875
v 43.152610778808594 1039.756591796875 1026.111328125
v 43.152610778808594 1040.6898193359375 1025.014892578125
v 43.152610778808594 1041.6519775390625 1023.8814086914062
v 43.152610778808594 1043.5791015625 1021.6019287109375
v 43.152610778808594 1047.3924560546875 1017.0545043945312
v 43.152610778808594 1051.1575927734375 1012.5162353515625
v 43.152610778808594 1054.88232421875 1007.9797973632812
v 43.152610778808594 1062.2420654296875 998.882568359375
v 43.152610778808594 1065.8927001953125 994.306884765625
v 43.152610778808594 1069.5340576171875 989.7034301757812
v 43.152610778808594 1072.7000732421875 985.6707763671875
v 43.152610778808594 1075.8701171875 981.6065063476562
v 43.152610778808594 1076.663818359375 980.5849609375
v 43.152610778808594 1076.7630615234375 980.4570922851562
v 43.152610778808594 1076.812744140625 980.3931884765625
v 43.152610778808594 1076.8626708984375 980.328857421875
v 43.152610778808594 1077.0626220703125 980.0711059570312
v 43.152610778808594 1077.462646484375 979.5552978515625
v 43.152610778808594 1079.063720703125 977.4871215820312
v 43.152610778808594 1082.265869140625 973.3321533203125
v 43.15260696411133 1088.6422119140625 964.9837036132812
v 43.15260696411133 1091.80029296875 960.8104858398438
v 43.15260696411133 1094.9276123046875 956.6513671875
v 43.15260696411133 1098.0164794921875 952.516357421875
v 43.15260696411133 1101.058837890625 948.415283203125
v 43.15260696411133 1102.5601806640625 946.3805541992188
v 43.15260696411133 1104.0469970703125 944.3579711914062
v 43.152610778808594 1105.5184326171875 942.3488159179688
v 43.152610778808594 1106.9732666015625 940.354248046875
v 43.152610778808594 1108.4107666015625 938.37548828125
v 43.152610778808594 1109.8299560546875 936.4137573242188
v 43.152610778808594 1111.252685546875 934.4382934570312
v 43.152610778808594 1112.938232421875 932.0861206054688
v 43.152610778808594 1116.2158203125 927.4735717773438
v 43.152610778808594 1119.3760986328125 922.9755249023438
v 43.152610778808594 1122.4271240234375 918.5827026367188
v 43.152610778808594 1125.3770751953125 914.2861938476562
v 43.152610778808594 1126.0997314453125 913.22607421875
v 43.152610778808594 1126.4588623046875 912.6980590820312
v 43.152610778808594 1126.5484619140625 912.5662231445312
v 43.152610778808594 1126.59326171875 912.5003662109375
v 43.152610778808594 1126.637939453125 912.4345092773438
v 43.152610778808594 1126.816650390625 912.1713256835938
v 43.152610778808594 1128.2347412109375 910.0759887695312
v 43.152610778808594 1131.0113525390625 905.9381713867188
v 43.152610778808594 1133.714599609375 901.8638305664062
v 43.152610778808594 1136.3516845703125 897.8450927734375
v 43.152610778808594 1138.9295654296875 893.8740234375
v 43.152610778808594 1141.455078125 889.94287109375
v 43.152610778808594 1141.611572265625 889.697998046875
v 43.152610778808594 1141.7679443359375 889.453125
v 43.152610778808594 1142.0802001953125 888.963623046875
v 43.152610778808594 1142.7030029296875 887.9854125976562
v 43.152610778808594 1143.9423828125 886.0303955078125
v 43.152610778808594 1144.559326171875 885.052734375
v 43.152610778808594 1144.8671875 884.5636596679688
v 43.152610778808594 1145.0208740234375 884.3189697265625
v 43.152610778808594 1145.174560546875 884.0742797851562
v 43.152610778808594 1146.4017333984375 882.1123657226562
v 43.152610778808594 1147.6258544921875 880.1401977539062
v 43.152610778808594 1148.2371826171875 879.1490478515625
v 43.152610778808594 1148.5428466796875 878.6520385742188
v 43.152610778808594 1148.619140625 878.5276489257812
v 43.152610778808594 1148.695556640625 878.4031372070312
v 43.152610778808594 1148.848388671875 878.1539916992188
v 43.152610778808594 1150.071533203125 876.14892578125
v 43.152610778808594 1151.29736328125 874.1205444335938
v 43.152610778808594 1151.9117431640625 873.096435546875
v 43.152610778808594 1152.0654296875 872.8392944335938
v 43.152610778808594 1152.142333984375 872.7105712890625
v 43.152610778808594 1152.21923828125 872.5816650390625
v 43.152610778808594 1152.5272216796875 872.0650024414062
v 43.152610778808594 1153.7635498046875 869.9771118164062
v 43.152610778808594 1155.0081787109375 867.8526000976562
v 43.152610778808594 1155.3206787109375 867.3152465820312
v 43.152610778808594 1155.477294921875 867.0455932617188
v 43.152610778808594 1155.5556640625 866.9105224609375
v 43.152610778808594 1155.5948486328125 866.8429565429688
v 43.152610778808594 1155.634033203125 866.7752685546875
v 43.152610778808594 1156.2628173828125 865.686767578125
v 43.152610778808594 1157.5308837890625 863.4727783203125
v 43.152610778808594 1158.8140869140625 861.205810546875
v 43.152610778808594 1160.1143798828125 858.8814697265625
v 43.15260696411133 1161.4334716796875 856.4951782226562
v 43.152610778808594 1163.0556640625 853.5208740234375
v 43.152610778808594 1164.711181640625 850.44091796875
v 43.152610778808594 1166.4033203125 847.2465209960938
v 43.152610778808594 1168.1356201171875 843.9288940429688
v 43.152610778808594 1168.88037109375 842.4879760742188
v 43.152610778808594 1169.5189208984375 841.2456665039062
v 43.152610778808594 1170.810791015625 838.713134765625
v 43.152610778808594 1172.119873046875 836.1198120117188
v 43.152610778808594 1173.4437255859375 833.4697265625
v 43.152610778808594 1174.779541015625 830.7669067382812
v 43.152610778808594 1176.12451171875 828.015380859375
v 43.152610778808594 1177.4759521484375 825.2194213867188
v 43.152610778808594 1178.830810546875 822.3831176757812
v 43.152610778808594 1179.169677734375 821.6682739257812
v 43.152610778808594 1179.339111328125 821.31005859375
v 43.152610778808594 1179.4239501953125 821.1307373046875
v 43.152610778808594 1179.46630859375 821.041015625
v 43.152610778808594 1179.5086669921875 820.9512939453125
v 43.152610778808594 1180.1856689453125 819.5120239257812
v 43.152610778808594 1181.5352783203125 816.615966796875
v 43.152610778808594 1184.2052001953125 810.7694091796875
v 43.152610778808594 1186.8170166015625 804.8809814453125
v 43.152610778808594 1188.09375 801.9324951171875
v 43.152610778808594 1189.34716796875 798.9872436523438
v 43.152610778808594 1189.9625244140625 797.5214233398438
v 43.152610778808594 1190.5706787109375 796.0592041015625
v 43.152610778808594 1191.767333984375 793.1409301757812
v 43.152610778808594 1194.0859375 787.3243408203125
v 43.152610778808594 1196.310791015625 781.5256958007812
v 43.152610778808594 1198.4488525390625 775.734619140625
v 43.152610778808594 1202.49365234375 764.1334838867188
v 43.152610778808594 1206.27685546875 752.438232421875
v 43.152610778808594 1209.8114013671875 740.6927490234375
v 43.152610778808594 1213.1322021484375 728.77783203125
v 43.152610778808594 1216.2183837890625 716.7221069335938
v 43.152610778808594 1217.666748046875 710.650634765625
v 43.152610778808594 1218.3662109375 707.6055908203125
v 43.152610778808594 1218.4093017578125 707.4151000976562
v 43.152610778808594 1218.430908203125 707.31982421875
v 43.152610778808594 1218.436279296875 707.2960205078125
v 43.152610778808594 1218.441650390625 707.272216796875
v 43.152610778808594 1218.452392578125 707.224609375
v 43.152610778808594 1218.538330078125 706.8435668945312
v 43.152610778808594 1218.70947265625 706.0813598632812
v 43.152610778808594 1219.04833984375 704.5562133789062
v 43.152610778808594 1221.5989990234375 692.3355102539062
v 43.152610778808594 1223.8555908203125 680.1170654296875
v 43.152610778808594 1224.86962890625 674.0250244140625
v 43.152610778808594 1225.80517578125 667.9531860351562
v 43.152610778808594 1226.5511474609375 662.7151489257812
v 43.152610778808594 1226.7281494140625 661.4092407226562
v 43.152610778808594 1226.9034423828125 660.0880126953125
v 43.152610778808594 1227.24267578125 657.44677734375
v 43.152610778808594 1228.4371337890625 646.896240234375
v 43.152610778808594 1229.3582763671875 636.3005981445312
v 43.152610778808594 1229.7105712890625 630.9573364257812
v 43.152610778808594 1229.987548828125 625.5684814453125
v 43.152610778808594 1230.1868896484375 620.1224365234375
v 43.152610778808594 1230.2567138671875 617.3743896484375
v 43.152610778808594 1230.2840576171875 615.9934692382812
v 43.152610778808594 1230.2900390625 615.64599609375
v 43.152610778808594 1230.2958984375 615.2977294921875
v 43.152610778808594 1230.306396484375 614.600341796875
v 43.152610778808594 1230.3359375 611.8016967773438
v 43.152610778808594 1230.345947265625 608.9921264648438
v 43.152610778808594 1230.3106689453125 603.3604736328125
v 43.152610778808594 1230.2066650390625 597.7457885742188
v 43.152610778808594 1230.1309814453125 594.9573974609375
v 43.152610778808594 1230.0875244140625 593.5701904296875
v 43.152610778808594 1230.0760498046875 593.2241821289062
v 43.152610778808594 1230.0731201171875 593.1377563476562
v 43.152610778808594 1230.0703125 593.0513305664062
v 43.152610778808594 1230.064453125 592.8786010742188
v 43.152610778808594 1230.04052734375 592.1889038085938
v 43.152610778808594 1229.936279296875 589.4510498046875
v 43.152610778808594 1229.8193359375 586.7503662109375
v 43.152610778808594 1229.6904296875 584.0916137695312
v 43.152610778808594 1229.550537109375 581.4793090820312
v 43.152610778808594 1229.4005126953125 578.91796875
v 43.152610778808594 1229.2412109375 576.4120483398438
v 43.152610778808594 1229.073486328125 573.9657592773438
v 43.152610778808594 1228.8980712890625 571.58349609375
v 43.152610778808594 1228.8077392578125 570.4176025390625
v 43.152610778808594 1228.6719970703125 568.7349853515625
v 43.152610778808594 1228.3863525390625 565.43603515625
v 43.152610778808594 1227.774658203125 559.2601928710938
v 43.152610778808594 1227.7347412109375 558.8911743164062
v 43.152610778808594 1227.7247314453125 558.7991943359375
v 43.152610778808594 1227.714599609375 558.7073364257812
v 43.152610778808594 1227.694580078125 558.5239868164062
v 43.152610778808594 1227.613525390625 557.7948608398438
v 43.152610778808594 1227.448974609375 556.35693359375
v 43.152610778808594 1227.1094970703125 553.5575561523438
v 43.152610778808594 1226.756591796875 550.8511962890625
v 43.152610778808594 1226.5750732421875 549.5296630859375
v 43.152610778808594 1226.3902587890625 548.2276000976562
v 43.152610778808594 1226.296630859375 547.5833740234375
v 43.152610778808594 1226.2730712890625 547.4230346679688
v 43.152610778808594 1226.2613525390625 547.3429565429688
v 43.152610778808594 1226.24951171875 547.262939453125
v 43.152610778808594 1226.2021484375 546.9435424804688
v 43.152610778808594 1226.010498046875 545.6751098632812
v 43.152610778808594 1225.616455078125 543.17919921875
v 43.152610778808594 1225.2081298828125 540.7301025390625
v 43.152610778808594 1224.785400390625 538.3186645507812
v 43.152610778808594 1224.3485107421875 535.93603515625
v 43.152610778808594 1224.3206787109375 535.787841796875
v 43.152610778808594 1224.2928466796875 535.6397094726562
v 43.152610778808594 1224.2369384765625 535.3436279296875
v 43.152610778808594 1224.12451171875 534.7520141601562
v 43.152610778808594 1223.8966064453125 533.5704956054688
v 43.152610778808594 1223.4293212890625 531.2105102539062
v 43.152610778808594 1223.3101806640625 530.620361328125
v 43.152610778808594 1223.2501220703125 530.3251342773438
v 43.152610778808594 1223.2200927734375 530.177490234375
v 43.152610778808594 1223.18994140625 530.0298461914062
v 43.152610778808594 1222.9464111328125 528.8466796875
v 43.152610778808594 1222.4468994140625 526.4674682617188
v 43.152610778808594 1222.19091796875 525.2691650390625
v 43.152610778808594 1222.061279296875 524.6674194335938
v 43.152610778808594 1221.9305419921875 524.063232421875
v 43.152610778808594 1220.8466796875 519.1622924804688
v 43.15261459350586 1219.6942138671875 514.1529541015625
v 43.15261459350586 1218.471923828125 509.04925537109375
v 43.15261459350586 1217.17822265625 503.86541748046875
v 43.152610778808594 1215.8115234375 498.6158447265625
v 31.746444702148438 273.4162902832031 1750.2764892578125
v 20.293804168701172 268.49029541015625 1760.936279296875
v 31.746408462524414 268.7168884277344 1760.9364013671875
v 37.47126770019531 268.8149108886719 1760.9365234375
v 31.74640655517578 266.5205383300781 1766.235107421875
v 37.471248626708984 266.6183776855469 1766.2352294921875
v 37.47133255004883 273.51446533203125 1750.2764892578125
v 31.74641990661621 271.01324462890625 1755.622314453125
v 37.47129440307617 271.1113586425781 1755.6224365234375
v 31.746671676635742 284.0993957519531 1728.57373046875
v 20.29374885559082 278.326416015625 1739.4639892578125
v 31.74653434753418 278.5533142089844 1739.4639892578125
v 20.294464111328125 309.2689514160156 1686.4451904296875
v -2.62499737739563 295.43060302734375 1707.0284423828125
v 20.294050216674805 296.0091552734375 1707.0296630859375
v -2.619551181793213 372.1403503417969 1609.24755859375
v -48.51113510131836 336.72467041015625 1647.025390625
v -2.6230275630950928 338.4192810058594 1647.079345703125
v -48.495887756347656 513.2816162109375 1489.5748291015625
v -139.81520080566406 434.68341064453125 1547.901123046875
v -48.49766159057617 438.4596862792969 1547.9384765625
v 37.4714469909668 278.6514587402344 1739.4638671875
v 31.746482849121094 275.9308166503906 1744.88720703125
v 37.47138214111328 276.02899169921875 1744.88720703125
v 37.47160720825195 284.19744873046875 1728.57373046875
v 31.746597290039062 281.278076171875 1734.021240234375
v 37.47152328491211 281.37615966796875 1734.021240234375
v 31.74705696105957 296.23651123046875 1707.030029296875
v 20.293903350830078 289.78228759765625 1717.7232666015625
v 31.746849060058594 290.00897216796875 1717.7232666015625
v 40.333740234375 284.24261474609375 1728.57373046875
v 37.47156524658203 282.77508544921875 1731.297119140625
v 40.33365249633789 281.42138671875 1734.0211181640625
v 40.33369445800781 282.8202819824219 1731.297119140625
v 37.4718017578125 290.1070251464844 1717.723388671875
v 31.746755599975586 287.0115966796875 1723.13623046875
v 37.471702575683594 287.109619140625 1723.13623046875
v 40.333839416503906 287.15478515625 1723.13623046875
v 37.47165298461914 285.64251708984375 1725.852783203125
v 40.33378982543945 285.6877136230469 1725.852783203125
v 41.76477813720703 285.7093505859375 1725.852783203125
v 40.333763122558594 284.9623718261719 1727.2127685546875
v 41.76472854614258 284.2642822265625 1728.57373046875
v 41.76475143432617 284.9840087890625 1727.2127685546875
v 42.48025131225586 285.71990966796875 1725.852783203125
v 41.764766693115234 285.3459777832031 1726.53271484375
v 42.480228424072266 284.9945983886719 1727.2127685546875
v 42.48023986816406 285.3565673828125 1726.53271484375
v 41.764827728271484 287.1764221191406 1723.13623046875
v 40.33381271362305 286.4185485839844 1724.493896484375
v 41.764801025390625 286.440185546875 1724.493896484375
v 40.33394241333008 290.1522216796875 1717.723388671875
v 37.47175216674805 288.5980224609375 1720.42578125
v 40.33388900756836 288.6432189941406 1720.42578125
v 37.472023010253906 296.3348083496094 1707.0302734375
v 31.7469482421875 293.0858459472656 1712.3497314453125
v 37.4719123840332 293.1839904785156 1712.3497314453125
v 31.747528076171875 309.50030517578125 1686.4468994140625
v 20.29423713684082 302.5095520019531 1696.6025390625
v 31.747285842895508 302.7385559082031 1696.603515625
v 20.295673370361328 339.01434326171875 1647.0999755859375
v -2.6242218017578125 322.99163818359375 1666.638916015625
v 20.29501724243164 323.59002685546875 1666.649658203125
v 37.472259521484375 302.83758544921875 1696.6038818359375
v 31.747169494628906 299.45526123046875 1701.779052734375
v 37.47214126586914 299.55389404296875 1701.779296875
v 40.33428192138672 299.599365234375 1701.7794189453125
v 37.47208023071289 297.9361877441406 1704.395263671875
v 40.334163665771484 296.3801574707031 1707.0302734375
v 40.33422088623047 297.9815673828125 1704.3953857421875
v 41.7652702331543 299.6211242675781 1701.7794189453125
v 40.334251403808594 298.7884521484375 1703.0849609375
v 41.76521301269531 298.0032958984375 1704.3953857421875
v 41.76523971557617 298.8102111816406 1703.0849609375
v 40.33440017700195 302.88323974609375 1696.60400390625
v 37.472198486328125 301.1876525878906 1699.1824951171875
v 40.3343391418457 301.23321533203125 1699.1826171875
v 37.47249984741211 309.6003723144531 1686.4476318359375
v 31.747406005859375 306.0866394042969 1691.495849609375
v 37.47237777709961 306.1861877441406 1691.496337890625
v 31.748018264770508 323.8254699707031 1666.6539306640625
v 20.29472541809082 316.2935791015625 1676.4854736328125
v 31.74777603149414 316.5273132324219 1676.48828125
v 42.480716705322266 298.8208312988281 1703.0849609375
v 41.765228271484375 298.40625 1703.7396240234375
v 42.48068618774414 298.013916015625 1704.3953857421875
v 42.4807014465332 298.4168701171875 1703.7396240234375
v 40.33419418334961 297.17877197265625 1705.7105712890625
v 41.76515579223633 296.40185546875 1707.0302734375
v 41.76518249511719 297.20050048828125 1705.7105712890625
v 37.47196578979492 294.7505187988281 1709.682373046875
v 40.334049224853516 293.2292175292969 1712.349853515625
v 40.3341064453125 294.7958068847656 1709.682373046875
v 42.83845138549805 298.8260803222656 1703.0850830078125
v 42.480709075927734 298.6187438964844 1703.412109375
v 42.838436126708984 298.422119140625 1703.7396240234375
v 42.838443756103516 298.6239929199219 1703.4122314453125
v 42.48074722290039 299.63177490234375 1701.779541015625
v 41.765254974365234 299.21514892578125 1702.431640625
v 42.48073196411133 299.2257995605469 1702.431640625
v 41.76532745361328 301.2550354003906 1699.1827392578125
v 40.33430862426758 300.4142761230469 1700.4786376953125
v 41.76530075073242 300.4360656738281 1700.478759765625
v 43.01731491088867 298.8287048339844 1703.0850830078125
v 42.83844757080078 298.7250061035156 1703.24853515625
v 43.01730728149414 298.6265869140625 1703.4122314453125
v 43.017311096191406 298.7276306152344 1703.24853515625
v 42.838462829589844 299.2310485839844 1702.431640625
v 42.4807243347168 299.023193359375 1702.7581787109375
v 42.83845520019531 299.0284423828125 1702.7581787109375
v 43.106746673583984 298.83001708984375 1703.0850830078125
v 43.01731491088867 298.7781677246094 1703.166748046875
v 43.10674285888672 298.7289123535156 1703.24853515625
v 43.106746673583984 298.7794494628906 1703.166748046875
v 43.0173225402832 299.03106689453125 1702.7581787109375
v 42.83845138549805 298.92724609375 1702.9215087890625
v 43.01731872558594 298.9298400878906 1702.921630859375
v 43.15146255493164 298.8306579589844 1703.0850830078125
v 43.106746673583984 298.8047180175781 1703.1258544921875
v 43.15146255493164 298.7801208496094 1703.166748046875
v 43.15146255493164 298.8053894042969 1703.1258544921875
v 43.10675048828125 298.93115234375 1702.921630859375
v 43.01731491088867 298.8792724609375 1703.0032958984375
v 43.10675048828125 298.8805847167969 1703.0032958984375
v 43.10674285888672 298.7541809082031 1703.2076416015625
v 43.151458740234375 298.7295837402344 1703.24853515625
v 43.017311096191406 298.6770935058594 1703.330322265625
v 43.10673904418945 298.6278991699219 1703.4122314453125
v 43.10674285888672 298.67840576171875 1703.330322265625
v 42.83843994140625 298.5230407714844 1703.5758056640625
v 43.01729965209961 298.42474365234375 1703.7396240234375
v 43.017303466796875 298.525634765625 1703.575927734375
v 42.48069381713867 298.21527099609375 1704.0673828125
v 42.83842086791992 298.0191650390625 1704.3955078125
v 42.83842849731445 298.22052001953125 1704.0673828125
v 41.76519775390625 297.60137939453125 1705.052490234375
v 42.48065948486328 297.21112060546875 1705.710693359375
v 42.480674743652344 297.61199951171875 1705.052490234375
v 43.15146255493164 298.78643798828125 1703.1566162109375
v 43.12910461425781 298.8050537109375 1703.1258544921875
v 43.106746673583984 298.7920837402344 1703.1463623046875
v 43.12910461425781 298.77978515625 1703.166748046875
v 43.12910461425781 298.79241943359375 1703.1463623046875
v 43.06203079223633 298.829345703125 1703.0850830078125
v 43.01731491088867 298.8034362792969 1703.1258544921875
v 43.06203079223633 298.77880859375 1703.166748046875
v 43.06203079223633 298.8040771484375 1703.1258544921875
v 42.92788314819336 298.827392578125 1703.0850830078125
v 42.83844757080078 298.7755432128906 1703.166748046875
v 42.927879333496094 298.726318359375 1703.24853515625
v 42.927879333496094 298.77685546875 1703.166748046875
v 42.659584045410156 298.8234558105469 1703.0849609375
v 42.480712890625 298.7197570800781 1703.24853515625
v 42.659576416015625 298.6213684082031 1703.412109375
v 42.65958023071289 298.7223815917969 1703.24853515625
v 42.122982025146484 298.8155517578125 1703.0849609375
v 41.76523208618164 298.60809326171875 1703.412109375
v 42.12296676635742 298.4115905761719 1703.7396240234375
v 42.12297439575195 298.6134338378906 1703.412109375
v 41.04975128173828 298.7994079589844 1703.0849609375
v 40.33423614501953 298.3844909667969 1703.739501953125
v 41.04972457885742 297.9925231933594 1704.3953857421875
v 41.049739837646484 298.39544677734375 1703.7396240234375
v 38.903236389160156 299.5769348144531 1701.779296875
v 37.472110748291016 298.7430114746094 1703.0848388671875
v 38.90317916870117 297.9591979980469 1704.3953857421875
v 38.9032096862793 298.76605224609375 1703.0848388671875
v 34.609771728515625 299.505859375 1701.7791748046875
v 31.747112274169922 297.83770751953125 1704.3951416015625
v 34.609657287597656 296.28692626953125 1707.0301513671875
v 34.60971450805664 297.8882141113281 1704.3951416015625
v 26.02130699157715 302.62921142578125 1696.60302734375
v 20.294137954711914 299.22723388671875 1701.7784423828125
v 26.021093368530273 296.1279602050781 1707.0299072265625
v 26.021196365356445 299.34637451171875 1701.7786865234375
v 8.836984634399414 308.99578857421875 1686.443115234375
v -2.6249780654907227 301.9268798828125 1696.5999755859375
v 8.836687088012695 295.74066162109375 1707.0291748046875
v 8.836800575256348 302.2391357421875 1696.6014404296875
v -25.56125259399414 307.9219055175781 1686.433837890625
v -48.513153076171875 293.76495361328125 1707.0186767578125
v -25.560392379760742 282.55230712890625 1728.5723876953125
v -25.561115264892578 294.6837463378906 1707.025146484375
v -94.34598541259766 304.60772705078125 1686.39208984375
v -139.83212280273438 276.2785949707031 1728.51611328125
v -94.34510040283203 279.29705810546875 1728.551513671875
v 43.15146255493164 298.7674865722656 1703.187255859375
v 43.151466369628906 298.8812255859375 1703.0032958984375
v 43.106746673583984 298.85528564453125 1703.044189453125
v 43.15146255493164 298.85595703125 1703.044189453125
v 43.140281677246094 298.7925720214844 1703.1463623046875
v 43.12910461425781 298.7861022949219 1703.1566162109375
v 43.140281677246094 298.7799377441406 1703.166748046875
v 43.140281677246094 298.7862548828125 1703.1566162109375
v 43.106746673583984 298.7668151855469 1703.187255859375
v 43.12910079956055 298.7545166015625 1703.2076416015625
v 43.12910461425781 298.76715087890625 1703.187255859375
v 43.017311096191406 298.7528991699219 1703.2076416015625
v 43.06202697753906 298.728271484375 1703.24853515625
v 43.06202697753906 298.7535400390625 1703.2076416015625
v 43.140281677246094 298.8052062988281 1703.1258544921875
v 43.12910461425781 298.7987365722656 1703.1361083984375
v 43.140281677246094 298.79888916015625 1703.1361083984375
v 43.12910461425781 298.830322265625 1703.0850830078125
v 43.106746673583984 298.8173828125 1703.10546875
v 43.12910461425781 298.81768798828125 1703.10546875
v 37.47273254394531 316.62841796875 1676.489501953125
v 31.747652053833008 312.98028564453125 1681.4473876953125
v 37.472618103027344 313.08087158203125 1681.4483642578125
v 40.33475112915039 313.12725830078125 1681.4488525390625
v 37.472557067871094 311.3323059082031 1683.9423828125
v 40.334632873535156 309.6465148925781 1686.447998046875
v 40.334693908691406 311.3785400390625 1683.9427490234375
v 41.7657356262207 313.14947509765625 1681.448974609375
v 40.334720611572266 312.2508239746094 1682.6944580078125
v 41.76567840576172 311.40069580078125 1683.9429931640625
v 41.76570510864258 312.2729797363281 1682.6947021484375
v 40.334861755371094 316.6750183105469 1676.489990234375
v 37.47267532348633 314.8462219238281 1678.9644775390625
v 40.33480453491211 314.8927307128906 1678.9649658203125
v 37.47294998168945 323.92730712890625 1666.6558837890625
v 31.74789810180664 320.1421203613281 1671.5601806640625
v 37.472843170166016 320.24365234375 1671.5616455078125
v 31.748456954956055 339.2486572265625 1647.1082763671875
v 20.29533576965332 331.1648254394531 1656.86474609375
v 31.748249053955078 331.4006042480469 1656.870849609375
v 20.296899795532227 372.6891174316406 1609.28125
v -2.621384859085083 354.8688049316406 1627.7999267578125
v 20.296342849731445 355.4453430175781 1627.83056640625
v -2.6152408123016357 439.677001953125 1547.98046875
v -48.50077438354492 403.32891845703125 1578.15625
v -2.6166164875030518 404.7266540527344 1578.212158203125
v 42.481204986572266 313.1603088378906 1681.4490966796875
v 41.76572036743164 312.710693359375 1682.071533203125
v 42.481178283691406 312.2838439941406 1682.6947021484375
v 42.48119354248047 312.7215576171875 1682.0716552734375
v 41.76578903198242 314.91497802734375 1678.9652099609375
v 40.33477783203125 314.0079040527344 1680.2056884765625
v 41.76576232910156 314.0301208496094 1680.2059326171875
v 42.48123550415039 314.0409851074219 1680.2060546875
v 41.7657470703125 313.5892639160156 1680.8271484375
v 42.48122024536133 313.6001281738281 1680.8272705078125
v 37.47314453125 331.5025634765625 1656.87353515625
v 31.74813461303711 327.57806396484375 1661.760498046875
v 37.473052978515625 327.6800842285156 1661.7626953125
v 40.335243225097656 331.5495910644531 1656.874755859375
v 37.47309875488281 329.5826110839844 1659.3179931640625
v 40.33515930175781 327.7270812988281 1661.763671875
v 40.335205078125 329.6296081542969 1659.319091796875
v 37.473304748535156 339.3499755859375 1647.11181640625
v 31.748355865478516 335.2917785644531 1651.984619140625
v 37.473228454589844 335.3935241699219 1651.9876708984375
v 31.748767852783203 355.6724548339844 1627.8427734375
v 20.29601287841797 347.11602783203125 1637.4031982421875
v 31.748632431030273 347.34735107421875 1637.4136962890625
v 41.76617431640625 329.6521301269531 1659.3197021484375
v 40.335182189941406 328.6761779785156 1660.5413818359375
v 41.76613235473633 327.7496032714844 1661.76416015625
v 41.76615524291992 328.6986999511719 1660.5418701171875
v 37.47300338745117 325.7950134277344 1664.208251953125
v 40.33506774902344 323.9742431640625 1666.6566162109375
v 40.335113525390625 325.84197998046875 1664.209228515625
v 41.766212463378906 331.57208251953125 1656.8753662109375
v 40.33522415161133 330.5874328613281 1658.096923828125
v 41.76619338989258 330.6099548339844 1658.097412109375
v 40.33531951904297 335.4404296875 1651.9891357421875
v 37.47318649291992 333.4396667480469 1654.4298095703125
v 40.33528137207031 333.48663330078125 1654.43115234375
v 31.748872756958008 372.9052429199219 1609.294677734375
v 20.29664421081543 363.97784423828125 1618.43798828125
v 31.748849868774414 364.1997985839844 1618.4512939453125
v 20.297210693359375 405.2167663574219 1578.2327880859375
v -2.6179635524749756 388.1500244140625 1593.4840087890625
v 20.297197341918945 388.6702575683594 1593.5123291015625
v 37.47344207763672 372.9987487792969 1609.3004150390625
v 31.748870849609375 368.5317077636719 1613.84033203125
v 37.47349548339844 364.2957763671875 1618.45703125
v 37.47347640991211 368.62646484375 1613.84619140625
v 31.748733520507812 388.8751220703125 1593.5235595703125
v 20.29707908630371 380.6116943359375 1601.314697265625
v 31.74883460998535 380.8222961425781 1601.3272705078125
v 40.3354606628418 368.670166015625 1613.848876953125
v 37.473487854003906 366.45574951171875 1616.143798828125
v 40.33549118041992 364.34002685546875 1618.459716796875
v 40.33547592163086 366.4997253417969 1616.146484375
v 31.748815536499023 359.912353515625 1623.12109375
v 37.47348403930664 355.77069091796875 1627.8480224609375
v 37.4734992980957 360.009521484375 1623.126708984375
v 40.33540725708008 373.0418395996094 1609.3031005859375
v 37.47346115112305 370.80755615234375 1611.56494140625
v 40.33543395996094 370.8509521484375 1611.567626953125
v 37.473331451416016 380.91339111328125 1601.332763671875
v 31.74886131286621 376.8471374511719 1605.2879638671875
v 37.473392486572266 376.939453125 1605.2935791015625
v 41.76634979248047 370.8717346191406 1611.5689697265625
v 40.33544921875 369.75927734375 1612.7061767578125
v 41.76637268066406 368.6910705566406 1613.8502197265625
v 41.766361236572266 369.7801208496094 1612.7073974609375
v 42.48178482055664 370.88189697265625 1611.569580078125
v 41.766353607177734 370.32562255859375 1612.1376953125
v 42.4818000793457 369.7903137207031 1612.7081298828125
v 42.48179244995117 370.3357849121094 1612.1383056640625
v 41.766319274902344 373.0624694824219 1609.304443359375
v 40.33542251586914 371.94512939453125 1610.433349609375
v 41.766334533691406 371.9658203125 1610.4345703125
v 40.335350036621094 376.98199462890625 1605.2962646484375
v 37.473419189453125 374.9649963378906 1607.2908935546875
v 40.33538055419922 375.0078125 1607.2935791015625
v 42.839500427246094 370.88690185546875 1611.56982421875
v 42.481788635253906 370.6087646484375 1611.853759765625
v 42.839508056640625 370.3408203125 1612.1385498046875
v 42.83950424194336 370.61376953125 1611.8541259765625
v 42.48176956176758 371.9759521484375 1610.4351806640625
v 41.76634216308594 371.41845703125 1611.001220703125
v 42.48177719116211 371.4285888671875 1611.0018310546875
v 43.01836013793945 370.61627197265625 1611.854248046875
v 42.839508056640625 370.477294921875 1611.996337890625
v 43.01836395263672 370.34332275390625 1612.1387939453125
v 43.01836395263672 370.47979736328125 1611.9964599609375
v 42.48179626464844 370.06298828125 1612.423095703125
v 42.839515686035156 369.7953796386719 1612.7083740234375
v 42.83951187133789 370.0680236816406 1612.42333984375
v 41.7663688659668 369.23529052734375 1613.2783203125
v 42.481815338134766 368.7013244628906 1613.850830078125
v 42.481807708740234 369.2455139160156 1613.2789306640625
v 40.33546829223633 367.5836181640625 1614.9957275390625
v 41.766395568847656 366.5207824707031 1616.1478271484375
v 41.766387939453125 367.6046142578125 1614.9969482421875
v 43.107791900634766 370.48101806640625 1611.99658203125
v 43.01836395263672 370.41156005859375 1612.067626953125
v 43.107791900634766 370.3445739746094 1612.1387939453125
v 43.107791900634766 370.41278076171875 1612.067626953125
v 42.83951187133789 370.20440673828125 1612.2808837890625
v 43.018367767333984 370.0705261230469 1612.4234619140625
v 43.018367767333984 370.2069091796875 1612.2811279296875
v 43.152503967285156 370.4816589355469 1611.99658203125
v 43.107791900634766 370.4468994140625 1612.0321044921875
v 43.152503967285156 370.4134216308594 1612.0677490234375
v 43.152503967285156 370.4475402832031 1612.0321044921875
v 43.1077880859375 370.6175231933594 1611.8543701171875
v 43.01836395263672 370.54803466796875 1611.92529296875
v 43.107791900634766 370.5492858886719 1611.9254150390625
v 43.01835632324219 370.889404296875 1611.570068359375
v 42.83950424194336 370.7503356933594 1611.7119140625
v 43.01836013793945 370.7528076171875 1611.7120361328125
v 42.83949279785156 371.4336242675781 1611.002197265625
v 42.481781005859375 371.1551513671875 1611.2855224609375
v 42.83949661254883 371.1601867675781 1611.285888671875
v 43.107791900634766 370.51513671875 1611.9609375
v 43.152503967285156 370.5157775878906 1611.9610595703125
v 43.152503967285156 370.49871826171875 1611.978759765625
v 43.130149841308594 370.4813537597656 1611.99658203125
v 43.107791900634766 370.4639587402344 1612.0142822265625
v 43.130149841308594 370.4472351074219 1612.0321044921875
v 43.130149841308594 370.46429443359375 1612.0142822265625
v 43.06307601928711 370.48040771484375 1611.9964599609375
v 43.01836395263672 370.4456787109375 1612.031982421875
v 43.063079833984375 370.41217041015625 1612.067626953125
v 43.06307601928711 370.4462890625 1612.0321044921875
v 42.92893600463867 370.4785461425781 1611.996337890625
v 42.839508056640625 370.4090576171875 1612.0673828125
v 42.92893600463867 370.3420715332031 1612.138671875
v 42.92893600463867 370.4103088378906 1612.0675048828125
v 42.660648345947266 370.61126708984375 1611.8538818359375
v 42.48179244995117 370.4722595214844 1611.9959716796875
v 42.66065216064453 370.33831787109375 1612.138427734375
v 42.660648345947266 370.4747619628906 1611.99609375
v 42.12406921386719 370.8768310546875 1611.5692138671875
v 41.766353607177734 370.5986022949219 1611.8531494140625
v 42.12407684326172 370.3307189941406 1612.137939453125
v 42.12407302856445 370.60369873046875 1611.853515625
v 41.050899505615234 370.8614196777344 1611.5682373046875
v 40.33544158935547 370.3048095703125 1612.1363525390625
v 41.05091094970703 369.769775390625 1612.706787109375
v 41.0509033203125 370.3152770996094 1612.136962890625
v 38.90447235107422 370.8295593261719 1611.5662841796875
v 37.47346878051758 369.7157287597656 1612.7034912109375
v 38.90449523925781 368.64862060546875 1613.8475341796875
v 38.904483795166016 369.7378234863281 1612.704833984375
v 34.61126708984375 372.9532165527344 1609.297607421875
v 31.74887466430664 370.7134094238281 1611.55908203125
v 34.61128616333008 368.580322265625 1613.8433837890625
v 34.61127853393555 370.76171875 1611.5621337890625
v 26.023386001586914 372.8020324707031 1609.2882080078125
v 20.296777725219727 368.3126220703125 1613.8267822265625
v 26.02326011657715 364.09381103515625 1618.4449462890625
v 26.023330688476562 368.4270935058594 1613.8338623046875
v 8.840810775756836 372.4341125488281 1609.2655029296875
v -2.6204757690429688 363.4143981933594 1618.404541015625
v 8.839642524719238 355.17742919921875 1627.816162109375
v 8.840234756469727 363.71600341796875 1618.42236328125
v -25.553659439086914 371.43695068359375 1609.205810546875
v -48.50868606567383 353.2296142578125 1627.719482421875
v -25.558990478515625 337.65594482421875 1647.0540771484375
v -25.55655288696289 354.1298828125 1627.762451171875
v -94.34236145019531 368.4170227050781 1609.0455322265625
v -139.83511352539062 331.3822326660156 1646.8980712890625
v -94.34477233886719 334.36962890625 1646.9620361328125
v 31.748310089111328 405.40972900390625 1578.240966796875
v 20.297245025634766 396.87017822265625 1585.8323974609375
v 31.748559951782227 397.069091796875 1585.842041015625
v 20.29612159729004 440.1063232421875 1547.9990234375
v -2.615692615509033 421.9100646972656 1563.0948486328125
v 20.296850204467773 422.3699035644531 1563.1119384765625
v -2.6153886318206787 514.04833984375 1489.4915771484375
v -48.49645233154297 475.5096435546875 1518.1600341796875
v -2.615212917327881 476.5205383300781 1518.1749267578125
v -48.49132537841797 647.5188598632812 1386.8472900390625
v -139.80023193359375 580.0594482421875 1438.697509765625
v -48.493263244628906 580.9631958007812 1438.4599609375
v 37.472923278808594 397.1551513671875 1585.84619140625
v 31.748655319213867 392.9541015625 1589.670166015625
v 37.47315979003906 388.9637145996094 1593.5284423828125
v 37.47304916381836 393.04144287109375 1589.6746826171875
v 40.33495330810547 393.0816955566406 1589.6767578125
v 37.473106384277344 390.99810791015625 1591.5980224609375
v 40.33507537841797 389.0045471191406 1593.53076171875
v 40.335018157958984 391.0386657714844 1591.6002197265625
v 31.74879264831543 384.8313903808594 1597.4075927734375
v 37.4732551574707 384.9212646484375 1597.4127197265625
v 41.765838623046875 393.1009826660156 1589.677734375
v 40.33498764038086 392.0590515136719 1590.6376953125
v 41.76590347290039 391.0580749511719 1591.601318359375
v 41.765872955322266 392.0783996582031 1590.638671875
v 40.334815979003906 397.1947937011719 1585.84814453125
v 37.47298812866211 395.09375 1587.757568359375
v 40.33488845825195 395.13372802734375 1587.759521484375
v 37.47261047363281 405.4931640625 1578.2445068359375
v 31.748445510864258 401.2207336425781 1582.0340576171875
v 37.4727783203125 401.30548095703125 1582.037841796875
v 31.747554779052734 422.5509948730469 1563.1187744140625
v 20.297082901000977 413.71539306640625 1570.671875
v 31.74797821044922 413.9023742675781 1570.6790771484375
v 42.48126220703125 393.11041259765625 1589.67822265625
v 41.76585388183594 392.58941650390625 1590.157958984375
v 42.48129653930664 392.0878601074219 1590.63916015625
v 42.48128128051758 392.5988464355469 1590.158447265625
v 41.765769958496094 395.1528625488281 1587.760498046875
v 40.334922790527344 394.1065673828125 1588.7174072265625
v 41.765804290771484 394.12579345703125 1588.7183837890625
v 42.83897018432617 393.11505126953125 1589.678466796875
v 42.48126983642578 392.85455322265625 1589.9183349609375
v 42.8389892578125 392.603515625 1590.15869140625
v 42.83898162841797 392.8592224121094 1589.9185791015625
v 42.48122787475586 394.1351623535156 1588.7188720703125
v 41.76581954956055 393.61309814453125 1589.1978759765625
v 42.48124694824219 393.62249755859375 1589.1983642578125
v 37.47175216674805 422.6293029785156 1563.121826171875
v 31.747777938842773 418.2073669433594 1566.89990234375
v 37.47222137451172 413.9832458496094 1570.68212890625
v 37.47199630737305 418.2869567871094 1566.9029541015625
v 31.74648666381836 440.2755126953125 1548.006591796875
v 20.296524047851562 431.1717529296875 1555.5498046875
v 31.747053146362305 431.3469543457031 1555.556884765625
v 20.29408836364746 476.87847900390625 1518.1845703125
v -2.615129232406616 457.9189147949219 1532.9681396484375
v 20.29515266418457 458.3150634765625 1532.986572265625
v 40.33384323120117 418.3236389160156 1566.904296875
v 37.472110748291016 416.1301574707031 1568.7928466796875
v 40.334075927734375 414.0205383300781 1570.68359375
v 40.33396530151367 416.1671447753906 1568.7943115234375
v 31.74815559387207 409.6366882324219 1574.457763671875
v 37.47242736816406 409.7188415527344 1574.4610595703125
v 40.333595275878906 422.6654052734375 1563.1231689453125
v 37.47187805175781 420.4533996582031 1565.0125732421875
v 40.33372116088867 420.48980712890625 1565.013916015625
v 37.47121047973633 431.4227294921875 1555.56005859375
v 31.747312545776367 426.93145751953125 1559.3372802734375
v 37.47148895263672 427.0085144042969 1559.34033203125
v 31.745227813720703 458.4713134765625 1532.9942626953125
v 20.295658111572266 449.1589660644531 1540.473388671875
v 31.745872497558594 449.3218688964844 1540.481201171875
v 31.743906021118164 477.0196838378906 1518.188720703125
v 20.29462432861328 467.5599365234375 1525.552490234375
v 31.744565963745117 467.708984375 1525.55908203125
v 20.292221069335938 514.3140258789062 1489.458251953125
v -2.6153476238250732 495.31658935546875 1503.6798095703125
v 20.29306411743164 495.6304016113281 1503.6697998046875
v -2.6132397651672363 581.202880859375 1438.3048095703125
v -48.49486541748047 547.6309814453125 1463.8372802734375
v -2.614752769470215 548.1426391601562 1463.6939697265625
v 37.46793746948242 477.0807189941406 1518.1904296875
v 31.74423599243164 472.3562927246094 1521.864990234375
v 37.4686164855957 467.7734375 1525.5618896484375
v 37.4682731628418 472.4190979003906 1521.867431640625
v 31.74265480041504 495.7539978027344 1503.6658935546875
v 20.293561935424805 486.246337890625 1510.8897705078125
v 31.743263244628906 486.37896728515625 1510.890380859375
v 40.33009338378906 472.4480285644531 1521.8685302734375
v 37.46844482421875 470.0940856933594 1523.7125244140625
v 40.3304328918457 467.80316162109375 1525.563232421875
v 40.330265045166016 470.1234436035156 1523.7137451171875
v 31.744897842407227 463.08001708984375 1529.2694091796875
v 37.469295501708984 458.53887939453125 1532.99755859375
v 37.468955993652344 463.1460876464844 1529.2724609375
v 41.76095962524414 472.4619140625 1521.8690185546875
v 40.33018112182617 471.28521728515625 1522.7906494140625
v 41.76112747192383 470.1374816894531 1523.71435546875
v 41.761043548583984 471.2991638183594 1522.7911376953125
v 40.32975769042969 477.10888671875 1518.1912841796875
v 37.46810531616211 474.7481384277344 1520.0267333984375
v 40.329925537109375 474.77667236328125 1520.0277099609375
v 37.46727752685547 486.43634033203125 1510.890625
v 31.743581771850586 481.6952819824219 1514.5303955078125
v 37.46760559082031 481.7545166015625 1514.531494140625
v 42.47637939453125 472.46868896484375 1521.8692626953125
v 41.76100158691406 471.8804016113281 1522.3299560546875
v 42.476463317871094 471.3059997558594 1522.7913818359375
v 42.47642135620117 471.88720703125 1522.3302001953125
v 41.76078796386719 474.7903747558594 1520.0281982421875
v 40.33000946044922 473.61187744140625 1520.947509765625
v 41.76087188720703 473.62567138671875 1520.947998046875
v 42.83408737182617 472.4720458984375 1521.869384765625
v 42.47639846801758 472.17791748046875 1522.0997314453125
v 42.834129333496094 471.89056396484375 1522.330322265625
v 42.8341064453125 472.1812744140625 1522.099853515625
v 42.476295471191406 473.63238525390625 1520.9482421875
v 41.76091384887695 473.0436706542969 1521.408447265625
v 42.47633743286133 473.0504150390625 1521.40869140625
v 43.012939453125 472.47369384765625 1521.8695068359375
v 42.8340950012207 472.32666015625 1521.984619140625
v 43.01295852661133 472.1829528808594 1522.0999755859375
v 43.0129508972168 472.32830810546875 1521.9847412109375
v 42.83404541015625 473.0537414550781 1521.4088134765625
v 42.476356506347656 472.759521484375 1521.638916015625
v 42.83406448364258 472.76287841796875 1521.6390380859375
v 43.10237503051758 472.3291320800781 1521.9847412109375
v 43.01295471191406 472.255615234375 1522.0423583984375
v 43.102386474609375 472.18377685546875 1522.0999755859375
v 43.102378845214844 472.2564697265625 1522.0423583984375
v 42.8341178894043 472.0359191894531 1522.215087890625
v 43.01298141479492 471.8922424316406 1522.3304443359375
v 43.012969970703125 472.03759765625 1522.2152099609375
v 42.4764404296875 471.5965576171875 1522.560791015625
v 42.834171295166016 471.3093566894531 1522.79150390625
v 42.83414840698242 471.5999450683594 1522.5609130859375
v 41.761085510253906 470.71820068359375 1523.2525634765625
v 42.47654724121094 470.14434814453125 1523.714599609375
v 42.476505279541016 470.72503662109375 1523.2529296875
v 40.33034896850586 468.9627380371094 1524.637939453125
v 41.761295318603516 467.8173828125 1525.5638427734375
v 41.76121139526367 468.97686767578125 1524.6385498046875
v 37.46878433227539 465.4573669433594 1527.415283203125
v 40.33077621459961 463.1765441894531 1529.27392578125
v 40.330604553222656 465.4874572753906 1527.4166259765625
v 43.10238265991211 472.2201232910156 1522.0711669921875
v 43.01296615600586 472.1102600097656 1522.1575927734375
v 43.10239791870117 472.0384216308594 1522.2152099609375
v 43.10239028930664 472.111083984375 1522.1575927734375
v 43.10239028930664 472.1474304199219 1522.1287841796875
v 43.1471061706543 472.11151123046875 1522.1575927734375
v 43.14710235595703 472.1478576660156 1522.1287841796875
v 40.329097747802734 486.4627990722656 1510.8907470703125
v 37.46744155883789 484.0946960449219 1512.708740234375
v 40.32942581176758 481.7818298339844 1514.531982421875
v 40.329261779785156 484.12158203125 1512.708984375
v 37.466651916503906 495.80743408203125 1503.6641845703125
v 31.74295425415039 491.06658935546875 1507.268798828125
v 37.46696090698242 491.12200927734375 1507.26806640625
v 31.741600036621094 514.4183349609375 1489.44482421875
v 20.29261016845703 504.9974060058594 1496.5255126953125
v 31.742094039916992 505.11151123046875 1496.516845703125
v 20.291580200195312 548.314453125 1463.6339111328125
v -2.61521315574646 531.3068237304688 1476.473388671875
v 20.29172134399414 531.525634765625 1476.4224853515625
v 41.75996780395508 486.4754638671875 1510.8907470703125
v 40.32918167114258 485.2920227050781 1511.79931640625
v 41.760128021240234 484.13446044921875 1512.709228515625
v 41.760047912597656 485.3048095703125 1511.7994384765625
v 40.32878112792969 491.1475830078125 1507.267822265625
v 37.46711730957031 488.7789611816406 1509.0770263671875
v 40.328941345214844 488.8049621582031 1509.076904296875
v 42.47539138793945 486.4816589355469 1510.8907470703125
v 41.760005950927734 485.8901062011719 1511.344970703125
v 42.47547149658203 485.31103515625 1511.7994384765625
v 42.47542953491211 485.89630126953125 1511.344970703125
v 41.75980758666992 488.8174133300781 1509.076904296875
v 40.329017639160156 487.6337890625 1509.9832763671875
v 41.7598876953125 487.6463317871094 1509.9832763671875
v 42.475311279296875 487.6524963378906 1509.9832763671875
v 41.759925842285156 487.0608825683594 1510.4368896484375
v 42.47534942626953 487.0670471191406 1510.4368896484375
v 37.4660758972168 505.1608581542969 1496.5130615234375
v 31.742366790771484 500.43701171875 1500.0819091796875
v 37.46635818481445 500.4884338378906 1500.0791015625
v 40.328182220458984 500.5121154785156 1500.077880859375
v 37.46650314331055 498.14874267578125 1501.8692626953125
v 40.32847595214844 495.8320617675781 1503.6634521484375
v 40.32832717895508 498.17291259765625 1501.8682861328125
v 41.75905227661133 500.5234680175781 1500.0772705078125
v 40.32825469970703 499.3427429199219 1500.9725341796875
v 41.75919723510742 498.1844787597656 1501.8677978515625
v 41.759124755859375 499.3542175292969 1500.971923828125
v 40.32789993286133 505.18359375 1496.5113525390625
v 37.46621322631836 502.8259582519531 1498.293701171875
v 40.32803726196289 502.84918212890625 1498.292236328125
v 37.4655647277832 514.4634399414062 1489.4390869140625
v 31.741838455200195 509.7733154296875 1492.97119140625
v 37.46581268310547 509.820556640625 1492.96630859375
v 31.74090576171875 531.6112670898438 1476.40185546875
v 20.291927337646484 522.9703369140625 1482.9056396484375
v 31.7412109375 523.0653076171875 1482.88818359375
v 41.7589111328125 502.86029052734375 1498.29150390625
v 40.32810974121094 501.6809387207031 1499.1844482421875
v 41.75897979736328 501.69219970703125 1499.183837890625
v 42.47440719604492 501.69769287109375 1499.1834716796875
v 41.75901794433594 501.10791015625 1499.63037109375
v 42.47447967529297 500.5290222167969 1500.0770263671875
v 42.47444152832031 501.1134338378906 1499.630126953125
v 42.8321533203125 501.11614990234375 1499.6300048828125
v 42.47446060180664 500.82122802734375 1499.853515625
v 42.83218765258789 500.5317687988281 1500.076904296875
v 42.83217239379883 500.823974609375 1499.8533935546875
v 41.75908660888672 499.93890380859375 1500.5245361328125
v 42.47454833984375 499.35980224609375 1500.9716796875
v 42.47451400756836 499.9444885253906 1500.524169921875
v 42.83211898803711 501.7004089355469 1499.183349609375
v 42.47442626953125 501.40557861328125 1499.40673828125
v 42.83213424682617 501.4082946777344 1499.4066162109375
v 42.474334716796875 502.8657531738281 1498.2911376953125
v 41.75894546508789 502.2763366699219 1498.737548828125
v 42.47437286376953 502.28179931640625 1498.7371826171875
v 41.75877380371094 505.1944885253906 1496.510498046875
v 40.32796859741211 504.0167541503906 1497.4012451171875
v 41.75884246826172 504.02777099609375 1497.400390625
v 40.327632904052734 509.84234619140625 1492.964111328125
v 37.4659423828125 507.4925537109375 1494.7373046875
v 40.32776641845703 507.5148010253906 1494.7353515625
v 40.327388763427734 514.4841918945312 1489.4364013671875
v 37.4656867980957 512.1443481445312 1491.2003173828125
v 40.32750701904297 512.1656494140625 1491.1978759765625
v 37.46515655517578 523.1063842773438 1482.880615234375
v 31.741395950317383 518.7527465820312 1486.1578369140625
v 37.46535110473633 518.7958374023438 1486.151123046875
v 41.758262634277344 514.494140625 1489.43505859375
v 40.32744598388672 513.3255615234375 1490.3165283203125
v 41.75838088989258 512.1758422851562 1491.1966552734375
v 41.75831985473633 513.3356323242188 1490.3153076171875
v 40.327171325683594 518.815673828125 1486.1480712890625
v 37.4654541015625 516.6321411132812 1487.79296875
v 40.32727813720703 516.6524658203125 1487.7900390625
v 41.75815200805664 516.6622314453125 1487.7886962890625
v 40.32733154296875 515.5689697265625 1488.6126708984375
v 41.75820541381836 515.5787963867188 1488.611328125
v 42.4736328125 515.5836181640625 1488.6107177734375
v 41.75823211669922 515.03662109375 1489.0230712890625
v 42.473690032958984 514.4990234375 1489.4344482421875
v 42.47365951538086 515.0414428710938 1489.0224609375
v 42.83134460449219 515.5859985351562 1488.6103515625
v 42.47364807128906 515.3125610351562 1488.8165283203125
v 42.83137130737305 515.0438842773438 1489.0220947265625
v 42.83135986328125 515.31494140625 1488.816162109375
v 42.47357940673828 516.6669921875 1487.7879638671875
v 41.7581787109375 516.1206665039062 1488.1998291015625
v 42.47360610961914 516.1254272460938 1488.19921875
v 41.7580451965332 518.8251953125 1486.1466064453125
v 40.32722473144531 517.7347412109375 1486.968505859375
v 41.75809860229492 517.744384765625 1486.967041015625
v 40.32697677612305 523.1253051757812 1482.877197265625
v 37.46525192260742 520.9540405273438 1484.513671875
v 40.32707214355469 520.9734497070312 1484.5103759765625
v 37.4648323059082 531.6483154296875 1476.3929443359375
v 31.741046905517578 527.3526000976562 1479.6361083984375
v 37.46498107910156 527.3916625976562 1479.6278076171875
v 31.74057388305664 548.3814697265625 1463.609619140625
v 20.291606903076172 539.9668579101562 1470.00439453125
v 31.74069595336914 540.0431518554688 1469.9815673828125
v 20.29219627380371 581.2794799804688 1438.240234375
v -2.6140668392181396 564.7064819335938 1451.0213623046875
v 20.291759490966797 564.8310546875 1450.958251953125
v -2.610219955444336 647.1942138671875 1386.6256103515625
v -48.491825103759766 614.5713500976562 1412.5384521484375
v -2.6115026473999023 614.5289916992188 1412.3548583984375
v -48.49980163574219 753.9953002929688 1301.4195556640625
v -139.80511474609375 703.3407592773438 1344.9881591796875
v -48.49397659301758 700.923583984375 1344.5015869140625
v 42.83131790161133 516.1278076171875 1488.1988525390625
v 42.4736213684082 515.8545532226562 1488.4049072265625
v 42.83133316040039 515.85693359375 1488.404541015625
v 40.32664489746094 531.6654052734375 1476.3887939453125
v 37.46490478515625 529.5237426757812 1478.0081787109375
v 40.32680130004883 527.40966796875 1479.6240234375
v 40.32672119140625 529.5413208007812 1478.004150390625
v 37.464595794677734 540.0761108398438 1469.9715576171875
v 31.74078941345215 535.8405151367188 1473.1844482421875
v 37.46470260620117 535.87548828125 1473.1749267578125
v 31.740570068359375 564.87939453125 1450.9324951171875
v 20.29163360595703 556.593994140625 1457.2916259765625
v 31.74053382873535 556.6517333984375 1457.2664794921875
v 37.464378356933594 556.6766357421875 1457.2554931640625
v 31.740543365478516 552.5234985351562 1460.4356689453125
v 37.464447021484375 548.410400390625 1463.5989990234375
v 37.46440124511719 552.5504760742188 1460.4249267578125
v 37.464385986328125 564.9002685546875 1450.92138671875
v 31.740543365478516 560.769287109375 1454.099609375
v 37.46437072753906 560.7921752929688 1454.0885009765625
v 31.740846633911133 581.3089599609375 1438.214111328125
v 20.291948318481445 573.051025390625 1444.6141357421875
v 31.740676879882812 573.0899658203125 1444.5882568359375
v 20.293601989746094 614.5068969726562 1412.2803955078125
v -2.6123569011688232 597.8238525390625 1425.4029541015625
v 20.292831420898438 597.8515014648438 1425.3348388671875
v 40.32615661621094 560.802734375 1454.08349609375
v 37.46437072753906 558.7355346679688 1455.671875
v 40.326168060302734 556.6881103515625 1457.25048828125
v 40.3261604309082 558.74658203125 1455.6668701171875
v 41.757015228271484 560.8078002929688 1454.0810546875
v 40.32615661621094 559.77490234375 1454.8751220703125
v 41.757022857666016 558.7518310546875 1455.6644287109375
v 41.75701904296875 559.7800903320312 1454.8726806640625
v 40.3261604309082 564.909912109375 1450.916259765625
v 37.46437454223633 562.8469848632812 1452.505126953125
v 40.32615661621094 562.8570556640625 1452.5
v 37.46445846557617 573.1068115234375 1444.5770263671875
v 31.740615844726562 568.9852294921875 1447.762939453125
v 37.464412689208984 569.0040893554688 1447.751708984375
v 42.472442626953125 559.7825927734375 1454.8714599609375
v 41.75701904296875 559.2660522460938 1455.2685546875
v 42.47244644165039 558.7544555664062 1455.6632080078125
v 42.472442626953125 559.2686157226562 1455.267333984375
v 40.32616424560547 557.7176513671875 1456.4586181640625
v 41.75703048706055 556.6936645507812 1457.248046875
v 41.75702667236328 557.7230834960938 1456.4561767578125
v 37.464385986328125 554.6150512695312 1458.8397216796875
v 40.32619857788086 552.5628662109375 1460.419921875
v 40.32617950439453 554.6270141601562 1458.834716796875
v 40.32622528076172 573.1145629882812 1444.5718994140625
v 37.46443557739258 571.0553588867188 1446.1651611328125
v 40.3261833190918 569.0127563476562 1447.74658203125
v 40.326202392578125 571.0635986328125 1446.1600341796875
v 37.464599609375 581.3217163085938 1438.2027587890625
v 31.740755081176758 577.1968383789062 1441.4061279296875
v 37.46452331542969 577.2116088867188 1441.3948974609375
v 31.74135398864746 597.8617553710938 1425.307373046875
v 20.29249382019043 589.5419311523438 1431.8170166015625
v 31.74107551574707 589.5618286132812 1431.790283203125
v 41.757076263427734 573.1182861328125 1444.5693359375
v 40.32621383666992 572.0890502929688 1445.3660888671875
v 41.757057189941406 571.0675659179688 1446.1575927734375
v 41.75706481933594 572.0928955078125 1445.3636474609375
v 40.32627868652344 577.2184448242188 1441.3896484375
v 37.4644889831543 575.1587524414062 1442.987060546875
v 40.32624816894531 575.166015625 1442.9818115234375
v 41.75709915161133 575.1694946289062 1442.9793701171875
v 40.326236724853516 574.1401977539062 1443.777099609375
v 41.75708770751953 574.143798828125 1443.774658203125
v 42.47250747680664 574.1455688476562 1443.7734375
v 41.757083892822266 573.6310424804688 1444.172119140625
v 42.472496032714844 573.1200561523438 1444.568115234375
v 42.47249984741211 573.6328125 1444.1708984375
v 42.47251892089844 575.1712036132812 1442.9781494140625
v 41.75709533691406 574.6566162109375 1443.3770751953125
v 42.472511291503906 574.6583862304688 1443.3758544921875
v 41.75712966918945 577.2216796875 1441.38720703125
v 40.326263427734375 576.1920776367188 1442.18603515625
v 41.75711441040039 576.1954345703125 1442.18359375
v 40.326351165771484 581.3275756835938 1438.197509765625
v 37.46455764770508 579.2658081054688 1439.8001708984375
v 40.32631301879883 579.2721557617188 1439.794921875
v 37.46479797363281 589.5704345703125 1431.77880859375
v 31.740955352783203 585.4295654296875 1435.0096435546875
v 37.464691162109375 585.4402465820312 1434.9981689453125
v 37.465049743652344 597.8661499023438 1425.29541015625
v 31.741209030151367 593.7069702148438 1428.5552978515625
v 37.46491622924805 593.7135009765625 1428.5435791015625
v 31.742042541503906 614.49755859375 1412.2503662109375
v 20.293203353881836 606.1837768554688 1418.8140869140625
v 31.74167823791504 606.1842651367188 1418.7852783203125
v 20.295299530029297 647.0729370117188 1386.5374755859375
v -2.610762119293213 631.0706787109375 1399.360595703125
v 20.294445037841797 630.998779296875 1399.27880859375
v -2.610363483428955 700.1275024414062 1344.2724609375
v -48.492130279541016 674.5774536132812 1365.513916015625
v -2.6099109649658203 674.0138549804688 1365.279052734375
v 37.46534729003906 606.1844482421875 1418.77294921875
v 31.741512298583984 602.0221557617188 1422.049560546875
v 37.46519088745117 602.0244750976562 1422.0374755859375
v 40.326908111572266 602.0255126953125 1422.0318603515625
v 37.465118408203125 599.94482421875 1423.66748046875
v 40.3267707824707 597.8681640625 1425.2899169921875
v 40.32683563232422 599.9464111328125 1423.661865234375
v 40.32705307006836 606.1845092773438 1418.7672119140625
v 37.465267181396484 604.1044921875 1420.40576171875
v 40.32698059082031 604.1050415039062 1420.400146484375
v 37.4656867980957 614.4934692382812 1412.2373046875
v 31.74185562133789 610.3440551757812 1415.517822265625
v 37.465511322021484 610.3421020507812 1415.505126953125
v 31.74285888671875 630.9697265625 1399.245849609375
v 20.294017791748047 622.7891845703125 1405.760009765625
v 31.7424373626709 622.7699584960938 1405.728515625
v 41.75780487060547 604.1052856445312 1420.3973388671875
v 40.326942443847656 603.0652465820312 1421.2161865234375
v 41.75773620605469 602.0260009765625 1422.0291748046875
v 41.75777053833008 603.0656127929688 1421.21337890625
v 41.75788116455078 606.1845092773438 1418.764404296875
v 40.3270149230957 605.144775390625 1419.583740234375
v 41.757843017578125 605.1449584960938 1419.5810546875
v 40.327213287353516 610.3411865234375 1415.499267578125
v 37.46542739868164 608.2637939453125 1417.13916015625
v 40.32713317871094 608.2633666992188 1417.1334228515625
v 37.466060638427734 622.7616577148438 1405.71484375
v 31.74223518371582 618.640869140625 1408.9862060546875
v 37.46586990356445 618.6346435546875 1408.972900390625
v 40.32755661010742 618.6317749023438 1408.9666748046875
v 37.46577453613281 616.5656127929688 1410.6044921875
v 40.3273811340332 614.4915771484375 1412.2313232421875
v 40.32746887207031 616.563232421875 1410.598388671875
v 41.75837326049805 618.6304321289062 1408.9637451171875
v 40.327510833740234 617.597900390625 1409.7823486328125
v 41.75828552246094 616.5620727539062 1410.595458984375
v 41.75832748413086 617.5966796875 1409.7794189453125
v 40.32774353027344 622.7578125 1405.7086181640625
v 37.46596145629883 620.7001953125 1407.3428955078125
v 40.3276481628418 620.6968383789062 1407.336669921875
v 37.46646499633789 630.9571533203125 1399.2315673828125
v 31.742645263671875 626.8809204101562 1402.4805908203125
v 37.46625900268555 626.8704833984375 1402.4666748046875
v 31.743757247924805 647.0244750976562 1386.5020751953125
v 20.29487419128418 639.1039428710938 1392.8626708984375
v 31.743301391601562 639.065185546875 1392.8282470703125
v 20.29668617248535 673.808837890625 1365.1865234375
v -2.609963893890381 660.7762451171875 1375.8426513671875
v 20.2960147857666 660.6126708984375 1375.751220703125
v 42.47377395629883 618.6297607421875 1408.9622802734375
v 41.75835037231445 618.1136474609375 1409.37158203125
v 42.47372817993164 617.5960693359375 1409.778076171875
v 42.473751068115234 618.1129760742188 1409.3701171875
v 41.758460998535156 620.6951904296875 1407.3336181640625
v 40.32760238647461 619.664794921875 1408.1514892578125
v 41.75841522216797 619.6632690429688 1408.1484375
v 37.46734619140625 647.0034790039062 1386.4866943359375
v 31.743526458740234 643.0637817382812 1389.652099609375
v 37.466896057128906 639.04833984375 1392.8134765625
v 37.46712112426758 643.0448608398438 1389.636962890625
v 31.744569778442383 660.5475463867188 1375.7144775390625
v 20.29566192626953 653.896240234375 1381.1082763671875
v 31.744159698486328 653.8394165039062 1381.072021484375
v 37.467750549316406 653.8147583007812 1381.056396484375
v 31.74395751953125 650.4465942382812 1383.7769775390625
v 37.46754837036133 650.4237670898438 1383.7613525390625
v 37.468162536621094 660.5193481445312 1375.6986083984375
v 31.74436378479004 657.2055053710938 1378.38525390625
v 37.46795654296875 657.1790771484375 1378.369384765625
v 31.74539566040039 673.7274169921875 1365.149169921875
v 20.296356201171875 667.2432250976562 1370.4495849609375
v 31.74498176574707 667.169921875 1370.4124755859375
v 20.297887802124023 699.8416137695312 1344.1826171875
v -2.610048294067383 687.0750122070312 1354.800537109375
v 20.297311782836914 686.8292236328125 1354.70849609375
v -2.613149404525757 752.7561645507812 1301.2288818359375
v -48.496620178222656 727.612060546875 1322.969970703125
v -2.611476421356201 726.5888671875 1322.7586669921875
v -48.516910552978516 853.1879272460938 1216.8333740234375
v -139.83584594726562 809.2644653320312 1259.8885498046875
v -48.50733184814453 804.0693359375 1259.504638671875
v 40.329811096191406 660.50634765625 1375.691162109375
v 37.46805953979492 658.85205078125 1377.0321044921875
v 40.32960510253906 657.1669311523438 1378.3621826171875
v 40.329708099365234 658.8394775390625 1377.0247802734375
v 37.46858596801758 667.13818359375 1370.3963623046875
v 31.744775772094727 663.8681640625 1373.0576171875
v 37.4683723449707 663.8381958007812 1373.0416259765625
v 40.330020904541016 663.8243408203125 1373.0341796875
v 37.46826934814453 662.1812744140625 1374.368408203125
v 40.32991409301758 662.1678466796875 1374.361083984375
v 41.760704040527344 662.1614379882812 1374.3575439453125
v 40.329864501953125 661.3377685546875 1375.0257568359375
v 41.76060104370117 660.5001220703125 1375.687744140625
v 41.760650634765625 661.3314208984375 1375.022216796875
v 42.476036071777344 661.3283081054688 1375.0205078125
v 41.76062774658203 660.9159545898438 1375.3548583984375
v 42.47598648071289 660.4970703125 1375.68603515625
v 42.47601318359375 660.912841796875 1375.3531494140625
v 40.32976150512695 659.673583984375 1376.3575439453125
v 41.760498046875 658.8334350585938 1377.0213623046875
v 41.76054763793945 659.66748046875 1376.35400390625
v 42.833702087402344 660.911376953125 1375.352294921875
v 42.47599792480469 660.7050170898438 1375.51953125
v 42.833675384521484 660.4955444335938 1375.6851806640625
v 42.83369064331055 660.7034912109375 1375.5186767578125
v 41.76057434082031 660.083984375 1376.020751953125
v 42.47593307495117 659.6644897460938 1376.352294921875
v 42.47595977783203 660.0809326171875 1376.01904296875
v 43.01254653930664 660.9105834960938 1375.351806640625
v 42.83369445800781 660.8074340820312 1375.4354248046875
v 43.012535095214844 660.7027587890625 1375.518310546875
v 43.012542724609375 660.8067016601562 1375.43505859375
v 42.8337287902832 661.3267822265625 1375.0196533203125
v 42.47602462768555 661.1206665039062 1375.186767578125
v 42.83371353149414 661.119140625 1375.1859130859375
v 42.47608947753906 662.1582641601562 1374.3558349609375
v 41.760677337646484 661.74658203125 1374.6898193359375
v 42.4760627746582 661.7434692382812 1374.6881103515625
v 41.760807037353516 663.8177490234375 1373.0306396484375
v 40.3299674987793 662.9967041015625 1373.697265625
v 41.76075744628906 662.9901733398438 1373.6937255859375
v 40.330230712890625 667.12353515625 1370.3890380859375
v 37.46847915649414 665.4903564453125 1371.7176513671875
v 40.33012771606445 665.4761352539062 1371.710205078125
v 37.46901321411133 673.6921997070312 1365.133056640625
v 31.745189666748047 670.4555053710938 1367.777099609375
v 37.46879959106445 670.4219970703125 1367.760986328125
v 31.746227264404297 686.7318115234375 1354.6715087890625
v 20.29700469970703 680.33056640625 1359.945068359375
v 31.745811462402344 680.2410888671875 1359.9078369140625
v 43.0125617980957 661.1183471679688 1375.185546875
v 42.833709716796875 661.0152587890625 1375.2691650390625
v 43.01255416870117 661.0144653320312 1375.2686767578125
v 37.46988296508789 686.6896362304688 1354.655517578125
v 31.74601936340332 683.4879760742188 1357.2900390625
v 37.46944808959961 680.2023315429688 1359.8917236328125
v 37.46966552734375 683.447509765625 1357.2740478515625
v 31.747055053710938 699.7283935546875 1344.146484375
v 20.297605514526367 693.325927734375 1349.4599609375
v 31.74664306640625 693.2205810546875 1349.42333984375
v 20.298873901367188 726.2245483398438 1322.67626953125
v -2.6108436584472656 713.316650390625 1333.578369140625
v 20.29840850830078 712.9911499023438 1333.491943359375
v 37.4703254699707 693.1749877929688 1349.407470703125
v 31.746435165405273 689.9751586914062 1352.0499267578125
v 37.4701042175293 689.9312133789062 1352.033935546875
v 40.331756591796875 689.9110107421875 1352.026611328125
v 37.469993591308594 688.310302734375 1353.34521484375
v 40.33153533935547 686.670166015625 1354.6480712890625
v 40.33164596557617 688.2904663085938 1353.337890625
v 41.762542724609375 689.9013061523438 1352.0230712890625
v 40.331703186035156 689.1006469726562 1352.682373046875
v 41.76243209838867 688.2809448242188 1353.3343505859375
v 41.76248550415039 689.091064453125 1352.6788330078125
v 40.33198165893555 693.1539306640625 1349.400146484375
v 37.47021484375 691.5526733398438 1350.721435546875
v 40.33186721801758 691.5320434570312 1350.714111328125
v 37.47076416015625 699.6793823242188 1344.130859375
v 31.746849060058594 696.4708251953125 1346.78955078125
v 37.47054672241211 696.4235229492188 1346.7738037109375
v 31.74786949157715 712.8624267578125 1333.4571533203125
v 20.298154830932617 706.3964233398438 1338.8602294921875
v 31.747465133666992 706.275390625 1338.82470703125
v 42.477867126464844 689.0863647460938 1352.6771240234375
v 41.76245880126953 688.6859741210938 1353.006591796875
v 42.477813720703125 688.2763061523438 1353.3326416015625
v 42.477840423583984 688.6813354492188 1353.0048828125
v 40.33159255981445 687.4802856445312 1353.9930419921875
v 41.76232147216797 686.6608276367188 1354.64453125
v 41.76237487792969 687.4708862304688 1353.989501953125
v 37.46977615356445 685.0687866210938 1355.9649658203125
v 40.33131408691406 683.4288330078125 1357.2666015625
v 40.331424713134766 685.0497436523438 1355.95751953125
v 42.47792434692383 689.8965454101562 1352.0213623046875
v 41.76251220703125 689.4961547851562 1352.35107421875
v 42.47789764404297 689.491455078125 1352.3492431640625
v 41.76265335083008 691.5221557617188 1350.7105712890625
v 40.33181381225586 690.721435546875 1351.37060546875
v 41.762596130371094 690.7116088867188 1351.3670654296875
v 37.47120666503906 706.2230224609375 1338.809326171875
v 31.74726104736328 702.9960327148438 1341.491943359375
v 37.470985412597656 702.9453125 1341.4764404296875
v 40.3326530456543 702.9219360351562 1341.4693603515625
v 37.47087478637695 701.3109741210938 1342.80517578125
v 40.332427978515625 699.6567993164062 1344.12353515625
v 40.33253860473633 701.2879638671875 1342.7979736328125
v 41.7634391784668 702.9107666015625 1341.4659423828125
v 40.33259582519531 702.1045532226562 1342.134033203125
v 41.76332473754883 701.2769165039062 1342.7945556640625
v 41.76338195800781 702.0934448242188 1342.130615234375
v 40.33287811279297 706.1988525390625 1338.80224609375
v 37.47109603881836 704.582763671875 1340.14453125
v 40.332763671875 704.5589599609375 1340.1373291015625
v 37.471649169921875 712.8067016601562 1333.442138671875
v 31.74766731262207 709.5650634765625 1336.145751953125
v 37.47142791748047 709.510986328125 1336.130615234375
v 31.748661041259766 726.0806274414062 1322.6431884765625
v 20.298648834228516 719.6070556640625 1328.0921630859375
v 31.74827003479004 719.470703125 1328.0582275390625
v 20.299610137939453 752.3173828125 1301.1552734375
v -2.6122491359710693 739.787841796875 1311.9346923828125
v 20.299274444580078 739.3856811523438 1311.8568115234375
v -2.618152379989624 802.4383544921875 1259.3466796875
v -48.50339126586914 779.5582275390625 1280.2144775390625
v -2.6153571605682373 778.1163330078125 1280.0394287109375
v 42.47882080078125 702.9052734375 1341.4642333984375
v 41.76341247558594 702.5020141601562 1341.79833984375
v 42.478763580322266 702.0880126953125 1342.1290283203125
v 42.47879409790039 702.49658203125 1341.7967529296875
v 41.763553619384766 704.547607421875 1340.1339111328125
v 40.33271026611328 703.7400512695312 1340.8037109375
v 41.76349639892578 703.728759765625 1340.80029296875
v 42.836509704589844 702.9025268554688 1341.46337890625
v 42.47880554199219 702.7008666992188 1341.6304931640625
v 42.836483001708984 702.4938354492188 1341.7958984375
v 42.83649444580078 702.6981811523438 1341.629638671875
v 42.478878021240234 703.7232666015625 1340.7987060546875
v 41.763465881347656 703.3196411132812 1341.1331787109375
v 42.478851318359375 703.3141479492188 1341.131591796875
v 42.8365364074707 703.3114624023438 1341.1307373046875
v 42.47883605957031 703.1096801757812 1341.2979736328125
v 42.836524963378906 703.1069946289062 1341.297119140625
v 43.01536560058594 703.1056518554688 1341.296630859375
v 42.836517333984375 703.0047607421875 1341.3802490234375
v 43.01535415649414 702.9011840820312 1341.4630126953125
v 43.01536178588867 703.00341796875 1341.3798828125
v 43.10478210449219 703.0027465820312 1341.379638671875
v 43.015357971191406 702.9523315429688 1341.42138671875
v 43.104774475097656 702.9005126953125 1341.4627685546875
v 43.10477828979492 702.95166015625 1341.4212646484375
v 42.83650207519531 702.8003540039062 1341.5465087890625
v 43.01533889770508 702.6968383789062 1341.6292724609375
v 43.01534652709961 702.7990112304688 1341.546142578125
v 43.10477828979492 702.9260864257812 1341.4420166015625
v 43.14948654174805 702.9002075195312 1341.462646484375
v 43.015350341796875 702.85009765625 1341.5045166015625
v 43.104766845703125 702.79833984375 1341.5458984375
v 43.10477066040039 702.8494262695312 1341.50439453125
v 43.14949417114258 703.0023803710938 1341.3795166015625
v 43.10477828979492 702.9771728515625 1341.400390625
v 43.10478973388672 703.10498046875 1341.2965087890625
v 43.01536560058594 703.0545043945312 1341.3382568359375
v 43.10478591918945 703.0538330078125 1341.3380126953125
v 43.015380859375 703.3101196289062 1341.13037109375
v 42.83653259277344 703.209228515625 1341.2138671875
v 43.01537322998047 703.2078857421875 1341.2135009765625
v 42.83656692504883 703.7205200195312 1340.7978515625
v 42.47886276245117 703.5186767578125 1340.965087890625
v 42.836551666259766 703.5159912109375 1340.96435546875
v 42.47893524169922 704.5419921875 1340.13232421875
v 41.76352310180664 704.1381225585938 1340.46728515625
v 42.478904724121094 704.132568359375 1340.465576171875
v 41.76366424560547 706.1873168945312 1338.798828125
v 40.332820892333984 705.3786010742188 1339.47021484375
v 41.763607025146484 705.3671264648438 1339.466796875
v 40.33310317993164 709.4860229492188 1336.12353515625
v 37.471317291259766 707.8659057617188 1337.4713134765625
v 40.33298873901367 707.84130859375 1337.4642333984375
v 31.749422073364258 739.2268676757812 1311.8255615234375
v 20.299081802368164 732.823974609375 1317.2593994140625
v 31.749046325683594 732.6725463867188 1317.227294921875
v 37.47294998168945 732.6069946289062 1317.21337890625
v 31.748855590820312 729.3800659179688 1319.9344482421875
v 37.4725227355957 726.018310546875 1322.62890625
v 37.47273635864258 729.3161010742188 1319.9202880859375
v 40.33466339111328 732.5767822265625 1317.2069091796875
v 37.472843170166016 730.9625854492188 1318.5665283203125
v 40.334442138671875 729.28662109375 1319.913818359375
v 40.33455276489258 730.9327392578125 1318.56005859375
v 37.47337341308594 739.1581420898438 1311.81201171875
v 31.749237060546875 735.9556274414062 1314.523681640625
v 37.47316360473633 735.8884887695312 1314.510009765625
v 31.750144958496094 752.1442260742188 1301.1258544921875
v 20.29945182800293 745.8900146484375 1306.4837646484375
v 31.749788284301758 745.7239990234375 1306.453369140625
v 20.30006217956543 777.6072387695312 1279.972412109375
v -2.6141905784606934 765.6396484375 1290.510498046875
v 20.299880981445312 765.1649780273438 1290.4404296875
v 41.765350341796875 730.91845703125 1318.5570068359375
v 40.33449935913086 730.1099243164062 1319.23681640625
v 41.76523971557617 729.2725219726562 1319.91064453125
v 41.765296936035156 730.095703125 1319.2337646484375
v 37.47262954711914 727.6679077148438 1321.2745361328125
v 40.33422088623047 725.9895629882812 1322.622314453125
v 40.33433151245117 727.6387939453125 1321.2679443359375
v 31.74846649169922 722.7766723632812 1325.351806640625
v 37.47208786010742 719.4116821289062 1328.0435791015625
v 37.47230529785156 722.7160034179688 1325.3372802734375
v 42.48073959350586 730.9114379882812 1318.555419921875
v 41.765323638916016 730.5071411132812 1318.8953857421875
v 42.480682373046875 730.0887451171875 1319.2322998046875
v 42.480709075927734 730.5001831054688 1318.893798828125
v 41.765464782714844 732.5623168945312 1317.203857421875
v 40.33460998535156 731.7550048828125 1317.8834228515625
v 41.76540756225586 731.7406616210938 1317.88037109375
v 40.33488082885742 735.8575439453125 1314.503662109375
v 37.47305679321289 734.2490844726562 1315.861083984375
v 40.334774017333984 734.218505859375 1315.854736328125
v 42.48079299926758 731.7335815429688 1317.8787841796875
v 41.765380859375 731.32958984375 1318.2186279296875
v 42.48076629638672 731.3225708007812 1318.2171630859375
v 37.47378921508789 745.652099609375 1306.440185546875
v 31.74960708618164 742.4838256835938 1309.1348876953125
v 37.47358322143555 742.4135131835938 1309.12158203125
v 40.33552932739258 745.6189575195312 1306.4342041015625
v 37.47368621826172 744.0350341796875 1307.779541015625
v 40.3353157043457 742.381103515625 1309.1153564453125
v 40.33542251586914 744.0022583007812 1307.7735595703125
v 37.47419738769531 752.0692749023438 1301.113037109375
v 31.749967575073242 748.9449462890625 1303.7830810546875
v 37.473995208740234 748.8715209960938 1303.7701416015625
v 31.750831604003906 764.9777221679688 1290.4124755859375
v 20.299755096435547 758.7988891601562 1295.7611083984375
v 31.7504940032959 758.61865234375 1295.732421875
v 41.766231536865234 743.986572265625 1307.7706298828125
v 40.33536911010742 743.1921997070312 1308.444091796875
v 41.7661247253418 742.3655395507812 1309.1124267578125
v 41.766178131103516 743.1766357421875 1308.441162109375
v 37.473480224609375 740.7877807617188 1310.4656982421875
v 40.33510208129883 739.12646484375 1311.8057861328125
v 40.335208892822266 740.7557373046875 1310.4595947265625
v 41.76634216308594 745.6030883789062 1306.4312744140625
v 40.33547592163086 744.8112182617188 1307.103515625
v 41.76628494262695 744.79541015625 1307.1005859375
v 40.33574295043945 748.8377075195312 1303.76416015625
v 37.47389221191406 747.264404296875 1305.1036376953125
v 40.335636138916016 747.2308959960938 1305.09765625
v 42.4816780090332 744.7877197265625 1307.09912109375
v 41.766258239746094 744.3911743164062 1307.435546875
v 42.48162078857422 743.9788818359375 1307.7691650390625
v 42.48164749145508 744.3834838867188 1307.43408203125
v 42.83934020996094 744.379638671875 1307.433349609375
v 42.48163604736328 744.1812133789062 1307.6015625
v 42.83931350708008 743.97509765625 1307.7684326171875
v 42.839324951171875 744.1774291992188 1307.6009521484375
v 41.766204833984375 743.5817260742188 1308.1058349609375
v 42.4815673828125 743.1690063476562 1308.4398193359375
v 42.48159408569336 743.5740966796875 1308.1043701171875
v 42.8393669128418 744.7838745117188 1307.0985107421875
v 42.48166275024414 744.5856323242188 1307.2666015625
v 42.83935546875 744.581787109375 1307.265869140625
v 42.48173141479492 745.5953369140625 1306.4298095703125
v 41.76631546020508 745.1994018554688 1306.765869140625
v 42.48170471191406 745.1917114257812 1306.764404296875
v 41.766448974609375 747.21484375 1305.0947265625
v 40.3355827331543 746.425537109375 1305.7655029296875
v 41.766395568847656 746.4096069335938 1305.7626953125
v 43.0181999206543 744.5798950195312 1307.2655029296875
v 42.83934783935547 744.480712890625 1307.349609375
v 43.018184661865234 744.3777465820312 1307.4329833984375
v 43.018192291259766 744.4788208007812 1307.3492431640625
v 43.018211364746094 744.781982421875 1307.09814453125
v 42.839359283447266 744.682861328125 1307.18212890625
v 43.01820755004883 744.6809692382812 1307.181884765625
v 42.839393615722656 745.1878662109375 1306.7637939453125
v 42.481689453125 744.98974609375 1306.9317626953125
v 42.83938217163086 744.9859008789062 1306.9310302734375
v 37.474605560302734 758.5406494140625 1295.719970703125
v 31.750320434570312 755.3953857421875 1298.420166015625
v 37.474403381347656 755.3189086914062 1298.4075927734375
v 37.474998474121094 764.896728515625 1290.4002685546875
v 31.75066566467285 761.8121948242188 1293.0635986328125
v 37.47480392456055 761.7327270507812 1293.05126953125
v 31.751449584960938 777.4065551757812 1279.9456787109375
v 20.299983978271484 771.4281005859375 1285.182861328125
v 31.751150131225586 771.2340698242188 1285.155517578125
v 20.300064086914062 801.8635864257812 1259.28662109375
v -2.616670608520508 790.3318481445312 1269.6939697265625
v 20.300132751464844 789.78955078125 1269.6300048828125
v -2.6262028217315674 851.1909790039062 1216.7479248046875
v -48.51178741455078 828.6617431640625 1238.337646484375
v -2.621709108352661 826.8447875976562 1238.2115478515625
v -48.54182815551758 941.8157348632812 1134.49658203125
v -139.8802490234375 905.9083862304688 1176.011962890625
v -48.529319763183594 898.4075317382812 1175.83984375
v 37.47537612915039 771.1500854492188 1285.1435546875
v 31.750993728637695 768.1175537109375 1287.777099609375
v 37.475189208984375 768.0350952148438 1287.76513671875
v 37.475738525390625 777.3197021484375 1279.93408203125
v 31.75130271911621 774.32958984375 1282.545654296875
v 37.47555923461914 774.2442016601562 1282.533935546875
v 31.751976013183594 789.5758056640625 1269.6043701171875
v 20.300113677978516 783.721435546875 1274.79345703125
v 31.751726150512695 783.51416015625 1274.7672119140625
v 40.33738327026367 774.204833984375 1282.528564453125
v 37.47547149658203 772.6996459960938 1283.83740234375
v 40.337188720703125 771.1113891601562 1285.13818359375
v 40.33728790283203 772.6605834960938 1283.83203125
v 41.768123626708984 772.6419067382812 1283.829345703125
v 40.33723831176758 771.8865966796875 1284.4847412109375
v 41.76802444458008 771.0928344726562 1285.135498046875
v 41.76807403564453 771.8679809570312 1284.4820556640625
v 37.475284576416016 769.5953369140625 1286.4527587890625
v 40.33699035644531 767.9970092773438 1287.759521484375
v 40.33708953857422 769.5570068359375 1286.447265625
v 42.48347473144531 771.85888671875 1284.4808349609375
v 41.76804733276367 771.4805908203125 1284.8087158203125
v 42.48342514038086 771.0838012695312 1285.13427734375
v 42.48344802856445 771.4714965820312 1284.8074951171875
v 40.33713912963867 770.3348388671875 1285.7923583984375
v 41.76792526245117 769.5386352539062 1286.444580078125
v 41.767974853515625 770.31640625 1285.7896728515625
v 42.84114456176758 771.467041015625 1284.8067626953125
v 42.483436584472656 771.2777099609375 1284.9708251953125
v 42.841121673583984 771.079345703125 1285.1336669921875
v 42.84113311767578 771.273193359375 1284.97021484375
v 41.76799774169922 770.7047729492188 1285.4625244140625
v 42.483375549316406 770.307373046875 1285.7884521484375
v 42.4833984375 770.6957397460938 1285.461181640625
v 42.84117126464844 771.8544311523438 1284.480224609375
v 42.483463287353516 771.6652221679688 1284.6441650390625
v 42.841156005859375 771.6607666015625 1284.6434326171875
v 42.483524322509766 772.6327514648438 1283.828125
v 41.768096923828125 772.255126953125 1284.1556396484375
v 42.483497619628906 772.2459716796875 1284.1544189453125
v 41.76822280883789 774.1859741210938 1282.52587890625
v 40.33733367919922 773.4332885742188 1283.179931640625
v 41.76817321777344 773.41455078125 1283.1773681640625
v 40.33757019042969 777.2796630859375 1279.9287109375
v 37.475650787353516 775.7841186523438 1281.23291015625
v 40.33747863769531 775.7444458007812 1281.2275390625
v 37.47608184814453 783.4244995117188 1274.755859375
v 31.751590728759766 780.46728515625 1277.353515625
v 37.475914001464844 780.3790283203125 1277.342041015625
v 43.02000427246094 771.6585083007812 1284.6431884765625
v 42.84115219116211 771.5639038085938 1284.72509765625
v 43.01999282836914 771.4647827148438 1284.8065185546875
v 43.02000045776367 771.5616455078125 1284.724853515625
v 43.020015716552734 771.8521728515625 1284.4798583984375
v 42.841163635253906 771.757568359375 1284.561767578125
v 43.02001190185547 771.75537109375 1284.5615234375
v 42.84119415283203 772.241455078125 1284.1536865234375
v 42.48348617553711 772.052490234375 1284.317626953125
v 42.841182708740234 772.0479736328125 1284.31689453125
v 40.33793258666992 783.3831176757812 1274.7506103515625
v 37.47599792480469 781.9033203125 1276.04833984375
v 40.3377571105957 780.3383178710938 1277.336669921875
v 40.33784484863281 781.8623046875 1276.0430908203125
v 37.47639846801758 789.4833374023438 1269.59326171875
v 31.751853942871094 786.549560546875 1272.184814453125
v 37.47624206542969 786.45849609375 1272.173583984375
v 31.75238609313965 801.6370849609375 1259.2625732421875
v 20.30011558532715 795.8306274414062 1264.46630859375
v 31.752197265625 795.6104736328125 1264.44140625
v 20.299415588378906 826.2059936523438 1238.164306640625
v -2.6198246479034424 814.5874633789062 1248.8709716796875
v 20.299833297729492 813.9805297851562 1248.81640625
v 40.33810806274414 786.41650390625 1272.16845703125
v 37.47616195678711 784.9427490234375 1273.46435546875
v 40.33802032470703 784.901123046875 1273.4591064453125
v 41.76887512207031 784.8811645507812 1273.4566650390625
v 40.33797836303711 784.1424560546875 1274.104736328125
v 41.76878356933594 783.3633422851562 1274.7481689453125
v 41.768829345703125 784.12255859375 1274.102294921875
v 42.484283447265625 784.8713989257812 1273.4554443359375
v 41.76885223388672 784.501953125 1273.7794189453125
v 42.48423767089844 784.1128540039062 1274.10107421875
v 42.48426055908203 784.4921875 1273.7781982421875
v 41.76896286010742 786.3963623046875 1272.166015625
v 40.33806610107422 785.6591186523438 1272.813720703125
v 41.768917083740234 785.6390380859375 1272.811279296875
v 40.33827590942383 789.4407348632812 1269.5882568359375
v 37.476322174072266 787.971923828125 1270.88330078125
v 40.338191986083984 787.9295654296875 1270.878173828125
v 37.476688385009766 795.5152587890625 1264.4306640625
v 31.752090454101562 792.5953369140625 1267.02392578125
v 37.47654724121094 792.50146484375 1267.0130615234375
v 42.48432540893555 785.6292724609375 1272.81005859375
v 41.768898010253906 785.2601928710938 1273.1339111328125
v 42.48430633544922 785.2504272460938 1273.1326904296875
v 31.752655029296875 813.741455078125 1248.794677734375
v 20.299970626831055 807.9074096679688 1254.0750732421875
v 31.752538681030273 807.6746215820312 1254.0521240234375
v 37.47737503051758 813.6380615234375 1248.7852783203125
v 31.752601623535156 810.703369140625 1251.4300537109375
v 37.47718048095703 807.5739135742188 1254.042236328125
v 37.4772834777832 810.601318359375 1251.42041015625
v 31.752758026123047 825.9544067382812 1238.1453857421875
v 20.29964828491211 820.0855102539062 1243.50830078125
v 31.752729415893555 819.8402099609375 1243.4879150390625
v 20.297922134399414 850.4906616210938 1216.717041015625
v -2.6238279342651367 839.0929565429688 1227.465087890625
v 20.298786163330078 838.4228515625 1227.426025390625
v -2.6382203102111816 896.1104736328125 1175.8026123046875
v -48.52281188964844 876.4263916015625 1196.020263671875
v -2.631758213043213 874.26904296875 1195.9637451171875
v 40.33925247192383 810.5543212890625 1251.4158935546875
v 37.47723388671875 809.0865478515625 1252.73291015625
v 40.339134216308594 807.5275268554688 1254.03759765625
v 40.339195251464844 809.0398559570312 1252.7283935546875
v 31.752466201782227 804.6533203125 1256.662353515625
v 37.476951599121094 801.5391235351562 1259.252197265625
v 37.47706985473633 804.5540161132812 1256.652099609375
v 41.77014923095703 810.5317993164062 1251.413818359375
v 40.33922576904297 809.7967529296875 1252.072509765625
v 41.77008819580078 809.0174560546875 1252.7261962890625
v 41.770118713378906 809.7743530273438 1252.0704345703125
v 40.339359283447266 813.5904541015625 1248.7808837890625
v 37.477333068847656 812.1185302734375 1250.1044921875
v 40.33930587768555 812.0712280273438 1250.10009765625
v 37.477535247802734 819.734130859375 1243.4791259765625
v 31.752696990966797 816.787841796875 1246.1466064453125
v 37.47745895385742 816.68310546875 1246.1375732421875
v 41.770206451416016 812.0485229492188 1250.0980224609375
v 40.33927917480469 811.3124389648438 1250.7584228515625
v 41.770179748535156 811.2898559570312 1250.75634765625
v 42.4856071472168 811.27880859375 1250.7552490234375
v 41.770164489746094 810.9107666015625 1251.085205078125
v 42.48557662963867 810.520751953125 1251.4127197265625
v 42.485591888427734 810.8997192382812 1251.0841064453125
v 42.843299865722656 810.8942260742188 1251.0836181640625
v 42.4855842590332 810.710205078125 1251.2484130859375
v 42.843284606933594 810.5153198242188 1251.4122314453125
v 42.843292236328125 810.7047729492188 1251.2479248046875
v 41.77013397216797 810.1530151367188 1251.7421875
v 42.48554611206055 809.7633666992188 1252.0693359375
v 42.48556137084961 810.1419677734375 1251.7412109375
v 42.84331512451172 811.2733154296875 1250.7547607421875
v 42.485599517822266 811.0892333984375 1250.919677734375
v 42.84330749511719 811.0838012695312 1250.919189453125
v 42.48563766479492 812.0374145507812 1250.096923828125
v 41.77019500732422 811.6691284179688 1250.42724609375
v 42.48562240600586 811.6580200195312 1250.42626953125
v 41.770263671875 813.567626953125 1248.77880859375
v 40.339332580566406 812.83056640625 1249.44091796875
v 41.77023696899414 812.8078002929688 1249.4388427734375
v 40.33945846557617 816.6348266601562 1246.13330078125
v 37.477420806884766 815.15966796875 1247.462890625
v 40.33940887451172 815.1116943359375 1247.45849609375
v 31.752674102783203 838.1590576171875 1227.4105224609375
v 20.299129486083984 832.3242797851562 1232.7987060546875
v 31.752742767333984 832.0665893554688 1232.781494140625
v 31.752378463745117 850.2151489257812 1216.7047119140625
v 20.298385620117188 844.4841918945312 1222.0606689453125
v 31.752553939819336 844.2144775390625 1222.0467529296875
v 20.295413970947266 873.5137329101562 1195.9447021484375
v -2.628838539123535 862.9259643554688 1206.2413330078125
v 20.296804428100586 862.1972045898438 1206.2171630859375
v 31.751850128173828 861.9105224609375 1206.207763671875
v 20.297395706176758 856.3883056640625 1211.442138671875
v 31.75214385986328 856.1071166992188 1211.431396484375
v 37.477333068847656 861.78662109375 1206.20361328125
v 31.752004623413086 859.0209350585938 1208.8125
v 37.47751998901367 855.9855346679688 1211.4267578125
v 37.47743606567383 858.898193359375 1208.80810546875
v 31.75107192993164 873.2167358398438 1195.937255859375
v 20.296140670776367 867.9033203125 1201.053466796875
v 31.75149154663086 867.6113891601562 1201.045166015625
v 20.2919864654541 895.3070678710938 1175.7918701171875
v -2.6349093914031982 885.2892456054688 1185.853759765625
v 20.293790817260742 884.5091552734375 1185.838623046875
v -2.6516213417053223 939.2708129882812 1134.552978515625
v -48.535858154296875 920.072021484375 1155.4503173828125
v -2.645033359527588 917.6464233398438 1155.4482421875
v -48.55808639526367 1021.9652099609375 1051.2215576171875
v -139.9276580810547 992.3640747070312 1092.7796630859375
v -48.550140380859375 983.2142333984375 1092.8861083984375
v 37.477088928222656 867.4852294921875 1201.04150390625
v 31.751678466796875 864.7738647460938 1203.6187744140625
v 37.47721862792969 864.6488037109375 1203.6148681640625
v 31.750076293945312 884.2024536132812 1185.8328857421875
v 20.294628143310547 879.0438842773438 1190.8775634765625
v 31.750598907470703 878.7418823242188 1190.8709716796875
v 31.7489070892334 894.9912109375 1175.7877197265625
v 20.29290771484375 889.925048828125 1180.8145751953125
v 31.74951171875 889.6137084960938 1180.8095703125
v 20.288055419921875 916.7996215820312 1155.451904296875
v -2.6416189670562744 906.856689453125 1165.7020263671875
v 20.290058135986328 906.0311279296875 1165.697021484375
v 31.747610092163086 905.7067260742188 1165.6953125
v 20.291034698486328 900.6705932617188 1170.757080078125
v 31.748271942138672 900.3504028320312 1170.7540283203125
v 31.746227264404297 916.4669799804688 1155.45361328125
v 20.2890625 911.4041748046875 1160.59814453125
v 31.74692726135254 911.0755615234375 1160.5980224609375
v 20.284053802490234 938.3849487304688 1134.5804443359375
v -2.6483914852142334 928.48486328125 1145.0360107421875
v 20.28603744506836 927.6177978515625 1145.051025390625
v -2.662299871444702 980.5012817382812 1093.02294921875
v -48.546669006347656 963.1203002929688 1113.4146728515625
v -2.6574628353118896 960.476806640625 1113.5245361328125
v 37.473506927490234 910.93359375 1160.5980224609375
v 31.747270584106445 908.3886108398438 1163.15234375
v 37.474063873291016 905.5665283203125 1165.694580078125
v 37.47378921508789 908.24755859375 1163.15185546875
v 40.33626937866211 910.8682250976562 1160.597900390625
v 37.47364807128906 909.58984375 1161.87646484375
v 40.33652114868164 908.1825561523438 1163.1517333984375
v 40.336395263671875 909.5245971679688 1161.8763427734375
v 37.47293472290039 916.3232421875 1155.4544677734375
v 31.746578216552734 913.768798828125 1158.031494140625
v 37.47322082519531 913.6259155273438 1158.0318603515625
v 31.74480438232422 927.27734375 1145.057373046875
v 20.287046432495117 922.2085571289062 1150.2657470703125
v 31.74551773071289 921.8719482421875 1150.269775390625
v 41.76764678955078 909.493408203125 1161.876220703125
v 40.33646011352539 908.8533935546875 1162.514404296875
v 41.767765045166016 908.1514282226562 1163.151611328125
v 41.767704010009766 908.8222045898438 1162.5142822265625
v 37.47392654418945 906.906494140625 1164.424560546875
v 40.336769104003906 905.501953125 1165.6942138671875
v 40.336647033691406 906.8417358398438 1164.4241943359375
v 31.747943878173828 903.0279541015625 1168.2286376953125
v 37.47460174560547 900.2120971679688 1170.7528076171875
v 37.474334716796875 902.888671875 1168.2276611328125
v 41.76752471923828 910.8368530273438 1160.597900390625
v 40.336334228515625 910.1962280273438 1161.237548828125
v 41.76758575439453 910.1649169921875 1161.237548828125
v 40.33600997924805 913.5601196289062 1158.031982421875
v 37.473365783691406 912.279052734375 1159.31640625
v 40.33613967895508 912.2134399414062 1159.31640625
v 42.48318099975586 910.149658203125 1161.2374267578125
v 41.767616271972656 909.8291015625 1161.5570068359375
v 42.48324203491211 909.4781494140625 1161.876220703125
v 42.483211517333984 909.8138427734375 1161.5570068359375
v 42.483123779296875 910.8215942382812 1160.597900390625
v 41.767555236816406 910.5008544921875 1160.9178466796875
v 42.483154296875 910.4855346679688 1160.9178466796875
v 41.76740264892578 912.1820068359375 1159.3165283203125
v 40.336204528808594 911.5405883789062 1159.9576416015625
v 41.76746368408203 911.5092163085938 1159.9576416015625
v 42.840946197509766 910.4779663085938 1160.9178466796875
v 42.48316955566406 910.3175659179688 1161.07763671875
v 42.840972900390625 910.14208984375 1161.2374267578125
v 42.84095764160156 910.3099975585938 1161.07763671875
v 43.019840240478516 910.4742431640625 1160.9178466796875
v 42.8409538269043 910.3939819335938 1160.9976806640625
v 43.01985168457031 910.3062744140625 1161.07763671875
v 43.01984786987305 910.3902587890625 1160.9976806640625
v 42.84091567993164 910.8140258789062 1160.597900390625
v 42.48313903808594 910.653564453125 1160.7579345703125
v 42.8409309387207 910.64599609375 1160.7579345703125
v 42.48306655883789 911.493896484375 1159.9576416015625
v 41.767494201660156 911.1730346679688 1160.27783203125
v 42.48309326171875 911.15771484375 1160.27783203125
v 43.01982498168945 910.6422119140625 1160.7579345703125
v 42.840938568115234 910.56201171875 1160.837890625
v 43.019832611083984 910.5582275390625 1160.837890625
v 43.10927963256836 910.5563354492188 1160.837890625
v 43.01983642578125 910.5162353515625 1160.8778076171875
v 43.10928726196289 910.4723510742188 1160.9178466796875
v 43.109283447265625 910.5143432617188 1160.8778076171875
v 43.10927963256836 910.5353393554688 1160.8577880859375
v 43.10927200317383 910.6403198242188 1160.7579345703125
v 43.01982879638672 910.6002197265625 1160.7978515625
v 43.109275817871094 910.5983276367188 1160.7978515625
v 43.01980972290039 910.8102416992188 1160.597900390625
v 42.84092330932617 910.72998046875 1160.6778564453125
v 43.01981735229492 910.7261962890625 1160.6778564453125
v 42.840885162353516 911.1500854492188 1160.27783203125
v 42.48310852050781 910.9896240234375 1160.4378662109375
v 42.84090042114258 910.9820556640625 1160.4378662109375
v 43.13164138793945 910.555908203125 1160.837890625
v 43.10927963256836 910.5458374023438 1160.847900390625
v 43.13164138793945 910.5348510742188 1160.8577880859375
v 43.13164138793945 910.5453491210938 1160.847900390625
v 43.109275817871094 910.5773315429688 1160.81787109375
v 43.06455612182617 910.5573120117188 1160.837890625
v 43.019832611083984 910.5372314453125 1160.8577880859375
v 43.06455993652344 910.5152587890625 1160.8778076171875
v 43.06455612182617 910.5362548828125 1160.8577880859375
v 42.93038558959961 910.5601196289062 1160.837890625
v 42.8409423828125 910.5199584960938 1160.8778076171875
v 42.93039321899414 910.4761352539062 1160.9178466796875
v 42.930389404296875 910.5181274414062 1160.8778076171875
v 42.66203689575195 910.6497802734375 1160.7579345703125
v 42.48314666748047 910.5695190429688 1160.837890625
v 42.66204833984375 910.4817504882812 1160.9178466796875
v 42.66204071044922 910.5657348632812 1160.837890625
v 42.125328063964844 910.8292236328125 1160.597900390625
v 41.767539978027344 910.6688232421875 1160.7579345703125
v 42.12535858154297 910.4931640625 1160.9178466796875
v 42.125343322753906 910.6611938476562 1160.7579345703125
v 41.05190658569336 910.8524169921875 1160.597900390625
v 40.336299896240234 910.5321655273438 1160.9178466796875
v 41.05196762084961 910.180419921875 1161.237548828125
v 41.051937103271484 910.516357421875 1160.9178466796875
v 38.904930114746094 910.9004516601562 1160.5980224609375
v 37.47357940673828 910.2615356445312 1161.237548828125
v 38.90506362915039 909.5567626953125 1161.8763427734375
v 38.904998779296875 910.2283935546875 1161.237548828125
v 34.61039733886719 911.0027465820312 1160.5980224609375
v 31.747098922729492 909.7313232421875 1161.876708984375
v 34.61071014404297 908.3162231445312 1163.152099609375
v 34.61055374145508 909.6587524414062 1161.8765869140625
v 26.01881217956543 911.232421875 1160.59814453125
v 20.289562225341797 908.7151489257812 1163.1533203125
v 26.019641876220703 905.861572265625 1165.6961669921875
v 26.019229888916016 908.5444946289062 1163.15283203125
v 8.82381820678711 917.1926879882812 1155.449951171875
v -2.6433286666870117 912.2404174804688 1160.5992431640625
v 8.826539993286133 906.4144287109375 1165.69921875
v 8.825181007385254 911.7923583984375 1160.5985107421875
v -25.590476989746094 918.736572265625 1155.44677734375
v -48.532623291015625 909.2188110351562 1165.725341796875
v -25.582090377807617 897.1436157226562 1175.8182373046875
v -25.586305618286133 907.9188232421875 1165.7108154296875
v -94.3409194946289 945.4435424804688 1134.470947265625
v -139.8924102783203 928.0462036132812 1155.5657958984375
v -94.34095764160156 901.6508178710938 1175.9073486328125
v -94.34101104736328 923.5099487304688 1155.48388671875
v -227.706787109375 963.0203247070312 1134.6376953125
v -314.44293212890625 930.8425903320312 1176.2808837890625
v -227.7164764404297 869.1947631835938 1217.299072265625
v -227.7133331298828 917.1038818359375 1176.225341796875
v 43.142822265625 910.545166015625 1160.847900390625
v 43.13164138793945 910.5401000976562 1160.852783203125
v 43.142822265625 910.53466796875 1160.8577880859375
v 43.142822265625 910.5399169921875 1160.852783203125
v 43.10927963256836 910.5248413085938 1160.8677978515625
v 43.13164520263672 910.5138549804688 1160.8778076171875
v 43.13164138793945 910.5243530273438 1160.8677978515625
v 43.109283447265625 910.4933471679688 1160.8978271484375
v 43.01984405517578 910.4322509765625 1160.957763671875
v 43.109291076660156 910.3883666992188 1160.9976806640625
v 43.10928726196289 910.4303588867188 1160.957763671875
v 43.14841079711914 910.5450439453125 1160.847900390625
v 43.142822265625 910.5425415039062 1160.850341796875
v 43.14841079711914 910.539794921875 1160.852783203125
v 43.14841079711914 910.5424194335938 1160.850341796875
v 43.142822265625 910.5556640625 1160.837890625
v 43.13164138793945 910.5506591796875 1160.8428955078125
v 43.142822265625 910.5504150390625 1160.8428955078125
v 43.13163757324219 910.576904296875 1160.81787109375
v 43.109275817871094 910.5668334960938 1160.827880859375
v 43.13163757324219 910.56640625 1160.827880859375
v 43.064552307128906 910.5993041992188 1160.7978515625
v 43.01982879638672 910.5792236328125 1160.81787109375
v 43.064552307128906 910.5783081054688 1160.81787109375
v 42.93037796020508 910.6441040039062 1160.7579345703125
v 42.84093475341797 910.60400390625 1160.7978515625
v 42.930381774902344 910.6021118164062 1160.7978515625
v 43.14841079711914 910.55029296875 1160.8428955078125
v 43.142822265625 910.5477905273438 1160.8453369140625
v 43.14841079711914 910.5476684570312 1160.8453369140625
v 31.74338722229004 938.0372314453125 1134.591796875
v 20.285037994384766 933.0142822265625 1139.81884765625
v 31.74409294128418 932.6701049804688 1139.8277587890625
v 20.280380249023438 959.5590209960938 1113.573974609375
v -2.654681444168091 950.008544921875 1123.9815673828125
v 20.282142639160156 949.1055297851562 1124.0211181640625
v 31.742006301879883 948.751220703125 1124.0374755859375
v 20.283084869384766 943.7719116210938 1129.29248046875
v 31.742687225341797 943.4207763671875 1129.306396484375
v 31.740720748901367 959.1990356445312 1113.5943603515625
v 20.281240463256836 954.3723754882812 1118.77783203125
v 31.741348266601562 954.01513671875 1118.7962646484375
v 20.277206420898438 979.5609741210938 1093.0841064453125
v -2.6599533557891846 970.6172485351562 1103.229248046875
v 20.278772354125977 969.6873168945312 1103.2855224609375
v -2.67368745803833 1019.1342163085938 1051.4183349609375
v -48.55345153808594 1002.6378173828125 1072.3515625
v -2.6672492027282715 999.867919921875 1072.510009765625
v -48.60167694091797 1096.58154296875 959.9166259765625
v -139.9788360595703 1070.8028564453125 1005.8119506835938
v -48.578487396240234 1060.6820068359375 1006.091064453125
v 37.46833038330078 959.0435791015625 1113.6031494140625
v 31.741029739379883 956.617919921875 1116.189697265625
v 37.4688606262207 953.86083984375 1118.80419921875
v 37.46859359741211 956.4630126953125 1116.1981201171875
v 31.73953628540039 969.3226318359375 1103.3087158203125
v 20.27956199645996 964.6607055664062 1108.413330078125
v 31.74011993408203 964.2982788085938 1108.43505859375
v 37.46782684326172 964.1417236328125 1108.444580078125
v 31.74041748046875 961.7587280273438 1111.0098876953125
v 37.468074798583984 961.6027221679688 1111.01904296875
v 31.738359451293945 979.1923217773438 1093.1092529296875
v 20.277992248535156 974.6502685546875 1098.1796875
v 31.738954544067383 974.2835083007812 1098.203857421875
v 20.273664474487305 998.9089965820312 1072.5806884765625
v -2.6646745204925537 990.2208862304688 1082.8138427734375
v 20.275548934936523 989.2711181640625 1082.8792724609375
v 31.73707389831543 988.89892578125 1082.90625
v 20.276397705078125 984.4307861328125 1087.98779296875
v 31.73773765563965 984.060302734375 1088.0137939453125
v 31.73556900024414 998.5333251953125 1072.609619140625
v 20.274642944335938 994.0934448242188 1077.747314453125
v 31.736356735229492 993.719482421875 1077.7752685546875
v 20.268678665161133 1018.1561889648438 1051.504638671875
v -2.670196056365967 1009.51806640625 1062.0350341796875
v 20.271419525146484 1008.5496215820312 1062.11279296875
v -2.6980063915252686 1057.7664794921875 1006.3448486328125
v -48.56612014770508 1041.935546875 1028.51171875
v -2.6836891174316406 1039.0478515625 1028.74951171875
v 37.4638786315918 998.37109375 1072.6221923828125
v 31.735973358154297 996.1265258789062 1075.197509765625
v 37.464576721191406 993.5579833984375 1077.787353515625
v 37.464237213134766 995.9646606445312 1075.209716796875
v 31.733732223510742 1008.1702270507812 1062.1446533203125
v 20.272594451904297 1003.7283935546875 1067.3687744140625
v 31.734699249267578 1003.350830078125 1067.399169921875
v 37.463104248046875 1003.1878662109375 1067.4122314453125
v 31.735145568847656 1000.9412231445312 1070.0103759765625
v 37.4635009765625 1000.7786254882812 1070.023193359375
v 40.327083587646484 1000.7037353515625 1070.0291748046875
v 37.46369171142578 999.5746459960938 1071.32421875
v 40.32743835449219 998.29638671875 1072.6279296875
v 40.32726287841797 999.4998168945312 1071.330078125
v 41.75873565673828 1000.6679077148438 1070.031982421875
v 40.32717514038086 1000.1017456054688 1070.679931640625
v 41.758907318115234 999.4640502929688 1071.3328857421875
v 41.75882339477539 1000.06591796875 1070.6827392578125
v 40.32670974731445 1003.11279296875 1067.4183349609375
v 37.46330642700195 1001.9830932617188 1068.7191162109375
v 40.326900482177734 1001.9081420898438 1068.72509765625
v 37.46223831176758 1008.0064697265625 1062.158447265625
v 31.734228134155273 1005.7609252929688 1064.77685546875
v 37.462684631347656 1005.5975341796875 1064.790283203125
v 31.731447219848633 1017.7731323242188 1051.5399169921875
v 20.270118713378906 1013.3624267578125 1056.8216552734375
v 31.73265266418457 1012.981201171875 1056.855224609375
v 20.26061248779297 1038.0538330078125 1028.8524169921875
v -2.6781816482543945 1029.2093505859375 1040.0770263671875
v 20.265079498291016 1028.22216796875 1040.17236328125
v 42.474613189697266 1000.0484008789062 1070.6842041015625
v 41.75886535644531 999.7649536132812 1071.0079345703125
v 42.47469711303711 999.446533203125 1071.334228515625
v 42.47465515136719 999.7474365234375 1071.00927734375
v 40.32735061645508 998.8980712890625 1071.9793701171875
v 41.75907516479492 998.2606201171875 1072.6307373046875
v 41.75899124145508 998.8622436523438 1071.982177734375
v 37.46406173706055 997.1678466796875 1073.9173583984375
v 40.32777404785156 995.89013671875 1075.2154541015625
v 40.327606201171875 997.0932006835938 1073.923095703125
v 42.832496643066406 1000.0397338867188 1070.684814453125
v 42.474632263183594 999.8978881835938 1070.8468017578125
v 42.832542419433594 999.73876953125 1071.010009765625
v 42.83251953125 999.8892211914062 1070.847412109375
v 42.474525451660156 1000.650390625 1070.0333251953125
v 41.7587776184082 1000.3668823242188 1070.357421875
v 42.47456741333008 1000.349365234375 1070.35888671875
v 41.7585563659668 1001.8721923828125 1068.72802734375
v 40.32699203491211 1001.305908203125 1069.3775634765625
v 41.758644104003906 1001.27001953125 1069.38037109375
v 43.01144027709961 1000.035400390625 1070.6851806640625
v 42.8325080871582 999.9644775390625 1070.76611328125
v 43.01145935058594 999.8849487304688 1070.8477783203125
v 43.011451721191406 999.960205078125 1070.7664794921875
v 42.832454681396484 1000.3406982421875 1070.3594970703125
v 42.47459030151367 1000.1988525390625 1070.521484375
v 42.83247756958008 1000.190185546875 1070.522216796875
v 43.100921630859375 999.9580688476562 1070.7666015625
v 43.01145553588867 999.9225463867188 1070.80712890625
v 43.100929260253906 999.8828125 1070.847900390625
v 43.10092544555664 999.92041015625 1070.8072509765625
v 42.8325309753418 999.8140258789062 1070.9287109375
v 43.01148223876953 999.7344970703125 1071.0103759765625
v 43.011470794677734 999.8096923828125 1070.9290771484375
v 42.474674224853516 999.5969848632812 1071.1717529296875
v 42.83258056640625 999.4378662109375 1071.3349609375
v 42.83256149291992 999.5883178710938 1071.1724853515625
v 41.758949279785156 999.1631469726562 1071.6575927734375
v 42.47478103637695 998.8447875976562 1071.9835205078125
v 42.47473907470703 999.1456298828125 1071.658935546875
v 43.10091018676758 1000.0332641601562 1070.685302734375
v 43.011444091796875 999.997802734375 1070.725830078125
v 43.100914001464844 999.9956665039062 1070.7259521484375
v 43.011417388916016 1000.1859130859375 1070.5225830078125
v 42.832489013671875 1000.114990234375 1070.603515625
v 43.01142883300781 1000.1106567382812 1070.6038818359375
v 43.14564895629883 999.9945678710938 1070.72607421875
v 43.10091781616211 999.9768676757812 1070.746337890625
v 43.14565658569336 999.9569702148438 1070.7667236328125
v 43.145652770996094 999.9757690429688 1070.7464599609375
v 43.145652770996094 999.9663696289062 1070.756591796875
v 43.100921630859375 999.939208984375 1070.7869873046875
v 43.14565658569336 999.9381713867188 1070.787109375
v 43.145652770996094 999.961669921875 1070.76171875
v 43.12328338623047 999.976318359375 1070.746337890625
v 43.10091781616211 999.9674682617188 1070.7564697265625
v 43.123287200927734 999.95751953125 1070.7667236328125
v 43.123287200927734 999.9669189453125 1070.756591796875
v 43.05617904663086 999.9967041015625 1070.7259521484375
v 43.01144790649414 999.97900390625 1070.7462158203125
v 43.05618667602539 999.9591064453125 1070.7666015625
v 43.056182861328125 999.9779052734375 1070.7462158203125
v 42.92197036743164 1000.03759765625 1070.68505859375
v 42.83250427246094 1000.0021362304688 1070.7254638671875
v 42.92197799682617 999.9623413085938 1070.766357421875
v 42.921974182128906 999.9999389648438 1070.7257080078125
v 42.65355682373047 1000.0440673828125 1070.6845703125
v 42.4746208190918 999.97314453125 1070.7655029296875
v 42.6535758972168 999.8935546875 1070.8470458984375
v 42.653564453125 999.9688110351562 1070.765869140625
v 42.11671829223633 1000.05712890625 1070.6834716796875
v 41.75884246826172 999.9154052734375 1070.8453369140625
v 42.116764068603516 999.7561645507812 1071.0086669921875
v 42.11674118041992 999.9066162109375 1070.8460693359375
v 41.04301071166992 1000.0836791992188 1070.681396484375
v 40.32721710205078 999.80078125 1071.005126953125
v 41.04309844970703 999.4818115234375 1071.3314208984375
v 41.043052673339844 999.78271484375 1071.006591796875
v 38.89533996582031 1000.7406616210938 1070.0262451171875
v 37.463600158691406 1000.1765747070312 1070.674072265625
v 38.89552688598633 999.5366821289062 1071.3271484375
v 38.89543533325195 1000.1386108398438 1070.6771240234375
v 34.59952926635742 1000.8577880859375 1070.0169677734375
v 31.735361099243164 999.737060546875 1071.3115234375
v 34.59992980957031 998.4500732421875 1072.6160888671875
v 34.5997314453125 999.6536865234375 1071.3179931640625
v 26.00456428527832 1003.531005859375 1067.3846435546875
v 20.273141860961914 1001.31787109375 1069.980712890625
v 26.00553321838379 998.7125854492188 1072.5958251953125
v 26.00506019592285 1001.1209716796875 1069.9962158203125
v 8.802679061889648 1008.9985961914062 1062.0758056640625
v -2.6686654090881348 1004.6919555664062 1067.2947998046875
v 8.805315971374512 999.3536376953125 1072.5469970703125
v 8.804054260253906 1004.1751708984375 1067.3336181640625
v -25.622419357299805 1020.4012451171875 1051.3203125
v -48.55550765991211 1012.3181762695312 1061.8592529296875
v -25.615764617919922 1001.108642578125 1072.430419921875
v -25.618818283081055 1010.7718505859375 1061.947021484375
v -94.33902740478516 1026.0640869140625 1051.0665283203125
v -139.9388885498047 1012.0308227539062 1072.224853515625
v -94.33941650390625 987.1163330078125 1092.786376953125
v -94.33866882324219 1006.6339111328125 1072.235107421875
v -227.69688415527344 1046.52001953125 1051.15576171875
v -314.46942138671875 1024.202392578125 1092.8992919921875
v -227.69908142089844 1006.3540649414062 1092.9012451171875
v 43.14565658569336 999.9475708007812 1070.77685546875
v 43.1512451171875 999.9662475585938 1070.756591796875
v 43.145652770996094 999.9640502929688 1070.7591552734375
v 43.1512451171875 999.9615478515625 1070.76171875
v 43.1512451171875 999.9638671875 1070.7591552734375
v 43.145652770996094 999.9710693359375 1070.75146484375
v 43.145652770996094 999.9851684570312 1070.7362060546875
v 43.14564514160156 1000.0322265625 1070.6854248046875
v 43.100914001464844 1000.0144653320312 1070.7056884765625
v 43.14564895629883 1000.0133666992188 1070.705810546875
v 43.10089874267578 1000.1085205078125 1070.60400390625
v 43.01143264770508 1000.0730590820312 1070.64453125
v 43.10090255737305 1000.0709228515625 1070.6446533203125
v 43.13447189331055 999.9666137695312 1070.756591796875
v 43.123287200927734 999.9622192382812 1070.7615966796875
v 43.13447189331055 999.9572143554688 1070.7667236328125
v 43.13447189331055 999.9619140625 1070.7615966796875
v 43.100921630859375 999.9486083984375 1070.77685546875
v 43.123291015625 999.938720703125 1070.7869873046875
v 43.123287200927734 999.9481201171875 1070.77685546875
v 43.011451721191406 999.9413452148438 1070.786865234375
v 43.056190490722656 999.9215087890625 1070.8072509765625
v 43.05618667602539 999.9403076171875 1070.786865234375
v 42.832515716552734 999.9268798828125 1070.8067626953125
v 42.92198944091797 999.8870849609375 1070.84765625
v 42.9219856262207 999.9247436523438 1070.8070068359375
v 43.1512451171875 999.970947265625 1070.75146484375
v 43.145652770996094 999.96875 1070.7540283203125
v 43.1512451171875 999.9685668945312 1070.7540283203125
v 43.13446807861328 999.97607421875 1070.7464599609375
v 43.123287200927734 999.9716186523438 1070.75146484375
v 43.13446807861328 999.9713134765625 1070.75146484375
v 43.12328338623047 999.9951171875 1070.72607421875
v 43.10091781616211 999.9862670898438 1070.7362060546875
v 43.12328338623047 999.9857177734375 1070.7362060546875
v 43.1512451171875 999.9674072265625 1070.75537109375
v 43.1512451171875 999.9697875976562 1070.7528076171875
v 43.1512451171875 999.9756469726562 1070.7464599609375
v 43.145652770996094 999.9734497070312 1070.7489013671875
v 43.145652770996094 999.98046875 1070.7413330078125
v 31.72840690612793 1027.835693359375 1040.2113037109375
v 20.266977310180664 1023.212158203125 1045.8424072265625
v 31.73001480102539 1022.8273315429688 1045.879638671875
v 31.72460174560547 1037.664794921875 1028.8944091796875
v 20.262964248657227 1033.173583984375 1034.50537109375
v 31.726608276367188 1032.78564453125 1034.5458984375
v 20.248878479003906 1056.768310546875 1006.4549560546875
v -2.690383195877075 1048.5570068359375 1017.5166625976562
v 20.255142211914062 1047.559326171875 1017.6241455078125
v -2.7265689373016357 1093.6883544921875 960.2603759765625
v -48.592010498046875 1078.6651611328125 983.4530639648438
v -2.7138028144836426 1075.7493896484375 983.728271484375
v -48.51255798339844 1173.0521240234375 840.1563720703125
v -140.02149963378906 1148.7674560546875 898.53564453125
v -48.57328414916992 1139.0045166015625 898.9762573242188
v 31.719919204711914 1047.1689453125 1017.6680297851562
v 20.25800132751465 1042.8502197265625 1023.2244873046875
v 31.722370147705078 1042.4603271484375 1023.267578125
v 37.451934814453125 1042.2921142578125 1023.2862548828125
v 31.723514556884766 1040.07373046875 1026.0772705078125
v 37.4539680480957 1037.496826171875 1028.91259765625
v 37.452980041503906 1039.9056396484375 1026.095703125
v 40.31612777709961 1042.214599609375 1023.2948608398438
v 37.45246505737305 1041.1016845703125 1024.68994140625
v 40.31711959838867 1039.828125 1026.104248046875
v 40.31663131713867 1041.024169921875 1024.6986083984375
v 37.44969940185547 1047.00048828125 1017.68701171875
v 31.721168518066406 1044.8248291015625 1020.465087890625
v 37.45083999633789 1044.656494140625 1020.48388671875
v 31.71453857421875 1056.3780517578125 1006.4999389648438
v 20.2520809173584 1052.1937255859375 1012.0390014648438
v 31.7172908782959 1051.8033447265625 1012.08349609375
v 20.235788345336914 1074.7578125 983.8484497070312
v -2.7060012817382812 1066.79150390625 995.1204223632812
v 20.24227523803711 1065.795654296875 995.2339477539062
v 31.708850860595703 1065.406494140625 995.2803344726562
v 20.245590209960938 1061.29736328125 1000.8579711914062
v 31.711708068847656 1060.9075927734375 1000.903564453125
v 31.703245162963867 1074.37060546875 983.8975830078125
v 20.238988876342773 1070.277587890625 989.5687866210938
v 31.706012725830078 1069.8892822265625 989.6163330078125
v 20.224992752075195 1092.7113037109375 960.4098510742188
v -2.7208468914031982 1084.740478515625 972.0721435546875
v 20.229875564575195 1083.7548828125 972.2047729492188
v -2.714977979660034 1136.514892578125 899.40869140625
v -48.59901428222656 1119.94482421875 927.5578002929688
v -2.730710744857788 1117.185302734375 927.9969482421875
v 31.698118209838867 1083.3702392578125 972.259033203125
v 20.23273277282715 1079.25048828125 978.0592651367188
v 31.700597763061523 1078.864501953125 978.1106567382812
v 37.432029724121094 1078.6978759765625 978.1328735351562
v 31.701904296875 1076.615234375 981.0133666992188
v 37.4344596862793 1074.203369140625 983.9188842773438
v 37.4332275390625 1076.4482421875 981.0350952148438
v 40.29832458496094 1076.371337890625 981.0451049804688
v 37.433841705322266 1075.3253173828125 982.479248046875
v 40.299495697021484 1074.1263427734375 983.9287109375
v 40.29890823364258 1075.2484130859375 982.4891357421875
v 31.704618453979492 1072.1292724609375 986.7646484375
v 37.43699264526367 1069.7216796875 989.6369018554688
v 37.43571472167969 1071.9617919921875 986.7855834960938
v 40.297183990478516 1078.62109375 978.1431274414062
v 37.43262481689453 1077.572509765625 979.5862426757812
v 40.297752380371094 1077.49560546875 979.5963745117188
v 37.42975616455078 1083.2041015625 972.282470703125
v 31.69933319091797 1081.1171875 975.1913452148438
v 37.430870056152344 1080.9508056640625 975.2141723632812
v 31.693857192993164 1092.3302001953125 960.4708862304688
v 20.227275848388672 1088.2493896484375 966.3120727539062
v 31.69585418701172 1087.8663330078125 966.36962890625
v 20.22071075439453 1116.2630615234375 928.18701171875
v -2.731309413909912 1105.9212646484375 943.7278442382812
v 20.22072982788086 1104.96435546875 943.9017333984375
v 41.73018264770508 1077.4588623046875 979.6012573242188
v 40.298038482666016 1076.933349609375 980.3213500976562
v 41.73073959350586 1076.3345947265625 981.0499267578125
v 41.73046112060547 1076.8966064453125 980.326171875
v 42.44664001464844 1076.8785400390625 980.3285522460938
v 41.7306022644043 1076.615478515625 980.6881713867188
v 42.44691848754883 1076.3165283203125 981.05224609375
v 42.44677734375 1076.5975341796875 980.6905517578125
v 40.298614501953125 1075.8096923828125 981.7677001953125
v 41.73130798339844 1075.2115478515625 982.493896484375
v 41.73102569580078 1075.77294921875 981.7724609375
v 42.80472183227539 1076.86962890625 980.3297119140625
v 42.44670867919922 1076.738037109375 980.5095825195312
v 42.80485916137695 1076.588623046875 980.6917114257812
v 42.80479049682617 1076.7291259765625 980.5107421875
v 42.44636535644531 1077.44091796875 979.6036376953125
v 41.73031997680664 1077.1776123046875 979.9638671875
v 42.446502685546875 1077.15966796875 979.9662475585938
v 41.72962951660156 1078.5843505859375 978.1480712890625
v 40.29746627807617 1078.0582275390625 978.8703002929688
v 41.72990417480469 1078.021484375 978.8751831054688
v 40.296077728271484 1080.8741455078125 975.2246704101562
v 37.43144607543945 1079.8240966796875 976.6753540039062
v 40.296627044677734 1079.747314453125 976.6857299804688
v 42.983760833740234 1076.865234375 980.3302612304688
v 42.80475616455078 1076.7994384765625 980.4202270507812
v 42.983829498291016 1076.7247314453125 980.5112915039062
v 42.983795166015625 1076.7950439453125 980.4207763671875
v 42.80458450317383 1077.1507568359375 979.9674072265625
v 42.446571350097656 1077.0191650390625 980.1473999023438
v 42.80465316772461 1077.01025390625 980.1485595703125
v 42.98369216918945 1077.005859375 980.149169921875
v 42.8046875 1076.93994140625 980.2391357421875
v 42.983726501464844 1076.935546875 980.23974609375
v 31.69007682800293 1104.5916748046875 943.9727172851562
v 20.222408294677734 1098.9259033203125 952.095947265625
v 31.69158172607422 1098.5484619140625 952.1621704101562
v 37.423736572265625 1098.385498046875 952.1907958984375
v 31.6926326751709 1095.4571533203125 956.306640625
v 37.425838470458984 1092.165771484375 960.497314453125
v 37.42470932006836 1095.2933349609375 956.334228515625
v 37.422332763671875 1104.430908203125 944.0034790039062
v 31.690723419189453 1101.595947265625 948.0474853515625
v 37.42293930053711 1101.4339599609375 948.0772094726562
v 31.689903259277344 1115.904541015625 928.2646484375
v 20.220121383666992 1110.7620849609375 935.9085693359375
v 31.68947982788086 1110.3956298828125 935.9835205078125
v 20.23219108581543 1135.691650390625 899.5978393554688
v -2.7246782779693604 1127.301025390625 913.3132934570312
v 20.225008010864258 1126.4266357421875 913.5072631835938
v -2.6772360801696777 1170.947509765625 840.493408203125
v -48.538814544677734 1155.6546630859375 872.0567626953125
v -2.692122220993042 1153.3980712890625 872.4352416992188
v -140.0392303466797 1218.3817138671875 751.81494140625
v -48.50929641723633 1209.2491455078125 752.027587890625
v 40.28850173950195 1101.359375 948.0908813476562
v 37.423316955566406 1099.9156494140625 950.129638671875
v 40.28926467895508 1098.3104248046875 952.2040405273438
v 40.28886413574219 1099.8408203125 950.1431274414062
v 40.28791809082031 1104.3568115234375 944.0176391601562
v 37.422611236572266 1102.9393310546875 946.0347290039062
v 40.28818893432617 1102.864990234375 946.0486450195312
v 37.421756744384766 1110.2374267578125 936.0159912109375
v 31.689655303955078 1107.5277099609375 939.9480590820312
v 37.42193603515625 1107.3680419921875 939.9796752929688
v 40.287532806396484 1107.2945556640625 939.9943237304688
v 37.4221076965332 1105.907470703125 941.9847412109375
v 40.28770065307617 1105.8336181640625 941.9990844726562
v 40.287357330322266 1110.1646728515625 936.0309448242188
v 37.421817779541016 1108.811767578125 937.9896850585938
v 40.287418365478516 1108.738525390625 938.0044555664062
v 37.42211151123047 1115.749755859375 928.2982177734375
v 31.689563751220703 1113.188232421875 932.088623046875
v 37.421817779541016 1113.0316162109375 932.1217041015625
v 31.69340705871582 1126.087158203125 913.5864868164062
v 20.222402572631836 1121.4736328125 920.7322387695312
v 31.691267013549805 1121.1241455078125 920.8112182617188
v 40.28740692138672 1112.9595947265625 932.136962890625
v 37.421756744384766 1111.644287109375 934.0597534179688
v 40.287353515625 1111.57177734375 934.0748901367188
v 37.425228118896484 1125.9407958984375 913.6207885742188
v 31.692251205444336 1123.6357421875 917.172607421875
v 37.423316955566406 1120.9735107421875 920.8453979492188
v 37.4241943359375 1123.4871826171875 917.2069091796875
v 31.699357986450195 1135.372802734375 899.6751708984375
v 20.228334426879883 1131.1549072265625 906.474853515625
v 31.69615936279297 1130.825927734375 906.553466796875
v 20.249109268188477 1152.6527099609375 872.6040649414062
v -2.7034971714019775 1145.1014404296875 885.97900390625
v 20.24073600769043 1144.3228759765625 886.1586303710938
v 40.29060363769531 1125.8734130859375 913.6365966796875
v 37.4246940612793 1124.72119140625 915.4075927734375
v 40.28963088989258 1123.418701171875 917.2227172851562
v 40.29010009765625 1124.6533203125 915.4234008789062
v 37.427696228027344 1130.68408203125 906.5875244140625
v 31.694717407226562 1128.4825439453125 910.04833984375
v 37.4264030456543 1128.33837890625 910.08251953125
v 40.291709899902344 1128.2720947265625 910.0983276367188
v 37.42580032348633 1127.1463623046875 911.845947265625
v 40.291141510009766 1127.0794677734375 911.8617553710938
v 41.72368621826172 1127.0474853515625 911.8693237304688
v 40.290870666503906 1126.4781494140625 912.7477416992188
v 41.723167419433594 1125.8411865234375 913.6441650390625
v 41.72342300415039 1126.446044921875 912.7553100585938
v 42.4399299621582 1127.0318603515625 911.873046875
v 41.72355651855469 1126.7471923828125 912.3119506835938
v 42.43967056274414 1126.430419921875 912.759033203125
v 42.43980026245117 1126.7315673828125 912.315673828125
v 41.724239349365234 1128.2403564453125 910.1058349609375
v 40.29142379760742 1127.677490234375 910.9786376953125
v 41.723960876464844 1127.6456298828125 910.9862060546875
v 40.292930603027344 1130.6187744140625 906.6032104492188
v 37.42703628540039 1129.5174560546875 908.3298950195312
v 40.29230499267578 1129.45166015625 908.3456420898438
v 37.43056869506836 1135.2354736328125 899.7086791992188
v 31.697711944580078 1133.121337890625 903.0972900390625
v 37.4290885925293 1132.981689453125 903.131103515625
v 31.706445693969727 1144.0218505859375 886.232177734375
v 20.23638916015625 1140.06982421875 892.839111328125
v 31.702842712402344 1139.7603759765625 892.9146728515625
v 42.797916412353516 1126.7237548828125 912.3175048828125
v 42.439735412597656 1126.5810546875 912.5372314453125
v 42.797786712646484 1126.422607421875 912.7608642578125
v 42.7978515625 1126.5733642578125 912.5390625
v 41.72329330444336 1126.14404296875 913.1994018554688
v 42.43941879272461 1125.825439453125 913.6478881835938
v 42.439544677734375 1126.1282958984375 913.2030639648438
v 40.290348052978516 1125.26513671875 914.5284423828125
v 41.722679138183594 1124.620849609375 915.4309692382812
v 41.72291946411133 1125.2327880859375 914.5360717773438
v 42.976905822753906 1126.5694580078125 912.5399780273438
v 42.79781723022461 1126.498046875 912.64990234375
v 42.97684097290039 1126.418701171875 912.76171875
v 42.97687530517578 1126.494140625 912.6508178710938
v 42.439605712890625 1126.2794189453125 912.98095703125
v 42.79766082763672 1126.12060546875 913.2048950195312
v 42.79772186279297 1126.271728515625 912.9827880859375
v 42.97697067260742 1126.719970703125 912.3184204101562
v 42.797882080078125 1126.6485595703125 912.4282836914062
v 42.9769401550293 1126.644775390625 912.42919921875
v 42.79804611206055 1127.024169921875 911.8748779296875
v 42.43986511230469 1126.8818359375 912.09423828125
v 42.79798126220703 1126.8740234375 912.0960693359375
v 42.4401969909668 1127.6300048828125 910.9899291992188
v 41.72382354736328 1127.346923828125 911.4274291992188
v 42.4400634765625 1127.3314208984375 911.43115234375
v 37.43369674682617 1139.627197265625 892.9473876953125
v 31.701074600219727 1137.58447265625 896.2825317382812
v 37.43210983276367 1137.44921875 896.315673828125
v 37.43693542480469 1143.8922119140625 886.2640380859375
v 31.704639434814453 1141.904541015625 889.5670776367188
v 37.4353141784668 1141.773193359375 889.599365234375
v 31.713359832763672 1152.36474609375 872.6732788085938
v 20.245038986206055 1148.4976806640625 879.4617309570312
v 31.710006713867188 1148.2037353515625 879.5331420898438
v 20.259241104125977 1170.2528076171875 840.6458129882812
v -2.6827399730682373 1161.8582763671875 857.6632080078125
v 20.255786895751953 1161.1390380859375 857.822265625
v -2.6934187412261963 1207.2918701171875 752.3211059570312
v -48.50550842285156 1193.127197265625 796.7290649414062
v -2.6804442405700684 1191.1380615234375 797.0587768554688
v 40.30011749267578 1141.7127685546875 889.6142578125
v 37.43450164794922 1140.7039794921875 891.2711791992188
v 40.29859161376953 1139.5657958984375 892.9625244140625
v 40.299354553222656 1140.64306640625 891.2861328125
v 41.73239517211914 1141.6839599609375 889.6213989257812
v 40.29973602294922 1141.1788330078125 890.4496459960938
v 41.731651306152344 1140.614013671875 891.2933349609375
v 41.732025146484375 1141.14990234375 890.4568481445312
v 40.3016471862793 1143.8326416015625 886.2787475585938
v 37.43612289428711 1142.835693359375 887.9310302734375
v 40.300880432128906 1142.7757568359375 887.94580078125
v 37.440128326416016 1148.0771484375 879.5640258789062
v 31.708242416381836 1146.1190185546875 882.8936157226562
v 37.43854522705078 1145.9910888671875 882.9249877929688
v 42.44850158691406 1141.6697998046875 889.6248779296875
v 41.732208251953125 1141.4171142578125 890.0390014648438
v 42.44813919067383 1141.1356201171875 890.4603271484375
v 42.44831848144531 1141.4029541015625 890.04248046875
v 41.73313522338867 1142.7469482421875 887.952880859375
v 40.300498962402344 1142.2451171875 888.7797241210938
v 41.732765197753906 1142.21630859375 888.7868041992188
v 42.806549072265625 1141.662841796875 889.6265869140625
v 42.44841003417969 1141.536376953125 889.8336181640625
v 42.80636978149414 1141.39599609375 890.044189453125
v 42.80645751953125 1141.5294189453125 889.8353271484375
v 42.44886779785156 1142.2021484375 888.790283203125
v 41.73257827758789 1141.9503173828125 889.2039794921875
v 42.44868469238281 1141.9361572265625 889.2074584960938
v 42.806732177734375 1141.92919921875 889.209228515625
v 42.44859313964844 1141.8031005859375 889.4161376953125
v 42.806640625 1141.7960205078125 889.4178466796875
v 40.30316925048828 1145.9322509765625 882.939453125
v 37.437744140625 1144.9437255859375 884.5961303710938
v 40.30241012573242 1144.884521484375 884.6107177734375
v 41.734619140625 1144.8560791015625 884.61767578125
v 40.30202865600586 1144.359130859375 885.4449462890625
v 41.73387908935547 1143.8040771484375 886.2857666015625
v 41.734249114990234 1144.3306884765625 885.4519653320312
v 42.4506950378418 1144.84228515625 884.62109375
v 41.73443603515625 1144.593505859375 885.034912109375
v 42.4503288269043 1144.3167724609375 885.4553833007812
v 42.45051193237305 1144.5797119140625 885.038330078125
v 41.735355377197266 1145.904052734375 882.9464111328125
v 40.30278778076172 1145.4088134765625 883.775634765625
v 41.7349853515625 1145.3804931640625 883.7825927734375
v 40.30466079711914 1148.01904296875 879.5783081054688
v 37.4393424987793 1147.0352783203125 881.2484130859375
v 40.303916931152344 1146.9766845703125 881.2627563476562
v 37.44313049316406 1152.240966796875 872.7033081054688
v 31.711719512939453 1150.2830810546875 876.1324462890625
v 37.44166564941406 1150.157958984375 876.1629028320312
v 31.71879005432129 1160.8614501953125 857.8875732421875
v 20.252756118774414 1156.846923828125 865.4395751953125
v 31.71634292602539 1156.5643310546875 865.5067749023438
v 42.45105743408203 1145.36669921875 883.7860107421875
v 41.73480224609375 1145.118408203125 884.2002563476562
v 42.45087432861328 1145.1046142578125 884.2036743164062
v 42.808902740478516 1145.0977783203125 884.205322265625
v 42.450782775878906 1144.9735107421875 884.4124145507812
v 42.80872344970703 1144.83544921875 884.622802734375
v 42.808815002441406 1144.9666748046875 884.4140625
v 42.80908203125 1145.3599853515625 883.7876586914062
v 42.450965881347656 1145.2357177734375 883.994873046875
v 42.80899429321289 1145.2288818359375 883.9965209960938
v 42.451416015625 1145.8902587890625 882.9497680664062
v 41.735172271728516 1145.6424560546875 883.3646240234375
v 42.451236724853516 1145.628662109375 883.3680419921875
v 41.736083984375 1146.94873046875 881.2696533203125
v 40.30354309082031 1146.454833984375 882.1019287109375
v 41.7357177734375 1146.4267578125 882.1088256835938
v 41.73680114746094 1147.9912109375 879.5850830078125
v 40.304290771484375 1147.498046875 880.421630859375
v 41.73644256591797 1147.47021484375 880.428466796875
v 40.30610656738281 1150.1004638671875 876.1768798828125
v 37.44090270996094 1149.1177978515625 877.86962890625
v 40.305389404296875 1149.0599365234375 877.8837890625
v 41.737510681152344 1149.0322265625 877.8905639648438
v 40.30502700805664 1148.53955078125 878.732421875
v 41.73715591430664 1148.5118408203125 878.7391967773438
v 42.45319366455078 1148.498291015625 878.7425537109375
v 41.73698043823242 1148.2515869140625 879.1624755859375
v 42.452842712402344 1147.9775390625 879.5884399414062
v 42.45301818847656 1148.2379150390625 879.1658325195312
v 42.45354080200195 1149.018798828125 877.8938598632812
v 41.737335205078125 1148.7720947265625 878.3152465820312
v 42.453365325927734 1148.758544921875 878.3185424804688
v 41.73820495605469 1150.072998046875 876.1836547851562
v 40.30575180053711 1149.5802001953125 877.0320434570312
v 41.737857818603516 1149.5526123046875 877.0387573242188
v 40.307491302490234 1152.1839599609375 872.7171020507812
v 37.44240951538086 1151.19873046875 874.4415283203125
v 40.30680847167969 1151.1414794921875 874.4554443359375
v 37.44579315185547 1156.4427490234375 865.5358276367188
v 31.714908599853516 1154.4560546875 869.1375122070312
v 37.444515228271484 1154.3333740234375 869.1669921875
v 42.81137466430664 1148.7518310546875 878.3201904296875
v 42.453277587890625 1148.62841796875 878.5306396484375
v 42.81120300292969 1148.4915771484375 878.7442016601562
v 42.81128692626953 1148.6217041015625 878.5322875976562
v 42.990291595458984 1148.618408203125 878.5330810546875
v 42.81124496459961 1148.556640625 878.6382446289062
v 42.990203857421875 1148.48828125 878.7449951171875
v 42.99024963378906 1148.5533447265625 878.6390991210938
v 42.45310592651367 1148.3681640625 878.9542846679688
v 42.81102752685547 1148.2313232421875 879.16748046875
v 42.81111526489258 1148.3614501953125 878.9559326171875
v 42.990379333496094 1148.74853515625 878.321044921875
v 42.81133270263672 1148.686767578125 878.42626953125
v 42.990333557128906 1148.6834716796875 878.4270629882812
v 42.811546325683594 1149.0120849609375 877.8955078125
v 42.453453063964844 1148.888671875 878.1063232421875
v 42.81146240234375 1148.8819580078125 878.10791015625
v 42.45388412475586 1149.5391845703125 877.0420532226562
v 41.73768615722656 1149.29248046875 877.4650268554688
v 42.453712463378906 1149.2789306640625 877.4683837890625
v 41.73954391479492 1152.15673828125 872.7236938476562
v 40.307151794433594 1151.6624755859375 873.5885009765625
v 41.73888397216797 1151.1141357421875 874.4620971679688
v 41.73921585083008 1151.63525390625 873.5951538085938
v 40.30879211425781 1154.2769775390625 869.1806030273438
v 37.4438362121582 1153.2855224609375 870.9458618164062
v 40.30815124511719 1153.2288818359375 870.9595947265625
v 42.455543518066406 1152.1434326171875 872.7269287109375
v 41.7393798828125 1151.8958740234375 873.1600341796875
v 42.45521926879883 1151.621826171875 873.598388671875
v 42.45538330078125 1151.882568359375 873.1632690429688
v 41.74018478393555 1153.2017822265625 870.9661254882812
v 40.307823181152344 1152.7060546875 871.8408813476562
v 41.7398681640625 1152.678955078125 871.8474731445312
v 42.813533782958984 1152.1368408203125 872.7285766601562
v 42.45546340942383 1152.0130615234375 872.9452514648438
v 42.81337356567383 1151.8759765625 873.1648559570312
v 42.813453674316406 1152.0064697265625 872.9468383789062
v 42.45586013793945 1152.6656494140625 871.8507080078125
v 41.739707946777344 1152.417724609375 872.2861938476562
v 42.45570373535156 1152.4044189453125 872.2894287109375
v 42.99252700805664 1152.1336669921875 872.7293701171875
v 42.81349563598633 1152.0716552734375 872.8377685546875
v 42.99244689941406 1152.003173828125 872.9476318359375
v 42.992488861083984 1152.068359375 872.8385620117188
v 42.81369400024414 1152.39794921875 872.291015625
v 42.455623626708984 1152.27392578125 872.5083618164062
v 42.81361389160156 1152.267333984375 872.5099487304688
v 42.99260711669922 1152.26416015625 872.5107421875
v 42.81357192993164 1152.2021484375 872.6192626953125
v 42.99256896972656 1152.1988525390625 872.6200561523438
v 40.309993743896484 1156.386962890625 865.5492553710938
v 37.445167541503906 1155.385498046875 867.3644409179688
v 40.30940628051758 1155.3294677734375 867.3779296875
v 37.44796371459961 1160.7421875 857.9158325195312
v 31.71764373779297 1158.6968994140625 861.7628784179688
v 37.44694900512695 1158.5765380859375 861.7915649414062
v 31.72142219543457 1169.9849853515625 840.7084350585938
v 20.258012771606445 1165.5882568359375 849.60595703125
v 31.720537185668945 1165.3154296875 849.6697387695312
v 20.25433349609375 1190.4945068359375 797.2066650390625
v -2.6767709255218506 1181.206298828125 819.4889526367188
v 20.258487701416016 1180.5386962890625 819.6385498046875
v 41.74140167236328 1155.3026123046875 867.3843994140625
v 40.30910110473633 1154.8026123046875 868.2824096679688
v 41.740806579589844 1154.2501220703125 869.1871337890625
v 41.74110794067383 1154.7757568359375 868.2888793945312
v 42.45737075805664 1155.2894287109375 867.3875732421875
v 41.74125671386719 1155.0390625 867.8374633789062
v 42.45708084106445 1154.7625732421875 868.2920532226562
v 42.45722579956055 1155.02587890625 867.8406372070312
v 41.74197006225586 1156.3602294921875 865.5556640625
v 40.3097038269043 1155.8575439453125 866.4669799804688
v 41.7416877746582 1155.8306884765625 866.4734497070312
v 40.31108093261719 1158.521240234375 861.8047485351562
v 37.446388244628906 1157.5062255859375 863.678955078125
v 40.310550689697266 1157.4505615234375 863.6923217773438
v 42.4576530456543 1155.817626953125 866.4766235351562
v 41.741546630859375 1155.5665283203125 866.9297485351562
v 42.45751190185547 1155.5533447265625 866.9329223632812
v 42.815486907958984 1155.546875 866.9344482421875
v 42.45743942260742 1155.42138671875 867.1604614257812
v 42.815345764160156 1155.282958984375 867.38916015625
v 42.8154182434082 1155.4149169921875 867.1619873046875
v 42.81562805175781 1155.8111572265625 866.4781494140625
v 42.457584381103516 1155.6854248046875 866.7049560546875
v 42.81555938720703 1155.6790771484375 866.70654296875
v 42.45793151855469 1156.34716796875 865.558837890625
v 41.7418327331543 1156.0953369140625 866.0154418945312
v 42.45779037475586 1156.082275390625 866.0185546875
v 41.74251174926758 1157.424072265625 863.6986694335938
v 40.31027603149414 1156.91796875 864.6244506835938
v 41.742244720458984 1156.891357421875 864.630859375
v 42.994544982910156 1155.67578125 866.707275390625
v 42.815521240234375 1155.6129150390625 866.820556640625
v 42.99447250366211 1155.543701171875 866.9352416992188
v 42.9945068359375 1155.6097412109375 866.8213500976562
v 37.44949722290039 1165.1982421875 849.6973266601562
v 31.71976089477539 1163.065185546875 853.8626098632812
v 37.44881820678711 1162.9468994140625 853.8905639648438
v 37.45023727416992 1169.8699951171875 840.7355346679688
v 31.721097946166992 1167.6197509765625 845.290771484375
v 37.449974060058594 1167.503662109375 845.3180541992188
v 31.72040367126465 1180.2818603515625 819.7000122070312
v 20.25937843322754 1175.35546875 830.4488525390625
v 31.721355438232422 1175.0931396484375 830.5107421875
v 40.31413269042969 1169.817138671875 840.748046875
v 37.45013427734375 1168.678955078125 843.052978515625
v 40.313899993896484 1167.4503173828125 845.3306884765625
v 40.31404113769531 1168.6258544921875 843.0654907226562
v 37.45010757446289 1174.98046875 830.5375366210938
v 31.72150993347168 1172.518798828125 835.7022705078125
v 37.45028305053711 1172.4049072265625 835.7291870117188
v 37.44916534423828 1180.1717529296875 819.7266235351562
v 31.72098159790039 1177.6876220703125 825.1659545898438
v 37.44972610473633 1177.5762939453125 825.192626953125
v 31.71645164489746 1190.2476806640625 797.2673950195312
v 20.25674819946289 1185.639404296875 808.47216796875
v 31.718717575073242 1185.3878173828125 808.5333251953125
v 20.24146842956543 1206.6707763671875 752.4529418945312
v -2.6865592002868652 1199.77880859375 774.7415161132812
v 20.24818992614746 1199.1514892578125 774.8848266601562
v -2.6996009349823 1228.0931396484375 658.5433959960938
v -48.51111602783203 1221.7557373046875 705.6705322265625
v -2.703234910964966 1219.7744140625 705.8699951171875
v 40.313053131103516 1180.12109375 819.7388916015625
v 37.449466705322266 1178.875244140625 822.4727783203125
v 40.313602447509766 1177.525146484375 825.2049560546875
v 40.31334686279297 1178.824462890625 822.4850463867188
v 37.44755172729492 1185.280029296875 808.5597534179688
v 31.719642639160156 1182.85546875 814.1451416015625
v 37.44843292236328 1182.7464599609375 814.171630859375
v 41.74488067626953 1180.096923828125 819.7448120117188
v 40.31320571899414 1179.4732666015625 821.114990234375
v 41.74517059326172 1178.800048828125 822.490966796875
v 41.74502944946289 1179.448974609375 821.1209106445312
v 40.312339782714844 1182.6964111328125 814.1838989257812
v 37.44881820678711 1181.462890625 816.958251953125
v 40.312713623046875 1181.41259765625 816.9705200195312
v 42.460914611816406 1179.4371337890625 821.123779296875
v 41.74510192871094 1179.1246337890625 821.8067016601562
v 42.461055755615234 1178.7882080078125 822.4938354492188
v 42.46098709106445 1179.11279296875 821.8095703125
v 40.313480377197266 1178.1749267578125 823.8485107421875
v 41.74542236328125 1177.5006103515625 825.2108154296875
v 41.745304107666016 1178.1505126953125 823.8544311523438
v 37.4499397277832 1176.277099609375 827.8822021484375
v 40.3139762878418 1174.9288330078125 830.5498657226562
v 40.313812255859375 1176.2257080078125 827.89453125
v 42.818851470947266 1179.4312744140625 821.1251831054688
v 42.46095275878906 1179.2750244140625 821.4668579101562
v 42.81892395019531 1179.10693359375 821.8109741210938
v 42.81888961791992 1179.2691650390625 821.46826171875
v 42.46076583862305 1180.0850830078125 819.7476806640625
v 41.744956970214844 1179.7730712890625 820.43359375
v 42.46084213256836 1179.76123046875 820.4364624023438
v 41.74454879760742 1181.3885498046875 816.9763793945312
v 40.312889099121094 1180.7677001953125 818.3572387695312
v 41.744720458984375 1180.7435302734375 818.3630981445312
v 42.99781799316406 1179.4283447265625 821.1259155273438
v 42.818870544433594 1179.3502197265625 821.2968139648438
v 42.99785232543945 1179.2662353515625 821.468994140625
v 42.99783706665039 1179.3472900390625 821.2974853515625
v 42.81877899169922 1179.75537109375 820.4378662109375
v 42.460880279541016 1179.5992431640625 820.7802734375
v 42.818817138671875 1179.5933837890625 820.78173828125
v 42.99778366088867 1179.5904541015625 820.7824096679688
v 42.81883239746094 1179.5123291015625 820.9534912109375
v 42.997798919677734 1179.5093994140625 820.9542236328125
v 37.445411682128906 1190.141845703125 797.2936401367188
v 31.717647552490234 1187.8587646484375 802.896728515625
v 37.44654083251953 1187.751953125 802.923095703125
v 31.71079444885254 1198.9114990234375 774.9436645507812
v 20.251422882080078 1194.9901123046875 786.022705078125
v 31.71375846862793 1194.7471923828125 786.082763671875
v 40.30942153930664 1190.09326171875 797.3057861328125
v 37.445987701416016 1188.9583740234375 800.1055297851562
v 40.310508728027344 1187.702880859375 802.9352416992188
v 40.30997848510742 1188.9095458984375 800.1176147460938
v 37.44288635253906 1194.64306640625 786.1087036132812
v 31.71514892578125 1192.54248046875 791.6647338867188
v 37.44418716430664 1192.4375 791.69091796875
v 40.30824279785156 1192.3892822265625 791.7029418945312
v 37.4448127746582 1191.30126953125 794.4891357421875
v 40.308841705322266 1191.2529296875 794.501220703125
v 20.231904983520508 1219.1514892578125 705.9600219726562
v -2.699406385421753 1213.98291015625 729.3411865234375
v 20.235576629638672 1213.3594970703125 729.4529418945312
v 31.69601058959961 1218.9140625 705.9970703125
v 20.233375549316406 1216.377685546875 717.7548828125
v 31.699291229248047 1213.1217041015625 729.4989013671875
v 31.69730567932129 1216.1395263671875 717.7962036132812
v 20.236783981323242 1227.4990234375 658.5996704101562
v -2.703700542449951 1224.5089111328125 682.147705078125
v 20.23184585571289 1223.8988037109375 682.220703125
v -2.659898042678833 1229.4248046875 564.1241455078125
v -48.49215316772461 1233.2686767578125 610.604248046875
v -2.679002046585083 1231.35595703125 610.6302490234375
v 37.42634582519531 1218.812255859375 706.0131225585938
v 31.696561813354492 1217.5584716796875 711.9070434570312
v 37.42753601074219 1216.037353515625 717.8140869140625
v 37.426849365234375 1217.456298828125 711.9239501953125
v 31.69615936279297 1223.666748046875 682.2506713867188
v 20.23133659362793 1221.6627197265625 694.0999145507812
v 31.695571899414062 1221.427490234375 694.1332397460938
v 40.2911262512207 1218.7655029296875 706.0205078125
v 37.42657470703125 1218.142333984375 708.9708862304688
v 40.291603088378906 1217.409423828125 711.9317626953125
v 40.291343688964844 1218.095458984375 708.978515625
v 37.42597198486328 1221.32666015625 694.147705078125
v 31.695674896240234 1220.204345703125 700.070556640625
v 37.426048278808594 1220.1029052734375 700.0857543945312
v 41.723426818847656 1218.7431640625 706.0240478515625
v 40.291229248046875 1218.4324951171875 707.5000610351562
v 41.723636627197266 1218.0731201171875 708.9821166992188
v 41.72352600097656 1218.41015625 707.503662109375
v 40.29084777832031 1220.0562744140625 700.0927734375
v 37.426170349121094 1219.4658203125 703.0511474609375
v 40.29096221923828 1219.4190673828125 703.058349609375
v 42.43965148925781 1218.399169921875 707.50537109375
v 41.72357940673828 1218.2421875 708.2430419921875
v 42.439762115478516 1218.0621337890625 708.98388671875
v 42.43970489501953 1218.231201171875 708.2448120117188
v 40.29146957397461 1217.7545166015625 710.4557495117188
v 41.72389221191406 1217.3870849609375 711.9354858398438
v 41.723758697509766 1217.7320556640625 710.4594116210938
v 37.42716979980469 1216.754638671875 714.871826171875
v 40.292259216308594 1215.990478515625 717.8223266601562
v 40.291908264160156 1216.7076416015625 714.8798217773438
v 31.698223114013672 1214.6597900390625 723.6613159179688
v 37.42937469482422 1213.0196533203125 729.5187377929688
v 37.428382873535156 1214.5576171875 723.68017578125
v 20.238330841064453 1210.1171875 741.0277709960938
v 31.70465850830078 1206.4337158203125 752.5071411132812
v 31.701797485351562 1209.8798828125 741.0781860351562
v 42.79771041870117 1218.393798828125 707.5062866210938
v 42.43967819213867 1218.3153076171875 707.8751220703125
v 42.79776382446289 1218.225830078125 708.2456665039062
v 42.79773712158203 1218.3099365234375 707.8759765625
v 42.43955612182617 1218.732177734375 706.0257568359375
v 41.72347640991211 1218.5771484375 706.7639770507812
v 42.43960189819336 1218.566162109375 706.7656860351562
v 41.7232666015625 1219.3968505859375 703.061767578125
v 40.291038513183594 1219.0943603515625 704.5398559570312
v 41.72334289550781 1219.072021484375 704.5433959960938
v 42.79766082763672 1218.560791015625 706.7666015625
v 42.43962860107422 1218.4827880859375 707.1355590820312
v 42.79768371582031 1218.4774169921875 707.136474609375
v 42.97671127319336 1218.4747314453125 707.1369018554688
v 42.797698974609375 1218.4356689453125 707.3213500976562
v 42.97673797607422 1218.39111328125 707.5067138671875
v 42.97672653198242 1218.4329833984375 707.32177734375
v 43.066226959228516 1218.473388671875 707.1370849609375
v 42.97671890258789 1218.453857421875 707.2293701171875
v 43.06623840332031 1218.431640625 707.322021484375
v 43.06623077392578 1218.4525146484375 707.2295532226562
v 42.976688385009766 1218.55810546875 706.7670288085938
v 42.797672271728516 1218.5191650390625 706.9515380859375
v 42.97669982910156 1218.5164794921875 706.9519653320312
v 42.79761505126953 1218.726806640625 706.026611328125
v 42.439579010009766 1218.6492919921875 706.395751953125
v 42.797637939453125 1218.6439208984375 706.3966064453125
v 42.43947219848633 1219.0611572265625 704.5451049804688
v 41.72338104248047 1218.9080810546875 705.2838134765625
v 42.439510345458984 1218.897216796875 705.2855224609375
v 43.11098861694336 1218.451904296875 707.2296752929688
v 43.06623458862305 1218.442138671875 707.2757568359375
v 43.11099624633789 1218.4310302734375 707.3221435546875
v 43.110992431640625 1218.44140625 707.27587890625
v 42.97673034667969 1218.412109375 707.4142456054688
v 43.06624984741211 1218.3897705078125 707.5068969726562
v 43.066246032714844 1218.4107666015625 707.4144897460938
v 42.79772186279297 1218.3519287109375 707.691162109375
v 42.97676467895508 1218.3072509765625 707.8764038085938
v 42.976749420166016 1218.3492431640625 707.6915893554688
v 31.70107650756836 1227.273681640625 658.622802734375
v 20.233604431152344 1225.8480224609375 670.37109375
v 31.697938919067383 1225.6195068359375 670.3978271484375
v 20.26053237915039 1230.7548828125 610.6416625976562
v -2.690558671951294 1230.442138671875 634.9135131835938
v 20.247209548950195 1229.855224609375 634.9487915039062
v 37.43132400512695 1227.177001953125 658.6328125
v 31.69932746887207 1226.484619140625 664.4976806640625
v 37.42830276489258 1225.521484375 670.409423828125
v 37.42964172363281 1226.387451171875 664.5084838867188
v 31.71124839782715 1229.6326904296875 634.9632568359375
v 20.24144172668457 1228.8477783203125 646.7933959960938
v 31.705629348754883 1228.6246337890625 646.8124389648438
v 40.29601287841797 1227.1326904296875 658.637451171875
v 37.43043899536133 1226.7918701171875 661.5672607421875
v 40.294376373291016 1226.3427734375 664.5134887695312
v 40.2951545715332 1226.7474365234375 661.5720825195312
v 37.43568801879883 1228.529052734375 646.8206787109375
v 31.703197479248047 1227.990478515625 652.7144775390625
v 37.43335723876953 1227.89453125 652.7236328125
v 41.727413177490234 1226.72607421875 661.5743408203125
v 40.29475402832031 1226.5474853515625 663.0419311523438
v 41.72665023803711 1226.3214111328125 664.515869140625
v 41.727020263671875 1226.526123046875 663.0442504882812
v 37.42892837524414 1225.9638671875 667.4561157226562
v 40.29307174682617 1225.4765625 670.4147338867188
v 40.29368591308594 1225.9190673828125 667.4613037109375
v 31.696889877319336 1224.6796875 676.3175048828125
v 37.426570892333984 1223.567138671875 682.263671875
v 37.427284240722656 1224.5809326171875 676.3297729492188
v 41.7282600402832 1227.111572265625 658.6396484375
v 40.29557418823242 1226.9425048828125 660.1039428710938
v 41.72782516479492 1226.9212646484375 660.106201171875
v 40.29799270629883 1227.8504638671875 652.7278442382812
v 37.43230056762695 1227.5458984375 655.6764526367188
v 40.29696273803711 1227.501708984375 655.680908203125
v 37.44106674194336 1229.537353515625 634.9695434570312
v 31.708328247070312 1229.1729736328125 640.900634765625
v 37.438270568847656 1229.07763671875 640.907958984375
v 31.72420883178711 1230.526611328125 610.6463623046875
v 20.25370216369629 1230.4981689453125 622.9382934570312
v 31.71756362915039 1230.274169921875 622.9479370117188
v 20.28350257873535 1228.73681640625 564.0955200195312
v -2.6678240299224854 1230.863525390625 585.9957275390625
v 20.27365493774414 1230.2239990234375 585.9838256835938
v -2.657517194747925 1224.6741943359375 530.8656005859375
v 37.44710922241211 1230.17822265625 622.9521484375
v 31.71434211730957 1230.000732421875 628.9843139648438
v 37.444026947021484 1229.9052734375 628.9895629882812
v 37.453468322753906 1230.428955078125 610.6483764648438
v 31.720869064331055 1230.4500732421875 616.8381958007812
v 37.45027160644531 1230.3533935546875 616.84130859375
v 31.737022399902344 1229.9798583984375 585.9788208007812
v 20.26731300354004 1230.64208984375 598.182861328125
v 31.730817794799805 1230.4068603515625 598.1825561523438
v 40.31441116333008 1230.30908203125 616.8427124023438
v 37.44868469238281 1230.2783203125 619.9069213867188
v 40.31134033203125 1230.13427734375 622.9541015625
v 40.312870025634766 1230.234130859375 619.9085693359375
v 41.7463493347168 1230.2879638671875 616.8434448242188
v 40.313636779785156 1230.2747802734375 618.3782958984375
v 41.744834899902344 1230.2130126953125 619.9093627929688
v 41.74559020996094 1230.253662109375 618.3790893554688
v 40.31751251220703 1230.3841552734375 610.6492919921875
v 37.451866149902344 1230.4034423828125 613.75390625
v 40.31595993041992 1230.35888671875 613.7550659179688
v 37.45979309082031 1230.30615234375 598.1824340820312
v 31.727540969848633 1230.5093994140625 604.4094848632812
v 37.45665740966797 1230.4102783203125 604.410400390625
v 41.74787139892578 1230.337646484375 613.755615234375
v 40.315185546875 1230.337158203125 615.3015747070312
v 41.747108459472656 1230.31591796875 615.3021850585938
v 42.46303939819336 1230.3055419921875 615.302490234375
v 41.746726989746094 1230.302734375 616.0735473632812
v 42.462284088134766 1230.277587890625 616.84375
v 42.46266174316406 1230.2923583984375 616.0738525390625
v 42.82099533081055 1230.3004150390625 615.3026733398438
v 42.462852478027344 1230.2991943359375 615.6883544921875
v 42.820621490478516 1230.2872314453125 616.073974609375
v 42.82080841064453 1230.2940673828125 615.6885375976562
v 42.46379470825195 1230.3272705078125 613.7559204101562
v 41.74748992919922 1230.3275146484375 614.529541015625
v 42.463417053222656 1230.3172607421875 614.5298461914062
v 41.74939727783203 1230.3626708984375 610.6497192382812
v 40.316734313964844 1230.37451171875 612.2040405273438
v 41.748634338378906 1230.3531494140625 612.2045288085938
v 40.32060623168945 1230.3648681640625 604.4108276367188
v 37.4550666809082 1230.4307861328125 607.5315551757812
v 40.31906509399414 1230.3857421875 607.5322265625
v 42.821372985839844 1230.3121337890625 614.5299682617188
v 42.46323013305664 1230.3116455078125 614.9163208007812
v 42.82118606567383 1230.3065185546875 614.91650390625
v 37.465736389160156 1229.8753662109375 585.9766845703125
v 31.733993530273438 1230.2274169921875 592.0206909179688
v 37.462833404541016 1230.125 592.01953125
v 31.746763229370117 1228.4730224609375 564.0836791992188
v 20.2791748046875 1229.5675048828125 574.484375
v 31.74245262145996 1229.3134765625 574.4754638671875
v 20.289426803588867 1223.8914794921875 530.8253173828125
v -2.6567211151123047 1227.361572265625 546.4219970703125
v 20.28847885131836 1226.6259765625 546.385498046875
v 40.32660675048828 1230.0780029296875 592.0189819335938
v 37.46133041381836 1230.2247314453125 595.0894165039062
v 40.32365417480469 1230.260009765625 598.182373046875
v 40.32514190673828 1230.1781005859375 595.089111328125
v 41.758338928222656 1230.0555419921875 592.0187377929688
v 40.32587814331055 1230.1302490234375 593.5507202148438
v 41.756900787353516 1230.1558837890625 595.0889282226562
v 41.757625579833984 1230.10791015625 593.5504760742188
v 40.32942581176758 1229.8275146484375 585.9757080078125
v 37.46430587768555 1230.0081787109375 588.9796752929688
v 40.328033447265625 1229.9608154296875 588.9788818359375
v 37.470951080322266 1229.204833984375 574.4716186523438
v 31.739856719970703 1229.67236328125 580.1121215820312
v 37.46845626831055 1229.5657958984375 580.1090698242188
v 42.47346115112305 1230.0970458984375 593.5504150390625
v 41.75726318359375 1230.1324462890625 594.3189697265625
v 42.47274398803711 1230.14501953125 595.0888671875
v 42.47310256958008 1230.12158203125 594.31884765625
v 40.32440185546875 1230.221435546875 596.6332397460938
v 41.755435943603516 1230.2379150390625 598.1823120117188
v 41.75617218017578 1230.19921875 596.6331787109375
v 37.45823287963867 1230.368408203125 601.2916870117188
v 40.322139739990234 1230.3226318359375 601.2918701171875
v 42.83136749267578 1230.0916748046875 593.5503540039062
v 42.47328186035156 1230.1094970703125 593.9344482421875
v 42.83101272583008 1230.1162109375 594.31884765625
v 42.83119201660156 1230.1041259765625 593.9343872070312
v 42.47416687011719 1230.044677734375 592.0185546875
v 41.75798416137695 1230.082275390625 592.7837524414062
v 42.47381591796875 1230.0714111328125 592.7836303710938
v 41.759742736816406 1229.9381103515625 588.978515625
v 40.32732391357422 1230.021484375 590.4947509765625
v 41.7590446472168 1229.9989013671875 590.4944458007812
v 42.831722259521484 1230.06591796875 592.7835693359375
v 42.473636627197266 1230.0843505859375 593.1668090820312
v 42.831546783447266 1230.0789794921875 593.166748046875
v 43.010498046875 1230.0762939453125 593.1666870117188
v 42.831459045410156 1230.0853271484375 593.3585205078125
v 43.01032257080078 1230.0889892578125 593.5503540039062
v 43.01041030883789 1230.0826416015625 593.3584594726562
v 43.099971771240234 1230.074951171875 593.1666870117188
v 43.01045227050781 1230.0794677734375 593.2625732421875
v 43.099884033203125 1230.081298828125 593.3584594726562
v 43.09992980957031 1230.078125 593.2625732421875
v 43.01067352294922 1230.063232421875 592.7835083007812
v 42.831634521484375 1230.072509765625 592.97509765625
v 43.01058578491211 1230.06982421875 592.9750366210938
v 42.83207321166992 1230.0391845703125 592.0184936523438
v 42.47399139404297 1230.05810546875 592.40087890625
v 42.8318977355957 1230.052734375 592.4008178710938
v 42.47486877441406 1229.9879150390625 590.4942626953125
v 41.75869369506836 1230.02783203125 591.2555541992188
v 42.47452163696289 1230.016845703125 591.2554321289062
v 43.100059509277344 1230.0684814453125 592.9750366210938
v 43.01054382324219 1230.072998046875 593.0708618164062
v 43.10001754760742 1230.0716552734375 593.0708618164062
v 40.33206558227539 1229.5169677734375 580.107666015625
v 37.46712112426758 1229.7275390625 583.0175170898438
v 40.330772399902344 1229.67919921875 583.016357421875
v 40.33449172973633 1229.155029296875 574.4698486328125
v 37.46973419189453 1229.3912353515625 577.2581176757812
v 40.333309173583984 1229.3419189453125 577.2565307617188
v 37.47510528564453 1228.3599853515625 564.0785522460938
v 31.74476432800293 1228.911865234375 569.1238403320312
v 37.473175048828125 1228.801025390625 569.1192626953125
v 31.75191879272461 1226.3426513671875 546.3704223632812
v 20.286561965942383 1227.7574462890625 554.8248901367188
v 31.749876022338867 1227.4837646484375 554.8110961914062
v 40.33665466308594 1228.750244140625 569.1171875
v 37.47209930419922 1229.0078125 571.7564697265625
v 40.335609436035156 1228.95751953125 571.7545166015625
v 41.76822280883789 1228.7259521484375 569.1162109375
v 40.33613967895508 1228.85498046875 570.42578125
v 41.76719284057617 1228.9334716796875 571.7536010742188
v 41.76771926879883 1228.830810546875 570.4248046875
v 40.33853530883789 1228.3082275390625 564.076171875
v 37.474178314208984 1228.5850830078125 566.5614013671875
v 40.33763122558594 1228.5338134765625 566.5592041015625
v 37.478126525878906 1227.3665771484375 554.8051147460938
v 31.748462677001953 1227.9970703125 559.3250122070312
v 37.476749420166016 1227.882080078125 559.3194580078125
v 40.34148406982422 1227.3128662109375 554.8023681640625
v 37.47747039794922 1227.6290283203125 557.0339965820312
v 40.34013748168945 1227.829345703125 559.3168334960938
v 40.340843200683594 1227.5758056640625 557.0313110351562
v 37.48013687133789 1226.2213134765625 546.3638916015625
v 31.75102424621582 1226.932373046875 550.5051879882812
v 37.479251861572266 1226.813232421875 550.4989013671875
v 31.753297805786133 1223.5892333984375 530.8086547851562
v 20.289390563964844 1225.3385009765625 538.4835815429688
v 31.753015518188477 1225.0457763671875 538.4676513671875
v -2.6612980365753174 1221.332763671875 515.2075805664062
v 20.287418365478516 1220.5028076171875 515.1622924804688
v 41.7723503112793 1227.5504150390625 557.030029296875
v 40.34049987792969 1227.7037353515625 558.1666870117188
v 41.77165603637695 1227.8040771484375 559.3156127929688
v 41.772010803222656 1227.678466796875 558.1654663085938
v 37.4759635925293 1228.125732421875 561.6660766601562
v 40.33937072753906 1228.073486328125 561.6636352539062
v 42.48772430419922 1227.666015625 558.1648559570312
v 41.77183532714844 1227.7415771484375 558.7386474609375
v 42.487369537353516 1227.7918701171875 559.3150024414062
v 42.487548828125 1227.729248046875 558.738037109375
v 40.33976364135742 1227.9525146484375 560.4822998046875
v 41.770896911621094 1228.0484619140625 561.6624145507812
v 41.77128601074219 1227.927490234375 560.4810791015625
v 42.845394134521484 1227.72314453125 558.7377319335938
v 42.48746109008789 1227.7606201171875 559.0260620117188
v 42.845218658447266 1227.7857666015625 559.314697265625
v 42.845306396484375 1227.7545166015625 559.0257568359375
v 41.7714729309082 1227.8660888671875 559.8964233398438
v 42.487003326416016 1227.9151611328125 560.48046875
v 42.48719024658203 1227.853759765625 559.8958129882812
v 43.024314880371094 1227.7200927734375 558.7376098632812
v 42.84535217285156 1227.7388916015625 558.8816528320312
v 43.024227142333984 1227.75146484375 559.025634765625
v 43.02427291870117 1227.73583984375 558.8814697265625
v 42.8455696105957 1227.659912109375 558.16455078125
v 42.48763656616211 1227.69775390625 558.4509887695312
v 42.845481872558594 1227.691650390625 558.45068359375
v 42.488059997558594 1227.5379638671875 557.0294189453125
v 41.77218246459961 1227.61474609375 557.595947265625
v 42.487892150878906 1227.602294921875 557.5953369140625
v 41.772979736328125 1227.2872314453125 554.801025390625
v 40.34117126464844 1227.445556640625 555.9100341796875
v 41.772674560546875 1227.4200439453125 555.9087524414062
v 40.34258270263672 1226.758544921875 550.4959716796875
v 37.47871780395508 1227.0947265625 552.6282958984375
v 40.342063903808594 1227.04052734375 552.62548828125
v 43.0244026184082 1227.6885986328125 558.4505004882812
v 42.84543991088867 1227.7073974609375 558.5941162109375
v 43.02436065673828 1227.704345703125 558.5939331054688
v 40.34345245361328 1226.165771484375 546.3609008789062
v 37.47972106933594 1226.5220947265625 548.4122924804688
v 40.343048095703125 1226.467041015625 548.4093017578125
v 37.48125076293945 1224.92041015625 538.4607543945312
v 31.75257682800293 1225.7138671875 542.3701782226562
v 37.480796813964844 1225.590576171875 542.3634643554688
v 41.77492904663086 1226.13916015625 546.3594360351562
v 40.343257904052734 1226.317626953125 547.380615234375
v 41.7745246887207 1226.440673828125 548.4078979492188
v 41.77473449707031 1226.2911376953125 547.3792114257812
v 40.34410858154297 1225.5340576171875 542.3603515625
v 37.480491638183594 1225.910888671875 544.3491821289062
v 40.343807220458984 1225.854736328125 544.3461303710938
v 42.49042510986328 1226.2781982421875 547.3784790039062
v 41.77463150024414 1226.3662109375 547.8923950195312
v 42.49021911621094 1226.427734375 548.4072265625
v 42.490325927734375 1226.353271484375 547.8917236328125
v 40.34282302856445 1226.614013671875 549.4475708007812
v 41.77406692504883 1226.732421875 550.4945678710938
v 41.7743034362793 1226.5877685546875 549.4461669921875
v 42.848262786865234 1226.2718505859375 547.378173828125
v 42.49037551879883 1226.3157958984375 547.6348266601562
v 42.84815979003906 1226.346923828125 547.891357421875
v 42.84821319580078 1226.3094482421875 547.6344604492188
v 42.49061965942383 1226.126220703125 546.3587646484375
v 41.77483367919922 1226.2154541015625 546.8682250976562
v 42.49052429199219 1226.2025146484375 546.8675537109375
v 41.7752799987793 1225.8280029296875 544.3446655273438
v 40.34363555908203 1226.011474609375 545.349609375
v 41.775108337402344 1225.98486328125 545.34814453125
v 43.02717971801758 1226.2686767578125 547.3779907226562
v 42.848236083984375 1226.2906494140625 547.5062255859375
v 43.02712631225586 1226.3062744140625 547.63427734375
v 43.02715301513672 1226.2874755859375 547.5060424804688
v 42.84836196899414 1226.1961669921875 546.8671875
v 42.490474700927734 1226.240478515625 547.1227416992188
v 42.84831237792969 1226.2340087890625 547.1223754882812
v 43.027225494384766 1226.2308349609375 547.1222534179688
v 42.84828567504883 1226.2529296875 547.2501831054688
v 43.02720260620117 1226.249755859375 547.2500610351562
v 40.34456253051758 1224.8629150390625 538.4575805664062
v 37.481048583984375 1225.260498046875 540.4021606445312
v 40.3443603515625 1225.203369140625 540.3990478515625
v 37.48160171508789 1223.459716796875 530.8014526367188
v 31.753250122070312 1224.3377685546875 534.6260375976562
v 37.48151397705078 1224.2103271484375 534.6190185546875
v 31.75192642211914 1220.1815185546875 515.1436157226562
v 20.288724899291992 1222.2808837890625 523.1173095703125
v 31.752891540527344 1221.96923828125 523.0997924804688
v 40.34483337402344 1224.15185546875 534.61572265625
v 37.481407165527344 1224.5703125 536.5345458984375
v 40.344722747802734 1224.5123291015625 536.5313110351562
v 41.776302337646484 1224.1239013671875 534.6141967773438
v 40.344783782958984 1224.3333740234375 535.572509765625
v 41.776187896728516 1224.484619140625 536.52978515625
v 41.77625274658203 1224.3055419921875 535.5709228515625
v 40.344932556152344 1223.400390625 530.798095703125
v 37.4815788269043 1223.840087890625 532.70947265625
v 40.34490203857422 1223.7811279296875 532.7061767578125
v 37.481300354003906 1221.8355712890625 523.0921630859375
v 31.753171920776367 1222.7999267578125 526.9786987304688
v 37.48152160644531 1222.6683349609375 526.9713134765625
v 42.491939544677734 1224.2919921875 535.5701904296875
v 41.776222229003906 1224.3953857421875 536.050048828125
v 42.491878509521484 1224.47119140625 536.529052734375
v 42.49190902709961 1224.3818359375 536.04931640625
v 40.34464645385742 1224.6888427734375 537.4928588867188
v 41.776031494140625 1224.83544921875 538.4560546875
v 41.77611541748047 1224.6612548828125 537.4912719726562
v 42.84977340698242 1224.2852783203125 535.56982421875
v 42.49192428588867 1224.3370361328125 535.8096923828125
v 42.8497428894043 1224.3751220703125 536.0489501953125
v 42.84975814819336 1224.330322265625 535.809326171875
v 42.49199295043945 1224.1102294921875 534.6134033203125
v 41.77627944946289 1224.2149658203125 535.0923461914062
v 42.491966247558594 1224.201416015625 535.0916137695312
v 41.77637481689453 1223.7530517578125 532.7046508789062
v 40.34487533569336 1223.9677734375 533.6605224609375
v 41.776344299316406 1223.939697265625 533.658935546875
v 43.02867126464844 1224.326904296875 535.8091430664062
v 42.84975051879883 1224.352783203125 535.9291381835938
v 43.028656005859375 1224.371826171875 536.0487670898438
v 43.028663635253906 1224.349365234375 535.928955078125
v 42.49189376831055 1224.426513671875 536.2891235351562
v 42.849708557128906 1224.4644775390625 536.5286865234375
v 42.849727630615234 1224.419921875 536.2887573242188
v 41.776153564453125 1224.5732421875 537.0101928710938
v 42.49180221557617 1224.6478271484375 537.4905395507812
v 42.49184036254883 1224.559814453125 537.0093994140625
v 43.0286865234375 1224.2818603515625 535.5696411132812
v 42.84976577758789 1224.3077392578125 535.6895751953125
v 43.02867889404297 1224.304443359375 535.6893310546875
v 42.84980010986328 1224.1947021484375 535.0911865234375
v 42.4919548034668 1224.2467041015625 535.330810546875
v 42.84978485107422 1224.239990234375 535.3304443359375
v 41.776405334472656 1223.3719482421875 530.7965087890625
v 40.34492111206055 1223.592041015625 531.7522583007812
v 41.77639389038086 1223.563720703125 531.7506713867188
v 40.34487533569336 1222.6080322265625 526.9678955078125
v 37.48158264160156 1223.0692138671875 528.8902587890625
v 40.34492111206055 1223.00927734375 528.8869018554688
v 42.492095947265625 1223.358154296875 530.7957763671875
v 41.77640151977539 1223.4681396484375 531.273681640625
v 42.49208450317383 1223.5499267578125 531.7499389648438
v 42.49209213256836 1223.454345703125 531.2728881835938
v 41.77640151977539 1222.980712890625 528.88525390625
v 40.344932556152344 1223.2061767578125 529.8432006835938
v 41.77640914916992 1223.1776123046875 529.8416137695312
v 42.49209976196289 1223.1636962890625 529.8408203125
v 41.77640914916992 1223.275146484375 530.3192138671875
v 42.49209976196289 1223.26123046875 530.3184204101562
v 42.84993362426758 1223.25439453125 530.3180541992188
v 42.49209976196289 1223.309814453125 530.55712890625
v 42.84993362426758 1223.351318359375 530.7953491210938
v 42.84993362426758 1223.3028564453125 530.5567016601562
v 43.02885055541992 1223.2509765625 530.3178100585938
v 42.84993362426758 1223.2786865234375 530.4373779296875
v 43.028846740722656 1223.2994384765625 530.5565185546875
v 43.028846740722656 1223.2752685546875 530.4371948242188
v 42.84993362426758 1223.1568603515625 529.8403930664062
v 42.49209976196289 1223.2125244140625 530.0796508789062
v 42.84993362426758 1223.2056884765625 530.0792846679688
v 42.49209213256836 1222.966796875 528.8844604492188
v 41.776405334472656 1223.0794677734375 529.3636474609375
v 42.49209976196289 1223.0655517578125 529.3628540039062
v 41.77635955810547 1222.5792236328125 526.96630859375
v 40.34490203857422 1222.8099365234375 527.9286499023438
v 41.77638244628906 1222.78125 527.9270629882812
v 40.34467697143555 1221.7742919921875 523.0886840820312
v 37.48143005371094 1222.2572021484375 525.0400390625
v 40.344791412353516 1222.1964111328125 525.03662109375
v 37.48047637939453 1220.0438232421875 515.135498046875
v 31.752470016479492 1221.0965576171875 519.1528930664062
v 37.4809455871582 1220.9609375 519.14501953125
v 20.2856388092041 1218.552734375 506.98834228515625
v 31.750530242919922 1218.2220458984375 506.9681701660156
v 43.02885055541992 1223.2022705078125 530.0790405273438
v 42.84993362426758 1223.2301025390625 530.1986694335938
v 43.02885055541992 1223.2266845703125 530.198486328125
v 43.02885055541992 1223.1534423828125 529.8402099609375
v 42.84993362426758 1223.1812744140625 529.9598388671875
v 43.02885055541992 1223.1778564453125 529.9596557617188
v 42.84993362426758 1223.0587158203125 529.3624877929688
v 42.49209976196289 1223.11474609375 529.6018676757812
v 42.84993362426758 1223.1077880859375 529.6015014648438
v 41.77627944946289 1222.167236328125 525.034912109375
v 40.3448371887207 1222.4034423828125 526.0040893554688
v 41.77632522583008 1222.37451171875 526.00244140625
v 41.77617263793945 1221.7449951171875 523.0870361328125
v 40.3447380065918 1221.986572265625 524.0648803710938
v 41.77622985839844 1221.9573974609375 524.063232421875
v 40.34435272216797 1220.898681640625 519.1414184570312
v 37.48114013671875 1221.403564453125 521.1268920898438
v 40.34452819824219 1221.341796875 521.1233520507812
v 36.19100570678711 1216.6243896484375 501.1098327636719
v 29.232994079589844 1217.4442138671875 503.6033935546875
v 25.755552291870117 1217.8565673828125 504.84991455078125
v 25.646902084350586 1217.8695068359375 504.8888854980469
v 25.64011001586914 1217.870361328125 504.8913269042969
v 25.636714935302734 1217.8707275390625 504.89251708984375
v 25.63501739501953 1217.8709716796875 504.89312744140625
v 25.63330841064453 1217.87109375 504.89373779296875
v 25.61962890625 1217.872802734375 504.8986511230469
v 25.592267990112305 1217.8759765625 504.9084777832031
v 25.537546157836914 1217.8824462890625 504.9280700683594
v 25.31866455078125 1217.9085693359375 505.0065612792969
v 24.88092041015625 1217.9605712890625 505.1634826660156
v 24.005496978759766 1218.0648193359375 505.4773254394531
v 22.25493621826172 1218.2735595703125 506.1049499511719
v 15.257203102111816 1219.1126708984375 508.6143798828125
v 8.26849365234375 1219.9581298828125 511.1214294433594
v 1.2912044525146484 1220.8096923828125 513.6253051757812
v -0.45105335116386414 1221.0235595703125 514.2506103515625
v -1.3218470811843872 1221.1304931640625 514.5631713867188
v -1.7571580410003662 1221.18408203125 514.719482421875
v -2.1924102306365967 1221.2376708984375 514.8756713867188
v -5.672134876251221 1221.6669921875 516.1249389648438
v -12.618260383605957 1222.52978515625 518.6192016601562
v -19.544301986694336 1223.3974609375 521.1071166992188
v -26.44750213623047 1224.27001953125 523.5878295898438
v -28.169410705566406 1224.4888916015625 524.2067260742188
v -29.029752731323242 1224.598388671875 524.5159912109375
v -29.896265029907227 1224.7088623046875 524.8274536132812
v -33.37589645385742 1225.153564453125 526.078369140625
v -36.849361419677734 1225.5989990234375 527.3272705078125
v -37.716835021972656 1225.7105712890625 527.6392211914062
v -38.15044403076172 1225.7662353515625 527.795166015625
v -38.367218017578125 1225.794189453125 527.8731079101562
v -38.421409606933594 1225.8011474609375 527.892578125
v -38.428184509277344 1225.802001953125 527.89501953125
v -38.43156814575195 1225.802490234375 527.896240234375
v -38.434940338134766 1225.8028564453125 527.8974609375
v -38.44844436645508 1225.8046875 527.9022827148438
v -38.47544860839844 1225.80810546875 527.9119873046875
v -38.583465576171875 1225.822021484375 527.9508666992188
v -40.31111526489258 1226.04443359375 528.5721435546875
v -43.763423919677734 1226.4901123046875 529.8137817382812
v -47.212501525878906 1226.9371337890625 531.054443359375
v -54.104644775390625 1227.8365478515625 533.5342407226562
v -55.827171325683594 1228.0628662109375 534.1542358398438
v -57.5499153137207 1228.2899169921875 534.7742919921875
v -60.99648666381836 1228.74658203125 536.0151977539062
v -64.44522094726562 1229.20703125 537.2572631835938
v -67.89698791503906 1229.6717529296875 538.5008544921875
v -69.624267578125 1229.9058837890625 539.1233520507812
v -70.0562515258789 1229.9647216796875 539.279052734375
v -70.48831176757812 1230.0235595703125 539.434814453125
v -71.35266876220703 1230.1414794921875 539.746337890625
v -74.8137435913086 1230.61669921875 540.9943237304688
v -78.2811508178711 1231.098388671875 542.2452392578125
v -81.75553894042969 1231.5870361328125 543.4993286132812
v -85.2375717163086 1232.0833740234375 544.7570190429688
v -86.10935974121094 1232.2088623046875 545.072021484375
v -86.32738494873047 1232.240234375 545.1507568359375
v -86.54544830322266 1232.271728515625 545.2296142578125
v -86.981689453125 1232.334716796875 545.3872680664062
v -88.7281494140625 1232.58837890625 546.0185546875
v -92.2284927368164 1233.1026611328125 547.284423828125
v -95.73908233642578 1233.627197265625 548.5551147460938
v -99.26033020019531 1234.1627197265625 549.8307495117188
v -101.02508544921875 1234.4349365234375 550.470458984375
v -102.7707290649414 1234.706787109375 551.1035766601562
v -106.15862274169922 1235.2418212890625 552.3330688476562
v -109.55757904052734 1235.788818359375 553.5677490234375
v -112.96739196777344 1236.347900390625 554.8075561523438
v -114.67630004882812 1236.6318359375 555.4293823242188
v -115.53174591064453 1236.7750244140625 555.74072265625
v -115.7457046508789 1236.81103515625 555.8186645507812
v -115.95968627929688 1236.846923828125 555.8965454101562
v -116.38768768310547 1236.9189453125 556.0523681640625
v -123.24638366699219 1238.0963134765625 558.5521850585938
v -126.6876220703125 1238.703369140625 559.8082275390625
v -128.4124298095703 1239.01171875 560.4382934570312
v -129.2760009765625 1239.167236328125 560.7538452148438
v -130.1398162841797 1239.323486328125 561.069580078125
v -137.05372619628906 1240.599853515625 563.5996704101562
v -143.98226928710938 1241.9259033203125 566.140380859375
v -150.93748474121094 1243.3057861328125 568.6964721679688
v -154.4288330078125 1244.017333984375 569.9816284179688
v -157.87075805664062 1244.7313232421875 571.2501220703125
v -164.71871948242188 1246.1895751953125 573.7780151367188
v -166.43362426757812 1246.562744140625 574.4119873046875
v -168.119140625 1246.9326171875 575.035400390625
v -171.48074340820312 1247.679443359375 576.2798461914062
v -178.24752807617188 1249.2203369140625 578.7891235351562
v -185.5553741455078 1250.93994140625 581.5053100585938
v -192.86587524414062 1252.717041015625 584.2289428710938
v -196.5109405517578 1253.6240234375 585.58935546875
v -198.32899475097656 1254.08154296875 586.2684326171875
v -199.2367706298828 1254.3111572265625 586.607666015625
v -200.1445770263672 1254.541748046875 586.947021484375
v -203.7782440185547 1255.4727783203125 588.3062133789062
v -207.41571044921875 1256.4180908203125 589.6682739257812
v -211.05686950683594 1257.3770751953125 591.033203125
v -214.70162963867188 1258.349853515625 592.4009399414062
v -214.92953491210938 1258.4111328125 592.4865112304688
v -215.157470703125 1258.472412109375 592.5720825195312
v -215.6133575439453 1258.5950927734375 592.7432861328125
v -216.52532958984375 1258.8411865234375 593.0858154296875
v -218.3498992919922 1259.3359375 593.7714233398438
v -222.00167846679688 1260.3350830078125 595.14453125
v -229.31570434570312 1262.3714599609375 597.8987426757812
v -231.13673400878906 1262.885498046875 598.5852661132812
v -232.93780517578125 1263.396484375 599.2645874023438
v -236.54151916503906 1264.4267578125 600.6246948242188
v -243.7532501220703 1266.516845703125 603.3497314453125
v -250.96694946289062 1268.641845703125 606.079345703125
v -258.1779479980469 1270.795654296875 608.811279296875
v -265.3814697265625 1272.9725341796875 611.5432739257812
v -272.5726623535156 1275.1669921875 614.2730102539062
v -276.162109375 1276.2689208984375 615.6362915039062
v -276.6104431152344 1276.4068603515625 615.806640625
v -276.7225036621094 1276.4412841796875 615.8491821289062
v -276.73651123046875 1276.445556640625 615.8544921875
v -276.7400207519531 1276.4466552734375 615.8558349609375
v -276.74176025390625 1276.447265625 615.8565063476562
v -276.7435302734375 1276.44775390625 615.857177734375
v -276.7505798339844 1276.449951171875 615.85986328125
v -276.77874755859375 1276.4586181640625 615.8705444335938
v -276.8350830078125 1276.4759521484375 615.8919677734375
v -277.0604248046875 1276.5452880859375 615.9775390625
v -277.9615173339844 1276.82275390625 616.3198852539062
v -279.76251220703125 1277.3780517578125 617.0042114257812
v -286.95050048828125 1279.6021728515625 619.7362060546875
v -290.5344543457031 1280.7152099609375 621.098876953125
v -294.1114807128906 1281.8284912109375 622.4591064453125
v -295.00537109375 1282.1070556640625 622.799072265625
v -295.9107666015625 1282.3892822265625 623.1434326171875
v -297.7202453613281 1282.9537353515625 623.8317260742188
v -301.3338928222656 1284.0823974609375 625.2063598632812
v -308.54156494140625 1286.3397216796875 627.9489135742188
v -310.33966064453125 1286.9041748046875 628.6332397460938
v -310.7889709472656 1287.0452880859375 628.8042602539062
v -311.0135803222656 1287.1158447265625 628.8897705078125
v -311.2381896972656 1287.1864013671875 628.9752197265625
v -312.1363830566406 1287.4686279296875 629.317138671875
v -315.7260437011719 1288.5980224609375 630.68359375
v -322.8918762207031 1290.8585205078125 633.4120483398438
v -326.4689636230469 1291.989990234375 634.7744140625
v -326.9158630371094 1292.1314697265625 634.9446411132812
v -327.3627014160156 1292.27294921875 635.1148071289062
v -328.2562561035156 1292.5560302734375 635.4552001953125
v -330.04290771484375 1293.122314453125 636.1358032226562
v -337.1839904785156 1295.390625 638.8566284179688
v -340.75213623046875 1296.5267333984375 640.2164306640625
v -342.5357971191406 1297.0953369140625 640.896240234375
v -344.3193359375 1297.6641845703125 641.5760498046875
v -351.4539489746094 1299.9439697265625 644.2959594726562
v -355.0224304199219 1301.0863037109375 645.6565551757812
v -356.80718994140625 1301.658203125 646.337158203125
v -357.6997375488281 1301.9442138671875 646.677490234375
v -358.14605712890625 1302.0872802734375 646.84765625
v -358.3692321777344 1302.1588134765625 646.9328002929688
v -358.4808044433594 1302.194580078125 646.975341796875
v -358.4947509765625 1302.1990966796875 646.9806518554688
v -358.5017395019531 1302.2012939453125 646.9833374023438
v -358.5086975097656 1302.20361328125 646.9859619140625
v -358.53656005859375 1302.2125244140625 646.99658203125
v -358.5923156738281 1302.2303466796875 647.0178833007812
v -365.7314453125 1304.521484375 649.7406005859375
v -372.8786315917969 1306.818603515625 652.466796875
v -376.455078125 1307.968994140625 653.8310546875
v -376.9022521972656 1308.11279296875 654.0016479492188
v -377.3494567871094 1308.2567138671875 654.1722412109375
v -378.24395751953125 1308.5445556640625 654.5134887695312
v -380.03326416015625 1309.120361328125 655.196044921875
v -387.19427490234375 1311.425537109375 657.9279174804688
v -394.3606262207031 1313.7332763671875 660.6619262695312
v -395.2567443847656 1314.0218505859375 661.0037841796875
v -395.4808044433594 1314.093994140625 661.0892944335938
v -395.59283447265625 1314.1300048828125 661.1320190429688
v -395.6488342285156 1314.1480712890625 661.1533813476562
v -395.65234375 1314.149169921875 661.1547241210938
v -395.6540832519531 1314.1497802734375 661.1553955078125
v -395.65582275390625 1314.1502685546875 661.1560668945312
v -395.6628112792969 1314.152587890625 661.1587524414062
v -395.6767883300781 1314.1571044921875 661.1640625
v -395.7047424316406 1314.166015625 661.1747436523438
v -396.15191650390625 1314.31005859375 661.3453369140625
v -397.940673828125 1314.8861083984375 662.0277709960938
v -401.5186462402344 1316.0382080078125 663.3927612304688
v -408.6749572753906 1318.34228515625 666.1228637695312
v -409.55572509765625 1318.625732421875 666.4588623046875
v -410.4364929199219 1318.9093017578125 666.7948608398438
v -412.1977844238281 1319.4761962890625 667.466796875
v -415.7196350097656 1320.609619140625 668.810302734375
v -422.75885009765625 1322.87451171875 671.49560546875
v -422.8138427734375 1322.8922119140625 671.5166015625
v -422.82757568359375 1322.8966064453125 671.5218505859375
v -422.8344421386719 1322.89892578125 671.5244750976562
v -422.8361511230469 1322.8994140625 671.5250854492188
v -422.837890625 1322.9000244140625 671.5257568359375
v -422.8413391113281 1322.901123046875 671.527099609375
v -422.8690185546875 1322.9100341796875 671.5376586914062
v -422.97967529296875 1322.945556640625 671.579833984375
v -423.2010192871094 1323.016845703125 671.664306640625
v -423.6436462402344 1323.1591796875 671.8331298828125
v -424.52880859375 1323.4439697265625 672.1707763671875
v -426.2987060546875 1324.01318359375 672.845947265625
v -429.8369445800781 1325.15087890625 674.1956176757812
v -436.9072570800781 1327.4212646484375 676.8922729492188
v -438.6736145019531 1327.98779296875 677.5658569335938
v -439.1151428222656 1328.1292724609375 677.7342529296875
v -439.5566101074219 1328.270751953125 677.902587890625
v -440.43951416015625 1328.5535888671875 678.2392578125
v -443.97003173828125 1329.68359375 679.5853881835938
v -451.0262756347656 1331.935302734375 682.2750244140625
v -454.5522766113281 1333.0567626953125 683.61865234375
v -454.9929504394531 1333.1966552734375 683.7865600585938
v -455.43359375 1333.3365478515625 683.9544067382812
v -456.3148193359375 1333.6162109375 684.2901611328125
v -458.07708740234375 1334.1748046875 684.96142578125
v -465.12384033203125 1336.4000244140625 687.6448364257812
v -468.6461486816406 1337.5068359375 688.9855346679688
v -470.4071044921875 1338.0587158203125 689.6555786132812
v -471.28753662109375 1338.334228515625 689.9906005859375
v -472.16796875 1338.6094970703125 690.3255615234375
v -479.211181640625 1340.801513671875 693.0039672851562
v -486.2552490234375 1342.974853515625 695.6805419921875
v -486.47540283203125 1343.04248046875 695.76416015625
v -486.5854797363281 1343.076171875 695.8059692382812
v -486.6405029296875 1343.0931396484375 695.8268432617188
v -486.64739990234375 1343.09521484375 695.8294677734375
v -486.64910888671875 1343.0958251953125 695.8301391601562
v -486.6508483886719 1343.0963134765625 695.830810546875
v -486.654296875 1343.097412109375 695.8320922851562
v -486.66815185546875 1343.1015625 695.8373413085938
v -486.69580078125 1343.110107421875 695.8478393554688
v -487.1383361816406 1343.245849609375 696.0159301757812
v -488.02349853515625 1343.5172119140625 696.35205078125
v -489.7939147949219 1344.058837890625 697.0242919921875
v -493.3352355957031 1345.1385498046875 698.368408203125
v -500.4198303222656 1347.2840576171875 701.0558471679688
v -501.3055725097656 1347.5509033203125 701.3916625976562
v -502.19134521484375 1347.817626953125 701.7275390625
v -503.9630126953125 1348.35009765625 702.3991088867188
v -507.50665283203125 1349.411865234375 703.7420043945312
v -514.5951538085938 1351.52294921875 706.4268798828125
v -516.3674926757812 1352.0482177734375 707.097900390625
v -516.4228515625 1352.0645751953125 707.1188354492188
v -516.4505615234375 1352.07275390625 707.1293334960938
v -516.4644165039062 1352.076904296875 707.1345825195312
v -516.4713134765625 1352.0789794921875 707.13720703125
v -516.478271484375 1352.0810546875 707.1398315429688
v -516.5892944335938 1352.1138916015625 707.181884765625
v -516.811279296875 1352.1795654296875 707.2659301757812
v -517.25537109375 1352.31103515625 707.4340209960938
v -518.1435546875 1352.5736083984375 707.7702026367188
v -521.6963500976562 1353.6214599609375 709.11474609375
v -528.8023681640625 1355.7056884765625 711.8026123046875
v -532.3555908203125 1356.7421875 713.1459350585938
v -533.243896484375 1357.0006103515625 713.481689453125
v -533.6880493164062 1357.1298828125 713.6495971679688
v -534.1322021484375 1357.2589111328125 713.8174438476562
v -535.9088134765625 1357.7747802734375 714.4888916015625
v -543.0151977539062 1359.8287353515625 717.1734619140625
v -550.1212158203125 1361.8677978515625 719.856201171875
v -553.7030029296875 1362.8900146484375 721.2078247070312
v -557.2894287109375 1363.90966796875 722.5607299804688
v -564.4594116210938 1365.93701171875 725.2642211914062
v -566.2511596679688 1366.4412841796875 725.9395751953125
v -566.6990356445312 1366.5672607421875 726.1083374023438
v -567.1469116210938 1366.6929931640625 726.277099609375
v -568.0425415039062 1366.9444580078125 726.6146240234375
v -571.623779296875 1367.9476318359375 727.9638671875
v -578.7794189453125 1369.940673828125 730.6585693359375
v -582.353271484375 1370.930419921875 732.0037231445312
v -582.7998046875 1371.0537109375 732.1717529296875
v -583.2462768554688 1371.1771240234375 732.3397827148438
v -584.1390380859375 1371.4234619140625 732.6757202148438
v -585.9238891601562 1371.915283203125 733.3472290039062
v -593.0534057617188 1373.8704833984375 736.0286254882812
v -600.1654663085938 1375.80517578125 738.70166015625
v -607.2573852539062 1377.7188720703125 741.3652954101562
v -614.32666015625 1379.6107177734375 744.0186767578125
v -621.50146484375 1381.514404296875 746.7098388671875
v -628.6585083007812 1383.3973388671875 749.3925170898438
v -632.2289428710938 1384.330810546875 750.7301635742188
v -635.7977905273438 1385.2601318359375 752.0667724609375
v -642.6100463867188 1387.0240478515625 754.6170043945312
v -649.4103393554688 1388.771728515625 757.1612548828125
v -656.2017211914062 1390.50439453125 759.7007446289062
v -657.0501708984375 1390.719970703125 760.0178833007812
v -657.474365234375 1390.82763671875 760.1764526367188
v -657.8985595703125 1390.935302734375 760.3350219726562
v -659.5951538085938 1391.365478515625 760.9691162109375
v -662.9879150390625 1392.223388671875 762.2368774414062
v -669.7730712890625 1393.9306640625 764.7713623046875
v -676.5602416992188 1395.62744140625 767.3052978515625
v -678.2577514648438 1396.0501708984375 767.9389038085938
v -678.6821899414062 1396.15576171875 768.0972900390625
v -678.7352294921875 1396.1690673828125 768.1170654296875
v -678.76171875 1396.1756591796875 768.126953125
v -678.7750244140625 1396.178955078125 768.1318969726562
v -678.7816772460938 1396.1805419921875 768.1343994140625
v -678.7883911132812 1396.1822509765625 768.1369018554688
v -678.895263671875 1396.2088623046875 768.1768188476562
v -679.1090698242188 1396.261962890625 768.256591796875
v -679.96435546875 1396.474609375 768.5757446289062
v -683.3861083984375 1397.32373046875 769.8526000976562
v -690.2317504882812 1399.0146484375 772.4061279296875
v -697.0772705078125 1400.6949462890625 774.9583740234375
v -703.91943359375 1402.3636474609375 777.508056640625
v -710.7548217773438 1404.0194091796875 780.053955078125
v -717.57861328125 1405.6607666015625 782.5942993164062
v -724.385986328125 1407.2864990234375 785.1272583007812
v -731.1735229492188 1408.8953857421875 787.6513671875
v -737.9375610351562 1410.4864501953125 790.1653442382812
v -741.3096313476562 1411.2750244140625 791.4180908203125
v -742.9995727539062 1411.6690673828125 792.0458374023438
v -744.7146606445312 1412.068115234375 792.6828002929688
v -751.5567016601562 1413.652099609375 795.222900390625
v -758.3720703125 1415.2183837890625 797.7517700195312
v -759.2233276367188 1415.4132080078125 798.0675659179688
v -760.0851440429688 1415.6103515625 798.3872680664062
v -761.807861328125 1416.00390625 799.0261840820312
v -765.249267578125 1416.7882080078125 800.3024291992188
v -768.6856689453125 1417.5692138671875 801.5765380859375
v -770.4020385742188 1417.9583740234375 802.2128295898438
v -770.8309936523438 1418.0556640625 802.371826171875
v -771.04541015625 1418.104248046875 802.4513549804688
v -771.2598266601562 1418.1527099609375 802.5308227539062
v -772.1173095703125 1418.346923828125 802.8486328125
v -775.5446166992188 1419.1217041015625 804.1189575195312
v -778.9678955078125 1419.893798828125 805.3875122070312
v -782.387451171875 1420.663330078125 806.654541015625
v -782.8146362304688 1420.75927734375 806.8128051757812
v -783.2418212890625 1420.8553466796875 806.9710693359375
v -784.095947265625 1421.047119140625 807.2874755859375
v -785.8037109375 1421.4305419921875 807.9201049804688
v -789.2171020507812 1422.195556640625 809.1845092773438
v -792.6278686523438 1422.95849609375 810.44775390625
v -794.3324584960938 1423.3392333984375 811.0789794921875
v -794.7584838867188 1423.434326171875 811.2367553710938
v -795.1845092773438 1423.5294189453125 811.39453125
v -796.0364990234375 1423.7196044921875 811.7100219726562
v -799.4434204101562 1424.4788818359375 812.9714965820312
v -802.8489990234375 1425.236328125 814.2323608398438
v -806.2536010742188 1425.9921875 815.4926147460938
v -809.7386474609375 1426.76416015625 816.7825317382812
v -813.2313232421875 1427.5361328125 818.0750122070312
v -820.208740234375 1429.0716552734375 820.6563720703125
v -821.9508056640625 1429.4534912109375 821.3007202148438
v -822.3861694335938 1429.548828125 821.461669921875
v -822.6038208007812 1429.5965576171875 821.5421752929688
v -822.8214111328125 1429.6441650390625 821.6226806640625
v -823.6917114257812 1429.83447265625 821.9445190429688
v -827.169189453125 1430.59326171875 823.2302856445312
v -830.6400146484375 1431.3472900390625 824.5132446289062
v -834.1033325195312 1432.0963134765625 825.7930297851562
v -837.55810546875 1432.839599609375 827.0691528320312
v -837.9892578125 1432.93212890625 827.2284545898438
v -838.204833984375 1432.9783935546875 827.3080444335938
v -838.4202880859375 1433.0245361328125 827.3876342773438
v -839.2818603515625 1433.208984375 827.705810546875
v -841.0029907226562 1433.57666015625 828.3412475585938
v -844.4366455078125 1434.306640625 829.6087036132812
v -847.85791015625 1435.0291748046875 830.8709716796875
v -851.2657470703125 1435.743408203125 832.1276245117188
v -852.9642333984375 1436.0972900390625 832.7537231445312
v -853.8120727539062 1436.2734375 833.0662231445312
v -854.0238647460938 1436.3173828125 833.144287109375
v -854.1297607421875 1436.33935546875 833.1832885742188
v -854.235595703125 1436.3612060546875 833.2222900390625
v -854.658935546875 1436.448974609375 833.3782958984375
v -857.6548461914062 1437.066650390625 834.48193359375
v -860.6370849609375 1437.6763916015625 835.5800170898438
v -863.6048583984375 1438.27783203125 836.6720581054688
v -866.5572509765625 1438.870361328125 837.7578735351562
v -869.4935913085938 1439.45361328125 838.8369750976562
v -871.001953125 1439.7508544921875 839.39111328125
v -872.5339965820312 1440.0509033203125 839.9536743164062
v -875.58349609375 1440.642822265625 841.0728759765625
v -878.6874389648438 1441.237548828125 842.211181640625
v -881.8290405273438 1441.831298828125 843.3624267578125
v -884.954345703125 1442.4134521484375 844.5066528320312
v -891.1622314453125 1443.5433349609375 846.7765502929688
v -897.3242797851562 1444.627685546875 849.025390625
v -903.4539794921875 1445.6666259765625 851.2579956054688
v -904.9830322265625 1445.919189453125 851.814208984375
v -905.3651123046875 1445.98193359375 851.953125
v -905.7472534179688 1446.0445556640625 852.092041015625
v -906.511474609375 1446.1690673828125 852.369873046875
v -909.5679931640625 1446.660400390625 853.4801025390625
v -915.6767578125 1447.607666015625 855.695068359375
v -921.7747192382812 1448.5042724609375 857.9005737304688
v -927.8565063476562 1449.3463134765625 860.0942993164062
v -930.889892578125 1449.7454833984375 861.1861572265625
v -932.4044799804688 1449.9395751953125 861.730712890625
v -933.92626953125 1450.1307373046875 862.2774658203125
v -940.1397094726562 1450.871337890625 864.505126953125
v -946.3621215820312 1451.542724609375 866.7280883789062
v -947.9190673828125 1451.69873046875 867.282958984375
v -948.69775390625 1451.7750244140625 867.5602416992188
v -949.4765625 1451.8499755859375 867.8374633789062
v -952.5929565429688 1452.1370849609375 868.9451904296875
v -958.8307495117188 1452.647216796875 871.1552124023438
v -965.0733642578125 1453.066650390625 873.3565673828125
v -965.8538818359375 1453.1123046875 873.6310424804688
v -966.6343994140625 1453.156494140625 873.9053344726562
v -968.1953735351562 1453.240234375 874.4534301757812
v -971.3170166015625 1453.3887939453125 875.5472412109375
v -977.5565185546875 1453.607666015625 877.724853515625
v -980.6730346679688 1453.6767578125 878.8079223632812
v -981.0623779296875 1453.6834716796875 878.9430541992188
v -981.45166015625 1453.689697265625 879.0780639648438
v -982.2300415039062 1453.700927734375 879.347900390625
v -983.7860107421875 1453.718017578125 879.8866577148438
v -989.9967041015625 1453.7149658203125 882.0291748046875
v -993.0921630859375 1453.669677734375 883.092041015625
v -996.1793823242188 1453.594482421875 884.148681640625
v -997.7319946289062 1453.545166015625 884.6787719726562
v -999.3021240234375 1453.4873046875 885.2139892578125
v -1002.4354858398438 1453.3477783203125 886.2792358398438
v -1005.5601806640625 1453.1763916015625 887.337890625
v -1008.6768798828125 1452.9730224609375 888.3901977539062
v -1009.454833984375 1452.9171142578125 888.65234375
v -1009.844970703125 1452.8883056640625 888.78369140625
v -1010.2351684570312 1452.8590087890625 888.9149780273438
v -1011.792236328125 1452.737060546875 889.4383544921875
v -1014.89111328125 1452.4696044921875 890.477294921875
v -1027.1890869140625 1451.0814208984375 894.5631103515625
v -1033.3599853515625 1450.1859130859375 896.5907592773438
v -1034.912841796875 1449.9395751953125 897.0986328125
v -1035.3018798828125 1449.87646484375 897.2257080078125
v -1035.49658203125 1449.8447265625 897.289306640625
v -1035.6912841796875 1449.8128662109375 897.3528442382812
v -1036.4698486328125 1449.6839599609375 897.6068725585938
v -1039.5745849609375 1449.149169921875 898.6174926757812
v -1045.7603759765625 1447.9830322265625 900.6196899414062
v -1051.9581298828125 1446.680908203125 902.6105346679688
v -1055.3961181640625 1445.9012451171875 903.7083740234375
v -1058.86279296875 1445.0738525390625 904.8107299804688
v -1060.6097412109375 1444.64111328125 905.364501953125
v -1062.298095703125 1444.213134765625 905.8984985351562
v -1065.5389404296875 1443.3642578125 906.9204711914062
v -1068.7816162109375 1442.479248046875 907.9390258789062
v -1072.028076171875 1441.5582275390625 908.9547729492188
v -1078.5391845703125 1439.6058349609375 910.9801025390625
v -1085.086669921875 1437.5028076171875 913.0009765625
v -1088.3787841796875 1436.392822265625 914.0110473632812
v -1091.6854248046875 1435.2425537109375 915.0216064453125
v -1093.3447265625 1434.6519775390625 915.5272216796875
v -1094.176025390625 1434.352783203125 915.7800903320312
v -1094.384033203125 1434.2774658203125 915.8433227539062
v -1094.5919189453125 1434.2021484375 915.9065551757812
v -1095.0079345703125 1434.051025390625 916.032958984375
v -1098.333984375 1432.822265625 917.0413208007812
v -1104.9766845703125 1430.259765625 919.0429077148438
v -1111.6025390625 1427.5582275390625 921.0230102539062
v -1118.2066650390625 1424.718017578125 922.9797973632812
v -1124.783447265625 1421.7392578125 924.9114990234375
v -1126.4124755859375 1420.977783203125 925.3872680664062
v -1127.9803466796875 1420.23583984375 925.8441772460938
v -1131.10791015625 1418.7283935546875 926.7525024414062
v -1132.6676025390625 1417.962646484375 927.203857421875
v -1133.4462890625 1417.57666015625 927.4288330078125
v -1134.224365234375 1417.1885986328125 927.6533203125
v -1137.330078125 1415.615234375 928.546630859375
v -1140.425048828125 1414.0074462890625 929.4323120117188
v -1140.8111572265625 1413.803955078125 929.54248046875
v -1141.004150390625 1413.7020263671875 929.5975341796875
v -1141.1971435546875 1413.5999755859375 929.6525268554688
v -1141.968505859375 1413.1903076171875 929.872314453125
v -1143.5093994140625 1412.3642578125 930.3103637695312
v -1146.5833740234375 1410.68505859375 931.1807250976562
v -1148.1165771484375 1409.8316650390625 931.613037109375
v -1148.3079833984375 1409.724365234375 931.6669311523438
v -1148.49951171875 1409.616943359375 931.7208251953125
v -1148.8822021484375 1409.401611328125 931.8284301757812
v -1149.647216796875 1408.96923828125 932.0433959960938
v -1152.7010498046875 1407.2164306640625 932.8984985351562
v -1154.2242431640625 1406.3260498046875 933.3231811523438
v -1154.98486328125 1405.87744140625 933.5347900390625
v -1155.364990234375 1405.6522216796875 933.6404418945312
v -1155.5550537109375 1405.5394287109375 933.6932373046875
v -1155.7449951171875 1405.426513671875 933.7459716796875
v -1158.7794189453125 1403.5994873046875 934.5859375
v -1161.8043212890625 1401.7354736328125 935.41845703125
v -1162.5592041015625 1401.2637939453125 935.6254272460938
v -1162.747802734375 1401.1455078125 935.6771240234375
v -1162.9364013671875 1401.027099609375 935.728759765625
v -1163.3133544921875 1400.789794921875 935.8319702148438
v -1164.8201904296875 1399.8350830078125 936.24365234375
v -1167.826904296875 1397.8985595703125 937.0617065429688
v -1169.3270263671875 1396.9171142578125 937.4680786132812
v -1169.70166015625 1396.67041015625 937.5693969726562
v -1169.888916015625 1396.546875 937.6200561523438
v -1170.076171875 1396.4232177734375 937.670654296875
v -1170.8248291015625 1395.927001953125 937.8727416992188
v -1173.814208984375 1393.9212646484375 938.6768798828125
v -1175.3056640625 1392.9058837890625 939.0764770507812
v -1176.0506591796875 1392.3951416015625 939.275634765625
v -1176.4228515625 1392.1390380859375 939.3750610351562
v -1176.7950439453125 1391.8824462890625 939.474365234375
v -1179.767578125 1389.8118896484375 940.2654418945312
v -1182.7320556640625 1387.711181640625 941.0502319335938
v -1184.195068359375 1386.6617431640625 941.4361572265625
v -1185.6361083984375 1385.6199951171875 941.8153076171875
v -1188.512451171875 1383.517333984375 942.5695190429688
v -1189.94775390625 1382.4566650390625 942.944580078125
v -1191.3463134765625 1381.4161376953125 943.3092651367188
v -1194.05615234375 1379.3802490234375 944.0135498046875
v -1196.7607421875 1377.3226318359375 944.713623046875
v -1198.1114501953125 1376.2855224609375 945.0621337890625
v -1198.786376953125 1375.7650146484375 945.2360229492188
v -1198.955078125 1375.6346435546875 945.2794799804688
v -1199.123779296875 1375.504150390625 945.3229370117188
v -1199.461181640625 1375.2430419921875 945.4097290039062
v -1202.158447265625 1373.1409912109375 946.1022338867188
v -1204.85400390625 1371.016357421875 946.7915649414062
v -1206.201416015625 1369.9454345703125 947.1351318359375
v -1206.538330078125 1369.6767578125 947.220947265625
v -1206.7066650390625 1369.5423583984375 947.2637939453125
v -1206.8751220703125 1369.4078369140625 947.3067016601562
v -1207.548828125 1368.8687744140625 947.47802734375
v -1212.94189453125 1364.5025634765625 948.8441772460938
v -1218.34716796875 1360.040283203125 950.20361328125
v -1221.0572509765625 1357.7723388671875 950.8817138671875
v -1222.4146728515625 1356.629150390625 951.2205810546875
v -1223.093994140625 1356.0552978515625 951.3899536132812
v -1223.7738037109375 1355.479736328125 951.5592651367188
v -1229.2332763671875 1350.8167724609375 952.9146728515625
v -1231.978515625 1348.44580078125 953.5932006835938
v -1234.735595703125 1346.0479736328125 954.2728881835938
v -1237.5059814453125 1343.623046875 954.9539794921875
v -1237.853271484375 1343.3179931640625 955.0392456054688
v -1238.0269775390625 1343.165283203125 955.0819091796875
v -1238.1138916015625 1343.0888671875 955.1032104492188
v -1238.2008056640625 1343.012451171875 955.1245727539062
v -1238.896484375 1342.400146484375 955.2952270507812
v -1240.2908935546875 1341.170166015625 955.636962890625
v -1243.0919189453125 1338.6884765625 956.322265625
v -1244.4990234375 1337.4366455078125 956.6659545898438
v -1245.2042236328125 1336.8079833984375 956.8380126953125
v -1245.5572509765625 1336.4930419921875 956.9241333007812
v -1245.6455078125 1336.4141845703125 956.9456787109375
v -1245.73388671875 1336.3353271484375 956.9672241210938
v -1245.9105224609375 1336.177490234375 957.0103149414062
v -1249.4013671875 1333.049560546875 957.8603515625
v -1252.9234619140625 1329.87451171875 958.7158813476562
v -1254.5084228515625 1328.43994140625 959.1002197265625
v -1256.051513671875 1327.039794921875 959.4739990234375
v -1259.1553955078125 1324.2137451171875 960.2247924804688
v -1260.7158203125 1322.788330078125 960.6016845703125
v -1261.4979248046875 1322.0726318359375 960.7904663085938
v -1261.5958251953125 1321.9830322265625 960.8140869140625
v -1261.6937255859375 1321.8934326171875 960.8377075195312
v -1261.8895263671875 1321.7139892578125 960.8849487304688
v -1262.2813720703125 1321.35498046875 960.9794311523438
v -1265.42724609375 1318.4654541015625 961.7374877929688
v -1268.5908203125 1315.5469970703125 962.4983520507812
v -1269.38427734375 1314.81298828125 962.68896484375
v -1269.7813720703125 1314.4453125 962.7843627929688
v -1269.97998046875 1314.2613525390625 962.83203125
v -1270.1787109375 1314.0772705078125 962.8797607421875
v -1271.7703857421875 1312.600830078125 963.2616577148438
v -1274.963623046875 1309.6285400390625 964.0266723632812
v -1278.168701171875 1306.63134765625 964.79296875
v -1278.26904296875 1306.537353515625 964.81689453125
v -1278.369384765625 1306.4432373046875 964.8408813476562
v -1278.570068359375 1306.2550048828125 964.8887939453125
v -1278.9715576171875 1305.8782958984375 964.9846801757812
v -1279.7750244140625 1305.1236572265625 965.1763916015625
v -1281.383544921875 1303.6103515625 965.5599365234375
v -1284.606201171875 1300.5665283203125 966.3269653320312
v -1286.2197265625 1299.036376953125 966.7103881835938
v -1286.4215087890625 1298.8447265625 966.75830078125
v -1286.5224609375 1298.7489013671875 966.7822265625
v -1286.6234130859375 1298.653076171875 966.8062133789062
v -1287.0269775390625 1298.269287109375 966.9020385742188
v -1287.8345947265625 1297.5009765625 967.0935668945312
v -1291.06640625 1294.414794921875 967.8590087890625
v -1297.532470703125 1288.1837158203125 969.3840942382812
v -1300.7630615234375 1285.0401611328125 970.142578125
v -1302.3770751953125 1283.461669921875 970.5206298828125
v -1302.7803955078125 1283.0662841796875 970.614990234375
v -1302.98193359375 1282.8685302734375 970.6621704101562
v -1303.18359375 1282.670654296875 970.7092895507812
v -1303.98974609375 1281.8787841796875 970.897705078125
v -1310.4207763671875 1275.507568359375 972.3948364257812
v -1316.8094482421875 1269.0775146484375 973.87060546875
v -1318.398193359375 1267.46142578125 974.2357177734375
v -1319.955322265625 1265.87060546875 974.5927124023438
v -1323.02099609375 1262.7181396484375 975.2933349609375
v -1326.072509765625 1259.5526123046875 975.987548828125
v -1329.110595703125 1256.372802734375 976.675537109375
v -1332.1358642578125 1253.177734375 977.357421875
v -1335.1495361328125 1249.966064453125 978.0333251953125
v -1338.152099609375 1246.73681640625 978.7034912109375
v -1339.6494140625 1245.1153564453125 979.036376953125
v -1340.3970947265625 1244.302978515625 979.2023315429688
v -1340.5838623046875 1244.0997314453125 979.2437744140625
v -1340.7706298828125 1243.8963623046875 979.28515625
v -1341.1441650390625 1243.4893798828125 979.367919921875
v -1344.12646484375 1240.2225341796875 980.0267944335938
v -1347.099853515625 1236.9356689453125 980.6803588867188
v -1350.0648193359375 1233.628173828125 981.32861328125
v -1350.8046875 1232.7979736328125 981.4898681640625
v -1350.9896240234375 1232.59033203125 981.5301513671875
v -1351.174560546875 1232.3824462890625 981.5703735351562
v -1351.544189453125 1231.966552734375 981.6508178710938
v -1353.0218505859375 1230.2994384765625 981.9717407226562
v -1358.9151611328125 1223.575439453125 983.2433471679688
v -1361.840087890625 1220.1937255859375 983.869384765625
v -1364.7010498046875 1216.857421875 984.4785766601562
v -1370.4093017578125 1210.11669921875 985.6844482421875
v -1376.1021728515625 1203.2840576171875 986.8745727539062
v -1378.9437255859375 1199.832763671875 987.4639892578125
v -1380.363525390625 1198.0982666015625 987.75732421875
v -1381.0731201171875 1197.2288818359375 987.9036865234375
v -1381.421875 1196.801025390625 987.9755249023438
v -1381.770263671875 1196.3731689453125 988.0473022460938
v -1384.555908203125 1192.9381103515625 988.6192016601562
v -1387.3385009765625 1189.4822998046875 989.1878051757812
v -1390.117431640625 1186.0072021484375 989.7529296875
v -1392.8919677734375 1182.5146484375 990.3145751953125
v -1398.4249267578125 1175.484375 991.4271240234375
v -1398.77001953125 1175.043212890625 991.4962158203125
v -1399.1148681640625 1174.601806640625 991.565185546875
v -1399.804443359375 1173.7183837890625 991.7030029296875
v -1401.18212890625 1171.9495849609375 991.9779663085938
v -1403.93212890625 1168.4039306640625 992.5250854492188
v -1406.6741943359375 1164.848876953125 993.0684204101562
v -1408.0421142578125 1163.068115234375 993.3386840820312
v -1409.4078369140625 1161.28564453125 993.6079711914062
v -1414.8470458984375 1154.141357421875 994.67529296875
v -1416.2005615234375 1152.3524169921875 994.9396362304688
v -1416.53857421875 1151.905029296875 995.0055541992188
v -1416.70751953125 1151.681396484375 995.0385131835938
v -1416.8763427734375 1151.4576416015625 995.0714111328125
v -1417.551513671875 1150.562744140625 995.2029418945312
v -1420.2447509765625 1146.9815673828125 995.7265014648438
v -1422.926513671875 1143.3992919921875 996.2459106445312
v -1424.2628173828125 1141.6080322265625 996.5040893554688
v -1424.9298095703125 1140.71240234375 996.6327514648438
v -1425.096435546875 1140.488525390625 996.6648559570312
v -1425.262939453125 1140.2646484375 996.6969604492188
v -1425.595947265625 1139.81689453125 996.7611694335938
v -1430.8958740234375 1132.65673828125 997.778564453125
v -1433.5250244140625 1129.0811767578125 998.2806396484375
v -1433.8526611328125 1128.634521484375 998.3430786132812
v -1434.18017578125 1128.1878662109375 998.4054565429688
v -1434.834228515625 1127.294921875 998.530029296875
v -1436.1397705078125 1125.510009765625 998.7781982421875
v -1441.5184326171875 1118.115478515625 999.7963256835938
v -1442.1859130859375 1117.1932373046875 999.922119140625
v -1442.3526611328125 1116.9627685546875 999.9535522460938
v -1442.519287109375 1116.7322998046875 999.9849243164062
v -1442.852294921875 1116.2716064453125 1000.047607421875
v -1444.1817626953125 1114.4298095703125 1000.2976684570312
v -1446.8267822265625 1110.75341796875 1000.7938232421875
v -1449.453125 1107.087158203125 1001.2846069335938
v -1450.761474609375 1105.254638671875 1001.5283813476562
v -1452.1005859375 1103.375 1001.7774658203125
v -1454.7623291015625 1099.62548828125 1002.2711181640625
v -1457.40380859375 1095.8865966796875 1002.7589111328125
v -1462.63427734375 1088.427001953125 1003.718505859375
v -1467.8077392578125 1080.969970703125 1004.6586303710938
v -1472.939697265625 1073.48974609375 1005.5819091796875
v -1478.0452880859375 1065.96142578125 1006.4906005859375
v -1480.593017578125 1062.17138671875 1006.9403076171875
v -1481.8665771484375 1060.2685546875 1007.1640625
v -1482.0257568359375 1060.0302734375 1007.1920166015625
v -1482.184814453125 1059.7919921875 1007.2199096679688
v -1482.5030517578125 1059.315185546875 1007.2756958007812
v -1483.13916015625 1058.3612060546875 1007.3870849609375
v -1488.2152099609375 1050.6964111328125 1008.2701416015625
v -1493.2789306640625 1042.9583740234375 1009.140625
v -1495.810791015625 1039.0550537109375 1009.5719604492188
v -1498.3450927734375 1035.125 1010.0011596679688
v -1500.883544921875 1031.1656494140625 1010.428466796875
v -1503.4281005859375 1027.17431640625 1010.854248046875
v -1505.980712890625 1023.14794921875 1011.27880859375
v -1508.5428466796875 1019.0840454101562 1011.7024536132812
v -1511.11669921875 1014.979736328125 1012.12548828125
v -1513.5401611328125 1011.095458984375 1012.5216064453125
v -1515.91357421875 1007.2733764648438 1012.9075317382812
v -1518.2996826171875 1003.4132080078125 1013.29345703125
v -1520.6964111328125 999.5183715820312 1013.67919921875
v -1523.1016845703125 995.5924072265625 1014.0642700195312
v -1525.5133056640625 991.638916015625 1014.448486328125
v -1527.9293212890625 987.6614379882812 1014.8314819335938
v -1532.7657470703125 979.6488037109375 1015.5924072265625
v -1537.593994140625 971.5834350585938 1016.3445434570312
v -1542.397705078125 963.493896484375 1017.0855102539062
v -1544.78515625 959.4490356445312 1017.4510498046875
v -1545.974365234375 957.4281005859375 1017.6324462890625
v -1546.56787109375 956.418212890625 1017.7227783203125
v -1546.8642578125 955.9133911132812 1017.767822265625
v -1547.160400390625 955.40869140625 1017.8128662109375
v -1551.88916015625 947.3165283203125 1018.5277099609375
v -1556.5902099609375 939.2067260742188 1019.2308959960938
v -1561.2520751953125 931.0980834960938 1019.9207763671875
v -1565.8634033203125 923.0094604492188 1020.5953979492188
v -1568.1466064453125 918.9783935546875 1020.926513671875
v -1570.4130859375 914.959228515625 1021.253173828125
v -1572.6614990234375 910.9541625976562 1021.5751953125
v -1574.890380859375 906.9655151367188 1021.892333984375
v -1577.098388671875 902.9954833984375 1022.2044677734375
v -1579.2843017578125 899.0462036132812 1022.5112915039062
v -1580.36865234375 897.0800170898438 1022.6626586914062
v -1581.481689453125 895.0565795898438 1022.8174438476562
v -1583.7486572265625 890.919189453125 1023.130859375
v -1586.0025634765625 886.7835693359375 1023.4400634765625
v -1588.23388671875 882.66796875 1023.74365234375
v -1590.444091796875 878.5700073242188 1024.0419921875
v -1591.541748046875 876.5269165039062 1024.189208984375
v -1592.0887451171875 875.5067138671875 1024.262451171875
v -1592.3619384765625 874.9969482421875 1024.298828125
v -1592.498291015625 874.7421264648438 1024.317138671875
v -1592.634765625 874.4873657226562 1024.3353271484375
v 26.01936912536621 1218.3795166015625 506.9778137207031
v 8.814706802368164 1220.8861083984375 515.1839599609375
v -25.59699058532715 1225.7047119140625 530.9100341796875
v -94.19401550292969 1235.0567626953125 564.2169799804688
v 23.152807235717773 1218.464111328125 506.98297119140625
v 26.018918991088867 1217.8634033203125 504.90692138671875
v 20.286579132080078 1219.549560546875 511.09893798828125
v 26.02094841003418 1220.33447265625 515.1525268554688
v 31.75127410888672 1219.2236328125 511.0795593261719
v 26.020206451416016 1219.3787841796875 511.08880615234375
v 28.885269165039062 1218.298828125 506.9728698730469
v 31.7501277923584 1217.704833984375 504.8970947265625
v 28.884843826293945 1217.7821044921875 504.9018859863281
v 37.479248046875 1218.0802001953125 506.9594421386719
v 23.152572631835938 1218.207763671875 505.9487609863281
v 24.58616828918457 1218.4212646484375 506.9803466796875
v 26.019145965576172 1218.122802734375 505.94354248046875
v 24.585939407348633 1218.164794921875 505.9461364746094
v 20.286121368408203 1219.056640625 509.049072265625
v 23.153696060180664 1219.462158203125 511.0937805175781
v 26.019798278808594 1218.8846435546875 509.03875732421875
v 23.153263092041016 1218.9686279296875 509.0438232421875
v 14.55179214477539 1220.6866455078125 515.1727905273438
v 14.550848007202148 1219.7359619140625 511.1098327636719
v -2.6590962409973145 1223.087158203125 523.15966796875
v 8.817537307739258 1224.252685546875 530.8445434570312
v 8.816433906555176 1222.653076171875 523.1375122070312
v 27.451963424682617 1217.822265625 504.9043884277344
v 25.66063117980957 1217.873779296875 504.9075622558594
v 24.58582305908203 1218.0355224609375 505.4281005859375
v 25.30256462097168 1218.1436767578125 505.94482421875
v 26.019033432006836 1217.993408203125 505.425537109375
v 25.302448272705078 1218.0142822265625 505.42681884765625
v 27.452402114868164 1218.338623046875 506.9753112792969
v 28.885059356689453 1218.0418701171875 505.9385681152344
v 27.452184677124023 1218.081787109375 505.9410400390625
v 28.88606071472168 1219.2991943359375 511.0840759277344
v 31.750911712646484 1218.728271484375 509.029296875
v 28.88567543029785 1218.804443359375 509.0339050292969
v 37.47990417480469 1219.083740234375 511.0711364746094
v 26.735462188720703 1217.8426513671875 504.9056396484375
v 25.83977508544922 1217.8685302734375 504.9072570800781
v 25.302391052246094 1217.949462890625 505.1675720214844
v 25.66074562072754 1218.00390625 505.4261779785156
v 26.01897621154785 1217.928466796875 505.1662902832031
v 25.660688400268555 1217.93896484375 505.16693115234375
v 26.735685348510742 1218.1021728515625 505.9422912597656
v 27.45207405090332 1217.952392578125 505.4230041503906
v 26.73557472229004 1217.9727783203125 505.42425537109375
v 26.377195358276367 1217.85302734375 504.9062805175781
v 26.73540496826172 1217.77734375 504.6461181640625
v 26.377138137817383 1217.7877197265625 504.6467590332031
v 25.48154067993164 1217.9442138671875 505.1672668457031
v 25.660659790039062 1217.9063720703125 505.0372619628906
v 25.48151206970215 1217.91162109375 505.03759765625
v 24.944141387939453 1218.02490234375 505.4274597167969
v 23.86927604675293 1218.1861572265625 505.9474182128906
v 21.71929359436035 1218.5079345703125 506.9856262207031
v 25.6158447265625 1217.8751220703125 504.90765380859375
v 25.48149871826172 1217.8953857421875 504.9727478027344
v 25.571086883544922 1217.9090576171875 505.0374450683594
v 25.66064453125 1217.89013671875 504.972412109375
v 25.57107162475586 1217.8927001953125 504.97259521484375
v 25.839834213256836 1217.9337158203125 505.1666259765625
v 26.01894760131836 1217.89599609375 505.03662109375
v 25.839805603027344 1217.901123046875 505.0369567871094
v 26.377309799194336 1217.9830322265625 505.4248962402344
v 26.735517501831055 1217.9078369140625 505.1650085449219
v 26.37725257873535 1217.9180908203125 505.1656494140625
v 25.75020408630371 1217.8712158203125 504.90740966796875
v 25.63823699951172 1217.87451171875 504.9075927734375
v 25.660627365112305 1217.8697509765625 504.891357421875
v 25.571063995361328 1217.884521484375 504.9401550292969
v 25.61585807800293 1217.891357421875 504.9725036621094
v 25.6606388092041 1217.8819580078125 504.94000244140625
v 25.61585235595703 1217.88330078125 504.9400634765625
v 25.750232696533203 1217.90380859375 505.037109375
v 25.83979034423828 1217.8848876953125 504.97210693359375
v 25.75021743774414 1217.887451171875 504.9722595214844
v 25.70541763305664 1217.8724365234375 504.907470703125
v 25.75019645690918 1217.863037109375 504.8749694824219
v 25.70541000366211 1217.8643798828125 504.87506103515625
v 25.649431228637695 1217.8701171875 504.891357421875
v 25.68302345275879 1217.8731689453125 504.90753173828125
v 25.705413818359375 1217.868408203125 504.8912658691406
v 25.683021545410156 1217.8690185546875 504.89129638671875
v 25.705432891845703 1217.8887939453125 504.97235107421875
v 25.750211715698242 1217.87939453125 504.9398193359375
v 25.705425262451172 1217.880615234375 504.9399108886719
v 25.64383316040039 1217.8702392578125 504.8913879394531
v 25.638235092163086 1217.8724365234375 504.8995056152344
v 25.64943504333496 1217.8741455078125 504.9075927734375
v 25.660629272460938 1217.871826171875 504.8994445800781
v 25.649433135986328 1217.8720703125 504.89947509765625
v 25.615848541259766 1217.879150390625 504.9238586425781
v 25.63824462890625 1217.882568359375 504.9400329589844
v 25.660634994506836 1217.8779296875 504.92376708984375
v 25.638240814208984 1217.8785400390625 504.923828125
v 25.62704086303711 1217.874755859375 504.9076232910156
v 25.627038955688477 1217.872802734375 504.8995056152344
v 25.63263702392578 1217.87255859375 504.8995056152344
v 25.638235092163086 1217.8714599609375 504.89544677734375
v 25.63263702392578 1217.87158203125 504.89544677734375
v 25.635435104370117 1217.8714599609375 504.89544677734375
v 25.638235092163086 1217.870849609375 504.8934326171875
v 25.643835067749023 1217.872314453125 504.89947509765625
v 25.649431228637695 1217.87109375 504.8954162597656
v 25.64383316040039 1217.8712158203125 504.89544677734375
v 3.0767982006073 1221.1014404296875 515.195556640625
v 0.2077338695526123 1221.215087890625 515.2015380859375
v -14.130703926086426 1225.15771484375 530.8876953125
v -14.132800102233887 1223.58447265625 523.1829223632812
v -48.48516845703125 1229.567138671875 546.4998779296875
v -25.594547271728516 1230.3443603515625 564.1553344726562
v -25.593955993652344 1228.3360595703125 546.4620971679688
v -2.6601269245147705 1222.231201171875 519.2146606445312
v 3.0787570476531982 1222.8623046875 523.1484375
v 8.815640449523926 1221.790771484375 519.1918334960938
v 3.077847719192505 1222.0030517578125 519.2030639648438
v -1.2267910242080688 1221.2734375 515.20458984375
v -8.396492958068848 1223.327880859375 523.1712646484375
v -8.397649765014648 1222.4752197265625 519.2266235351562
v -2.660696029663086 1221.787353515625 517.2184448242188
v 0.20884349942207336 1222.1151123046875 519.2088623046875
v 3.0773396492004395 1221.5576171875 517.2066040039062
v 0.2083052396774292 1221.67041015625 517.2124633789062
v -1.944047451019287 1221.302978515625 515.2060546875
v -5.528984546661377 1222.3511962890625 519.2206420898438
v -5.5295844078063965 1221.908203125 517.2244873046875
v -2.6609928607940674 1221.5614013671875 516.2147827148438
v -1.2262043952941895 1221.7283935546875 517.2154541015625
v 0.2080235630273819 1221.444091796875 516.2088012695312
v -1.2264937162399292 1221.502197265625 516.2117919921875
v -37.05134582519531 1226.316650390625 530.9318237304688
v -31.32597541809082 1226.00244140625 530.9210815429688
v -25.598220825195312 1224.9461669921875 527.08251953125
v -31.327333450317383 1225.247802734375 527.0938110351562
v -48.48724365234375 1228.3612060546875 538.6047973632812
v -37.04726791381836 1228.917724609375 546.4816284179688
v -25.59507179260254 1227.0999755859375 538.5645751953125
v -37.04891586303711 1227.6966552734375 538.5853881835938
v -71.33238220214844 1233.0357666015625 564.20654296875
v -71.33472442626953 1231.1378173828125 546.529541015625
v -140.0484619140625 1242.683349609375 610.5781860351562
v -94.21119689941406 1233.463134765625 658.3343505859375
v -94.19866943359375 1236.6815185546875 610.5835571289062
v -28.46319007873535 1225.0948486328125 527.0881958007812
v -25.59889793395996 1224.5513916015625 525.1527099609375
v -28.463899612426758 1224.701171875 525.158447265625
v -19.867385864257812 1223.8572998046875 523.1947021484375
v -19.86502456665039 1225.4232177734375 530.89892578125
v -14.131668090820312 1224.3917236328125 527.0596313476562
v -19.866121292114258 1224.660888671875 527.0711059570312
v -14.128798484802246 1227.8179931640625 546.4419555664062
v -2.656684398651123 1226.0977783203125 538.5221557617188
v -14.129332542419434 1226.567626953125 538.5432739257812
v -27.031496047973633 1224.6258544921875 525.1555786132812
v -25.59925079345703 1224.3502197265625 524.1817626953125
v -27.031858444213867 1224.4248046875 524.1846923828125
v -22.73383331298828 1223.999755859375 523.2005615234375
v -22.732505798339844 1224.801513671875 527.0768432617188
v -19.86673355102539 1224.2642822265625 525.14111328125
v -22.733150482177734 1224.40576171875 525.1469116210938
v -34.190574645996094 1225.40478515625 527.099365234375
v -42.772586822509766 1226.6475830078125 530.9422607421875
v -37.052066802978516 1225.9464111328125 529.0221557617188
v -34.189151763916016 1226.157470703125 530.9264526367188
v -31.32663345336914 1225.6302490234375 529.01123046875
v -34.189842224121094 1225.7862548828125 529.0167236328125
v -37.0500373840332 1227.0267333984375 534.7465209960938
v -31.32379150390625 1227.39013671875 538.5750732421875
v -25.595937728881836 1226.4224853515625 534.7252197265625
v -31.32478904724121 1226.7164306640625 534.7359619140625
v -35.621829986572266 1225.48486328125 527.1021118164062
v -37.05244445800781 1225.7574462890625 528.064697265625
v -35.6210823059082 1225.8658447265625 529.0194702148438
v -34.19020080566406 1225.5968017578125 528.0592651367188
v -35.6214485168457 1225.6766357421875 528.06201171875
v -39.9124870300293 1226.47998046875 530.9370727539062
v -39.91323471069336 1226.1107177734375 529.0274658203125
v -48.488582611083984 1227.69921875 534.7664794921875
v -42.769927978515625 1228.0196533203125 538.5953369140625
v -42.77116394042969 1227.3536376953125 534.7567138671875
v -59.91195297241211 1230.3004150390625 546.51611328125
v -59.914329528808594 1229.109619140625 538.6221923828125
v -38.4827880859375 1226.028076171875 529.0248413085938
v -38.48316955566406 1225.83935546875 528.0674438476562
v -37.76784133911133 1225.79833984375 528.0661010742188
v -37.052635192871094 1225.6619873046875 527.5851440429688
v -38.12551498413086 1225.81884765625 528.0667724609375
v -37.76793670654297 1225.750732421875 527.8263549804688
v -38.1256103515625 1225.771240234375 527.8270263671875
v -38.48297882080078 1225.93408203125 528.54638671875
v -37.767459869384766 1225.987060546875 529.0234985351562
v -37.05225372314453 1225.852294921875 528.543701171875
v -37.76765060424805 1225.89306640625 528.5450439453125
v -39.91285705566406 1226.296630859375 529.9829711914062
v -38.482051849365234 1226.3978271484375 530.9344482421875
v -37.051700592041016 1226.1328125 529.9776611328125
v -38.48241424560547 1226.2142333984375 529.9803466796875
v -42.771854400634766 1227.0057373046875 532.8487548828125
v -39.91111755371094 1227.18798828125 534.7516479492188
v -37.0506706237793 1226.6767578125 532.8384399414062
v -39.911781311035156 1226.8389892578125 532.8436279296875
v -38.483219146728516 1225.8155517578125 527.9475708007812
v -38.304344177246094 1225.8291015625 528.0670776367188
v -38.12556076049805 1225.7950439453125 527.9468994140625
v -38.30439376831055 1225.8052978515625 527.947265625
v -38.8408088684082 1225.8599853515625 528.0680541992188
v -39.913429260253906 1226.016845703125 528.549072265625
v -39.19804382324219 1226.0692138671875 529.026123046875
v -39.198238372802734 1225.975341796875 528.5477294921875
v -38.48307418823242 1225.8868408203125 528.3069458007812
v -38.12532043457031 1225.9134521484375 528.5457153320312
v -37.76774597167969 1225.845703125 528.3056640625
v -38.12541580200195 1225.8662109375 528.3063354492188
v -38.39380645751953 1225.8104248046875 527.9473876953125
v -38.30441665649414 1225.79345703125 527.8873291015625
v -38.393829345703125 1225.798583984375 527.887451171875
v -38.661991119384766 1225.8497314453125 528.0677490234375
v -39.198333740234375 1225.9281005859375 528.3082885742188
v -38.840614318847656 1225.95458984375 528.5470581054688
v -38.84071350097656 1225.9073486328125 528.3076171875
v -38.43851089477539 1225.81298828125 527.947509765625
v -38.39381790161133 1225.8045654296875 527.9174194335938
v -38.43852615356445 1225.80712890625 527.9175415039062
v -38.48319625854492 1225.8275146484375 528.0075073242188
v -38.39375686645508 1225.834228515625 528.0672607421875
v -38.30436706542969 1225.8172607421875 528.0071411132812
v -38.39378356933594 1225.8223876953125 528.00732421875
v -38.48311996459961 1225.8631591796875 528.1871948242188
v -38.30424880981445 1225.87646484375 528.306640625
v -38.125465393066406 1225.842529296875 528.1865234375
v -38.30429458618164 1225.852783203125 528.1868896484375
v -38.43852996826172 1225.8040771484375 527.9025268554688
v -38.41617202758789 1225.8057861328125 527.91748046875
v -38.39382553100586 1225.801513671875 527.9024658203125
v -38.41617965698242 1225.8028564453125 527.9025268554688
v -38.349124908447266 1225.7960205078125 527.8873901367188
v -38.349098205566406 1225.807861328125 527.9473266601562
v -38.304405212402344 1225.79931640625 527.9172973632812
v -38.34911346435547 1225.8018798828125 527.9173583984375
v -38.21502685546875 1225.7763671875 527.8272094726562
v -38.2149772644043 1225.8001708984375 527.9470825195312
v -38.125587463378906 1225.7830810546875 527.886962890625
v -38.215003967285156 1225.7882080078125 527.8871459960938
v -37.94677734375 1225.760986328125 527.82666015625
v -37.946678161621094 1225.80859375 528.06640625
v -37.767887115478516 1225.7745361328125 527.9462280273438
v -37.94672775268555 1225.7847900390625 527.9465942382812
v -37.410343170166016 1225.6824951171875 527.5858154296875
v -37.41014862060547 1225.77783203125 528.0653686523438
v -37.05253982543945 1225.7098388671875 527.8250122070312
v -37.410247802734375 1225.730224609375 527.82568359375
v -36.336978912353516 1225.7169189453125 528.0633544921875
v -35.621639251708984 1225.5810546875 527.5823974609375
v -36.3371696472168 1225.6214599609375 527.583740234375
v -38.42735290527344 1225.803466796875 527.9025268554688
v -38.662017822265625 1225.8377685546875 528.0078125
v -38.57258224487305 1225.844482421875 528.0675659179688
v -38.57260513305664 1225.8326416015625 528.0076904296875
v -38.84075927734375 1225.8837890625 528.1878662109375
v -38.661895751953125 1225.8970947265625 528.3073120117188
v -38.66194152832031 1225.8734130859375 528.1875610351562
v -38.43294143676758 1225.8038330078125 527.9025268554688
v -38.4273567199707 1225.802734375 527.8988037109375
v -38.432945251464844 1225.8031005859375 527.8988037109375
v -38.43852615356445 1225.8055419921875 527.9100341796875
v -38.42734909057617 1225.806396484375 527.91748046875
v -38.416175842285156 1225.8043212890625 527.9099731445312
v -38.42735290527344 1225.804931640625 527.9100341796875
v -38.43851852416992 1225.81005859375 527.9324951171875
v -38.416160583496094 1225.811767578125 527.9474487304688
v -38.39381408691406 1225.8074951171875 527.9324340820312
v -38.41616439819336 1225.8087158203125 527.9324951171875
v -38.48320770263672 1225.821533203125 527.9775390625
v -38.4384880065918 1225.824951171875 528.0074462890625
v -38.393795013427734 1225.81640625 527.9773559570312
v -38.438499450683594 1225.8189697265625 527.9774780273438
v -54.201751708984375 1228.7236328125 538.6138305664062
v -54.20317459106445 1228.065673828125 534.7756958007812
v -51.3461799621582 1227.879638671875 534.7711181640625
v -48.489322662353516 1227.3531494140625 532.8585815429688
v -51.34694290161133 1227.53466796875 532.8633422851562
v -65.62586975097656 1229.5216064453125 538.6298217773438
v -82.76057434082031 1232.0999755859375 546.5394897460938
v -117.11766815185547 1237.73876953125 564.2113647460938
v -71.33588409423828 1230.5692138671875 542.53466796875
v -65.62339782714844 1230.704833984375 546.5232543945312
v -59.91303634643555 1229.724365234375 542.5206298828125
v -65.62452697753906 1230.132568359375 542.528076171875
v -71.33306121826172 1232.1612548828125 554.9557495117188
v -59.90995788574219 1232.2247314453125 564.1966552734375
v -48.48397445678711 1230.6185302734375 554.92919921875
v -59.91046905517578 1231.3375244140625 554.9437866210938
v -94.1948471069336 1236.3104248046875 586.02978515625
v -71.33926391601562 1234.7154541015625 610.5924682617188
v -48.486392974853516 1232.8526611328125 586.0198974609375
v -71.33415222167969 1234.32568359375 586.0277099609375
v -71.3365478515625 1230.2705078125 540.5758056640625
v -68.48017120361328 1230.34716796875 542.531494140625
v -65.62517547607422 1229.8319091796875 540.569091796875
v -68.48082733154297 1230.0474853515625 540.5725708007812
v -77.04682159423828 1231.60205078125 546.5350341796875
v -94.19491577148438 1234.2049560546875 554.9691772460938
v -82.758056640625 1233.972900390625 564.2135009765625
v -82.75885009765625 1233.110107421875 554.9644775390625
v -69.9086685180664 1230.1580810546875 540.57421875
v -68.48117065429688 1229.89404296875 539.6007690429688
v -69.90901947021484 1230.0048828125 539.6024780273438
v -69.1950912475586 1229.94921875 539.6016235351562
v -68.48135375976562 1229.81640625 539.1165771484375
v -69.19527435302734 1229.8717041015625 539.117431640625
v -67.05370330810547 1229.6290283203125 538.6316528320312
v -67.05299377441406 1229.9388427734375 540.5708618164062
v -65.62551879882812 1229.677978515625 539.5972900390625
v -67.0533447265625 1229.78515625 539.5990600585938
v -62.77017593383789 1229.312255859375 538.6260986328125
v -62.768856048583984 1229.925048828125 542.5244750976562
v -59.913658142089844 1229.421875 540.5615844726562
v -62.76948928833008 1229.62353515625 540.5654296875
v -54.19950866699219 1229.9219970703125 546.50830078125
v -48.48610305786133 1228.983642578125 542.5038452148438
v -54.200523376464844 1229.34228515625 542.5125122070312
v -88.47687530517578 1232.6341552734375 546.54296875
v -85.61835479736328 1232.3624267578125 546.5413818359375
v -82.76113891601562 1231.823974609375 544.5279541015625
v -94.19567108154297 1233.7244873046875 550.6724243164062
v -88.47515869140625 1233.6380615234375 554.9673461914062
v -82.75960540771484 1232.6236572265625 550.6671752929688
v -88.47591400146484 1233.1546630859375 550.6703491210938
v -105.64722442626953 1236.307861328125 564.21630859375
v -105.64826202392578 1235.466064453125 554.9691772460938
v -140.05523681640625 1242.3359375 586.0119018554688
v -117.11590576171875 1239.3223876953125 610.5787963867188
v -117.11610412597656 1238.964599609375 586.024169921875
v -227.77352905273438 1261.9566650390625 610.5979614257812
v -184.10028076171875 1247.8184814453125 658.4072875976562
v -184.138671875 1251.1292724609375 610.5853271484375
v -314.6770935058594 1262.39453125 752.112548828125
v -227.7058868408203 1199.265869140625 840.27978515625
v -227.71270751953125 1236.56787109375 752.091796875
v -84.18994140625 1231.9544677734375 544.5289306640625
v -85.6186294555664 1232.2259521484375 545.53173828125
v -84.18937683105469 1232.2301025390625 546.5404663085938
v -82.76084899902344 1231.963134765625 545.5298461914062
v -84.18965148925781 1232.0933837890625 545.5308227539062
v -88.47637176513672 1232.8990478515625 548.5877075195312
v -85.61738586425781 1232.884521484375 550.6688842773438
v -82.76006317138672 1232.3665771484375 548.5844116210938
v -85.61784362792969 1232.628173828125 548.586181640625
v -77.04512023925781 1232.6187744140625 554.9605712890625
v -71.33377838134766 1231.6683349609375 550.6577758789062
v -77.04585266113281 1232.129150390625 550.6629638671875
v -79.90343475341797 1231.8466796875 546.5374145507812
v -77.04737854003906 1231.3243408203125 544.5233154296875
v -79.90399932861328 1231.56982421875 544.5257568359375
v -87.04751586914062 1232.4970703125 546.5421752929688
v -87.04779052734375 1232.3609619140625 545.5325927734375
v -86.33318328857422 1232.293212890625 545.5321655273438
v -85.61876678466797 1232.156982421875 545.0298461914062
v -86.333251953125 1232.2587890625 545.281005859375
v -85.97589874267578 1232.259521484375 545.5319213867188
v -85.61869812011719 1232.1915283203125 545.2805786132812
v -85.97596740722656 1232.22509765625 545.28076171875
v -87.04764556884766 1232.4293212890625 546.036376953125
v -86.3329086303711 1232.429443359375 546.5418090820312
v -85.61848449707031 1232.2945556640625 546.0355224609375
v -86.33304595947266 1232.361572265625 546.0359497070312
v -88.47661590576172 1232.767822265625 547.5609130859375
v -87.04700469970703 1232.762451171875 548.5869750976562
v -85.61808776855469 1232.4964599609375 547.559326171875
v -87.04725646972656 1232.6309814453125 547.5601196289062
v -94.19612121582031 1233.470458984375 548.5899047851562
v -91.3353042602539 1233.4345703125 550.6715087890625
v -91.33576202392578 1233.1798095703125 548.5889282226562
v -99.91902160644531 1234.8134765625 554.9697875976562
v -99.91976928710938 1234.3359375 550.6732177734375
v -84.90411376953125 1232.159423828125 545.5313110351562
v -84.1897964477539 1232.0242919921875 545.0289306640625
v -84.90425872802734 1232.09033203125 545.0294189453125
v -86.69047546386719 1232.3270263671875 545.5323486328125
v -97.05712127685547 1234.02490234375 550.6729736328125
v -111.38209533691406 1236.16357421875 554.9673461914062
v -128.59326171875 1239.347412109375 564.2028198242188
v -102.78297424316406 1235.1341552734375 554.9696655273438
v -99.91937255859375 1234.5792236328125 552.7980346679688
v -102.7833251953125 1234.9005126953125 552.7979736328125
v -105.64766693115234 1235.90478515625 559.4715576171875
v -99.91806030273438 1235.66015625 564.2172241210938
v -94.19436645507812 1234.6488037109375 559.4718627929688
v -99.91844940185547 1235.254638671875 559.4722900390625
v -117.1167221069336 1238.43212890625 574.5672607421875
v -105.6470947265625 1237.546630859375 586.0280151367188
v -94.1939926147461 1235.7657470703125 574.5731811523438
v -105.64683532714844 1237.008544921875 574.5718994140625
v -117.11825561523438 1237.33984375 559.4666748046875
v -111.38097381591797 1237.0008544921875 564.21435546875
v -111.38147735595703 1236.5999755859375 559.4696655273438
v -117.11856842041016 1237.1273193359375 557.1875
v -114.24960327148438 1236.96435546875 559.46826171875
v -111.38177490234375 1236.38623046875 557.1904907226562
v -114.24990844726562 1236.751220703125 557.1891479492188
v -122.85565185546875 1238.5211181640625 564.20751953125
v -122.8563232421875 1238.1241455078125 559.4627075195312
v -140.05824279785156 1241.812255859375 574.5502319335938
v -128.58987426757812 1240.562255859375 586.0186767578125
v -128.59161376953125 1240.0345458984375 574.5598754882812
v -184.15882873535156 1250.8031005859375 585.98095703125
v -162.1741485595703 1246.596435546875 610.5806884765625
v -162.18807983398438 1246.2586669921875 585.99658203125
v -115.6841812133789 1236.9378662109375 557.1883544921875
v -114.25006866455078 1236.641357421875 556.0708618164062
v -115.6843490600586 1236.828125 556.070068359375
v -119.98722839355469 1237.7265625 559.4647827148438
v -114.96719360351562 1236.734375 556.0704956054688
v -112.81575775146484 1236.5673828125 557.1898193359375
v -111.3819351196289 1236.2760009765625 556.0722045898438
v -112.81591796875 1236.457275390625 556.071533203125
v -108.51470947265625 1235.8092041015625 554.9684448242188
v -108.51409912109375 1236.2467041015625 559.4707641601562
v -105.64794921875 1235.68994140625 557.1923828125
v -108.51438903808594 1236.032470703125 557.1915893554688
v -115.32576751708984 1236.7811279296875 556.0702514648438
v -114.96723175048828 1236.70654296875 555.7930297851562
v -115.3258056640625 1236.7532958984375 555.7928466796875
v -115.68426513671875 1236.88330078125 556.6275024414062
v -114.96703338623047 1236.84423828125 557.188720703125
v -114.24998474121094 1236.696533203125 556.6282958984375
v -114.96710968017578 1236.78955078125 556.6278686523438
v -117.118408203125 1237.2347412109375 558.3197631835938
v -115.68387603759766 1237.1507568359375 559.467529296875
v -114.24974822998047 1236.85888671875 558.3214111328125
v -115.68402862548828 1237.04541015625 558.3206176757812
v -117.11795043945312 1237.543701171875 561.8064575195312
v -114.24905395507812 1237.3642578125 564.2130126953125
v -111.38121032714844 1236.8048095703125 561.8094482421875
v -114.24931335449219 1237.168701171875 561.8080444335938
v -117.11715698242188 1238.1029052734375 569.2349853515625
v -111.38032531738281 1237.6978759765625 574.5699462890625
v -105.64694213867188 1236.6759033203125 569.2398681640625
v -111.38058471679688 1237.3668212890625 569.2378540039062
v -117.11865234375 1237.07275390625 556.6266479492188
v -116.4013671875 1237.0322265625 557.1879272460938
v -116.40144348144531 1236.9776611328125 556.6270751953125
v -128.59365844726562 1239.1541748046875 561.7977294921875
v -125.724609375 1238.9287109375 564.2052612304688
v -122.85598754882812 1238.326904296875 561.802490234375
v -125.72496795654297 1238.735107421875 561.8002319335938
v -134.32884216308594 1240.2174072265625 564.1974487304688
v -128.5924530029297 1239.7081298828125 569.2269287109375
v -122.8543701171875 1239.211181640625 574.5639038085938
v -122.85499572753906 1238.8834228515625 569.2313232421875
v -127.15936279296875 1238.9432373046875 561.7990112304688
v -125.72515106201172 1238.635009765625 560.6224365234375
v -127.15955352783203 1238.84326171875 560.6212158203125
v -131.46141052246094 1239.7769775390625 564.2002563476562
v -140.0595703125 1241.4884033203125 569.2162475585938
v -134.3267822265625 1240.9017333984375 574.5552978515625
v -134.32786560058594 1240.57666015625 569.2218627929688
v -162.19381713867188 1245.7413330078125 574.527587890625
v -151.13775634765625 1244.2181396484375 586.0044555664062
v -151.14212036132812 1243.69775390625 574.5394287109375
v -145.60345458984375 1242.735107421875 574.5449829101562
v -145.6050262451172 1242.412353515625 569.2103881835938
v -156.6727294921875 1244.699951171875 574.5335693359375
v -173.19491577148438 1248.45458984375 585.9886474609375
v -205.9761505126953 1256.257080078125 610.5914306640625
v -271.4031677246094 1271.2255859375 658.4803466796875
v -173.19863891601562 1248.2200927734375 580.1375732421875
v -167.69741821289062 1247.33740234375 585.9926147460938
v -162.1910858154297 1246.02294921875 580.1477661132812
v -167.70079040527344 1247.102294921875 580.1427001953125
v -184.14915466308594 1251.1024169921875 598.155029296875
v -173.17762756347656 1248.7869873046875 610.582763671875
v -162.18138122558594 1246.5634765625 598.16064453125
v -173.18663024902344 1248.7568359375 598.1576538085938
v -184.11761474609375 1250.1690673828125 634.82568359375
v -162.14796447753906 1243.3345947265625 658.37109375
v -140.04208374023438 1241.7518310546875 634.78515625
v -162.15968322753906 1245.654052734375 634.8031616210938
v -227.7154541015625 1249.730712890625 705.745849609375
v -184.0824737548828 1226.35302734375 751.9496459960938
v -140.03782653808594 1231.117919921875 705.5371704101562
v -184.08642578125 1239.28955078125 705.6393432617188
v -173.20037841796875 1248.0853271484375 577.29443359375
v -170.45115661621094 1247.656494140625 580.14013671875
v -167.70236206054688 1246.9671630859375 577.300048828125
v -170.4528045654297 1247.521484375 577.2972412109375
v -178.68161010742188 1249.6099853515625 585.9847412109375
v -195.09010314941406 1253.3013916015625 585.973876953125
v -189.6278839111328 1252.03369140625 585.977294921875
v -205.9882049560547 1256.2393798828125 598.1514282226562
v -195.06787109375 1253.6202392578125 610.5882568359375
v -195.07943725585938 1253.5975341796875 598.1528930664062
v -227.75123596191406 1260.9364013671875 634.8656005859375
v -205.93185424804688 1252.8809814453125 658.4425048828125
v -205.95187377929688 1255.271240234375 634.8480224609375
v -249.59967041015625 1268.1942138671875 610.604248046875
v -205.99391174316406 1256.123779296875 592.0
v -200.53582763671875 1254.9002685546875 598.152099609375
v -195.0849151611328 1253.4798583984375 592.0037841796875
v -200.54147338867188 1254.7835693359375 592.0017700195312
v -227.78427124023438 1261.9522705078125 598.1510009765625
v -216.87440490722656 1259.036865234375 610.5946655273438
v -216.88623046875 1259.025146484375 598.1507568359375
v -200.54417419433594 1254.7020263671875 588.9678955078125
v -197.8137969970703 1254.127197265625 592.0027465820312
v -195.08755493164062 1253.3978271484375 588.9705200195312
v -197.81646728515625 1254.0452880859375 588.9691772460938
v -189.61766052246094 1252.3314208984375 598.1539306640625
v -184.1541290283203 1250.9830322265625 592.0084228515625
v -189.62290954589844 1252.212890625 592.0060424804688
v -200.54550170898438 1254.65576171875 587.4642333984375
v -199.1804656982422 1254.37255859375 588.968505859375
v -197.81777954101562 1253.9990234375 587.4656372070312
v -199.18177795410156 1254.326171875 587.4649658203125
v -203.26812744140625 1255.44921875 592.0008544921875
v -211.43789672851562 1257.6143798828125 598.1510009765625
v -211.44358825683594 1257.5001220703125 591.9984741210938
v -216.88905334472656 1258.976806640625 595.0625610351562
v -214.1621551513672 1258.3153076171875 598.15087890625
v -211.44078063964844 1257.5654296875 595.0632934570312
v -214.16500854492188 1258.2667236328125 595.0628662109375
v -222.33457946777344 1260.47119140625 598.1507568359375
v -238.6830291748047 1265.0126953125 610.6011962890625
v -271.4111328125 1273.7664794921875 634.8759765625
v -249.57125854492188 1264.6424560546875 658.4812622070312
v -249.58551025390625 1267.1309814453125 634.8746337890625
v -314.70196533203125 1276.0621337890625 705.776123046875
v -271.3566589355469 1248.811767578125 752.1393432617188
v -271.3818664550781 1262.213623046875 705.7853393554688
v -402.8037109375 1253.0150146484375 840.1756591796875
v -402.8630676269531 1292.9798583984375 752.0535888671875
v -216.88040161132812 1259.0692138671875 604.3682861328125
v -211.42584228515625 1257.6292724609375 610.593017578125
v -205.9822540283203 1256.2862548828125 604.366943359375
v -211.43194580078125 1257.6600341796875 604.3675537109375
v -227.76229858398438 1261.6259765625 622.877197265625
v -216.85035705566406 1258.034912109375 634.857666015625
v -205.9638214111328 1255.9422607421875 622.8646850585938
v -216.86221313476562 1258.7147216796875 622.8713989257812
v -216.89044189453125 1258.946533203125 593.526611328125
v -215.5270538330078 1258.62060546875 595.062744140625
v -214.16641235351562 1258.2362060546875 593.5270385742188
v -215.5284423828125 1258.5902099609375 593.52685546875
v -219.61032104492188 1259.7437744140625 598.1507568359375
v -219.61309814453125 1259.6959228515625 595.0623168945312
v -227.7790069580078 1261.9927978515625 604.3701171875
v -222.32318115234375 1260.4794921875 610.5963134765625
v -222.32896423339844 1260.513671875 604.369140625
v -214.84742736816406 1258.4129638671875 593.5269165039062
v -214.16709899902344 1258.219482421875 592.7615966796875
v -214.84812927246094 1258.396240234375 592.7614135742188
v -212.80572509765625 1257.849853515625 591.9981689453125
v -212.8029327392578 1257.9149169921875 595.0630493164062
v -211.4421844482422 1257.5347900390625 593.527587890625
v -212.80433654785156 1257.8843994140625 593.52734375
v -208.71900939941406 1256.8074951171875 591.9992065429688
v -208.7133026123047 1256.92236328125 598.1511840820312
v -205.99110412597656 1256.189697265625 595.0642700195312
v -208.71620178222656 1256.873046875 595.063720703125
v -214.5076141357422 1258.3077392578125 592.761474609375
v -214.16744995117188 1258.210693359375 592.3794555664062
v -214.50796508789062 1258.299072265625 592.37939453125
v -213.48538208007812 1258.0599365234375 593.5271606445312
v -212.80503845214844 1257.8675537109375 592.7618408203125
v -213.486083984375 1258.043212890625 592.76171875
v -216.20944213867188 1258.76806640625 593.5267333984375
v -218.25106811523438 1259.335205078125 595.0624389648438
v -238.68748474121094 1265.053466796875 604.3724365234375
v -233.22679138183594 1263.4681396484375 610.599609375
v -233.2318115234375 1263.5064697265625 604.3712158203125
v -249.59283447265625 1267.843017578125 622.88525390625
v -238.66416931152344 1263.9718017578125 634.8712158203125
v -238.6736602783203 1264.6722412109375 622.8818359375
v -233.23423767089844 1263.496337890625 601.2568359375
v -230.50498962402344 1262.745361328125 604.3706665039062
v -227.78167724609375 1261.981689453125 601.2560424804688
v -230.50755310058594 1262.7347412109375 601.2564086914062
v -358.70013427734375 1300.776123046875 658.4426879882812
v -271.41375732421875 1274.501953125 622.8889770507812
v -260.50469970703125 1270.400390625 634.8760986328125
v -260.5096435546875 1271.124267578125 622.8875732421875
v -314.7191162109375 1287.9429931640625 634.8660278320312
v -293.1396484375 1278.1458740234375 658.4713134765625
v -293.1431884765625 1280.7344970703125 634.8722534179688
v -293.14288330078125 1281.4898681640625 622.8896484375
v -282.2941589355469 1277.2156982421875 634.8745727539062
v -282.294921875 1277.9617919921875 622.8896484375
v -276.85784912109375 1276.222412109375 622.889404296875
v -271.41461181640625 1274.733642578125 616.79150390625
v -276.858154296875 1276.4566650390625 616.7924194335938
v -274.1371765136719 1275.5926513671875 616.7919921875
v -265.96392822265625 1272.802001953125 622.8883666992188
v -260.51177978515625 1271.3505859375 616.7893676757812
v -265.96539306640625 1273.031005859375 616.79052734375
v -275.49786376953125 1276.0240478515625 616.7921752929688
v -274.13726806640625 1275.6365966796875 615.2540283203125
v -287.72369384765625 1279.7181396484375 622.8897094726562
v -303.9496765136719 1284.310791015625 634.8692626953125
v -336.7122497558594 1292.9102783203125 658.4474487304688
v -402.859130859375 1307.400146484375 705.7841186523438
v -358.7165222167969 1277.2325439453125 752.06787109375
v -358.7121276855469 1291.234619140625 705.763671875
v -276.8580322265625 1276.3509521484375 619.8512573242188
v -274.1365966796875 1275.3597412109375 622.8892211914062
v -271.4142150878906 1274.629150390625 619.8506469726562
v -274.1369323730469 1275.4876708984375 619.8509521484375
v -282.2947082519531 1277.634033203125 628.9112548828125
v -276.8562316894531 1275.4815673828125 634.8753662109375
v -271.4125671386719 1274.1793212890625 628.91162109375
v -276.857177734375 1275.897216796875 628.9115600585938
v -293.1420593261719 1279.6181640625 646.6883544921875
v -282.2888488769531 1274.650146484375 658.4765625
v -271.4075012207031 1272.6727294921875 646.6956787109375
v -282.2920837402344 1276.110107421875 646.692626953125
v -314.71014404296875 1281.321533203125 682.0610961914062
v -293.11932373046875 1269.0137939453125 705.7839965820312
v -271.3931884765625 1267.3447265625 682.0769653320312
v -293.13140869140625 1274.2076416015625 682.0713500976562
v -276.8581848144531 1276.4794921875 616.024169921875
v -276.1780700683594 1276.240234375 616.7922973632812
v -275.4978942871094 1276.046875 616.0239868164062
v -276.1781005859375 1276.2630615234375 616.0240478515625
v -278.218017578125 1276.890380859375 616.7926025390625
v -282.2948913574219 1278.091552734375 619.851806640625
v -279.57733154296875 1277.08984375 622.8895263671875
v -279.5774230957031 1277.218994140625 619.8515625
v -276.8581237792969 1276.40673828125 618.3245849609375
v -275.4976806640625 1275.918701171875 619.8511352539062
v -274.1370544433594 1275.54296875 618.32421875
v -275.497802734375 1275.9742431640625 618.3244018554688
v -276.5181579589844 1276.3712158203125 616.0241088867188
v -277.53814697265625 1276.67333984375 616.79248046875
v -279.5774230957031 1277.2750244140625 618.3248901367188
v -278.21795654296875 1276.784423828125 619.8514404296875
v -278.2179870605469 1276.84033203125 618.3247680664062
v -276.68817138671875 1276.4254150390625 616.024169921875
v -276.5181579589844 1276.376708984375 615.8318481445312
v -276.858154296875 1276.46826171875 616.408447265625
v -276.51812744140625 1276.348388671875 616.7923583984375
v -276.1780700683594 1276.2518310546875 616.4083862304688
v -276.51812744140625 1276.3599853515625 616.4083862304688
v -276.858154296875 1276.432373046875 617.5592041015625
v -276.1780090332031 1276.1903076171875 618.324462890625
v -275.4978332519531 1275.9998779296875 617.5589599609375
v -276.17803955078125 1276.2159423828125 617.55908203125
v -276.8581848144531 1276.4822998046875 615.9280395507812
v -276.7731628417969 1276.452392578125 616.024169921875
v -276.68817138671875 1276.4281005859375 615.9280395507812
v -276.7731628417969 1276.4552001953125 615.9280395507812
v -277.53814697265625 1276.68505859375 616.4085693359375
v -277.1981506347656 1276.56494140625 616.7924194335938
v -277.19818115234375 1276.57666015625 616.4085083007812
v -278.218017578125 1276.8660888671875 617.5593872070312
v -277.5381164550781 1276.623291015625 618.3246459960938
v -277.5381164550781 1276.6490478515625 617.5592651367188
v -276.8581848144531 1276.473876953125 616.2163696289062
v -276.6881408691406 1276.4141845703125 616.408447265625
v -276.51812744140625 1276.36572265625 616.21630859375
v -276.68817138671875 1276.4197998046875 616.2163696289062
v -276.7731628417969 1276.45654296875 615.8799438476562
v -276.7306823730469 1276.441650390625 615.9280395507812
v -276.68817138671875 1276.429443359375 615.8799438476562
v -276.7306823730469 1276.4429931640625 615.8799438476562
v -276.6031494140625 1276.40380859375 615.8318481445312
v -276.6031494140625 1276.3983154296875 616.024169921875
v -276.5181579589844 1276.3740234375 615.927978515625
v -276.6031494140625 1276.4010009765625 615.9280395507812
v -276.3481140136719 1276.317138671875 616.0241088867188
v -276.1781005859375 1276.2685546875 615.831787109375
v -276.3481140136719 1276.3226318359375 615.831787109375
v -275.8380126953125 1276.1549072265625 616.0239868164062
v -275.4979248046875 1276.0577392578125 615.6392822265625
v -275.8380126953125 1276.165771484375 615.6393432617188
v -274.8176574707031 1275.852294921875 615.254150390625
v -274.81756591796875 1275.8082275390625 616.7920532226562
v -274.1372375488281 1275.6153564453125 616.0237426757812
v -274.817626953125 1275.8309326171875 616.0238647460938
v -272.7760925292969 1275.1624755859375 616.791748046875
v -271.414794921875 1274.7772216796875 615.2535400390625
v -272.7762145996094 1275.206298828125 615.2537841796875
v -268.6906433105469 1273.879638671875 616.791015625
v -265.9660339355469 1273.111328125 613.7088623046875
v -268.69110107421875 1273.9605712890625 613.70947265625
v -276.7306823730469 1276.4437255859375 615.8558959960938
v -276.70941162109375 1276.436279296875 615.8799438476562
v -276.68817138671875 1276.43017578125 615.8558959960938
v -276.70941162109375 1276.4368896484375 615.8558959960938
v -276.6456604003906 1276.4173583984375 615.8318481445312
v -276.6456604003906 1276.41455078125 615.9280395507812
v -276.6031494140625 1276.4024658203125 615.8799438476562
v -276.6456604003906 1276.4158935546875 615.8799438476562
v -276.7519226074219 1276.4498291015625 615.8799438476562
v -276.815673828125 1276.46875 615.9280395507812
v -277.19818115234375 1276.582275390625 616.2164306640625
v -277.0281677246094 1276.5224609375 616.4085083007812
v -277.0281677246094 1276.528076171875 616.2163696289062
v -276.7359924316406 1276.4454345703125 615.8558959960938
v -276.7519226074219 1276.4500732421875 615.867919921875
v -276.7413024902344 1276.4464111328125 615.8799438476562
v -276.7306823730469 1276.443359375 615.867919921875
v -276.7413024902344 1276.44677734375 615.867919921875
v -276.7731628417969 1276.4559326171875 615.9039916992188
v -276.7519226074219 1276.4483642578125 615.9280395507812
v -276.7306823730469 1276.4423828125 615.9039916992188
v -276.7519226074219 1276.4490966796875 615.9039916992188
v -276.7731628417969 1276.453857421875 615.9761352539062
v -276.73065185546875 1276.4388427734375 616.024169921875
v -276.68817138671875 1276.4267578125 615.97607421875
v -276.7306823730469 1276.4403076171875 615.97607421875
v -276.8581848144531 1276.4766845703125 616.1203002929688
v -276.7731628417969 1276.4468994140625 616.2163696289062
v -276.68817138671875 1276.422607421875 616.1202392578125
v -276.7731628417969 1276.44970703125 616.1203002929688
v -276.72003173828125 1276.4403076171875 615.8558959960938
v -276.7413024902344 1276.4468994140625 615.8619384765625
v -276.7359924316406 1276.445068359375 615.867919921875
v -276.7306823730469 1276.4434814453125 615.8619384765625
v -276.7359924316406 1276.4451904296875 615.8619384765625
v -276.72003173828125 1276.439697265625 615.8799438476562
v -276.70941162109375 1276.4366455078125 615.867919921875
v -276.72003173828125 1276.43994140625 615.867919921875
v -276.70941162109375 1276.4349365234375 615.9280395507812
v -276.68817138671875 1276.4288330078125 615.9039916992188
v -276.70941162109375 1276.435546875 615.9039916992188
v -276.7519226074219 1276.4503173828125 615.8619384765625
v -276.7466125488281 1276.448486328125 615.867919921875
v -276.7466125488281 1276.4486083984375 615.8619384765625
v -276.7625427246094 1276.453125 615.8799438476562
v -276.7625427246094 1276.4534912109375 615.867919921875
v -276.7466125488281 1276.44873046875 615.8589477539062
v -276.74395751953125 1276.44775390625 615.8619384765625
v -276.7413024902344 1276.447021484375 615.8589477539062
v -276.74395751953125 1276.4478759765625 615.8589477539062
v -303.9496765136719 1284.73779296875 628.9083862304688
v -298.5517578125 1282.515869140625 634.8707885742188
v -293.1432189941406 1281.1575927734375 628.9100952148438
v -298.55169677734375 1282.9410400390625 628.9092407226562
v -314.71783447265625 1286.8094482421875 646.6781616210938
v -303.94671630859375 1281.70166015625 658.4651489257812
v -303.94879150390625 1283.1851806640625 646.6834106445312
v -298.5515441894531 1283.1195068359375 625.90771484375
v -295.8488464355469 1282.047607421875 628.90966796875
v -293.1430969238281 1281.3350830078125 625.908203125
v -295.84869384765625 1282.2257080078125 625.907958984375
v -287.72357177734375 1278.96728515625 634.8734741210938
v -287.72381591796875 1279.3880615234375 628.9107055664062
v -290.4345703125 1280.6021728515625 622.8897094726562
v -298.55145263671875 1283.2001953125 624.4008178710938
v -297.2004699707031 1282.672119140625 625.9078369140625
v -295.8486022949219 1282.30615234375 624.4010009765625
v -297.2003479003906 1282.752685546875 624.40087890625
v -301.2519226074219 1283.8377685546875 628.9088134765625
v -309.33831787109375 1286.1197509765625 634.86767578125
v -309.3384704589844 1286.5484619140625 628.9073486328125
v -325.7253112792969 1291.724853515625 634.86279296875
v -306.6451416015625 1285.641357421875 628.9078979492188
v -320.224853515625 1289.8260498046875 634.8643798828125
v -336.71405029296875 1294.4241943359375 646.6686401367188
v -325.7214660644531 1289.080078125 658.45263671875
v -325.72344970703125 1290.584228515625 646.6729736328125
v -358.7048034667969 1296.6561279296875 682.0486450195312
v -336.70977783203125 1283.523193359375 705.7672729492188
v -336.7106018066406 1288.857177734375 682.051513671875
v -310.68438720703125 1287.0032958984375 628.9071044921875
v -314.71929931640625 1288.1695556640625 631.8923950195312
v -312.0296325683594 1287.029541015625 634.8668823242188
v -309.33843994140625 1286.345458984375 631.8937377929688
v -312.0297546386719 1287.2557373046875 631.89306640625
v -314.71856689453125 1287.4215087890625 640.784423828125
v -309.3372802734375 1284.989990234375 646.6807861328125
v -303.9493713378906 1283.79296875 640.7886962890625
v -309.33795166015625 1285.60009765625 640.7865600585938
v -310.011474609375 1286.7757568359375 628.9072265625
v -312.0298156738281 1287.3602294921875 630.4016723632812
v -310.684326171875 1286.8001708984375 631.8934326171875
v -309.33843994140625 1286.4498291015625 630.4022216796875
v -310.6843566894531 1286.904541015625 630.4019775390625
v -306.64508056640625 1285.2135009765625 634.8684692382812
v -303.94970703125 1284.53564453125 631.89501953125
v -306.6451416015625 1285.4388427734375 631.8944091796875
v -307.9920349121094 1286.094482421875 628.9076538085938
v -311.3571472167969 1287.13232421875 630.4017944335938
v -310.68438720703125 1286.95458984375 629.6549682617188
v -311.3571472167969 1287.182373046875 629.6548461914062
v -313.374755859375 1287.712158203125 631.8927612304688
v -313.37481689453125 1287.8167724609375 630.4013671875
v -317.4727478027344 1288.882568359375 634.865234375
v -317.4729919433594 1289.1094970703125 631.8917236328125
v -325.7243957519531 1291.2001953125 640.7801513671875
v -320.2232971191406 1288.6888427734375 646.675537109375
v -320.22412109375 1289.302978515625 640.7822265625
v -311.357177734375 1287.2069091796875 629.281005859375
v -311.0207824707031 1287.0684814453125 629.6549072265625
v -310.68438720703125 1286.9791259765625 629.2811889648438
v -311.0207824707031 1287.093017578125 629.2810668945312
v -310.011474609375 1286.6771240234375 630.402099609375
v -309.3384704589844 1286.4998779296875 629.6552734375
v -310.011474609375 1286.7271728515625 629.6550903320312
v -307.9920349121094 1285.8917236328125 631.8941040039062
v -306.6451416015625 1285.54296875 630.40283203125
v -307.9920654296875 1285.9959716796875 630.4025268554688
v -380.7515869140625 1308.9217529296875 658.4478759765625
v -336.71514892578125 1295.043701171875 640.7764282226562
v -331.2198486328125 1292.495849609375 646.6707153320312
v -331.22088623046875 1293.11376953125 640.7781982421875
v -347.700927734375 1296.8082275390625 658.4439697265625
v -347.70208740234375 1298.33203125 646.66552734375
v -331.221435546875 1293.38818359375 637.8238525390625
v -328.4730224609375 1292.1549072265625 640.7791137695312
v -325.724853515625 1291.4739990234375 637.8255615234375
v -328.4735107421875 1292.4290771484375 637.82470703125
v -322.97564697265625 1290.7734375 634.8635864257812
v -328.4737548828125 1292.5574951171875 636.344482421875
v -327.09930419921875 1291.9510498046875 637.8251342773438
v -325.7250671386719 1291.602294921875 636.3453369140625
v -327.0995178222656 1292.079345703125 636.3449096679688
v -322.9748229980469 1290.2496337890625 640.7811279296875
v -320.2245178222656 1289.575927734375 637.827392578125
v -322.9752502441406 1290.52294921875 637.8264770507812
v -324.3506164550781 1291.2486572265625 634.8632202148438
v -327.0996398925781 1292.141357421875 635.6039428710938
v -326.4123229980469 1291.8406982421875 636.3451538085938
v -325.7251892089844 1291.664306640625 635.6043701171875
v -326.4124450683594 1291.9027099609375 635.6041870117188
v -324.3501892089844 1290.9979248046875 637.8260498046875
v -322.9754638671875 1290.6510009765625 636.34619140625
v -324.35040283203125 1291.126220703125 636.3457641601562
v -327.78668212890625 1292.318359375 636.3447265625
v -327.78680419921875 1292.38037109375 635.603759765625
v -329.8475646972656 1292.9080810546875 637.8242797851562
v -333.96820068359375 1294.07666015625 640.7772827148438
v -342.2076110839844 1296.3695068359375 646.6668701171875
v -347.7025451660156 1298.655029296875 643.7216186523438
v -344.9546203613281 1297.3486328125 646.6661376953125
v -342.2081298828125 1296.691650390625 643.722900390625
v -344.95513916015625 1297.671142578125 643.72216796875
v -353.1990051269531 1300.3121337890625 646.6646118164062
v -369.71881103515625 1304.815185546875 658.4441528320312
v -402.8437194824219 1313.03662109375 682.072509765625
v -380.7781982421875 1299.198974609375 705.7698364257812
v -380.76458740234375 1304.7236328125 682.0565795898438
v -490.47021484375 1341.9521484375 705.8577270507812
v -446.7521057128906 1309.5823974609375 752.0652465820312
v -446.7854919433594 1324.4205322265625 705.823974609375
v -347.70135498046875 1297.6163330078125 652.5499267578125
v -342.2060546875 1294.8505859375 658.4454345703125
v -336.71307373046875 1293.712890625 652.5533447265625
v -342.20672607421875 1295.6558837890625 652.5514526367188
v -358.70184326171875 1298.8900146484375 670.2019653320312
v -347.7021179199219 1292.7230224609375 682.0488891601562
v -336.711181640625 1291.0537109375 670.2059936523438
v -347.7010192871094 1294.9373779296875 670.2026977539062
v -355.9488830566406 1301.3089599609375 646.664306640625
v -358.6998596191406 1301.590087890625 652.548583984375
v -353.19842529296875 1298.783203125 658.4429931640625
v -353.19854736328125 1299.59423828125 652.5490112304688
v -357.3242492675781 1301.80908203125 646.6642456054688
v -369.7174377441406 1305.63525390625 652.5497436523438
v -364.2071533203125 1302.7869873046875 658.443115234375
v -364.2063903808594 1303.6038818359375 652.5488891601562
v -380.7576904296875 1307.00146484375 670.2088012695312
v -369.72760009765625 1300.6573486328125 682.0513305664062
v -369.7226257324219 1302.9124755859375 670.2041015625
v -358.6998596191406 1301.9619140625 649.6062622070312
v -355.9485778808594 1300.58984375 652.5487060546875
v -353.19873046875 1299.96484375 649.6066284179688
v -355.9486999511719 1300.961181640625 649.6063842773438
v -358.69989013671875 1302.1390380859375 648.1353149414062
v -357.3240966796875 1301.4609375 649.6062622070312
v -355.9487609863281 1301.137939453125 648.1354370117188
v -357.32415771484375 1301.637939453125 648.1353759765625
v -364.2061462402344 1303.9769287109375 649.6064453125
v -361.4524841308594 1302.5947265625 652.5486450195312
v -361.4523620605469 1302.9671630859375 649.6062622070312
v -358.6999206542969 1302.225341796875 647.3997802734375
v -358.0119934082031 1301.8883056640625 648.1353149414062
v -357.32421875 1301.7242431640625 647.3998413085938
v -358.01202392578125 1301.974609375 647.3997802734375
v -360.0759582519531 1302.4639892578125 649.6062622070312
v -360.0759582519531 1302.6412353515625 648.1353149414062
v -358.35595703125 1302.0999755859375 647.3997802734375
v -358.0120544433594 1302.0172119140625 647.0320434570312
v -358.3559875488281 1302.142578125 647.031982421875
v -359.38787841796875 1302.3900146484375 648.1353149414062
v -359.3879089355469 1302.476318359375 647.3997802734375
v -358.5279541015625 1302.205322265625 647.031982421875
v -359.04388427734375 1302.350830078125 647.3997802734375
v -358.44195556640625 1302.1739501953125 647.031982421875
v -358.6999206542969 1302.2467041015625 647.2158813476562
v -358.5279235839844 1302.1627197265625 647.3997802734375
v -358.35595703125 1302.121337890625 647.2158813476562
v -358.5279541015625 1302.18408203125 647.2158813476562
v -358.6999206542969 1302.182373046875 647.767578125
v -358.3559265136719 1302.013671875 648.1353149414062
v -358.0119934082031 1301.931640625 647.767578125
v -358.35595703125 1302.0570068359375 647.767578125
v -358.6998596191406 1302.0511474609375 648.8707885742188
v -358.0119323730469 1301.7113037109375 649.6062622070312
v -357.3241271972656 1301.5501708984375 648.870849609375
v -358.011962890625 1301.800537109375 648.8707885742188
v -358.6998596191406 1301.7789306640625 651.0772705078125
v -357.3240661621094 1301.08935546875 652.5486450195312
v -355.9486389160156 1300.7784423828125 651.077392578125
v -357.3240661621094 1301.278076171875 651.0772705078125
v -358.699951171875 1301.19482421875 655.493408203125
v -355.9486389160156 1299.7774658203125 658.4427490234375
v -353.19842529296875 1299.2003173828125 655.4937133789062
v -355.9485778808594 1300.1953125 655.4934692382812
v -358.7008056640625 1299.8779296875 664.3077392578125
v -353.19927978515625 1296.9049072265625 670.2019653320312
v -347.7008056640625 1295.9169921875 664.308837890625
v -353.19866943359375 1297.888671875 664.3079223632812
v -358.1839904785156 1302.0799560546875 647.031982421875
v -357.6680908203125 1301.849365234375 647.3998413085938
v -357.32421875 1301.766845703125 647.0320434570312
v -357.6681213378906 1301.8919677734375 647.0320434570312
v -356.6364440917969 1301.3878173828125 648.1353759765625
v -355.9488220214844 1301.2242431640625 647.39990234375
v -356.636474609375 1301.47412109375 647.39990234375
v -354.57379150390625 1300.81005859375 646.6644287109375
v -354.5735778808594 1300.46240234375 649.6065063476562
v -353.1988525390625 1300.1414794921875 648.1356811523438
v -354.57366943359375 1300.63916015625 648.1355590820312
v -350.45013427734375 1299.31982421875 646.6649780273438
v -350.44952392578125 1298.60302734375 652.5493774414062
v -347.7016906738281 1297.9857177734375 649.6076049804688
v -350.4497985839844 1298.97314453125 649.6070556640625
v -358.4849548339844 1302.1895751953125 647.031982421875
v -358.44195556640625 1302.17919921875 646.9860229492188
v -358.4849548339844 1302.1949462890625 646.9860229492188
v -358.5279541015625 1302.1947021484375 647.1239624023438
v -358.44195556640625 1302.1527099609375 647.2158813476562
v -358.35595703125 1302.1319580078125 647.1239624023438
v -358.44195556640625 1302.163330078125 647.1239624023438
v -358.1839904785156 1302.037353515625 647.3997802734375
v -358.01202392578125 1301.9959716796875 647.2159423828125
v -358.1839904785156 1302.0587158203125 647.2158813476562
v -358.4634704589844 1302.1871337890625 646.9860229492188
v -358.3989562988281 1302.1583251953125 647.031982421875
v -358.3559875488281 1302.14794921875 646.9860229492188
v -358.39898681640625 1302.16357421875 646.9860229492188
v -358.2699890136719 1302.1112060546875 647.031982421875
v -358.18402099609375 1302.090576171875 646.9400634765625
v -358.2699890136719 1302.121826171875 646.9400634765625
v -358.6999206542969 1302.25732421875 647.1239624023438
v -358.6139221191406 1302.21533203125 647.2158813476562
v -358.61395263671875 1302.22607421875 647.1239624023438
v -359.0439147949219 1302.3721923828125 647.2158813476562
v -358.8719177246094 1302.2880859375 647.3997802734375
v -358.8719177246094 1302.3094482421875 647.2158813476562
v -359.38787841796875 1302.433349609375 647.7675170898438
v -359.04388427734375 1302.2645263671875 648.1353149414062
v -359.04388427734375 1302.307861328125 647.767578125
v -360.0759582519531 1302.5533447265625 648.8707885742188
v -359.3878479003906 1302.2127685546875 649.6062622070312
v -359.38787841796875 1302.3021240234375 648.8707885742188
v -361.4524230957031 1302.783935546875 651.0772705078125
v -360.07598876953125 1302.091796875 652.5486450195312
v -360.0759582519531 1302.2808837890625 651.0772705078125
v -364.20672607421875 1303.2071533203125 655.4937133789062
v -361.4530029296875 1301.779296875 658.4428100585938
v -361.45269775390625 1302.19873046875 655.4934692382812
v -369.72052001953125 1303.909423828125 664.3095703125
v -364.20989990234375 1300.8927001953125 670.20263671875
v -364.2083435058594 1301.885009765625 664.3082885742188
v -358.5279541015625 1302.2078857421875 647.009033203125
v -358.5064697265625 1302.197509765625 647.031982421875
v -358.4849548339844 1302.1922607421875 647.009033203125
v -358.5064697265625 1302.2000732421875 647.009033203125
v -358.5279541015625 1302.199951171875 647.0780029296875
v -358.4849548339844 1302.178955078125 647.1239624023438
v -358.44195556640625 1302.1685791015625 647.0780029296875
v -358.4849548339844 1302.184326171875 647.0780029296875
v -375.2339782714844 1306.8603515625 658.4457397460938
v -377.9925537109375 1307.8890380859375 658.44677734375
v -375.2329406738281 1307.283935546875 655.4961547851562
v -377.9913330078125 1308.3134765625 655.4970703125
v -402.83441162109375 1315.3619384765625 670.2233276367188
v -391.8064270019531 1308.851318359375 682.0638427734375
v -391.7979736328125 1311.1527099609375 670.2153930664062
v -446.7881164550781 1330.2694091796875 682.1103515625
v -424.8772888183594 1315.8172607421875 705.8031616210938
v -424.8672790527344 1321.56494140625 682.0919189453125
v -380.7545166015625 1308.0079345703125 664.3137817382812
v -375.23895263671875 1304.948974609375 670.2061767578125
v -375.2362976074219 1305.9505615234375 664.3114013671875
v -376.612060546875 1307.7982177734375 655.49658203125
v -375.2324523925781 1307.48681640625 654.023193359375
v -372.47601318359375 1305.835693359375 658.4448852539062
v -369.71807861328125 1305.237060546875 655.4946899414062
v -372.4751281738281 1306.2584228515625 655.495361328125
v -373.85394287109375 1306.770751953125 655.4957275390625
v -372.4747314453125 1306.4609375 654.0223999023438
v -373.853515625 1306.9732666015625 654.0227661132812
v -391.7938232421875 1312.1690673828125 664.3198852539062
v -386.27777099609375 1309.069580078125 670.2119140625
v -386.2740478515625 1310.0809326171875 664.316650390625
v -377.30169677734375 1308.0557861328125 655.496826171875
v -376.61181640625 1307.9005126953125 654.760009765625
v -377.3014221191406 1308.1580810546875 654.7601928710938
v -377.991943359375 1308.104248046875 656.9712524414062
v -376.6131896972656 1307.374267578125 658.4462280273438
v -375.2334289550781 1307.0751953125 656.9702758789062
v -376.61260986328125 1307.5892333984375 656.970703125
v -380.7530212402344 1308.4766845703125 661.3768920898438
v -377.99517822265625 1306.977294921875 664.3125610351562
v -375.2350769042969 1306.4171142578125 661.3746337890625
v -377.9938049316406 1307.44482421875 661.3756713867188
v -402.82958984375 1316.38818359375 664.3271484375
v -397.3172607421875 1313.2503662109375 670.21923828125
v -397.3127136230469 1314.2716064453125 664.3234252929688
v -413.86712646484375 1317.2757568359375 682.0820922851562
v -413.8578796386719 1319.624755859375 670.23193359375
v -394.5534362792969 1313.218505859375 664.3215942382812
v -391.7917785644531 1312.64208984375 661.3826293945312
v -394.5513000488281 1313.692626953125 661.38427734375
v -393.17156982421875 1313.1668701171875 661.3834838867188
v -389.0339660644531 1311.1231689453125 664.3182373046875
v -386.27227783203125 1310.5517578125 661.3795776367188
v -389.0320739746094 1311.5950927734375 661.3810424804688
v -395.930908203125 1314.21923828125 661.3851318359375
v -400.07147216796875 1315.3282470703125 664.3252563476562
v -408.34832763671875 1317.4869384765625 670.2275390625
v -395.2411193847656 1313.955810546875 661.3847045898438
v -397.31158447265625 1314.51220703125 662.853759765625
v -395.9331359863281 1313.74462890625 664.322509765625
v -394.5523681640625 1313.4586181640625 662.8519897460938
v -395.9320068359375 1313.9849853515625 662.8528442382812
v -397.3149719238281 1313.772705078125 667.2681274414062
v -394.55780029296875 1312.1998291015625 670.21728515625
v -391.7958984375 1311.6724853515625 667.2644653320312
v -394.55560302734375 1312.7208251953125 667.2662353515625
v -402.8391418457031 1314.2435302734375 676.1409912109375
v -397.3262023925781 1310.93701171875 682.0680541992188
v -391.8022155761719 1310.045654296875 676.1326293945312
v -397.32177734375 1312.1375732421875 676.1366577148438
v -402.85211181640625 1310.3726806640625 693.946533203125
v -391.8216552734375 1303.271240234375 705.7761840820312
v -380.7716369628906 1302.1141357421875 693.9306030273438
v -391.81451416015625 1306.21484375 693.9378051757812
v -402.866943359375 1300.64501953125 729.1632080078125
v -380.78753662109375 1284.9947509765625 752.056396484375
v -358.7175598144531 1284.69384765625 729.1597290039062
v -380.7875061035156 1292.554931640625 729.1571044921875
v -402.823486328125 1274.92724609375 796.8179321289062
v -358.689697265625 1237.9573974609375 840.2113647460938
v -314.6452941894531 1245.05029296875 796.8773193359375
v -358.6936340332031 1259.553466796875 796.8421020507812
v -490.42913818359375 1247.557373046875 898.9368896484375
v -402.9362487792969 1170.561279296875 959.8914184570312
v -314.7129211425781 1188.5302734375 898.9660034179688
v -402.9458312988281 1216.3076171875 899.0025634765625
v -395.5860290527344 1314.0875244140625 661.3849487304688
v -395.93145751953125 1314.1029052734375 662.1187133789062
v -395.2422180175781 1313.7216796875 662.8524169921875
v -394.55181884765625 1313.576416015625 662.1178588867188
v -395.2416687011719 1313.8394775390625 662.1182861328125
v -393.1736755371094 1312.693359375 664.3207397460938
v -391.7928161621094 1312.4085693359375 662.8502807617188
v -393.172607421875 1312.93310546875 662.8511352539062
v -395.58587646484375 1314.116455078125 661.2015991210938
v -395.41357421875 1314.021728515625 661.3848266601562
v -395.2409973144531 1313.9847412109375 661.201416015625
v -395.4134216308594 1314.050537109375 661.2014770507812
v -395.9311828613281 1314.1612548828125 661.7518920898438
v -395.5865783691406 1313.97119140625 662.1185302734375
v -395.24139404296875 1313.8978271484375 661.75146484375
v -395.5863037109375 1314.029541015625 661.7516479492188
v -397.3110046386719 1314.6302490234375 662.11962890625
v -396.6217956542969 1314.24853515625 662.853271484375
v -396.6212463378906 1314.366455078125 662.1192016601562
v -398.692138671875 1314.7994384765625 664.3243408203125
v -398.6910095214844 1315.0404052734375 662.8546142578125
v -402.8320007324219 1315.8868408203125 667.2720947265625
v -400.076171875 1314.304443359375 670.2212524414062
v -400.0738220214844 1314.8280029296875 667.2700805664062
v -394.8962097167969 1313.82421875 661.384521484375
v -394.551025390625 1313.750244140625 661.0177001953125
v -394.89593505859375 1313.8818359375 661.0178833007812
v -393.8614501953125 1313.4296875 661.3838500976562
v -393.1710510253906 1313.281494140625 660.650390625
v -393.8609313964844 1313.54443359375 660.6508178710938
v -395.75848388671875 1314.1534423828125 661.385009765625
v -395.7583312988281 1314.1822509765625 661.2017211914062
v -395.672119140625 1314.1492919921875 661.20166015625
v -395.6289978027344 1314.1329345703125 661.20166015625
v -395.5858459472656 1314.1236572265625 661.15576171875
v -395.62896728515625 1314.14013671875 661.1558227539062
v -395.7583923339844 1314.1678466796875 661.2933959960938
v -395.6722412109375 1314.1204833984375 661.3849487304688
v -395.5859680175781 1314.10205078125 661.2932739257812
v -395.67218017578125 1314.1348876953125 661.2933349609375
v -395.9310607910156 1314.1903076171875 661.5684814453125
v -395.7587585449219 1314.095458984375 661.7517700195312
v -395.5861511230469 1314.05859375 661.5682983398438
v -395.75860595703125 1314.12451171875 661.568359375
v -396.6209716796875 1314.4249267578125 661.7523193359375
v -396.2763671875 1314.234619140625 662.1189575195312
v -396.2760925292969 1314.2930908203125 661.7520751953125
v -395.4996643066406 1314.08349609375 661.2015380859375
v -395.4133605957031 1314.06494140625 661.10986328125
v -395.6505126953125 1314.1483154296875 661.1558227539062
v -395.7152099609375 1314.165771484375 661.20166015625
v -395.6397399902344 1314.1441650390625 661.1558227539062
v -395.6720886230469 1314.1529541015625 661.1787719726562
v -395.6505432128906 1314.14111328125 661.20166015625
v -395.62896728515625 1314.136474609375 661.1787109375
v -395.6505432128906 1314.1446533203125 661.1787109375
v -395.6721496582031 1314.14208984375 661.2474975585938
v -395.6290588378906 1314.118408203125 661.2932739257812
v -395.5859069824219 1314.1092529296875 661.2474365234375
v -395.6290283203125 1314.1256103515625 661.2474365234375
v -395.4997863769531 1314.0545654296875 661.3848876953125
v -395.41351318359375 1314.0361328125 661.2931518554688
v -395.4997253417969 1314.069091796875 661.293212890625
v -395.4138488769531 1313.9637451171875 661.7515258789062
v -395.2412414550781 1313.9268798828125 661.5680541992188
v -395.4136962890625 1313.9927978515625 661.5681762695312
v -394.8967590332031 1313.7078857421875 662.1181030273438
v -394.55157470703125 1313.634765625 661.7510375976562
v -394.896484375 1313.7662353515625 661.751220703125
v -393.86248779296875 1313.19580078125 662.8515625
v -393.1720886230469 1313.05078125 662.1170654296875
v -393.8619689941406 1313.3134765625 662.117431640625
v -395.607421875 1314.1318359375 661.1558227539062
v -395.54278564453125 1314.0999755859375 661.2015991210938
v -395.4996337890625 1314.0906982421875 661.1557006835938
v -395.5427551269531 1314.107177734375 661.15576171875
v -395.6451416015625 1314.146240234375 661.1558227539062
v -395.6505432128906 1314.146484375 661.1672973632812
v -395.6397705078125 1314.140625 661.1787109375
v -395.62896728515625 1314.1383056640625 661.167236328125
v -395.6397399902344 1314.142333984375 661.1672973632812
v -395.6074523925781 1314.1246337890625 661.2015991210938
v -395.58587646484375 1314.1199951171875 661.1787109375
v -395.607421875 1314.1282958984375 661.1787109375
v -395.66131591796875 1314.1488037109375 661.1787109375
v -395.66131591796875 1314.150634765625 661.1672973632812
v -395.69366455078125 1314.1575927734375 661.20166015625
v -395.69366455078125 1314.1611328125 661.1787719726562
v -395.75836181640625 1314.175048828125 661.24755859375
v -395.7153015136719 1314.1513671875 661.2933349609375
v -395.71527099609375 1314.1585693359375 661.2474975585938
v -395.93084716796875 1314.2337646484375 661.29345703125
v -395.8446960449219 1314.1864013671875 661.3850708007812
v -395.8446350097656 1314.2008056640625 661.2933959960938
v -395.6532287597656 1314.1492919921875 661.1558227539062
v -395.6559143066406 1314.1485595703125 661.1672973632812
v -395.6505126953125 1314.1474609375 661.1615600585938
v -395.6559143066406 1314.1494140625 661.1615600585938
v -395.6559143066406 1314.14990234375 661.15869140625
v -395.6532287597656 1314.1484375 661.1615600585938
v -395.6505126953125 1314.1478271484375 661.15869140625
v -395.6532287597656 1314.14892578125 661.15869140625
v -395.6451416015625 1314.1444091796875 661.1672973632812
v -395.6397399902344 1314.143310546875 661.1615600585938
v -395.6451416015625 1314.1453857421875 661.1615600585938
v -411.1037292480469 1318.5543212890625 670.229736328125
v -408.3458557128906 1318.014404296875 667.2761840820312
v -435.8392028808594 1325.89892578125 682.1015625
v -468.62890625 1333.15283203125 705.8432006835938
v -534.820068359375 1344.51025390625 752.1009521484375
v -413.8626403808594 1318.4951171875 676.150146484375
v -408.35772705078125 1315.149658203125 682.0772094726562
v -408.3531494140625 1316.36279296875 676.1455078125
v -424.87335205078125 1318.8468017578125 693.9666748046875
v -413.8808898925781 1311.5830078125 705.793212890625
v -413.87493896484375 1314.5843505859375 693.956298828125
v -446.7735595703125 1317.4515380859375 729.1907348632812
v -424.8659973144531 1301.1812744140625 752.0572509765625
v -424.87762451171875 1308.9512939453125 729.1753540039062
v -490.3506774902344 1308.0216064453125 796.8378295898438
v -446.6629638671875 1268.9189453125 840.1603393554688
v -446.6918029785156 1291.1519775390625 796.8156127929688
v -405.59185791015625 1316.4228515625 670.2254028320312
v -405.5893859863281 1316.948974609375 667.2741088867188
v -424.863525390625 1322.79638671875 676.1594848632812
v -419.3706970214844 1319.414306640625 682.0869750976562
v -419.3664855957031 1320.6397705078125 676.1548461914062
v -424.8614807128906 1323.3782958984375 673.1978759765625
v -422.1159362792969 1321.716552734375 676.1571655273438
v -419.3642578125 1321.2188720703125 673.193359375
v -422.11376953125 1322.297119140625 673.1956176757812
v -430.3565368652344 1323.726806640625 682.0968017578125
v -430.3533935546875 1324.964111328125 676.1640625
v -446.7879333496094 1327.50244140625 693.9871826171875
v -435.8434143066406 1320.098876953125 705.8135375976562
v -435.8424377441406 1323.155517578125 693.9771118164062
v -423.48785400390625 1322.8372802734375 673.1967163085938
v -422.1126708984375 1322.5787353515625 671.7164306640625
v -427.60931396484375 1323.87890625 676.1618041992188
v -422.7997741699219 1322.848876953125 671.7169799804688
v -420.7392272949219 1321.7576904296875 673.1945190429688
v -419.36309814453125 1321.4998779296875 671.7142333984375
v -420.73809814453125 1322.0389404296875 671.71533203125
v -416.61065673828125 1320.6983642578125 670.2340698242188
v -416.6153564453125 1319.56591796875 676.1524658203125
v -413.86029052734375 1319.0714111328125 673.1888427734375
v -416.613037109375 1320.1436767578125 673.1911010742188
v -422.45623779296875 1322.7137451171875 671.7166748046875
v -423.4873352050781 1322.97900390625 672.4569702148438
v -422.8008728027344 1322.567138671875 673.1961669921875
v -422.11322021484375 1322.4385986328125 672.4558715820312
v -422.8003234863281 1322.708740234375 672.4564208984375
v -424.8625183105469 1323.0902099609375 674.6781616210938
v -423.4899597167969 1322.256103515625 676.1583251953125
v -422.1148681640625 1322.009765625 674.6759033203125
v -423.4889221191406 1322.549560546875 674.6770629882812
v -424.8654479980469 1322.1917724609375 679.12451171875
v -422.1199035644531 1320.4881591796875 682.0894775390625
v -419.3686218261719 1320.0380859375 679.1196899414062
v -422.11798095703125 1321.1134033203125 679.1221313476562
v -424.8705749511719 1320.2469482421875 688.0302124023438
v -419.3777770996094 1316.70947265625 693.96142578125
v -413.8712158203125 1315.9708251953125 688.02001953125
v -419.37445068359375 1318.102783203125 688.0250854492188
v -421.4254455566406 1322.3087158203125 671.7158813476562
v -423.1432800292969 1322.984130859375 671.7172241210938
v -422.9715270996094 1322.91650390625 671.7171020507812
v -422.7996520996094 1322.8836669921875 671.5321655273438
v -423.487060546875 1323.04931640625 672.0872192382812
v -423.1438293457031 1322.8438720703125 672.4567260742188
v -422.800048828125 1322.779052734375 672.086669921875
v -423.1435546875 1322.9141845703125 672.0869750976562
v -424.8609619140625 1323.5201416015625 672.4580688476562
v -424.17474365234375 1323.107666015625 673.1973266601562
v -424.1741943359375 1323.24951171875 672.45751953125
v -422.6280212402344 1322.7813720703125 671.7168579101562
v -422.4560852050781 1322.7486572265625 671.5318603515625
v -422.62786865234375 1322.816162109375 671.5320434570312
v -422.456787109375 1322.57373046875 672.4561767578125
v -422.1129455566406 1322.5089111328125 672.0861206054688
v -422.4565124511719 1322.6439208984375 672.0863647460938
v -421.42657470703125 1322.02734375 673.195068359375
v -420.7386779785156 1321.8990478515625 672.4547729492188
v -421.4259948730469 1322.168701171875 672.455322265625
v -420.7414245605469 1321.1778564453125 676.156005859375
v -419.3653869628906 1320.93212890625 674.6736450195312
v -420.7403564453125 1321.4705810546875 674.6747436523438
v -422.84259033203125 1322.900634765625 671.5321655273438
v -422.9714660644531 1322.9339599609375 671.6246948242188
v -422.8856506347656 1322.8826904296875 671.717041015625
v -422.7997131347656 1322.8663330078125 671.6245727539062
v -422.8855895996094 1322.900146484375 671.6246337890625
v -423.1434326171875 1322.94921875 671.902099609375
v -422.9718017578125 1322.8465576171875 672.0867919921875
v -422.7999267578125 1322.81396484375 671.9017944335938
v -422.9716796875 1322.881591796875 671.9019775390625
v -422.7137451171875 1322.8499755859375 671.5321044921875
v -422.82110595703125 1322.8922119140625 671.5321655273438
v -422.88555908203125 1322.9088134765625 671.5784301757812
v -422.8426513671875 1322.8831787109375 671.6245727539062
v -422.7996826171875 1322.875 671.578369140625
v -422.8426208496094 1322.8919677734375 671.578369140625
v -422.7138977050781 1322.815185546875 671.7169189453125
v -422.6279296875 1322.798828125 671.6244506835938
v -422.7138366699219 1322.83251953125 671.62451171875
v -422.6282958984375 1322.71142578125 672.0865478515625
v -422.45635986328125 1322.678955078125 671.9015502929688
v -422.6281433105469 1322.7464599609375 671.9016723632812
v -422.7566833496094 1322.8668212890625 671.5321044921875
v -422.83184814453125 1322.8963623046875 671.5321655273438
v -422.84259033203125 1322.896240234375 671.5552978515625
v -422.8211364746094 1322.8834228515625 671.578369140625
v -422.7996520996094 1322.87939453125 671.5552368164062
v -422.8211364746094 1322.8878173828125 671.5552978515625
v -422.75677490234375 1322.8494873046875 671.62451171875
v -422.7137756347656 1322.84130859375 671.5783081054688
v -422.7567443847656 1322.858154296875 671.5783081054688
v -422.83721923828125 1322.8985595703125 671.5321655273438
v -422.83184814453125 1322.8974609375 671.5264282226562
v -422.83721923828125 1322.8995361328125 671.5264282226562
v -422.8855285644531 1322.9132080078125 671.5552978515625
v -422.86407470703125 1322.900390625 671.5784301757812
v -422.86407470703125 1322.9046630859375 671.5552978515625
v -422.92852783203125 1322.9169921875 671.6246948242188
v -422.9284973144531 1322.9256591796875 671.5784912109375
v -423.0574035644531 1322.9503173828125 671.7171630859375
v -423.0573425292969 1322.9676513671875 671.624755859375
v -422.84259033203125 1322.8984375 671.5437622070312
v -422.83184814453125 1322.89208984375 671.5552978515625
v -422.82110595703125 1322.8900146484375 671.543701171875
v -422.83184814453125 1322.8941650390625 671.5437622070312
v -422.83453369140625 1322.8985595703125 671.5264282226562
v -422.82647705078125 1322.894287109375 671.5321655273438
v -422.82110595703125 1322.893310546875 671.5264282226562
v -422.82647705078125 1322.8953857421875 671.5264282226562
v -422.81036376953125 1322.887939453125 671.5321655273438
v -422.79962158203125 1322.8858642578125 671.5206298828125
v -422.81036376953125 1322.89013671875 671.5206298828125
v -422.7781677246094 1322.875244140625 671.5321655273438
v -422.7566833496094 1322.8712158203125 671.509033203125
v -422.77813720703125 1322.879638671875 671.509033203125
v -422.8640441894531 1322.9068603515625 671.5437622070312
v -422.85333251953125 1322.9005126953125 671.5552978515625
v -422.85333251953125 1322.9027099609375 671.5437622070312
v -441.3161315917969 1328.0802001953125 682.1060791015625
v -441.31536865234375 1328.715576171875 679.1381225585938
v -438.5783386230469 1326.988525390625 682.1038818359375
v -435.8380432128906 1326.5316162109375 679.1337890625
v -438.577392578125 1327.62255859375 679.135986328125
v -446.7882995605469 1328.9276123046875 688.0498657226562
v -441.31768798828125 1325.32470703125 693.9822387695312
v -435.8410949707031 1324.568603515625 688.0403442382812
v -441.31719970703125 1326.7440185546875 688.0452270507812
v -468.63726806640625 1336.277587890625 694.0042114257812
v -457.71136474609375 1328.7744140625 705.833984375
v -457.7171325683594 1331.8792724609375 693.996337890625
v -490.4461364746094 1334.8282470703125 729.2203369140625
v -468.5771789550781 1318.1376953125 752.0753784179688
v -468.6063537597656 1326.095703125 729.2066650390625
v -439.946533203125 1328.1688232421875 679.1370849609375
v -444.05267333984375 1329.173828125 682.1082763671875
v -437.2078857421875 1327.0767822265625 679.1348876953125
v -435.8374328613281 1326.839599609375 677.6507568359375
v -437.2073059082031 1327.3851318359375 677.65185546875
v -433.0958557128906 1326.0517578125 676.166259765625
v -433.0986328125 1324.8116455078125 682.0991821289062
v -430.3550109863281 1324.3565673828125 679.1292114257812
v -433.0972900390625 1325.44287109375 679.1315307617188
v -430.3612976074219 1320.995849609375 693.971923828125
v -430.35919189453125 1322.402587890625 688.0353393554688
v -439.9463195800781 1328.323974609375 678.3954467773438
v -439.2619934082031 1327.8956298828125 679.1365356445312
v -438.5771179199219 1327.777587890625 678.3943481445312
v -439.2617492675781 1328.0506591796875 678.3948974609375
v -441.3157653808594 1328.400634765625 680.6218872070312
v -439.9473876953125 1327.5340576171875 682.10498046875
v -438.577880859375 1327.308349609375 680.6196899414062
v -439.9469909667969 1327.854248046875 680.6207885742188
v -441.31671142578125 1327.4228515625 685.075439453125
v -438.5798034667969 1325.6552734375 688.0427856445312
v -435.8402099609375 1325.2445068359375 685.0707397460938
v -438.5791320800781 1326.33251953125 685.0731201171875
v -457.71917724609375 1333.3153076171875 688.0582885742188
v -452.2541198730469 1329.6876220703125 693.9918823242188
v -452.2553405761719 1331.118408203125 688.0542602539062
v -454.98760986328125 1332.2161865234375 688.0563354492188
v -452.2557373046875 1331.802734375 685.0840454101562
v -454.98822021484375 1332.9017333984375 685.0859985351562
v -463.1778869628906 1334.076171875 694.00048828125
v -463.1806335449219 1335.51708984375 688.0618896484375
v -479.5459289550781 1337.5479736328125 705.8512573242188
v -479.5556335449219 1340.689208984375 694.0103149414062
v -453.6220703125 1332.35205078125 685.0850830078125
v -452.2558898925781 1332.13671875 683.5990600585938
v -453.6222839355469 1332.6864013671875 683.6000366210938
v -449.52252197265625 1331.3665771484375 682.1123657226562
v -449.52227783203125 1330.022216796875 688.0521240234375
v -446.78826904296875 1329.6092529296875 685.0798950195312
v -449.5224609375 1330.7052001953125 685.08203125
v -454.98834228515625 1333.0697021484375 684.3434448242188
v -454.30517578125 1332.6268310546875 685.0855102539062
v -453.6221923828125 1332.5198974609375 684.342529296875
v -454.3052978515625 1332.7947998046875 684.343017578125
v -456.35418701171875 1333.45166015625 685.0869140625
v -460.45013427734375 1334.4156494140625 688.0601196289062
v -454.9879455566406 1332.5616455078125 686.5711669921875
v -453.62158203125 1331.6671142578125 688.0552978515625
v -452.25555419921875 1331.4632568359375 686.5691528320312
v -453.6218566894531 1332.01220703125 686.5701904296875
v -457.7182312011719 1332.607421875 691.0281372070312
v -454.9859619140625 1330.78271484375 693.9942016601562
v -452.25482177734375 1330.4132080078125 691.0238647460938
v -454.9868469238281 1331.5096435546875 691.0260009765625
v -457.71453857421875 1330.3638916015625 699.9241943359375
v -452.2499694824219 1326.593994140625 705.8290405273438
v -446.7870178222656 1325.9984130859375 699.9144287109375
v -452.2523193359375 1328.177734375 699.91943359375
v -468.6185607910156 1329.749267578125 717.5836791992188
v -457.6934509277344 1321.759033203125 729.1987915039062
v -446.78070068359375 1321.0609130859375 717.5651245117188
v -457.7034606933594 1325.3916015625 717.5746459960938
v -455.6712341308594 1333.1766357421875 685.0864868164062
v -455.6713562011719 1333.3447265625 684.3439331054688
v -457.7196044921875 1333.661376953125 686.5730590820312
v -456.3534851074219 1332.765625 688.0573120117188
v -456.3538513183594 1333.111328125 686.5721435546875
v -474.0962219238281 1338.4822998046875 694.0075073242188
v -471.3667297363281 1337.379638671875 694.0059204101562
v -468.6390380859375 1337.010498046875 691.0354614257812
v -471.3686218261719 1338.113525390625 691.0369873046875
v -479.551025390625 1339.1561279296875 699.940185546875
v -474.0870056152344 1335.348876953125 705.847412109375
v -468.63336181640625 1334.75244140625 699.9329223632812
v -474.09185791015625 1336.952880859375 699.936767578125
v -490.45904541015625 1338.516357421875 717.5991821289062
v -479.5210266113281 1330.454345703125 729.2139282226562
v -479.5343322753906 1334.1265869140625 717.5919799804688
v -534.8241577148438 1352.6497802734375 729.237060546875
v -512.5904541015625 1335.6265869140625 752.0940551757812
v -512.61181640625 1343.717529296875 729.2302856445312
v -579.286376953125 1343.044677734375 796.9246215820312
v -534.704833984375 1302.3819580078125 840.071044921875
v -534.762451171875 1325.437744140625 796.8817749023438
v -579.2429809570312 1229.6708984375 959.9174194335938
v -579.16259765625 1280.1494140625 898.771484375
v -470.00384521484375 1337.56201171875 691.0362548828125
v -465.9076843261719 1335.1763916015625 694.00244140625
v -463.1793212890625 1334.8070068359375 691.031982421875
v -465.9093017578125 1335.9083251953125 691.0338134765625
v -463.1706848144531 1330.9610595703125 705.8387451171875
v -463.174560546875 1332.5557861328125 699.9287109375
v -476.8258056640625 1339.58544921875 694.0089721679688
v -501.5415954589844 1346.415771484375 705.862548828125
v -490.4750671386719 1343.5667724609375 699.9454956054688
v -485.0066833496094 1339.7493896484375 705.854736328125
v -485.0118103027344 1341.3609619140625 699.943115234375
v -487.74310302734375 1342.4638671875 699.9443969726562
v -485.0141906738281 1342.138916015625 696.9796752929688
v -487.74542236328125 1343.242431640625 696.980712890625
v -496.0044860839844 1344.183349609375 705.8603515625
v -512.6187744140625 1347.429931640625 717.6099243164062
v -501.5220642089844 1339.2674560546875 729.2257690429688
v -501.5328369140625 1342.9688720703125 717.6051025390625
v -486.3797302246094 1342.690673828125 696.980224609375
v -485.01531982421875 1342.5206298828125 695.4964599609375
v -482.2811584472656 1340.2584228515625 699.9417114257812
v -479.55340576171875 1339.932373046875 696.97705078125
v -482.2835388183594 1341.0355224609375 696.9784545898438
v -486.3802795410156 1342.8822021484375 696.2387084960938
v -485.6969299316406 1342.414794921875 696.9799194335938
v -485.0147399902344 1342.3304443359375 696.2381591796875
v -485.697509765625 1342.6063232421875 696.2384643554688
v -487.7442626953125 1342.8555908203125 698.4630737304688
v -486.37738037109375 1341.912353515625 699.9437255859375
v -485.01300048828125 1341.7523193359375 698.4619140625
v -486.3785705566406 1342.303955078125 698.4625244140625
v -490.4726867675781 1342.7685546875 702.904541015625
v -487.7380676269531 1340.8507080078125 705.8563232421875
v -485.0093078613281 1340.5643310546875 702.9017944335938
v -487.7406311035156 1341.6663818359375 702.9032592773438
v -490.46484375 1340.2674560546875 711.7432250976562
v -484.99505615234375 1336.3204345703125 717.5957641601562
v -479.54034423828125 1335.8702392578125 711.7361450195312
v -485.0010986328125 1338.06787109375 711.7398681640625
v -483.6488037109375 1341.587158203125 696.9790649414062
v -482.2846984863281 1341.4168701171875 695.495361328125
v -483.6499328613281 1341.96875 695.4959106445312
v -486.38055419921875 1342.9775390625 695.8678588867188
v -486.03887939453125 1342.7442626953125 696.2385864257812
v -485.6977844238281 1342.7015380859375 695.8676147460938
v -486.0391845703125 1342.839599609375 695.8677368164062
v -487.06256103515625 1342.966552734375 696.98046875
v -487.0631103515625 1343.158203125 696.2389526367188
v -489.1112976074219 1343.794189453125 696.981201171875
v -486.7216796875 1343.0201416015625 696.2388305664062
v -486.72198486328125 1343.115478515625 695.8679809570312
v -486.55126953125 1343.0465087890625 695.867919921875
v -486.6366271972656 1343.0810546875 695.8679809570312
v -488.4283447265625 1343.518310546875 696.98095703125
v -490.4762268066406 1343.958740234375 698.464111328125
v -489.1090087890625 1343.0152587890625 699.9449462890625
v -489.11016845703125 1343.4071044921875 698.463623046875
v -486.7218322753906 1343.06787109375 696.0534057617188
v -486.5509948730469 1342.951171875 696.23876953125
v -486.38043212890625 1342.929931640625 696.0532836914062
v -486.5511169433594 1342.9989013671875 696.0533447265625
v -487.0628356933594 1343.0625 696.6097412109375
v -486.72113037109375 1342.82861328125 696.9803466796875
v -486.3800048828125 1342.78662109375 696.6094970703125
v -486.7214050292969 1342.924560546875 696.609619140625
v -487.7448425292969 1343.049560546875 697.7220458984375
v -487.0614013671875 1342.5797119140625 698.4628295898438
v -486.379150390625 1342.4979248046875 697.7214965820312
v -487.0619812011719 1342.7738037109375 697.7218017578125
v -486.6792907714844 1343.0982666015625 695.8679809570312
v -486.89239501953125 1343.089111328125 696.2388916015625
v -486.8925476074219 1343.1368408203125 696.053466796875
v -486.7218933105469 1343.0916748046875 695.960693359375
v -486.636474609375 1343.033447265625 696.0534057617188
v -486.55120849609375 1343.022705078125 695.9606323242188
v -486.6365661621094 1343.0572509765625 695.960693359375
v -486.6793212890625 1343.104248046875 695.8447875976562
v -486.657958984375 1343.089599609375 695.8679809570312
v -486.6366271972656 1343.0869140625 695.8447875976562
v -486.6579895019531 1343.0955810546875 695.8447875976562
v -486.7219543457031 1343.1036376953125 695.9143676757812
v -486.6792297363281 1343.074462890625 695.960693359375
v -486.6365966796875 1343.069091796875 695.914306640625
v -486.67926025390625 1343.08642578125 695.9143676757812
v -486.8926086425781 1343.16064453125 695.9607543945312
v -486.80718994140625 1343.1024169921875 696.053466796875
v -486.8072509765625 1343.126220703125 695.9607543945312
v -486.59393310546875 1343.063720703125 695.8679809570312
v -486.5513000488281 1343.0584716796875 695.8215942382812
v -486.593994140625 1343.07568359375 695.8215942382812
v -486.4659118652344 1343.0120849609375 695.867919921875
v -486.3806457519531 1343.0013427734375 695.775146484375
v -486.2098693847656 1342.9085693359375 695.8677978515625
v -486.6473083496094 1343.09130859375 695.8447875976562
v -486.63665771484375 1343.0899658203125 695.8331909179688
v -486.6473083496094 1343.09423828125 695.8331909179688
v -486.6153259277344 1343.084228515625 695.8215942382812
v -486.61529541015625 1343.0723876953125 695.8679809570312
v -486.5939636230469 1343.0697021484375 695.8447875976562
v -486.61529541015625 1343.078369140625 695.8447875976562
v -486.5938720703125 1343.0399169921875 695.960693359375
v -486.5512390136719 1343.03466796875 695.914306640625
v -486.5939025878906 1343.0518798828125 695.914306640625
v -486.4657897949219 1342.96435546875 696.0533447265625
v -486.3804931640625 1342.9537353515625 695.9605712890625
v -486.4658508300781 1342.98828125 695.9606323242188
v -486.2095947265625 1342.813232421875 696.2386474609375
v -486.0390319824219 1342.7919921875 696.0531616210938
v -486.209716796875 1342.8609619140625 696.05322265625
v -486.038330078125 1342.552734375 696.9801025390625
v -485.69720458984375 1342.5107421875 696.6092529296875
v -486.0386047363281 1342.648681640625 696.609375
v -485.6957702636719 1342.0281982421875 698.4622192382812
v -485.01361083984375 1341.9462890625 697.7208862304688
v -485.69635009765625 1342.2220458984375 697.72119140625
v -483.64642333984375 1340.8096923828125 699.9424438476562
v -482.2823791503906 1340.6494140625 698.4605712890625
v -483.6476135253906 1341.2008056640625 698.4612426757812
v -482.2760314941406 1338.6485595703125 705.85302734375
v -479.5485534667969 1338.361083984375 702.8985595703125
v -482.2786560058594 1339.4625244140625 702.9002685546875
v -486.65264892578125 1343.096435546875 695.8331909179688
v -486.66864013671875 1343.099853515625 695.8447875976562
v -486.70062255859375 1343.10693359375 695.8679809570312
v -486.6499938964844 1343.0953369140625 695.8331909179688
v -486.6579895019531 1343.0970458984375 695.8389892578125
v -486.65264892578125 1343.0933837890625 695.8447875976562
v -486.6473083496094 1343.0927734375 695.8389892578125
v -486.65264892578125 1343.094970703125 695.8389892578125
v -486.657958984375 1343.0926513671875 695.8563842773438
v -486.64727783203125 1343.0853271484375 695.8679809570312
v -486.6366271972656 1343.083984375 695.8563842773438
v -486.6473083496094 1343.0882568359375 695.8563842773438
v -486.6792907714844 1343.09228515625 695.8911743164062
v -486.6579284667969 1343.0777587890625 695.914306640625
v -486.6365966796875 1343.0750732421875 695.8911743164062
v -486.6579284667969 1343.083740234375 695.8911743164062
v -486.6419677734375 1343.092041015625 695.8331909179688
v -486.6259765625 1343.0826416015625 695.8447875976562
v -486.61529541015625 1343.081298828125 695.8331909179688
v -486.6259765625 1343.0855712890625 695.8331909179688
v -501.54345703125 1347.234619140625 702.90869140625
v -498.772705078125 1345.2994384765625 705.8615112304688
v -496.0067443847656 1345.0009765625 702.9068603515625
v -498.7747802734375 1346.11767578125 702.9078369140625
v -507.081298828125 1348.649658203125 705.8644409179688
v -623.4874267578125 1380.2408447265625 752.115234375
v -501.5374755859375 1344.725830078125 711.7489013671875
v -495.9942932128906 1340.7415771484375 717.602294921875
v -495.9996337890625 1342.4957275390625 711.7462158203125
v -500.1590270996094 1346.676025390625 702.9082641601562
v -498.7757568359375 1346.52001953125 701.4286499023438
v -500.15997314453125 1347.0784912109375 701.4290771484375
v -504.3111267089844 1347.5325927734375 705.863525390625
v -504.3127746582031 1348.351806640625 702.9094848632812
v -512.6213989257812 1349.19140625 711.7532958984375
v -507.07440185546875 1345.1983642578125 717.607666015625
v -507.078125 1346.9576416015625 711.751220703125
v -534.8195190429688 1356.3800048828125 717.6170043945312
v -523.7131958007812 1348.1783447265625 729.2340087890625
v -523.7150268554688 1351.900146484375 717.6138305664062
v -557.0855712890625 1353.438720703125 752.1063842773438
v -557.066162109375 1361.624267578125 729.241943359375
v -502.92803955078125 1347.7930908203125 702.9091186523438
v -523.7147216796875 1353.6651611328125 711.7566528320312
v -518.1657104492188 1349.6639404296875 717.6119995117188
v -518.1669921875 1351.42724609375 711.755126953125
v -518.1673583984375 1352.2835693359375 708.8150024414062
v -515.3939208984375 1350.30908203125 711.7542114257812
v -512.6224365234375 1350.0469970703125 708.8134155273438
v -515.3946533203125 1351.1650390625 708.8142700195312
v -516.7809448242188 1351.7242431640625 708.8146362304688
v -515.3949584960938 1351.5865478515625 707.3413696289062
v -516.7811889648438 1352.1458740234375 707.3416748046875
v -520.9406127929688 1352.5458984375 711.7559204101562
v -529.266357421875 1354.1387939453125 717.6155395507812
v -545.942626953125 1357.1318359375 729.2396850585938
v -516.0880126953125 1351.8662109375 707.341552734375
v -514.0084838867188 1350.60595703125 708.8138427734375
v -512.6229248046875 1350.46826171875 707.3406372070312
v -514.0088500976562 1351.02734375 707.3410034179688
v -509.85205078125 1349.7672119140625 705.8651733398438
v -509.8494567871094 1348.07421875 711.7523193359375
v -507.07977294921875 1347.812255859375 708.8115844726562
v -509.850830078125 1348.929443359375 708.8125610351562
v -516.4345703125 1352.0059814453125 707.3416137695312
v -516.7810668945312 1351.9356689453125 708.0784301757812
v -516.0877685546875 1351.444580078125 708.814453125
v -515.394775390625 1351.3763427734375 708.0780639648438
v -516.087890625 1351.656005859375 708.0782470703125
v -518.1671752929688 1351.8575439453125 710.2860107421875
v -516.7803955078125 1350.8680419921875 711.7546997070312
v -515.394287109375 1350.7391357421875 710.2852172851562
v -516.7807006835938 1351.29833984375 710.28564453125
v -518.1664428710938 1350.5538330078125 714.6874389648438
v -515.3919677734375 1348.546630859375 717.6110229492188
v -512.6201782226562 1348.3189697265625 714.6854858398438
v -515.3930053710938 1349.4361572265625 714.6864624023438
v -523.7144775390625 1350.070068359375 723.4396362304688
v -518.1611938476562 1345.9466552734375 729.2322387695312
v -512.6156005859375 1345.604248046875 723.4356689453125
v -518.163818359375 1347.8359375 723.437744140625
v -534.8245849609375 1348.68408203125 740.7311401367188
v -523.6995239257812 1340.062255859375 752.0977172851562
v -512.6023559570312 1339.7742919921875 740.7254638671875
v -523.7081298828125 1344.2235107421875 740.7285766601562
v -534.7966918945312 1335.541259765625 774.5391235351562
v -512.528564453125 1316.6981201171875 796.8582763671875
v -490.3822326660156 1317.9580078125 774.5017700195312
v -512.560546875 1326.719482421875 774.5196533203125
v -516.4346313476562 1352.0584716796875 707.1573486328125
v -516.2612915039062 1351.9361572265625 707.341552734375
v -516.0880737304688 1351.9185791015625 707.1572875976562
v -516.2613525390625 1351.988525390625 707.1573486328125
v -516.7811279296875 1352.0408935546875 707.7100830078125
v -516.4345092773438 1351.7957763671875 708.0783081054688
v -516.0879516601562 1351.76123046875 707.7099609375
v -516.4345092773438 1351.9010009765625 707.7100219726562
v -518.1674194335938 1352.4949951171875 708.0787353515625
v -517.47412109375 1352.00390625 708.8148193359375
v -517.4742431640625 1352.21533203125 708.0785522460938
v -515.7415161132812 1351.726318359375 707.3414306640625
v -515.39501953125 1351.6912841796875 706.9728393554688
v -515.7415771484375 1351.8310546875 706.972900390625
v -514.701904296875 1351.3070068359375 707.3411865234375
v -514.009033203125 1351.2364501953125 706.6038818359375
v -516.3479614257812 1352.0234375 707.1573486328125
v -516.6078491210938 1352.075927734375 707.3416748046875
v -516.3912963867188 1352.0408935546875 707.1573486328125
v -516.4346313476562 1352.0322265625 707.24951171875
v -516.3479614257812 1351.9710693359375 707.3416137695312
v -516.2613525390625 1351.9622802734375 707.2494506835938
v -516.3479614257812 1351.997314453125 707.2494506835938
v -516.4345703125 1351.95361328125 707.5258178710938
v -516.26123046875 1351.8311767578125 707.7099609375
v -516.0880126953125 1351.813720703125 707.5257568359375
v -516.2612915039062 1351.8836669921875 707.5258178710938
v -515.7413330078125 1351.51611328125 708.078125
v -515.3948974609375 1351.4815673828125 707.7097778320312
v -515.7413940429688 1351.6214599609375 707.7098388671875
v -514.7015380859375 1350.885498046875 708.8140258789062
v -514.0086669921875 1350.8172607421875 708.07763671875
v -514.7017211914062 1351.0968017578125 708.077880859375
v -514.007568359375 1349.7501220703125 711.7537841796875
v -512.6219482421875 1349.621337890625 710.2843017578125
v -514.008056640625 1350.18017578125 710.2847900390625
v -516.4779663085938 1352.075927734375 707.1573486328125
v -516.60791015625 1352.1021728515625 707.24951171875
v -516.521240234375 1352.041015625 707.3416137695312
v -516.521240234375 1352.067138671875 707.24951171875
v -516.7811279296875 1352.0933837890625 707.5259399414062
v -516.6078491210938 1351.970947265625 707.7100830078125
v -516.6078491210938 1352.0234375 707.52587890625
v -517.4743041992188 1352.320556640625 707.7102661132812
v -517.1276245117188 1352.075439453125 708.0784912109375
v -517.127685546875 1352.1806640625 707.710205078125
v -516.456298828125 1352.067138671875 707.1573486328125
v -516.521240234375 1352.080322265625 707.2034301757812
v -516.4779052734375 1352.0496826171875 707.24951171875
v -516.4346313476562 1352.0452880859375 707.2034301757812
v -516.4779663085938 1352.0628662109375 707.2034301757812
v -516.4779663085938 1352.0792236328125 707.1458740234375
v -516.4671020507812 1352.071533203125 707.1573486328125
v -516.456298828125 1352.0704345703125 707.1458740234375
v -516.4671020507812 1352.0748291015625 707.1458740234375
v -516.4996337890625 1352.0845947265625 707.1573486328125
v -516.4779663085938 1352.0693359375 707.180419921875
v -516.456298828125 1352.0540771484375 707.2034301757812
v -516.4346313476562 1352.0518798828125 707.180419921875
v -516.456298828125 1352.0606689453125 707.180419921875
v -516.3912963867188 1352.0147705078125 707.24951171875
v -516.3479614257812 1352.0103759765625 707.2034301757812
v -516.3912963867188 1352.02783203125 707.2034301757812
v -516.48876953125 1352.080322265625 707.1573486328125
v -516.48876953125 1352.08349609375 707.1458740234375
v -516.521240234375 1352.0867919921875 707.180419921875
v -516.4995727539062 1352.071533203125 707.2034301757812
v -516.4995727539062 1352.078125 707.180419921875
v -516.60791015625 1352.115234375 707.2034912109375
v -516.5645751953125 1352.084716796875 707.24951171875
v -516.5645751953125 1352.0977783203125 707.2034301757812
v -516.6945190429688 1352.1109619140625 707.3416748046875
v -516.6945190429688 1352.1370849609375 707.2495727539062
v -534.8176879882812 1357.2725830078125 714.692138671875
v -532.042724609375 1355.2591552734375 717.6162719726562
v -529.2654418945312 1355.030517578125 714.6907348632812
v -532.0413818359375 1356.1512451171875 714.6914672851562
v -540.3742065429688 1358.623779296875 717.618408203125
v -534.8223266601562 1354.546142578125 723.44287109375
v -529.2676391601562 1350.412841796875 729.235595703125
v -529.2673950195312 1352.3067626953125 723.4413452148438
v -533.4295043945312 1356.7117919921875 714.6918334960938
v -537.5966796875 1357.5015869140625 717.6177368164062
v -545.9371337890625 1359.032470703125 723.4456787109375
v -540.3826293945312 1354.8895263671875 729.2384033203125
v -540.3789672851562 1356.7879638671875 723.4443359375
v -557.0801391601562 1357.6373291015625 740.735107421875
v -545.9495849609375 1348.9693603515625 752.1038208007812
v -545.9494018554688 1353.155517578125 740.7332763671875
v -579.33447265625 1353.304931640625 774.5733032226562
v -557.0297241210938 1334.2274169921875 796.9049682617188
v -557.069580078125 1344.4107666015625 774.5577392578125
v -666.990478515625 1378.0596923828125 796.9115600585938
v -623.2750244140625 1336.81640625 839.9885864257812
v -623.4378662109375 1360.6044921875 796.9400024414062
v -533.4290771484375 1356.9322509765625 713.9593505859375
v -532.7354125976562 1356.4315185546875 714.691650390625
v -532.041015625 1356.3717041015625 713.958984375
v -532.7350463867188 1356.6519775390625 713.9591674804688
v -534.818603515625 1356.828369140625 716.1555786132812
v -533.4310302734375 1355.8194580078125 717.6166381835938
v -532.0420532226562 1355.707275390625 716.1548461914062
v -533.4302978515625 1356.2677001953125 716.1552124023438
v -534.821044921875 1355.4710693359375 720.533935546875
v -532.044677734375 1353.4261474609375 723.442138671875
v -529.2669677734375 1353.2308349609375 720.5323486328125
v -532.0437622070312 1354.3505859375 720.5331420898438
v -530.6533813476562 1355.5908203125 714.6911010742188
v -529.2649536132812 1355.4700927734375 713.2254028320312
v -530.6527709960938 1356.030517578125 713.2257080078125
v -526.4893188476562 1354.7850341796875 711.7573852539062
v -526.4904174804688 1353.0191650390625 717.6146850585938
v -523.7149658203125 1352.791015625 714.689208984375
v -526.489990234375 1353.9105224609375 714.6900024414062
v -534.1235961914062 1356.9921875 714.6919555664062
v -551.5040283203125 1359.3768310546875 729.2408447265625
v -551.4964599609375 1361.2796630859375 723.4469604492188
v -568.18798828125 1366.125 729.2440795898438
v -601.5068359375 1371.3402099609375 752.1133422851562
v -562.6279296875 1363.873779296875 729.2430419921875
v -579.3267822265625 1366.6195068359375 740.7381591796875
v -568.2205810546875 1357.9150390625 752.1085815429688
v -568.2095947265625 1362.1265869140625 740.7366943359375
v -565.4082641601562 1364.999267578125 729.2435302734375
v -562.6222534179688 1364.8353271484375 726.3501586914062
v -565.4020385742188 1365.96142578125 726.3507690429688
v -568.199951171875 1364.154296875 735.005859375
v -562.6456909179688 1359.8812255859375 740.7359008789062
v -557.0741577148438 1359.6590576171875 735.0040893554688
v -562.6378784179688 1361.9058837890625 735.0050048828125
v -566.7916870117188 1366.524658203125 726.3510131835938
v -579.3135375976562 1368.65380859375 735.0076293945312
v -573.7703857421875 1364.3729248046875 740.7374267578125
v -573.7589721679688 1366.40380859375 735.0067749023438
v -601.4801025390625 1375.599365234375 740.7412719726562
v -590.4425659179688 1366.8704833984375 752.1119995117188
v -590.420654296875 1371.11181640625 740.7396850585938
v -623.49267578125 1371.0042724609375 774.5858154296875
v -601.4503173828125 1351.8502197265625 796.9373779296875
v -601.5050048828125 1362.18310546875 774.5833740234375
v -566.0968627929688 1366.2430419921875 726.3508911132812
v -568.1846313476562 1366.6083984375 727.7987060546875
v -566.7982177734375 1365.56201171875 729.2438354492188
v -565.4052124023438 1365.482177734375 727.7981567382812
v -566.7949829101562 1366.0452880859375 727.7984008789062
v -568.1942749023438 1365.14697265625 732.12890625
v -565.4192504882812 1363.0299072265625 735.0054321289062
v -562.6331787109375 1362.8970947265625 732.1279296875
v -565.4140014648438 1364.0218505859375 732.12841796875
v -564.01220703125 1365.3983154296875 726.3504638671875
v -559.8472290039062 1362.748779296875 729.2424926757812
v -557.0615844726562 1362.58447265625 726.3490600585938
v -559.842041015625 1363.709716796875 726.349609375
v -584.8773193359375 1368.865966796875 740.7388916015625
v -584.8623046875 1370.9039306640625 735.008544921875
v -582.0887451171875 1369.7789306640625 735.0081176757812
v -579.3058471679688 1369.649658203125 732.130859375
v -582.08056640625 1370.775634765625 732.13134765625
v -595.9553833007812 1373.3564453125 740.7404174804688
v -612.5247802734375 1375.798095703125 752.1144409179688
v -584.8580932617188 1371.4046630859375 733.5711669921875
v -583.4757080078125 1370.3414306640625 735.00830078125
v -582.084716796875 1370.2791748046875 733.5706787109375
v -583.4716186523438 1370.8419189453125 733.5709228515625
v -584.8702392578125 1369.8919677734375 737.8775024414062
v -582.1028442382812 1367.7427978515625 740.738525390625
v -579.320556640625 1367.6435546875 737.876708984375
v -582.09619140625 1368.767822265625 737.8771362304688
v -590.4336547851562 1369.01611328125 746.4401245117188
v -584.8966064453125 1364.6328125 752.1112670898438
v -579.3368530273438 1364.53173828125 746.4387817382812
v -584.888916015625 1366.7744140625 746.439453125
v -601.5143432617188 1366.881591796875 763.3825073242188
v -590.4371948242188 1357.7486572265625 774.5791625976562
v -579.3452758789062 1357.9691162109375 763.376708984375
v -590.4473266601562 1362.4296875 763.3800659179688
v -580.693359375 1370.212646484375 732.131103515625
v -576.536865234375 1367.52880859375 735.0072021484375
v -573.7522583007812 1367.39794921875 732.1298828125
v -576.5296630859375 1368.5238037109375 732.13037109375
v -583.469482421875 1371.0906982421875 732.8515014648438
v -582.7781982421875 1370.560546875 733.57080078125
v -582.0826416015625 1370.52783203125 732.8512573242188
v -582.776123046875 1370.809326171875 732.8513793945312
v -580.7013549804688 1369.21630859375 735.0078735351562
v -579.3097534179688 1369.153564453125 733.5701904296875
v -580.6974487304688 1369.71630859375 733.5704345703125
v -667.0269165039062 1388.5762939453125 774.5646362304688
v -645.2488403320312 1369.31689453125 796.9310913085938
v -645.2963256835938 1379.77734375 774.5794067382812
v -712.3156127929688 1372.7274169921875 840.056640625
v -712.4004516601562 1396.610595703125 796.841552734375
v -645.2996826171875 1384.5560302734375 763.380859375
v -634.4110107421875 1375.3924560546875 774.5836791992188
v -623.49951171875 1375.740966796875 763.3841552734375
v -634.4161987304688 1380.14990234375 763.3831787109375
v -656.163330078125 1384.168701171875 774.5730590820312
v -656.1649780273438 1388.9688720703125 763.3771362304688
v -689.683349609375 1387.2791748046875 796.881103515625
v -689.7086181640625 1397.8509521484375 774.5409545898438
v -661.595458984375 1391.1807861328125 763.374755859375
v -678.3560791015625 1393.1956787109375 774.5538330078125
v -658.8801879882812 1390.07421875 763.3759765625
v -656.1627197265625 1390.131591796875 760.5693359375
v -667.02880859375 1391.0181884765625 768.97412109375
v -661.5946044921875 1386.369873046875 774.569091796875
v -656.1661376953125 1386.600341796875 768.98095703125
v -661.596923828125 1388.806640625 768.9777221679688
v -667.013671875 1383.4808349609375 785.7310791015625
v -656.1211547851562 1373.6796875 796.922607421875
v -645.278076171875 1374.7154541015625 785.7499389648438
v -656.1475219726562 1379.08984375 785.7417602539062
v -666.9271240234375 1366.274658203125 819.18359375
v -645.0970458984375 1345.470947265625 840.00048828125
v -623.354736328125 1348.8638916015625 819.1943969726562
v -645.1723022460938 1357.5457763671875 819.1906127929688
v -666.7986450195312 1333.3275146484375 872.1402587890625
v -623.2406616210938 1296.698486328125 898.7539672851562
v -579.1280517578125 1299.264892578125 871.9752197265625
v -623.2099609375 1316.17041015625 872.0068969726562
v -650.733642578125 1386.760986328125 763.379150390625
v -657.5203247070312 1390.684814453125 760.56884765625
v -653.4495239257812 1387.864501953125 763.378173828125
v -650.7315673828125 1387.920654296875 760.5709838867188
v -653.4473876953125 1389.025634765625 760.5701904296875
v -650.731201171875 1381.9716796875 774.5764770507812
v -645.3001098632812 1382.1988525390625 768.9860229492188
v -650.7344360351562 1384.398193359375 768.9837036132812
v -656.841552734375 1390.408203125 760.569091796875
v -658.8792114257812 1390.6580810546875 761.9727172851562
v -657.5225830078125 1389.521484375 763.3765869140625
v -656.1640014648438 1389.5518798828125 761.9737548828125
v -657.5216064453125 1390.1048583984375 761.9732666015625
v -661.5966796875 1390.0010986328125 766.1780395507812
v -658.8815307617188 1387.702880859375 768.9793701171875
v -656.1660766601562 1387.7921142578125 766.1807861328125
v -658.88134765625 1388.89599609375 766.179443359375
v -654.8051147460938 1389.5784912109375 760.5697631835938
v -678.357177734375 1395.6478271484375 768.9651489257812
v -672.6889038085938 1390.8818359375 774.5595092773438
v -672.6903686523438 1393.328857421875 768.9698486328125
v -689.7000732421875 1392.721923828125 785.7015991210938
v -678.3255615234375 1382.651123046875 796.8975219726562
v -678.3453369140625 1388.0831298828125 785.717529296875
v -712.3624877929688 1384.8065185546875 819.1494140625
v -689.5823974609375 1363.4071044921875 840.0421752929688
v -689.6350708007812 1375.486083984375 819.170654296875
v -756.8737182617188 1370.1373291015625 872.3327026367188
v -712.1741333007812 1331.7242431640625 898.8215942382812
v -712.2332153320312 1351.7025146484375 872.28955078125
v -675.52294921875 1394.4871826171875 768.9675903320312
v -684.0299072265625 1395.51904296875 774.547607421875
v -734.9725952148438 1405.9652099609375 796.7940673828125
v -800.8777465820312 1409.607177734375 839.8829956054688
v -676.9398803710938 1395.0672607421875 768.9663696289062
v -678.3569946289062 1394.4298095703125 771.7606201171875
v -675.521728515625 1392.03759765625 774.5567016601562
v -672.6900634765625 1392.1134033203125 771.7658081054688
v -675.5227661132812 1393.2703857421875 771.7632446289062
v -678.35205078125 1390.67626953125 780.13623046875
v -672.6769409179688 1385.7777099609375 785.724609375
v -667.021728515625 1386.0660400390625 780.1486206054688
v -672.684326171875 1388.366943359375 780.1427001953125
v -678.3570556640625 1395.949951171875 768.265869140625
v -677.6484375 1395.357421875 768.9657592773438
v -676.9397583007812 1395.369140625 768.26708984375
v -677.6483764648438 1395.659423828125 768.2664794921875
v -679.77490234375 1396.2291259765625 768.9639282226562
v -684.0306396484375 1396.755615234375 771.7548828125
v -681.1921997070312 1394.356201171875 774.55078125
v -681.1930541992188 1395.591552734375 771.7578125
v -689.7055053710938 1395.3226318359375 780.12158203125
v -684.0203247070312 1390.398193359375 785.7098388671875
v -684.0263061523438 1392.9951171875 780.129150390625
v -712.4124755859375 1402.0758056640625 785.6634521484375
v -701.0490112304688 1391.9361572265625 796.8623657226562
v -701.0630493164062 1397.389892578125 785.6835327148438
v -678.357177734375 1395.040771484375 770.3631591796875
v -676.9396362304688 1393.849853515625 771.761962890625
v -675.52294921875 1393.8807373046875 770.36572265625
v -676.9398803710938 1394.46044921875 770.364501953125
v -679.0659790039062 1395.9383544921875 768.9645385742188
v -681.1931762695312 1396.203125 770.3605346679688
v -679.7747802734375 1395.0103759765625 771.7592163085938
v -679.7749633789062 1395.6217041015625 770.3618774414062
v -678.7114868164062 1396.09521484375 768.2655639648438
v -678.5342407226562 1396.0225830078125 768.2657470703125
v -678.3570556640625 1396.025390625 768.0910034179688
v -678.5342407226562 1396.0980224609375 768.0908813476562
v -679.06591796875 1396.089599609375 768.6149291992188
v -678.7115478515625 1395.7930908203125 768.96484375
v -678.3571166992188 1395.799072265625 768.6155395507812
v -678.7114868164062 1395.9443359375 768.615234375
v -679.7749633789062 1395.9259033203125 769.6629638671875
v -679.0660400390625 1395.3311767578125 770.362548828125
v -678.357177734375 1395.3448486328125 769.6642456054688
v -679.0660400390625 1395.63525390625 769.6636352539062
v -678.002685546875 1395.8046875 768.2661743164062
v -677.6483154296875 1395.8101806640625 767.916748046875
v -678.0026245117188 1395.955322265625 767.9164428710938
v -678.622802734375 1396.13427734375 768.0908203125
v -678.71142578125 1396.1329345703125 768.1781616210938
v -678.6228637695312 1396.0589599609375 768.265625
v -678.5342407226562 1396.060302734375 768.1782836914062
v -678.6228637695312 1396.0965576171875 768.17822265625
v -678.888671875 1396.1678466796875 768.2654418945312
v -678.7114868164062 1396.019775390625 768.4404296875
v -678.5343017578125 1395.8717041015625 768.6153564453125
v -678.3571166992188 1395.87451171875 768.4407348632812
v -678.5343017578125 1395.9471435546875 768.4405517578125
v -678.0028076171875 1395.502685546875 768.9654541015625
v -677.6484375 1395.508544921875 768.6161499023438
v -678.0027465820312 1395.65380859375 768.6158447265625
v -677.6484375 1394.75048828125 770.3638305664062
v -676.9398803710938 1394.7642822265625 769.66552734375
v -677.6484985351562 1395.054443359375 769.6649169921875
v -678.800048828125 1396.131591796875 768.2655029296875
v -678.800048828125 1396.1693115234375 768.1781005859375
v -679.06591796875 1396.1651611328125 768.4401245117188
v -678.8887329101562 1396.0169677734375 768.6150512695312
v -678.888671875 1396.0924072265625 768.4402465820312
v -679.7748413085938 1396.38037109375 768.6143188476562
v -679.42041015625 1396.083740234375 768.9642333984375
v -679.42041015625 1396.2349853515625 768.6146240234375
v -678.7557373046875 1396.151123046875 768.1781005859375
v -678.71142578125 1396.1517333984375 768.1344604492188
v -678.7557373046875 1396.169921875 768.1343994140625
v -678.8443603515625 1396.1875 768.1780395507812
v -678.800048828125 1396.1787109375 768.15625
v -678.7778930664062 1396.16015625 768.1781005859375
v -678.7557373046875 1396.1605224609375 768.15625
v -678.7778930664062 1396.1695556640625 768.15625
v -678.800048828125 1396.150390625 768.2218017578125
v -678.7557373046875 1396.1134033203125 768.2655639648438
v -678.71142578125 1396.1141357421875 768.2218627929688
v -678.7557373046875 1396.1322021484375 768.2218017578125
v -678.888671875 1396.130126953125 768.3528442382812
v -678.8001098632812 1396.05615234375 768.4403076171875
v -678.7114868164062 1396.0574951171875 768.3529663085938
v -678.800048828125 1396.0938720703125 768.3529052734375
v -678.7335815429688 1396.160888671875 768.1343994140625
v -678.6671142578125 1396.11474609375 768.1781616210938
v -678.6228637695312 1396.115478515625 768.134521484375
v -678.6671142578125 1396.1336669921875 768.1344604492188
v -678.800048828125 1396.183349609375 768.145263671875
v -678.7889404296875 1396.1741943359375 768.15625
v -678.7778930664062 1396.17431640625 768.1453247070312
v -678.7889404296875 1396.1788330078125 768.1453247070312
v -678.8222045898438 1396.1783447265625 768.1780395507812
v -678.8222045898438 1396.187744140625 768.1561889648438
v -678.888671875 1396.186767578125 768.2217407226562
v -678.8443603515625 1396.1497802734375 768.2654418945312
v -678.8443603515625 1396.1685791015625 768.2217407226562
v -723.7156372070312 1401.2908935546875 796.8187255859375
v -757.1837768554688 1403.388671875 819.0723266601562
v -734.8781127929688 1382.04833984375 840.0558471679688
v -734.9338989257812 1394.137939453125 819.117431640625
v -746.1495361328125 1410.6220703125 796.767822265625
v -740.5723876953125 1408.2965087890625 796.7811279296875
v -757.2158813476562 1409.42724609375 807.96337890625
v -746.1041870117188 1398.7760009765625 819.0966796875
v -734.9557495117188 1400.157958984375 808.01513671875
v -746.1300659179688 1404.803955078125 807.9904174804688
v -801.0270385742188 1421.85498046875 818.9332275390625
v -779.0286254882812 1400.420166015625 839.976318359375
v -779.1547241210938 1412.590087890625 819.0116577148438
v -844.5493774414062 1406.2789306640625 871.9044799804688
v -800.109130859375 1368.2659912109375 898.3646850585938
v -800.495361328125 1388.2552490234375 872.201171875
v -746.1533203125 1412.0281982421875 793.9685668945312
v -743.3638305664062 1409.4599609375 796.7745361328125
v -740.5758666992188 1409.7008056640625 793.9818115234375
v -743.3674926757812 1410.865234375 793.9752197265625
v -751.7044677734375 1412.9422607421875 796.7540893554688
v -746.140625 1407.748291015625 802.37939453125
v -740.554443359375 1402.484130859375 808.0030517578125
v -734.96484375 1403.097412109375 802.4052734375
v -740.5641479492188 1405.4259033203125 802.392578125
v -723.6790771484375 1389.4771728515625 819.1349487304688
v -712.38330078125 1390.81884765625 808.0578002929688
v -723.699462890625 1395.4923095703125 808.03759765625
v -779.2015380859375 1418.65771484375 807.9029541015625
v -768.1929931640625 1407.988525390625 819.0440673828125
v -768.2325439453125 1414.0406494140625 807.9342041015625
v -768.24853515625 1416.9986572265625 802.3225708007812
v -762.7315063476562 1411.734375 807.9490966796875
v -757.2289428710938 1412.3779296875 802.3517456054688
v -762.7459716796875 1414.6885986328125 802.3373413085938
v -759.9894409179688 1413.533447265625 802.3446044921875
v -757.234619140625 1413.8282470703125 799.544189453125
v -759.9954833984375 1414.984619140625 799.5369873046875
v -751.6829833984375 1407.11767578125 807.9771728515625
v -751.6947021484375 1410.0650634765625 802.3657836914062
v -758.6155395507812 1414.406494140625 799.5405883789062
v -757.2373046875 1414.546142578125 798.1414794921875
v -758.6182861328125 1415.1246337890625 798.137939453125
v -754.4744262695312 1414.1009521484375 796.7471313476562
v -754.464111328125 1411.221923828125 802.3588256835938
v -751.6998291015625 1411.5135498046875 799.5582275390625
v -754.4695434570312 1412.6712646484375 799.5512084960938
v -765.4989013671875 1415.8436279296875 802.3300170898438
v -773.7216186523438 1416.3477783203125 807.9188232421875
v -790.091796875 1417.2073974609375 818.9747924804688
v -822.8233032226562 1418.9298095703125 839.7444458007812
v -769.6221923828125 1417.5762939453125 802.31884765625
v -773.7307739257812 1417.83642578125 805.1148681640625
v -770.9783935546875 1415.1939697265625 807.9265747070312
v -768.2408447265625 1415.5272216796875 805.130126953125
v -770.9871215820312 1416.6815185546875 805.12255859375
v -779.1795654296875 1415.640380859375 813.4856567382812
v -773.6784057617188 1410.2882080078125 819.0284423828125
v -768.2139892578125 1411.03125 813.517578125
v -773.7013549804688 1413.3345947265625 813.5020141601562
v -779.0968017578125 1406.462646484375 829.7791137695312
v -768.0863037109375 1395.84765625 840.00830078125
v -757.14404296875 1397.2879638671875 829.8380126953125
v -768.14404296875 1401.8759765625 829.8118286132812
v -800.6968383789062 1398.5909423828125 857.2293090820312
v -778.7005004882812 1379.21826171875 872.28857421875
v -756.99169921875 1380.3763427734375 857.3651733398438
v -778.8739013671875 1389.4835205078125 857.3202514648438
v -784.6749877929688 1420.9720458984375 807.8865356445312
v -770.9912109375 1417.4197998046875 803.718994140625
v -769.6143188476562 1416.1043701171875 805.1263427734375
v -768.2447509765625 1416.2650146484375 803.7265625
v -769.6183471679688 1416.8424072265625 803.7227783203125
v -765.4837036132812 1412.887451171875 807.9417114257812
v -762.7390747070312 1413.218994140625 805.1449584960938
v -765.4915771484375 1414.373046875 805.1376342773438
v -762.6957397460938 1405.6893310546875 819.0587158203125
v -757.2008056640625 1406.4248046875 813.5464477539062
v -762.7147216796875 1408.728515625 813.5324096679688
v -770.9932250976562 1417.7874755859375 803.01708984375
v -770.3048706054688 1417.131103515625 803.7208862304688
v -769.6203002929688 1417.2098388671875 803.0208129882812
v -770.3068237304688 1417.4986572265625 803.0189819335938
v -773.7350463867188 1418.5751953125 803.7113647460938
v -772.3592529296875 1417.2589111328125 805.1187133789062
v -772.3634643554688 1417.9974365234375 803.7152099609375
v -776.4625854492188 1417.5023193359375 807.9109497070312
v -776.4721069335938 1418.991943359375 805.1071166992188
v -770.9942016601562 1417.970947265625 802.6660766601562
v -770.6500854492188 1417.64306640625 803.0180053710938
v -770.3078002929688 1417.6820068359375 802.66796875
v -770.6510620117188 1417.826416015625 802.6669921875
v -771.6774291992188 1417.7086181640625 803.7171020507812
v -771.679443359375 1418.0762939453125 803.0151977539062
v -771.3363647460938 1417.931884765625 803.01611328125
v -771.3373413085938 1418.1153564453125 802.6651000976562
v -781.9389038085938 1419.814208984375 807.894775390625
v -790.1197509765625 1420.2666015625 813.4505615234375
v -784.6249389648438 1414.8958740234375 818.9938354492188
v -784.6514892578125 1417.950439453125 813.468505859375
v -800.9581909179688 1415.6895751953125 829.6915283203125
v -789.9503784179688 1405.0020751953125 839.9348754882812
v -790.0267333984375 1411.0623779296875 829.7392578125
v -783.3070678710938 1420.3929443359375 807.8906860351562
v -784.6636352539062 1419.466552734375 810.6828002929688
v -781.9161376953125 1416.7947998046875 813.4771728515625
v -779.19091796875 1417.154296875 810.6995849609375
v -781.9279174804688 1418.309814453125 810.6912841796875
v -783.3097534179688 1420.767333984375 807.1903076171875
v -782.623046875 1420.103515625 807.8927612304688
v -781.9415283203125 1420.1884765625 807.1943969726562
v -782.6256713867188 1420.477783203125 807.1923828125
v -784.6693725585938 1420.220703125 809.2857666015625
v -783.2958984375 1418.887939453125 810.6870727539062
v -781.9334716796875 1419.0634765625 809.2941284179688
v -783.3015747070312 1419.6419677734375 809.2899780273438
v -790.132568359375 1421.7847900390625 810.6654052734375
v -787.3858642578125 1419.107666015625 813.4596557617188
v -787.3983764648438 1420.624755859375 810.6741943359375
v -795.5582275390625 1419.526611328125 818.95458984375
v -795.5872802734375 1422.59033203125 813.4318237304688
v -780.5704345703125 1419.23583984375 807.8988647460938
v -779.2066040039062 1419.40478515625 806.501708984375
v -780.5755615234375 1419.983154296875 806.4977416992188
v -792.8534545898438 1421.4273681640625 813.4412841796875
v -795.5940551757812 1423.351806640625 812.0411376953125
v -794.2203369140625 1422.008544921875 813.4365844726562
v -792.860107421875 1422.188232421875 812.0504150390625
v -794.22705078125 1422.769775390625 812.0457763671875
v -798.3215942382812 1423.7557373046875 813.422119140625
v -822.8953247070312 1425.07080078125 829.5700073242188
v -811.835693359375 1414.2489013671875 839.81982421875
v -811.9144897460938 1420.3580322265625 829.6353759765625
v -844.6665649414062 1417.0130615234375 856.8887329101562
v -822.4884643554688 1397.2900390625 872.0724487304688
v -822.6636962890625 1407.7762451171875 857.0872192382812
v -931.7088623046875 1441.8790283203125 870.8972778320312
v -888.7116088867188 1401.8443603515625 897.6919555664062
v -888.8167724609375 1424.26220703125 871.4463500976562
v -795.5731201171875 1421.0615234375 816.2020874023438
v -792.8248901367188 1418.365966796875 818.96484375
v -790.1061401367188 1418.739990234375 816.2215576171875
v -792.8395385742188 1419.899658203125 816.2119140625
v -800.994140625 1418.77099609375 824.3690795898438
v -795.49072265625 1413.3717041015625 829.7164306640625
v -790.0607299804688 1414.1334228515625 824.4138793945312
v -795.5260009765625 1416.4476318359375 824.3922729492188
v -794.9105224609375 1423.0606689453125 812.04345703125
v -796.954345703125 1423.1727294921875 813.427001953125
v -801.0422973632812 1423.3924560546875 816.1815795898438
v -798.2921142578125 1420.6895751953125 818.944091796875
v -798.3072509765625 1422.2257080078125 816.1919555664062
v -867.1092529296875 1438.1282958984375 839.2952270507812
v -822.9277954101562 1428.177978515625 824.2586669921875
v -817.4033203125 1422.7093505859375 829.6038818359375
v -811.9498901367188 1423.451416015625 824.3175048828125
v -817.4374389648438 1425.809326171875 824.2890014648438
v -833.8135986328125 1423.6412353515625 839.6559448242188
v -833.8759765625 1429.81982421875 829.494873046875
v -820.1824340820312 1426.992431640625 824.2740478515625
v -817.4534912109375 1427.3609619140625 821.5875244140625
v -820.1981811523438 1428.5455322265625 821.5734252929688
v -828.3872680664062 1427.4412841796875 829.5337524414062
v -828.4177856445312 1430.5560302734375 824.2263793945312
v -821.5706176757812 1429.138916015625 821.5662841796875
v -825.6730346679688 1429.3658447265625 824.2427368164062
v -822.2568359375 1429.435791015625 821.5626220703125
v -822.9354858398438 1428.9554443359375 822.912109375
v -821.5551147460938 1427.5848388671875 824.2664184570312
v -820.1903686523438 1427.76904296875 822.9270629882812
v -821.5629272460938 1428.3619384765625 822.9196166992188
v -822.911865234375 1426.6231689453125 826.93017578125
v -820.1491088867188 1423.888916015625 829.5872802734375
v -817.4207153320312 1424.258056640625 826.9622802734375
v -820.1660766601562 1425.4393310546875 826.9464721679688
v -822.8604736328125 1421.9820556640625 834.7411499023438
v -817.327392578125 1416.5849609375 839.78369140625
v -811.8764038085938 1417.284423828125 834.8121337890625
v -817.3665771484375 1419.6285400390625 834.7780151367188
v -822.74658203125 1413.2513427734375 848.76025390625
v -811.6593627929688 1403.1722412109375 857.1649780273438
v -800.7910766601562 1403.993896484375 848.9049072265625
v -811.7510375976562 1408.606689453125 848.83935546875
v -825.6805419921875 1430.144287109375 822.896728515625
v -824.3004150390625 1428.7716064453125 824.250732421875
v -824.3080444335938 1429.549560546875 822.9044799804688
v -828.4027709960938 1428.99755859375 826.8958129882812
v -825.6414794921875 1426.2550048828125 829.5521850585938
v -825.6575317382812 1427.809326171875 826.9132690429688
v -833.845703125 1426.71337890625 834.6585083007812
v -828.3199462890625 1421.2822265625 839.7018432617188
v -828.3546142578125 1424.343994140625 834.7013549804688
v -844.7238159179688 1422.599365234375 848.5576782226562
v -833.6774291992188 1412.3931884765625 856.995361328125
v -833.747802734375 1417.918701171875 848.6666259765625
v -888.9071044921875 1435.8406982421875 856.2846069335938
v -866.9525756835938 1415.374755859375 871.6932373046875
v -867.0274658203125 1426.47265625 856.62060546875
v -822.9393310546875 1429.3441162109375 822.236328125
v -822.2492065429688 1428.65869140625 822.9158935546875
v -821.5667724609375 1428.75048828125 822.2437744140625
v -822.2530517578125 1429.0472412109375 822.2400512695312
v -822.9412231445312 1429.5384521484375 821.8978271484375
v -822.59619140625 1429.1956787109375 822.2382202148438
v -822.2549438476562 1429.241455078125 821.9015502929688
v -822.5980834960938 1429.3900146484375 821.8997192382812
v -823.6217651367188 1429.25244140625 822.9083251953125
v -823.6255493164062 1429.6412353515625 822.2326049804688
v -839.3582763671875 1432.205322265625 829.4534301757812
v -855.987548828125 1433.2496337890625 839.4326782226562
v -836.6181030273438 1431.01171875 829.4744873046875
v -833.8904418945312 1431.38037109375 826.8591918945312
v -844.80517578125 1431.469482421875 834.5634765625
v -839.3009033203125 1426.0054931640625 839.6065063476562
v -839.330322265625 1429.0888671875 834.6126098632812
v -839.364990234375 1432.9874267578125 828.1409912109375
v -837.9884643554688 1431.6082763671875 829.4640502929688
v -836.6251220703125 1431.792724609375 828.161376953125
v -837.995361328125 1432.389892578125 828.1512451171875
v -842.095947265625 1433.4002685546875 829.4317626953125
v -839.344482421875 1430.64404296875 832.052001953125
v -836.5890502929688 1427.900390625 834.635986328125
v -833.861083984375 1428.263427734375 832.0958251953125
v -836.603759765625 1429.4530029296875 832.0742797851562
v -837.9987182617188 1432.781005859375 827.4917602539062
v -837.310302734375 1432.09130859375 828.1563720703125
v -836.6286010742188 1432.18359375 827.501708984375
v -837.313720703125 1432.482177734375 827.4967651367188
v -835.261474609375 1431.9771728515625 826.8496704101562
v -835.2472534179688 1430.41552734375 829.4848022460938
v -833.8832397460938 1430.5997314453125 828.1812133789062
v -835.2544555664062 1431.196044921875 828.17138671875
v -831.1322021484375 1428.629638671875 829.5146484375
v -831.147216796875 1430.18798828125 826.8778076171875
v -837.65625 1432.631591796875 827.4942626953125
v -837.3154296875 1432.677734375 827.1661987304688
v -837.657958984375 1432.8271484375 827.1636962890625
v -838.6802368164062 1432.6885986328125 828.1461181640625
v -840.7274169921875 1432.8026123046875 829.4426879882812
v -844.8181762695312 1433.0301513671875 832.0053100585938
v -842.0692138671875 1430.278564453125 834.5884399414062
v -842.082763671875 1431.8365478515625 832.029052734375
v -856.010498046875 1436.372802734375 834.4520874023438
v -850.3919677734375 1430.810791015625 839.4951171875
v -850.4166259765625 1433.919677734375 834.5095825195312
v -867.0679321289062 1432.21826171875 848.2817993164062
v -855.896240234375 1421.752197265625 856.76318359375
v -855.9423828125 1427.412109375 848.4287719726562
v -853.2159423828125 1435.14599609375 834.4812622070312
v -861.561279296875 1435.689208984375 839.3660888671875
v -853.2217407226562 1435.93017578125 833.2091064453125
v -851.8168334960938 1434.53271484375 834.4955444335938
v -850.422607421875 1434.7022705078125 833.2366943359375
v -851.82275390625 1435.316162109375 833.2230224609375
v -855.9990844726562 1434.806640625 836.9641723632812
v -853.1922607421875 1432.030029296875 839.4644165039062
v -850.4044189453125 1432.3603515625 837.0243530273438
v -853.2042236328125 1433.583251953125 836.9947509765625
v -855.9652099609375 1430.3070068359375 844.0187377929688
v -850.3426513671875 1425.0059814453125 848.4954223632812
v -844.7515258789062 1425.4613037109375 844.145263671875
v -850.3676147460938 1427.8837890625 844.0841674804688
v -847.6128540039062 1432.694091796875 834.5369873046875
v -847.6253051757812 1434.2578125 831.9801025390625
v -854.6138305664062 1435.75927734375 834.466796875
v -853.9208374023438 1436.2373046875 833.2020874023438
v -853.5713500976562 1436.083740234375 833.2056274414062
v -854.61669921875 1436.151611328125 833.8321533203125
v -853.9150390625 1435.45263671875 834.4740600585938
v -853.2188720703125 1435.537841796875 833.846435546875
v -853.91796875 1435.8447265625 833.8392944335938
v -856.0048217773438 1435.5887451171875 835.71337890625
v -854.602294921875 1434.19482421875 836.9795532226562
v -853.2100830078125 1434.363525390625 835.7432861328125
v -854.6080932617188 1434.97607421875 835.7284545898438
v -861.572265625 1437.254150390625 836.9000244140625
v -858.7774047851562 1434.4693603515625 839.39990234375
v -858.78857421875 1436.0302734375 836.9326171875
v -867.0885620117188 1435.1512451171875 843.87451171875
v -861.5189208984375 1429.816650390625 848.3576049804688
v -861.5401611328125 1432.72998046875 843.9489135742188
v -878.0279541015625 1431.16552734375 856.4606323242188
v -878.0709228515625 1437.0091552734375 848.115966796875
v -910.2973022460938 1433.0423583984375 871.1759643554688
v -910.4288330078125 1445.217041015625 855.8936157226562
v -975.2999877929688 1430.7723388671875 897.8814086914062
v -852.5223999023438 1435.6231689453125 833.2161254882812
v -854.2673950195312 1435.9981689453125 833.8357543945312
v -853.9193725585938 1436.0408935546875 833.52099609375
v -854.268798828125 1436.1944580078125 833.5174560546875
v -855.3123168945312 1436.0660400390625 834.45947265625
v -855.315185546875 1436.4586181640625 833.8248901367188
v -854.26953125 1436.2926025390625 833.3580932617188
v -854.0941162109375 1436.11767578125 833.5192260742188
v -853.9201049804688 1436.1390380859375 833.3616333007812
v -854.0948486328125 1436.2158203125 833.35986328125
v -853.5684204101562 1435.6912841796875 833.8428955078125
v -853.2203369140625 1435.7340087890625 833.528076171875
v -853.5698852539062 1435.887451171875 833.5245361328125
v -852.5165405273438 1434.83935546875 834.4884643554688
v -851.81982421875 1434.9241943359375 833.8605346679688
v -852.5194702148438 1435.23095703125 833.853515625
v -851.8048706054688 1432.9718017578125 837.0096435546875
v -850.4105224609375 1433.138916015625 835.772216796875
v -851.8109130859375 1433.751220703125 835.7578735351562
v -847.587158203125 1429.592041015625 839.5247802734375
v -844.7918701171875 1429.916748046875 837.0806274414062
v -847.60009765625 1431.13818359375 837.052978515625
v -878.0933837890625 1439.9857177734375 843.7117919921875
v -872.58544921875 1434.6156005859375 848.2012329101562
v -872.6064453125 1437.5697021484375 843.79541015625
v -872.6170654296875 1439.0625 841.529296875
v -869.8515014648438 1436.36083984375 843.8355712890625
v -867.098876953125 1436.63427734375 841.6067504882812
v -869.8619384765625 1437.8486328125 841.568603515625
v -899.6967163085938 1440.517822265625 856.0947875976562
v -905.0679931640625 1442.8634033203125 855.9954833984375
v -899.7288208007812 1443.5426025390625 851.9841918945312
v -953.285888671875 1450.884033203125 870.6255493164062
v -910.3583374023438 1439.09130859375 863.7578735351562
v -899.5853271484375 1428.6553955078125 871.3131713867188
v -888.8593139648438 1430.0023193359375 864.0979614257812
v -899.6375122070312 1434.54248046875 863.9320678710938
v -931.6331787109375 1429.20556640625 884.8136596679688
v -910.1534423828125 1409.358642578125 897.619384765625
v -888.7498779296875 1413.008056640625 885.0426025390625
v -910.2047119140625 1421.1441650390625 884.9120483398438
v -931.7183227539062 1387.004150390625 923.740478515625
v -888.9314575195312 1333.166748046875 956.6435546875
v -844.2666015625 1360.24560546875 924.4080810546875
v -888.7406616210938 1374.7730712890625 923.8895263671875
v -932.7803344726562 1200.0389404296875 1049.8980712890625
v -844.7567138671875 1258.3912353515625 1003.8306884765625
v -932.4058227539062 1273.298095703125 1003.945068359375
v -902.417724609375 1444.731201171875 851.93310546875
v -894.3111572265625 1438.177734375 856.1912231445312
v -888.9328002929688 1438.8021240234375 852.1805419921875
v -894.3399047851562 1441.1700439453125 852.0840454101562
v -903.7609252929688 1445.326416015625 851.9072875976562
v -931.7702026367188 1448.2955322265625 863.39306640625
v -920.9920043945312 1437.443359375 871.0367431640625
v -921.057373046875 1443.6689453125 863.5774536132812
v -905.08544921875 1444.3897705078125 853.9549560546875
v -902.3839111328125 1441.6898193359375 856.0454711914062
v -899.7125854492188 1442.0269775390625 854.0563354492188
v -902.4005737304688 1443.2073974609375 854.0059814453125
v -910.3923950195312 1442.14404296875 859.88525390625
v -905.0028686523438 1436.8145751953125 863.8458862304688
v -899.666259765625 1437.5184326171875 860.0746459960938
v -905.034423828125 1439.8280029296875 859.9810180664062
v -907.7494506835938 1444.0390625 855.94482421875
v -907.7677612304688 1445.57421875 853.9031982421875
v -905.0944213867188 1445.1551513671875 852.9223022460938
v -903.743408203125 1443.79833984375 853.9805297851562
v -902.4091186523438 1443.968505859375 852.9737548828125
v -903.7520751953125 1444.5615234375 852.9481201171875
v -906.4268798828125 1444.981689453125 853.9291381835938
v -906.43603515625 1445.749267578125 852.8963012695312
v -905.7653198242188 1445.4521484375 852.9093627929688
v -905.0989379882812 1445.538330078125 852.40283203125
v -905.7698364257812 1445.8359375 852.3898315429688
v -926.4098510742188 1445.974853515625 863.4856567382812
v -942.4796142578125 1446.364990234375 870.7596435546875
v -975.0306396484375 1445.2823486328125 884.7636108398438
v -953.418212890625 1423.849609375 897.6997680664062
v -953.3156127929688 1437.304931640625 884.760009765625
v -1018.5508422851562 1404.9788818359375 925.2412719726562
v -976.2489013671875 1350.546142578125 956.9635009765625
v -975.890625 1397.517578125 924.1348876953125
v -929.0887451171875 1447.1331787109375 863.4393920898438
v -926.4282836914062 1447.5634765625 861.5502319335938
v -929.1069946289062 1448.7332763671875 861.5015869140625
v -931.7374877929688 1445.0810546875 867.1951904296875
v -926.34521484375 1439.6556396484375 870.9669189453125
v -921.0231323242188 1440.54833984375 867.3582153320312
v -926.375732421875 1442.80810546875 867.27685546875
v -931.6634521484375 1435.5146484375 878.0230102539062
v -920.8986206054688 1425.173828125 884.8580322265625
v -910.2459716796875 1427.0625 878.20751953125
v -920.9391479492188 1431.2791748046875 878.113037109375
v -942.4999389648438 1449.671142578125 867.0320434570312
v -937.0873413085938 1444.115966796875 870.828125
v -937.112548828125 1447.369140625 867.113525390625
v -953.2899169921875 1444.072265625 877.8633422851562
v -942.4464721679688 1433.2550048828125 884.7804565429688
v -942.4539184570312 1439.7847900390625 877.939208984375
v -947.8807373046875 1448.622314453125 870.6920166015625
v -945.19677734375 1450.826171875 866.991455078125
v -950.5831298828125 1449.7528076171875 870.6586303710938
v -947.8871459960938 1450.3017578125 868.8333129882812
v -950.5877685546875 1451.4464111328125 868.79638671875
v -974.9253540039062 1452.576904296875 877.741943359375
v -964.1929931640625 1441.3243408203125 884.75390625
v -964.128173828125 1448.3465576171875 877.7969970703125
v -996.8053588867188 1437.1751708984375 898.1765747070312
v -996.3953857421875 1452.89111328125 884.8370361328125
v -953.2849731445312 1447.4735107421875 874.2886962890625
v -947.8689575195312 1441.92822265625 877.9002075195312
v -942.46435546875 1443.069091796875 874.3939208984375
v -947.8721923828125 1445.27001953125 874.3404541015625
v -949.2373657226562 1450.8740234375 868.8148193359375
v -947.890869140625 1451.142333984375 867.8951416015625
v -945.1793823242188 1447.4927978515625 870.7257080078125
v -942.4891357421875 1448.016845703125 868.9077758789062
v -945.1873779296875 1449.158447265625 868.8704223632812
v -969.5346069335938 1450.4691162109375 877.7680053710938
v -964.1049194335938 1451.872802734375 874.1909790039062
v -985.7807006835938 1449.1483154296875 884.7908325195312
v -958.7114868164062 1446.2130126953125 877.828857421875
v -958.6976318359375 1449.67578125 874.23876953125
v -969.5172729492188 1452.26416015625 875.967529296875
v -966.8330078125 1449.409423828125 877.7821044921875
v -964.11572265625 1450.108642578125 876.0048217773438
v -966.818115234375 1451.1878662109375 875.98583984375
v -974.974853515625 1448.9244384765625 881.29541015625
v -969.6197509765625 1443.31298828125 884.7567138671875
v -964.1577758789062 1444.8294677734375 881.3173217773438
v -969.57421875 1446.8853759765625 881.3045654296875
v -975.1576538085938 1438.0404052734375 891.4508666992188
v -964.3777465820312 1427.3603515625 897.77734375
v -953.3595581054688 1430.5933837890625 891.3436889648438
v -964.27783203125 1434.3568115234375 891.38671875
v -975.6041259765625 1415.3795166015625 910.5883178710938
v -953.7310791015625 1392.5262451171875 923.85888671875
v -931.6450805664062 1403.1385498046875 910.2044677734375
v -953.56591796875 1409.4658203125 910.3280639648438
v -961.4022216796875 1450.775146484375 874.214599609375
v -958.6929931640625 1451.41015625 872.4108276367188
v -961.3954467773438 1452.525146484375 872.3827514648438
v -985.7059326171875 1452.93603515625 881.28857421875
v -980.4196166992188 1447.2288818359375 884.7749633789062
v -980.35400390625 1450.942626953125 881.2899780273438
v -996.5925903320312 1445.0440673828125 891.6487426757812
v -986.1281127929688 1434.054443359375 898.013916015625
v -985.9467163085938 1441.61328125 891.5376586914062
v -1018.10546875 1425.0123291015625 911.59521484375
v -997.633544921875 1401.7337646484375 924.590087890625
v -997.2418212890625 1420.6285400390625 911.0042114257812
v -1117.0487060546875 1408.51513671875 930.8172607421875
v -1067.9764404296875 1355.1881103515625 959.500732421875
v -1067.411865234375 1409.0450439453125 927.5599365234375
v -983.03369140625 1451.942626953125 881.2887573242188
v -980.3235473632812 1452.8033447265625 879.5153198242188
v -991.1079711914062 1451.037109375 884.8114624023438
v -981.6631469726562 1453.313232421875 879.5123901367188
v -977.66748046875 1449.936279296875 881.2921752929688
v -974.9492797851562 1450.74951171875 879.5293579101562
v -977.639404296875 1451.7791748046875 879.5219116210938
v -980.9935913085938 1453.0584716796875 879.5138549804688
v -980.3162231445312 1453.268798828125 879.0682983398438
v -980.986083984375 1453.5250244140625 879.0665283203125
v -983.0171508789062 1452.8818359375 880.4019165039062
v -981.6947631835938 1451.443359375 881.2892456054688
v -980.3385620117188 1451.8726806640625 880.4053344726562
v -981.6787719726562 1452.3780517578125 880.4035034179688
v -985.7425537109375 1451.040771484375 883.050537109375
v -983.10400390625 1448.192138671875 884.7822875976562
v -980.3860473632812 1449.084228515625 883.0431518554688
v -983.0680541992188 1450.0660400390625 883.0463256835938
v -985.861328125 1445.373779296875 888.2064208984375
v -980.5668334960938 1439.8426513671875 891.4913330078125
v -975.091796875 1441.6544189453125 888.1476440429688
v -980.4908447265625 1443.52880859375 888.1744384765625
v -978.9822998046875 1452.2918701171875 879.5184936523438
v -977.6260375976562 1452.7012939453125 878.6287231445312
v -978.9683227539062 1453.2186279296875 878.6242065429688
v -993.7570190429688 1451.9686279296875 884.8236083984375
v -1017.3673095703125 1451.4061279296875 891.9583740234375
v -1007.2894287109375 1440.1090087890625 898.371826171875
v -1007.0565795898438 1448.3074951171875 891.7866821289062
v -996.4915161132812 1448.960693359375 888.2866821289062
v -991.2908325195312 1443.348388671875 891.590087890625
v -991.1969604492188 1447.185791015625 888.2437744140625
v -1006.945556640625 1452.389892578125 888.3910522460938
v -1001.8468627929688 1446.697021484375 891.7139892578125
v -1001.7400512695312 1450.6954345703125 888.3355102539062
v -1001.6884765625 1452.6995849609375 886.613037109375
v -999.1215209960938 1449.8331298828125 888.310302734375
v -996.4427490234375 1450.924072265625 886.5730590820312
v -999.0712890625 1451.8167724609375 886.5923461914062
v -1012.22802734375 1449.876708984375 891.8677368164062
v -1029.853271484375 1445.929931640625 898.94677734375
v -1066.9739990234375 1432.260498046875 913.8558959960938
v -1042.97265625 1407.626220703125 926.2733154296875
v -1042.5179443359375 1429.1693115234375 912.5654296875
v -1008.2409057617188 1452.807373046875 888.4061279296875
v -1012.1704711914062 1451.960205078125 890.1719970703125
v -1009.646728515625 1449.09716796875 891.8261108398438
v -1007.00048828125 1450.34765625 890.0994873046875
v -1009.5897827148438 1451.1588134765625 890.1346435546875
v -1017.4871826171875 1447.1448974609375 895.3113403320312
v -1012.4668579101562 1441.5059814453125 898.4835205078125
v -1007.171630859375 1444.2215576171875 895.10693359375
v -1012.3460083007812 1445.704345703125 895.2041015625
v -1017.859130859375 1434.1197509765625 905.0980834960938
v -1007.7647094726562 1422.9310302734375 911.2765502929688
v -997.0247192382812 1429.10009765625 904.5752563476562
v -1007.5286254882812 1431.7117919921875 904.8152465820312
v -1004.3477783203125 1451.547607421875 888.3623657226562
v -1009.561767578125 1452.1903076171875 889.281005859375
v -1008.2962646484375 1450.7545166015625 890.1168212890625
v -1006.9728393554688 1451.368408203125 889.2481079101562
v -1008.2684326171875 1451.780517578125 889.2642822265625
v -1004.4569091796875 1447.507568359375 891.7493286132812
v -1001.7929077148438 1448.6951904296875 890.0352172851562
v -1004.4017944335938 1449.5264892578125 890.06640625
v -1002.071044921875 1438.6658935546875 898.2698364257812
v -996.6975708007812 1441.12353515625 894.938720703125
v -1001.9575805664062 1442.695068359375 895.018798828125
v -1009.5478515625 1452.706298828125 888.8521118164062
v -1008.9153442382812 1451.9857177734375 889.2725830078125
v -1008.254638671875 1452.2938232421875 888.8359375
v -1008.9014892578125 1452.5003662109375 888.8439331054688
v -1010.8811645507812 1451.5606689453125 890.1530151367188
v -1010.8529663085938 1452.5975341796875 889.2982788085938
v -1014.8013305664062 1450.646240234375 891.9118041992188
v -1010.2076416015625 1452.3941650390625 889.2896118164062
v -1035.9425048828125 1447.3780517578125 899.1456298828125
v -1042.2716064453125 1439.1337890625 905.9813232421875
v -1030.354248046875 1427.2332763671875 912.0426635742188
v -1030.104736328125 1436.7562255859375 905.5010375976562
v -1035.8809814453125 1449.69482421875 897.4772338867188
v -1032.8994140625 1446.6610107421875 899.043701171875
v -1029.7911376953125 1448.1885986328125 897.28759765625
v -1032.8375244140625 1448.948486328125 897.3798828125
v -1042.147705078125 1443.9833984375 902.6871948242188
v -1036.192138671875 1437.9761962890625 905.73095703125
v -1029.9786376953125 1441.376220703125 902.2354125976562
v -1036.06689453125 1442.709228515625 902.4509887695312
v -1054.6929931640625 1430.8389892578125 913.1682739257812
v -1054.453125 1441.271240234375 906.5474853515625
v -1092.2664794921875 1409.336181640625 929.0812377929688
v -1091.8416748046875 1434.390625 915.5040283203125
v -1165.11279296875 1341.7083740234375 963.1406860351562
v -1023.74609375 1444.4241943359375 898.7672729492188
v -1023.6223754882812 1448.820068359375 895.4545288085938
v -1034.3594970703125 1449.3233642578125 897.4279174804688
v -1038.98388671875 1448.0811767578125 899.2527465820312
v -1035.120361328125 1449.509521484375 897.452392578125
v -1035.91162109375 1448.53759765625 898.31298828125
v -1034.4212646484375 1447.0213623046875 899.093994140625
v -1032.868408203125 1447.8060302734375 898.2133178710938
v -1034.3902587890625 1448.173583984375 898.2625122070312
v -1036.0045166015625 1445.0504150390625 900.802734375
v -1033.0244140625 1442.0501708984375 902.3406982421875
v -1029.915771484375 1443.6600341796875 900.59521484375
v -1032.961669921875 1444.3624267578125 900.6964721679688
v -1023.99755859375 1435.4715576171875 905.2904052734375
v -1017.7342529296875 1438.5240478515625 901.8612670898438
v -1023.8715209960938 1439.98193359375 902.039306640625
v -1035.5006103515625 1449.602294921875 897.4647827148438
v -1037.4632568359375 1447.7313232421875 899.198486328125
v -1037.4324951171875 1448.8983154296875 898.36474609375
v -1042.086181640625 1446.3836669921875 901.0309448242188
v -1039.1075439453125 1443.353515625 902.56640625
v -1039.0455322265625 1445.7239990234375 900.9141845703125
v -1048.354736328125 1440.2313232421875 906.253173828125
v -1048.232666015625 1445.200927734375 902.9454345703125
v -1035.896240234375 1449.116455078125 897.8955078125
v -1035.1510009765625 1448.3560791015625 898.28759765625
v -1034.3748779296875 1448.748779296875 897.8456420898438
v -1035.1356201171875 1448.93310546875 897.8704223632812
v -1060.5784912109375 1442.2557373046875 906.8654174804688
v -1079.3807373046875 1433.4442138671875 914.6328735351562
v -1057.51171875 1441.770263671875 906.7034301757812
v -1054.39306640625 1443.826171875 904.89013671875
v -1057.4521484375 1444.356689453125 905.043212890625
v -1066.857421875 1437.7667236328125 910.5316772460938
v -1060.81494140625 1431.5797119140625 913.501220703125
v -1054.573486328125 1436.1021728515625 909.8546142578125
v -1060.697021484375 1436.9627685546875 910.1815185546875
v -1067.200927734375 1420.9241943359375 920.5862426757812
v -1055.140380859375 1408.48046875 926.8860473632812
v -1042.7547607421875 1418.719482421875 919.2764892578125
v -1054.925048828125 1419.95751953125 919.8947143554688
v -1067.7518310546875 1383.216552734375 942.79833984375
v -1043.5401611328125 1355.694580078125 958.6256713867188
v -1018.8728637695312 1381.4500732421875 940.7300415039062
v -1043.3187255859375 1382.9810791015625 941.6741943359375
v -1117.50634765625 1308.9564208984375 984.7007446289062
v -1068.2125244140625 1275.438232421875 1006.3256225585938
v -1019.1436767578125 1316.06396484375 982.36328125
v -1068.1468505859375 1314.7525634765625 983.5133056640625
v -1073.165771484375 1432.882080078125 914.23291015625
v -1073.0504150390625 1438.5146484375 910.906005859375
v -1092.06298828125 1422.0748291015625 922.192626953125
v -1079.810546875 1409.3299560546875 928.29248046875
v -1079.6038818359375 1421.629638671875 921.3519287109375
v -1117.3463134765625 1380.1103515625 945.3877563476562
v -1092.7633056640625 1353.4949951171875 960.43701171875
v -1092.580078125 1382.2520751953125 944.0527954101562
v -1085.6092529296875 1433.947021484375 915.056396484375
v -1141.1865234375 1406.589599609375 932.7412109375
v -1088.7255859375 1434.17626953125 915.2771606445312
v -1116.8438720703125 1422.1849365234375 924.1026611328125
v -1104.704345703125 1409.064453125 929.9236450195312
v -1104.5018310546875 1422.259765625 923.1092529296875
v -1091.953857421875 1428.2791748046875 918.8339233398438
v -1085.8311767578125 1421.884765625 921.7628784179688
v -1079.4937744140625 1427.5902099609375 917.9749755859375
v -1085.7216796875 1427.9658203125 918.3936767578125
v -1098.289794921875 1422.1998291015625 922.6414184570312
v -1098.1806640625 1428.5301513671875 919.2959594726562
v -1098.124755859375 1431.6624755859375 917.63427734375
v -1095.0684814453125 1428.4124755859375 919.0621948242188
v -1091.8980712890625 1431.345703125 917.1666870117188
v -1095.0126953125 1431.51171875 917.3975219726562
v -1094.9844970703125 1433.053466796875 916.5669555664062
v -1093.45556640625 1431.4305419921875 917.2813720703125
v -1091.869873046875 1432.8707275390625 916.3349609375
v -1093.427490234375 1432.9639892578125 916.4501953125
v -1088.837890625 1428.1302490234375 918.611083984375
v -1085.665771484375 1430.968017578125 916.7223510742188
v -1088.781982421875 1431.1644287109375 916.941650390625
v -1094.9703369140625 1433.8223876953125 916.1519165039062
v -1094.2060546875 1433.0091552734375 916.5083618164062
v -1093.413330078125 1433.728759765625 916.034912109375
v -1094.19189453125 1433.7760009765625 916.0932006835938
v -1096.569091796875 1431.5889892578125 917.5151977539062
v -1096.5408935546875 1433.13916015625 916.6852416992188
v -1110.689697265625 1422.2548828125 923.5963134765625
v -1129.2244873046875 1407.68896484375 931.759521484375
v -1164.905029296875 1372.4617919921875 948.0857543945312
v -1141.6632080078125 1346.6790771484375 962.2950439453125
v -1141.5084228515625 1376.810791015625 946.7526245117188
v -1210.442138671875 1286.176025390625 986.4317626953125
v -1165.1776123046875 1257.2724609375 1008.1953735351562
v -1165.2103271484375 1299.1370849609375 985.68603515625
v -1094.184814453125 1434.1590576171875 915.8856811523438
v -1093.8026123046875 1433.7525634765625 916.0640258789062
v -1093.40625 1434.110595703125 915.8273315429688
v -1093.7955322265625 1434.135009765625 915.8564453125
v -1092.6204833984375 1434.44189453125 915.5617065429688
v -1092.648681640625 1432.9178466796875 916.3923950195312
v -1091.8558349609375 1433.63134765625 915.9193725585938
v -1092.6346435546875 1433.6805419921875 915.9769897460938
v -1090.28369140625 1434.2852783203125 915.3898315429688
v -1090.340087890625 1431.2569580078125 917.0534057617188
v -1088.75390625 1432.673095703125 916.1089477539062
v -1090.31201171875 1432.7738037109375 916.22119140625
v -1094.5811767578125 1433.79931640625 916.12255859375
v -1095.7628173828125 1433.0968017578125 916.6259155273438
v -1129.1224365234375 1414.7982177734375 928.4364013671875
v -1123.162353515625 1408.1365966796875 931.282470703125
v -1116.9498291015625 1415.3895263671875 927.4284057617188
v -1123.062255859375 1415.1275634765625 927.9246215820312
v -1141.3704833984375 1391.774169921875 939.5120849609375
v -1129.5284423828125 1378.6021728515625 946.0698852539062
v -1117.21875 1394.4959716796875 937.87744140625
v -1129.39892578125 1393.2757568359375 938.6864624023438
v -1129.068359375 1418.3311767578125 926.799072265625
v -1126.099365234375 1414.9713134765625 928.1786499023438
v -1123.00927734375 1418.596923828125 926.2703247070312
v -1126.0458984375 1418.4722900390625 926.5325317382812
v -1135.231689453125 1407.1728515625 932.2467651367188
v -1135.127197265625 1414.4022216796875 928.9619140625
v -1152.9505615234375 1405.2275390625 933.73974609375
v -1132.131591796875 1414.6085205078125 928.6976318359375
v -1135.0997314453125 1416.202392578125 928.1509399414062
v -1133.631103515625 1414.5074462890625 928.8294067382812
v -1132.1044921875 1416.3927001953125 927.8818969726562
v -1133.603759765625 1416.299560546875 928.0160522460938
v -1138.1094970703125 1414.179443359375 929.2286376953125
v -1147.091796875 1405.940673828125 933.2399291992188
v -1164.7440185546875 1387.994873046875 941.1538696289062
v -1153.29541015625 1374.7567138671875 947.4275512695312
v -1153.145751953125 1390.0079345703125 940.3396606445312
v -1209.94482421875 1361.255859375 950.376708984375
v -1187.9052734375 1335.9205322265625 963.9091186523438
v -1187.6553955078125 1367.2369384765625 949.317138671875
v -1135.1805419921875 1410.7935791015625 930.5952758789062
v -1132.23486328125 1407.4393310546875 932.0020141601562
v -1129.174560546875 1411.2510986328125 930.0888671875
v -1132.184326171875 1411.0306396484375 930.3407592773438
v -1141.2840576171875 1399.201904296875 936.0704956054688
v -1135.4105224609375 1392.5592041015625 939.0980834960938
v -1129.317138671875 1400.5166015625 935.16796875
v -1135.32666015625 1399.8931884765625 935.616943359375
v -1139.595947265625 1414.0618896484375 929.36279296875
v -1141.1339111328125 1410.2694091796875 931.1103515625
v -1138.2154541015625 1406.8895263671875 932.4932861328125
v -1138.16357421875 1410.5396728515625 930.8519287109375
v -1147.037841796875 1409.6798095703125 931.6307373046875
v -1144.1451416015625 1406.2733154296875 932.990234375
v -1144.0919189453125 1409.982666015625 931.3700561523438
v -1153.0537109375 1397.6229248046875 936.9818115234375
v -1147.281494140625 1390.9229736328125 939.9265747070312
v -1147.1922607421875 1398.4444580078125 936.5263061523438
v -1141.1068115234375 1412.10595703125 930.3018798828125
v -1139.650390625 1410.4066162109375 930.98095703125
v -1138.1368408203125 1412.36083984375 930.0382690429688
v -1139.6234130859375 1412.2354736328125 930.1698608398438
v -1141.093017578125 1413.0234375 929.899169921875
v -1140.365478515625 1412.171142578125 930.23583984375
v -1139.6097412109375 1413.1490478515625 929.765869140625
v -1140.351806640625 1413.086669921875 929.8324584960938
v -1144.064453125 1411.834716796875 930.5669555664062
v -1142.614501953125 1410.1280517578125 931.2400512695312
v -1142.587158203125 1411.9722900390625 930.4342651367188
v -1141.086181640625 1413.48193359375 929.6981811523438
v -1140.7225341796875 1413.05517578125 929.8658447265625
v -1140.3448486328125 1413.544189453125 929.6311645507812
v -1140.715576171875 1413.51318359375 929.6646728515625
v -1141.847412109375 1412.0396728515625 930.3680419921875
v -1141.83349609375 1412.9591064453125 929.9660034179688
v -1141.46337890625 1412.9913330078125 929.9325561523438
v -1150.02685546875 1405.592041015625 933.4898681640625
v -1147.7724609375 1409.6015625 931.6959838867188
v -1149.999755859375 1407.4769287109375 932.6883544921875
v -1148.560791015625 1405.768310546875 933.3648681640625
v -1147.0650634765625 1407.81103515625 932.432861328125
v -1148.533935546875 1407.64599609375 932.5606079101562
v -1153.00341796875 1401.426513671875 935.3480834960938
v -1150.128662109375 1398.0416259765625 936.7542724609375
v -1147.143310546875 1402.1956787109375 934.87060546875
v -1150.0791015625 1401.8189697265625 935.1094360351562
v -1164.6470947265625 1395.7945556640625 937.8823852539062
v -1158.9658203125 1389.0311279296875 940.7493896484375
v -1158.87109375 1396.739013671875 937.4346923828125
v -1176.3531494140625 1369.9478759765625 948.7185668945312
v -1176.1845703125 1385.7529296875 941.9393310546875
v -1145.5662841796875 1409.833251953125 931.5003051757812
v -1155.86328125 1404.84716796875 933.9891357421875
v -1148.520263671875 1408.5843505859375 932.1603393554688
v -1147.7998046875 1407.72900390625 932.4967041015625
v -1147.051513671875 1408.74560546875 932.0311889648438
v -1147.7862548828125 1408.6654052734375 932.0957641601562
v -1145.6199951171875 1406.1090087890625 933.114990234375
v -1144.1187744140625 1408.12890625 932.1776733398438
v -1145.593505859375 1407.971923828125 932.30517578125
v -1144.244140625 1398.831298828125 936.2982788085938
v -1141.236572265625 1402.9005126953125 934.3934936523438
v -1144.196044921875 1402.5562744140625 934.6318359375
v -1149.986083984375 1408.4190673828125 932.2894897460938
v -1149.2672119140625 1407.56201171875 932.6244506835938
v -1149.25341796875 1408.502197265625 932.2249145507812
v -1151.4901123046875 1405.4117431640625 933.6148071289062
v -1151.462890625 1407.303955078125 932.816162109375
v -1154.408203125 1405.039306640625 933.864501953125
v -1158.819580078125 1400.5947265625 935.8233032226562
v -1155.9677734375 1397.1885986328125 937.208740234375
v -1155.9168701171875 1401.018310546875 935.586181640625
v -1155.1361083984375 1404.9437255859375 933.9268188476562
v -1155.890380859375 1402.932861328125 934.78466796875
v -1154.46142578125 1401.224365234375 935.4672241210938
v -1152.977294921875 1403.3272705078125 934.5409545898438
v -1154.4351806640625 1403.132080078125 934.6629028320312
v -1155.499755859375 1404.8956298828125 933.9580078125
v -1155.1292724609375 1405.42138671875 933.7284545898438
v -1155.492919921875 1405.3736572265625 933.759765625
v -1158.7928466796875 1402.52294921875 935.0275268554688
v -1157.3695068359375 1400.808349609375 935.7048950195312
v -1157.3428955078125 1402.7298583984375 934.90625
v -1161.76416015625 1396.274169921875 937.6593017578125
v -1161.712158203125 1400.15576171875 936.0592041015625
v -1170.4827880859375 1386.9013671875 941.5511474609375
v -1170.3843994140625 1394.79150390625 938.322509765625
v -1155.876953125 1403.8900146484375 934.38623046875
v -1155.1630859375 1403.032958984375 934.7238159179688
v -1154.4217529296875 1404.085693359375 934.2630004882812
v -1155.149658203125 1403.9884033203125 934.3246459960938
v -1163.154541015625 1399.9306640625 936.1765747070312
v -1167.5205078125 1395.30029296875 938.103515625
v -1162.4337158203125 1400.043701171875 936.1179809570312
v -1161.69873046875 1401.1265869140625 935.6633911132812
v -1162.420166015625 1401.0162353515625 935.7228393554688
v -1164.6212158203125 1397.7476806640625 937.0844116210938
v -1163.2069091796875 1396.0362548828125 937.7710571289062
v -1161.7384033203125 1398.214599609375 936.8557739257812
v -1163.1810302734375 1397.9830322265625 936.9703369140625
v -1164.697021484375 1391.89208984375 939.5012817382812
v -1161.8599853515625 1388.520263671875 940.952392578125
v -1158.919921875 1392.8843994140625 939.0755004882812
v -1161.8134765625 1392.3956298828125 939.2891845703125
v -1164.829833984375 1380.2166748046875 944.558837890625
v -1159.1214599609375 1373.637939453125 947.75927734375
v -1153.22607421875 1382.38427734375 943.8255004882812
v -1159.049072265625 1381.3297119140625 944.19482421875
v -1165.0263671875 1357.0284423828125 955.450927734375
v -1153.474609375 1344.3074951171875 962.726806640625
v -1141.6041259765625 1361.757080078125 954.3833618164062
v -1153.4031982421875 1359.5098876953125 954.9260864257812
v -1165.1846923828125 1320.278076171875 974.3501586914062
v -1141.6790771484375 1304.5050048828125 985.2263793945312
v -1117.5196533203125 1329.6815185546875 973.0675048828125
v -1141.6947021484375 1325.4583740234375 973.7424926757812
v -1160.26708984375 1400.3770751953125 935.9414672851562
v -1160.240234375 1402.3121337890625 935.1484985351562
v -1168.95361328125 1395.0477294921875 938.2133178710938
v -1181.851806640625 1384.5517578125 942.3164672851562
v -1198.831787109375 1364.3468017578125 949.872802734375
v -1228.8797607421875 1323.3343505859375 965.0804443359375
v -1288.7567138671875 1254.771728515625 987.260986328125
v -1248.6463623046875 1228.5157470703125 1009.0038452148438
v -1248.303466796875 1272.47412109375 986.909912109375
v -1170.4349365234375 1390.8419189453125 939.9196166992188
v -1167.6181640625 1387.455078125 941.353515625
v -1167.5706787109375 1391.3741455078125 939.7114868164062
v -1176.273681640625 1377.825439453125 945.26513671875
v -1170.6483154296875 1371.2308349609375 948.4058837890625
v -1170.5706787109375 1379.0477294921875 944.9161376953125
v -1187.7938232421875 1351.45654296875 956.4296264648438
v -1176.586669921875 1338.9049072265625 963.5353393554688
v -1176.48583984375 1354.336181640625 955.9535522460938
v -1210.3206787109375 1307.661865234375 975.3733520507812
v -1188.103759765625 1292.996826171875 986.085693359375
v -1188.0234375 1314.3077392578125 974.8929443359375
v -1170.371337890625 1395.7802734375 937.9281616210938
v -1169.6693115234375 1394.9200439453125 938.2679443359375
v -1168.9405517578125 1396.0333251953125 937.8175659179688
v -1169.65625 1395.9072265625 937.8729248046875
v -1171.81298828125 1394.5318603515625 938.4310302734375
v -1176.1363525390625 1389.7359619140625 940.3284301757812
v -1173.3382568359375 1386.3338623046875 941.7464599609375
v -1173.2900390625 1390.2957763671875 940.1253662109375
v -1170.4100341796875 1392.815673828125 939.1170043945312
v -1169.0040283203125 1391.10986328125 939.8158569335938
v -1167.5458984375 1393.3363037109375 938.9035034179688
v -1168.9791259765625 1393.0777587890625 939.010498046875
v -1170.013916015625 1395.8438720703125 937.9005737304688
v -1169.649658203125 1396.401123046875 937.6760864257812
v -1171.0989990234375 1394.662109375 938.3768310546875
v -1173.2650146484375 1392.2808837890625 939.3280029296875
v -1171.8636474609375 1390.570556640625 940.0228271484375
v -1171.838623046875 1392.550048828125 939.2228393554688
v -1176.111328125 1391.7322998046875 939.536376953125
v -1174.71435546875 1390.017578125 940.2272338867188
v -1174.689208984375 1392.00830078125 939.4325561523438
v -1179.0223388671875 1385.1588134765625 942.12939453125
v -1178.97412109375 1389.16259765625 940.528564453125
v -1187.5750732421875 1375.230712890625 945.9326171875
v -1182.0216064453125 1368.61572265625 949.022705078125
v -1181.9410400390625 1376.55224609375 945.6044921875
v -1175.4005126953125 1391.8707275390625 939.4845581054688
v -1177.5562744140625 1389.450927734375 940.4288940429688
v -1198.7557373046875 1372.448974609375 946.5494384765625
v -1193.2568359375 1365.814208984375 949.6008911132812
v -1193.177978515625 1373.8634033203125 946.248046875
v -1210.068359375 1345.1737060546875 957.2852172851562
v -1199.0826416015625 1332.7742919921875 964.2606201171875
v -1198.96728515625 1348.408935546875 956.8749389648438
v -1193.135986328125 1377.92041015625 944.621337890625
v -1190.3802490234375 1374.552734375 946.0919799804688
v -1187.531982421875 1379.2557373046875 944.2891845703125
v -1190.337646484375 1378.5938720703125 944.4570922851562
v -1195.9693603515625 1373.162353515625 946.4005737304688
v -1195.92822265625 1377.2349853515625 944.78173828125
v -1204.3907470703125 1362.8291015625 950.1317749023438
v -1198.73583984375 1374.4896240234375 945.7393798828125
v -1197.363037109375 1372.8072509765625 946.4754638671875
v -1195.948974609375 1375.1956787109375 945.5868530273438
v -1197.3428955078125 1374.84423828125 945.6636352539062
v -1201.5384521484375 1371.722412109375 946.6943359375
v -1198.79443359375 1368.3858642578125 948.1948852539062
v -1196.0469970703125 1365.08642578125 949.7384033203125
v -1193.21826171875 1369.8282470703125 947.9085083007812
v -1196.0089111328125 1369.1131591796875 948.0533447265625
v -1198.902099609375 1356.3360595703125 953.3191528320312
v -1193.39501953125 1349.95361328125 956.6564331054688
v -1187.7281494140625 1359.313720703125 952.8207397460938
v -1193.3289794921875 1357.846435546875 953.0748901367188
v -1200.1474609375 1372.0872802734375 946.6223754882812
v -1200.1279296875 1374.1317138671875 945.8141479492188
v -1204.35546875 1366.892333984375 948.467041015625
v -1201.612548828125 1363.5946044921875 950.0039672851562
v -1201.576171875 1367.6458740234375 948.3328247070312
v -1210.008056640625 1353.1650390625 953.77490234375
v -1204.5213623046875 1346.8173828125 957.084716796875
v -1204.4581298828125 1354.7774658203125 953.5527954101562
v -1228.787109375 1339.2025146484375 957.8831787109375
v -1219.500244140625 1326.4818115234375 964.84375
v -1219.39599609375 1342.2818603515625 957.5993041992188
v -1248.1507568359375 1294.307861328125 976.0473022460938
v -1229.1597900390625 1279.7562255859375 986.685546875
v -1229.017822265625 1301.404541015625 975.7305297851562
v -1199.4320068359375 1374.3111572265625 945.7769165039062
v -1198.7257080078125 1375.512451171875 945.337646484375
v -1198.03955078125 1374.6673583984375 945.7015991210938
v -1197.332763671875 1375.8651123046875 945.2609252929688
v -1198.0294189453125 1375.689208984375 945.2994384765625
v -1214.611328125 1359.88818359375 950.5706787109375
v -1209.9119873046875 1365.3419189453125 948.7237548828125
v -1207.167724609375 1362.0498046875 950.2560424804688
v -1207.133544921875 1366.1246337890625 948.597412109375
v -1207.1162109375 1368.1722412109375 947.7803344726562
v -1205.7445068359375 1366.51025390625 948.53271484375
v -1204.3372802734375 1368.933837890625 947.6469116210938
v -1205.726806640625 1368.554931640625 947.7141723632812
v -1206.4215087890625 1368.364013671875 947.7473754882812
v -1205.7177734375 1369.5797119140625 947.3079833984375
v -1206.41259765625 1369.3897705078125 947.3416137695312
v -1208.522705078125 1365.7352294921875 948.6610717773438
v -1208.505615234375 1367.785888671875 947.8455200195312
v -1212.2772216796875 1360.57763671875 950.4750366210938
v -1219.3426513671875 1350.322509765625 954.1199951171875
v -1214.7275390625 1343.7496337890625 957.4458618164062
v -1214.67041015625 1351.7662353515625 953.9520263671875
v -1207.8109130859375 1367.9796142578125 947.8130493164062
v -1228.7430419921875 1347.2879638671875 954.4268188476562
v -1224.080322265625 1340.7672119140625 957.7451782226562
v -1224.0313720703125 1348.830810546875 954.2784423828125
v -1247.9693603515625 1332.3809814453125 958.349853515625
v -1238.3717041015625 1319.97900390625 965.2975463867188
v -1238.2940673828125 1335.91064453125 958.1342163085938
v -1267.98828125 1308.435546875 965.8206176757812
v -1224.007080078125 1352.9052734375 952.5863647460938
v -1221.6845703125 1349.5828857421875 954.200439453125
v -1219.315673828125 1354.3836669921875 952.4217529296875
v -1221.6588134765625 1353.6507568359375 952.5054321289062
v -1222.832275390625 1353.2796630859375 952.5462646484375
v -1221.64599609375 1355.6959228515625 951.6690063476562
v -1222.81982421875 1355.3265380859375 951.7105712890625
v -1226.3839111328125 1348.0660400390625 954.3538818359375
v -1226.361083984375 1352.146728515625 952.6644897460938
v -1233.5228271484375 1337.5848388671875 958.012939453125
v -1233.484130859375 1345.690673828125 954.5647583007812
v -1238.277099609375 1339.958251953125 956.4000854492188
v -1235.903564453125 1336.7550048828125 958.0746459960938
v -1233.503173828125 1341.6231689453125 956.2758178710938
v -1235.88525390625 1340.7979736328125 956.3391723632812
v -1243.107421875 1334.1771240234375 958.24658203125
v -1257.9029541015625 1312.5443115234375 965.6690673828125
v -1288.5960693359375 1277.0621337890625 976.5390014648438
v -1268.240966796875 1264.1375732421875 987.106689453125
v -1268.08447265625 1286.1868896484375 976.3231811523438
v -1367.7882080078125 1209.288330078125 986.9658203125
v -1330.0023193359375 1187.3756103515625 1008.91259765625
v -1329.4027099609375 1233.5216064453125 987.3446044921875
v -1434.9769287109375 1015.1116333007812 1050.6458740234375
v -1434.510498046875 1110.197509765625 1006.7488403320312
v -1238.3310546875 1327.897216796875 961.6734619140625
v -1233.6082763671875 1321.6842041015625 965.1915283203125
v -1228.832763671875 1331.222900390625 961.4385986328125
v -1233.5643310546875 1329.5877685546875 961.559326171875
v -1248.085205078125 1305.293701171875 970.7163696289062
v -1238.5030517578125 1297.97412109375 975.8938598632812
v -1228.947998046875 1312.313720703125 970.3497314453125
v -1238.4346923828125 1308.92041015625 970.5400390625
v -1238.26904296875 1341.9930419921875 955.5426025390625
v -1237.0799560546875 1340.3800048828125 956.3699340820312
v -1235.87646484375 1342.8304443359375 955.4810791015625
v -1237.0714111328125 1342.4136962890625 955.5121459960938
v -1240.695068359375 1335.051513671875 958.1915283203125
v -1240.6795654296875 1339.103515625 956.45849609375
v -1247.99609375 1324.3369140625 961.8812866210938
v -1243.1763916015625 1318.21533203125 965.3983764648438
v -1243.139404296875 1326.14794921875 961.7808837890625
v -1237.669921875 1342.203857421875 955.5274658203125
v -1237.0673828125 1343.433349609375 955.0857543945312
v -1237.6658935546875 1343.223876953125 955.1011352539062
v -1239.4769287109375 1339.53271484375 956.4296264648438
v -1239.46923828125 1341.5687255859375 955.5723876953125
v -1237.9654541015625 1343.1187744140625 955.1087646484375
v -1238.868896484375 1341.7813720703125 955.5575561523438
v -1238.26708984375 1342.5030517578125 955.3292846679688
v -1237.9693603515625 1342.0986328125 955.5350341796875
v -1237.6678466796875 1342.713623046875 955.3140869140625
v -1237.9674072265625 1342.6083984375 955.3217163085938
v -1238.2730712890625 1340.9747314453125 955.9705200195312
v -1237.67822265625 1340.1695556640625 956.3851318359375
v -1237.07568359375 1341.3958740234375 955.9402465820312
v -1237.674072265625 1341.185791015625 955.9555053710938
v -1238.2855224609375 1337.930908203125 957.2640380859375
v -1237.0975341796875 1336.334716796875 958.104736328125
v -1235.894287109375 1338.77294921875 957.2037963867188
v -1237.088623046875 1338.353759765625 957.2341918945312
v -1238.3121337890625 1331.8909912109375 959.8925170898438
v -1235.94287109375 1328.7496337890625 961.6172485351562
v -1233.543212890625 1333.5736083984375 959.774658203125
v -1235.9228515625 1332.739501953125 959.8345336914062
v -1238.26611328125 1342.7581787109375 955.2227172851562
v -1238.1171875 1342.5557861328125 955.3255004882812
v -1237.9664306640625 1342.863525390625 955.2151489257812
v -1238.1162109375 1342.8109130859375 955.2189331054688
v -1238.56884765625 1341.8873291015625 955.5501098632812
v -1238.56689453125 1342.3973388671875 955.3367919921875
v -1239.47314453125 1340.5498046875 956.0001831054688
v -1238.876708984375 1339.7459716796875 956.4149169921875
v -1238.872802734375 1340.7626953125 955.9854736328125
v -1240.6871337890625 1337.0738525390625 957.3219604492188
v -1239.4931640625 1335.4830322265625 958.1631469726562
v -1239.4849853515625 1337.5042724609375 957.2932739257812
v -1243.122802734375 1330.1494140625 960.0026245117188
v -1240.7296142578125 1327.030029296875 961.72802734375
v -1240.7117919921875 1331.02783203125 959.9485473632812
v -1245.5318603515625 1333.287109375 958.2993774414062
v -1245.5255126953125 1335.3134765625 957.4304809570312
v -1244.318115234375 1333.734130859375 958.2733154296875
v -1243.1002197265625 1336.2015380859375 957.37744140625
v -1244.311279296875 1335.759521484375 957.4042358398438
v -1247.98193359375 1328.3455810546875 960.1046752929688
v -1245.5614013671875 1325.2503662109375 961.8319702148438
v -1245.5458984375 1329.2554931640625 960.0546875
v -1257.878662109375 1320.517578125 962.0603637695312
v -1252.9364013671875 1314.5008544921875 965.5842895507812
v -1252.9075927734375 1322.4609375 961.9745483398438
v -1268.02734375 1297.260009765625 971.0245361328125
v -1258.012451171875 1290.380859375 976.19091796875
v -1257.9508056640625 1301.40869140625 970.8784790039062
v -1245.5223388671875 1336.3294677734375 956.9982299804688
v -1244.91796875 1335.5369873046875 957.4174194335938
v -1244.3079833984375 1336.7750244140625 956.9719848632812
v -1244.914794921875 1336.552734375 956.9852294921875
v -1246.7489013671875 1332.8360595703125 958.3248901367188
v -1246.742919921875 1334.8634033203125 957.4560546875
v -1250.4205322265625 1331.45849609375 958.39794921875
v -1246.1337890625 1335.0889892578125 957.443359375
v -1246.1322021484375 1335.5968017578125 957.22705078125
v -1245.8294677734375 1335.201416015625 957.4368896484375
v -1245.52392578125 1335.8212890625 957.2141723632812
v -1245.8280029296875 1335.709228515625 957.2206420898438
v -1246.745849609375 1333.848876953125 957.8897705078125
v -1246.1400146484375 1333.0621337890625 958.312255859375
v -1245.528564453125 1334.2994384765625 957.8641967773438
v -1246.1368408203125 1334.0745849609375 957.8770141601562
v -1247.9754638671875 1330.35986328125 959.2244873046875
v -1246.76220703125 1328.8026123046875 960.0799560546875
v -1245.5386962890625 1331.267822265625 959.1741943359375
v -1246.75537109375 1330.81591796875 959.1995849609375
v -1252.89599609375 1326.4765625 960.1985473632812
v -1250.444580078125 1323.4072265625 961.9288330078125
v -1250.431640625 1327.41943359375 960.1526489257812
v -1245.218505859375 1336.441162109375 956.9917602539062
v -1257.8697509765625 1324.5399169921875 960.2838745117188
v -1255.3858642578125 1321.4976806640625 962.0183715820312
v -1255.3756103515625 1325.5167236328125 960.2423095703125
v -1262.923095703125 1310.5218505859375 965.7479858398438
v -1262.9034423828125 1318.508056640625 962.1385498046875
v -1278.2186279296875 1304.080322265625 965.9456176757812
v -1260.384765625 1319.52099609375 962.1004638671875
v -1262.9000244140625 1320.5191650390625 961.2471923828125
v -1261.642578125 1319.0166015625 962.1197509765625
v -1260.3807373046875 1321.530517578125 961.20947265625
v -1261.638916015625 1321.02685546875 961.2285766601562
v -1265.4332275390625 1317.479248046875 962.1746826171875
v -1273.0897216796875 1306.2877197265625 965.8866577148438
v -1288.546875 1288.2349853515625 971.254150390625
v -1278.3016357421875 1281.7418212890625 976.4404296875
v -1278.2490234375 1292.8631591796875 971.1510009765625
v -1309.3175048828125 1244.5198974609375 987.348388671875
v -1309.1436767578125 1267.0662841796875 976.66552734375
v -1262.912109375 1314.50390625 963.934814453125
v -1260.4068603515625 1311.541259765625 965.7092895507812
v -1257.8897705078125 1316.5198974609375 963.8558349609375
v -1260.394775390625 1315.52001953125 963.8961791992188
v -1268.00537109375 1302.8316650390625 968.4091796875
v -1262.9666748046875 1299.366455078125 970.9537353515625
v -1257.925048828125 1306.9598388671875 968.2590942382812
v -1262.9427490234375 1304.927734375 968.3367919921875
v -1261.0093994140625 1321.2791748046875 961.2191162109375
v -1260.37890625 1322.5377197265625 960.7657470703125
v -1261.0076904296875 1322.2864990234375 960.7753295898438
v -1259.130126953125 1320.0213623046875 962.0806884765625
v -1257.8739013671875 1322.5255126953125 961.169677734375
v -1259.125732421875 1322.030029296875 961.1898193359375
v -1261.3223876953125 1322.16064453125 960.7800903320312
v -1261.6380615234375 1321.5303955078125 961.0065307617188
v -1261.3240966796875 1321.1531982421875 961.223876953125
v -1261.008544921875 1321.78271484375 960.9970703125
v -1261.3232421875 1321.65673828125 961.0018310546875
v -1262.26904296875 1320.7735595703125 961.2379760742188
v -1264.1669921875 1317.99560546875 962.1568603515625
v -1267.9793701171875 1312.4241943359375 964.0067138671875
v -1265.45068359375 1309.486572265625 965.7850952148438
v -1265.440673828125 1313.471923828125 963.9716186523438
v -1261.6407470703125 1320.02099609375 961.673583984375
v -1261.0133056640625 1319.269287109375 962.1101684570312
v -1260.3826904296875 1320.5250244140625 961.6543579101562
v -1261.0113525390625 1320.2734375 961.6640625
v -1262.907470703125 1316.503173828125 963.0344848632812
v -1261.65185546875 1315.0140380859375 963.9157104492188
v -1260.3895263671875 1317.517578125 962.99609375
v -1261.64697265625 1317.0123291015625 963.0155029296875
v -1261.6376953125 1321.7823486328125 960.8956298828125
v -1261.4805908203125 1321.5936279296875 961.004150390625
v -1261.3228759765625 1321.9085693359375 960.8909301757812
v -1261.480224609375 1321.845458984375 960.8932495117188
v -1261.953857421875 1320.900390625 961.2332763671875
v -1261.953125 1321.4039306640625 961.01123046875
v -1262.901611328125 1319.5128173828125 961.6923217773438
v -1262.272705078125 1318.7628173828125 962.1292114257812
v -1262.270751953125 1319.7674560546875 961.6829833984375
v -1261.7955322265625 1321.4671630859375 961.0088500976562
v -1261.795166015625 1321.7191162109375 960.89794921875
v -1273.0828857421875 1310.282958984375 964.0711669921875
v -1270.5350341796875 1307.3692626953125 965.8544921875
v -1270.5272216796875 1311.361083984375 964.0398559570312
v -1278.2308349609375 1298.45654296875 968.5364990234375
v -1273.1243896484375 1295.091552734375 971.0904541015625
v -1273.104248046875 1300.6739501953125 968.4758911132812
v -1270.5242919921875 1313.3651123046875 963.1383056640625
v -1269.252197265625 1311.8946533203125 964.0234985351562
v -1267.9759521484375 1314.4266357421875 963.1056518554688
v -1269.2490234375 1313.897705078125 963.1222534179688
v -1269.886474609375 1313.6318359375 963.13037109375
v -1271.8040771484375 1310.8238525390625 964.0557250976562
v -1275.6512451171875 1305.1912841796875 965.9170532226562
v -1269.8858642578125 1314.1336669921875 962.9056396484375
v -1269.5677490234375 1313.764892578125 963.1262817382812
v -1269.2484130859375 1314.3994140625 962.8975830078125
v -1269.5670166015625 1314.2666015625 962.901611328125
v -1270.525634765625 1312.3624267578125 963.588623046875
v -1269.889404296875 1311.6282958984375 964.03173828125
v -1269.2506103515625 1312.8955078125 963.5723876953125
v -1269.8878173828125 1312.62939453125 963.58056640625
v -1270.53076171875 1309.3626708984375 964.9453125
v -1269.2606201171875 1307.904296875 965.8377685546875
v -1267.9835205078125 1310.4273681640625 964.9117431640625
v -1269.256103515625 1309.8968505859375 964.9287109375
v -1273.0963134765625 1303.4764404296875 967.177978515625
v -1270.5509033203125 1301.7603759765625 968.4432983398438
v -1267.9962158203125 1305.6292724609375 967.1113891601562
v -1270.542236328125 1304.5604248046875 967.1454467773438
v -1268.6121826171875 1314.16259765625 963.114013671875
v -1267.9744873046875 1315.429931640625 962.6566772460938
v -1268.61083984375 1315.1661376953125 962.6649780273438
v -1266.7020263671875 1316.9588623046875 962.1920166015625
v -1266.7088623046875 1312.9500732421875 963.9893798828125
v -1265.4366455078125 1315.47265625 963.071044921875
v -1266.705078125 1314.9515380859375 963.088623046875
v -1270.205322265625 1313.49853515625 963.1343383789062
v -1278.2158203125 1306.078857421875 965.0350341796875
v -1276.934326171875 1304.6376953125 965.9315795898438
v -1275.6480712890625 1307.1881103515625 965.0070190429688
v -1276.9312744140625 1306.63525390625 965.0213012695312
v -1288.531982421875 1293.8511962890625 968.6376342773438
v -1283.3927001953125 1290.5770263671875 971.2056884765625
v -1283.376220703125 1296.1815185546875 968.590576171875
v -1298.8994140625 1272.164794921875 976.6152954101562
v -1298.8521728515625 1283.39208984375 971.3305053710938
v -1278.2239990234375 1301.26416015625 967.2379760742188
v -1275.6646728515625 1299.572509765625 968.5070190429688
v -1275.6572265625 1302.377685546875 967.2088012695312
v -1277.5733642578125 1306.357421875 965.0281982421875
v -1279.504150390625 1303.51953125 965.959228515625
v -1283.3704833984375 1298.9945068359375 967.291015625
v -1280.8017578125 1297.3260498046875 968.5643920898438
v -1280.79541015625 1300.1363525390625 967.265380859375
v -1277.8946533203125 1306.21826171875 965.0316772460938
v -1277.5728759765625 1306.8577880859375 964.8011474609375
v -1277.89404296875 1306.7186279296875 964.8045654296875
v -1278.2171630859375 1305.0789794921875 965.4899291992188
v -1277.5762939453125 1304.3594970703125 965.9386596679688
v -1276.9327392578125 1305.6358642578125 965.4760131835938
v -1277.5748291015625 1305.35791015625 965.4830322265625
v -1278.2210693359375 1302.671142578125 966.5910034179688
v -1276.93994140625 1301.82275390625 967.2236328125
v -1275.654052734375 1303.7833251953125 966.5620727539062
v -1276.9368896484375 1303.2291259765625 966.5767822265625
v -1278.5372314453125 1305.9390869140625 965.0384521484375
v -1279.5028076171875 1304.5185546875 965.50341796875
v -1278.8612060546875 1303.8004150390625 965.9525146484375
v -1278.85986328125 1304.7991943359375 965.4967041015625
v -1280.7928466796875 1301.544677734375 966.6181030273438
v -1279.5091552734375 1300.7020263671875 967.2518920898438
v -1279.5064697265625 1302.1097412109375 966.6047973632812
v -1278.37646484375 1306.009033203125 965.0367431640625
v -1278.215576171875 1306.3289794921875 964.9214477539062
v -1278.376220703125 1306.2591552734375 964.9231567382812
v -1278.859130859375 1305.299072265625 965.2691650390625
v -1278.5384521484375 1304.939208984375 965.4933471679688
v -1278.2164306640625 1305.5787353515625 965.2623901367188
v -1278.537841796875 1305.4390869140625 965.2658081054688
v -1285.953369140625 1295.023193359375 968.614990234375
v -1285.9481201171875 1297.8388671875 967.3148193359375
v -1293.7030029296875 1285.83935546875 971.2958984375
v -1287.237548828125 1297.255859375 967.3259887695312
v -1287.2364501953125 1297.96142578125 967.0016479492188
v -1286.5927734375 1297.5477294921875 967.3204345703125
v -1285.947021484375 1298.5439453125 966.9906005859375
v -1286.5916748046875 1298.2530517578125 966.9962158203125
v -1288.529296875 1295.2593994140625 967.9865112304688
v -1287.2425537109375 1294.4388427734375 968.6265258789062
v -1285.9505615234375 1296.4300537109375 967.9642333984375
v -1287.2398681640625 1295.846435546875 967.9755859375
v -1288.53857421875 1291.0399169921875 969.9435424804688
v -1285.9691162109375 1289.412841796875 971.2307739257812
v -1283.3836669921875 1293.3759765625 969.8955688476562
v -1285.96044921875 1292.2147216796875 969.92041015625
v -1288.5684814453125 1282.640869140625 973.8886108398438
v -1283.4434814453125 1279.4302978515625 976.4923095703125
v -1278.272705078125 1287.2938232421875 973.7864379882812
v -1283.415283203125 1284.9954833984375 973.8403930664062
v -1288.6673583984375 1265.9248046875 981.8796997070312
v -1278.459716796875 1259.574462890625 987.190673828125
v -1268.1566162109375 1275.1632080078125 981.6918334960938
v -1278.373046875 1270.6627197265625 981.7935791015625
v -1288.973388671875 1232.3311767578125 998.1170043945312
v -1268.6419677734375 1219.6090087890625 1009.0656127929688
v -1248.4732666015625 1250.5908203125 997.909423828125
v -1268.4346923828125 1241.982177734375 998.033935546875
v -1289.6307373046875 1163.365478515625 1031.2080078125
v -1249.136474609375 1136.3603515625 1053.6846923828125
v -1210.7874755859375 1199.042236328125 1031.1956787109375
v -1248.9476318359375 1183.28173828125 1031.3582763671875
v -1369.65869140625 974.7982177734375 1093.26220703125
v -1289.7548828125 934.7072143554688 1134.6553955078125
v -1211.058837890625 1064.4730224609375 1094.427734375
v -1289.8433837890625 1025.34130859375 1094.18994140625
v -1284.6590576171875 1298.4183349609375 967.3031616210938
v -1283.3681640625 1300.404052734375 966.6433715820312
v -1284.6568603515625 1299.82861328125 966.6552734375
v -1286.59130859375 1298.60595703125 966.8341674804688
v -1286.2694091796875 1298.398681640625 966.993408203125
v -1285.946533203125 1298.896728515625 966.82861328125
v -1286.2689208984375 1298.75146484375 966.8314208984375
v -1285.3013916015625 1299.53955078125 966.6610717773438
v -1285.303466796875 1298.1290283203125 967.3090209960938
v -1284.657958984375 1299.1231689453125 966.9790649414062
v -1285.3023681640625 1298.833984375 966.98486328125
v -1284.66455078125 1295.60400390625 968.60302734375
v -1283.3731689453125 1297.5870361328125 967.9401245117188
v -1284.66162109375 1297.01025390625 967.952392578125
v -1286.4300537109375 1298.6787109375 966.8328247070312
v -1286.9140625 1298.1072998046875 966.9989624023438
v -1303.986083984375 1280.895263671875 971.357421875
v -1319.260498046875 1261.783447265625 976.6860961914062
v -1348.8385009765625 1221.8045654296875 987.2252197265625
v -1402.22705078125 1137.3665771484375 1007.6956787109375
v -1301.421630859375 1282.1497802734375 971.3449096679688
v -1298.844970703125 1286.20947265625 970.0178833007812
v -1309.115966796875 1272.70263671875 974.0159301757812
v -1304.033203125 1269.6396484375 976.6438598632812
v -1298.872314453125 1277.7716064453125 973.9663696289062
v -1304.0059814453125 1275.260986328125 973.994873046875
v -1309.2191162109375 1255.80517578125 981.9915771484375
v -1299.06494140625 1249.74755859375 987.3145751953125
v -1298.9718017578125 1260.966552734375 981.9468383789062
v -1329.6859130859375 1210.55419921875 998.0911254882812
v -1309.8369140625 1198.85205078125 1009.0286865234375
v -1309.5621337890625 1221.8018798828125 998.1417846679688
v -1369.205078125 1115.0504150390625 1030.1077880859375
v -1330.8203125 1092.159912109375 1052.8157958984375
v -1330.5537109375 1140.2548828125 1030.7730712890625
v -1302.70458984375 1281.5240478515625 971.3514404296875
v -1301.4178466796875 1283.5594482421875 970.6878662109375
v -1302.7008056640625 1282.9345703125 970.6941528320312
v -1303.9951171875 1278.076171875 972.6746215820312
v -1301.441650390625 1276.5223388671875 973.9815063476562
v -1298.861328125 1280.5797119140625 972.6466674804688
v -1301.4306640625 1279.333984375 972.66162109375
v -1293.7508544921875 1274.6396484375 976.5802001953125
v -1293.7236328125 1280.232177734375 973.9307861328125
v -1302.0594482421875 1283.247314453125 970.6910400390625
v -1300.137451171875 1282.7724609375 971.3379516601562
v -1298.848388671875 1284.800048828125 970.6737060546875
v -1300.1336669921875 1284.1812744140625 970.6810302734375
v -1296.2789306640625 1284.6219482421875 971.3141479492188
v -1293.6951904296875 1288.650390625 969.9844360351562
v -1296.271484375 1287.4361572265625 970.0021362304688
v -1309.10498046875 1275.5250244140625 972.6947631835938
v -1306.564453125 1273.9876708984375 974.00634765625
v -1306.5535888671875 1276.806396484375 972.6857299804688
v -1314.2222900390625 1264.4468994140625 976.6797485351562
v -1314.19384765625 1270.0986328125 974.0289916992188
v -1329.2879638671875 1244.9365234375 981.9999389648438
v -1319.4471435546875 1239.10693359375 987.3594360351562
v -1319.3416748046875 1250.457763671875 982.0103759765625
v -1303.345458984375 1281.2100830078125 971.3544921875
v -1302.70263671875 1282.2291259765625 971.022705078125
v -1303.343505859375 1281.915283203125 971.0256958007812
v -1303.9903564453125 1279.4852294921875 972.015625
v -1302.713623046875 1278.70654296875 972.6683349609375
v -1301.4259033203125 1280.7413330078125 972.0028686523438
v -1302.7088623046875 1280.11474609375 972.0094604492188
v -1303.3426513671875 1282.26806640625 970.8613891601562
v -1303.0230712890625 1282.072265625 971.0242309570312
v -1302.70166015625 1282.581787109375 970.8583984375
v -1303.022216796875 1282.425048828125 970.8599243164062
v -1302.063232421875 1281.8372802734375 971.3482055664062
v -1301.419677734375 1282.8543701171875 971.0162963867188
v -1302.061279296875 1282.5421142578125 971.01953125
v -1319.2447509765625 1264.6162109375 975.3590087890625
v -1316.7469482421875 1263.1204833984375 976.6838989257812
v -1314.20703125 1267.271728515625 975.3533325195312
v -1316.7315673828125 1265.94921875 975.3572387695312
v -1324.252197265625 1259.077392578125 976.68408203125
v -1319.2977294921875 1256.1209716796875 979.3450927734375
v -1314.3001708984375 1253.153564453125 982.0044555664062
v -1309.17822265625 1261.435791015625 979.3243408203125
v -1314.2579345703125 1258.800537109375 979.33837890625
v -1329.23974609375 1250.632568359375 979.3345336914062
v -1324.337158203125 1247.7191162109375 982.009033203125
v -1324.2911376953125 1253.398681640625 979.3439331054688
v -1348.7032470703125 1233.3392333984375 981.87744140625
v -1339.1925048828125 1227.757568359375 987.3009033203125
v -1339.0672607421875 1239.2342529296875 981.956787109375
v -1368.14111328125 1185.965576171875 997.6957397460938
v -1349.5225830078125 1175.287841796875 1008.7196655273438
v -1349.163818359375 1198.6319580078125 997.9481201171875
v -1339.0140380859375 1244.962646484375 979.2891235351562
v -1334.197021484375 1242.1087646484375 981.982666015625
v -1334.146240234375 1247.821044921875 979.31640625
v -1343.9017333984375 1236.3116455078125 981.9218139648438
v -1358.363037109375 1215.651611328125 987.1145629882812
v -1340.2252197265625 1244.240478515625 979.2808227539062
v -1343.8729248046875 1239.1839599609375 980.5869140625
v -1341.48876953125 1237.779052734375 981.9404296875
v -1339.039794921875 1242.098876953125 980.6226806640625
v -1341.460693359375 1240.6475830078125 980.60595703125
v -1348.7679443359375 1227.5755615234375 984.5504150390625
v -1344.0321044921875 1224.805419921875 987.2672119140625
v -1339.126953125 1233.50048828125 984.6271362304688
v -1343.9639892578125 1230.5626220703125 984.5932006835938
v -1348.9940185546875 1210.2371826171875 992.5814819335938
v -1339.497314453125 1204.6815185546875 998.0322265625
v -1329.5372314453125 1222.062255859375 992.7083740234375
v -1339.3377685546875 1216.2415771484375 992.6591186523438
v -1336.5848388671875 1246.3978271484375 979.303955078125
v -1341.447265625 1242.08154296875 979.9389038085938
v -1340.2513427734375 1241.374755859375 980.6146240234375
v -1339.0267333984375 1243.53076171875 979.9558715820312
v -1340.238037109375 1242.8076171875 979.9476928710938
v -1336.6368408203125 1240.677490234375 981.9708251953125
v -1334.1707763671875 1244.96533203125 980.6491088867188
v -1336.6099853515625 1243.5380859375 980.6370239257812
v -1334.3170166015625 1230.66259765625 987.3265380859375
v -1329.342529296875 1239.234130859375 984.6698608398438
v -1334.254150390625 1236.3905029296875 984.6525268554688
v -1341.440673828125 1242.7984619140625 979.6054077148438
v -1340.8428955078125 1242.4449462890625 979.943359375
v -1340.2315673828125 1243.524169921875 979.6142578125
v -1340.83642578125 1243.16162109375 979.6099243164062
v -1342.6678466796875 1239.9173583984375 980.5967407226562
v -1342.654296875 1241.352294921875 979.9295043945312
v -1346.306396484375 1234.831787109375 981.9008178710938
v -1351.0926513671875 1231.833984375 981.8515625
v -1358.288330078125 1221.4482421875 984.4364624023438
v -1353.614501953125 1218.7537841796875 987.1744384765625
v -1353.541748046875 1224.5379638671875 984.498291015625
v -1367.9573974609375 1197.6380615234375 992.330810546875
v -1358.705078125 1192.396484375 997.836669921875
v -1358.52685546875 1204.039306640625 992.472900390625
v -1401.87353515625 1160.799560546875 996.91357421875
v -1385.50927734375 1150.2540283203125 1008.10595703125
v -1385.1240234375 1173.718994140625 997.3563842773438
v -1434.906982421875 1063.21875 1028.52685546875
v -1403.1214599609375 1041.7108154296875 1051.3349609375
v -1402.8416748046875 1090.0296630859375 1029.3494873046875
v -1492.606689453125 866.0137329101562 1091.954345703125
v -1433.8656005859375 831.4451293945312 1133.8743896484375
v -1434.4947509765625 923.2257080078125 1092.439697265625
v -1349.8988037109375 1232.5882568359375 981.8648071289062
v -1353.507568359375 1227.427490234375 983.16064453125
v -1351.158447265625 1226.0631103515625 984.5255126953125
v -1348.73486328125 1230.4581298828125 983.2137451171875
v -1351.124755859375 1228.9493408203125 983.1884155273438
v -1350.4959716796875 1232.2115478515625 981.8582763671875
v -1349.89111328125 1233.308837890625 981.5307006835938
v -1350.4881591796875 1232.932373046875 981.5241088867188
v -1351.1085205078125 1230.391845703125 982.5199584960938
v -1349.9306640625 1229.705322265625 983.2013549804688
v -1348.7188720703125 1231.89892578125 982.5455322265625
v -1349.91455078125 1231.14697265625 982.5330810546875
v -1346.369873046875 1229.0753173828125 984.5729370117188
v -1343.93212890625 1233.43798828125 983.2572631835938
v -1346.33740234375 1231.954345703125 983.2366333007812
v -1353.490966796875 1228.871826171875 982.4918823242188
v -1352.3170166015625 1228.1900634765625 983.1748046875
v -1352.3006591796875 1229.6334228515625 982.5062255859375
v -1355.9183349609375 1222.9996337890625 984.4686279296875
v -1355.883544921875 1225.8927001953125 983.13037109375
v -1363.086669921875 1212.4969482421875 987.045166015625
v -1384.941650390625 1185.4227294921875 991.9773559570312
v -1376.6607666015625 1179.930419921875 997.5399169921875
v -1376.4755859375 1191.622314453125 992.1700439453125
v -1384.8558349609375 1191.2720947265625 989.2840576171875
v -1380.71435546875 1188.5458984375 992.0777587890625
v -1376.38818359375 1197.4625244140625 989.4833374023438
v -1380.6273193359375 1194.39111328125 989.3880615234375
v -1393.53271484375 1167.3359375 997.1461791992188
v -1393.357421875 1179.0445556640625 991.7539672851562
v -1418.5950927734375 1123.972900390625 1007.2344970703125
v -1418.2950439453125 1147.3424072265625 996.3985595703125
v -1464.6201171875 1081.934814453125 1005.8104248046875
v -1543.7808837890625 895.0195922851562 1049.2255859375
v -1378.5091552734375 1195.9327392578125 989.4368286132812
v -1376.3460693359375 1200.3817138671875 988.1393432617188
v -1378.4671630859375 1198.8533935546875 988.0919189453125
v -1372.2239990234375 1194.6527099609375 992.2542724609375
v -1367.87060546875 1203.4654541015625 989.6486206054688
v -1372.1365966796875 1200.487060546875 989.5701293945312
v -1382.742919921875 1192.8375244140625 989.337158203125
v -1389.1566162109375 1182.2547607421875 991.8692016601562
v -1382.7220458984375 1194.2991943359375 988.663818359375
v -1381.6854248046875 1193.61572265625 989.3629150390625
v -1380.6063232421875 1195.8521728515625 988.7152709960938
v -1381.6644287109375 1195.0771484375 988.6898193359375
v -1384.898193359375 1188.3475341796875 990.631103515625
v -1382.829345703125 1186.9901123046875 992.028564453125
v -1380.6702880859375 1191.4686279296875 990.7332153320312
v -1382.78564453125 1189.9139404296875 990.6832275390625
v -1385.0313720703125 1179.5721435546875 994.6678466796875
v -1380.898681640625 1176.8470458984375 997.45166015625
v -1376.566650390625 1185.7786865234375 994.8553466796875
v -1380.804931640625 1182.6982421875 994.765380859375
v -1385.3153076171875 1161.9996337890625 1002.7305297851562
v -1377.0504150390625 1156.4696044921875 1008.2837524414062
v -1368.3331298828125 1174.2635498046875 1003.0645141601562
v -1376.8543701171875 1168.2158203125 1002.9094848632812
v -1402.567626953125 1113.8145751953125 1018.4857177734375
v -1386.1837158203125 1102.79736328125 1029.7431640625
v -1368.898193359375 1138.90576171875 1019.2347412109375
v -1385.8792724609375 1126.641357421875 1018.8853149414062
v -1397.5421142578125 1175.7945556640625 991.6322631835938
v -1410.1324462890625 1154.128662109375 996.6629028320312
v -1401.78955078125 1166.6527099609375 994.2114868164062
v -1397.7125244140625 1164.085693359375 997.0324096679688
v -1393.4434814453125 1173.1905517578125 994.4517211914062
v -1397.6256103515625 1169.93994140625 994.3343505859375
v -1402.048583984375 1149.0906982421875 1002.3078002929688
v -1393.905517578125 1143.88134765625 1007.9088745117188
v -1393.7176513671875 1155.6190185546875 1002.5287475585938
v -1401.748779296875 1169.579833984375 992.8587036132812
v -1399.7099609375 1168.3006591796875 994.2735595703125
v -1397.5833740234375 1172.8670654296875 992.9838256835938
v -1399.66845703125 1171.2279052734375 992.9219360351562
v -1406.01416015625 1157.479736328125 996.7902221679688
v -1405.9332275390625 1163.3314208984375 994.083740234375
v -1418.442626953125 1135.6597900390625 1001.8239135742188
v -1410.461181640625 1130.7252197265625 1007.4697875976562
v -1410.294677734375 1142.431884765625 1002.0715942382812
v -1434.740234375 1086.8306884765625 1017.6080322265625
v -1419.1099853515625 1076.8121337890625 1028.9395751953125
v -1418.8856201171875 1100.51171875 1018.0535888671875
v -1492.9996337890625 1005.2071533203125 1027.1136474609375
v -1464.7435302734375 987.1419067382812 1050.044189453125
v -1464.800537109375 1035.15625 1027.7459716796875
v -1395.451904296875 1177.42431640625 991.6939086914062
v -1414.2266845703125 1150.748779296875 996.5321655273438
v -1449.8709716796875 1096.1651611328125 1006.2653198242188
v -1416.26416015625 1149.0487060546875 996.4656982421875
v -1414.1893310546875 1153.6722412109375 995.1748657226562
v -1434.3900146484375 1121.8450927734375 1001.3094482421875
v -1426.61572265625 1117.1251220703125 1006.9930419921875
v -1426.4788818359375 1128.791748046875 1001.568603515625
v -1418.3677978515625 1141.50048828125 999.11376953125
v -1414.3818359375 1139.058837890625 1001.948974609375
v -1410.212646484375 1148.280517578125 999.3692016601562
v -1414.30322265625 1144.9036865234375 999.2427978515625
v -1412.1826171875 1152.4422607421875 996.5979614257812
v -1410.09326171875 1157.0533447265625 995.3079833984375
v -1412.1444091796875 1155.3662109375 995.2418212890625
v -1420.319091796875 1145.6300048828125 996.3308715820312
v -1426.4119873046875 1134.624267578125 998.8499145507812
v -1422.4755859375 1132.2366943359375 1001.6969604492188
v -1422.4046630859375 1138.0732421875 998.9826049804688
v -1418.27734375 1148.8033447265625 995.7188110351562
v -1417.280517578125 1148.1964111328125 996.4321899414062
v -1416.2459716796875 1150.510009765625 995.78662109375
v -1417.262451171875 1149.657470703125 995.7528076171875
v -1418.3310546875 1144.421142578125 997.7568969726562
v -1416.3388671875 1143.2052001953125 999.1785888671875
v -1414.2646484375 1147.8260498046875 997.8881225585938
v -1416.30126953125 1146.126708984375 997.8228149414062
v -1426.37939453125 1137.5413818359375 997.48828125
v -1424.412109375 1136.351318359375 998.9164428710938
v -1422.3699951171875 1140.9921875 997.6234130859375
v -1424.37841796875 1139.2694091796875 997.5560302734375
v -1430.450927734375 1125.3272705078125 1001.4392700195312
v -1430.38818359375 1131.15576171875 998.716064453125
v -1442.2664794921875 1103.2056884765625 1006.505126953125
v -1442.1624755859375 1114.8370361328125 1001.0503540039062
v -1464.7325439453125 1058.67236328125 1016.7538452148438
v -1450.1507568359375 1049.3236083984375 1028.12451171875
v -1450.038818359375 1072.8697509765625 1017.1683959960938
v -1425.3798828125 1138.406005859375 997.522216796875
v -1424.36181640625 1140.728759765625 996.8751831054688
v -1428.4041748046875 1132.892333984375 998.7830810546875
v -1423.3751220703125 1140.1314697265625 997.5897827148438
v -1422.3529052734375 1142.451904296875 996.9432373046875
v -1423.3582763671875 1141.5909423828125 996.9093017578125
v -1420.3897705078125 1139.789794921875 999.0484619140625
v -1420.3541259765625 1142.70947265625 997.6903686523438
v -1432.364013671875 1129.4149169921875 998.64892578125
v -1438.29443359375 1118.34765625 1001.1796875
v -1434.3604736328125 1124.7572021484375 999.9464111328125
v -1432.4246826171875 1123.5882568359375 1001.3743896484375
v -1430.4193115234375 1128.2412109375 1000.0784301757812
v -1432.3941650390625 1126.501220703125 1000.012451171875
v -1434.449951171875 1116.02197265625 1004.0313110351562
v -1430.5797119140625 1113.6702880859375 1006.87109375
v -1426.547119140625 1122.9595947265625 1004.2825317382812
v -1430.5150146484375 1119.4996337890625 1004.1571044921875
v -1434.629638671875 1098.53369140625 1012.1773681640625
v -1426.8765869140625 1093.7122802734375 1017.831298828125
v -1418.7451171875 1112.2630615234375 1012.6408081054688
v -1426.750732421875 1105.4388427734375 1012.4100341796875
v -1440.233154296875 1116.5938720703125 1001.1149291992188
v -1438.2669677734375 1121.2579345703125 999.8143920898438
v -1440.206787109375 1119.50341796875 999.7484741210938
v -1457.315673828125 1089.084716796875 1006.0325927734375
v -1442.2142333984375 1109.021484375 1003.7803955078125
v -1438.4066162109375 1106.7086181640625 1006.626708984375
v -1438.3502197265625 1112.528564453125 1003.9056396484375
v -1449.95849609375 1084.53564453125 1011.7178955078125
v -1442.46484375 1079.879150390625 1017.3862915039062
v -1442.36962890625 1091.561279296875 1011.9456787109375
v -1444.0823974609375 1113.0775146484375 1000.9860229492188
v -1449.8265380859375 1101.974609375 1003.5333862304688
v -1446.0885009765625 1099.6905517578125 1006.384521484375
v -1446.0401611328125 1105.5028076171875 1003.6561889648438
v -1443.1236572265625 1113.9576416015625 1001.0181884765625
v -1442.1497802734375 1116.2913818359375 1000.3668212890625
v -1443.1112060546875 1115.4117431640625 1000.3343505859375
v -1446.0162353515625 1108.4088134765625 1002.2899780273438
v -1444.1319580078125 1107.263427734375 1003.7181396484375
v -1442.188232421875 1111.9290771484375 1002.4161987304688
v -1444.1070556640625 1110.1702880859375 1002.3529052734375
v -1442.6307373046875 1115.8515625 1000.3505859375
v -1441.198974609375 1115.7158203125 1001.0826416015625
v -1440.2198486328125 1118.048583984375 1000.4319458007812
v -1441.18603515625 1117.1702880859375 1000.3993530273438
v -1440.286865234375 1110.776611328125 1003.8428955078125
v -1438.3221435546875 1115.43798828125 1002.5433349609375
v -1440.2598876953125 1113.68505859375 1002.4796752929688
v -1453.6126708984375 1092.6309814453125 1006.1478271484375
v -1453.5721435546875 1098.438232421875 1003.4124145507812
v -1464.6790771484375 1070.3204345703125 1011.2850952148438
v -1457.455078125 1065.809326171875 1016.956787109375
v -1457.388671875 1077.464599609375 1011.4967041015625
v -1493.0133056640625 1028.6253662109375 1016.0767211914062
v -1479.0120849609375 1020.5331420898438 1027.404541015625
v -1478.982666015625 1044.0220947265625 1016.383544921875
v -1544.262451171875 941.0783081054688 1026.6455078125
v -1518.218505859375 927.5795288085938 1049.3192138671875
v -1518.4326171875 974.8915405273438 1026.75830078125
v -1542.78759765625 719.20556640625 1133.7183837890625
v -1543.2005615234375 806.8818359375 1091.932861328125
v -1478.9549560546875 1055.653564453125 1010.9016723632812
v -1471.8990478515625 1051.4222412109375 1016.5619506835938
v -1471.8583984375 1063.0633544921875 1011.0857543945312
v -1493.0140380859375 1040.2159423828125 1010.5904541015625
v -1486.011474609375 1036.4354248046875 1016.2210083007812
v -1485.997314453125 1048.051025390625 1010.735595703125
v -1518.5655517578125 997.9210205078125 1015.7442626953125
v -1505.64453125 990.5250244140625 1026.9051513671875
v -1505.708740234375 1013.8024291992188 1015.8698120117188
v -1482.481201171875 1051.87890625 1010.8162231445312
v -1478.9395751953125 1061.4554443359375 1008.15869140625
v -1482.4693603515625 1057.6773681640625 1008.072021484375
v -1480.7059326171875 1059.5728759765625 1008.11474609375
v -1475.415283203125 1059.380126953125 1010.9916381835938
v -1471.8360595703125 1068.869873046875 1008.3461303710938
v -1475.3963623046875 1065.1845703125 1008.2501831054688
v -1481.5880126953125 1058.626708984375 1008.0932006835938
v -1480.702392578125 1061.022216796875 1007.4281616210938
v -1481.584716796875 1060.075927734375 1007.4065551757812
v -1484.230224609375 1055.768310546875 1008.0305786132812
v -1489.507080078125 1044.1650390625 1010.6602172851562
v -1499.3502197265625 1021.333984375 1015.9639282226562
v -1482.475341796875 1054.77880859375 1009.444580078125
v -1480.719482421875 1053.7725830078125 1010.8583374023438
v -1478.9473876953125 1058.55517578125 1009.5306396484375
v -1480.7127685546875 1056.6734619140625 1009.4869995117188
v -1486.0048828125 1042.249267578125 1013.4781494140625
v -1482.502197265625 1040.25439453125 1016.3001098632812
v -1478.969482421875 1049.8438720703125 1013.6423950195312
v -1482.4923095703125 1046.07275390625 1013.5579833984375
v -1493.0091552734375 1016.9669799804688 1021.5768432617188
v -1486.0205078125 1012.9734497070312 1027.251953125
v -1479.0029296875 1032.3255615234375 1021.8779296875
v -1486.0201416015625 1024.753662109375 1021.7193603515625
v -1492.9639892578125 981.3949584960938 1038.2989501953125
v -1478.939208984375 972.5355224609375 1049.791748046875
v -1464.80126953125 1011.2825317382812 1038.856201171875
v -1478.9954833984375 996.6708374023438 1038.5557861328125
v -1492.770263671875 911.592041015625 1070.8695068359375
v -1464.1939697265625 895.4616088867188 1092.144287109375
v -1434.802001953125 969.2088623046875 1071.5953369140625
v -1464.5152587890625 941.3052368164062 1071.1646728515625
v -1483.35009765625 1056.724609375 1008.0511474609375
v -1485.9932861328125 1050.94873046875 1009.3635864257812
v -1484.240234375 1049.971923828125 1010.7752685546875
v -1484.2353515625 1052.870849609375 1009.4034423828125
v -1512.109619140625 1006.0033569335938 1015.7962036132812
v -1531.3572998046875 958.3359985351562 1026.6741943359375
v -1568.6424560546875 860.8673706054688 1049.269287109375
v -1569.3671875 905.3656616210938 1026.7247314453125
v -1544.4093017578125 952.2772216796875 1021.1520385742188
v -1537.8223876953125 949.7807006835938 1026.6534423828125
v -1531.4617919921875 969.7409057617188 1021.1575927734375
v -1537.9481201171875 961.0861206054688 1021.1475219726562
v -1556.986328125 923.345703125 1026.6649169921875
v -1544.001953125 918.2523803710938 1037.8438720703125
v -1531.0184326171875 911.5867309570312 1049.2530517578125
v -1518.3175048828125 951.3983764648438 1037.9739990234375
v -1531.173095703125 935.14306640625 1037.886474609375
v -1543.450927734375 850.8348388671875 1070.751708984375
v -1517.9560546875 837.3955688476562 1091.8907470703125
v -1518.06884765625 882.3792114257812 1070.7418212890625
v -1557.1719970703125 934.31884765625 1021.2002563476562
v -1550.6571044921875 932.2571411132812 1026.649658203125
v -1550.82421875 943.3446044921875 1021.1699829101562
v -1568.979736328125 883.3623657226562 1037.8720703125
v -1556.3681640625 878.0543823242188 1049.232421875
v -1556.654052734375 900.9257202148438 1037.8408203125
v -1567.6934814453125 775.3271484375 1092.0577392578125
v -1568.1170654296875 817.9788818359375 1070.8731689453125
v -1547.6239013671875 947.824462890625 1021.159423828125
v -1544.4869384765625 957.8175659179688 1018.4342041015625
v -1547.7069091796875 953.3355712890625 1018.4461669921875
v -1546.0985107421875 955.5802612304688 1018.4397583007812
v -1541.1832275390625 956.698974609375 1021.1480102539062
v -1538.0147705078125 966.682861328125 1018.4212036132812
v -1541.25537109375 962.2679443359375 1018.4258422851562
v -1546.903076171875 954.4588012695312 1018.44287109375
v -1554.0078125 938.8414916992188 1021.1836547851562
v -1563.229736328125 914.3723754882812 1026.690185546875
v -1581.2432861328125 887.3654174804688 1026.8175048828125
v -1547.6650390625 950.5846557617188 1019.8006591796875
v -1546.0181884765625 950.054443359375 1021.1553344726562
v -1544.4478759765625 955.0518798828125 1019.7910766601562
v -1546.05810546875 952.8218994140625 1019.7954711914062
v -1550.7391357421875 937.822265625 1023.8987426757812
v -1547.4666748046875 936.6807861328125 1026.6461181640625
v -1544.3343505859375 946.6980590820312 1023.8885498046875
v -1547.543701171875 942.2734985351562 1023.89208984375
v -1556.81396484375 912.2056884765625 1032.2174072265625
v -1550.359375 909.631103515625 1037.8377685546875
v -1544.1268310546875 929.728515625 1032.21435546875
v -1550.50244140625 921.0107421875 1032.2108154296875
v -1575.37841796875 896.3538818359375 1026.7674560546875
v -1580.4658203125 843.6346435546875 1049.33203125
v -1580.8291015625 865.7615966796875 1037.9322509765625
v -1581.355712890625 892.6548461914062 1024.10400390625
v -1578.3304443359375 891.85498046875 1026.7916259765625
v -1575.488525390625 901.6954956054688 1024.0457763671875
v -1578.4420166015625 897.1701049804688 1024.073974609375
v -1586.953369140625 878.4144897460938 1026.8739013671875
v -1581.0294189453125 876.644775390625 1032.3282470703125
v -1574.9732666015625 874.55419921875 1037.89892578125
v -1569.166748046875 894.4402465820312 1032.2574462890625
v -1575.1690673828125 885.532958984375 1032.2894287109375
v -1587.0654296875 883.6548461914062 1024.168701171875
v -1584.11669921875 882.8862915039062 1026.844970703125
v -1584.229248046875 888.1508178710938 1024.1356201171875
v -1586.53955078125 856.9965209960938 1037.971435546875
v -1586.73974609375 867.7886352539062 1032.3731689453125
v -1589.7564697265625 873.9466552734375 1026.904296875
v -1591.146484375 871.7131958007812 1026.919921875
v -1589.8115234375 876.5616455078125 1025.549560546875
v -1591.201171875 874.3224487304688 1025.566162109375
v -1589.5447998046875 863.3663330078125 1032.397705078125
v -1586.8448486328125 873.1243896484375 1029.6097412109375
v -1589.64892578125 868.6795654296875 1029.6368408203125
v -1591.8931884765625 873.2027587890625 1025.5745849609375
v -1591.2288818359375 875.6221923828125 1024.8924560546875
v -1591.9207763671875 874.5010986328125 1024.901123046875
v -1592.26611328125 873.9404907226562 1024.905517578125
v -1591.9346923828125 875.1489868164062 1024.565185546875
v -1592.280029296875 874.5880126953125 1024.569580078125
v -1591.9222412109375 870.6575317382812 1026.830078125
v -1591.5631103515625 868.7247314453125 1028.0902099609375
v -1591.3828125 867.7540283203125 1028.7232666015625
v -1591.3602294921875 867.6324462890625 1028.802490234375
v -1591.337646484375 867.5108642578125 1028.8818359375
v -1591.29248046875 867.267578125 1029.04052734375
v -1591.2020263671875 866.780517578125 1029.3582763671875
v -1590.4742431640625 862.8599853515625 1031.9163818359375
v -1589.7392578125 858.899169921875 1034.50146484375
v -1589.7161865234375 858.7747802734375 1034.582763671875
v -1589.693115234375 858.6503295898438 1034.6639404296875
v -1589.6468505859375 858.4013671875 1034.826416015625
v -1589.554443359375 857.903076171875 1035.151611328125
v -1589.369140625 856.90478515625 1035.80322265625
v -1588.9974365234375 854.90185546875 1037.1102294921875
v -1588.2490234375 850.8718872070312 1039.7391357421875
v -1587.4945068359375 846.8120727539062 1042.385498046875
v -1586.73388671875 842.7251586914062 1045.046875
v -1586.5428466796875 841.6995239257812 1045.7142333984375
v -1586.4471435546875 841.1861572265625 1046.048095703125
v -1586.4232177734375 841.0577392578125 1046.1317138671875
v -1586.3992919921875 840.9293212890625 1046.2152099609375
v -1586.351318359375 840.6724243164062 1046.38232421875
v -1585.967529296875 838.6143798828125 1047.72021484375
v -1585.196044921875 834.4841918945312 1050.4017333984375
v -1584.4195556640625 830.3375854492188 1053.089111328125
v -1583.6385498046875 826.1771850585938 1055.7796630859375
v -1583.246337890625 824.0926513671875 1057.1253662109375
v -1583.1480712890625 823.5711059570312 1057.4617919921875
v -1583.0989990234375 823.310302734375 1057.6300048828125
v -1583.0498046875 823.0494384765625 1057.7982177734375
v -1582.85302734375 822.0057373046875 1058.470947265625
v -1582.0638427734375 817.8274536132812 1061.1597900390625
v -1580.4752197265625 809.4620971679688 1066.5198974609375
v -1579.6776123046875 805.285888671875 1069.1832275390625
v -1579.2864990234375 803.2445678710938 1070.4818115234375
v -1579.0906982421875 802.2242431640625 1071.130126953125
v -1578.9927978515625 801.714111328125 1071.4539794921875
v -1578.9805908203125 801.650390625 1071.494384765625
v -1578.979736328125 801.6463623046875 1071.4969482421875
v -1578.97900390625 801.6423950195312 1071.49951171875
v -1578.9775390625 801.6343994140625 1071.5045166015625
v -1578.974365234375 801.6184692382812 1071.5146484375
v -1578.96826171875 801.5864868164062 1071.534912109375
v -1578.9437255859375 801.4588012695312 1071.6160888671875
v -1578.8946533203125 801.203369140625 1071.7781982421875
v -1578.1080322265625 797.1174926757812 1074.36669921875
v -1577.3187255859375 793.0333251953125 1076.94580078125
v -1576.5264892578125 788.9498901367188 1079.51611328125
v -1575.7313232421875 784.8662719726562 1082.07861328125
v -1575.33251953125 782.8241577148438 1083.3570556640625
v -1574.9329833984375 780.7814331054688 1084.6339111328125
v -1574.1314697265625 776.694091796875 1087.18310546875
v -1573.326416015625 772.6033325195312 1089.726806640625
v -1572.5179443359375 768.508544921875 1092.265625
v -1572.3153076171875 767.484130859375 1092.899658203125
v -1572.2138671875 766.9718627929688 1093.216552734375
v -1572.1124267578125 766.4594116210938 1093.533447265625
v -1571.7059326171875 764.408935546875 1094.80029296875
v -1570.89013671875 760.30322265625 1097.3316650390625
v -1570.0704345703125 756.1908569335938 1099.8602294921875
v -1569.2469482421875 752.0711669921875 1102.3865966796875
v -1568.833740234375 750.0084228515625 1103.649169921875
v -1568.730224609375 749.492431640625 1103.9647216796875
v -1568.626708984375 748.976318359375 1104.2802734375
v -1568.41943359375 747.943603515625 1104.911376953125
v -1567.587890625 743.8072509765625 1107.43505859375
v -1565.86865234375 735.28955078125 1112.6131591796875
v -1565.4361572265625 733.1535034179688 1113.9078369140625
v -1565.0079345703125 731.0413208007812 1115.1865234375
v -1564.1573486328125 726.853759765625 1117.717529296875
v -1562.444580078125 718.4491577148438 1122.78173828125
v -1561.5826416015625 714.2330932617188 1125.3145751953125
v -1560.71728515625 710.0084838867188 1127.8480224609375
v -1558.9771728515625 701.535888671875 1132.9161376953125
v -1558.1026611328125 697.2885131835938 1135.4508056640625
v -1557.664306640625 695.1621704101562 1136.71826171875
v -1557.5545654296875 694.63037109375 1137.03515625
v -1557.499755859375 694.3643798828125 1137.193603515625
v -1557.44482421875 694.098388671875 1137.35205078125
v -1557.225341796875 693.0341796875 1137.98583984375
v -1555.4630126953125 684.505859375 1143.0577392578125
v -1553.691162109375 675.95263671875 1148.1322021484375
v -1551.9105224609375 667.3756103515625 1153.21044921875
v -1550.121826171875 658.7752075195312 1158.2938232421875
v -1549.6734619140625 656.6214599609375 1159.565673828125
v -1549.2305908203125 654.4944458007812 1160.8212890625
v -1548.347412109375 650.2551879882812 1163.3226318359375
v -1546.576171875 641.760986328125 1168.3304443359375
v -1545.6884765625 637.5067138671875 1170.836669921875
v -1545.577392578125 636.974609375 1171.1500244140625
v -1545.46630859375 636.4424438476562 1171.4635009765625
v -1545.2440185546875 635.3779296875 1172.09033203125
v -1544.79931640625 633.2481689453125 1173.3443603515625
v -1543.017822265625 624.7201538085938 1178.3631591796875
v -1542.125732421875 620.4514770507812 1180.8740234375
v -1541.232666015625 616.18017578125 1183.3856201171875
v -1539.44482421875 607.6324462890625 1188.4100341796875
v -1537.627685546875 598.9479370117188 1193.5125732421875
v -1536.71875 594.6055908203125 1196.063232421875
v -1535.8099365234375 590.2642211914062 1198.613037109375
v -1533.9931640625 581.5866088867188 1203.7086181640625
v -1533.5391845703125 579.4186401367188 1204.9815673828125
v -1533.42578125 578.8767700195312 1205.2996826171875
v -1533.3690185546875 578.6058959960938 1205.458740234375
v -1533.3406982421875 578.4703979492188 1205.5382080078125
v -1533.3336181640625 578.4365844726562 1205.55810546875
v -1533.3326416015625 578.4323120117188 1205.5606689453125
v -1533.332275390625 578.4302368164062 1205.5618896484375
v -1533.331787109375 578.4281005859375 1205.5631103515625
v -1533.330078125 578.419677734375 1205.568115234375
v -1533.3265380859375 578.4027709960938 1205.5780029296875
v -1533.3123779296875 578.3352661132812 1205.6175537109375
v -1533.086181640625 577.25537109375 1206.251708984375
v -1532.1820068359375 572.9373168945312 1208.7867431640625
v -1530.3746337890625 564.307373046875 1213.85302734375
v -1529.4713134765625 559.9942016601562 1216.3851318359375
v -1528.5679931640625 555.6810913085938 1218.9169921875
v -1526.7607421875 547.0514526367188 1223.9830322265625
v -1525.8565673828125 542.7334594726562 1226.51806640625
v -1525.4041748046875 540.5733642578125 1227.786376953125
v -1525.291015625 540.0332641601562 1228.103515625
v -1525.177978515625 539.4930419921875 1228.420654296875
v -1524.95166015625 538.4124145507812 1229.05517578125
v -1523.139404296875 529.7565307617188 1234.137939453125
v -1521.3226318359375 521.0770263671875 1239.2357177734375
v -1519.4998779296875 512.3665161132812 1244.353515625
v -1517.6697998046875 503.6172180175781 1249.49609375
v -1516.7630615234375 499.28057861328125 1252.0458984375
v -1515.861572265625 494.9681091308594 1254.5821533203125
v -1514.0540771484375 486.3167724609375 1259.6727294921875
v -1512.2420654296875 477.63751220703125 1264.7835693359375
v -1511.335205078125 473.2901611328125 1267.345458984375
v -1511.1083984375 472.20269775390625 1267.9864501953125
v -1510.9949951171875 471.65887451171875 1268.3070068359375
v -1510.9666748046875 471.5229187011719 1268.38720703125
v -1510.952392578125 471.4549560546875 1268.42724609375
v -1510.9453125 471.42095947265625 1268.447265625
v -1510.9449462890625 471.4188232421875 1268.4486083984375
v -1510.9444580078125 471.4167175292969 1268.4498291015625
v -1510.943603515625 471.4124755859375 1268.4522705078125
v -1510.9417724609375 471.40399169921875 1268.457275390625
v -1510.938232421875 471.3870544433594 1268.46728515625
v -1510.8817138671875 471.11590576171875 1268.627197265625
v -1510.429443359375 468.94635009765625 1269.906494140625
v -1508.5946044921875 460.1377258300781 1275.1048583984375
v -1506.76318359375 451.3329162597656 1280.3084716796875
v -1506.3062744140625 449.13348388671875 1281.609619140625
v -1506.077880859375 448.0341491699219 1282.2601318359375
v -1505.8497314453125 446.9350891113281 1282.9107666015625
v -1504.9381103515625 442.54266357421875 1285.51220703125
v -1503.1224365234375 433.78033447265625 1290.7095947265625
v -1501.3189697265625 425.0565490722656 1295.895751953125
v -1500.866943359375 422.8660583496094 1297.199951171875
v -1500.4132080078125 420.6664123535156 1298.510498046875
v -1499.5086669921875 416.2759094238281 1301.12890625
v -1497.709716796875 407.5251770019531 1306.3587646484375
v -1497.4857177734375 406.43377685546875 1307.0120849609375
v -1497.373779296875 405.88824462890625 1307.3387451171875
v -1497.261962890625 405.34283447265625 1307.6654052734375
v -1496.8148193359375 403.1620788574219 1308.9720458984375
v -1495.9224853515625 398.8043212890625 1311.5860595703125
v -1494.144287109375 390.09906005859375 1316.820068359375
v -1493.700927734375 387.923828125 1318.13037109375
v -1493.590087890625 387.3800354003906 1318.4581298828125
v -1493.4793701171875 386.83624267578125 1318.7860107421875
v -1493.2579345703125 385.7486267089844 1319.44189453125
v -1492.3726806640625 381.3968505859375 1322.0687255859375
v -1490.60498046875 372.68280029296875 1327.341552734375
v -1490.163330078125 370.5010070800781 1328.6644287109375
v -1489.9425048828125 369.40948486328125 1329.3265380859375
v -1489.8321533203125 368.86358642578125 1329.657958984375
v -1489.77685546875 368.590576171875 1329.8236083984375
v -1489.7216796875 368.3175354003906 1329.9893798828125
v -1488.83837890625 363.94415283203125 1332.646484375
v -1487.0701904296875 355.16546630859375 1337.9932861328125
v -1486.1846923828125 350.7572021484375 1340.684814453125
v -1485.314697265625 346.4184875488281 1343.338134765625
v -1483.576171875 337.72528076171875 1348.6673583984375
v -1482.70654296875 333.3646240234375 1351.3472900390625
v -1482.4892578125 332.2733154296875 1352.0186767578125
v -1482.3804931640625 331.7275085449219 1352.3544921875
v -1482.326171875 331.45458984375 1352.5225830078125
v -1482.2718505859375 331.181640625 1352.6905517578125
v -1481.8372802734375 328.99737548828125 1354.0357666015625
v -1480.0980224609375 320.23272705078125 1359.4459228515625
v -1479.23095703125 315.84979248046875 1362.1588134765625
v -1478.79833984375 313.6590270996094 1363.516845703125
v -1478.6903076171875 313.1114501953125 1363.8564453125
v -1478.582275390625 312.5639343261719 1364.196044921875
v -1478.3663330078125 311.4691162109375 1364.87548828125
v -1476.6463623046875 302.7257385253906 1370.3140869140625
v -1475.7921142578125 298.3672790527344 1373.0335693359375
v -1475.3665771484375 296.19219970703125 1374.3929443359375
v -1475.1541748046875 295.1058044433594 1375.072509765625
v -1475.0482177734375 294.5628967285156 1375.4122314453125
v -1474.9951171875 294.2915344238281 1375.58203125
v -1474.942138671875 294.0202331542969 1375.751953125
v -1474.0972900390625 289.6874084472656 1378.4674072265625
v -1473.2579345703125 285.3714599609375 1381.1787109375
v -1472.4246826171875 281.0743103027344 1383.884765625
v -1471.5980224609375 276.7980041503906 1386.58447265625
v -1471.1802978515625 274.6324768066406 1387.954345703125
v -1470.7581787109375 272.440185546875 1389.343017578125
v -1469.919189453125 268.0727233886719 1392.115234375
v -1468.2613525390625 259.3982849121094 1397.6444091796875
v -1468.1585693359375 258.8585205078125 1397.989501953125
v -1468.1072998046875 258.5887145996094 1398.162109375
v -1468.055908203125 258.3189697265625 1398.3345947265625
v -1467.850830078125 257.24053955078125 1399.024658203125
v -1467.4415283203125 255.08619689941406 1400.40478515625
v -1466.626953125 250.78648376464844 1403.1650390625
v -1465.0115966796875 242.21485900878906 1408.6915283203125
v -1464.9112548828125 241.68003845214844 1409.0374755859375
v -1464.8109130859375 241.14529418945312 1409.3834228515625
v -1464.6103515625 240.07595825195312 1410.0755615234375
v -1464.2099609375 237.93771362304688 1411.461181640625
v -1463.4114990234375 233.6619110107422 1414.238037109375
v -1461.822265625 225.10496520996094 1419.8192138671875
v -1461.72314453125 224.56959533691406 1420.16943359375
v -1461.6737060546875 224.30186462402344 1420.3446044921875
v -1461.6241455078125 224.03411865234375 1420.5198974609375
v -1461.4261474609375 222.96278381347656 1421.2213134765625
v -1461.030517578125 220.81845092773438 1422.626953125
v -1460.23974609375 216.52212524414062 1425.44921875
v -1458.659912109375 207.89031982421875 1431.1431884765625
v -1457.1109619140625 199.36558532714844 1436.797607421875
v -1455.56787109375 190.80780029296875 1442.506591796875
v -1454.0511474609375 182.32704162597656 1448.1986083984375
v -1453.2977294921875 178.08676147460938 1451.0582275390625
v -1453.203857421875 177.5569305419922 1451.416259765625
v -1453.1099853515625 177.02716064453125 1451.7742919921875
v -1452.922607421875 175.9679412841797 1452.49072265625
v -1452.548583984375 173.85101318359375 1453.9241943359375
v -1451.06640625 165.40951538085938 1459.6654052734375
v -1450.6995849609375 163.30743408203125 1461.101318359375
v -1450.5167236328125 162.25787353515625 1461.8193359375
v -1450.425537109375 161.73348999023438 1462.17822265625
v -1450.33447265625 161.2093963623047 1462.5372314453125
v -1449.6094970703125 157.02789306640625 1465.40673828125
v -1448.8924560546875 152.86831665039062 1468.272216796875
v -1448.18359375 148.73341369628906 1471.1317138671875
v -1447.473876953125 144.56903076171875 1474.0230712890625
v -1446.767822265625 140.40036010742188 1476.9296875
v -1446.4151611328125 138.3075408935547 1478.3936767578125
v -1446.0599365234375 136.19290161132812 1479.8760986328125
v -1445.357421875 131.989501953125 1482.832763671875
v -1444.6649169921875 127.8172836303711 1485.780517578125
v -1444.3221435546875 125.74160766601562 1487.251953125
v -1444.151611328125 124.70616149902344 1487.9871826171875
v -1444.0665283203125 124.18901062011719 1488.354736328125
v -1444.0240478515625 123.93057250976562 1488.5384521484375
v -1443.981689453125 123.6722183227539 1488.72216796875
v -1443.306640625 119.54875183105469 1491.661376953125
v -1442.6390380859375 115.44172668457031 1494.6019287109375
v -1441.9781494140625 111.34718322753906 1497.54638671875
v -1441.6500244140625 109.30335998535156 1499.0211181640625
v -1441.3233642578125 107.26097869873047 1500.4979248046875
v -1440.0284423828125 99.09114074707031 1506.438232421875
v -1439.386962890625 94.9991226196289 1509.433349609375
v -1439.2271728515625 93.9747085571289 1510.1851806640625
v -1439.2071533203125 93.84661102294922 1510.279296875
v -1439.187255859375 93.71849822998047 1510.3734130859375
v -1439.1473388671875 93.46224212646484 1510.5616455078125
v -1439.0675048828125 92.94955444335938 1510.9384765625
v -1438.7486572265625 90.89641571044922 1512.449462890625
v -1438.11279296875 86.77713012695312 1515.4912109375
v -1437.478515625 82.63715362548828 1518.561767578125
v -1437.161865234375 80.55815124511719 1520.1087646484375
v -1436.8470458984375 78.48302459716797 1521.6563720703125
v -1436.2330322265625 74.41130065917969 1524.7032470703125
v -1435.0147705078125 66.21561431884766 1530.884765625
v -1434.713623046875 64.16036987304688 1532.446533203125
v -1434.676025390625 63.90338134765625 1532.6422119140625
v -1434.6385498046875 63.64637756347656 1532.8380126953125
v -1434.5635986328125 63.13236618041992 1533.229736328125
v -1434.4141845703125 62.10441589355469 1534.01416015625
v -1433.8218994140625 57.995361328125 1537.1641845703125
v -1432.706787109375 50.07830810546875 1543.3050537109375
v -1432.5706787109375 49.09342575073242 1544.076171875
v -1432.5367431640625 48.847412109375 1544.2691650390625
v -1432.5029296875 48.60148620605469 1544.4620361328125
v -1432.4354248046875 48.10989761352539 1544.84814453125
v -1432.16748046875 46.14727020263672 1546.393798828125
v -1431.6424560546875 42.242252349853516 1549.49169921875
v -1431.1334228515625 38.36909866333008 1552.5960693359375
v -1430.641845703125 34.533668518066406 1555.7047119140625
v -1430.169189453125 30.741840362548828 1558.8148193359375
v -1429.717041015625 26.9995174407959 1561.9239501953125
v -1429.2872314453125 23.312633514404297 1565.0296630859375
v -1428.8809814453125 19.687156677246094 1568.1290283203125
v -1428.77978515625 18.757888793945312 1568.931396484375
v -1428.675537109375 17.788925170898438 1569.771484375
v -1428.4725341796875 15.865862846374512 1571.449951171875
v -1428.0885009765625 12.07577896118164 1574.8016357421875
v -1427.732421875 8.353882789611816 1578.1510009765625
v -1427.403076171875 4.692312717437744 1581.503662109375
v -1427.09912109375 1.0831855535507202 1584.865234375
v -1426.8193359375 -2.4814023971557617 1588.2413330078125
v -1426.7529296875 -3.36651873588562 1589.0882568359375
v -1426.7203369140625 -3.8082573413848877 1589.51220703125
v -1426.7041015625 -4.028926849365234 1589.724365234375
v -1426.68798828125 -4.249462127685547 1589.9365234375
v -1426.562255859375 -6.0091376304626465 1591.6373291015625
v -1426.326904296875 -9.506998062133789 1595.057861328125
v -1425.9154052734375 -16.444339752197266 1601.994384765625
v -1425.7366943359375 -19.899614334106445 1605.5213623046875
v -1425.57421875 -23.35649871826172 1609.094970703125
v -1425.4986572265625 -25.088022232055664 1610.9010009765625
v -1425.4622802734375 -25.95168113708496 1611.8056640625
v -1425.4276123046875 -26.7989444732666 1612.695556640625
v -1425.2974853515625 -30.19590187072754 1616.2882080078125
v -1425.18212890625 -33.59893798828125 1619.9290771484375
v -1425.0831298828125 -36.999237060546875 1623.611328125
v -1424.939453125 -43.756134033203125 1631.0743408203125
v -1424.8973388671875 -47.094993591308594 1634.8416748046875
v -1424.8953857421875 -47.302494049072266 1635.0777587890625
v -1424.8935546875 -47.509849548339844 1635.3138427734375
v -1424.89013671875 -47.92411422729492 1635.7861328125
v -1424.88427734375 -48.7508544921875 1636.731689453125
v -1424.8768310546875 -50.39672088623047 1638.6253662109375
v -1424.8792724609375 -53.654632568359375 1642.4212646484375
v -1424.9061279296875 -56.86102294921875 1646.2239990234375
v -1424.953125 -59.74042510986328 1649.701904296875
v -1425.0225830078125 -62.56439971923828 1653.17724609375
v -1425.115478515625 -65.32704162597656 1656.64599609375
v -1425.171142578125 -66.68351745605469 1658.376708984375
v -1425.2342529296875 -68.044921875 1660.13330078125
v -1425.39013671875 -70.87644958496094 1663.855224609375
v -1425.576416015625 -73.62625885009766 1667.5654296875
v -1425.79345703125 -76.29901123046875 1671.2708740234375
v -1426.0419921875 -78.89936828613281 1674.9786376953125
v -1426.6353759765625 -83.90137481689453 1682.4281005859375
v -1427.361083984375 -88.6690444946289 1689.9688720703125
v -1428.2235107421875 -93.23870086669922 1697.655029296875
v -1428.707275390625 -95.46048736572266 1701.5697021484375
v -1428.96142578125 -96.55220031738281 1703.5380859375
v -1429.2215576171875 -97.62403869628906 1705.500244140625
v -1429.767333984375 -99.7401123046875 1709.4620361328125
v -1430.345703125 -101.8166732788086 1713.4677734375
v -1431.59521484375 -105.8384017944336 1721.58154296875
v -1432.959716796875 -109.66397857666016 1729.7833251953125
v -1434.4285888671875 -113.26885986328125 1738.015625
v -1435.1988525390625 -114.9810791015625 1742.12548828125
v -1435.991455078125 -116.62926483154297 1746.2220458984375
v -1436.804931640625 -118.21056365966797 1750.2984619140625
v -1437.685546875 -119.80534362792969 1754.5748291015625
v -1438.5888671875 -121.32544708251953 1758.8271484375
v -1439.5155029296875 -122.77326202392578 1763.0594482421875
v -1589.7022705078125 871.3191528320312 1028.2667236328125
v -1591.092529296875 869.09130859375 1028.281494140625
v -1591.06591796875 867.7758178710938 1028.9652099609375
v -1589.596435546875 866.0284423828125 1031.013916015625
v -1586.6380615234375 862.4113159179688 1035.161376953125
v -1589.4439697265625 858.0111083984375 1035.1842041015625
v -1580.6416015625 854.7476806640625 1043.6075439453125
v -1586.3519287109375 846.07080078125 1043.6453857421875
v -1568.3638916015625 839.4378662109375 1060.0947265625
v -1580.1634521484375 822.5390014648438 1060.17431640625
v -1591.0792236328125 868.4338989257812 1028.6231689453125
v -1590.3983154296875 870.2052612304688 1028.274169921875
v -1590.3450927734375 867.5684814453125 1029.643798828125
v -1589.6754150390625 870.0007934570312 1028.950927734375
v -1590.37158203125 868.8883056640625 1028.9580078125
v -1588.35888671875 876.1802978515625 1026.888916015625
v -1588.250732421875 870.9017944335938 1029.6231689453125
v -1586.898681640625 875.775390625 1028.2381591796875
v -1588.304443359375 873.5470581054688 1028.2523193359375
v -1583.90234375 872.2136840820312 1032.3499755859375
v -1581.1346435546875 882.0274047851562 1029.559814453125
v -1584.0078125 877.5725708007812 1029.5841064453125
v -1591.119384765625 870.40380859375 1027.5997314453125
v -1591.2525634765625 868.1555786132812 1028.625
v -1591.0726318359375 868.10498046875 1028.794189453125
v -1591.245849609375 867.8267211914062 1028.7960205078125
v -1590.7457275390625 869.6482543945312 1028.27783203125
v -1590.718994140625 868.3320922851562 1028.961669921875
v -1590.385009765625 869.5471801757812 1028.6158447265625
v -1590.7322998046875 868.9905395507812 1028.6195068359375
v -1590.452392578125 872.8299560546875 1026.9119873046875
v -1589.729248046875 872.6344604492188 1027.5845947265625
v -1590.42529296875 871.5191040039062 1027.5921630859375
v -1589.493896484375 860.6937255859375 1033.7879638671875
v -1589.4688720703125 859.3536376953125 1034.4853515625
v -1586.4442138671875 851.5482788085938 1040.8004150390625
v -1588.1461181640625 865.5773315429688 1032.3853759765625
v -1588.0447998046875 860.2111206054688 1035.172607421875
v -1586.6884765625 865.1049194335938 1033.764404296875
v -1588.0950927734375 862.8992309570312 1033.7760009765625
v -1583.7015380859375 861.3765869140625 1037.951171875
v -1580.9276123046875 871.2214965820312 1035.1199951171875
v -1583.80029296875 866.8136596679688 1035.1400146484375
v -1589.4564208984375 858.6826782226562 1034.8345947265625
v -1587.9466552734375 854.8073120117188 1037.9820556640625
v -1586.58837890625 859.7083129882812 1036.5638427734375
v -1587.995361328125 857.513671875 1036.5748291015625
v -1588.79541015625 861.7964477539062 1033.781982421875
v -1588.7452392578125 859.1111450195312 1035.1783447265625
v -1588.06982421875 861.556396484375 1034.4736328125
v -1588.770263671875 860.4550170898438 1034.4794921875
v -1589.6431884765625 859.0782470703125 1034.48681640625
v -1589.462646484375 859.0182495117188 1034.659912109375
v -1589.636962890625 858.7429809570312 1034.661376953125
v -1589.1197509765625 859.904296875 1034.482421875
v -1589.0948486328125 858.5611572265625 1035.1812744140625
v -1588.7576904296875 859.7833862304688 1034.8287353515625
v -1589.1072998046875 859.2330322265625 1034.8316650390625
v -1588.6959228515625 856.4163818359375 1036.580322265625
v -1588.0198974609375 858.863525390625 1035.873046875
v -1588.720458984375 857.764892578125 1035.878662109375
v -1589.4813232421875 860.0239868164062 1034.136474609375
v -1589.519287109375 862.0313110351562 1033.092041015625
v -1586.262451171875 840.568115234375 1046.50341796875
v -1580.3101806640625 833.1033935546875 1054.750244140625
v -1586.306884765625 843.3223876953125 1045.0728759765625
v -1583.513427734375 850.4072265625 1043.625732421875
v -1583.3369140625 839.3378295898438 1049.3511962890625
v -1580.55224609375 849.2015380859375 1046.4649658203125
v -1583.4237060546875 844.8829956054688 1046.4835205078125
v -1574.6190185546875 852.2457275390625 1049.2977294921875
v -1568.8052978515625 872.1615600585938 1043.5491943359375
v -1574.790283203125 863.4482421875 1043.5751953125
v -1586.2845458984375 841.9459228515625 1045.787841796875
v -1584.9366455078125 848.2387084960938 1043.6353759765625
v -1584.8470458984375 842.725341796875 1046.4932861328125
v -1583.46826171875 847.6480102539062 1045.05322265625
v -1584.8914794921875 845.4849243164062 1045.0628662109375
v -1580.73388671875 860.2689819335938 1040.7623291015625
v -1583.60595703125 855.9064331054688 1040.7806396484375
v -1586.2735595703125 841.2572021484375 1046.1455078125
v -1584.76025390625 837.1908569335938 1049.361328125
v -1583.3800048828125 842.11279296875 1047.916259765625
v -1584.8033447265625 839.96044921875 1047.92626953125
v -1583.1806640625 828.8472900390625 1054.771240234375
v -1580.3868408203125 838.3748168945312 1052.0391845703125
v -1583.2576904296875 834.098388671875 1052.0592041015625
v -1574.3251953125 830.984375 1060.1318359375
v -1568.498779296875 850.1685791015625 1054.6798095703125
v -1574.4676513671875 841.6314697265625 1054.712158203125
v -1555.93115234375 834.4993286132812 1070.80029296875
v -1543.603515625 872.9378051757812 1060.00927734375
v -1556.135009765625 856.2901611328125 1060.0384521484375
v -1585.60009765625 844.403564453125 1045.06787109375
v -1585.5556640625 841.6466674804688 1046.498291015625
v -1584.869140625 844.1057739257812 1045.77783203125
v -1585.577880859375 843.0258178710938 1045.78271484375
v -1586.279052734375 841.6016235351562 1045.9666748046875
v -1585.931396484375 842.4859008789062 1045.7852783203125
v -1585.9093017578125 841.107421875 1046.5008544921875
v -1585.5667724609375 842.33642578125 1046.1405029296875
v -1585.92041015625 841.7968139648438 1046.1429443359375
v -1585.511962890625 838.884521484375 1047.9312744140625
v -1584.8250732421875 841.343505859375 1047.20947265625
v -1585.5338134765625 840.2662353515625 1047.2144775390625
v -1586.295654296875 842.6343383789062 1045.4302978515625
v -1586.3292236328125 844.6973266601562 1044.3587646484375
v -1586.397705078125 848.81298828125 1042.2210693359375
v -1586.2679443359375 840.9127197265625 1046.324462890625
v -1580.2357177734375 827.8236694335938 1057.462646484375
v -1580.0247802734375 811.9678955078125 1065.5858154296875
v -1567.8956298828125 796.6193237304688 1081.5198974609375
v -1542.9903564453125 763.084228515625 1112.856689453125
v -1492.122802734375 685.8765258789062 1175.0574951171875
v -1542.42578125 632.0543823242188 1175.1873779296875
v -1583.1429443359375 826.2183837890625 1056.1279296875
v -1583.1243896484375 824.9033203125 1056.8062744140625
v -1580.0931396484375 817.2526245117188 1062.8826904296875
v -1574.0635986328125 809.6939697265625 1070.91748046875
v -1568.23681640625 828.6997680664062 1065.4979248046875
v -1574.1907958984375 820.330078125 1065.539306640625
v -1581.74951171875 830.9747924804688 1054.760498046875
v -1581.6748046875 825.7052612304688 1057.4735107421875
v -1580.272705078125 830.4644165039062 1056.1064453125
v -1581.7119140625 828.3408813476562 1056.116943359375
v -1577.40576171875 837.364990234375 1054.7305908203125
v -1577.2606201171875 826.7594604492188 1060.1524658203125
v -1574.3953857421875 836.3104248046875 1057.4224853515625
v -1577.3321533203125 832.064697265625 1057.44189453125
v -1581.602294921875 820.4307861328125 1060.1856689453125
v -1580.1993408203125 825.1817626953125 1058.8187255859375
v -1581.6383056640625 823.0684204101562 1058.829833984375
v -1582.428466796875 827.279541015625 1056.1224365234375
v -1582.391357421875 824.646484375 1057.47900390625
v -1581.6932373046875 827.0232543945312 1056.7952880859375
v -1582.4097900390625 825.9631958007812 1056.80078125
v -1582.354736328125 822.01220703125 1058.83544921875
v -1581.656494140625 824.386962890625 1058.1517333984375
v -1582.3729248046875 823.3294677734375 1058.1573486328125
v -1582.748779296875 824.1171264648438 1057.4818115234375
v -1582.73046875 822.80078125 1058.16015625
v -1582.382080078125 823.9879760742188 1057.8182373046875
v -1582.7396240234375 823.458984375 1057.821044921875
v -1577.1236572265625 816.1468505859375 1065.56201171875
v -1576.9940185546875 805.5531616210938 1070.9415283203125
v -1574.1263427734375 815.0082397460938 1068.233154296875
v -1577.0579833984375 810.8461303710938 1068.2564697265625
v -1573.8280029296875 788.5072021484375 1081.56494140625
v -1568.0035400390625 807.2872314453125 1076.2125244140625
v -1573.9429931640625 799.08837890625 1076.2579345703125
v -1555.58740234375 791.1752319335938 1091.986572265625
v -1543.3182373046875 828.8216552734375 1081.3878173828125
v -1555.75048828125 812.8021850585938 1081.443359375
v -1578.5120849609375 808.7664794921875 1068.2686767578125
v -1578.4476318359375 803.484130859375 1070.953857421875
v -1577.0257568359375 808.1985473632812 1069.6002197265625
v -1578.479736328125 806.1242065429688 1069.612548828125
v -1574.0025634765625 804.3876342773438 1073.59228515625
v -1576.931640625 800.268310546875 1073.6165771484375
v -1576.962646484375 802.9097900390625 1072.2801513671875
v -1578.416015625 800.8461303710938 1072.292724609375
v -1578.431884765625 802.1648559570312 1071.62353515625
v -1578.809814453125 802.967041015625 1070.95703125
v -1578.7939453125 801.6484375 1071.626708984375
v -1578.439697265625 802.8244018554688 1071.288818359375
v -1578.8018798828125 802.3076782226562 1071.2919921875
v -1577.7218017578125 804.5184936523438 1070.9476318359375
v -1577.6903076171875 801.8778076171875 1072.286376953125
v -1576.978271484375 804.231201171875 1071.611083984375
v -1577.7060546875 803.1978759765625 1071.6173095703125
v -1575.5325927734375 807.6231689453125 1070.9293212890625
v -1575.4708251953125 802.32763671875 1073.604248046875
v -1574.0328369140625 807.0398559570312 1072.256103515625
v -1575.50146484375 804.9744262695312 1072.2679443359375
v -1571.10400390625 813.8366088867188 1070.8946533203125
v -1570.986572265625 803.1879272460938 1076.234619140625
v -1568.0595703125 812.629638671875 1073.547119140625
v -1571.0445556640625 808.5087890625 1073.569091796875
v -1562.068115234375 826.2532958984375 1070.8338623046875
v -1561.865478515625 804.7230834960938 1081.479248046875
v -1555.8382568359375 823.6392211914062 1076.1363525390625
v -1561.964111328125 815.4765014648438 1076.171875
v -1579.20361328125 805.0875244140625 1069.6187744140625
v -1578.463623046875 804.8038940429688 1070.2835693359375
v -1579.1875 803.7684936523438 1070.289794921875
v -1578.9827880859375 802.0493774414062 1071.2935791015625
v -1578.7979736328125 801.9780883789062 1071.4593505859375
v -1578.9788818359375 801.7197875976562 1071.4609375
v -1578.4239501953125 801.5054321289062 1071.958251953125
v -1578.7861328125 800.9893798828125 1071.96142578125
v -1578.400390625 799.52783203125 1072.961181640625
v -1573.884765625 793.7952270507812 1078.915283203125
v -1567.79248046875 785.96826171875 1086.800048828125
v -1567.504150390625 754.0469970703125 1102.5250244140625
v -1578.9808349609375 801.8845825195312 1071.377197265625
v -1578.99072265625 802.7085571289062 1070.9586181640625
v -1578.805908203125 802.6373291015625 1071.12451171875
v -1578.98681640625 802.3789672851562 1071.1260986328125
v -1578.8258056640625 804.2861328125 1070.28662109375
v -1578.4556884765625 804.1439208984375 1070.6187744140625
v -1578.81787109375 803.6265258789062 1070.6219482421875
v -1577.753662109375 807.1611938476562 1069.6063232421875
v -1577.0098876953125 806.8755493164062 1070.271240234375
v -1577.7376708984375 805.839599609375 1070.27734375
v -1575.595947265625 812.9268188476562 1068.24462890625
v -1574.0947265625 812.3500366210938 1069.5765380859375
v -1575.5640869140625 810.27392578125 1069.5882568359375
v -1571.2279052734375 824.51513671875 1065.5179443359375
v -1568.1761474609375 823.3357543945312 1068.18994140625
v -1571.1650390625 819.1721801757812 1068.2109375
v -1562.295166015625 847.8796997070312 1060.0634765625
v -1556.02978515625 845.3867797851562 1065.4320068359375
v -1562.17822265625 837.0582885742188 1065.4619140625
v -1578.7900390625 801.3189086914062 1071.7940673828125
v -1578.888427734375 801.8489379882812 1071.460205078125
v -1578.8843994140625 801.5194091796875 1071.6275634765625
v -1578.7960205078125 801.813232421875 1071.5430908203125
v -1578.886474609375 801.6841430664062 1071.5438232421875
v -1578.620849609375 802.5660400390625 1071.2904052734375
v -1578.6129150390625 801.9066772460938 1071.6251220703125
v -1578.435791015625 802.49462890625 1071.4561767578125
v -1578.616943359375 802.236328125 1071.457763671875
v -1578.0849609375 804.0012817382812 1070.9508056640625
v -1578.0692138671875 802.6813354492188 1071.6204833984375
v -1577.7138671875 803.8580932617188 1071.2825927734375
v -1578.0770263671875 803.3412475585938 1071.28564453125
v -1578.9783935546875 801.6786499023438 1071.48193359375
v -1578.93359375 801.7843627929688 1071.4605712890625
v -1578.931640625 801.61962890625 1071.544189453125
v -1578.887451171875 801.7665405273438 1071.501953125
v -1578.9326171875 801.7019653320312 1071.50244140625
v -1578.892333984375 802.1785278320312 1071.292724609375
v -1578.7999267578125 802.1428833007812 1071.3756103515625
v -1578.890380859375 802.0137329101562 1071.37646484375
v -1578.9798583984375 801.8021850585938 1071.4190673828125
v -1578.9781494140625 801.6580200195312 1071.4923095703125
v -1578.9561767578125 801.7520751953125 1071.4608154296875
v -1578.9552001953125 801.6697387695312 1071.5025634765625
v -1578.93310546875 801.7431640625 1071.4814453125
v -1578.9556884765625 801.7108764648438 1071.481689453125
v -1578.9356689453125 801.9491577148438 1071.3768310546875
v -1578.889404296875 801.9313354492188 1071.4183349609375
v -1578.9345703125 801.8667602539062 1071.418701171875
v -1578.9542236328125 801.5873413085938 1071.54443359375
v -1578.93212890625 801.6607666015625 1071.5233154296875
v -1578.9547119140625 801.6285400390625 1071.5235595703125
v -1578.9296875 801.454833984375 1071.6279296875
v -1578.8853759765625 801.6017456054688 1071.585693359375
v -1578.9306640625 801.5372314453125 1071.5860595703125
v -1578.7919921875 801.4837036132812 1071.71044921875
v -1578.8824462890625 801.3546142578125 1071.711181640625
v -1578.6051025390625 801.2473754882812 1071.9598388671875
v -1578.4278564453125 801.8351440429688 1071.7908935546875
v -1578.6090087890625 801.5770263671875 1071.79248046875
v -1578.053466796875 801.3619384765625 1072.28955078125
v -1577.6981201171875 802.5377807617188 1071.951904296875
v -1578.061279296875 802.0215454101562 1071.955078125
v -1577.6591796875 799.2390747070312 1073.622802734375
v -1576.9471435546875 801.5888061523438 1072.9486083984375
v -1577.6746826171875 800.5581665039062 1072.954833984375
v -1578.967041015625 801.6947631835938 1071.4818115234375
v -1578.966552734375 801.653564453125 1071.502685546875
v -1578.9554443359375 801.6903076171875 1071.4921875
v -1578.966796875 801.6741943359375 1071.4921875
v -1578.966064453125 801.6123657226562 1071.523681640625
v -1578.9549560546875 801.6491088867188 1071.5130615234375
v -1578.96630859375 801.6329956054688 1071.51318359375
v -1567.5975341796875 764.6890258789062 1097.2978515625
v -1555.290283203125 747.9550170898438 1112.90234375
v -1543.093017578125 784.9808959960938 1102.41357421875
v -1555.4359130859375 769.57421875 1102.462158203125
v -1517.7896728515625 747.95166015625 1133.645751953125
v -1492.446533203125 820.639892578125 1112.850341796875
v -1517.866943359375 792.63330078125 1112.8133544921875
v -1570.6651611328125 771.35693359375 1092.0780029296875
v -1567.6451416015625 770.0081176757812 1094.6796875
v -1570.6151123046875 766.0589599609375 1094.69921875
v -1561.6812744140625 783.2614135742188 1092.020263671875
v -1561.509521484375 761.81884765625 1102.491943359375
v -1555.510498046875 780.374267578125 1097.2308349609375
v -1561.59423828125 772.5408325195312 1097.2625732421875
v -1572.141845703125 769.371826171875 1092.08837890625
v -1570.6400146484375 768.7078857421875 1093.38916015625
v -1570.7679443359375 781.9553833007812 1086.8212890625
v -1567.7425537109375 780.6469116210938 1089.431396484375
v -1570.7161865234375 776.6554565429688 1089.4521484375
v -1555.6671142578125 801.9827270507812 1086.7254638671875
v -1561.771484375 793.9867553710938 1086.7606201171875
v -1572.193603515625 774.65966796875 1089.462890625
v -1570.6905517578125 774.0060424804688 1090.765625
v -1572.1676025390625 772.0156860351562 1090.7762451171875
v -1571.3790283203125 767.718017578125 1093.3941650390625
v -1570.6275634765625 767.3834228515625 1094.0443115234375
v -1571.3663330078125 766.3948364257812 1094.04931640625
v -1567.5506591796875 759.368896484375 1099.912841796875
v -1542.595947265625 675.6641235351562 1154.404052734375
v -1569.182373046875 773.3421020507812 1092.0677490234375
v -1569.133056640625 768.0335693359375 1094.689453125
v -1567.669189453125 772.6676025390625 1093.3692626953125
v -1569.1575927734375 770.6878051757812 1093.379150390625
v -1564.6982421875 779.2958984375 1092.03857421875
v -1564.6065673828125 768.6163330078125 1097.27978515625
v -1561.637451171875 777.9009399414062 1094.643310546875
v -1564.652099609375 773.9560546875 1094.6610107421875
v -1567.458251953125 748.7223510742188 1105.1353759765625
v -1561.343994140625 740.3458251953125 1112.9298095703125
v -1555.3626708984375 758.7696533203125 1107.6845703125
v -1561.42626953125 751.0892333984375 1107.712890625
v -1555.001708984375 704.546142578125 1133.7762451171875
v -1542.8885498046875 741.1611328125 1123.287109375
v -1555.1455078125 726.2793579101562 1123.33642578125
v -1567.481201171875 751.3850708007812 1103.8304443359375
v -1564.517333984375 757.9341430664062 1102.5081787109375
v -1564.4296875 747.24267578125 1107.728271484375
v -1561.4677734375 756.4553833007812 1105.103271484375
v -1564.473388671875 752.5899658203125 1105.118896484375
v -1568.2474365234375 753.0750122070312 1102.5294189453125
v -1568.2242431640625 750.41552734375 1103.834716796875
v -1567.49267578125 752.7161254882812 1103.1778564453125
v -1568.23583984375 751.745361328125 1103.18212890625
v -1566.013427734375 755.99072265625 1102.5164794921875
v -1565.968505859375 750.6563110351562 1105.1270751953125
v -1564.495361328125 755.2623901367188 1103.813720703125
v -1565.990966796875 753.3239135742188 1103.822021484375
v -1561.5516357421875 767.180419921875 1099.878662109375
v -1564.561767578125 763.2760009765625 1099.895263671875
v -1569.0367431640625 757.4149169921875 1099.921875
v -1567.52734375 756.708251953125 1101.21923828125
v -1569.012939453125 754.75927734375 1101.2281494140625
v -1568.2010498046875 747.7553100585938 1105.1395263671875
v -1567.4696044921875 750.0538330078125 1104.48291015625
v -1568.212646484375 749.0855102539062 1104.4871826171875
v -1564.3428955078125 736.5355224609375 1112.944580078125
v -1561.3851318359375 745.7196044921875 1110.3216552734375
v -1564.38623046875 741.8914794921875 1110.3365478515625
v -1555.2178955078125 737.1251831054688 1118.1190185546875
v -1561.26171875 729.5828247070312 1118.146728515625
v -1561.3028564453125 734.9669799804688 1115.5380859375
v -1555.0733642578125 715.4190673828125 1128.555419921875
v -1542.6898193359375 697.447509765625 1144.0518798828125
v -1517.6669921875 659.3832397460938 1175.0986328125
v -1492.2076416015625 730.6862182617188 1154.26904296875
v -1517.7230224609375 703.7077026367188 1154.30126953125
v -1433.19482421875 650.8424072265625 1216.7020263671875
v -1369.6864013671875 791.7291870117188 1175.356689453125
v -1433.4617919921875 740.7238159179688 1175.126220703125
v -1554.931640625 693.7743530273438 1138.9459228515625
v -1558.017333984375 700.8660278320312 1133.7926025390625
v -1554.966552734375 699.1614990234375 1136.36083984375
v -1548.9234619140625 711.8907470703125 1133.745849609375
v -1548.8046875 690.2337036132812 1144.0838623046875
v -1542.73828125 708.3298950195312 1138.88330078125
v -1548.8636474609375 701.066162109375 1138.9132080078125
v -1530.367431640625 733.702880859375 1133.673828125
v -1530.25146484375 689.7877807617188 1154.3448486328125
v -1517.7550048828125 725.8381958007812 1143.9610595703125
v -1530.30810546875 711.7557373046875 1143.998291015625
v -1556.4752197265625 697.3286743164062 1136.369140625
v -1556.4390869140625 691.9481811523438 1138.95458984375
v -1554.9490966796875 696.4682006835938 1137.6533203125
v -1556.45703125 694.6387329101562 1137.6617431640625
v -1554.89697265625 688.3848876953125 1141.531982421875
v -1542.5074462890625 653.859375 1164.7833251953125
v -1491.8773193359375 509.2984924316406 1258.81005859375
v -1551.9700927734375 708.2214965820312 1133.7607421875
v -1551.9051513671875 697.423095703125 1138.92919921875
v -1548.8934326171875 706.4794921875 1136.3291015625
v -1551.9375 702.8234252929688 1136.3446044921875
v -1549.0460205078125 733.7369995117188 1123.3101806640625
v -1542.837890625 730.187255859375 1128.5020751953125
v -1548.9844970703125 722.8189086914062 1128.5272216796875
v -1530.492431640625 778.0105590820312 1112.826171875
v -1517.8270263671875 770.2896118164062 1123.232666015625
v -1530.4293212890625 755.8623046875 1123.2515869140625
v -1557.22802734375 696.4119262695312 1136.3734130859375
v -1557.2095947265625 693.7236328125 1137.6661376953125
v -1556.466064453125 695.9838256835938 1137.015380859375
v -1557.21875 695.06787109375 1137.0196533203125
v -1556.5115966796875 702.7066040039062 1133.7843017578125
v -1557.99853515625 698.1808471679688 1135.0849609375
v -1554.984130859375 701.8541259765625 1135.0684814453125
v -1556.4932861328125 700.0180053710938 1135.07666015625
v -1558.093994140625 711.7108154296875 1128.570556640625
v -1555.0374755859375 709.9840698242188 1131.16552734375
v -1558.0555419921875 706.2900390625 1131.1812744140625
v -1557.2142333984375 694.3958129882812 1137.3428955078125
v -1556.447998046875 693.2935791015625 1138.3082275390625
v -1554.914306640625 691.0798950195312 1140.2388916015625
v -1551.841064453125 686.6162109375 1144.1009521484375
v -1548.833984375 695.6508178710938 1141.498046875
v -1551.8729248046875 692.0206298828125 1141.5146484375
v -1548.690673828125 668.5488891601562 1154.4385986328125
v -1542.642333984375 686.5587768554688 1149.22509765625
v -1548.7469482421875 679.3942260742188 1149.2586669921875
v -1542.5509033203125 664.7639770507812 1159.58984375
v -1548.6358642578125 657.6986083984375 1159.6243896484375
v -1530.149658203125 645.7967529296875 1175.1378173828125
v -1517.693603515625 681.550048828125 1164.68115234375
v -1530.1983642578125 667.7949829101562 1164.7254638671875
v -1517.5904541015625 571.5745239257812 1216.7562255859375
v -1492.052001953125 641.2281494140625 1195.935546875
v -1517.62255859375 615.2155151367188 1195.967529296875
v -1548.6629638671875 663.1243286132812 1157.03076171875
v -1542.465576171875 642.9545288085938 1169.9830322265625
v -1545.505615234375 639.4758911132812 1169.998291015625
v -1542.4454345703125 637.5035400390625 1172.5848388671875
v -1530.068359375 601.9620971679688 1195.9896240234375
v -1517.643310546875 637.2552490234375 1185.534423828125
v -1530.1060791015625 623.8372802734375 1185.565185546875
v -1536.37841796875 660.8455810546875 1164.7528076171875
v -1536.3140869140625 638.9412841796875 1175.1614990234375
v -1530.17333984375 656.7938232421875 1169.9287109375
v -1536.345458984375 649.8912353515625 1169.9544677734375
v -1545.552001953125 650.3551635742188 1164.7996826171875
v -1542.486328125 648.4066772460938 1167.382568359375
v -1545.528564453125 644.9152221679688 1167.3983154296875
v -1543.9873046875 641.2159423828125 1169.9906005859375
v -1543.966064453125 635.7713623046875 1172.592041015625
v -1542.4554443359375 640.2288818359375 1171.2838134765625
v -1543.9766845703125 638.4934692382812 1171.2911376953125
v -1539.412109375 646.4266357421875 1169.968505859375
v -1539.3765869140625 635.5012817382812 1175.1741943359375
v -1536.32958984375 644.4154052734375 1172.5574951171875
v -1539.3941650390625 640.9630737304688 1172.57080078125
v -1536.25634765625 617.0758666992188 1185.5831298828125
v -1530.1270751953125 634.809326171875 1180.350830078125
v -1536.2843017578125 628.0010375976562 1180.3717041015625
v -1545.51708984375 642.1954345703125 1168.6982421875
v -1544.7359619140625 637.625244140625 1171.294921875
v -1544.72509765625 634.90478515625 1172.595703125
v -1543.9713134765625 637.1323852539062 1171.9415283203125
v -1544.73046875 636.2649536132812 1171.9453125
v -1543.9453125 630.3286743164062 1175.1942138671875
v -1542.435546875 634.7786865234375 1173.885986328125
v -1543.95556640625 633.0497436523438 1173.89306640625
v -1530.08642578125 612.8863525390625 1190.77880859375
v -1536.2303466796875 606.1712036132812 1190.7938232421875
v -1517.60498046875 593.3134155273438 1206.3778076171875
v -1530.03759765625 580.2166748046875 1206.393310546875
v -1491.93115234375 553.24755859375 1237.6373291015625
v -1517.569580078125 528.1052856445312 1237.665771484375
v -1432.7965087890625 473.1488342285156 1301.64794921875
v -1369.7799072265625 611.2003173828125 1258.835693359375
v -1432.984375 561.6683959960938 1258.77734375
v -1530.0521240234375 591.0703125 1201.195068359375
v -1533.1256103515625 587.7601928710938 1201.199951171875
v -1530.0445556640625 585.6383666992188 1203.7952880859375
v -1533.116943359375 582.3388671875 1203.7996826171875
v -1530.02490234375 569.4033203125 1211.58349609375
v -1517.5787353515625 549.81494140625 1227.1951904296875
v -1523.8740234375 608.6051025390625 1195.9781494140625
v -1523.8511962890625 586.7781982421875 1206.385498046875
v -1517.61328125 604.244140625 1201.1768798828125
v -1523.8619384765625 597.6719360351562 1201.185791015625
v -1504.94580078125 628.3156127929688 1195.9493408203125
v -1504.91064453125 584.4244995117188 1216.742919921875
v -1492.02001953125 619.096923828125 1206.3502197265625
v -1504.927734375 606.284912109375 1206.36328125
v -1463.1241455078125 713.9540405273438 1175.067138671875
v -1462.819580078125 624.5843505859375 1216.7073974609375
v -1433.317626953125 695.5264282226562 1195.93798828125
v -1462.960205078125 668.9911499023438 1195.9227294921875
v -1533.11279296875 579.6318969726562 1205.0987548828125
v -1530.031005859375 574.8052368164062 1208.9891357421875
v -1523.833251953125 565.1098022460938 1216.7626953125
v -1517.5972900390625 582.4257202148438 1211.5697021484375
v -1523.841552734375 575.9263305664062 1211.5765380859375
v -1533.1148681640625 580.9850463867188 1204.44921875
v -1531.58251953125 583.9893188476562 1203.7974853515625
v -1531.574951171875 578.57275390625 1206.395263671875
v -1530.041015625 582.9262084960938 1205.0946044921875
v -1531.5787353515625 581.2797241210938 1205.0966796875
v -1526.9642333984375 594.3744506835938 1201.1904296875
v -1526.95166015625 583.5004272460938 1206.389404296875
v -1523.8564453125 592.2197875976562 1203.7867431640625
v -1526.957763671875 588.9322509765625 1203.791015625
v -1533.1212158203125 585.04833984375 1202.5
v -1533.1444091796875 598.6302490234375 1195.99560546875
v -1530.06005859375 596.5118408203125 1198.5931396484375
v -1533.134765625 593.1908569335938 1198.5985107421875
v -1533.11083984375 578.2794189453125 1205.748046875
v -1533.11181640625 578.95556640625 1205.4234619140625
v -1532.34619140625 580.4559936523438 1205.09765625
v -1532.3424072265625 577.7503051757812 1206.396240234375
v -1531.5767822265625 579.9259033203125 1205.7459716796875
v -1532.34423828125 579.102783203125 1205.7470703125
v -1531.5679931640625 573.1663818359375 1208.990966796875
v -1530.0341796875 577.5097045898438 1207.6915283203125
v -1531.5714111328125 575.8683471679688 1207.693359375
v -1526.940673828125 572.66748046875 1211.580078125
v -1523.84619140625 581.3473510742188 1208.98193359375
v -1526.946044921875 578.0791015625 1208.985595703125
v -1533.3033447265625 578.7495727539062 1205.4237060546875
v -1533.111328125 578.6174926757812 1205.585693359375
v -1533.3028564453125 578.4115600585938 1205.5859375
v -1532.7296142578125 580.0440063476562 1205.09814453125
v -1532.7276611328125 578.691162109375 1205.74755859375
v -1532.34521484375 579.779296875 1205.42236328125
v -1532.7286376953125 579.3674926757812 1205.4228515625
v -1532.3502197265625 583.1642456054688 1203.798583984375
v -1531.58056640625 582.6341552734375 1204.4471435546875
v -1532.34814453125 581.8097534179688 1204.4481201171875
v -1531.590576171875 589.4159545898438 1201.197509765625
v -1530.0482177734375 588.3531494140625 1202.4954833984375
v -1531.5865478515625 586.701416015625 1202.4976806640625
v -1533.3031005859375 578.58056640625 1205.5048828125
v -1533.3043212890625 579.4258422851562 1205.0989990234375
v -1533.1123046875 579.293701171875 1205.2611083984375
v -1533.3038330078125 579.0877075195312 1205.2613525390625
v -1533.497802734375 580.5725708007812 1204.4498291015625
v -1533.1138916015625 580.3084106445312 1204.7740478515625
v -1533.496826171875 579.8961181640625 1204.7745361328125
v -1533.302978515625 578.4960327148438 1205.54541015625
v -1532.7257080078125 577.3389892578125 1206.396728515625
v -1532.34326171875 578.4264526367188 1206.0716552734375
v -1532.7266845703125 578.0149536132812 1206.0721435546875
v -1532.338623046875 575.0471801757812 1207.6943359375
v -1531.5732421875 577.22021484375 1207.04443359375
v -1532.3404541015625 576.3984375 1207.04541015625
v -1533.20751953125 578.8526000976562 1205.423583984375
v -1533.20703125 578.5145263671875 1205.5858154296875
v -1533.111572265625 578.7864990234375 1205.5045166015625
v -1533.207275390625 578.6835327148438 1205.504638671875
v -1532.9202880859375 579.1615600585938 1205.423095703125
v -1532.9193115234375 578.4852905273438 1205.747802734375
v -1532.7281494140625 579.029296875 1205.585205078125
v -1532.9197998046875 578.8233642578125 1205.58544921875
v -1533.326904296875 578.4702758789062 1205.54541015625
v -1533.3028564453125 578.4537963867188 1205.565673828125
v -1533.3267822265625 578.4280395507812 1205.565673828125
v -1533.302734375 578.3270263671875 1205.6265869140625
v -1533.20654296875 578.1764526367188 1205.7481689453125
v -1533.111083984375 578.4484252929688 1205.6668701171875
v -1533.206787109375 578.345458984375 1205.6669921875
v -1533.255126953125 578.632080078125 1205.5047607421875
v -1533.2548828125 578.4630126953125 1205.5859375
v -1533.2071533203125 578.5989990234375 1205.5452880859375
v -1533.2550048828125 578.5475463867188 1205.5452880859375
v -1533.3267822265625 578.4491577148438 1205.5555419921875
v -1533.3270263671875 578.5548095703125 1205.5048828125
v -1533.302978515625 578.538330078125 1205.525146484375
v -1533.326904296875 578.5125732421875 1205.525146484375
v -1533.3511962890625 578.6981201171875 1205.4237060546875
v -1533.30322265625 578.6651000976562 1205.4642333984375
v -1533.35107421875 578.6135864257812 1205.46435546875
v -1533.3035888671875 578.9186401367188 1205.342529296875
v -1533.332763671875 578.4427490234375 1205.5555419921875
v -1533.3267822265625 578.4385986328125 1205.5606689453125
v -1533.302734375 578.3692626953125 1205.6063232421875
v -1533.254638671875 578.2940063476562 1205.6671142578125
v -1533.2069091796875 578.4299926757812 1205.62646484375
v -1533.2547607421875 578.3784790039062 1205.62646484375
v -1533.31494140625 578.483154296875 1205.54541015625
v -1533.3148193359375 578.44091796875 1205.565673828125
v -1533.3028564453125 578.4749145507812 1205.5555419921875
v -1533.3148193359375 578.4620361328125 1205.5555419921875
v -1533.279052734375 578.5217895507812 1205.54541015625
v -1533.27880859375 578.437255859375 1205.5859375
v -1533.2550048828125 578.5052490234375 1205.565673828125
v -1533.2789306640625 578.4795532226562 1205.565673828125
v -1533.329833984375 578.4459838867188 1205.5555419921875
v -1533.329833984375 578.4353637695312 1205.5606689453125
v -1533.3267822265625 578.4439086914062 1205.55810546875
v -1533.329833984375 578.440673828125 1205.55810546875
v -1533.32080078125 578.4556274414062 1205.5555419921875
v -1533.32080078125 578.4345092773438 1205.565673828125
v -1533.3148193359375 578.4514770507812 1205.5606689453125
v -1533.32080078125 578.445068359375 1205.5606689453125
v -1533.3148193359375 578.398681640625 1205.5860595703125
v -1533.3028564453125 578.4326782226562 1205.5758056640625
v -1533.3148193359375 578.4197998046875 1205.5758056640625
v -1533.3328857421875 578.4638671875 1205.54541015625
v -1533.326904296875 578.459716796875 1205.550537109375
v -1533.3328857421875 578.4533081054688 1205.550537109375
v -1533.3388671875 578.4996948242188 1205.525146484375
v -1533.326904296875 578.491455078125 1205.5352783203125
v -1533.3388671875 578.4785766601562 1205.5352783203125
v -1533.329833984375 578.4248046875 1205.5657958984375
v -1533.3267822265625 578.433349609375 1205.563232421875
v -1533.329833984375 578.4301147460938 1205.563232421875
v -1523.81982421875 543.4178466796875 1227.2020263671875
v -1517.584228515625 560.6843872070312 1221.9739990234375
v -1523.825927734375 554.2537841796875 1221.9805908203125
v -1504.879638671875 540.7219848632812 1237.651123046875
v -1491.959716796875 575.16748046875 1227.168212890625
v -1504.8946533203125 562.5473022460938 1227.1815185546875
v -1462.5821533203125 536.0684814453125 1258.7862548828125
v -1433.0848388671875 606.2935791015625 1237.6090087890625
v -1462.69482421875 580.3609619140625 1237.6142578125
v -1523.82275390625 548.8338012695312 1224.590576171875
v -1517.5738525390625 538.9579467773438 1232.42431640625
v -1491.8270263671875 465.333251953125 1280.273681640625
v -1523.8170166015625 538.0048828125 1229.8154296875
v -1525.369873046875 541.81591796875 1227.2037353515625
v -1523.818359375 540.7110595703125 1228.5084228515625
v -1520.7073974609375 546.6185913085938 1227.1986083984375
v -1520.7025146484375 535.7778930664062 1232.4278564453125
v -1517.576171875 544.3853759765625 1229.8084716796875
v -1520.704833984375 541.1972045898438 1229.81201171875
v -1511.2708740234375 556.192626953125 1227.1883544921875
v -1511.2598876953125 534.4222412109375 1237.658447265625
v -1504.886962890625 551.6324462890625 1232.41015625
v -1511.26513671875 545.3052368164062 1232.417236328125
v -1504.8524169921875 496.9677734375 1258.8236083984375
v -1491.90380859375 531.309814453125 1248.1744384765625
v -1504.8656005859375 518.8801879882812 1248.1883544921875
v -1525.373046875 547.2275390625 1224.5921630859375
v -1523.8211669921875 546.1253662109375 1225.8961181640625
v -1525.3714599609375 544.5213012695312 1225.897705078125
v -1520.713134765625 557.4716186523438 1221.977294921875
v -1517.5814208984375 555.24755859375 1224.5838623046875
v -1520.710205078125 552.0430908203125 1224.5872802734375
v -1511.283203125 578.01416015625 1216.74951171875
v -1504.902587890625 573.4751586914062 1221.960693359375
v -1511.27685546875 567.0928344726562 1221.9674072265625
v -1524.5953369140625 542.6170043945312 1227.202880859375
v -1524.5938720703125 539.9112548828125 1228.50927734375
v -1523.819091796875 542.0643310546875 1227.8551025390625
v -1524.5946044921875 541.2640380859375 1227.85595703125
v -1522.265625 545.0187377929688 1227.2003173828125
v -1522.2630615234375 539.6015014648438 1229.813720703125
v -1520.7061767578125 543.9075927734375 1228.5050048828125
v -1522.2642822265625 542.309814453125 1228.5067138671875
v -1511.25048828125 512.6359252929688 1248.19580078125
v -1511.2423095703125 490.7807922363281 1258.83056640625
v -1504.85888671875 507.9324645996094 1253.4935302734375
v -1511.2462158203125 501.71661376953125 1253.5008544921875
v -1504.828857421875 453.2057800292969 1280.2845458984375
v -1491.8516845703125 487.26995849609375 1269.5244140625
v -1504.8402099609375 475.04052734375 1269.5367431640625
v -1462.3748779296875 448.2159423828125 1301.6787109375
v -1432.8895263671875 517.0216064453125 1280.2232666015625
v -1462.47705078125 491.7477111816406 1280.24658203125
v -1432.4737548828125 306.9194641113281 1387.2208251953125
v -1369.697998046875 437.1376037597656 1343.6427001953125
v -1432.6195068359375 389.7103576660156 1343.656494140625
v -1504.84619140625 485.99932861328125 1264.173095703125
v -1511.238525390625 479.84149169921875 1264.1796875
v -1511.23681640625 474.3747253417969 1266.85986328125
v -1504.83447265625 464.1048583984375 1274.9090576171875
v -1491.8031005859375 443.5976257324219 1291.0142822265625
v -1491.73681640625 381.0690002441406 1322.526123046875
v -1508.051513671875 482.9210205078125 1264.1763916015625
v -1508.046875 471.9765319824219 1269.539794921875
v -1504.84326171875 480.51788330078125 1266.853515625
v -1508.0491943359375 477.44671630859375 1266.856689453125
v -1498.39453125 503.1429748535156 1258.816650390625
v -1498.3760986328125 481.1626892089844 1269.5306396484375
v -1491.8643798828125 498.2795715332031 1264.16015625
v -1498.38525390625 492.1481018066406 1264.16650390625
v -1477.306884765625 522.79296875 1258.7967529296875
v -1477.225341796875 478.63897705078125 1280.2603759765625
v -1462.5289306640625 513.8636474609375 1269.498779296875
v -1477.265625 500.6707763671875 1269.510986328125
v -1509.6453857421875 475.9107666015625 1266.8582763671875
v -1509.6434326171875 470.44427490234375 1269.541259765625
v -1508.048095703125 474.71099853515625 1268.197998046875
v -1509.6444091796875 473.1769104003906 1268.199462890625
v -1504.8372802734375 469.5689697265625 1272.22216796875
v -1508.044677734375 466.51214599609375 1272.22509765625
v -1498.3582763671875 459.2746887207031 1280.279296875
v -1491.8392333984375 476.2832946777344 1274.8974609375
v -1498.3670654296875 470.20037841796875 1274.9033203125
v -1510.4417724609375 475.1427307128906 1266.8590087890625
v -1510.4407958984375 472.4098205566406 1268.2001953125
v -1509.6448974609375 474.543701171875 1267.52880859375
v -1510.4412841796875 473.7761535644531 1267.529541015625
v -1509.6474609375 481.38134765625 1264.1781005859375
v -1511.2376708984375 477.1076965332031 1265.5194091796875
v -1508.0504150390625 480.1834716796875 1265.51611328125
v -1509.6463623046875 478.6456604003906 1265.517822265625
v -1508.056396484375 493.8752746582031 1258.8270263671875
v -1511.2403564453125 485.3107604980469 1261.5030517578125
v -1504.849365234375 491.4831848144531 1261.4962158203125
v -1508.053955078125 488.39776611328125 1261.4996337890625
v -1510.43994140625 469.67816162109375 1269.5419921875
v -1509.6439208984375 471.8104248046875 1268.870361328125
v -1510.4403076171875 471.0438232421875 1268.87109375
v -1508.0457763671875 469.2434997558594 1270.8822021484375
v -1509.6424560546875 467.7131042480469 1270.8836669921875
v -1510.8385009765625 472.02630615234375 1268.2005615234375
v -1510.4405517578125 471.7267761230469 1268.53564453125
v -1510.83837890625 471.3433837890625 1268.5360107421875
v -1510.83837890625 471.684814453125 1268.3682861328125
v -1510.8389892578125 473.3923645019531 1267.5299072265625
v -1510.4410400390625 473.09295654296875 1267.8648681640625
v -1510.8387451171875 472.70928955078125 1267.865234375
v -1510.9378662109375 471.5889587402344 1268.368408203125
v -1510.83837890625 471.51409912109375 1268.4521484375
v -1510.937744140625 471.4182434082031 1268.4522705078125
v -1510.4400634765625 470.3609619140625 1269.20654296875
v -1509.6429443359375 469.0785217285156 1270.21240234375
v -1510.6397705078125 472.21807861328125 1268.200439453125
v -1510.6395263671875 471.53509521484375 1268.5357666015625
v -1510.440673828125 472.06829833984375 1268.367919921875
v -1510.6396484375 471.8765563964844 1268.3681640625
v -1510.042724609375 472.7933654785156 1268.1998291015625
v -1510.042236328125 471.4271240234375 1268.8707275390625
v -1509.6441650390625 472.4936218261719 1268.534912109375
v -1510.04248046875 472.1101989746094 1268.5352783203125
v -1508.8468017578125 473.9439697265625 1268.19873046875
v -1508.845703125 471.2104187011719 1269.54052734375
v -1508.0474853515625 473.3435974121094 1268.8687744140625
v -1508.8463134765625 472.5770263671875 1268.8695068359375
v -1506.448486328125 478.98248291015625 1266.8551025390625
v -1506.44580078125 473.5086669921875 1269.538330078125
v -1504.8416748046875 477.778564453125 1268.19482421875
v -1506.4471435546875 476.24493408203125 1268.1964111328125
v -1501.623779296875 489.0753479003906 1264.1697998046875
v -1501.6162109375 478.1029357910156 1269.53369140625
v -1498.380615234375 486.6533508300781 1266.84716796875
v -1501.6199951171875 483.58709716796875 1266.850341796875
v -1510.937744140625 471.50360107421875 1268.4102783203125
v -1510.93798828125 471.930419921875 1268.20068359375
v -1510.8385009765625 471.8555603027344 1268.284423828125
v -1510.9378662109375 471.7596740722656 1268.2845458984375
v -1511.0374755859375 472.5174865722656 1267.865478515625
v -1510.838623046875 472.3677978515625 1268.032958984375
v -1511.0374755859375 472.1759948730469 1268.0330810546875
v -1510.937744140625 471.4609069824219 1268.4312744140625
v -1510.6392822265625 470.8521728515625 1268.8712158203125
v -1510.4404296875 471.38531494140625 1268.703369140625
v -1510.639404296875 471.1936340332031 1268.7034912109375
v -1510.88818359375 471.63690185546875 1268.368408203125
v -1510.8880615234375 471.4661560058594 1268.4522705078125
v -1510.83837890625 471.5994567871094 1268.4102783203125
v -1510.8880615234375 471.5515441894531 1268.4102783203125
v -1510.739013671875 471.78070068359375 1268.3681640625
v -1510.7388916015625 471.4392395019531 1268.535888671875
v -1510.6395263671875 471.705810546875 1268.4520263671875
v -1510.739013671875 471.6099548339844 1268.4520263671875
v -1510.937744140625 471.4395751953125 1268.4417724609375
v -1510.8880615234375 471.2954406738281 1268.5360107421875
v -1510.83837890625 471.4287414550781 1268.494140625
v -1510.8880615234375 471.38079833984375 1268.494140625
v -1510.9129638671875 471.5275573730469 1268.4102783203125
v -1510.9129638671875 471.44219970703125 1268.4522705078125
v -1510.8880615234375 471.50885009765625 1268.4312744140625
v -1510.9129638671875 471.4848937988281 1268.4312744140625
v -1510.9439697265625 471.43359375 1268.4417724609375
v -1510.937744140625 471.42889404296875 1268.447021484375
v -1510.9439697265625 471.42291259765625 1268.447021484375
v -1510.937744140625 471.39691162109375 1268.4627685546875
v -1510.9129638671875 471.3568420410156 1268.494140625
v -1510.8880615234375 471.4234924316406 1268.47314453125
v -1510.9129638671875 471.3995361328125 1268.47314453125
v -1510.9254150390625 471.472900390625 1268.4312744140625
v -1510.92529296875 471.4302062988281 1268.4522705078125
v -1510.9129638671875 471.4635314941406 1268.4417724609375
v -1510.9254150390625 471.4515686035156 1268.4417724609375
v -1510.937744140625 471.4075622558594 1268.45751953125
v -1510.92529296875 471.3875427246094 1268.4732666015625
v -1510.9129638671875 471.4208679199219 1268.4627685546875
v -1510.92529296875 471.40887451171875 1268.4627685546875
v -1504.826171875 447.7742004394531 1282.9718017578125
v -1498.3414306640625 437.58758544921875 1291.0191650390625
v -1491.81494140625 454.4334716796875 1285.6478271484375
v -1498.3497314453125 448.39923095703125 1285.653076171875
v -1477.14697265625 435.2814636230469 1301.6929931640625
v -1462.4259033203125 469.8302001953125 1290.98681640625
v -1477.1859130859375 456.8074645996094 1291.00146484375
v -1462.1817626953125 365.5035400390625 1343.66943359375
v -1432.7060546875 431.3231506347656 1322.48583984375
v -1462.2762451171875 406.74822998046875 1322.5091552734375
v -1504.8275146484375 450.4883117675781 1281.6282958984375
v -1501.601806640625 456.240966796875 1280.281982421875
v -1501.5948486328125 445.37841796875 1285.655517578125
v -1498.35400390625 453.829833984375 1282.966796875
v -1501.5982666015625 450.8025817871094 1282.9693603515625
v -1504.8316650390625 458.64990234375 1277.5968017578125
v -1498.3251953125 416.2053527832031 1301.7083740234375
v -1491.7913818359375 432.8393859863281 1296.3675537109375
v -1498.333251953125 426.8533020019531 1296.3719482421875
v -1491.7579345703125 401.5307922363281 1312.104736328125
v -1498.3372802734375 432.2099304199219 1293.697509765625
v -1501.5848388671875 429.2082824707031 1293.6995849609375
v -1498.3292236328125 421.5188903808594 1299.0419921875
v -1491.768798828125 411.8201599121094 1306.90576171875
v -1477.0726318359375 393.9931640625 1322.51904296875
v -1462.3253173828125 427.396240234375 1312.0828857421875
v -1477.109375 414.5503234863281 1312.0953369140625
v -1495.0596923828125 419.1875915527344 1301.70654296875
v -1495.05029296875 408.851318359375 1306.9075927734375
v -1491.7742919921875 416.98577880859375 1304.305908203125
v -1495.054931640625 414.0112609863281 1304.307861328125
v -1484.4879150390625 428.73992919921875 1301.6990966796875
v -1484.4580078125 408.05487060546875 1312.1004638671875
v -1477.128173828125 424.8868713378906 1306.895263671875
v -1484.472900390625 418.3683166503906 1306.9010009765625
v -1496.6900634765625 412.5232238769531 1304.3087158203125
v -1496.6859130859375 407.3661193847656 1306.908447265625
v -1495.0526123046875 411.4293518066406 1305.60791015625
v -1496.68798828125 409.9427490234375 1305.6087646484375
v -1495.041259765625 398.5732116699219 1312.1063232421875
v -1491.7633056640625 406.66912841796875 1309.505126953125
v -1495.0457763671875 403.70587158203125 1309.5068359375
v -1491.747314453125 391.28521728515625 1317.3089599609375
v -1495.048095703125 406.2768859863281 1308.207275390625
v -1496.6837158203125 404.79315185546875 1308.2080078125
v -1496.684814453125 406.0791931152344 1307.5582275390625
v -1491.7525634765625 396.4034423828125 1314.705810546875
v -1484.428955078125 387.54461669921875 1322.5230712890625
v -1477.0909423828125 404.25726318359375 1317.30078125
v -1484.443359375 397.78515625 1317.3052978515625
v -1477.0025634765625 352.93695068359375 1343.6741943359375
v -1462.228271484375 386.1557922363281 1333.01806640625
v -1477.036865234375 373.4938659667969 1333.025146484375
v -1462.0198974609375 283.4373779296875 1387.227783203125
v -1432.540771484375 347.90899658203125 1365.384033203125
v -1462.0950927734375 324.06707763671875 1365.392822265625
v -1432.35009765625 130.77000427246094 1489.595947265625
v -1369.6741943359375 262.3988037109375 1437.3204345703125
v -1432.3758544921875 217.49375915527344 1437.296875
v -1491.7420654296875 386.1743469238281 1319.91552734375
v -1493.3914794921875 389.8122863769531 1317.3096923828125
v -1491.74462890625 388.7289733886719 1318.61181640625
v -1488.102294921875 394.5377197265625 1317.3072509765625
v -1488.0899658203125 384.3092346191406 1322.524658203125
v -1484.4361572265625 392.6621398925781 1319.912109375
v -1488.0960693359375 389.42071533203125 1319.9139404296875
v -1484.40087890625 367.09326171875 1333.0279541015625
v -1477.0545654296875 383.7435607910156 1327.758056640625
v -1484.414794921875 377.3188171386719 1327.7613525390625
v -1493.3963623046875 394.9277038574219 1314.70654296875
v -1491.7498779296875 393.8432922363281 1316.007080078125
v -1493.3939208984375 392.36895751953125 1316.0078125
v -1488.114990234375 404.7955017089844 1312.102783203125
v -1484.45068359375 402.91546630859375 1314.7017822265625
v -1488.108642578125 399.66204833984375 1314.703857421875
v -1491.739501953125 383.62109375 1321.22021484375
v -1488.0777587890625 374.0956115722656 1327.7626953125
v -1484.421875 382.4307861328125 1325.13916015625
v -1488.083740234375 379.20147705078125 1325.140625
v -1488.06591796875 363.88238525390625 1333.0289306640625
v -1484.4078369140625 372.2069091796875 1330.390625
v -1488.07177734375 368.9898376464844 1330.391845703125
v -1477.01953125 363.2295837402344 1338.328125
v -1484.387451171875 356.85345458984375 1338.330322265625
v -1476.939208984375 311.6957092285156 1365.39501953125
v -1462.13720703125 344.7619323730469 1354.481689453125
v -1476.9698486328125 332.29254150390625 1354.48486328125
v -1489.904052734375 372.4821472167969 1327.7633056640625
v -1488.07470703125 371.5428466796875 1329.0762939453125
v -1489.9013671875 369.930908203125 1329.076904296875
v -1488.06884765625 366.4364318847656 1331.7093505859375
v -1484.3941650390625 361.9760437011719 1335.6741943359375
v -1488.988525390625 370.73699951171875 1329.07666015625
v -1488.9857177734375 368.1847839355469 1330.39208984375
v -1488.0732421875 370.2663879394531 1329.73388671875
v -1488.987060546875 369.4609375 1329.734130859375
v -1486.2479248046875 375.7079162597656 1327.7620849609375
v -1486.241455078125 370.5990905761719 1330.3912353515625
v -1484.4112548828125 374.7629699707031 1329.0750732421875
v -1486.24462890625 373.1535949707031 1329.07568359375
v -1480.73974609375 380.5354309082031 1327.759765625
v -1480.723876953125 370.2977600097656 1333.026611328125
v -1477.045654296875 378.61962890625 1330.3875732421875
v -1480.7318115234375 375.41748046875 1330.38916015625
v -1469.6832275390625 400.3994445800781 1322.514404296875
v -1469.640625 379.8532409667969 1333.0218505859375
v -1462.2520751953125 396.45233154296875 1327.74951171875
v -1469.6617431640625 390.12652587890625 1327.7540283203125
v -1447.4705810546875 419.21240234375 1322.4976806640625
v -1447.3687744140625 377.7830810546875 1343.6632080078125
v -1432.662109375 410.5468444824219 1333.00048828125
v -1447.4189453125 398.5281677246094 1333.0093994140625
v -1402.5079345703125 497.2364807128906 1301.62353515625
v -1402.4466552734375 413.1191101074219 1343.645263671875
v -1369.715087890625 479.35089111328125 1322.460693359375
v -1402.475341796875 455.072509765625 1322.4664306640625
v -1289.6824951171875 575.6094360351562 1301.6671142578125
v -1289.530029296875 405.9841003417969 1387.153076171875
v -1211.13623046875 535.4039306640625 1343.776123046875
v -1289.60791015625 490.452392578125 1343.68115234375
v -1489.445068359375 370.333984375 1329.0767822265625
v -1489.443603515625 369.05810546875 1329.7342529296875
v -1488.98779296875 370.0989685058594 1329.4052734375
v -1489.4443359375 369.696044921875 1329.4053955078125
v -1488.9913330078125 373.28900146484375 1327.7630615234375
v -1488.0762939453125 372.8192443847656 1328.4193115234375
v -1488.989990234375 372.01300048828125 1328.4195556640625
v -1489.90966796875 377.5849304199219 1325.141357421875
v -1488.080810546875 376.6484069824219 1326.450927734375
v -1489.9068603515625 375.0334167480469 1326.4515380859375
v -1489.4422607421875 367.78216552734375 1330.3922119140625
v -1488.986328125 368.8228759765625 1330.0631103515625
v -1489.4429931640625 368.420166015625 1330.063232421875
v -1488.9827880859375 365.6321716308594 1331.7095947265625
v -1488.0703125 367.71319580078125 1331.05029296875
v -1488.9842529296875 366.9085388183594 1331.050537109375
v -1486.2349853515625 365.4884948730469 1333.0284423828125
v -1484.4044189453125 369.6504211425781 1331.708251953125
v -1486.23828125 368.04412841796875 1331.708740234375
v -1476.9859619140625 342.618408203125 1349.0626220703125
v -1480.6785888671875 339.45928955078125 1349.0633544921875
v -1480.664306640625 329.1460266113281 1354.4853515625
v -1476.9779052734375 337.4551696777344 1351.7701416015625
v -1480.67138671875 334.3023681640625 1351.770751953125
v -1476.9542236328125 321.9785461425781 1359.9320068359375
v -1462.055908203125 303.57391357421875 1376.3319091796875
v -1432.4151611328125 261.880615234375 1411.990478515625
v -1461.9525146484375 238.8040008544922 1411.9886474609375
v -1469.5994873046875 359.2481994628906 1343.6719970703125
v -1469.5601806640625 338.5545654296875 1354.4835205078125
v -1462.1591796875 355.1365966796875 1349.0587158203125
v -1469.57958984375 348.9051513671875 1349.0609130859375
v -1447.275146484375 336.1604309082031 1365.3890380859375
v -1432.5789794921875 368.7856750488281 1354.471435546875
v -1447.3206787109375 356.9483642578125 1354.4769287109375
v -1402.4078369140625 329.6952819824219 1387.208251953125
v -1369.68505859375 394.7801818847656 1365.362548828125
v -1402.4234619140625 370.99859619140625 1365.3726806640625
v -1482.5213623046875 337.87664794921875 1349.0635986328125
v -1480.675048828125 336.8808898925781 1350.416015625
v -1482.5179443359375 335.29986572265625 1350.416259765625
v -1480.693359375 349.76531982421875 1343.6751708984375
v -1476.994140625 347.77978515625 1346.3636474609375
v -1480.6859130859375 344.6144104003906 1346.364501953125
v -1480.6678466796875 331.7239685058594 1353.127197265625
v -1476.9620361328125 327.1328430175781 1357.2059326171875
v -1469.5230712890625 317.90802001953125 1365.3941650390625
v -1462.1158447265625 334.39898681640625 1359.9293212890625
v -1469.5413818359375 328.21575927734375 1359.930908203125
v -1481.5933837890625 333.5128479003906 1351.7708740234375
v -1481.5899658203125 330.9352722167969 1353.1273193359375
v -1480.669677734375 333.01312255859375 1352.44873046875
v -1481.5916748046875 332.2240295410156 1352.4488525390625
v -1478.82568359375 335.8798522949219 1351.7703857421875
v -1478.8182373046875 330.7203674316406 1354.485107421875
v -1476.973876953125 334.8736267089844 1353.1265869140625
v -1478.8218994140625 333.2998962402344 1353.126953125
v -1473.2855224609375 345.7677001953125 1349.0618896484375
v -1473.2677001953125 335.42938232421875 1354.4842529296875
v -1469.56982421875 343.7295837402344 1351.7685546875
v -1473.276611328125 340.5982666015625 1351.7694091796875
v -1482.0540771484375 333.1179504394531 1351.7708740234375
v -1482.0523681640625 331.8293151855469 1352.4488525390625
v -1481.592529296875 332.8684387207031 1352.1097412109375
v -1482.05322265625 332.4736328125 1352.10986328125
v -1481.5968017578125 336.0906066894531 1350.4161376953125
v -1480.6732177734375 335.59161376953125 1351.0931396484375
v -1481.5950927734375 334.8017272949219 1351.09326171875
v -1478.8333740234375 341.0399475097656 1349.06298828125
v -1476.98193359375 340.036865234375 1350.4154052734375
v -1478.82958984375 338.4599914550781 1350.415771484375
v -1482.0506591796875 330.5407409667969 1353.1273193359375
v -1481.5908203125 331.57965087890625 1352.7879638671875
v -1482.051513671875 331.1850280761719 1352.7880859375
v -1480.6661376953125 330.4349365234375 1353.80615234375
v -1481.588134765625 329.6466369628906 1353.80615234375
v -1476.9466552734375 316.83203125 1362.662109375
v -1476.94287109375 314.262451171875 1364.0283203125
v -1469.4886474609375 297.46307373046875 1376.3328857421875
v -1462.0750732421875 313.7856140136719 1370.86328125
v -1469.5054931640625 307.65069580078125 1370.864501953125
v -1447.19384765625 295.3463439941406 1387.22509765625
v -1432.505615234375 327.23529052734375 1376.323974609375
v -1447.232666015625 315.5746765136719 1376.32861328125
v -1473.25048828125 325.1029052734375 1359.9315185546875
v -1473.2337646484375 314.8075256347656 1365.3946533203125
v -1469.5321044921875 323.0567932128906 1362.6611328125
v -1473.2420654296875 319.9501037597656 1362.66162109375
v -1478.803466796875 320.4127197265625 1359.9322509765625
v -1476.950439453125 319.4041748046875 1361.296630859375
v -1478.7998046875 317.8399353027344 1361.2967529296875
v -1477.8717041015625 316.0509948730469 1362.6622314453125
v -1477.8680419921875 313.482177734375 1364.0283203125
v -1476.94482421875 315.5469055175781 1363.3450927734375
v -1477.869873046875 314.7662658691406 1363.34521484375
v -1475.0950927734375 318.3923645019531 1362.661865234375
v -1475.0872802734375 313.2528991699219 1365.3948974609375
v -1473.2379150390625 317.37738037109375 1364.02783203125
v -1475.0911865234375 315.8211975097656 1364.028076171875
v -1473.2176513671875 304.5625305175781 1370.8648681640625
v -1469.51416015625 312.7718505859375 1368.1290283203125
v -1473.2255859375 309.6775207519531 1368.1295166015625
v -1477.864501953125 310.916259765625 1365.3951416015625
v -1476.9410400390625 312.97869873046875 1364.711669921875
v -1477.8662109375 312.1988525390625 1364.711669921875
v -1473.2021484375 294.3871765136719 1376.333251953125
v -1469.4969482421875 302.5469665527344 1373.5994873046875
v -1473.2098388671875 299.4649353027344 1373.599853515625
v -1469.4571533203125 277.3741455078125 1387.228515625
v -1462.0374755859375 293.4513854980469 1381.7896728515625
v -1469.472412109375 287.36444091796875 1381.79052734375
v -1461.9833984375 260.91314697265625 1399.61328125
v -1475.064453125 297.919677734375 1373.5999755859375
v -1473.2059326171875 296.9234313964844 1374.966796875
v -1469.48046875 292.40142822265625 1379.0635986328125
v -1473.1947021484375 289.3316650390625 1379.06396484375
v -1473.1983642578125 291.85650634765625 1377.698974609375
v -1474.133544921875 296.15191650390625 1374.9669189453125
v -1474.1298828125 293.6164245605469 1376.3333740234375
v -1473.2041015625 295.6546325683594 1375.650146484375
v -1474.1317138671875 294.88348388671875 1375.650146484375
v -1471.3538818359375 301.0074462890625 1373.5997314453125
v -1471.3458251953125 295.9266052246094 1376.3331298828125
v -1469.4927978515625 300.00238037109375 1374.9664306640625
v -1471.349853515625 298.46441650390625 1374.9666748046875
v -1465.79052734375 310.7257385253906 1370.8638916015625
v -1465.7723388671875 300.5260009765625 1376.3323974609375
v -1462.0654296875 308.6698303222656 1373.598388671875
v -1465.7813720703125 305.6159362792969 1373.5989990234375
v -1454.673095703125 330.1566467285156 1365.39111328125
v -1454.631103515625 309.6165771484375 1376.3304443359375
v -1447.25341796875 325.83258056640625 1370.8597412109375
v -1454.6517333984375 319.8516845703125 1370.8616943359375
v -1474.5972900390625 295.7658996582031 1374.9669189453125
v -1474.595458984375 294.4976806640625 1375.6502685546875
v -1474.1326904296875 295.5175476074219 1375.30859375
v -1474.5963134765625 295.1316223144531 1375.30859375
v -1474.1373291015625 298.692626953125 1373.5999755859375
v -1473.2078857421875 298.19354248046875 1374.283447265625
v -1474.135498046875 297.421630859375 1374.283447265625
v -1475.0718994140625 303.01416015625 1370.8651123046875
v -1473.2137451171875 302.01141357421875 1372.2325439453125
v -1475.0682373046875 300.464599609375 1372.232666015625
v -1474.5936279296875 293.2308044433594 1376.3333740234375
v -1474.130859375 294.2497863769531 1375.9918212890625
v -1474.594482421875 293.86407470703125 1375.9918212890625
v -1474.126220703125 291.0865173339844 1377.6990966796875
v -1473.2003173828125 293.1211242675781 1377.0162353515625
v -1474.1280517578125 292.35076904296875 1377.016357421875
v -1471.3380126953125 290.8680114746094 1379.0638427734375
v -1469.4844970703125 294.9293212890625 1377.69873046875
v -1471.3419189453125 293.3943786621094 1377.6988525390625
v -1465.7550048828125 290.41534423828125 1381.7901611328125
v -1462.0465087890625 298.50030517578125 1379.0626220703125
v -1465.7635498046875 295.45831298828125 1379.063232421875
v -1454.592529296875 289.43359375 1387.2265625
v -1447.2127685546875 305.4060974121094 1381.78662109375
v -1454.611328125 299.47076416015625 1381.788330078125
v -1447.120849609375 250.5070343017578 1411.989990234375
v -1432.4420166015625 284.19140625 1399.6090087890625
v -1447.154541015625 272.71832275390625 1399.61181640625
v -1402.401611328125 239.52316284179688 1437.320068359375
v -1369.6729736328125 307.4965515136719 1411.974609375
v -1402.4002685546875 284.2833251953125 1411.987060546875
v -1289.4310302734375 224.6662139892578 1489.8111572265625
v -1211.059326171875 358.4739685058594 1437.288818359375
v -1289.4422607421875 313.9955139160156 1437.2652587890625
v -1469.4647216796875 282.35455322265625 1384.5125732421875
v -1462.0009765625 272.1072998046875 1393.4305419921875
v -1469.44873046875 271.70361328125 1390.3333740234375
v -1465.720703125 269.0964050292969 1393.430908203125
v -1465.7041015625 257.9154357910156 1399.6134033203125
v -1461.9920654296875 266.4952392578125 1396.5233154296875
v -1465.712158203125 263.490966796875 1396.5235595703125
v -1461.9671630859375 249.82273864746094 1405.79345703125
v -1432.354736328125 173.0933074951172 1463.529052734375
v -1369.6636962890625 86.19583892822266 1547.424072265625
v -1454.55322265625 266.85699462890625 1399.6126708984375
v -1447.1734619140625 283.96417236328125 1393.4283447265625
v -1454.5721435546875 278.0772399902344 1393.4295654296875
v -1467.5726318359375 261.9832763671875 1396.523681640625
v -1465.7081298828125 260.69970703125 1398.0687255859375
v -1467.568603515625 259.1936950683594 1398.06884765625
v -1461.97509765625 255.35696411132812 1402.70263671875
v -1465.6962890625 252.3658447265625 1402.70263671875
v -1454.519775390625 244.69642639160156 1411.9893798828125
v -1447.136962890625 261.57666015625 1405.7930908203125
v -1454.5357666015625 255.74078369140625 1405.79345703125
v -1447.0711669921875 206.31570434570312 1437.2811279296875
v -1432.3931884765625 239.73056030273438 1424.5074462890625
v -1447.093017578125 228.4554443359375 1424.5009765625
v -1467.570556640625 260.58758544921875 1397.2962646484375
v -1467.5806884765625 267.5853576660156 1393.4310302734375
v -1465.7164306640625 266.2897033691406 1394.9776611328125
v -1467.57666015625 264.78033447265625 1394.977783203125
v -1465.738525390625 280.4131164550781 1387.2281494140625
v -1462.01025390625 277.7533264160156 1390.332763671875
v -1465.7293701171875 274.73577880859375 1390.3331298828125
v -1468.0357666015625 260.2103271484375 1397.2962646484375
v -1467.569580078125 259.8904113769531 1397.6826171875
v -1468.0347900390625 259.5132751464844 1397.6826171875
v -1467.566650390625 257.8015441894531 1398.8411865234375
v -1465.7001953125 255.13766479492188 1401.157958984375
v -1466.6424560546875 262.737548828125 1396.5235595703125
v -1466.638427734375 259.9471435546875 1398.0687255859375
v -1465.710205078125 262.09442138671875 1397.2962646484375
v -1466.640380859375 261.3414306640625 1397.2962646484375
v -1463.8519287109375 264.9950256347656 1396.5234375
v -1463.843505859375 259.4162292480469 1399.6134033203125
v -1461.9876708984375 263.70068359375 1398.0684814453125
v -1463.84765625 262.2021484375 1398.068603515625
v -1458.2840576171875 275.1015930175781 1393.4300537109375
v -1458.265625 263.89434814453125 1399.613037109375
v -1454.5625 272.4521179199219 1396.5224609375
v -1458.274658203125 269.48297119140625 1396.52294921875
v -1467.567626953125 258.4974060058594 1398.4549560546875
v -1466.6343994140625 257.1636962890625 1399.613525390625
v -1465.7060546875 259.3067321777344 1398.841064453125
v -1466.6363525390625 258.5545654296875 1398.8411865234375
v -1461.959716796875 244.30642700195312 1408.8880615234375
v -1461.939453125 227.8247833251953 1418.2164306640625
v -1463.827880859375 248.3323516845703 1405.79345703125
v -1463.820556640625 242.81927490234375 1408.8880615234375
v -1461.96337890625 247.06259155273438 1407.3402099609375
v -1463.8240966796875 245.57382202148438 1407.340087890625
v -1458.2486572265625 252.79098510742188 1405.79345703125
v -1458.233154296875 241.75938415527344 1411.9891357421875
v -1454.527587890625 250.2116241455078 1408.888427734375
v -1458.24072265625 247.26821899414062 1408.8883056640625
v -1454.492431640625 222.69482421875 1424.49755859375
v -1447.106201171875 239.4773406982422 1418.2200927734375
v -1454.50537109375 233.6918182373047 1418.21826171875
v -1464.7547607421875 244.8280029296875 1407.340087890625
v -1463.822265625 244.1960906982422 1408.1138916015625
v -1464.7529296875 243.45065307617188 1408.1138916015625
v -1461.9560546875 241.55372619628906 1410.4375
v -1463.8170166015625 240.0681915283203 1410.4373779296875
v -1461.94580078125 233.31146240234375 1415.097412109375
v -1463.8187255859375 241.44332885742188 1409.6624755859375
v -1458.21923828125 230.76744079589844 1418.2174072265625
v -1458.20703125 219.78298950195312 1424.495849609375
v -1454.4986572265625 228.1943817138672 1421.3505859375
v -1458.212890625 225.2762908935547 1421.3492431640625
v -1454.4716796875 200.6043243408203 1437.2730712890625
v -1447.081298828125 217.40924072265625 1430.850341796875
v -1454.481201171875 211.67332458496094 1430.8448486328125
v -1447.0465087890625 162.11715698242188 1463.498779296875
v -1432.3631591796875 195.18106079101562 1450.35693359375
v -1447.0556640625 184.1009063720703 1450.3310546875
v -1402.4173583984375 151.95506286621094 1489.6043701171875
v -1369.67822265625 217.2847137451172 1463.59326171875
v -1402.408447265625 194.7402801513672 1463.577880859375
v -1460.0787353515625 229.2982635498047 1418.2169189453125
v -1460.0726318359375 223.81027221679688 1421.3486328125
v -1458.216064453125 228.02188110351562 1419.7816162109375
v -1460.0755615234375 226.5542755126953 1419.781005859375
v -1454.5123291015625 239.191162109375 1415.0986328125
v -1458.22607421875 236.26046752929688 1415.0980224609375
v -1461.005859375 225.81886291503906 1419.78076171875
v -1461.0029296875 223.0756378173828 1421.3482666015625
v -1460.0740966796875 225.18231201171875 1420.5643310546875
v -1461.00439453125 224.44728088378906 1420.5640869140625
v -1460.06689453125 218.32012939453125 1424.4949951171875
v -1458.2099609375 222.5301513671875 1422.9205322265625
v -1460.0697021484375 221.0657196044922 1422.9197998046875
v -1454.4866943359375 217.18914794921875 1427.66162109375
v -1458.2015380859375 214.28355407714844 1427.659423828125
v -1461.4710693359375 225.45074462890625 1419.7806396484375
v -1461.4696044921875 224.07937622070312 1420.56396484375
v -1461.005126953125 225.13307189941406 1420.1722412109375
v -1461.4703369140625 224.7650604248047 1420.172119140625
v -1461.0089111328125 228.56204223632812 1418.2166748046875
v -1461.9378662109375 226.45355224609375 1418.998046875
v -1460.0771484375 227.92623901367188 1418.99853515625
v -1461.0074462890625 227.1904296875 1418.998291015625
v -1460.0853271484375 234.78811645507812 1415.09765625
v -1461.9425048828125 230.56764221191406 1416.655517578125
v -1458.22265625 233.5134735107422 1416.65625
v -1460.08203125 232.04270935058594 1416.6558837890625
v -1447.0626220703125 195.19952392578125 1443.7813720703125
v -1447.05029296875 173.06004333496094 1456.91015625
v -1432.3505859375 151.5467529296875 1476.6466064453125
v -1432.3463134765625 87.76306915283203 1517.5374755859375
v -1450.75048828125 181.28114318847656 1450.324462890625
v -1450.74560546875 170.25314331054688 1456.9027099609375
v -1447.052734375 178.57073974609375 1453.6181640625
v -1450.747802734375 175.75735473632812 1453.611083984375
v -1439.701171875 189.6748809814453 1450.34423828125
v -1439.6915283203125 167.6388702392578 1463.51416015625
v -1432.3583984375 184.0893096923828 1456.939453125
v -1439.6956787109375 178.60842895507812 1456.925048828125
v -1417.587158203125 228.49716186523438 1437.310546875
v -1417.5794677734375 183.90077209472656 1463.556396484375
v -1402.404541015625 217.0245361328125 1450.39697265625
v -1417.58203125 206.08941650390625 1450.3797607421875
v -1452.602783203125 179.86279296875 1450.321044921875
v -1450.7490234375 178.51712036132812 1451.9669189453125
v -1452.6014404296875 177.10035705566406 1451.9635009765625
v -1450.757080078125 192.36727905273438 1443.7760009765625
v -1447.0589599609375 189.6455078125 1447.05126953125
v -1450.7535400390625 186.81947326660156 1447.045166015625
v -1439.71630859375 211.93890380859375 1437.2891845703125
v -1432.368896484375 206.32907104492188 1443.802490234375
v -1439.7080078125 200.79832458496094 1443.7921142578125
v -1452.6021728515625 178.4810791015625 1451.14208984375
v -1452.605712890625 185.39797973632812 1447.042236328125
v -1450.751953125 184.04879760742188 1448.6837158203125
v -1452.604248046875 182.62887573242188 1448.6805419921875
v -1447.0482177734375 167.57383728027344 1460.20458984375
v -1448.8941650390625 166.1765899658203 1460.20068359375
v -1448.8927001953125 160.72329711914062 1463.494873046875
v -1447.0472412109375 164.84149169921875 1461.851806640625
v -1448.893310546875 163.4459228515625 1461.8480224609375
v -1447.0452880859375 156.69500732421875 1466.7904052734375
v -1439.6873779296875 146.14984130859375 1476.6356201171875
v -1432.3521728515625 162.2326202392578 1470.1051025390625
v -1439.688720703125 156.80604553222656 1470.0911865234375
v -1417.580078125 141.33883666992188 1489.59716796875
v -1402.412841796875 172.97630310058594 1476.6866455078125
v -1417.5789794921875 162.24208068847656 1476.667724609375
v -1402.404296875 64.91065979003906 1547.3902587890625
v -1369.6824951171875 130.15219116210938 1517.5394287109375
v -1402.4208984375 108.4161376953125 1517.4766845703125
v -1211.0400390625 178.06423950195312 1547.836669921875
v -1289.4493408203125 135.02157592773438 1547.6173095703125
v -1443.368408203125 175.84423828125 1456.9176025390625
v -1443.3643798828125 164.8879852294922 1463.5064697265625
v -1439.6934814453125 173.1090545654297 1460.2198486328125
v -1443.3662109375 170.35142517089844 1460.2122802734375
v -1449.8184814453125 165.4757843017578 1460.19873046875
v -1449.8177490234375 162.74595642089844 1461.8460693359375
v -1448.893798828125 164.810302734375 1461.0244140625
v -1449.818115234375 164.1099090576172 1461.0224609375
v -1448.8961181640625 171.6595001220703 1456.906494140625
v -1450.74462890625 167.50994873046875 1458.549560546875
v -1447.0491943359375 170.31356811523438 1458.5572509765625
v -1448.8951416015625 168.91465759277344 1458.553466796875
v -1449.817138671875 160.024169921875 1463.492919921875
v -1448.8929443359375 162.0835723876953 1462.6715087890625
v -1449.8173828125 161.38401794433594 1462.6695556640625
v -1448.8916015625 155.3046112060547 1466.78662109375
v -1447.0458984375 159.4014434814453 1465.14501953125
v -1448.89208984375 158.00930786132812 1465.1412353515625
v -1443.36181640625 154.06919860839844 1470.083984375
v -1439.68994140625 162.20286560058594 1466.805419921875
v -1443.3629150390625 159.4589080810547 1466.7979736328125
v -1439.6878662109375 125.43800354003906 1489.5968017578125
v -1432.35009765625 141.0671844482422 1483.1376953125
v -1439.6871337890625 135.7019805908203 1483.1317138671875
v -1432.3502197265625 109.1884765625 1503.4144287109375
v -1443.3607177734375 143.42791748046875 1476.6300048828125
v -1443.361083984375 132.9959716796875 1483.1287841796875
v -1439.6871337890625 140.8999481201172 1479.8895263671875
v -1443.3607177734375 138.1858673095703 1479.8851318359375
v -1443.362548828125 122.7486572265625 1489.597412109375
v -1439.6875 130.5500030517578 1486.3662109375
v -1443.3616943359375 127.85226440429688 1486.364990234375
v -1439.6898193359375 103.92849731445312 1503.4307861328125
v -1432.350341796875 119.9310073852539 1496.4864501953125
v -1439.6890869140625 114.63513946533203 1496.4952392578125
v -1417.57763671875 98.05883026123047 1517.4962158203125
v -1402.420654296875 130.10043334960938 1503.3802490234375
v -1417.58056640625 119.61638641357422 1503.389404296875
v -1443.3621826171875 125.29582214355469 1487.9814453125
v -1439.6884765625 120.02088928222656 1493.043701171875
v -1443.3623046875 124.02113342285156 1488.7894287109375
v -1441.523681640625 129.2034149169922 1486.3656005859375
v -1441.5242919921875 124.09561920166016 1489.5970458984375
v -1439.687744140625 127.9893798828125 1487.981689453125
v -1441.52392578125 126.64488983154297 1487.9815673828125
v -1436.0184326171875 138.39129638671875 1483.134765625
v -1436.018798828125 128.11070251464844 1489.5963134765625
v -1432.3499755859375 135.89874267578125 1486.3690185546875
v -1436.0185546875 133.2310791015625 1486.3675537109375
v -1424.994384765625 156.90231323242188 1476.657470703125
v -1424.994140625 136.0615692138672 1489.595947265625
v -1417.5794677734375 151.7007598876953 1483.1502685546875
v -1424.9940185546875 146.39151000976562 1483.1439208984375
v -1443.822021484375 124.95780181884766 1487.9813232421875
v -1443.822265625 123.68336486816406 1488.7894287109375
v -1443.3621826171875 124.65819549560547 1488.3853759765625
v -1443.8221435546875 124.32029724121094 1488.3853759765625
v -1442.4427490234375 125.97095489501953 1487.9814453125
v -1442.443115234375 123.42273712158203 1489.59716796875
v -1441.5240478515625 125.369140625 1488.789306640625
v -1442.44287109375 124.69573211669922 1488.7894287109375
v -1441.5250244140625 118.68302917480469 1493.0450439453125
v -1439.688232421875 122.72506713867188 1491.3199462890625
v -1441.524658203125 121.38494110107422 1491.3206787109375
v -1436.019287109375 117.28973388671875 1496.49072265625
v -1432.3502197265625 125.3348617553711 1493.0389404296875
v -1436.01904296875 122.6845474243164 1493.0411376953125
v -1424.993896484375 114.40882873535156 1503.400390625
v -1417.58056640625 130.42922973632812 1496.4742431640625
v -1424.9942626953125 125.18687438964844 1496.479248046875
v -1443.3619384765625 126.57283782958984 1487.17333984375
v -1443.3614501953125 130.41873168945312 1484.7476806640625
v -1439.6895751953125 109.27344512939453 1499.9560546875
v -1432.3489990234375 98.48497772216797 1510.4185791015625
v -1432.3341064453125 66.11991882324219 1532.2330322265625
v -1436.01953125 106.56511688232422 1503.42236328125
v -1436.0186767578125 95.87890625 1510.429443359375
v -1432.3497314453125 103.83544158935547 1506.904541015625
v -1436.019287109375 101.22083282470703 1506.9141845703125
v -1424.989990234375 92.91690063476562 1517.5146484375
v -1417.5797119140625 108.84476470947266 1510.3831787109375
v -1424.99267578125 103.67098999023438 1510.39892578125
v -1417.549560546875 54.76251220703125 1547.387939453125
v -1402.416015625 86.55223083496094 1532.1842041015625
v -1417.568359375 76.30563354492188 1532.199462890625
v -1402.269287109375 -8.203276634216309 1609.057373046875
v -1369.614013671875 46.2374153137207 1578.0096435546875
v -1402.3533935546875 25.45551109313965 1578.01171875
v -1437.8541259765625 99.90877532958984 1506.9190673828125
v -1437.8536376953125 94.57112884521484 1510.4351806640625
v -1436.01904296875 98.5500259399414 1508.6685791015625
v -1437.85400390625 97.24012756347656 1508.6739501953125
v -1436.0162353515625 85.17315673828125 1517.550048828125
v -1432.347900390625 93.12991333007812 1513.9613037109375
v -1436.0177001953125 90.53209686279297 1513.9732666015625
v -1432.341552734375 76.9681167602539 1524.8084716796875
v -1438.771728515625 96.58380126953125 1508.6766357421875
v -1438.771484375 93.91586303710938 1510.4381103515625
v -1437.8538818359375 95.90572357177734 1509.5537109375
v -1438.7716064453125 95.24993133544922 1509.5565185546875
v -1437.852783203125 89.22844696044922 1513.9794921875
v -1436.018310546875 93.2065658569336 1512.197509765625
v -1437.853271484375 91.90087127685547 1512.2034912109375
v -1438.771484375 94.58293151855469 1509.9970703125
v -1437.853515625 93.23621368408203 1511.318359375
v -1438.7713623046875 92.58147430419922 1511.3214111328125
v -1439.0009765625 94.41889953613281 1509.997802734375
v -1439.0009765625 93.75189208984375 1510.438720703125
v -1438.771484375 94.24940490722656 1510.217529296875
v -1439.0009765625 94.08540344238281 1510.21826171875
v -1438.7713623046875 93.24871063232422 1510.8795166015625
v -1438.312744140625 95.57794952392578 1509.5550537109375
v -1438.3125 94.24361419677734 1510.4366455078125
v -1437.853759765625 95.23845672607422 1509.9942626953125
v -1438.3126220703125 94.91081237792969 1509.99560546875
v -1436.9364013671875 97.89551544189453 1508.6712646484375
v -1436.9361572265625 95.22545623779297 1510.4322509765625
v -1436.0189208984375 97.21456146240234 1509.5482177734375
v -1436.936279296875 96.56058502197266 1509.5509033203125
v -1434.1846923828125 102.52957916259766 1506.9093017578125
v -1434.18408203125 97.18338012695312 1510.4239501953125
v -1432.3494873046875 101.16033172607422 1508.6583251953125
v -1434.1844482421875 99.85662078857422 1508.663330078125
v -1428.6766357421875 111.80193328857422 1503.4071044921875
v -1428.6754150390625 101.08120727539062 1510.4083251953125
v -1424.993408203125 109.03841400146484 1506.887451171875
v -1428.6761474609375 106.44017791748047 1506.8956298828125
v -1432.34423828125 82.37725830078125 1521.152099609375
v -1424.978759765625 71.21881103515625 1532.2144775390625
v -1417.573974609375 87.20580291748047 1524.7677001953125
v -1424.985595703125 82.09288024902344 1524.7860107421875
v -1432.338134765625 71.5446548461914 1528.5037841796875
v -1432.3232421875 55.318790435791016 1539.7740478515625
v -1432.3291015625 60.70695114135742 1535.991455078125
v -1424.9564208984375 49.72239303588867 1547.389404296875
v -1417.560302734375 65.4570083618164 1539.7530517578125
v -1424.96923828125 60.39417266845703 1539.76220703125
v -1417.47265625 15.51353931427002 1577.9608154296875
v -1402.3839111328125 44.2967414855957 1562.7657470703125
v -1417.5185546875 34.24626541137695 1562.7391357421875
v -1434.1690673828125 64.8401107788086 1532.2381591796875
v -1432.3316650390625 63.41114807128906 1534.1090087890625
v -1434.166748046875 62.13284683227539 1534.1136474609375
v -1428.6607666015625 68.67257690429688 1532.223388671875
v -1428.6505126953125 57.859745025634766 1539.767822265625
v -1424.974365234375 65.7938461303711 1535.9759521484375
v -1428.656005859375 63.25363540649414 1535.9833984375
v -1434.16796875 63.48601531982422 1533.175048828125
v -1434.17333984375 70.26171875 1528.509521484375
v -1432.336181640625 68.83162689208984 1530.364501953125
v -1434.1712646484375 67.55027770996094 1530.3699951171875
v -1428.66796875 79.53368377685547 1524.7967529296875
v -1424.9825439453125 76.6561279296875 1528.4827880859375
v -1428.6646728515625 74.10359191894531 1528.492919921875
v -1434.1685791015625 64.16295623779297 1532.7064208984375
v -1433.2515869140625 65.4803466796875 1532.235595703125
v -1433.249267578125 62.77233123779297 1534.111328125
v -1432.3328857421875 64.76506042480469 1533.170166015625
v -1433.25048828125 64.12586975097656 1533.172607421875
v -1430.4981689453125 67.39726257324219 1532.2281494140625
v -1430.4932861328125 61.98131561279297 1535.9873046875
v -1428.658447265625 65.96078491210938 1534.0999755859375
v -1430.495849609375 64.6869888305664 1534.1043701171875
v -1434.1702880859375 66.19493103027344 1531.3031005859375
v -1432.3165283203125 49.96847915649414 1543.5760498046875
v -1432.320068359375 52.63808822631836 1541.6729736328125
v -1428.63671875 47.199058532714844 1547.3907470703125
v -1424.9632568359375 55.032711029052734 1543.568359375
v -1428.6441650390625 52.50389099121094 1543.572021484375
v -1424.9193115234375 29.251174926757812 1562.7222900390625
v -1417.535888671875 44.32473373413086 1555.0634765625
v -1424.93994140625 39.306915283203125 1555.0560302734375
v -1432.314697265625 48.638343811035156 1544.5289306640625
v -1430.4810791015625 51.237220764160156 1543.573974609375
v -1430.4735107421875 45.93510055541992 1547.3914794921875
v -1428.6405029296875 49.84428405761719 1545.4798583984375
v -1430.4774169921875 48.5789794921875 1545.481201171875
v -1428.6190185546875 36.79439926147461 1555.0523681640625
v -1424.94873046875 44.47615432739258 1551.2203369140625
v -1428.62841796875 41.95823287963867 1551.2191162109375
v -1432.3155517578125 49.303001403808594 1544.0523681640625
v -1431.39892578125 50.60313415527344 1543.574951171875
v -1431.3951416015625 47.94557189941406 1545.48193359375
v -1430.479248046875 49.90640640258789 1544.527099609375
v -1431.3970947265625 49.27265930175781 1544.528076171875
v -1430.4876708984375 56.590293884277344 1539.7708740234375
v -1428.6474609375 55.17625045776367 1541.6678466796875
v -1430.4844970703125 53.908199310302734 1541.6702880859375
v -1432.318359375 51.301795959472656 1542.6240234375
v -1424.864013671875 10.568655014038086 1577.9261474609375
v -1417.49755859375 24.629270553588867 1570.3746337890625
v -1424.89404296875 19.65817642211914 1570.348388671875
v -1417.3475341796875 -17.844314575195312 1608.99169921875
v -1402.31396484375 8.229866027832031 1593.280517578125
v -1417.413818359375 -1.580100417137146 1593.2135009765625
v -1402.095703125 -71.84873962402344 1686.2396240234375
v -1369.4476318359375 -24.43813705444336 1647.2340087890625
v -1402.1683349609375 -43.835205078125 1647.248779296875
v -1424.9072265625 24.390527725219727 1566.5428466796875
v -1424.8795166015625 15.054915428161621 1574.140380859375
v -1424.793212890625 -6.461330413818359 1593.1671142578125
v -1417.4444580078125 6.811465740203857 1585.5528564453125
v -1424.8302001953125 1.8961471319198608 1585.5111083984375
v -1424.81201171875 -2.315596342086792 1589.3262939453125
v -1424.7135009765625 -22.639129638671875 1608.9459228515625
v -1417.3812255859375 -9.764309883117676 1601.0054931640625
v -1424.7540283203125 -14.605761528015137 1600.95751953125
v -1417.200439453125 -52.97322082519531 1647.260986328125
v -1402.21728515625 -26.440889358520508 1627.7822265625
v -1417.2713623046875 -35.840030670166016 1627.74658203125
v -1424.8211669921875 -0.21877260506153107 1587.416015625
v -1426.6568603515625 -1.4474040269851685 1587.4041748046875
v -1421.1468505859375 4.354435920715332 1585.5328369140625
v -1421.1131591796875 -4.020026206970215 1593.1912841796875
v -1417.429443359375 2.5833163261413574 1589.3707275390625
v -1421.13037109375 0.13452723622322083 1589.349365234375
v -1409.9835205078125 20.46721076965332 1577.98974609375
v -1409.9354248046875 3.3084254264831543 1593.2518310546875
v -1402.3345947265625 16.69120979309082 1585.6134033203125
v -1409.96044921875 11.73459243774414 1585.58740234375
v -1386.49755859375 35.63935470581055 1578.0303955078125
v -1386.4320068359375 1.6787242889404297 1609.0799560546875
v -1369.576904296875 28.72292709350586 1593.2734375
v -1386.466796875 18.273963928222656 1593.303466796875
v -1330.0089111328125 110.9461441040039 1547.5067138671875
v -1329.7459716796875 35.3531494140625 1608.8345947265625
v -1289.353759765625 93.63835906982422 1577.6572265625
v -1329.90478515625 70.299560546875 1577.8583984375
v -1424.8475341796875 6.186648368835449 1581.7137451171875
v -1424.8026123046875 -4.395917892456055 1591.242919921875
v -1424.7738037109375 -10.553802490234375 1597.04150390625
v -1425.7301025390625 -2.928711414337158 1589.3201904296875
v -1425.7205810546875 -5.007956027984619 1591.23681640625
v -1424.807373046875 -3.357720375061035 1590.2838134765625
v -1425.725341796875 -3.9703023433685303 1590.2777099609375
v -1422.9732666015625 -1.09016752243042 1589.3380126953125
v -1422.9552001953125 -5.2403059005737305 1593.179443359375
v -1421.121826171875 -1.9501173496246338 1591.2666015625
v -1422.96435546875 -3.17264723777771 1591.2550048828125
v -1421.077392578125 -12.184364318847656 1600.9825439453125
v -1417.397705078125 -5.691678047180176 1597.0892333984375
v -1421.095458984375 -8.122048377990723 1597.0662841796875
v -1409.8809814453125 -13.040984153747559 1609.029296875
v -1402.2921142578125 -0.033352725207805634 1601.0745849609375
v -1409.90869140625 -4.915397644042969 1601.0450439453125
v -1424.622314453125 -40.504573822021484 1627.721435546875
v -1417.3092041015625 -26.874923706054688 1618.22802734375
v -1424.6905517578125 -27.124149322509766 1613.526611328125
v -1424.7020263671875 -24.881074905395508 1611.2254638671875
v -1421.040283203125 -20.241168975830078 1608.9698486328125
v -1420.998291015625 -29.24134635925293 1618.2099609375
v -1417.328369140625 -22.358854293823242 1613.569091796875
v -1421.019287109375 -24.741069793701172 1613.5487060546875
v -1409.818115234375 -31.16107749938965 1627.76708984375
v -1402.2432861328125 -17.349018096923828 1618.2821044921875
v -1409.8494873046875 -22.13058090209961 1618.259033203125
v -1386.353759765625 -34.38560485839844 1647.2391357421875
v -1369.4893798828125 -6.6474385261535645 1627.7791748046875
v -1386.3916015625 -16.769535064697266 1627.7943115234375
v -1329.515380859375 -31.0289306640625 1686.0550537109375
v -1289.0042724609375 20.687088012695312 1647.21435546875
v -1329.58203125 -1.5790094137191772 1647.2305908203125
v -1417.2347412109375 -44.58983612060547 1637.4552001953125
v -1424.578857421875 -49.182472229003906 1637.4454345703125
v -1417.1007080078125 -80.5914535522461 1686.322509765625
v -1402.1270751953125 -59.13922882080078 1666.7484130859375
v -1417.1427001953125 -68.05099487304688 1666.8056640625
v -1431.6348876953125 -108.40921783447266 1728.415771484375
v -1369.3673095703125 -73.46630096435547 1728.2401123046875
v -1402.0509033203125 -91.5165786743164 1728.3292236328125
v -1424.600341796875 -44.87998580932617 1632.565185546875
v -1424.5894775390625 -47.0414924621582 1635.00146484375
v -1417.1695556640625 -60.839073181152344 1657.07080078125
v -1424.502197265625 -65.29637145996094 1657.0919189453125
v -1420.956787109375 -38.172428131103516 1627.734619140625
v -1420.916748046875 -46.88672637939453 1637.4505615234375
v -1417.2528076171875 -40.25128936767578 1632.5830078125
v -1420.9365234375 -42.56598663330078 1632.5745849609375
v -1409.7591552734375 -48.42917251586914 1647.254638671875
v -1402.192138671875 -35.322269439697266 1637.4678955078125
v -1409.7877197265625 -39.97890853881836 1637.4627685546875
v -1424.5948486328125 -45.96316146850586 1633.7823486328125
v -1422.7705078125 -43.722862243652344 1632.5699462890625
v -1422.75 -48.03453063964844 1637.4481201171875
v -1420.9266357421875 -44.73662185668945 1635.0087890625
v -1422.76025390625 -45.88895797729492 1635.0052490234375
v -1420.8795166015625 -55.235260009765625 1647.2640380859375
v -1417.21728515625 -48.83677291870117 1642.351806640625
v -1420.897705078125 -51.116024017333984 1642.35107421875
v -1424.611328125 -42.70024871826172 1630.1380615234375
v -1424.5921630859375 -46.502952575683594 1634.3917236328125
v -1424.584228515625 -48.11469268798828 1636.22265625
v -1424.5684814453125 -51.30064010620117 1639.8953857421875
v -1423.6859130859375 -44.30136489868164 1632.567626953125
v -1423.67529296875 -46.46517562866211 1635.00341796875
v -1422.765380859375 -44.80833053588867 1633.78662109375
v -1423.6806640625 -45.38569259643555 1633.784423828125
v -1422.791748046875 -39.338321685791016 1627.7281494140625
v -1420.946533203125 -40.37714385986328 1630.1492919921875
v -1422.781005859375 -41.53854751586914 1630.143798828125
v -1417.2901611328125 -31.37494659423828 1622.957763671875
v -1420.9774169921875 -33.724674224853516 1622.9425048828125
v -1424.5867919921875 -47.57875061035156 1635.61181640625
v -1423.6649169921875 -48.608455657958984 1637.44677734375
v -1422.755126953125 -46.964454650878906 1636.225830078125
v -1423.670166015625 -47.53952407836914 1636.2242431640625
v -1422.7301025390625 -52.25484085083008 1642.3505859375
v -1420.9072265625 -49.01396942138672 1639.8985595703125
v -1422.739990234375 -50.15726089477539 1639.89697265625
v -1424.5196533203125 -61.46897888183594 1652.1851806640625
v -1424.5107421875 -63.40210723876953 1654.640625
v -1424.486083984375 -68.95957946777344 1661.97607421875
v -1424.4241943359375 -84.9101791381836 1686.3670654296875
v -1417.1199951171875 -74.60987854003906 1676.515869140625
v -1417.046630859375 -100.00431060791016 1728.3731689453125
v -1402.0712890625 -82.51981353759766 1706.63134765625
v -1417.0701904296875 -91.1275863647461 1706.708984375
v -1420.845947265625 -63.06904983520508 1657.0811767578125
v -1417.1845703125 -56.980281829833984 1652.171142578125
v -1420.8621826171875 -59.225807189941406 1652.1781005859375
v -1409.710205078125 -63.62251281738281 1666.775390625
v -1402.146484375 -51.82172393798828 1657.034423828125
v -1409.7330322265625 -56.35698318481445 1657.0513916015625
v -1386.298828125 -62.7772102355957 1686.1689453125
v -1369.4154052734375 -40.12520217895508 1666.687744140625
v -1386.3223876953125 -49.894073486328125 1666.7073974609375
v -1424.493896484375 -67.14947509765625 1659.5374755859375
v -1420.8170166015625 -70.25360870361328 1666.82177734375
v -1417.155517578125 -64.53116607666016 1661.9486083984375
v -1420.830810546875 -66.7468032836914 1661.962158203125
v -1424.3917236328125 -95.38306427001953 1706.748291015625
v -1417.0843505859375 -86.07220458984375 1696.3470458984375
v -1424.406494140625 -90.35791778564453 1696.39111328125
v -1428.0286865234375 -97.51078033447266 1706.76806640625
v -1424.3988037109375 -92.91905212402344 1701.5213623046875
v -1424.3677978515625 -104.20365142822266 1728.3946533203125
v -1417.057861328125 -95.78502655029297 1717.4261474609375
v -1424.3790283203125 -100.01171112060547 1717.4571533203125
v -1431.6142578125 -115.25385284423828 1750.4267578125
v -1402.031494140625 -98.56659698486328 1750.39697265625
v -1417.0250244140625 -106.94711303710938 1750.41259765625
v -1428.01611328125 -102.12538146972656 1717.47265625
v -1424.3851318359375 -97.74915313720703 1712.0657958984375
v -1428.022216796875 -99.86976623535156 1712.0836181640625
v -1431.624755859375 -112.09424591064453 1739.439208984375
v -1431.6297607421875 -110.31459045410156 1733.9237060546875
v -1424.3460693359375 -111.09659576416016 1750.419921875
v -1417.035888671875 -103.7401123046875 1739.4140625
v -1424.3570556640625 -107.91368103027344 1739.4267578125
v -1435.2435302734375 -117.34359741210938 1750.4300537109375
v -1431.61962890625 -113.74253845214844 1744.9456787109375
v -1431.6029052734375 -117.85711669921875 1761.2838134765625
v -1435.232421875 -119.93614196777344 1761.2867431640625
v -1431.608642578125 -116.6243667602539 1755.8707275390625
v -1435.238037109375 -118.70870971679688 1755.87353515625
v -1417.013916015625 -109.5948715209961 1761.2713623046875
v -1424.334716796875 -113.72169494628906 1761.27783203125
f 1 1053 1055 1054
f 1054 1055 841 76
f 1055 674 77 841
f 1050 1053 75
f 1055 1050 674
f 1053 1050 1055
f 76 841 843 842
f 838 841 77
f 843 838 148
f 841 838 843
f 77 837 840 838
f 838 840 839 148
f 840 671 149 839
f 834 837 147
f 840 834 671
f 837 834 840
f 668 149 150
f 151 668 152
f 149 668 151
f 665 152 658
f 659 665 660
f 152 665 659
f 660 661 663 662
f 658 664 666 665
f 665 666 661 660
f 683 150 667
f 668 683 669
f 150 683 668
f 680 668 669
f 152 680 658
f 668 680 152
f 669 679 681 680
f 680 681 664 658
f 689 667 682
f 683 689 684
f 667 689 683
f 683 684 679 669
f 682 688 691 689
f 689 691 690 684
f 147 833 836 834
f 834 836 835 671
f 830 836 716
f 835 830 672
f 836 830 835
f 833 670 716 836
f 686 835 672
f 835 149 671
f 149 686 150
f 686 149 835
f 713 831 685
f 831 686 672
f 686 713 687
f 713 686 831
f 693 686 687
f 150 693 667
f 686 693 150
f 710 687 692
f 693 710 694
f 687 710 693
f 696 693 694
f 667 696 682
f 693 696 667
f 707 694 695
f 696 707 697
f 694 707 696
f 699 696 697
f 682 699 688
f 696 699 682
f 703 697 698
f 699 703 701
f 697 703 699
f 699 701 700 688
f 698 702 705 703
f 703 705 704 701
f 695 706 708 707
f 707 708 698 697
f 692 709 711 710
f 710 711 695 694
f 748 827 712
f 827 713 685
f 713 748 714
f 748 713 827
f 713 714 692 687
f 712 726 750 748
f 748 750 749 714
f 829 736 717
f 736 670 715
f 670 829 716
f 829 670 736
f 716 829 832 830
f 830 832 831 672
f 826 832 722
f 831 826 685
f 832 826 831
f 829 717 722 832
f 825 733 723
f 733 717 721
f 717 825 722
f 825 717 733
f 722 825 828 826
f 826 828 827 685
f 828 725 712 827
f 822 825 723
f 828 822 725
f 825 822 828
f 723 821 824 822
f 822 824 823 725
f 818 824 729
f 823 818 727
f 824 818 823
f 821 724 729 824
f 745 823 727
f 823 712 725
f 712 745 726
f 745 712 823
f 793 819 730
f 819 745 727
f 745 793 747
f 793 745 819
f 745 747 746 726
f 730 743 795 793
f 793 795 794 747
f 817 756 731
f 756 724 728
f 724 817 729
f 817 724 756
f 729 817 820 818
f 818 820 819 727
f 820 742 730 819
f 814 817 731
f 820 814 742
f 817 814 820
f 731 813 816 814
f 814 816 815 742
f 816 752 744 815
f 810 813 741
f 816 810 752
f 813 810 816
f 790 815 744
f 815 730 742
f 730 790 743
f 790 730 815
f 744 753 792 790
f 790 792 791 743
f 741 809 812 810
f 810 812 811 752
f 812 762 754 811
f 806 809 751
f 812 806 762
f 809 806 812
f 787 811 754
f 811 744 752
f 744 787 753
f 787 744 811
f 754 763 789 787
f 787 789 788 753
f 751 805 808 806
f 806 808 807 762
f 855 808 769
f 807 855 764
f 808 855 807
f 802 805 761
f 808 802 769
f 805 802 808
f 784 807 764
f 807 754 762
f 754 784 763
f 784 754 807
f 856 784 764
f 786 856 770
f 784 856 786
f 784 786 785 763
f 761 801 804 802
f 802 804 803 769
f 798 804 776
f 803 798 771
f 804 798 803
f 862 801 768
f 804 862 776
f 801 862 804
f 769 803 857 855
f 855 857 856 764
f 857 782 770 856
f 852 803 771
f 857 852 782
f 803 852 857
f 771 799 854 852
f 852 854 853 782
f 844 853 854
f 850 854 799
f 844 850 777
f 854 850 844
f 782 783 770
f 768 861 863 862
f 862 863 797 776
f 863 858 797
f 858 863 778
f 775 863 861
f 859 776 797
f 798 859 800
f 776 859 798
f 849 798 800
f 771 849 799
f 798 849 771
f 800 848 851 849
f 849 851 850 799
f 848 796 851
f 797 858 860 859
f 859 860 848 800
f 778 860 858
f 728 755 757 756
f 813 766 741
f 766 756 757
f 756 813 731
f 813 756 766
f 757 765 767 766
f 809 773 751
f 773 766 767
f 766 809 741
f 809 766 773
f 767 772 774 773
f 805 780 761
f 780 773 774
f 773 805 751
f 805 773 780
f 774 779 781 780
f 801 846 768
f 846 780 781
f 780 801 761
f 801 780 846
f 781 845 847 846
f 861 847 775
f 846 861 768
f 847 861 846
f 721 732 734 733
f 821 759 724
f 759 733 734
f 733 821 723
f 821 733 759
f 734 758 760 759
f 759 760 728 724
f 715 735 737 736
f 736 737 721 717
f 75 1049 1052 1050
f 1050 1052 1051 674
f 1052 885 675 1051
f 1046 1049 673
f 1052 1046 885
f 1049 1046 1052
f 1051 719 837
f 837 719 147
f 719 1051 675
f 1051 837 77 674
f 882 675 718
f 719 882 720
f 675 882 719
f 833 739 670
f 739 719 720
f 719 833 147
f 833 719 739
f 879 720 738
f 739 879 740
f 720 879 739
f 865 739 740
f 670 865 715
f 739 865 670
f 876 740 864
f 865 876 866
f 740 876 865
f 868 865 866
f 715 868 735
f 865 868 715
f 872 866 867
f 868 872 870
f 866 872 868
f 868 870 869 735
f 891 867 871
f 872 891 874
f 867 891 872
f 872 874 873 870
f 871 890 893 891
f 891 893 892 874
f 864 875 877 876
f 895 876 877
f 866 895 867
f 876 895 866
f 877 894 896 895
f 898 895 896
f 867 898 871
f 895 898 867
f 896 897 899 898
f 898 899 890 871
f 738 878 880 879
f 879 880 864 740
f 908 718 881
f 882 908 883
f 718 908 882
f 901 882 883
f 720 901 738
f 882 901 720
f 904 883 900
f 901 904 902
f 883 904 901
f 917 901 902
f 738 917 878
f 901 917 738
f 902 905 919 917
f 917 919 918 878
f 921 900 903
f 904 921 906
f 900 921 904
f 914 904 906
f 902 914 905
f 904 914 902
f 906 913 916 914
f 914 916 915 905
f 903 920 922 921
f 921 922 913 906
f 881 907 909 908
f 924 908 909
f 883 924 900
f 908 924 883
f 909 923 925 924
f 924 925 903 900
f 673 1045 1048 1046
f 1046 1048 1047 885
f 1048 927 886 1047
f 1042 1045 884
f 1048 1042 927
f 1045 1042 1048
f 911 1047 886
f 1047 675 885
f 675 911 718
f 911 675 1047
f 886 910 912 911
f 911 912 881 718
f 884 1041 1044 1042
f 1042 1044 1043 927
f 1044 933 928 1043
f 1038 1041 926
f 1044 1038 933
f 1041 1038 1044
f 943 1043 928
f 1043 886 927
f 886 943 910
f 943 886 1043
f 928 934 945 943
f 943 945 944 910
f 926 1037 1040 1038
f 1038 1040 1039 933
f 1034 1040 947
f 1039 1034 935
f 1040 1034 1039
f 1037 932 947 1040
f 940 1039 935
f 1039 928 933
f 928 940 934
f 940 928 1039
f 983 1035 939
f 1035 940 935
f 940 983 942
f 983 940 1035
f 940 942 941 934
f 939 954 985 983
f 983 985 984 942
f 1033 961 948
f 961 932 946
f 932 1033 947
f 1033 932 961
f 947 1033 1036 1034
f 1034 1036 1035 935
f 1036 953 939 1035
f 1030 1033 948
f 1036 1030 953
f 1033 1030 1036
f 948 1029 1032 1030
f 1030 1032 1031 953
f 1032 957 955 1031
f 1026 1029 952
f 1032 1026 957
f 1029 1026 1032
f 980 1031 955
f 1031 939 953
f 939 980 954
f 980 939 1031
f 955 958 982 980
f 980 982 981 954
f 952 1025 1028 1026
f 1026 1028 1027 957
f 1022 1028 967
f 1027 1022 959
f 1028 1022 1027
f 1025 956 967 1028
f 977 1027 959
f 1027 955 957
f 955 977 958
f 977 955 1027
f 990 1023 968
f 1023 977 959
f 977 990 979
f 990 977 1023
f 977 979 978 958
f 1019 990 968
f 992 1019 975
f 990 1019 992
f 990 992 991 979
f 1021 1001 969
f 1001 956 966
f 956 1021 967
f 1021 956 1001
f 967 1021 1024 1022
f 1022 1024 1023 959
f 1018 1024 974
f 1023 1018 968
f 1024 1018 1023
f 1021 969 974 1024
f 1017 998 976
f 998 969 973
f 969 1017 974
f 1017 969 998
f 974 1017 1020 1018
f 1018 1020 1019 968
f 1020 987 975 1019
f 1014 1017 976
f 1020 1014 987
f 1017 1014 1020
f 976 1013 1016 1014
f 1014 1016 1015 987
f 1016 994 989 1015
f 1010 1013 986
f 1016 1010 994
f 1013 1010 1016
f 1015 975 987
f 988 1015 989
f 975 1015 988
f 986 1009 1012 1010
f 1010 1012 1011 994
f 1011 989 994
f 995 1011 996
f 989 1011 995
f 973 997 999 998
f 1013 1006 986
f 1006 998 999
f 998 1013 976
f 1013 998 1006
f 1009 1008 993
f 1008 1006 1007
f 1006 1009 986
f 1009 1006 1008
f 966 1000 1002 1001
f 1001 1002 973 969
f 946 960 962 961
f 1029 971 952
f 971 961 962
f 961 1029 948
f 1029 961 971
f 962 970 972 971
f 1025 1004 956
f 1004 971 972
f 971 1025 952
f 1025 971 1004
f 972 1003 1005 1004
f 1004 1005 966 956
f 2 78 80 79
f 1054 78 1
f 80 1054 76
f 78 1054 80
f 3 81 83 82
f 81 2 79 83
f 4 84 86 85
f 84 3 82 86
f 5 87 89 88
f 87 4 85 89
f 6 90 92 91
f 90 5 88 92
f 7 93 95 94
f 93 6 91 95
f 9521 9525 9460
f 9489 9521 8
f 9525 9521 9489
f 9588 9523 97
f 9525 9588 9460
f 9523 9588 9525
f 9525 9524 98 9523
f 9489 96 9524 9525
f 9524 94 98
f 7 9524 96
f 94 9524 7
f 9618 9617 9615 9616
f 9613 9602 9617 9618
f 9613 9614 9602
f 9597 9598 9594
f 9598 9580 9594
f 9595 9598 9596
f 9580 9598 9595
f 9576 9528 9595 9596
f 9607 9606 9601 9605
f 9597 9594 9606 9607
f 9601 9600 9578 9599
f 9606 9600 9601
f 9580 9606 9594
f 9600 9606 9580
f 9600 9533 9578
f 9579 9600 9580
f 9533 9600 9579
f 9595 9579 9580
f 9459 9595 9528
f 9579 9595 9459
f 9609 9612 9608
f 9599 9609 9531
f 9612 9609 9599
f 9614 9610 9602
f 9612 9614 9608
f 9610 9614 9612
f 9612 9611 9604 9610
f 9599 9578 9611 9612
f 9617 9620 9615
f 9610 9617 9602
f 9620 9617 9610
f 9610 9604 9619 9620
f 9611 9603 9604
f 9533 9611 9578
f 9603 9611 9533
f 9587 9579 9459
f 9579 9532 9533
f 9532 9587 97
f 9587 9532 9579
f 9565 9564 9473 9538
f 9514 9510 9564 9565
f 9512 9516 9511
f 9513 9512 9468
f 9516 9512 9513
f 9516 9515 9510 9514
f 9513 9456 9515 9516
f 9570 9556 9572
f 9572 9571 9552 9570
f 9547 9539 9571 9572
f 9552 9551 9471 9550
f 9571 9551 9552
f 9526 9571 9539
f 9551 9571 9526
f 9509 9561 9563 9553
f 9563 9562 9541 9546
f 9561 9538 9562 9563
f 9534 9557 9560 9545
f 9554 9558 9535
f 9560 9554 9545
f 9558 9554 9560
f 9560 9559 9549 9558
f 9557 9546 9559 9560
f 9566 9569 9555
f 9558 9566 9535
f 9569 9566 9558
f 9555 9569 9567 9527
f 9569 9568 9547 9567
f 9558 9549 9568 9569
f 9568 9539 9547
f 9548 9568 9549
f 9539 9568 9548
f 9559 9548 9549
f 9541 9559 9546
f 9548 9559 9541
f 9548 9526 9539
f 9540 9548 9541
f 9526 9548 9540
f 9562 9540 9541
f 9473 9562 9538
f 9540 9562 9473
f 9540 9544 9526
f 9517 9540 9473
f 9544 9540 9517
f 9551 9542 9471
f 9544 9551 9526
f 9542 9551 9544
f 9544 9543 9461 9542
f 9517 9472 9543 9544
f 9515 9519 9510
f 9506 9515 9456
f 9519 9515 9506
f 9564 9517 9473
f 9519 9564 9510
f 9517 9564 9519
f 9519 9518 9472 9517
f 9506 9349 9518 9519
f 9590 9593 9575
f 9581 9590 9537
f 9593 9590 9581
f 9593 9592 9530 9591
f 9581 9536 9592 9593
f 9574 9581 9537
f 9583 9574 9573
f 9581 9574 9583
f 9583 9582 9536 9581
f 9550 9471 9582 9583
f 9576 9577 9528
f 9584 9577 9530
f 9577 9459 9528
f 9459 9584 9529
f 9584 9459 9577
f 9582 9586 9536
f 9542 9582 9471
f 9586 9582 9542
f 9592 9584 9530
f 9586 9592 9536
f 9584 9592 9586
f 9586 9585 9529 9584
f 9542 9461 9585 9586
f 9585 9589 9529
f 9520 9585 9461
f 9589 9585 9520
f 9529 9589 9587 9459
f 9589 9588 97 9587
f 9520 9460 9588 9589
f 9518 9522 9472
f 9485 9518 9349
f 9522 9518 9485
f 9543 9520 9461
f 9522 9543 9472
f 9520 9543 9522
f 9522 9521 9460 9520
f 9485 8 9521 9522
f 1063 9 676
f 677 1063 678
f 9 1063 677
f 1053 888 75
f 888 677 678
f 677 1053 1
f 1053 677 888
f 1060 678 887
f 888 1060 889
f 678 1060 888
f 1049 930 673
f 930 888 889
f 888 1049 75
f 1049 888 930
f 1057 889 929
f 930 1057 931
f 889 1057 930
f 1045 937 884
f 937 930 931
f 930 1045 673
f 1045 930 937
f 1076 931 936
f 937 1076 938
f 931 1076 937
f 1041 950 926
f 950 937 938
f 937 1041 884
f 1041 937 950
f 938 949 951 950
f 1037 964 932
f 964 950 951
f 950 1037 926
f 1037 950 964
f 951 963 965 964
f 964 965 946 932
f 936 1070 1077 1076
f 1076 1077 949 938
f 1086 929 1056
f 1057 1086 1058
f 929 1086 1057
f 1069 1057 1058
f 931 1069 936
f 1057 1069 931
f 1083 1058 1068
f 1069 1083 1071
f 1058 1083 1069
f 1073 1069 1071
f 936 1073 1070
f 1069 1073 936
f 1079 1071 1072
f 1073 1079 1075
f 1071 1079 1073
f 1073 1075 1074 1070
f 1092 1072 1078
f 1079 1092 1081
f 1072 1092 1079
f 1079 1081 1080 1075
f 1099 1078 1091
f 1092 1099 1094
f 1078 1099 1092
f 1092 1094 1093 1081
f 1091 1098 1101 1099
f 1099 1101 1100 1094
f 1068 1082 1084 1083
f 1096 1083 1084
f 1071 1096 1072
f 1083 1096 1071
f 1084 1095 1097 1096
f 1103 1096 1097
f 1072 1103 1078
f 1096 1103 1072
f 1097 1102 1104 1103
f 1103 1104 1091 1078
f 1056 1085 1087 1086
f 1086 1087 1068 1058
f 1110 887 1059
f 1060 1110 1061
f 887 1110 1060
f 1089 1060 1061
f 889 1089 929
f 1060 1089 889
f 1106 1061 1088
f 1089 1106 1090
f 1061 1106 1089
f 1119 1089 1090
f 929 1119 1056
f 1089 1119 929
f 1090 1107 1120 1119
f 1119 1120 1085 1056
f 1122 1088 1105
f 1106 1122 1108
f 1088 1122 1106
f 1116 1106 1108
f 1090 1116 1107
f 1106 1116 1090
f 1108 1115 1118 1116
f 1116 1118 1117 1107
f 1105 1121 1123 1122
f 1122 1123 1115 1108
f 1059 1109 1111 1110
f 1125 1110 1111
f 1061 1125 1088
f 1110 1125 1061
f 1111 1124 1126 1125
f 1125 1126 1105 1088
f 1134 676 1062
f 1063 1134 1064
f 676 1134 1063
f 1113 1063 1064
f 678 1113 887
f 1063 1113 678
f 1131 1064 1112
f 1113 1131 1114
f 1064 1131 1113
f 1128 1113 1114
f 887 1128 1059
f 1113 1128 887
f 1114 1127 1129 1128
f 1128 1129 1109 1059
f 1140 1112 1130
f 1131 1140 1132
f 1112 1140 1131
f 1150 1131 1132
f 1114 1150 1127
f 1131 1150 1114
f 1200 1132 1141
f 1150 1200 1152
f 1132 1200 1150
f 1150 1152 1151 1127
f 1141 1148 1202 1200
f 1200 1202 1201 1152
f 1158 1130 1139
f 1140 1158 1142
f 1130 1158 1140
f 1147 1140 1142
f 1132 1147 1141
f 1140 1147 1132
f 1154 1142 1146
f 1147 1154 1149
f 1142 1154 1147
f 1197 1147 1149
f 1141 1197 1148
f 1147 1197 1141
f 1149 1155 1199 1197
f 1197 1199 1198 1148
f 1164 1146 1153
f 1154 1164 1156
f 1146 1164 1154
f 1194 1154 1156
f 1149 1194 1155
f 1154 1194 1149
f 1156 1165 1196 1194
f 1194 1196 1195 1155
f 1171 1153 1163
f 1164 1171 1166
f 1153 1171 1164
f 1191 1164 1166
f 1156 1191 1165
f 1164 1191 1156
f 1166 1172 1193 1191
f 1191 1193 1192 1165
f 1178 1163 1170
f 1171 1178 1173
f 1163 1178 1171
f 1188 1171 1173
f 1166 1188 1172
f 1171 1188 1166
f 1204 1173 1179
f 1188 1204 1190
f 1173 1204 1188
f 1188 1190 1189 1172
f 1207 1179 1186
f 1204 1207 1206
f 1179 1207 1204
f 1204 1206 1205 1190
f 1186 1209 1207
f 1207 1209 1208 1206
f 1170 1177 1180 1178
f 1185 1178 1180
f 1173 1185 1179
f 1178 1185 1173
f 1180 1184 1187 1185
f 1203 1185 1187
f 1179 1203 1186
f 1185 1203 1179
f 1139 1157 1159 1158
f 1168 1158 1159
f 1142 1168 1146
f 1158 1168 1142
f 1159 1167 1169 1168
f 1175 1168 1169
f 1146 1175 1153
f 1168 1175 1146
f 1169 1174 1176 1175
f 1182 1175 1176
f 1153 1182 1163
f 1175 1182 1153
f 1176 1181 1183 1182
f 1182 1183 1170 1163
f 1218 1062 1133
f 1134 1218 1135
f 1062 1218 1134
f 1144 1134 1135
f 1064 1144 1112
f 1134 1144 1064
f 1215 1135 1143
f 1144 1215 1145
f 1135 1215 1144
f 1161 1144 1145
f 1112 1161 1130
f 1144 1161 1112
f 1211 1145 1160
f 1161 1211 1162
f 1145 1211 1161
f 1161 1162 1139 1130
f 1224 1160 1210
f 1211 1224 1213
f 1160 1224 1211
f 1211 1213 1212 1162
f 1231 1210 1223
f 1224 1231 1226
f 1210 1231 1224
f 1224 1226 1225 1213
f 1223 1230 1233 1231
f 1231 1233 1232 1226
f 1143 1214 1216 1215
f 1228 1215 1216
f 1145 1228 1160
f 1215 1228 1145
f 1216 1227 1229 1228
f 1235 1228 1229
f 1160 1235 1210
f 1228 1235 1160
f 1229 1234 1236 1235
f 1238 1235 1236
f 1210 1238 1223
f 1235 1238 1210
f 1236 1237 1239 1238
f 1238 1239 1230 1223
f 1255 1133 1217
f 1218 1255 1219
f 1133 1255 1218
f 1241 1218 1219
f 1135 1241 1143
f 1218 1241 1135
f 1252 1219 1240
f 1241 1252 1242
f 1219 1252 1241
f 1244 1241 1242
f 1143 1244 1214
f 1241 1244 1143
f 1248 1242 1243
f 1244 1248 1246
f 1242 1248 1244
f 1244 1246 1245 1214
f 1271 1243 1247
f 1248 1271 1250
f 1243 1271 1248
f 1248 1250 1249 1246
f 1247 1265 1273 1271
f 1271 1273 1272 1250
f 1281 1240 1251
f 1252 1281 1253
f 1240 1281 1252
f 1261 1252 1253
f 1242 1261 1243
f 1252 1261 1242
f 1278 1253 1260
f 1261 1278 1262
f 1253 1278 1261
f 1264 1261 1262
f 1243 1264 1247
f 1261 1264 1243
f 1275 1262 1263
f 1264 1275 1266
f 1262 1275 1264
f 1268 1264 1266
f 1247 1268 1265
f 1264 1268 1247
f 1266 1267 1270 1268
f 1268 1270 1269 1265
f 1263 1274 1276 1275
f 1275 1276 1267 1266
f 1260 1277 1279 1278
f 1278 1279 1263 1262
f 1251 1280 1282 1281
f 1281 1282 1260 1253
f 1287 1217 1254
f 1255 1287 1256
f 1217 1287 1255
f 1284 1255 1256
f 1219 1284 1240
f 1255 1284 1219
f 1256 1283 1285 1284
f 1284 1285 1251 1240
f 1293 1254 1286
f 1287 1293 1288
f 1254 1293 1287
f 1287 1288 1283 1256
f 1286 1292 1295 1293
f 1293 1295 1294 1288
f 78 677 1
f 677 10 9
f 10 78 2
f 78 10 677
f 81 10 2
f 11 81 3
f 10 81 11
f 84 11 3
f 12 84 4
f 11 84 12
f 87 12 4
f 13 87 5
f 12 87 13
f 90 13 5
f 14 90 6
f 13 90 14
f 9262 93 7
f 93 14 6
f 14 9262 15
f 9262 14 93
f 9260 9488 9115
f 9488 9103 9263
f 9103 9260 16
f 9260 9103 9488
f 9115 9488 9491 9350
f 9486 9489 8
f 9491 9486 9350
f 9489 9486 9491
f 9491 9490 96 9489
f 9488 9263 9490 9491
f 9490 7 96
f 9262 9490 9263
f 7 9490 9262
f 9103 15 9262 9263
f 9418 9422 9411
f 9419 9418 9404
f 9422 9418 9419
f 9411 9422 9420 9406
f 9422 9421 9405 9420
f 9419 9338 9421 9422
f 9427 9419 9404
f 9419 9413 9338
f 9413 9427 9414
f 9427 9413 9419
f 9412 9395 9413 9414
f 9391 9356 9221
f 9376 9374 9361
f 9374 9368 9369
f 9368 9376 9353
f 9376 9368 9374
f 9366 9365 9358 9364
f 9380 9368 9353
f 9368 9365 9366
f 9365 9380 9340
f 9380 9365 9368
f 9358 9357 9221 9356
f 9384 9365 9340
f 9365 9357 9358
f 9357 9384 9337
f 9384 9357 9365
f 9373 9372 9361 9371
f 9370 9367 9372 9373
f 9363 9375 9378 9367
f 9372 9376 9361
f 9378 9372 9367
f 9376 9372 9378
f 9378 9377 9353 9376
f 9375 9362 9377 9378
f 9375 9355 9362
f 9360 9375 9363
f 9355 9375 9360
f 9355 9379 9382 9362
f 9377 9380 9353
f 9382 9377 9362
f 9380 9377 9382
f 9382 9381 9340 9380
f 9379 9354 9381 9382
f 9379 9342 9354
f 9352 9379 9355
f 9342 9379 9352
f 9342 9383 9386 9354
f 9381 9384 9340
f 9386 9381 9354
f 9384 9381 9386
f 9386 9385 9337 9384
f 9383 9341 9385 9386
f 9383 9288 9341
f 9339 9383 9342
f 9288 9383 9339
f 9327 9326 9303 9325
f 9306 9285 9326 9327
f 9339 9336 9328
f 9328 9336 9298
f 9336 9339 9296
f 9339 9328 9297 9288
f 9326 9330 9303
f 9310 9326 9285
f 9330 9326 9310
f 9303 9330 9328 9298
f 9330 9329 9297 9328
f 9310 8875 9329 9330
f 9443 9442 9435 9441
f 9430 9398 9442 9443
f 9435 9434 9403 9433
f 9442 9434 9435
f 9346 9442 9398
f 9434 9442 9346
f 9463 9401 9453
f 9454 9463 9455
f 9401 9463 9454
f 9462 9454 9455
f 9403 9462 9433
f 9454 9462 9403
f 9454 9480 9401
f 9480 9402 9351
f 9402 9454 9403
f 9454 9402 9480
f 9434 9402 9403
f 9259 9434 9346
f 9402 9434 9259
f 9498 9497 9493 9496
f 9495 9467 9497 9498
f 9475 9466 9474
f 9474 9499 9467
f 9499 9476 9479
f 9476 9474 9466
f 9474 9476 9499
f 9497 9502 9493
f 9499 9497 9467
f 9502 9497 9499
f 9493 9502 9500 9464
f 9502 9501 9477 9500
f 9499 9479 9501 9502
f 9501 9458 9477
f 9478 9501 9479
f 9458 9501 9478
f 9476 9465 9478 9479
f 9492 9476 9466
f 9476 9401 9465
f 9401 9492 9453
f 9492 9401 9476
f 9500 9494 9464
f 9505 9500 9477
f 9494 9500 9505
f 9494 9505 9503 9470
f 9505 9504 9469 9503
f 9477 9458 9504 9505
f 9504 9508 9469
f 9481 9504 9458
f 9508 9504 9481
f 9469 9508 9506 9456
f 9508 9507 9349 9506
f 9481 9457 9507 9508
f 9401 9480 9483 9465
f 9478 9481 9458
f 9483 9478 9465
f 9481 9478 9483
f 9483 9482 9457 9481
f 9480 9351 9482 9483
f 9482 9487 9457
f 9484 9482 9351
f 9487 9482 9484
f 9507 9485 9349
f 9487 9507 9457
f 9485 9507 9487
f 9487 9486 8 9485
f 9484 9350 9486 9487
f 9402 9484 9351
f 9484 9115 9350
f 9115 9402 9259
f 9402 9115 9484
f 9329 9333 9297
f 9314 9329 8875
f 9333 9329 9314
f 9387 9333 9331
f 9297 9387 9288
f 9333 9387 9297
f 9333 9332 9301 9331
f 9314 9256 9332 9333
f 9288 9387 9390 9341
f 9385 9388 9337
f 9390 9385 9341
f 9388 9385 9390
f 9390 9389 9345 9388
f 9387 9331 9389 9390
f 9388 9357 9337
f 9357 9343 9221
f 9343 9388 9345
f 9388 9343 9357
f 9345 9344 9299 9343
f 9389 9344 9345
f 9301 9389 9331
f 9344 9389 9301
f 9344 9261 9299
f 9300 9344 9301
f 9261 9344 9300
f 9332 9300 9301
f 9188 9332 9256
f 9300 9332 9188
f 9391 9415 9359
f 9415 9343 9394
f 9343 9391 9221
f 9391 9343 9415
f 9359 9415 9417 9395
f 9413 9423 9338
f 9423 9417 9407
f 9417 9413 9395
f 9413 9417 9423
f 9417 9416 9392 9407
f 9415 9394 9416 9417
f 9416 9348 9392
f 9393 9416 9394
f 9348 9416 9393
f 9343 9299 9393 9394
f 9421 9426 9405
f 9423 9421 9338
f 9426 9421 9423
f 9405 9426 9424 9397
f 9426 9425 9410 9424
f 9423 9407 9425 9426
f 9424 9449 9396 9397
f 9449 9424 9410 9408
f 9410 9409 9400 9408
f 9425 9409 9410
f 9392 9425 9407
f 9409 9425 9392
f 9396 9449 9451 9429
f 9452 9445 9428
f 9445 9451 9437
f 9451 9452 9429
f 9452 9451 9445
f 9451 9450 9432 9437
f 9449 9408 9450 9451
f 9444 9448 9436
f 9445 9444 9428
f 9448 9444 9445
f 9448 9447 9440 9446
f 9445 9437 9447 9448
f 9440 9439 9430 9438
f 9447 9439 9440
f 9432 9447 9437
f 9439 9447 9432
f 9439 9398 9430
f 9431 9439 9432
f 9398 9439 9431
f 9450 9431 9432
f 9400 9450 9408
f 9431 9450 9400
f 9431 9346 9398
f 9399 9431 9400
f 9346 9431 9399
f 9409 9399 9400
f 9348 9409 9392
f 9399 9409 9348
f 9399 9259 9346
f 9347 9399 9348
f 9259 9399 9347
f 9393 9347 9348
f 9261 9393 9299
f 9347 9393 9261
f 9347 9115 9259
f 9260 9347 9261
f 9115 9347 9260
f 9300 9260 9261
f 16 9300 9188
f 9260 9300 16
f 1329 17 1065
f 1066 1329 1067
f 17 1329 1066
f 1137 1066 1067
f 9 1137 676
f 1066 1137 9
f 1326 1067 1136
f 1137 1326 1138
f 1067 1326 1137
f 1221 1137 1138
f 676 1221 1062
f 1137 1221 676
f 1323 1138 1220
f 1221 1323 1222
f 1138 1323 1221
f 1258 1221 1222
f 1062 1258 1133
f 1221 1258 1062
f 1320 1222 1257
f 1258 1320 1259
f 1222 1320 1258
f 1290 1258 1259
f 1133 1290 1217
f 1258 1290 1133
f 1317 1259 1289
f 1290 1317 1291
f 1259 1317 1290
f 1297 1290 1291
f 1217 1297 1254
f 1290 1297 1217
f 1314 1291 1296
f 1297 1314 1298
f 1291 1314 1297
f 1300 1297 1298
f 1254 1300 1286
f 1297 1300 1254
f 1311 1298 1299
f 1300 1311 1301
f 1298 1311 1300
f 1303 1300 1301
f 1286 1303 1292
f 1300 1303 1286
f 1307 1301 1302
f 1303 1307 1305
f 1301 1307 1303
f 1303 1305 1304 1292
f 1302 1306 1309 1307
f 1307 1309 1308 1305
f 1299 1310 1312 1311
f 1335 1311 1312
f 1301 1335 1302
f 1311 1335 1301
f 1312 1334 1336 1335
f 1335 1336 1306 1302
f 1296 1313 1315 1314
f 1314 1315 1299 1298
f 1289 1316 1318 1317
f 1317 1318 1296 1291
f 1338 1257 1319
f 1320 1338 1321
f 1257 1338 1320
f 1320 1321 1289 1259
f 1319 1337 1340 1338
f 1338 1340 1339 1321
f 1220 1322 1324 1323
f 1342 1323 1324
f 1222 1342 1257
f 1323 1342 1222
f 1324 1341 1343 1342
f 1342 1343 1319 1257
f 1355 1136 1325
f 1326 1355 1327
f 1136 1355 1326
f 1345 1326 1327
f 1138 1345 1220
f 1326 1345 1138
f 1352 1327 1344
f 1345 1352 1346
f 1327 1352 1345
f 1348 1345 1346
f 1220 1348 1322
f 1345 1348 1220
f 1381 1346 1347
f 1348 1381 1350
f 1346 1381 1348
f 1348 1350 1349 1322
f 1347 1362 1383 1381
f 1381 1383 1382 1350
f 1369 1344 1351
f 1352 1369 1353
f 1344 1369 1352
f 1361 1352 1353
f 1346 1361 1347
f 1352 1361 1346
f 1365 1353 1360
f 1361 1365 1363
f 1353 1365 1361
f 1378 1361 1363
f 1347 1378 1362
f 1361 1378 1347
f 1363 1366 1380 1378
f 1378 1380 1379 1362
f 1360 1364 1367 1365
f 1375 1365 1367
f 1363 1375 1366
f 1365 1375 1363
f 1367 1374 1377 1375
f 1375 1377 1376 1366
f 1351 1368 1370 1369
f 1369 1370 1360 1353
f 1389 1325 1354
f 1355 1389 1356
f 1325 1389 1355
f 1372 1355 1356
f 1327 1372 1344
f 1355 1372 1327
f 1385 1356 1371
f 1372 1385 1373
f 1356 1385 1372
f 1372 1373 1351 1344
f 1395 1371 1384
f 1385 1395 1387
f 1371 1395 1385
f 1385 1387 1386 1373
f 1384 1394 1397 1395
f 1395 1397 1396 1387
f 1415 1354 1388
f 1389 1415 1390
f 1354 1415 1389
f 1399 1389 1390
f 1356 1399 1371
f 1389 1399 1356
f 1412 1390 1398
f 1399 1412 1400
f 1390 1412 1399
f 1402 1399 1400
f 1371 1402 1384
f 1399 1402 1371
f 1409 1400 1401
f 1402 1409 1403
f 1400 1409 1402
f 1405 1402 1403
f 1384 1405 1394
f 1402 1405 1384
f 1403 1404 1407 1405
f 1405 1407 1406 1394
f 1401 1408 1410 1409
f 1409 1410 1404 1403
f 1398 1411 1413 1412
f 1412 1413 1401 1400
f 1388 1414 1416 1415
f 1415 1416 1398 1390
f 1427 1065 1328
f 1329 1427 1330
f 1065 1427 1329
f 1358 1329 1330
f 1067 1358 1136
f 1329 1358 1067
f 1424 1330 1357
f 1358 1424 1359
f 1330 1424 1358
f 1392 1358 1359
f 1136 1392 1325
f 1358 1392 1136
f 1421 1359 1391
f 1392 1421 1393
f 1359 1421 1392
f 1418 1392 1393
f 1325 1418 1354
f 1392 1418 1325
f 1393 1417 1419 1418
f 1418 1419 1388 1354
f 1391 1420 1422 1421
f 1421 1422 1417 1393
f 1443 1357 1423
f 1424 1443 1425
f 1357 1443 1424
f 1433 1424 1425
f 1359 1433 1391
f 1424 1433 1359
f 1440 1425 1432
f 1433 1440 1434
f 1425 1440 1433
f 1436 1433 1434
f 1391 1436 1420
f 1433 1436 1391
f 1434 1435 1438 1436
f 1436 1438 1437 1420
f 1453 1432 1439
f 1440 1453 1441
f 1432 1453 1440
f 1449 1440 1441
f 1434 1449 1435
f 1440 1449 1434
f 1441 1448 1451 1449
f 1449 1451 1450 1435
f 1439 1452 1454 1453
f 1453 1454 1448 1441
f 1423 1442 1444 1443
f 1456 1443 1444
f 1425 1456 1432
f 1443 1456 1425
f 1444 1455 1457 1456
f 1456 1457 1439 1432
f 1476 1328 1426
f 1427 1476 1428
f 1328 1476 1427
f 1446 1427 1428
f 1330 1446 1357
f 1427 1446 1330
f 1473 1428 1445
f 1446 1473 1447
f 1428 1473 1446
f 1459 1446 1447
f 1357 1459 1423
f 1446 1459 1357
f 1470 1447 1458
f 1459 1470 1460
f 1447 1470 1459
f 1462 1459 1460
f 1423 1462 1442
f 1459 1462 1423
f 1466 1460 1461
f 1462 1466 1464
f 1460 1466 1462
f 1462 1464 1463 1442
f 1482 1461 1465
f 1466 1482 1468
f 1461 1482 1466
f 1466 1468 1467 1464
f 1465 1481 1484 1482
f 1482 1484 1483 1468
f 1458 1469 1471 1470
f 1486 1470 1471
f 1460 1486 1461
f 1470 1486 1460
f 1471 1485 1487 1486
f 1486 1487 1465 1461
f 1445 1472 1474 1473
f 1473 1474 1458 1447
f 1489 1426 1475
f 1476 1489 1477
f 1426 1489 1476
f 1476 1477 1445 1428
f 1475 1488 1491 1489
f 1489 1491 1490 1477
f 1066 18 17
f 10 1066 9
f 18 1066 10
f 19 18 10 11
f 20 19 11 12
f 21 20 12 13
f 22 21 13 14
f 9104 14 15
f 22 9104 23
f 14 9104 22
f 9101 9105 8876
f 8936 9101 24
f 9105 9101 8936
f 9189 9103 16
f 9105 9189 8876
f 9103 9189 9105
f 9105 9104 15 9103
f 8936 23 9104 9105
f 9177 9174 9175
f 9158 9177 9161
f 9174 9177 9158
f 9161 9173 9172
f 9171 9163 9172 9173
f 9172 9158 9161
f 9162 9172 9163
f 9158 9172 9162
f 9160 9113 9162 9163
f 9147 9141 9110
f 9141 9122 9123
f 9122 9147 9050
f 9147 9122 9141
f 9142 9132 9112
f 9133 9142 9119
f 9132 9142 9133
f 9131 9109 9132 9133
f 9121 9139 9138
f 9137 9130 9138 9139
f 9154 9157 9140
f 9143 9154 9121
f 9157 9154 9143
f 9157 9156 9110 9155
f 9143 9120 9156 9157
f 9119 9142 9145 9130
f 9138 9143 9121
f 9145 9138 9130
f 9143 9138 9145
f 9145 9144 9120 9143
f 9142 9112 9144 9145
f 9144 9149 9120
f 9146 9144 9112
f 9149 9144 9146
f 9156 9147 9110
f 9149 9156 9120
f 9147 9156 9149
f 9149 9148 9050 9147
f 9146 9111 9148 9149
f 9132 9146 9112
f 9146 9107 9111
f 9107 9132 9109
f 9132 9107 9146
f 9047 9134 9136 9108
f 9136 9135 9107 9109
f 9134 8872 9135 9136
f 9214 9165 9196
f 8966 9214 9176
f 9165 9214 8966
f 9176 9214 9217 9215
f 9210 9217 9191
f 9215 9210 9159
f 9217 9210 9215
f 9217 9216 9178 9191
f 9214 9196 9216 9217
f 9216 9170 9178
f 9195 9216 9196
f 9170 9216 9195
f 9165 9124 9195 9196
f 9159 9210 9213 9211
f 9213 9212 9194 9197
f 9210 9191 9212 9213
f 9209 9208 9200 9207
f 9206 9197 9208 9209
f 9200 9199 9192 9198
f 9208 9199 9200
f 9194 9208 9197
f 9199 9208 9194
f 9199 9181 9192
f 9193 9199 9194
f 9181 9199 9193
f 9212 9193 9194
f 9178 9212 9191
f 9193 9212 9178
f 9203 9202 9179 9201
f 9192 9181 9202 9203
f 9202 9168 9179
f 9180 9202 9181
f 9168 9202 9180
f 9193 9180 9181
f 9170 9193 9178
f 9180 9193 9170
f 9180 9129 9168
f 9169 9180 9170
f 9129 9180 9169
f 9195 9169 9170
f 9097 9195 9124
f 9169 9195 9097
f 9184 9205 9204
f 9179 9168 9204 9205
f 9184 9183 9127 9182
f 9204 9183 9184
f 9129 9204 9168
f 9183 9204 9129
f 9183 9240 9127
f 9240 9128 8877
f 9128 9183 9129
f 9183 9128 9240
f 9169 9128 9129
f 8965 9169 9097
f 9128 9169 8965
f 9135 9150 9107
f 9150 9094 9118
f 9094 9135 8872
f 9135 9094 9150
f 9107 9150 9153 9111
f 9148 9151 9050
f 9153 9148 9111
f 9151 9148 9153
f 9153 9152 9116 9151
f 9150 9118 9152 9153
f 9152 9099 9116
f 9117 9152 9118
f 9099 9152 9117
f 9094 9020 9117 9118
f 9164 9122 9151
f 9151 9122 9050
f 9122 9164 9113
f 9164 9151 9116 9126
f 9162 9167 9158
f 9164 9162 9113
f 9167 9162 9164
f 9174 9165 8966
f 9167 9174 9158
f 9165 9174 9167
f 9167 9166 9124 9165
f 9164 9126 9166 9167
f 9166 9097 9124
f 9125 9166 9126
f 9097 9166 9125
f 9116 9099 9125 9126
f 9125 8965 9097
f 9098 9125 9099
f 8965 9125 9098
f 9117 9098 9099
f 8698 9117 9020
f 9098 9117 8698
f 9281 9280 9252 9279
f 9249 9185 9280 9281
f 9292 9291 9287 9290
f 9289 9253 9291 9292
f 9320 9319 9304 9318
f 9317 9302 9319 9320
f 9334 9321 9302
f 9321 9305 9308
f 9305 9334 9295
f 9334 9305 9321
f 9319 9324 9304
f 9321 9319 9302
f 9324 9319 9321
f 9304 9324 9322 9293
f 9324 9323 9306 9322
f 9321 9308 9323 9324
f 9323 9285 9306
f 9307 9323 9308
f 9285 9323 9307
f 9305 9294 9307 9308
f 9335 9305 9295
f 9305 9287 9294
f 9287 9335 9290
f 9335 9287 9305
f 9287 9309 9312 9294
f 9307 9310 9285
f 9312 9307 9294
f 9310 9307 9312
f 9312 9311 8875 9310
f 9309 9286 9311 9312
f 9291 9309 9287
f 9309 9220 9286
f 9220 9291 9253
f 9291 9220 9309
f 9280 9284 9252
f 9265 9280 9185
f 9284 9280 9265
f 9282 9252 9284
f 9284 9283 9255 9282
f 9265 9227 9283 9284
f 9255 9254 9220 9253
f 9283 9254 9255
f 9114 9283 9227
f 9254 9283 9114
f 9246 9245 9222 9234
f 9244 9239 9245 9246
f 9245 9187 9222
f 9238 9245 9239
f 9187 9245 9238
f 9237 9218 9238 9239
f 9271 9270 9251 9269
f 9268 9248 9270 9271
f 9278 9277 9249 9276
f 9269 9251 9277 9278
f 9277 9185 9249
f 9250 9277 9251
f 9185 9277 9250
f 9270 9250 9251
f 9247 9270 9248
f 9250 9270 9247
f 9223 9272 9275 9273
f 9275 9274 9247 9248
f 9272 9219 9274 9275
f 9243 9235 9236
f 9222 9243 9234
f 9235 9243 9222
f 9272 9224 9219
f 9225 9272 9223
f 9224 9272 9225
f 9235 9224 9225
f 9187 9235 9222
f 9224 9235 9187
f 9224 9264 9219
f 9264 9226 9229
f 9226 9224 9187
f 9224 9226 9264
f 9274 9267 9247
f 9264 9274 9219
f 9267 9274 9264
f 9250 9265 9185
f 9267 9250 9247
f 9265 9250 9267
f 9267 9266 9227 9265
f 9264 9229 9266 9267
f 9266 9114 9227
f 9228 9266 9229
f 9114 9266 9228
f 9226 9186 9228 9229
f 9127 9240 9242 9218
f 9238 9226 9187
f 9242 9238 9218
f 9226 9238 9242
f 9242 9241 9186 9226
f 9240 8877 9241 9242
f 9241 9233 9186
f 9230 9241 8877
f 9233 9241 9230
f 9228 9231 9114
f 9233 9228 9186
f 9231 9228 9233
f 9233 9232 9190 9231
f 9230 9100 9232 9233
f 9254 9313 9220
f 9313 9231 9258
f 9231 9254 9114
f 9254 9231 9313
f 9220 9313 9316 9286
f 9311 9314 8875
f 9316 9311 9286
f 9314 9311 9316
f 9316 9315 9256 9314
f 9313 9258 9315 9316
f 9315 9188 9256
f 9257 9315 9258
f 9188 9315 9257
f 9231 9190 9257 9258
f 9257 16 9188
f 9189 9257 9190
f 16 9257 9189
f 9232 9189 9190
f 8876 9232 9100
f 9189 9232 8876
f 9098 9102 8965
f 8974 9098 8698
f 9102 9098 8974
f 9128 9230 8877
f 9230 9102 9100
f 9102 9128 8965
f 9128 9102 9230
f 9102 9101 8876 9100
f 8974 24 9101 9102
f 1508 25 1331
f 1332 1508 1333
f 25 1508 1332
f 1430 1332 1333
f 17 1430 1065
f 1332 1430 17
f 1505 1333 1429
f 1430 1505 1431
f 1333 1505 1430
f 1479 1430 1431
f 1065 1479 1328
f 1430 1479 1065
f 1502 1431 1478
f 1479 1502 1480
f 1431 1502 1479
f 1493 1479 1480
f 1328 1493 1426
f 1479 1493 1328
f 1499 1480 1492
f 1493 1499 1494
f 1480 1499 1493
f 1496 1493 1494
f 1426 1496 1475
f 1493 1496 1426
f 1494 1495 1497 1496
f 1496 1497 1488 1475
f 1514 1492 1498
f 1499 1514 1500
f 1492 1514 1499
f 1499 1500 1495 1494
f 1531 1498 1513
f 1514 1531 1516
f 1498 1531 1514
f 1514 1516 1515 1500
f 1538 1513 1525
f 1531 1538 1533
f 1513 1538 1531
f 1531 1533 1532 1516
f 1525 1529 1540 1538
f 1538 1540 1539 1533
f 1558 1478 1501
f 1502 1558 1503
f 1478 1558 1502
f 1518 1502 1503
f 1480 1518 1492
f 1502 1518 1480
f 1555 1503 1517
f 1518 1555 1519
f 1503 1555 1518
f 1521 1518 1519
f 1492 1521 1498
f 1518 1521 1492
f 1552 1519 1520
f 1521 1552 1522
f 1519 1552 1521
f 1524 1521 1522
f 1498 1524 1513
f 1521 1524 1498
f 1549 1522 1523
f 1524 1549 1526
f 1522 1549 1524
f 1528 1524 1526
f 1513 1528 1525
f 1524 1528 1513
f 1546 1526 1527
f 1528 1546 1530
f 1526 1546 1528
f 1535 1528 1530
f 1525 1535 1529
f 1528 1535 1525
f 1542 1530 1534
f 1535 1542 1537
f 1530 1542 1535
f 1535 1537 1536 1529
f 1534 1541 1544 1542
f 1542 1544 1543 1537
f 1527 1545 1547 1546
f 1564 1546 1547
f 1530 1564 1534
f 1546 1564 1530
f 1547 1563 1565 1564
f 1564 1565 1541 1534
f 1523 1548 1550 1549
f 1549 1550 1527 1526
f 1520 1551 1553 1552
f 1552 1553 1523 1522
f 1517 1554 1556 1555
f 1555 1556 1520 1519
f 1501 1557 1559 1558
f 1558 1559 1517 1503
f 1571 1429 1504
f 1505 1571 1506
f 1429 1571 1505
f 1561 1505 1506
f 1431 1561 1478
f 1505 1561 1431
f 1567 1506 1560
f 1561 1567 1562
f 1506 1567 1561
f 1561 1562 1501 1478
f 1603 1560 1566
f 1567 1603 1569
f 1560 1603 1567
f 1567 1569 1568 1562
f 1566 1581 1605 1603
f 1603 1605 1604 1569
f 1591 1504 1570
f 1571 1591 1572
f 1504 1591 1571
f 1577 1571 1572
f 1506 1577 1560
f 1571 1577 1506
f 1588 1572 1576
f 1577 1588 1578
f 1572 1588 1577
f 1580 1577 1578
f 1560 1580 1566
f 1577 1580 1560
f 1584 1578 1579
f 1580 1584 1582
f 1578 1584 1580
f 1600 1580 1582
f 1566 1600 1581
f 1580 1600 1566
f 1582 1585 1602 1600
f 1600 1602 1601 1581
f 1607 1579 1583
f 1584 1607 1586
f 1579 1607 1584
f 1597 1584 1586
f 1582 1597 1585
f 1584 1597 1582
f 1586 1596 1599 1597
f 1597 1599 1598 1585
f 1583 1606 1608 1607
f 1607 1608 1596 1586
f 1576 1587 1589 1588
f 1610 1588 1589
f 1578 1610 1579
f 1588 1610 1578
f 1589 1609 1611 1610
f 1610 1611 1583 1579
f 1570 1590 1592 1591
f 1591 1592 1576 1572
f 1633 1331 1507
f 1508 1633 1509
f 1331 1633 1508
f 1574 1508 1509
f 1333 1574 1429
f 1508 1574 1333
f 1630 1509 1573
f 1574 1630 1575
f 1509 1630 1574
f 1594 1574 1575
f 1429 1594 1504
f 1574 1594 1429
f 1627 1575 1593
f 1594 1627 1595
f 1575 1627 1594
f 1613 1594 1595
f 1504 1613 1570
f 1594 1613 1504
f 1624 1595 1612
f 1613 1624 1614
f 1595 1624 1613
f 1616 1613 1614
f 1570 1616 1590
f 1613 1616 1570
f 1620 1614 1615
f 1616 1620 1618
f 1614 1620 1616
f 1616 1618 1617 1590
f 1639 1615 1619
f 1620 1639 1622
f 1615 1639 1620
f 1620 1622 1621 1618
f 1646 1619 1638
f 1639 1646 1641
f 1619 1646 1639
f 1639 1641 1640 1622
f 1663 1638 1645
f 1646 1663 1648
f 1638 1663 1646
f 1646 1648 1647 1641
f 1668 1645 1657
f 1663 1668 1665
f 1645 1668 1663
f 1663 1665 1664 1648
f 1657 1661 1670 1668
f 1668 1670 1669 1665
f 1686 1612 1623
f 1624 1686 1625
f 1612 1686 1624
f 1643 1624 1625
f 1614 1643 1615
f 1624 1643 1614
f 1683 1625 1642
f 1643 1683 1644
f 1625 1683 1643
f 1650 1643 1644
f 1615 1650 1619
f 1643 1650 1615
f 1680 1644 1649
f 1650 1680 1651
f 1644 1680 1650
f 1653 1650 1651
f 1619 1653 1638
f 1650 1653 1619
f 1677 1651 1652
f 1653 1677 1654
f 1651 1677 1653
f 1656 1653 1654
f 1638 1656 1645
f 1653 1656 1638
f 1674 1654 1655
f 1656 1674 1658
f 1654 1674 1656
f 1660 1656 1658
f 1645 1660 1657
f 1656 1660 1645
f 1672 1658 1659
f 1660 1672 1662
f 1658 1672 1660
f 1666 1660 1662
f 1657 1666 1661
f 1660 1666 1657
f 1666 1667 1661
f 1671 1672 1659
f 1655 1673 1675 1674
f 1674 1675 1659 1658
f 1652 1676 1678 1677
f 1677 1678 1655 1654
f 1649 1679 1681 1680
f 1680 1681 1652 1651
f 1642 1682 1684 1683
f 1683 1684 1649 1644
f 1623 1685 1687 1686
f 1686 1687 1642 1625
f 1593 1626 1628 1627
f 1689 1627 1628
f 1595 1689 1612
f 1627 1689 1595
f 1628 1688 1690 1689
f 1689 1690 1623 1612
f 1718 1573 1629
f 1630 1718 1631
f 1573 1718 1630
f 1630 1631 1593 1575
f 1629 1696 1720 1718
f 1718 1720 1719 1631
f 1706 1507 1632
f 1633 1706 1634
f 1507 1706 1633
f 1692 1633 1634
f 1509 1692 1573
f 1633 1692 1509
f 1703 1634 1691
f 1692 1703 1693
f 1634 1703 1692
f 1695 1692 1693
f 1573 1695 1629
f 1692 1695 1573
f 1699 1693 1694
f 1695 1699 1697
f 1693 1699 1695
f 1715 1695 1697
f 1629 1715 1696
f 1695 1715 1629
f 1697 1700 1717 1715
f 1715 1717 1716 1696
f 1726 1694 1698
f 1699 1726 1701
f 1694 1726 1699
f 1712 1699 1701
f 1697 1712 1700
f 1699 1712 1697
f 1722 1701 1711
f 1712 1722 1714
f 1701 1722 1712
f 1712 1714 1713 1700
f 1711 1721 1724 1722
f 1722 1724 1723 1714
f 1698 1725 1727 1726
f 1732 1726 1727
f 1701 1732 1711
f 1726 1732 1701
f 1727 1731 1733 1732
f 1732 1733 1721 1711
f 1691 1702 1704 1703
f 1729 1703 1704
f 1693 1729 1694
f 1703 1729 1693
f 1704 1728 1730 1729
f 1729 1730 1698 1694
f 1742 1632 1705
f 1706 1742 1707
f 1632 1742 1706
f 1735 1706 1707
f 1634 1735 1691
f 1706 1735 1634
f 1738 1707 1734
f 1735 1738 1736
f 1707 1738 1735
f 1751 1735 1736
f 1691 1751 1702
f 1735 1751 1691
f 1736 1739 1753 1751
f 1751 1753 1752 1702
f 1755 1734 1737
f 1738 1755 1740
f 1734 1755 1738
f 1748 1738 1740
f 1736 1748 1739
f 1738 1748 1736
f 1768 1740 1747
f 1748 1768 1750
f 1740 1768 1748
f 1748 1750 1749 1739
f 1747 1762 1770 1768
f 1768 1770 1769 1750
f 1775 1737 1754
f 1755 1775 1756
f 1737 1775 1755
f 1761 1755 1756
f 1740 1761 1747
f 1755 1761 1740
f 1772 1756 1760
f 1761 1772 1763
f 1756 1772 1761
f 1765 1761 1763
f 1747 1765 1762
f 1761 1765 1747
f 1763 1764 1767 1765
f 1765 1767 1766 1762
f 1785 1760 1771
f 1772 1785 1773
f 1760 1785 1772
f 1781 1772 1773
f 1763 1781 1764
f 1772 1781 1763
f 1773 1780 1783 1781
f 1781 1783 1782 1764
f 1771 1784 1786 1785
f 1785 1786 1780 1773
f 1754 1774 1776 1775
f 1788 1775 1776
f 1756 1788 1760
f 1775 1788 1756
f 1776 1787 1789 1788
f 1788 1789 1771 1760
f 1705 1741 1743 1742
f 1758 1742 1743
f 1707 1758 1734
f 1742 1758 1707
f 1743 1757 1759 1758
f 1778 1758 1759
f 1734 1778 1737
f 1758 1778 1734
f 1759 1777 1779 1778
f 1778 1779 1754 1737
f 1332 26 25
f 18 1332 17
f 26 1332 18
f 27 26 18 19
f 28 27 19 20
f 29 28 20 21
f 30 29 21 22
f 8937 22 23
f 30 8937 31
f 22 8937 30
f 8933 8938 8699
f 8935 8933 32
f 8938 8933 8935
f 8975 8936 24
f 8938 8975 8699
f 8936 8975 8938
f 8938 8937 23 8936
f 8935 31 8937 8938
f 8848 8853 8842
f 8850 8848 33
f 8853 8848 8850
f 8859 8891 8838
f 8891 8853 8851
f 8853 8859 8842
f 8859 8853 8891
f 8853 8852 8845 8851
f 8850 8823 8852 8853
f 8838 8891 8893 8865
f 8889 8881 8861
f 8893 8889 8865
f 8881 8889 8893
f 8893 8892 8868 8881
f 8891 8851 8892 8893
f 8880 8884 8878
f 8881 8880 8861
f 8884 8880 8881
f 8894 8882 8706
f 8884 8894 8878
f 8882 8894 8884
f 8884 8883 8866 8882
f 8881 8868 8883 8884
f 8883 8843 8866
f 8867 8883 8868
f 8843 8883 8867
f 8892 8867 8868
f 8845 8892 8851
f 8867 8892 8845
f 8867 8923 8843
f 8923 8844 8828
f 8844 8867 8845
f 8867 8844 8923
f 8852 8844 8845
f 8695 8852 8823
f 8844 8852 8695
f 8943 8947 8895
f 8948 8943 8906
f 8947 8943 8948
f 8946 8897 8947 8948
f 8947 8915 8895
f 8915 8896 8887
f 8896 8947 8897
f 8947 8896 8915
f 8882 8866 8896 8897
f 8942 8941 8914 8940
f 8939 8911 8941 8942
f 8951 8950 8912 8949
f 8940 8914 8950 8951
f 8950 8900 8912
f 8913 8950 8914
f 8900 8950 8913
f 8941 8913 8914
f 8907 8941 8911
f 8913 8941 8907
f 8945 8906 8943
f 8908 8945 8939
f 8939 8945 8911
f 8945 8944 8907 8911
f 8943 8895 8944 8945
f 8954 8953 8909 8952
f 8912 8900 8953 8954
f 8953 8957 8909
f 8916 8953 8900
f 8957 8953 8916
f 8909 8957 8955 8898
f 8957 8956 8885 8955
f 8916 8899 8956 8957
f 8944 8918 8907
f 8915 8944 8895
f 8918 8944 8915
f 8913 8916 8900
f 8918 8913 8907
f 8916 8913 8918
f 8918 8917 8899 8916
f 8915 8887 8917 8918
f 8917 8922 8899
f 8919 8917 8887
f 8922 8917 8919
f 8956 8920 8885
f 8922 8956 8899
f 8920 8956 8922
f 8922 8921 8871 8920
f 8919 8886 8921 8922
f 8896 8919 8887
f 8919 8843 8886
f 8843 8896 8866
f 8896 8843 8919
f 8920 8910 8885
f 8910 8901 8902
f 8901 8920 8871
f 8920 8901 8910
f 8967 8901 8924
f 8924 8901 8871
f 8901 8967 8869
f 8967 8924 8870 8826
f 8843 8923 8926 8886
f 8921 8924 8871
f 8926 8921 8886
f 8924 8921 8926
f 8926 8925 8870 8924
f 8923 8828 8925 8926
f 8925 8930 8870
f 8927 8925 8828
f 8930 8925 8927
f 8870 8930 8928 8826
f 8930 8929 8700 8928
f 8927 8827 8929 8930
f 8844 8927 8828
f 8927 8506 8827
f 8506 8844 8695
f 8844 8506 8927
f 9006 8979 9004
f 9006 9005 8962 8988
f 9004 8978 9005 9006
f 9004 8959 8978
f 8977 9004 8979
f 8959 9004 8977
f 8989 8983 9013 9014
f 9003 9002 8991 9001
f 9000 8988 9002 9003
f 9012 9011 8989 9010
f 9001 8991 9011 9012
f 9011 8983 8989
f 8990 9011 8991
f 8983 9011 8990
f 9002 8990 8991
f 8962 9002 8988
f 8990 9002 8962
f 8990 8995 8983
f 8992 8990 8962
f 8995 8990 8992
f 9013 8993 8960
f 8995 9013 8983
f 8993 9013 8995
f 8995 8994 8905 8993
f 8992 8961 8994 8995
f 8959 9007 9009 8978
f 9005 8992 8962
f 9009 9005 8978
f 8992 9005 9009
f 9009 9008 8961 8992
f 9007 8958 9008 9009
f 9007 8981 8958
f 8982 9007 8959
f 8981 9007 8982
f 8980 8869 8981 8982
f 9043 9042 8903 9041
f 9031 9016 9042 9043
f 9033 9032 9016 9031
f 9030 9015 9032 9033
f 9027 8963 9028 9029
f 9023 8984 8997
f 8997 8984 8905
f 8984 9023 8963
f 9023 8997 8968 8987
f 9028 9034 9015
f 9034 9023 9026
f 9023 9028 8963
f 9028 9023 9034
f 9032 9037 9016
f 9034 9032 9015
f 9037 9032 9034
f 9042 9035 8903
f 9037 9042 9016
f 9035 9042 9037
f 9037 9036 9024 9035
f 9034 9026 9036 9037
f 9036 8985 9024
f 9025 9036 9026
f 8985 9036 9025
f 9023 8987 9025 9026
f 9025 8874 8985
f 8986 9025 8987
f 8874 9025 8986
f 8968 8904 8986 8987
f 8981 8996 8958
f 8996 8967 8970
f 8967 8981 8869
f 8981 8967 8996
f 9008 8999 8961
f 8996 9008 8958
f 8999 9008 8996
f 8994 8997 8905
f 8999 8994 8961
f 8997 8994 8999
f 8999 8998 8968 8997
f 8996 8970 8998 8999
f 8998 8904 8968
f 8969 8998 8970
f 8904 8998 8969
f 8967 8826 8969 8970
f 9087 9086 9055 9085
f 9057 9044 9086 9087
f 9086 9090 9055
f 9061 9086 9044
f 9090 9086 9061
f 9055 9090 9088 9054
f 9090 9089 9053 9088
f 9061 9017 9089 9090
f 9134 9106 9091
f 9091 9106 9049
f 9106 9134 9047
f 9134 9091 9048 8872
f 9089 9093 9053
f 9065 9089 9017
f 9093 9089 9065
f 9053 9093 9091 9049
f 9093 9092 9048 9091
f 9065 8964 9092 9093
f 9040 9039 9019 9038
f 9024 8985 9039 9040
f 9076 9080 9046
f 9081 9076 9051
f 9080 9076 9081
f 9079 9038 9080 9081
f 9075 9074 9059 9073
f 9072 9056 9074 9075
f 9084 9083 9057 9082
f 9073 9059 9083 9084
f 9083 9044 9057
f 9058 9083 9059
f 9044 9083 9058
f 9074 9058 9059
f 9052 9074 9056
f 9058 9074 9052
f 9078 9051 9076
f 9078 9077 9052 9056
f 9076 9046 9077 9078
f 9077 9063 9052
f 9060 9077 9046
f 9063 9077 9060
f 9058 9061 9044
f 9063 9058 9052
f 9061 9058 9063
f 9063 9062 9017 9061
f 9060 9045 9062 9063
f 9080 9060 9046
f 9060 9019 9045
f 9019 9080 9038
f 9080 9019 9060
f 9019 9064 9067 9045
f 9062 9065 9017
f 9067 9062 9045
f 9065 9062 9067
f 9067 9066 8964 9065
f 9064 9018 9066 9067
f 9039 9064 9019
f 9064 8874 9018
f 8874 9039 8985
f 9039 8874 9064
f 8874 9068 9071 9018
f 9066 9069 8964
f 9071 9066 9018
f 9069 9066 9071
f 9071 9070 9022 9069
f 9068 8971 9070 9071
f 9092 9096 9048
f 9069 9092 8964
f 9096 9092 9069
f 9048 9096 9094 8872
f 9096 9095 9020 9094
f 9069 9022 9095 9096
f 9095 8698 9020
f 9021 9095 9022
f 8698 9095 9021
f 9070 9021 9022
f 8873 9070 8971
f 9021 9070 8873
f 8969 8973 8904
f 8928 8969 8826
f 8973 8969 8928
f 8986 9068 8874
f 9068 8973 8971
f 8973 8986 8904
f 8986 8973 9068
f 8973 8972 8873 8971
f 8928 8700 8972 8973
f 8972 8976 8873
f 8932 8972 8700
f 8976 8972 8932
f 9021 8974 8698
f 8976 9021 8873
f 8974 9021 8976
f 8976 8975 24 8974
f 8932 8699 8975 8976
f 8506 8931 8934 8827
f 8929 8932 8700
f 8934 8929 8827
f 8932 8929 8934
f 8934 8933 8699 8932
f 8931 32 8933 8934
f 8890 8889 8861 8879
f 8888 8865 8889 8890
f 8864 8862 8863
f 8847 8864 8855
f 8862 8864 8847
f 8860 8859 8838 8858
f 8862 8859 8860
f 8842 8862 8847
f 8859 8862 8842
f 8857 8856 8847 8855
f 8854 8849 8856 8857
f 8856 8842 8847
f 8848 8856 8849
f 8842 8856 8848
f 8846 33 8848 8849
f 1803 34 1510
f 1511 1803 1512
f 34 1803 1511
f 1636 1511 1512
f 25 1636 1331
f 1511 1636 25
f 1800 1512 1635
f 1636 1800 1637
f 1512 1800 1636
f 1709 1636 1637
f 1331 1709 1507
f 1636 1709 1331
f 1797 1637 1708
f 1709 1797 1710
f 1637 1797 1709
f 1745 1709 1710
f 1507 1745 1632
f 1709 1745 1507
f 1794 1710 1744
f 1745 1794 1746
f 1710 1794 1745
f 1791 1745 1746
f 1632 1791 1705
f 1745 1791 1632
f 1746 1790 1792 1791
f 1791 1792 1741 1705
f 1744 1793 1795 1794
f 1794 1795 1790 1746
f 1812 1708 1796
f 1797 1812 1798
f 1708 1812 1797
f 1809 1797 1798
f 1710 1809 1744
f 1797 1809 1710
f 1825 1798 1808
f 1809 1825 1810
f 1798 1825 1809
f 1809 1810 1793 1744
f 1832 1808 1819
f 1825 1832 1827
f 1808 1832 1825
f 1825 1827 1826 1810
f 1839 1819 1823
f 1832 1839 1834
f 1819 1839 1832
f 1832 1834 1833 1827
f 1823 1830 1841 1839
f 1839 1841 1840 1834
f 1852 1796 1811
f 1812 1852 1813
f 1796 1852 1812
f 1818 1812 1813
f 1798 1818 1808
f 1812 1818 1798
f 1849 1813 1817
f 1818 1849 1820
f 1813 1849 1818
f 1822 1818 1820
f 1808 1822 1819
f 1818 1822 1808
f 1846 1820 1821
f 1822 1846 1824
f 1820 1846 1822
f 1829 1822 1824
f 1819 1829 1823
f 1822 1829 1819
f 1843 1824 1828
f 1829 1843 1831
f 1824 1843 1829
f 1836 1829 1831
f 1823 1836 1830
f 1829 1836 1823
f 1831 1835 1838 1836
f 1836 1838 1837 1830
f 1862 1828 1842
f 1843 1862 1844
f 1828 1862 1843
f 1858 1843 1844
f 1831 1858 1835
f 1843 1858 1831
f 1844 1857 1860 1858
f 1858 1860 1859 1835
f 1842 1861 1863 1862
f 1862 1863 1857 1844
f 1821 1845 1847 1846
f 1865 1846 1847
f 1824 1865 1828
f 1846 1865 1824
f 1847 1864 1866 1865
f 1865 1866 1842 1828
f 1817 1848 1850 1849
f 1849 1850 1821 1820
f 1811 1851 1853 1852
f 1852 1853 1817 1813
f 1875 1635 1799
f 1800 1875 1801
f 1635 1875 1800
f 1815 1800 1801
f 1637 1815 1708
f 1800 1815 1637
f 1872 1801 1814
f 1815 1872 1816
f 1801 1872 1815
f 1855 1815 1816
f 1708 1855 1796
f 1815 1855 1708
f 1868 1816 1854
f 1855 1868 1856
f 1816 1868 1855
f 1855 1856 1811 1796
f 1854 1867 1870 1868
f 1868 1870 1869 1856
f 1895 1814 1871
f 1872 1895 1873
f 1814 1895 1872
f 1881 1872 1873
f 1816 1881 1854
f 1872 1881 1816
f 1892 1873 1880
f 1881 1892 1882
f 1873 1892 1881
f 1884 1881 1882
f 1854 1884 1867
f 1881 1884 1854
f 1888 1882 1883
f 1884 1888 1886
f 1882 1888 1884
f 1884 1886 1885 1867
f 1883 1887 1890 1888
f 1888 1890 1889 1886
f 1880 1891 1893 1892
f 1901 1892 1893
f 1882 1901 1883
f 1892 1901 1882
f 1893 1900 1902 1901
f 1901 1902 1887 1883
f 1871 1894 1896 1895
f 1895 1896 1880 1873
f 1799 1874 1876 1875
f 1898 1875 1876
f 1801 1898 1814
f 1875 1898 1801
f 1876 1897 1899 1898
f 1898 1899 1871 1814
f 1914 1510 1802
f 1803 1914 1804
f 1510 1914 1803
f 1878 1803 1804
f 1512 1878 1635
f 1803 1878 1512
f 1911 1804 1877
f 1878 1911 1879
f 1804 1911 1878
f 1904 1878 1879
f 1635 1904 1799
f 1878 1904 1635
f 1907 1879 1903
f 1904 1907 1905
f 1879 1907 1904
f 1923 1904 1905
f 1799 1923 1874
f 1904 1923 1799
f 1905 1908 1925 1923
f 1923 1925 1924 1874
f 1931 1903 1906
f 1907 1931 1909
f 1903 1931 1907
f 1920 1907 1909
f 1905 1920 1908
f 1907 1920 1905
f 1927 1909 1919
f 1920 1927 1922
f 1909 1927 1920
f 1920 1922 1921 1908
f 1947 1919 1926
f 1927 1947 1929
f 1919 1947 1927
f 1927 1929 1928 1922
f 1926 1941 1949 1947
f 1947 1949 1948 1929
f 1957 1906 1930
f 1931 1957 1932
f 1906 1957 1931
f 1937 1931 1932
f 1909 1937 1919
f 1931 1937 1909
f 1954 1932 1936
f 1937 1954 1938
f 1932 1954 1937
f 1940 1937 1938
f 1919 1940 1926
f 1937 1940 1919
f 1951 1938 1939
f 1940 1951 1942
f 1938 1951 1940
f 1944 1940 1942
f 1926 1944 1941
f 1940 1944 1926
f 1942 1943 1946 1944
f 1944 1946 1945 1941
f 1939 1950 1952 1951
f 1951 1952 1943 1942
f 1936 1953 1955 1954
f 1954 1955 1939 1938
f 1930 1956 1958 1957
f 1957 1958 1936 1932
f 1877 1910 1912 1911
f 1934 1911 1912
f 1879 1934 1903
f 1911 1934 1879
f 1912 1933 1935 1934
f 1960 1934 1935
f 1903 1960 1906
f 1934 1960 1903
f 1935 1959 1961 1960
f 1960 1961 1930 1906
f 1966 1802 1913
f 1914 1966 1915
f 1802 1966 1914
f 1963 1914 1915
f 1804 1963 1877
f 1914 1963 1804
f 1915 1962 1964 1963
f 1963 1964 1910 1877
f 1913 1965 1967 1966
f 1966 1967 1962 1915
f 1511 2136 34
f 2136 26 35
f 26 1511 25
f 1511 26 2136
f 36 35 26 27
f 37 36 27 28
f 38 37 28 29
f 39 38 29 30
f 40 39 30 31
f 8507 8935 32
f 8935 40 31
f 40 8507 41
f 8507 40 8935
f 8649 8653 8504
f 8524 8649 42
f 8653 8649 8524
f 8669 8715 8428
f 8715 8653 8651
f 8653 8669 8504
f 8669 8653 8715
f 8653 8652 8508 8651
f 8524 8408 8652 8653
f 8713 8718 8693
f 8715 8713 8428
f 8718 8713 8715
f 8726 8716 8656
f 8718 8726 8693
f 8716 8726 8718
f 8718 8717 8697 8716
f 8715 8651 8717 8718
f 8821 8825 8705
f 8716 8821 8656
f 8825 8821 8716
f 8836 8850 33
f 8850 8825 8823
f 8825 8836 8705
f 8836 8825 8850
f 8825 8824 8695 8823
f 8716 8697 8824 8825
f 8824 8506 8695
f 8696 8824 8697
f 8506 8824 8696
f 8717 8696 8697
f 8508 8717 8651
f 8696 8717 8508
f 8696 8931 8506
f 8931 8507 32
f 8507 8696 8508
f 8696 8507 8931
f 8652 8507 8508
f 41 8652 8408
f 8507 8652 41
f 8840 8820 8839
f 8841 8846 8835
f 8846 8836 33
f 8836 8841 8837
f 8841 8836 8846
f 8839 8836 8837
f 8705 8839 8820
f 8836 8839 8705
f 8829 8833 8819
f 8830 8829 8692
f 8833 8829 8830
f 8833 8832 8822 8831
f 8830 8725 8832 8833
f 8822 8821 8705 8820
f 8832 8821 8822
f 8656 8832 8725
f 8821 8832 8656
f 8702 8732 8735 8733
f 8728 8735 8719
f 8733 8728 8703
f 8735 8728 8733
f 8735 8734 8710 8719
f 8732 8707 8734 8735
f 8781 8751 8782 8783
f 8782 8757 8745
f 8757 8750 8729
f 8750 8782 8751
f 8782 8750 8757
f 8749 8731 8750 8751
f 8750 8761 8729
f 8761 8730 8722
f 8730 8750 8731
f 8750 8730 8761
f 8728 8719 8730 8731
f 8804 8796 8805 8806
f 8815 8818 8807
f 8812 8815 8754
f 8818 8815 8812
f 8818 8817 8810 8816
f 8812 8801 8817 8818
f 8810 8809 8799 8808
f 8817 8809 8810
f 8789 8817 8801
f 8809 8817 8789
f 8799 8798 8747 8797
f 8809 8798 8799
f 8753 8809 8789
f 8798 8809 8753
f 8800 8788 8791
f 8752 8800 8777
f 8788 8800 8752
f 8811 8800 8803
f 8777 8811 8784
f 8800 8811 8777
f 8784 8811 8814 8796
f 8805 8812 8754
f 8814 8805 8796
f 8812 8805 8814
f 8814 8813 8801 8812
f 8811 8803 8813 8814
f 8813 8789 8801
f 8802 8813 8803
f 8789 8813 8802
f 8800 8791 8802 8803
f 8802 8753 8789
f 8790 8802 8791
f 8753 8802 8790
f 8788 8748 8790 8791
f 8788 8779 8748
f 8780 8788 8752
f 8779 8788 8780
f 8778 8745 8779 8780
f 8787 8786 8742 8785
f 8758 8746 8786 8787
f 8779 8792 8748
f 8792 8757 8760
f 8757 8779 8745
f 8779 8757 8792
f 8790 8795 8753
f 8792 8790 8748
f 8795 8790 8792
f 8798 8793 8747
f 8795 8798 8753
f 8793 8798 8795
f 8795 8794 8758 8793
f 8792 8760 8794 8795
f 8794 8746 8758
f 8759 8794 8760
f 8746 8794 8759
f 8757 8729 8759 8760
f 8762 8755 8742
f 8755 8720 8740
f 8720 8762 8741
f 8762 8720 8755
f 8759 8764 8746
f 8761 8759 8729
f 8764 8759 8761
f 8786 8762 8742
f 8764 8786 8746
f 8762 8786 8764
f 8764 8763 8741 8762
f 8761 8722 8763 8764
f 8763 8768 8741
f 8765 8763 8722
f 8768 8763 8765
f 8741 8768 8766 8720
f 8768 8767 8708 8766
f 8765 8721 8767 8768
f 8730 8765 8722
f 8765 8710 8721
f 8710 8730 8719
f 8730 8710 8765
f 8710 8769 8772 8721
f 8767 8770 8708
f 8772 8767 8721
f 8770 8767 8772
f 8772 8771 8694 8770
f 8769 8709 8771 8772
f 8734 8769 8710
f 8769 8701 8709
f 8701 8734 8707
f 8734 8701 8769
f 8689 8736 8739 8737
f 8732 8739 8707
f 8737 8732 8702
f 8739 8732 8737
f 8739 8738 8701 8707
f 8736 8668 8738 8739
f 8766 8756 8720
f 8756 8743 8744
f 8743 8766 8708
f 8766 8743 8756
f 8704 8724 8723
f 8770 8743 8708
f 8743 8723 8724
f 8723 8770 8694
f 8770 8723 8743
f 8774 8723 8694
f 8723 8727 8704
f 8727 8774 8712
f 8774 8727 8723
f 8834 8830 8692
f 8830 8727 8725
f 8727 8834 8704
f 8834 8727 8830
f 8727 8726 8656 8725
f 8712 8693 8726 8727
f 8738 8773 8701
f 8773 8711 8714
f 8711 8738 8668
f 8738 8711 8773
f 8701 8773 8776 8709
f 8771 8774 8694
f 8776 8771 8709
f 8774 8771 8776
f 8776 8775 8712 8774
f 8773 8714 8775 8776
f 8775 8693 8712
f 8713 8775 8714
f 8693 8775 8713
f 8711 8428 8713 8714
f 8683 8682 8659 8681
f 8680 8645 8682 8683
f 8682 8687 8659
f 8684 8682 8645
f 8687 8682 8684
f 8659 8687 8685 8657
f 8687 8686 8663 8685
f 8684 8660 8686 8687
f 8663 8662 8655 8661
f 8686 8662 8663
f 8514 8686 8660
f 8662 8686 8514
f 8680 8672 8645
f 8673 8680 8658
f 8672 8680 8673
f 8671 8654 8672 8673
f 8647 8674 8676 8654
f 8672 8684 8645
f 8684 8676 8660
f 8676 8672 8654
f 8672 8676 8684
f 8676 8675 8514 8660
f 8674 8646 8675 8676
f 8674 8464 8646
f 8529 8674 8647
f 8464 8674 8529
f 8736 8690 8668
f 8691 8736 8689
f 8690 8736 8691
f 8688 8670 8690 8691
f 8690 8711 8668
f 8711 8669 8428
f 8669 8690 8670
f 8690 8669 8711
f 8648 8504 8669 8670
f 8464 8677 8679 8646
f 8675 8664 8514
f 8679 8675 8646
f 8664 8675 8679
f 8679 8678 8650 8664
f 8677 8520 8678 8679
f 8662 8667 8655
f 8664 8662 8514
f 8667 8662 8664
f 8655 8667 8665 8505
f 8667 8666 8648 8665
f 8664 8650 8666 8667
f 8666 8504 8648
f 8649 8666 8650
f 8504 8666 8649
f 8678 8649 8650
f 42 8678 8520
f 8649 8678 42
f 43 2130 2133 2131
f 2131 2133 2132 1806
f 2127 2133 1985
f 2132 2127 1807
f 2133 2127 2132
f 2130 1805 1985 2133
f 1917 2132 1807
f 2132 34 1806
f 34 1917 1510
f 1917 34 2132
f 1982 2128 1916
f 2128 1917 1807
f 1917 1982 1918
f 1982 1917 2128
f 1969 1917 1918
f 1510 1969 1802
f 1917 1969 1510
f 1979 1918 1968
f 1969 1979 1970
f 1918 1979 1969
f 1972 1969 1970
f 1802 1972 1913
f 1969 1972 1802
f 1975 1970 1971
f 1972 1975 1973
f 1970 1975 1972
f 1972 1973 1965 1913
f 1971 1974 1977 1975
f 1975 1977 1976 1973
f 1968 1978 1980 1979
f 1991 1979 1980
f 1970 1991 1971
f 1979 1991 1970
f 1980 1990 1992 1991
f 1991 1992 1974 1971
f 1997 1916 1981
f 1982 1997 1983
f 1916 1997 1982
f 1994 1982 1983
f 1918 1994 1968
f 1982 1994 1918
f 1983 1993 1995 1994
f 1994 1995 1978 1968
f 1981 1996 1998 1997
f 1997 1998 1993 1983
f 2126 2009 1986
f 2009 1805 1984
f 1805 2126 1985
f 2126 1805 2009
f 1985 2126 2129 2127
f 2127 2129 2128 1807
f 2129 2000 1916 2128
f 2123 2126 1986
f 2129 2123 2000
f 2126 2123 2129
f 1986 2122 2125 2123
f 2123 2125 2124 2000
f 2119 2125 2006
f 2124 2119 2001
f 2125 2119 2124
f 2122 1999 2006 2125
f 2003 2124 2001
f 2124 1916 2000
f 1916 2003 1981
f 2003 1916 2124
f 2035 2120 2002
f 2120 2003 2001
f 2003 2035 2004
f 2035 2003 2120
f 2003 2004 1996 1981
f 2002 2016 2037 2035
f 2035 2037 2036 2004
f 2118 2023 2007
f 2023 1999 2005
f 1999 2118 2006
f 2118 1999 2023
f 2006 2118 2121 2119
f 2119 2121 2120 2001
f 2121 2015 2002 2120
f 2115 2118 2007
f 2121 2115 2015
f 2118 2115 2121
f 2007 2114 2117 2115
f 2115 2117 2116 2015
f 2117 2019 2017 2116
f 2111 2114 2014
f 2117 2111 2019
f 2114 2111 2117
f 2032 2116 2017
f 2116 2002 2015
f 2002 2032 2016
f 2032 2002 2116
f 2017 2020 2034 2032
f 2032 2034 2033 2016
f 2014 2110 2113 2111
f 2111 2113 2112 2019
f 2113 2039 2021 2112
f 2107 2110 2018
f 2113 2107 2039
f 2110 2107 2113
f 2029 2112 2021
f 2112 2017 2019
f 2017 2029 2020
f 2029 2017 2112
f 2021 2028 2031 2029
f 2029 2031 2030 2020
f 2018 2106 2109 2107
f 2107 2109 2108 2039
f 2109 2049 2040 2108
f 2103 2106 2038
f 2109 2103 2049
f 2106 2103 2109
f 2045 2108 2040
f 2108 2021 2039
f 2021 2045 2028
f 2045 2021 2108
f 2040 2044 2047 2045
f 2045 2047 2046 2028
f 2038 2102 2105 2103
f 2103 2105 2104 2049
f 2099 2105 2063
f 2104 2099 2050
f 2105 2099 2104
f 2102 2048 2063 2105
f 2055 2104 2050
f 2104 2040 2049
f 2040 2055 2044
f 2055 2040 2104
f 2059 2100 2054
f 2100 2055 2050
f 2055 2059 2057
f 2059 2055 2100
f 2055 2057 2056 2044
f 2146 2096 2058
f 2096 2059 2054
f 2059 2146 2061
f 2146 2059 2096
f 2059 2061 2060 2057
f 2058 2073 2148 2146
f 2146 2148 2147 2061
f 2098 2080 2064
f 2080 2048 2062
f 2048 2098 2063
f 2098 2048 2080
f 2063 2098 2101 2099
f 2099 2101 2100 2050
f 2095 2101 2069
f 2100 2095 2054
f 2101 2095 2100
f 2163 2098 2064
f 2101 2163 2069
f 2098 2163 2101
f 2064 2162 2164 2163
f 2163 2164 2094 2069
f 2160 2164 2077
f 2094 2160 2070
f 2164 2160 2094
f 2162 2068 2077 2164
f 2069 2094 2097 2095
f 2095 2097 2096 2054
f 2097 2072 2058 2096
f 2091 2094 2070
f 2097 2091 2072
f 2094 2091 2097
f 2070 2090 2093 2091
f 2091 2093 2092 2072
f 2142 2093 2075
f 2092 2142 2074
f 2093 2142 2092
f 2086 2090 2071
f 2093 2086 2075
f 2090 2086 2093
f 2145 2092 2074
f 2092 2058 2072
f 2058 2145 2073
f 2145 2058 2092
f 2154 2071 2085
f 2086 2154 2088
f 2071 2154 2086
f 2139 2086 2088
f 2075 2139 2087
f 2086 2139 2075
f 2150 2088 2138
f 2139 2150 2141
f 2088 2150 2139
f 2139 2141 2140 2087
f 2138 2149 2152 2150
f 2150 2152 2151 2141
f 2085 2153 2155 2154
f 2166 2154 2155
f 2088 2166 2138
f 2154 2166 2088
f 2155 2165 2167 2166
f 2166 2167 2149 2138
f 2075 2087 2144 2142
f 2142 2144 2143 2074
f 2159 2076 2078
f 2068 2159 2077
f 2076 2159 2068
f 2077 2159 2161 2160
f 2160 2161 2090 2070
f 2157 2161 2089
f 2090 2157 2071
f 2161 2157 2090
f 2159 2078 2089 2161
f 2089 2156 2158 2157
f 2157 2158 2085 2071
f 2062 2079 2081 2080
f 2162 2081 2068
f 2080 2162 2064
f 2081 2162 2080
f 2005 2022 2024 2023
f 2114 2042 2014
f 2042 2023 2024
f 2023 2114 2007
f 2114 2023 2042
f 2024 2041 2043 2042
f 2110 2052 2018
f 2052 2042 2043
f 2042 2110 2014
f 2110 2042 2052
f 2043 2051 2053 2052
f 2106 2066 2038
f 2066 2052 2053
f 2052 2106 2018
f 2106 2052 2066
f 2053 2065 2067 2066
f 2102 2083 2048
f 2083 2066 2067
f 2066 2102 2038
f 2102 2066 2083
f 2067 2082 2084 2083
f 2083 2084 2062 2048
f 2169 1984 2008
f 2009 2169 2010
f 1984 2169 2009
f 2122 2026 1999
f 2026 2009 2010
f 2009 2122 1986
f 2122 2009 2026
f 2010 2025 2027 2026
f 2026 2027 2005 1999
f 2008 2168 2170 2169
f 2169 2170 2025 2010
f 44 2134 2137 2135
f 2135 2137 2136 35
f 2137 1806 34 2136
f 2131 2134 43
f 2137 2131 1806
f 2134 2131 2137
f 2135 45 44
f 36 2135 35
f 45 2135 36
f 46 45 36 37
f 47 46 37 38
f 48 47 38 39
f 49 48 39 40
f 7260 8409 50
f 8409 40 41
f 40 7260 49
f 7260 40 8409
f 8406 8523 8178
f 8523 7404 8410
f 7404 8406 51
f 8406 7404 8523
f 8178 8523 8526 8465
f 8521 8524 42
f 8526 8521 8465
f 8524 8521 8526
f 8526 8525 8408 8524
f 8523 8410 8525 8526
f 8525 41 8408
f 8409 8525 8410
f 41 8525 8409
f 7404 50 8409 8410
f 8499 8498 8179 8497
f 8482 8470 8498 8499
f 8496 8495 8482 8494
f 8493 8484 8495 8496
f 8495 8470 8482
f 8483 8495 8484
f 8470 8495 8483
f 8481 8468 8483 8484
f 8492 8481 8469
f 8481 8479 8468
f 8479 8492 8480
f 8492 8479 8481
f 8478 8427 8479 8480
f 8467 8459 8460
f 8360 8467 8456
f 8459 8467 8360
f 8450 8425 8440
f 8441 8450 8442
f 8425 8450 8441
f 8439 8422 8441 8442
f 8451 8411 8423
f 8424 8451 8425
f 8411 8451 8424
f 8441 8424 8425
f 8413 8441 8422
f 8424 8441 8413
f 8412 8443 8446 8444
f 8446 8445 8413 8422
f 8443 8373 8445 8446
f 8458 8457 8360 8456
f 8415 8404 8457 8458
f 8445 8432 8413
f 8429 8445 8373
f 8432 8445 8429
f 8424 8430 8411
f 8432 8424 8413
f 8430 8424 8432
f 8432 8431 8417 8430
f 8429 8414 8431 8432
f 8452 8455 8426
f 8430 8452 8411
f 8455 8452 8430
f 8455 8454 8415 8453
f 8430 8417 8454 8455
f 8454 8404 8415
f 8416 8454 8417
f 8404 8454 8416
f 8431 8416 8417
f 7591 8431 8414
f 8416 8431 7591
f 8491 8490 8473 8489
f 8475 8461 8490 8491
f 8489 8473 8500 8501
f 8500 8515 8471
f 8515 8472 8466
f 8472 8500 8473
f 8500 8472 8515
f 8490 8472 8473
f 8405 8490 8461
f 8472 8490 8405
f 8644 8643 8594 8642
f 8626 8612 8643 8644
f 8628 8611 8625
f 8628 8627 8612 8626
f 8625 8603 8627 8628
f 8625 8637 8603
f 8638 8625 8611
f 8637 8625 8638
f 8636 8592 8637 8638
f 8635 8634 8559 8633
f 8618 8593 8634 8635
f 8637 8629 8603
f 8629 8617 8620
f 8617 8637 8592
f 8637 8617 8629
f 8627 8632 8612
f 8629 8627 8603
f 8632 8627 8629
f 8643 8630 8594
f 8632 8643 8612
f 8630 8643 8632
f 8632 8631 8618 8630
f 8629 8620 8631 8632
f 8631 8593 8618
f 8619 8631 8620
f 8593 8631 8619
f 8617 8577 8619 8620
f 8639 8606 8640 8641
f 8640 8617 8592
f 8617 8605 8577
f 8605 8640 8606
f 8640 8605 8617
f 8604 8570 8605 8606
f 8607 8557 8608 8609
f 8622 8613 8559
f 8613 8616 8595
f 8616 8622 8600
f 8622 8616 8613
f 8616 8615 8598 8614
f 8600 8585 8615 8616
f 8598 8597 8545 8596
f 8615 8597 8598
f 8558 8615 8585
f 8597 8615 8558
f 8608 8599 8570
f 8599 8584 8587
f 8584 8608 8557
f 8608 8584 8599
f 8605 8621 8577
f 8621 8599 8602
f 8599 8605 8570
f 8605 8599 8621
f 8619 8624 8593
f 8621 8619 8577
f 8624 8619 8621
f 8634 8622 8559
f 8624 8634 8593
f 8622 8634 8624
f 8624 8623 8600 8622
f 8621 8602 8623 8624
f 8623 8585 8600
f 8601 8623 8602
f 8585 8623 8601
f 8599 8587 8601 8602
f 8601 8558 8585
f 8586 8601 8587
f 8558 8601 8586
f 8584 8546 8586 8587
f 8610 8584 8557
f 8584 8572 8546
f 8572 8610 8573
f 8610 8572 8584
f 8571 8527 8572 8573
f 8574 8532 8575 8576
f 8512 8564 8566 8532
f 8575 8560 8527
f 8560 8566 8547
f 8566 8575 8532
f 8575 8566 8560
f 8566 8565 8536 8547
f 8564 8533 8565 8566
f 8572 8588 8546
f 8588 8560 8563
f 8560 8572 8527
f 8572 8560 8588
f 8586 8591 8558
f 8588 8586 8546
f 8591 8586 8588
f 8597 8589 8545
f 8591 8597 8558
f 8589 8597 8591
f 8591 8590 8561 8589
f 8588 8563 8590 8591
f 8590 8550 8561
f 8562 8590 8563
f 8550 8590 8562
f 8560 8547 8562 8563
f 8580 8579 8548 8578
f 8561 8550 8579 8580
f 8579 8534 8548
f 8549 8579 8550
f 8534 8579 8549
f 8562 8549 8550
f 8536 8562 8547
f 8549 8562 8536
f 8549 8503 8534
f 8535 8549 8536
f 8503 8549 8535
f 8565 8535 8536
f 8511 8565 8533
f 8535 8565 8511
f 8510 8567 8569 8541
f 8564 8569 8533
f 8541 8564 8512
f 8569 8564 8541
f 8569 8568 8511 8533
f 8567 8509 8568 8569
f 8567 8543 8509
f 8544 8567 8510
f 8543 8567 8544
f 8542 8471 8543 8544
f 8583 8582 8553 8581
f 8548 8534 8582 8583
f 8553 8552 8528 8551
f 8582 8552 8553
f 8503 8582 8534
f 8552 8582 8503
f 8552 8556 8528
f 8538 8552 8503
f 8556 8552 8538
f 8528 8556 8554 8513
f 8556 8555 8531 8554
f 8538 8516 8555 8556
f 8531 8530 8464 8529
f 8555 8530 8531
f 8502 8555 8516
f 8530 8555 8502
f 8543 8537 8509
f 8537 8515 8518
f 8515 8543 8471
f 8543 8515 8537
f 8568 8540 8511
f 8537 8568 8509
f 8540 8568 8537
f 8535 8538 8503
f 8540 8535 8511
f 8538 8535 8540
f 8540 8539 8516 8538
f 8537 8518 8539 8540
f 8539 8502 8516
f 8517 8539 8518
f 8502 8539 8517
f 8515 8466 8517 8518
f 8517 8522 8502
f 8519 8517 8466
f 8522 8517 8519
f 8530 8677 8464
f 8677 8522 8520
f 8522 8530 8502
f 8530 8522 8677
f 8522 8521 42 8520
f 8519 8465 8521 8522
f 8472 8519 8466
f 8519 8178 8465
f 8178 8472 8405
f 8472 8178 8519
f 8416 8421 8404
f 8418 8416 7591
f 8421 8416 8418
f 8457 8419 8360
f 8421 8457 8404
f 8419 8457 8421
f 8421 8420 8407 8419
f 8418 8336 8420 8421
f 8459 8474 8427
f 8474 8419 8463
f 8419 8459 8360
f 8459 8419 8474
f 8479 8485 8468
f 8485 8474 8477
f 8474 8479 8427
f 8479 8474 8485
f 8483 8488 8470
f 8485 8483 8468
f 8488 8483 8485
f 8498 8486 8179
f 8488 8498 8470
f 8486 8498 8488
f 8488 8487 8475 8486
f 8485 8477 8487 8488
f 8487 8461 8475
f 8476 8487 8477
f 8461 8487 8476
f 8474 8463 8476 8477
f 8476 8405 8461
f 8462 8476 8463
f 8405 8476 8462
f 8419 8407 8462 8463
f 8462 8178 8405
f 8406 8462 8407
f 8178 8462 8406
f 8420 8406 8407
f 51 8420 8336
f 8406 8420 51
f 52 2345 2348 2346
f 2346 2348 2347 1988
f 2348 2184 1989 2347
f 2342 2345 1987
f 2348 2342 2184
f 2345 2342 2348
f 2347 2012 2130
f 2130 2012 1805
f 2012 2347 1989
f 2347 2130 43 1988
f 2181 1989 2011
f 2012 2181 2013
f 1989 2181 2012
f 2172 2012 2013
f 1805 2172 1984
f 2012 2172 1805
f 2178 2013 2171
f 2172 2178 2173
f 2013 2178 2172
f 2175 2172 2173
f 1984 2175 2008
f 2172 2175 1984
f 2173 2174 2176 2175
f 2175 2176 2168 2008
f 2190 2171 2177
f 2178 2190 2179
f 2171 2190 2178
f 2178 2179 2174 2173
f 2177 2189 2192 2190
f 2190 2192 2191 2179
f 2200 2011 2180
f 2181 2200 2182
f 2011 2200 2181
f 2194 2181 2182
f 2013 2194 2171
f 2181 2194 2013
f 2182 2193 2195 2194
f 2197 2194 2195
f 2171 2197 2177
f 2194 2197 2171
f 2195 2196 2198 2197
f 2197 2198 2189 2177
f 2180 2199 2201 2200
f 2200 2201 2193 2182
f 1987 2341 2344 2342
f 2342 2344 2343 2184
f 2338 2344 2212
f 2343 2338 2185
f 2344 2338 2343
f 2341 2183 2212 2344
f 2203 2343 2185
f 2343 1989 2184
f 1989 2203 2011
f 2203 1989 2343
f 2209 2339 2202
f 2339 2203 2185
f 2203 2209 2204
f 2209 2203 2339
f 2206 2203 2204
f 2011 2206 2180
f 2203 2206 2011
f 2204 2205 2207 2206
f 2206 2207 2199 2180
f 2218 2335 2208
f 2335 2209 2202
f 2209 2218 2210
f 2218 2209 2335
f 2209 2210 2205 2204
f 2254 2331 2217
f 2331 2218 2208
f 2218 2254 2220
f 2254 2218 2331
f 2218 2220 2219 2210
f 2217 2229 2256 2254
f 2254 2256 2255 2220
f 2337 2242 2213
f 2242 2183 2211
f 2183 2337 2212
f 2337 2183 2242
f 2212 2337 2340 2338
f 2338 2340 2339 2185
f 2334 2340 2222
f 2339 2334 2202
f 2340 2334 2339
f 2337 2213 2222 2340
f 2333 2239 2223
f 2239 2213 2221
f 2213 2333 2222
f 2333 2213 2239
f 2222 2333 2336 2334
f 2334 2336 2335 2202
f 2330 2336 2225
f 2335 2330 2208
f 2336 2330 2335
f 2333 2223 2225 2336
f 2329 2236 2226
f 2236 2223 2224
f 2223 2329 2225
f 2329 2223 2236
f 2225 2329 2332 2330
f 2330 2332 2331 2208
f 2332 2228 2217 2331
f 2326 2329 2226
f 2332 2326 2228
f 2329 2326 2332
f 2226 2325 2328 2326
f 2326 2328 2327 2228
f 2322 2328 2232
f 2327 2322 2230
f 2328 2322 2327
f 2325 2227 2232 2328
f 2251 2327 2230
f 2327 2217 2228
f 2217 2251 2229
f 2251 2217 2327
f 2284 2323 2233
f 2323 2251 2230
f 2251 2284 2253
f 2284 2251 2323
f 2251 2253 2252 2229
f 2233 2249 2286 2284
f 2284 2286 2285 2253
f 2321 2262 2234
f 2262 2227 2231
f 2227 2321 2232
f 2321 2227 2262
f 2232 2321 2324 2322
f 2322 2324 2323 2230
f 2324 2248 2233 2323
f 2318 2321 2234
f 2324 2318 2248
f 2321 2318 2324
f 2234 2317 2320 2318
f 2318 2320 2319 2248
f 2320 2258 2250 2319
f 2314 2317 2247
f 2320 2314 2258
f 2317 2314 2320
f 2281 2319 2250
f 2319 2233 2248
f 2233 2281 2249
f 2281 2233 2319
f 2250 2259 2283 2281
f 2281 2283 2282 2249
f 2247 2313 2316 2314
f 2314 2316 2315 2258
f 2375 2316 2268
f 2315 2375 2260
f 2316 2375 2315
f 2310 2313 2257
f 2316 2310 2268
f 2313 2310 2316
f 2278 2315 2260
f 2315 2250 2258
f 2250 2278 2259
f 2278 2250 2315
f 2376 2278 2260
f 2280 2376 2269
f 2278 2376 2280
f 2278 2280 2279 2259
f 2257 2309 2312 2310
f 2310 2312 2311 2268
f 2306 2312 2288
f 2311 2306 2270
f 2312 2306 2311
f 2309 2267 2288 2312
f 2268 2311 2377 2375
f 2375 2377 2376 2260
f 2377 2275 2269 2376
f 2372 2311 2270
f 2377 2372 2275
f 2311 2372 2377
f 2270 2307 2374 2372
f 2372 2374 2373 2275
f 2374 2298 2277 2373
f 2369 2307 2274
f 2374 2369 2298
f 2307 2369 2374
f 2373 2269 2275
f 2276 2373 2277
f 2269 2373 2276
f 2274 2303 2371 2369
f 2369 2371 2370 2298
f 2371 2352 2299 2370
f 2367 2371 2303
f 2352 2367 2295
f 2371 2367 2352
f 2305 2360 2289
f 2360 2267 2287
f 2267 2305 2288
f 2305 2267 2360
f 2288 2305 2308 2306
f 2306 2308 2307 2270
f 2302 2308 2294
f 2307 2302 2274
f 2308 2302 2307
f 2385 2305 2289
f 2308 2385 2294
f 2305 2385 2308
f 2289 2384 2386 2385
f 2385 2386 2301 2294
f 2381 2391 2296
f 2391 2386 2358
f 2386 2381 2301
f 2381 2386 2391
f 2384 2293 2358 2386
f 2382 2294 2301
f 2302 2382 2304
f 2294 2382 2302
f 2366 2302 2304
f 2274 2366 2303
f 2302 2366 2274
f 2304 2365 2368 2366
f 2366 2368 2367 2303
f 2368 2300 2295 2367
f 2354 2365 2297
f 2368 2354 2300
f 2365 2354 2368
f 2301 2381 2383 2382
f 2382 2383 2365 2304
f 2379 2383 2357
f 2365 2379 2297
f 2383 2379 2365
f 2390 2381 2296
f 2383 2390 2357
f 2381 2390 2383
f 2389 2390 2296
f 2390 2378 2357
f 2388 2357 2378
f 2379 2388 2380
f 2357 2388 2379
f 2387 2379 2380
f 2297 2387 2353
f 2379 2387 2297
f 2354 2356 2355 2300
f 2287 2359 2361 2360
f 2384 2361 2293
f 2360 2384 2289
f 2361 2384 2360
f 2231 2261 2263 2262
f 2317 2272 2247
f 2272 2262 2263
f 2262 2317 2234
f 2317 2262 2272
f 2263 2271 2273 2272
f 2313 2291 2257
f 2291 2272 2273
f 2272 2313 2247
f 2313 2272 2291
f 2273 2290 2292 2291
f 2309 2363 2267
f 2363 2291 2292
f 2291 2309 2257
f 2309 2291 2363
f 2292 2362 2364 2363
f 2363 2364 2287 2267
f 2224 2235 2237 2236
f 2325 2265 2227
f 2265 2236 2237
f 2236 2325 2226
f 2325 2236 2265
f 2237 2264 2266 2265
f 2265 2266 2231 2227
f 2221 2238 2240 2239
f 2239 2240 2224 2223
f 2211 2241 2243 2242
f 2242 2243 2221 2213
f 53 2349 2351 2350
f 2350 2351 2134 44
f 2351 1988 43 2134
f 2346 2349 52
f 2351 2346 1988
f 2349 2346 2351
f 2350 54 53
f 45 2350 44
f 54 2350 45
f 55 54 45 46
f 56 55 46 47
f 6395 48 57
f 47 6395 56
f 48 6395 47
f 101 7261 58
f 7261 48 49
f 48 101 57
f 101 48 7261
f 7296 7259 59
f 7262 7296 120
f 7259 7296 7262
f 7259 7262 7260 50
f 7262 7261 49 7260
f 7256 7262 120
f 7261 7256 58
f 7262 7256 7261
f 7628 7631 60
f 7634 7628 7490
f 7631 7628 7634
f 7631 7634 7632 7403
f 7634 7633 7405 7632
f 7490 6992 7633 7634
f 7632 8337 7403
f 8337 7404 51
f 7404 7632 7405
f 7632 7404 8337
f 7405 7259 50 7404
f 7401 7633 6992
f 7633 7259 7405
f 7259 7401 59
f 7401 7259 7633
f 8207 8206 8203 8205
f 8204 8198 8206 8207
f 8203 8202 8196 8201
f 8206 8202 8203
f 8187 8206 8198
f 8202 8206 8187
f 8196 8195 8074 8194
f 8202 8195 8196
f 8174 8202 8187
f 8195 8202 8174
f 8197 8186 8189
f 8149 8197 8180
f 8186 8197 8149
f 8180 8197 8200 8181
f 8200 8199 8187 8198
f 8197 8189 8199 8200
f 8199 8174 8187
f 8188 8199 8189
f 8174 8199 8188
f 8186 8129 8188 8189
f 8186 8150 8129
f 8151 8186 8149
f 8150 8186 8151
f 8132 7687 8150 8151
f 8208 8182 8191
f 8191 8182 8074
f 8182 8208 8175
f 8208 8191 8152 8185
f 8265 8249 8263
f 8265 8264 8219 8227
f 8263 8248 8264 8265
f 8263 8221 8248
f 8247 8263 8249
f 8221 8263 8247
f 8221 8266 8268 8248
f 8264 8287 8219
f 8287 8268 8231
f 8268 8264 8248
f 8264 8268 8287
f 8268 8267 8209 8231
f 8266 8220 8267 8268
f 8266 8211 8220
f 8218 8266 8221
f 8211 8266 8218
f 8211 8269 8271 8220
f 8267 8235 8209
f 8271 8267 8220
f 8235 8267 8271
f 8271 8270 8183 8235
f 8269 8210 8270 8271
f 8269 8185 8210
f 8208 8269 8211
f 8185 8269 8208
f 8185 8272 8274 8210
f 8270 8239 8183
f 8274 8270 8210
f 8239 8270 8274
f 8274 8273 7662 8239
f 8272 8184 8273 8274
f 8272 8073 8184
f 8152 8272 8185
f 8073 8272 8152
f 8150 8190 8129
f 8190 8135 8154
f 8135 8150 7687
f 8150 8135 8190
f 8188 8193 8174
f 8190 8188 8129
f 8193 8188 8190
f 8195 8191 8074
f 8193 8195 8174
f 8191 8195 8193
f 8193 8192 8152 8191
f 8190 8154 8192 8193
f 8192 8073 8152
f 8153 8192 8154
f 8073 8192 8153
f 8135 7641 8153 8154
f 8355 8354 8339 8346
f 8353 8350 8354 8355
f 8354 8361 8339
f 8361 8349 7661
f 8349 8354 8350
f 8354 8349 8361
f 8348 8257 8349 8350
f 8280 8228 8314 8315
f 8314 8318 8278
f 8284 8314 8228
f 8318 8314 8284
f 8278 8318 8316 8254
f 8318 8317 8253 8316
f 8284 8226 8317 8318
f 8296 8261 8230
f 8262 8296 8250
f 8261 8296 8262
f 8260 8227 8261 8262
f 8325 8301 8304
f 8252 8325 8291
f 8301 8325 8252
f 8291 8325 8328 8300
f 8328 8327 8302 8326
f 8325 8304 8327 8328
f 8327 8295 8302
f 8303 8327 8304
f 8295 8327 8303
f 8301 8292 8303 8304
f 8331 8330 8310 8329
f 8326 8302 8330 8331
f 8310 8309 8293 8308
f 8330 8309 8310
f 8295 8330 8302
f 8309 8330 8295
f 8309 8282 8293
f 8294 8309 8295
f 8282 8309 8294
f 8303 8294 8295
f 8279 8303 8292
f 8294 8303 8279
f 8313 8312 8280 8311
f 8293 8282 8312 8313
f 8312 8228 8280
f 8281 8312 8282
f 8228 8312 8281
f 8294 8281 8282
f 8251 8294 8279
f 8281 8294 8251
f 8305 8296 8298
f 8250 8305 8259
f 8296 8305 8250
f 8259 8305 8307 8299
f 8301 8307 8292
f 8299 8301 8252
f 8307 8301 8299
f 8307 8306 8279 8292
f 8305 8298 8306 8307
f 8306 8251 8279
f 8297 8306 8298
f 8251 8306 8297
f 8296 8230 8297 8298
f 8297 8286 8251
f 8283 8297 8230
f 8286 8297 8283
f 8281 8284 8228
f 8286 8281 8251
f 8284 8281 8286
f 8286 8285 8226 8284
f 8283 8229 8285 8286
f 8261 8283 8230
f 8283 8219 8229
f 8219 8261 8227
f 8261 8219 8283
f 8319 8255 8225
f 8324 8319 8232
f 8255 8319 8324
f 8324 8323 8223 8322
f 8232 8224 8323 8324
f 8219 8287 8290 8229
f 8285 8288 8226
f 8290 8285 8229
f 8288 8285 8290
f 8290 8289 8234 8288
f 8287 8231 8289 8290
f 8317 8321 8253
f 8288 8317 8226
f 8321 8317 8288
f 8253 8321 8319 8225
f 8321 8320 8232 8319
f 8288 8234 8320 8321
f 8320 8224 8232
f 8233 8320 8234
f 8224 8320 8233
f 8289 8233 8234
f 8209 8289 8231
f 8233 8289 8209
f 8214 8236 8222
f 8236 8214 8223
f 8233 8238 8224
f 8235 8233 8209
f 8238 8233 8235
f 8323 8236 8223
f 8238 8323 8224
f 8236 8323 8238
f 8238 8237 8222 8236
f 8235 8183 8237 8238
f 8240 8256 8214
f 8256 8176 8212
f 8176 8240 8213
f 8240 8176 8256
f 8237 8242 8222
f 8239 8237 8183
f 8242 8237 8239
f 8222 8242 8240 8214
f 8242 8241 8213 8240
f 8239 7662 8241 8242
f 8241 8246 8213
f 8243 8241 7662
f 8246 8241 8243
f 8213 8246 8244 8176
f 8246 8245 8217 8244
f 8243 8155 8245 8246
f 8176 8244 8352 8257
f 8349 8365 7661
f 8365 8352 8342
f 8352 8349 8257
f 8349 8352 8365
f 8352 8351 8215 8342
f 8244 8217 8351 8352
f 8351 7592 8215
f 8216 8351 8217
f 7592 8351 8216
f 8245 8216 8217
f 7652 8245 8155
f 8216 8245 7652
f 8153 8275 8073
f 8275 7659 8157
f 7659 8153 7641
f 8153 7659 8275
f 8073 8275 8277 8184
f 8273 8243 7662
f 8277 8273 8184
f 8243 8273 8277
f 8277 8276 8155 8243
f 8275 8157 8276 8277
f 8276 7652 8155
f 8156 8276 8157
f 7652 8276 8156
f 7659 7439 8156 8157
f 8396 8395 8369 8394
f 8382 8376 8395 8396
f 8384 8383 8376 8382
f 8381 8258 8383 8384
f 8258 8393 8392
f 8391 8359 8392 8393
f 8341 8358 8357
f 8356 8347 8357 8358
f 8339 8361 8364 8347
f 8357 8362 8341
f 8364 8357 8347
f 8362 8357 8364
f 8364 8363 8340 8362
f 8361 7661 8363 8364
f 8402 8397 8370
f 8375 8401 8400
f 8402 8400 8401
f 8333 8402 8370
f 8400 8402 8333
f 8443 8448 8373
f 8449 8443 8412
f 8448 8443 8449
f 8447 8403 8448 8449
f 8375 8433 8435 8403
f 8448 8429 8373
f 8429 8435 8414
f 8435 8448 8403
f 8448 8435 8429
f 8435 8434 7591 8414
f 8433 8374 8434 8435
f 8400 8433 8375
f 8433 8177 8374
f 8177 8400 8333
f 8400 8177 8433
f 8363 8368 8340
f 8365 8363 7661
f 8368 8363 8365
f 8340 8368 8366 8332
f 8368 8367 8345 8366
f 8365 8342 8367 8368
f 8332 8366 8390 8359
f 8392 8385 8258
f 8385 8390 8377
f 8390 8392 8359
f 8392 8390 8385
f 8390 8389 8343 8377
f 8366 8345 8389 8390
f 8389 8335 8343
f 8344 8389 8345
f 8335 8389 8344
f 8367 8344 8345
f 8215 8367 8342
f 8344 8367 8215
f 8383 8388 8376
f 8385 8383 8258
f 8388 8383 8385
f 8395 8386 8369
f 8388 8395 8376
f 8386 8395 8388
f 8388 8387 8380 8386
f 8385 8377 8387 8388
f 8380 8379 8372 8378
f 8387 8379 8380
f 8343 8387 8377
f 8379 8387 8343
f 8399 8398 8370 8397
f 8378 8372 8398 8399
f 8398 8333 8370
f 8371 8398 8372
f 8333 8398 8371
f 8379 8371 8372
f 8335 8379 8343
f 8371 8379 8335
f 8371 8177 8333
f 8334 8371 8335
f 8177 8371 8334
f 8344 8334 8335
f 7592 8344 8215
f 8334 8344 7592
f 8334 8436 8177
f 8436 7653 8338
f 7653 8334 7592
f 8334 7653 8436
f 8177 8436 8438 8374
f 8434 8418 7591
f 8438 8434 8374
f 8418 8434 8438
f 8438 8437 8336 8418
f 8436 8338 8437 8438
f 8437 51 8336
f 8337 8437 8338
f 51 8437 8337
f 7653 7403 8337 8338
f 7649 8156 7439
f 8156 7654 7652
f 7654 7649 7589
f 7649 7654 8156
f 8216 7653 7592
f 7654 8216 7652
f 7653 8216 7654
f 7654 7631 7403 7653
f 7589 60 7631 7654
f 2402 61 2186
f 2187 2402 2188
f 61 2402 2187
f 2345 2215 1987
f 2215 2187 2188
f 2187 2345 52
f 2345 2187 2215
f 2399 2188 2214
f 2215 2399 2216
f 2188 2399 2215
f 2341 2245 2183
f 2245 2215 2216
f 2215 2341 1987
f 2341 2215 2245
f 2396 2216 2244
f 2245 2396 2246
f 2216 2396 2245
f 2393 2245 2246
f 2183 2393 2211
f 2245 2393 2183
f 2246 2392 2394 2393
f 2393 2394 2241 2211
f 2244 2395 2397 2396
f 2396 2397 2392 2246
f 2422 2214 2398
f 2399 2422 2400
f 2214 2422 2399
f 2408 2399 2400
f 2216 2408 2244
f 2399 2408 2216
f 2419 2400 2407
f 2408 2419 2409
f 2400 2419 2408
f 2411 2408 2409
f 2244 2411 2395
f 2408 2411 2244
f 2415 2409 2410
f 2411 2415 2413
f 2409 2415 2411
f 2411 2413 2412 2395
f 2410 2414 2417 2415
f 2415 2417 2416 2413
f 2407 2418 2420 2419
f 2419 2420 2410 2409
f 2398 2421 2423 2422
f 2422 2423 2407 2400
f 2434 2186 2401
f 2402 2434 2403
f 2186 2434 2402
f 2425 2402 2403
f 2188 2425 2214
f 2402 2425 2188
f 2431 2403 2424
f 2425 2431 2426
f 2403 2431 2425
f 2428 2425 2426
f 2214 2428 2398
f 2425 2428 2214
f 2426 2427 2429 2428
f 2428 2429 2421 2398
f 2450 2424 2430
f 2431 2450 2432
f 2424 2450 2431
f 2431 2432 2427 2426
f 2430 2444 2452 2450
f 2450 2452 2451 2432
f 2460 2401 2433
f 2434 2460 2435
f 2401 2460 2434
f 2440 2434 2435
f 2403 2440 2424
f 2434 2440 2403
f 2457 2435 2439
f 2440 2457 2441
f 2435 2457 2440
f 2443 2440 2441
f 2424 2443 2430
f 2440 2443 2424
f 2454 2441 2442
f 2443 2454 2445
f 2441 2454 2443
f 2447 2443 2445
f 2430 2447 2444
f 2443 2447 2430
f 2473 2445 2446
f 2447 2473 2449
f 2445 2473 2447
f 2447 2449 2448 2444
f 2446 2467 2475 2473
f 2473 2475 2474 2449
f 2484 2442 2453
f 2454 2484 2455
f 2442 2484 2454
f 2466 2454 2455
f 2445 2466 2446
f 2454 2466 2445
f 2481 2455 2465
f 2466 2481 2468
f 2455 2481 2466
f 2470 2466 2468
f 2446 2470 2467
f 2466 2470 2446
f 2477 2468 2469
f 2470 2477 2472
f 2468 2477 2470
f 2470 2472 2471 2467
f 2490 2469 2476
f 2477 2490 2479
f 2469 2490 2477
f 2477 2479 2478 2472
f 2476 2489 2492 2490
f 2490 2492 2491 2479
f 2465 2480 2482 2481
f 2494 2481 2482
f 2468 2494 2469
f 2481 2494 2468
f 2482 2493 2495 2494
f 2497 2494 2495
f 2469 2497 2476
f 2494 2497 2469
f 2495 2496 2498 2497
f 2497 2498 2489 2476
f 2453 2483 2485 2484
f 2484 2485 2465 2455
f 2439 2456 2458 2457
f 2487 2457 2458
f 2441 2487 2442
f 2457 2487 2441
f 2458 2486 2488 2487
f 2487 2488 2453 2442
f 2433 2459 2461 2460
f 2460 2461 2439 2435
f 2349 2187 52
f 2187 62 61
f 62 2349 53
f 2349 62 2187
f 5153 54 63
f 53 5153 62
f 54 5153 53
f 5499 55 64
f 54 5499 63
f 55 5499 54
f 106 6396 65
f 6396 55 56
f 55 106 64
f 106 55 6396
f 6431 6645 66
f 6645 6397 102
f 6397 6431 110
f 6431 6397 6645
f 102 6397 6395 57
f 6397 6396 56 6395
f 6392 6397 110
f 6396 6392 65
f 6397 6392 6396
f 6903 6868 67
f 6870 6903 6732
f 6868 6903 6870
f 6868 6870 6869 6689
f 6870 6846 6691 6869
f 6866 6870 6732
f 6846 6866 6597
f 6870 6866 6846
f 6869 100 6689
f 6690 6869 6691
f 100 6869 6690
f 6847 6690 6691
f 103 6847 6643
f 6690 6847 103
f 6843 6846 6597
f 6849 6843 6687
f 6846 6843 6849
f 6846 6849 6847 6691
f 6849 6848 6643 6847
f 6687 99 6848 6849
f 6690 7257 100
f 7257 101 58
f 101 6690 103
f 6690 101 7257
f 6644 101 103
f 57 6644 102
f 101 6644 57
f 6653 6848 99
f 6848 6646 6643
f 6646 6653 6503
f 6653 6646 6848
f 6643 6646 6644 103
f 6646 6645 102 6644
f 6640 6646 6503
f 6645 6640 66
f 6646 6640 6645
f 7425 7407 7393 7424
f 7424 7358 7391
f 7392 7424 7393
f 7358 7424 7392
f 7408 7392 7393
f 7281 7408 7364
f 7392 7408 7281
f 7421 7423 7422 7407
f 7423 7414 7410 7422
f 7422 7393 7407
f 7408 7422 7410
f 7393 7422 7408
f 7415 7408 7410
f 7364 7415 7409
f 7408 7415 7364
f 7411 7414 7390
f 7417 7411 7406
f 7414 7411 7417
f 7414 7417 7415 7410
f 7417 7416 7409 7415
f 7406 7348 7416 7417
f 7413 7412 7406 7411
f 7388 7373 7363 7387
f 7387 7357 7360
f 7361 7387 7363
f 7357 7387 7361
f 7374 7361 7363
f 7350 7374 7362
f 7361 7374 7350
f 7383 7386 7384 7373
f 7386 7385 7376 7384
f 7384 7363 7373
f 7374 7384 7376
f 7363 7384 7374
f 7376 7375 7362 7374
f 7385 7375 7376
f 7354 7385 7359
f 7375 7385 7354
f 7416 7420 7409
f 7389 7416 7348
f 7420 7416 7389
f 7409 7420 7418 7364
f 7420 7419 7367 7418
f 7389 7357 7419 7420
f 7418 7281 7364
f 7365 7418 7367
f 7281 7418 7365
f 7367 7366 7349 7365
f 7361 7419 7357
f 7419 7366 7367
f 7366 7361 7350
f 7361 7366 7419
f 7377 7366 7350
f 7382 7377 7355
f 7366 7377 7382
f 7366 7382 7380 7349
f 7382 7381 6991 7380
f 7355 7319 7381 7382
f 7375 7379 7362
f 7372 7375 7354
f 7379 7375 7372
f 7362 7379 7377 7350
f 7379 7378 7355 7377
f 7372 7356 7378 7379
f 7378 7319 7355
f 7345 7378 7356
f 7319 7378 7345
f 7426 7444 6989
f 7444 7396 7394
f 7396 7426 7358
f 7426 7396 7444
f 7394 7396 7395 7351
f 7396 7368 7353 7395
f 7392 7396 7358
f 7368 7392 7281
f 7396 7392 7368
f 7395 7462 7351
f 7462 7352 119
f 7352 7395 7353
f 7395 7352 7462
f 7369 7352 7353
f 6990 7369 7292
f 7352 7369 6990
f 7365 7368 7281
f 7371 7365 7349
f 7368 7365 7371
f 7368 7371 7369 7353
f 7371 7370 7292 7369
f 7380 7371 7349
f 7370 7380 6991
f 7371 7380 7370
f 7320 7370 6991
f 7370 7294 7292
f 7294 7320 7103
f 7320 7294 7370
f 7292 7294 7293 6990
f 7294 7251 121 7293
f 7290 7294 7103
f 7251 7290 6856
f 7294 7290 7251
f 7336 7339 7337 7280
f 7339 7338 7317 7337
f 7339 7318 7338
f 7338 7104 7317
f 7285 7338 7318
f 7104 7338 7285
f 7345 7347 7346 7319
f 7347 7341 7321 7346
f 7340 7280 7341 7347
f 7346 7381 7319
f 7381 7320 6991
f 7320 7346 7321
f 7346 7320 7381
f 7342 7320 7321
f 7103 7342 7289
f 7320 7342 7103
f 7337 7341 7280
f 7344 7337 7317
f 7341 7337 7344
f 7341 7344 7342 7321
f 7344 7343 7289 7342
f 7317 7104 7343 7344
f 7286 7343 7104
f 7343 7291 7289
f 7291 7286 7192
f 7286 7291 7343
f 7289 7291 7290 7103
f 7291 7247 6856 7290
f 7305 7291 7192
f 7247 7305 6986
f 7291 7305 7247
f 7279 7324 7322
f 7330 7322 7324
f 7298 7330 7323
f 7322 7330 7298
f 7329 7332 7330 7324
f 7332 7331 7323 7330
f 7332 7300 7331
f 7331 7335 7323
f 7307 7331 7300
f 7335 7331 7307
f 7323 7335 7333 7298
f 7335 7334 7283 7333
f 7307 7299 7334 7335
f 7334 7308 7283
f 7310 7334 7299
f 7308 7334 7310
f 7310 7309 7193 7308
f 7314 7316 7315 7285
f 7316 7301 7288 7315
f 7315 7104 7285
f 7286 7315 7288
f 7104 7315 7286
f 7302 7286 7288
f 7192 7302 7287
f 7286 7302 7192
f 7322 7325 7279
f 7328 7322 7298
f 7325 7322 7328
f 7325 7328 7326 7301
f 7328 7327 7304 7326
f 7333 7328 7298
f 7327 7333 7283
f 7328 7333 7327
f 7326 7288 7301
f 7302 7326 7304
f 7288 7326 7302
f 7304 7303 7287 7302
f 7308 7327 7283
f 7327 7303 7304
f 7303 7308 7193
f 7308 7303 7327
f 7311 7303 7193
f 7303 7306 7287
f 7306 7311 7229
f 7311 7306 7303
f 7287 7306 7305 7192
f 7306 7243 6986 7305
f 7229 7100 7243 7306
f 7309 7311 7193
f 7313 7309 7284
f 7311 7309 7313
f 7313 7312 7229 7311
f 7352 7466 119
f 7466 7297 7295
f 7297 7352 6990
f 7352 7297 7466
f 7295 7297 7296 59
f 7297 7255 120 7296
f 7293 7297 6990
f 7255 7293 121
f 7297 7293 7255
f 7252 7255 121
f 7258 7252 6857
f 7255 7252 7258
f 7255 7258 7256 120
f 7258 7257 58 7256
f 6857 100 7257 7258
f 7278 7230 7231
f 7232 7278 7234
f 7230 7278 7232
f 7267 7232 7234
f 7228 7267 7233
f 7232 7267 7228
f 7277 7234 7266
f 7267 7277 7269
f 7234 7277 7267
f 7269 7268 7233 7267
f 7235 7238 7236 7189
f 7238 7237 7227 7236
f 7232 7238 7230
f 7237 7232 7228
f 7238 7232 7237
f 7271 7237 7228
f 7276 7271 7263
f 7237 7271 7276
f 7237 7276 7274 7227
f 7276 7275 7191 7274
f 7263 7199 7275 7276
f 7233 7273 7271 7228
f 7273 7272 7263 7271
f 7270 7265 7272 7273
f 7272 7199 7263
f 7264 7272 7265
f 7199 7272 7264
f 7236 7239 7189
f 7242 7236 7227
f 7239 7236 7242
f 7239 7242 7240 7100
f 7242 7241 7190 7240
f 7274 7242 7227
f 7241 7274 7191
f 7242 7274 7241
f 7200 7241 7191
f 7241 7102 7190
f 7102 7200 7151
f 7200 7102 7241
f 7275 7200 7191
f 7201 7275 7199
f 7200 7275 7201
f 7218 7200 7201
f 7151 7218 7194
f 7200 7218 7151
f 7217 7198 7219
f 7217 7219 7218 7201
f 7219 7209 7194 7218
f 7215 7219 7198
f 7209 7215 7092
f 7219 7215 7209
f 7240 7243 7100
f 7246 7240 7190
f 7243 7240 7246
f 7243 7246 7244 6986
f 7246 7245 7101 7244
f 7190 7102 7245 7246
f 7152 7245 7102
f 7245 6988 7101
f 6988 7152 7060
f 7152 6988 7245
f 7206 7209 7092
f 7212 7206 7186
f 7209 7206 7212
f 7209 7212 7210 7194
f 7212 7211 7196 7210
f 7186 7160 7211 7212
f 7210 7151 7194
f 7195 7210 7196
f 7151 7210 7195
f 7196 7173 7153 7195
f 7211 7173 7196
f 7099 7211 7160
f 7173 7211 7099
f 7195 7102 7151
f 7152 7195 7153
f 7102 7195 7152
f 7174 7152 7153
f 7060 7174 7109
f 7152 7174 7060
f 7099 7149 7176 7173
f 7173 7176 7174 7153
f 7176 7175 7109 7174
f 7170 7176 7149
f 7175 7170 6968
f 7176 7170 7175
f 7244 7247 6986
f 7250 7244 7101
f 7247 7244 7250
f 7247 7250 7248 6856
f 7250 7249 6987 7248
f 7101 6988 7249 7250
f 7061 7249 6988
f 7249 6858 6987
f 6858 7061 6936
f 7061 6858 7249
f 7127 7175 6968
f 7175 7112 7109
f 7112 7127 7090
f 7127 7112 7175
f 7109 7112 7110 7060
f 7112 7111 7062 7110
f 7106 7112 7090
f 7111 7106 6985
f 7112 7106 7111
f 7110 6988 7060
f 7061 7110 7062
f 6988 7110 7061
f 7062 6998 6936 7061
f 7058 7111 6985
f 7111 6998 7062
f 6998 7058 118
f 7058 6998 7111
f 7248 7251 6856
f 7254 7248 6987
f 7251 7248 7254
f 7251 7254 7252 121
f 7254 7253 6857 7252
f 6987 6858 7253 7254
f 6937 7253 6858
f 7253 100 6857
f 100 6937 6689
f 6937 100 7253
f 7009 6998 118
f 7001 7009 6966
f 6998 7009 7001
f 6998 7001 6999 6936
f 7001 7000 6938 6999
f 6995 7001 6966
f 7000 6995 6855
f 7001 6995 7000
f 6999 6858 6936
f 6937 6999 6938
f 6858 6999 6937
f 6938 6868 6689 6937
f 6934 7000 6855
f 7000 6868 6938
f 6868 6934 67
f 6934 6868 7000
f 7555 7581 7580
f 7581 7563 7494 7580
f 7573 7566 7568
f 7526 7573 7567
f 7566 7573 7526
f 7563 7565 7564 7494
f 7570 7564 7565
f 7525 7570 7556
f 7564 7570 7525
f 7569 7562 7572
f 7569 7572 7570 7565
f 7572 7571 7556 7570
f 7566 7572 7562
f 7571 7566 7526
f 7572 7566 7571
f 7574 7571 7526
f 7579 7574 7552
f 7571 7574 7579
f 7571 7579 7577 7556
f 7579 7578 7558 7577
f 7552 7539 7578 7579
f 7577 7525 7556
f 7557 7577 7558
f 7525 7577 7557
f 7558 7544 6993 7557
f 7578 7544 7558
f 7497 7578 7539
f 7544 7578 7497
f 7567 7576 7574 7526
f 7576 7575 7552 7574
f 7575 7539 7552
f 7553 7575 7554
f 7539 7575 7553
f 7619 7613 7598
f 7613 7585 7596
f 7585 7619 7597
f 7619 7585 7613
f 7637 7619 7598
f 7622 7637 7602
f 7619 7637 7622
f 7619 7622 7620 7597
f 7622 7621 7587 7620
f 7616 7622 7602
f 7621 7616 7593
f 7622 7616 7621
f 7636 7638 7637 7598
f 7638 7615 7602 7637
f 7635 7638 7612
f 7615 7635 7604
f 7638 7635 7615
f 7609 7615 7604
f 7618 7609 7605
f 7615 7609 7618
f 7615 7618 7616 7602
f 7618 7617 7593 7616
f 7605 7603 7617 7618
f 7604 7611 7609
f 7611 7610 7605 7609
f 7585 7597 7626 7623
f 7623 7626 7624 7489
f 7626 7625 7586 7624
f 7620 7626 7597
f 7625 7620 7587
f 7626 7620 7625
f 7594 7625 7587
f 7625 7491 7586
f 7491 7594 7527
f 7594 7491 7625
f 7617 7606 7593
f 7608 7617 7603
f 7606 7617 7608
f 7608 7607 7595 7606
f 7606 7621 7593
f 7621 7594 7587
f 7594 7606 7595
f 7606 7594 7621
f 7595 7582 7527 7594
f 7624 7627 7489
f 7630 7624 7586
f 7627 7624 7630
f 7627 7630 7628 60
f 7630 7629 7490 7628
f 7586 7491 7629 7630
f 7528 7629 7491
f 7629 6992 7490
f 6992 7528 7400
f 7528 6992 7629
f 7438 7555 7584 7582
f 7582 7584 7583 7527
f 7584 7559 7529 7583
f 7580 7584 7555
f 7559 7580 7494
f 7584 7580 7559
f 7583 7491 7527
f 7528 7583 7529
f 7491 7583 7528
f 7560 7528 7529
f 7400 7560 7486
f 7528 7560 7400
f 7564 7559 7494
f 7561 7564 7525
f 7559 7564 7561
f 7559 7561 7560 7529
f 7561 7548 7486 7560
f 7557 7561 7525
f 7548 7557 6993
f 7561 7557 7548
f 7545 7548 6993
f 7551 7545 7498
f 7548 7545 7551
f 7548 7551 7549 7486
f 7551 7550 7488 7549
f 7498 7436 7550 7551
f 7549 7400 7486
f 7487 7549 7488
f 7400 7549 7487
f 7488 7464 7402 7487
f 7484 7550 7436
f 7550 7464 7488
f 7464 7484 7282
f 7484 7464 7550
f 7487 6992 7400
f 7401 7487 7402
f 6992 7487 7401
f 7465 7401 7402
f 59 7465 7295
f 7401 7465 59
f 7475 7464 7282
f 7467 7475 7398
f 7464 7475 7467
f 7464 7467 7465 7402
f 7467 7466 7295 7465
f 7461 7467 7398
f 7466 7461 119
f 7467 7461 7466
f 7540 7543 7541 7497
f 7543 7542 7523 7541
f 7538 7524 7542 7543
f 7532 7542 7524
f 7542 7499 7523
f 7499 7532 7508
f 7532 7499 7542
f 7541 7544 7497
f 7547 7541 7523
f 7544 7541 7547
f 7544 7547 7545 6993
f 7547 7546 7498 7545
f 7523 7499 7546 7547
f 7509 7546 7499
f 7546 7436 7498
f 7436 7509 7483
f 7509 7436 7546
f 7530 7531 7522
f 7530 7508 7519
f 7520 7530 7522
f 7508 7530 7520
f 7533 7520 7522
f 7510 7533 7521
f 7520 7533 7510
f 7531 7535 7533 7522
f 7535 7534 7521 7533
f 7520 7499 7508
f 7509 7520 7510
f 7499 7520 7509
f 7536 7509 7510
f 7483 7536 7500
f 7509 7536 7483
f 7521 7537 7536 7510
f 7537 7515 7500 7536
f 7507 7437 7515 7537
f 7512 7515 7437
f 7518 7512 7495
f 7515 7512 7518
f 7515 7518 7516 7500
f 7518 7517 7503 7516
f 7495 7493 7517 7518
f 7516 7483 7500
f 7501 7516 7503
f 7483 7516 7501
f 7503 7502 7485 7501
f 7504 7517 7493
f 7517 7502 7503
f 7502 7504 7469
f 7504 7502 7517
f 7501 7436 7483
f 7484 7501 7485
f 7436 7501 7484
f 7485 7474 7282 7484
f 7481 7502 7469
f 7502 7474 7485
f 7474 7481 7397
f 7481 7474 7502
f 7511 7514 7512 7437
f 7514 7513 7495 7512
f 7496 7506 7504 7493
f 7506 7505 7469 7504
f 7482 7470 7397 7481
f 7477 7480 7478 7470
f 7480 7479 7473 7478
f 7478 7397 7470
f 7471 7478 7473
f 7397 7478 7471
f 7473 7472 7434 7471
f 7492 7479 7468
f 7479 7472 7473
f 7472 7492 7435
f 7492 7472 7479
f 7472 7447 7456
f 7456 7447 7427
f 7447 7472 7435
f 7472 7456 7399 7434
f 7471 7474 7397
f 7476 7471 7434
f 7474 7471 7476
f 7474 7476 7475 7282
f 7476 7460 7398 7475
f 7434 7399 7460 7476
f 7457 7460 7399
f 7463 7457 7428
f 7460 7457 7463
f 7460 7463 7461 7398
f 7463 7462 119 7461
f 7428 7351 7462 7463
f 7448 7451 7449 7446
f 7451 7450 7433 7449
f 7430 7446 7455 7452
f 7452 7455 7453 7427
f 7455 7454 7431 7453
f 7449 7455 7446
f 7454 7449 7433
f 7455 7449 7454
f 7440 7454 7433
f 7454 7429 7431
f 7429 7440 7432
f 7440 7429 7454
f 7433 7442 7440
f 7442 7441 7432 7440
f 7453 7456 7427
f 7459 7453 7431
f 7456 7453 7459
f 7456 7459 7457 7399
f 7459 7458 7428 7457
f 7431 7429 7458 7459
f 7443 7458 7429
f 7458 7351 7428
f 7351 7443 7394
f 7443 7351 7458
f 7432 7445 7443 7429
f 7445 7444 7394 7443
f 7445 6989 7444
f 7715 7714 7712 7713
f 7712 7711 7706 7710
f 8095 7705 7703
f 7706 8095 7704
f 7705 8095 7706
f 7698 7700 7699 7693
f 7700 7689 7673 7699
f 7689 7692 7690 7673
f 7692 7691 7686 7690
f 8067 8090 8089
f 8088 8075 8089 8090
f 8066 8091 8094 8075
f 8089 8092 8067
f 8094 8089 8075
f 8092 8089 8094
f 8094 8093 8079 8092
f 8091 8076 8093 8094
f 8079 8078 7709 8077
f 8093 8078 8079
f 8065 8093 8076
f 8078 8093 8065
f 7704 8095 8097 8087
f 8091 8097 8076
f 8087 8091 8066
f 8097 8091 8087
f 8097 8096 8065 8076
f 8095 7703 8096 8097
f 8101 8068 8081
f 8081 8068 7709
f 8068 8101 7707
f 8101 8081 7708 7702
f 8096 8083 8065
f 8080 8096 7703
f 8083 8096 8080
f 8078 8081 7709
f 8083 8078 8065
f 8081 8078 8083
f 8083 8082 7708 8081
f 8080 7693 8082 8083
f 8116 8099 8117 8118
f 8125 8124 8111 8123
f 8113 8102 8124 8125
f 8111 8110 7701 8109
f 8124 8110 8111
f 8069 8124 8102
f 8110 8124 8069
f 8127 8112 8098
f 8112 8101 8104
f 8101 8127 7707
f 8127 8101 8112
f 8126 8119 8099
f 8119 8112 8115
f 8112 8126 8098
f 8126 8112 8119
f 8117 8122 8108
f 8119 8117 8099
f 8122 8117 8119
f 8108 8122 8120 8070
f 8122 8121 8113 8120
f 8119 8115 8121 8122
f 8121 8102 8113
f 8114 8121 8115
f 8102 8121 8114
f 8112 8104 8114 8115
f 8114 8069 8102
f 8103 8114 8104
f 8069 8114 8103
f 8101 7702 8103 8104
f 8103 8107 8069
f 8084 8103 7702
f 8107 8103 8084
f 8110 8105 7701
f 8107 8110 8069
f 8105 8110 8107
f 8107 8106 7688 8105
f 8084 7694 8106 8107
f 8082 8086 7708
f 7699 8082 7693
f 8086 8082 7699
f 7708 8086 8084 7702
f 8086 8085 7694 8084
f 7699 7673 8085 8086
f 8171 8158 8130
f 8158 8139 8142
f 8139 8171 8072
f 8171 8139 8158
f 8170 8163 8138
f 8163 8158 8161
f 8158 8170 8130
f 8170 8158 8163
f 8162 8166 8145
f 8163 8162 8138
f 8166 8162 8163
f 8173 8164 8128
f 8166 8173 8145
f 8164 8173 8166
f 8166 8165 8159 8164
f 8163 8161 8165 8166
f 8165 8140 8159
f 8160 8165 8161
f 8140 8165 8160
f 8158 8142 8160 8161
f 8160 8134 8140
f 8141 8160 8142
f 8134 8160 8141
f 8139 8131 8141 8142
f 8169 8168 8148 8167
f 8159 8140 8168 8169
f 8148 8147 8132 8146
f 8168 8147 8148
f 8134 8168 8140
f 8147 8168 8134
f 8147 7687 8132
f 8133 8147 8134
f 7687 8147 8133
f 8141 8133 8134
f 8071 8141 8131
f 8133 8141 8071
f 7701 8105 8144 8100
f 8172 8139 8072
f 8139 8144 8131
f 8144 8172 8100
f 8172 8144 8139
f 8144 8143 8071 8131
f 8105 7688 8143 8144
f 8143 8137 8071
f 7695 8143 7688
f 8137 8143 7695
f 8133 8135 7687
f 8137 8133 8071
f 8135 8133 8137
f 8137 8136 7641 8135
f 7695 7658 8136 8137
f 7690 8085 7673
f 8085 7697 7694
f 7697 7690 7686
f 7690 7697 8085
f 8106 7695 7688
f 7697 8106 7694
f 7695 8106 7697
f 7697 7696 7658 7695
f 7686 7642 7696 7697
f 7696 7672 7682
f 7682 7672 7647
f 7672 7696 7642
f 7696 7682 7660 7658
f 8136 7659 7641
f 7660 8136 7658
f 7659 8136 7660
f 7683 7659 7660
f 7439 7683 7648
f 7659 7683 7439
f 7647 7656 7685 7682
f 7682 7685 7683 7660
f 7685 7684 7648 7683
f 7679 7685 7656
f 7684 7679 7588
f 7685 7679 7684
f 7678 7671 7657
f 7671 7647 7655
f 7647 7678 7656
f 7678 7647 7671
f 7657 7663 7681 7678
f 7678 7681 7679 7656
f 7681 7680 7588 7679
f 7675 7681 7663
f 7680 7675 7643
f 7681 7675 7680
f 7670 7674 7665
f 7677 7670 7666
f 7674 7670 7677
f 7674 7677 7675 7663
f 7677 7676 7643 7675
f 7666 7664 7676 7677
f 7676 7667 7643
f 7669 7676 7664
f 7667 7676 7669
f 7669 7668 7646 7667
f 7667 7680 7643
f 7680 7644 7588
f 7644 7667 7646
f 7667 7644 7680
f 7646 7645 7640 7644
f 7644 7684 7588
f 7684 7651 7648
f 7651 7644 7640
f 7644 7651 7684
f 7648 7651 7649 7439
f 7651 7650 7589 7649
f 7640 7590 7650 7651
f 7650 7600 7627
f 7627 7600 7489
f 7600 7650 7590
f 7650 7627 60 7589
f 7639 7590 7599
f 7600 7639 7601
f 7590 7639 7600
f 7623 7614 7585
f 7614 7600 7601
f 7600 7623 7489
f 7623 7600 7614
f 2516 68 2404
f 2405 2516 2406
f 68 2516 2405
f 2437 2405 2406
f 61 2437 2186
f 2405 2437 61
f 2513 2406 2436
f 2437 2513 2438
f 2406 2513 2437
f 2463 2437 2438
f 2186 2463 2401
f 2437 2463 2186
f 2510 2438 2462
f 2463 2510 2464
f 2438 2510 2463
f 2500 2463 2464
f 2401 2500 2433
f 2463 2500 2401
f 2507 2464 2499
f 2500 2507 2501
f 2464 2507 2500
f 2503 2500 2501
f 2433 2503 2459
f 2500 2503 2433
f 2501 2502 2505 2503
f 2503 2505 2504 2459
f 2525 2499 2506
f 2507 2525 2508
f 2499 2525 2507
f 2521 2507 2508
f 2501 2521 2502
f 2507 2521 2501
f 2508 2520 2523 2521
f 2521 2523 2522 2502
f 2506 2524 2526 2525
f 2525 2526 2520 2508
f 2537 2462 2509
f 2510 2537 2511
f 2462 2537 2510
f 2528 2510 2511
f 2464 2528 2499
f 2510 2528 2464
f 2534 2511 2527
f 2528 2534 2529
f 2511 2534 2528
f 2531 2528 2529
f 2499 2531 2506
f 2528 2531 2499
f 2529 2530 2532 2531
f 2531 2532 2524 2506
f 2527 2533 2535 2534
f 2534 2535 2530 2529
f 2509 2536 2538 2537
f 2543 2537 2538
f 2511 2543 2527
f 2537 2543 2511
f 2538 2542 2544 2543
f 2543 2544 2533 2527
f 2550 2436 2512
f 2513 2550 2514
f 2436 2550 2513
f 2540 2513 2514
f 2438 2540 2462
f 2513 2540 2438
f 2546 2514 2539
f 2540 2546 2541
f 2514 2546 2540
f 2540 2541 2509 2462
f 2556 2539 2545
f 2546 2556 2548
f 2539 2556 2546
f 2546 2548 2547 2541
f 2592 2545 2555
f 2556 2592 2558
f 2545 2592 2556
f 2556 2558 2557 2548
f 2555 2567 2594 2592
f 2592 2594 2593 2558
f 2580 2512 2549
f 2550 2580 2551
f 2512 2580 2550
f 2560 2550 2551
f 2514 2560 2539
f 2550 2560 2514
f 2577 2551 2559
f 2560 2577 2561
f 2551 2577 2560
f 2563 2560 2561
f 2539 2563 2545
f 2560 2563 2539
f 2574 2561 2562
f 2563 2574 2564
f 2561 2574 2563
f 2566 2563 2564
f 2545 2566 2555
f 2563 2566 2545
f 2570 2564 2565
f 2566 2570 2568
f 2564 2570 2566
f 2589 2566 2568
f 2555 2589 2567
f 2566 2589 2555
f 2599 2568 2571
f 2589 2599 2591
f 2568 2599 2589
f 2589 2591 2590 2567
f 2571 2587 2601 2599
f 2599 2601 2600 2591
f 2606 2565 2569
f 2570 2606 2572
f 2565 2606 2570
f 2586 2570 2572
f 2568 2586 2571
f 2570 2586 2568
f 2603 2572 2585
f 2586 2603 2588
f 2572 2603 2586
f 2596 2586 2588
f 2571 2596 2587
f 2586 2596 2571
f 2588 2595 2598 2596
f 2596 2598 2597 2587
f 2585 2602 2604 2603
f 2603 2604 2595 2588
f 2569 2605 2607 2606
f 2606 2607 2585 2572
f 2562 2573 2575 2574
f 2609 2574 2575
f 2564 2609 2565
f 2574 2609 2564
f 2575 2608 2610 2609
f 2609 2610 2569 2565
f 2559 2576 2578 2577
f 2577 2578 2562 2561
f 2549 2579 2581 2580
f 2580 2581 2559 2551
f 2621 2404 2515
f 2516 2621 2517
f 2404 2621 2516
f 2553 2516 2517
f 2406 2553 2436
f 2516 2553 2406
f 2618 2517 2552
f 2553 2618 2554
f 2517 2618 2553
f 2583 2553 2554
f 2436 2583 2512
f 2553 2583 2436
f 2615 2554 2582
f 2583 2615 2584
f 2554 2615 2583
f 2612 2583 2584
f 2512 2612 2549
f 2583 2612 2512
f 2584 2611 2613 2612
f 2612 2613 2579 2549
f 2635 2582 2614
f 2615 2635 2616
f 2582 2635 2615
f 2627 2615 2616
f 2584 2627 2611
f 2615 2627 2584
f 2631 2616 2626
f 2627 2631 2629
f 2616 2631 2627
f 2627 2629 2628 2611
f 2641 2626 2630
f 2631 2641 2633
f 2626 2641 2631
f 2631 2633 2632 2629
f 2648 2630 2640
f 2641 2648 2643
f 2630 2648 2641
f 2641 2643 2642 2633
f 2640 2647 2650 2648
f 2648 2650 2649 2643
f 2614 2634 2636 2635
f 2645 2635 2636
f 2616 2645 2626
f 2635 2645 2616
f 2636 2644 2646 2645
f 2652 2645 2646
f 2626 2652 2630
f 2645 2652 2626
f 2646 2651 2653 2652
f 2655 2652 2653
f 2630 2655 2640
f 2652 2655 2630
f 2653 2654 2656 2655
f 2655 2656 2647 2640
f 2675 2552 2617
f 2618 2675 2619
f 2552 2675 2618
f 2638 2618 2619
f 2554 2638 2582
f 2618 2638 2554
f 2672 2619 2637
f 2638 2672 2639
f 2619 2672 2638
f 2658 2638 2639
f 2582 2658 2614
f 2638 2658 2582
f 2669 2639 2657
f 2658 2669 2659
f 2639 2669 2658
f 2661 2658 2659
f 2614 2661 2634
f 2658 2661 2614
f 2665 2659 2660
f 2661 2665 2663
f 2659 2665 2661
f 2661 2663 2662 2634
f 2660 2664 2667 2665
f 2665 2667 2666 2663
f 2691 2657 2668
f 2669 2691 2670
f 2657 2691 2669
f 2681 2669 2670
f 2659 2681 2660
f 2669 2681 2659
f 2688 2670 2680
f 2681 2688 2682
f 2670 2688 2681
f 2684 2681 2682
f 2660 2684 2664
f 2681 2684 2660
f 2682 2683 2686 2684
f 2684 2686 2685 2664
f 2680 2687 2689 2688
f 2688 2689 2683 2682
f 2668 2690 2692 2691
f 2691 2692 2680 2670
f 2697 2637 2671
f 2672 2697 2673
f 2637 2697 2672
f 2694 2672 2673
f 2639 2694 2657
f 2672 2694 2639
f 2673 2693 2695 2694
f 2694 2695 2668 2657
f 2671 2696 2698 2697
f 2697 2698 2693 2673
f 2716 2617 2674
f 2675 2716 2676
f 2617 2716 2675
f 2700 2675 2676
f 2619 2700 2637
f 2675 2700 2619
f 2713 2676 2699
f 2700 2713 2701
f 2676 2713 2700
f 2703 2700 2701
f 2637 2703 2671
f 2700 2703 2637
f 2710 2701 2702
f 2703 2710 2704
f 2701 2710 2703
f 2706 2703 2704
f 2671 2706 2696
f 2703 2706 2671
f 2729 2704 2705
f 2706 2729 2708
f 2704 2729 2706
f 2706 2708 2707 2696
f 2705 2723 2731 2729
f 2729 2731 2730 2708
f 2736 2702 2709
f 2710 2736 2711
f 2702 2736 2710
f 2722 2710 2711
f 2704 2722 2705
f 2710 2722 2704
f 2733 2711 2721
f 2722 2733 2724
f 2711 2733 2722
f 2726 2722 2724
f 2705 2726 2723
f 2722 2726 2705
f 2724 2725 2728 2726
f 2726 2728 2727 2723
f 2721 2732 2734 2733
f 2733 2734 2725 2724
f 2709 2735 2737 2736
f 2736 2737 2721 2711
f 2699 2712 2714 2713
f 2739 2713 2714
f 2701 2739 2702
f 2713 2739 2701
f 2714 2738 2740 2739
f 2739 2740 2709 2702
f 2742 2674 2715
f 2716 2742 2717
f 2674 2742 2716
f 2716 2717 2699 2676
f 2749 2715 2741
f 2742 2749 2744
f 2715 2749 2742
f 2742 2744 2743 2717
f 2756 2741 2748
f 2749 2756 2751
f 2741 2756 2749
f 2749 2751 2750 2744
f 2763 2748 2755
f 2756 2763 2758
f 2748 2763 2756
f 2756 2758 2757 2751
f 2755 2762 2765 2763
f 2763 2765 2764 2758
f 2779 2515 2620
f 2621 2779 2622
f 2515 2779 2621
f 2678 2621 2622
f 2517 2678 2552
f 2621 2678 2517
f 2776 2622 2677
f 2678 2776 2679
f 2622 2776 2678
f 2719 2678 2679
f 2552 2719 2617
f 2678 2719 2552
f 2773 2679 2718
f 2719 2773 2720
f 2679 2773 2719
f 2746 2719 2720
f 2617 2746 2674
f 2719 2746 2617
f 2720 2745 2747 2746
f 2753 2746 2747
f 2674 2753 2715
f 2746 2753 2674
f 2747 2752 2754 2753
f 2760 2753 2754
f 2715 2760 2741
f 2753 2760 2715
f 2754 2759 2761 2760
f 2767 2760 2761
f 2741 2767 2748
f 2760 2767 2741
f 2761 2766 2768 2767
f 2770 2767 2768
f 2748 2770 2755
f 2767 2770 2748
f 2768 2769 2771 2770
f 2770 2771 2762 2755
f 2793 2718 2772
f 2773 2793 2774
f 2718 2793 2773
f 2785 2773 2774
f 2720 2785 2745
f 2773 2785 2720
f 2789 2774 2784
f 2785 2789 2787
f 2774 2789 2785
f 2785 2787 2786 2745
f 2784 2788 2791 2789
f 2789 2791 2790 2787
f 2809 2772 2792
f 2793 2809 2794
f 2772 2809 2793
f 2799 2793 2794
f 2774 2799 2784
f 2793 2799 2774
f 2806 2794 2798
f 2799 2806 2800
f 2794 2806 2799
f 2802 2799 2800
f 2784 2802 2788
f 2799 2802 2784
f 2800 2801 2804 2802
f 2802 2804 2803 2788
f 2798 2805 2807 2806
f 2815 2806 2807
f 2800 2815 2801
f 2806 2815 2800
f 2807 2814 2817 2815
f 2815 2817 2816 2801
f 2792 2808 2810 2809
f 2809 2810 2798 2794
f 2677 2775 2777 2776
f 2796 2776 2777
f 2679 2796 2718
f 2776 2796 2679
f 2777 2795 2797 2796
f 2812 2796 2797
f 2718 2812 2772
f 2796 2812 2718
f 2797 2811 2813 2812
f 2812 2813 2792 2772
f 2822 2620 2778
f 2779 2822 2780
f 2620 2822 2779
f 2819 2779 2780
f 2622 2819 2677
f 2779 2819 2622
f 2780 2818 2820 2819
f 2819 2820 2775 2677
f 2828 2778 2821
f 2822 2828 2823
f 2778 2828 2822
f 2822 2823 2818 2780
f 2821 2827 2830 2828
f 2828 2830 2829 2823
f 5154 4441 2405
f 2405 4441 68
f 4441 5154 69
f 5154 2405 61 62
f 5276 5152 70
f 5155 5276 4633
f 5152 5276 5155
f 5152 5155 5153 63
f 5155 5154 62 5153
f 5149 5155 4633
f 5154 5149 69
f 5155 5149 5154
f 5924 5927 71
f 5930 5924 5804
f 5927 5924 5930
f 5927 5930 5928 107
f 5930 5929 5500 5928
f 5804 112 5929 5930
f 5928 64 107
f 5499 5928 5500
f 64 5928 5499
f 5500 5152 63 5499
f 5497 5929 112
f 5929 5152 5500
f 5152 5497 70
f 5497 5152 5929
f 6277 6324 72
f 6324 6258 6256
f 6258 6277 6221
f 6277 6258 6324
f 6256 6258 6257 6197
f 6258 6243 6199 6257
f 6254 6258 6221
f 6243 6254 6114
f 6258 6254 6243
f 6257 6077 6197
f 6198 6257 6199
f 6077 6257 6198
f 6244 6198 6199
f 6079 6244 6128
f 6198 6244 6079
f 6240 6243 6114
f 6246 6240 6195
f 6243 6240 6246
f 6243 6246 6244 6199
f 6246 6245 6128 6244
f 6195 5964 6245 6246
f 6198 105 6077
f 6078 6198 6079
f 105 6198 6078
f 6129 6078 6079
f 108 6129 5958
f 6078 6129 108
f 6165 6245 5964
f 6245 6131 6128
f 6131 6165 6075
f 6165 6131 6245
f 6128 6131 6129 6079
f 6131 6130 5958 6129
f 6125 6131 6075
f 6130 6125 104
f 6131 6125 6130
f 6078 6393 105
f 6393 106 65
f 106 6078 108
f 6078 106 6393
f 5959 106 108
f 64 5959 107
f 106 5959 64
f 6066 6130 104
f 6130 5960 5958
f 5960 6066 5901
f 6066 5960 6130
f 5958 5960 5959 108
f 5960 5927 107 5959
f 5956 5960 5901
f 5927 5956 71
f 5960 5956 5927
f 6580 6577 6578
f 6553 6580 6563
f 6577 6580 6553
f 6577 6544 6550
f 6551 6577 6553
f 6544 6577 6551
f 6564 6551 6553
f 6533 6564 6552
f 6551 6564 6533
f 6573 6576 6574 6563
f 6576 6575 6566 6574
f 6574 6553 6563
f 6564 6574 6566
f 6553 6574 6564
f 6566 6565 6552 6564
f 6575 6565 6566
f 6537 6575 6549
f 6565 6575 6537
f 6579 6554 6531
f 6557 6579 6544
f 6554 6579 6557
f 6554 6557 6555 109
f 6557 6556 6532 6555
f 6551 6557 6544
f 6556 6551 6533
f 6557 6551 6556
f 6567 6556 6533
f 6572 6567 6538
f 6556 6567 6572
f 6556 6572 6570 6532
f 6572 6571 6458 6570
f 6538 6496 6571 6572
f 6565 6569 6552
f 6562 6565 6537
f 6569 6565 6562
f 6552 6569 6567 6533
f 6569 6568 6538 6567
f 6562 6539 6568 6569
f 6541 6568 6539
f 6568 6496 6538
f 6496 6541 6534
f 6541 6496 6568
f 6540 6543 6541 6539
f 6543 6542 6534 6541
f 6530 6542 6459
f 6542 6536 6534
f 6536 6530 6507
f 6530 6536 6542
f 6534 6536 6535 6496
f 6536 6523 6498 6535
f 6507 6471 6523 6536
f 6535 6571 6496
f 6571 6497 6458
f 6497 6535 6498
f 6535 6497 6571
f 6524 6497 6498
f 6349 6524 6482
f 6497 6524 6349
f 6520 6523 6471
f 6526 6520 6494
f 6523 6520 6526
f 6523 6526 6524 6498
f 6526 6525 6482 6524
f 6494 6427 6525 6526
f 6515 6518 6516 6505
f 6518 6517 6495 6516
f 6512 6518 6508
f 6517 6512 6506
f 6518 6512 6517
f 6514 6513 6506 6512
f 6493 6505 6522 6519
f 6519 6522 6520 6471
f 6522 6521 6494 6520
f 6516 6522 6505
f 6521 6516 6495
f 6522 6516 6521
f 6509 6521 6495
f 6521 6427 6494
f 6427 6509 6478
f 6509 6427 6521
f 6529 6528 6511 6527
f 6527 6517 6506
f 6517 6509 6495
f 6509 6527 6511
f 6527 6509 6517
f 6511 6510 6478 6509
f 6474 6477 6475 6469
f 6477 6476 6457 6475
f 6510 6481 6478
f 6469 6510 6455
f 6481 6510 6469
f 6478 6481 6479 6427
f 6481 6480 6456 6479
f 6475 6481 6469
f 6480 6475 6457
f 6481 6475 6480
f 6472 6480 6457
f 6480 6429 6456
f 6429 6472 6447
f 6472 6429 6480
f 6492 6491 6473 6490
f 6490 6476 6470
f 6476 6472 6457
f 6472 6490 6473
f 6490 6472 6476
f 6473 6460 6447 6472
f 6479 6525 6427
f 6525 6485 6482
f 6485 6479 6456
f 6479 6485 6525
f 6482 6485 6483 6349
f 6485 6484 6428 6483
f 6456 6429 6484 6485
f 6448 6484 6429
f 6484 111 6428
f 111 6448 6387
f 6448 111 6484
f 6452 6460 6382
f 6463 6452 6450
f 6460 6452 6463
f 6460 6463 6461 6447
f 6463 6462 6449 6461
f 6466 6463 6450
f 6462 6466 6426
f 6463 6466 6462
f 6461 6429 6447
f 6448 6461 6449
f 6429 6461 6448
f 6449 6440 6387 6448
f 6445 6462 6426
f 6462 6440 6449
f 6440 6445 6200
f 6445 6440 6462
f 6464 6452 6454
f 6450 6464 6453
f 6452 6464 6450
f 6464 6465 6453
f 6453 6468 6466 6450
f 6468 6467 6426 6466
f 6451 6444 6467 6468
f 6467 6445 6426
f 6446 6467 6444
f 6445 6467 6446
f 6446 6436 6200 6445
f 6555 6612 109
f 6612 6561 6558
f 6561 6555 6532
f 6555 6561 6612
f 6558 6561 6559 6499
f 6561 6560 6501 6559
f 6570 6561 6532
f 6560 6570 6458
f 6561 6570 6560
f 6559 6430 6499
f 6500 6559 6501
f 6430 6559 6500
f 6501 6486 6432 6500
f 6497 6560 6458
f 6560 6486 6501
f 6486 6497 6349
f 6497 6486 6560
f 6500 6641 6430
f 6641 6431 66
f 6431 6500 6432
f 6500 6431 6641
f 6487 6431 6432
f 110 6487 6391
f 6431 6487 110
f 6483 6486 6349
f 6489 6483 6428
f 6486 6483 6489
f 6486 6489 6487 6432
f 6489 6488 6391 6487
f 6428 111 6488 6489
f 6388 6488 111
f 6488 6394 6391
f 6394 6388 6201
f 6388 6394 6488
f 6391 6394 6392 110
f 6394 6393 65 6392
f 6201 105 6393 6394
f 6435 6434 6425 6433
f 6433 6436 6403
f 6439 6433 6425
f 6436 6433 6439
f 6436 6439 6437 6200
f 6439 6438 6404 6437
f 6425 6405 6438 6439
f 6438 6347 6404
f 6383 6438 6405
f 6347 6438 6383
f 6414 6410 6348
f 6413 6414 6380
f 6410 6414 6413
f 6410 6413 6411 6383
f 6413 6412 6386 6411
f 6407 6413 6380
f 6412 6407 6379
f 6413 6407 6412
f 6411 6347 6383
f 6384 6411 6386
f 6347 6411 6384
f 6386 6385 6202 6384
f 6399 6412 6379
f 6412 6385 6386
f 6385 6399 6259
f 6399 6385 6412
f 6420 6414 6415
f 6380 6420 6406
f 6414 6420 6380
f 6422 6420 6421
f 6406 6422 6416
f 6420 6422 6406
f 6424 6423 6416 6422
f 6416 6419 6417 6406
f 6419 6418 6409 6417
f 6402 6398 6418 6419
f 6417 6380 6406
f 6407 6417 6409
f 6380 6417 6407
f 6409 6408 6379 6407
f 6418 6408 6409
f 6381 6418 6398
f 6408 6418 6381
f 6408 6399 6379
f 6401 6408 6381
f 6399 6408 6401
f 6401 6400 6259 6399
f 6437 6440 6200
f 6443 6437 6404
f 6440 6437 6443
f 6440 6443 6441 6387
f 6443 6442 6390 6441
f 6404 6347 6442 6443
f 6441 111 6387
f 6388 6441 6390
f 111 6441 6388
f 6390 6389 6201 6388
f 6384 6442 6347
f 6442 6389 6390
f 6389 6384 6202
f 6384 6389 6442
f 6260 6389 6202
f 6389 105 6201
f 105 6260 6077
f 6260 105 6389
f 6259 6346 6345
f 6373 6345 6346
f 6261 6373 6309
f 6345 6373 6261
f 6372 6374 6373 6346
f 6376 6373 6374
f 6309 6376 6342
f 6373 6376 6309
f 6375 6378 6376 6374
f 6378 6377 6342 6376
f 6345 6385 6259
f 6385 6260 6202
f 6260 6345 6261
f 6345 6260 6385
f 6310 6260 6261
f 6077 6310 6197
f 6260 6310 6077
f 6377 6344 6342
f 6313 6377 6216
f 6344 6377 6313
f 6342 6344 6343 6309
f 6344 6322 6311 6343
f 6340 6344 6313
f 6322 6340 6273
f 6344 6340 6322
f 6343 6261 6309
f 6310 6343 6311
f 6261 6343 6310
f 6323 6310 6311
f 6197 6323 6256
f 6310 6323 6197
f 6319 6322 6273
f 6325 6319 6307
f 6322 6319 6325
f 6322 6325 6323 6311
f 6325 6324 6256 6323
f 6369 6325 6307
f 6324 6369 72
f 6325 6369 6324
f 6961 6955 6956
f 6947 6961 6948
f 6955 6961 6947
f 6955 6731 6945
f 6946 6955 6947
f 6731 6955 6946
f 6949 6946 6947
f 6911 6949 6927
f 6946 6949 6911
f 6954 6953 6951 6952
f 6952 6947 6948
f 6949 6952 6951
f 6947 6952 6949
f 6951 6950 6927 6949
f 6927 6929 6928 6911
f 6929 6917 6854 6928
f 6925 6929 6916
f 6917 6925 6899
f 6929 6925 6917
f 6939 6925 6926
f 6899 6939 6912
f 6925 6939 6899
f 6940 6943 6941 6912
f 6943 6942 6915 6941
f 6941 6899 6912
f 6913 6941 6915
f 6899 6941 6913
f 6915 6914 6909 6913
f 6914 6901 6909
f 6905 6914 6910
f 6901 6914 6905
f 6913 6917 6899
f 6920 6913 6909
f 6917 6913 6920
f 6917 6920 6918 6854
f 6920 6919 6900 6918
f 6909 6901 6919 6920
f 6906 6919 6901
f 6919 6733 6900
f 6733 6906 6894
f 6906 6733 6919
f 6905 6908 6906 6901
f 6908 6907 6894 6906
f 6946 6930 6731
f 6932 6946 6911
f 6930 6946 6932
f 6930 6932 6931 6902
f 6932 6921 6904 6931
f 6928 6932 6911
f 6921 6928 6854
f 6932 6928 6921
f 6931 67 6902
f 6903 6931 6904
f 67 6931 6903
f 6922 6903 6904
f 6732 6922 6865
f 6903 6922 6732
f 6918 6921 6854
f 6924 6918 6900
f 6921 6918 6924
f 6921 6924 6922 6904
f 6924 6923 6865 6922
f 6900 6733 6923 6924
f 6895 6923 6733
f 6923 6867 6865
f 6867 6895 6783
f 6895 6867 6923
f 6865 6867 6866 6732
f 6867 6842 6597 6866
f 6863 6867 6783
f 6842 6863 6686
f 6867 6863 6842
f 6898 6892 6893
f 6784 6898 6876
f 6892 6898 6784
f 6894 6896 6895 6733
f 6896 6862 6783 6895
f 6892 6896 6853
f 6862 6892 6784
f 6896 6892 6862
f 6877 6862 6784
f 6864 6877 6819
f 6862 6877 6864
f 6862 6864 6863 6783
f 6864 6838 6686 6863
f 6860 6864 6819
f 6838 6860 6728
f 6864 6860 6838
f 6897 6876 6889
f 6890 6897 6891
f 6876 6897 6890
f 6891 6886 6878 6890
f 6890 6784 6876
f 6877 6890 6878
f 6784 6890 6877
f 6887 6877 6878
f 6819 6887 6859
f 6877 6887 6819
f 6886 6888 6887 6878
f 6888 6879 6859 6887
f 6885 6888 6875
f 6879 6885 6820
f 6888 6885 6879
f 6872 6879 6820
f 6882 6872 6852
f 6879 6872 6882
f 6879 6882 6880 6859
f 6882 6881 6861 6880
f 6852 6826 6881 6882
f 6880 6819 6859
f 6860 6880 6861
f 6819 6880 6860
f 6861 6834 6728 6860
f 6881 6834 6861
f 6780 6881 6826
f 6834 6881 6780
f 6883 6884 6874
f 6883 6820 6871
f 6872 6883 6874
f 6820 6883 6872
f 6874 6873 6852 6872
f 6829 6828 6818 6827
f 6830 6825 6833
f 6830 6833 6831 6780
f 6833 6832 6817 6831
f 6827 6833 6825
f 6832 6827 6818
f 6833 6827 6832
f 6850 6832 6818
f 6832 6782 6817
f 6782 6850 6803
f 6850 6782 6832
f 6851 6814 6803 6850
f 6831 6834 6780
f 6837 6831 6817
f 6834 6831 6837
f 6834 6837 6835 6728
f 6837 6836 6781 6835
f 6817 6782 6836 6837
f 6804 6836 6782
f 6836 6730 6781
f 6730 6804 6749
f 6804 6730 6836
f 6814 6816 6815 6803
f 6816 6807 6805 6815
f 6815 6782 6803
f 6804 6815 6805
f 6782 6815 6804
f 6808 6804 6805
f 6749 6808 6776
f 6804 6808 6749
f 6811 6821 6786
f 6824 6811 6806
f 6821 6811 6824
f 6821 6824 6822 6807
f 6824 6823 6810 6822
f 6806 6802 6823 6824
f 6822 6805 6807
f 6808 6822 6810
f 6805 6822 6808
f 6810 6809 6776 6808
f 6823 6809 6810
f 6720 6823 6802
f 6809 6823 6720
f 6835 6838 6728
f 6841 6835 6781
f 6838 6835 6841
f 6838 6841 6839 6686
f 6841 6840 6729 6839
f 6781 6730 6840 6841
f 6750 6840 6730
f 6840 6688 6729
f 6688 6750 6710
f 6750 6688 6840
f 6800 6809 6720
f 6809 6779 6776
f 6779 6800 6770
f 6800 6779 6809
f 6776 6779 6777 6749
f 6779 6778 6751 6777
f 6773 6779 6770
f 6778 6773 6727
f 6779 6773 6778
f 6777 6730 6749
f 6750 6777 6751
f 6730 6777 6750
f 6794 6750 6751
f 6710 6794 6738
f 6750 6794 6710
f 6791 6778 6727
f 6796 6791 6747
f 6778 6791 6796
f 6778 6796 6794 6751
f 6796 6795 6738 6794
f 6747 6656 6795 6796
f 6839 6842 6686
f 6845 6839 6729
f 6842 6839 6845
f 6842 6845 6843 6597
f 6845 6844 6687 6843
f 6729 6688 6844 6845
f 6711 6844 6688
f 6844 99 6687
f 99 6711 6652
f 6711 99 6844
f 6744 6795 6656
f 6795 6741 6738
f 6741 6744 6718
f 6744 6741 6795
f 6738 6741 6739 6710
f 6741 6740 6713 6739
f 6735 6741 6718
f 6740 6735 6685
f 6741 6735 6740
f 6739 6688 6710
f 6711 6739 6713
f 6688 6739 6711
f 6713 6712 6652 6711
f 6707 6740 6685
f 6740 6712 6713
f 6712 6707 6502
f 6707 6712 6740
f 6813 6812 6806 6811
f 6801 6772 6770 6800
f 6797 6799 6798 6772
f 6799 6787 6775 6798
f 6798 6770 6772
f 6773 6798 6775
f 6770 6798 6773
f 6788 6773 6775
f 6727 6788 6774
f 6773 6788 6727
f 6787 6790 6788 6775
f 6790 6789 6774 6788
f 6771 6746 6789 6790
f 6789 6793 6774
f 6785 6789 6746
f 6793 6789 6785
f 6774 6793 6791 6727
f 6793 6792 6747 6791
f 6785 6748 6792 6793
f 6761 6792 6748
f 6792 6656 6747
f 6656 6761 6743
f 6761 6656 6792
f 6760 6762 6761 6748
f 6767 6761 6762
f 6743 6767 6752
f 6761 6767 6743
f 6769 6767 6768
f 6752 6769 6756
f 6767 6769 6752
f 6763 6766 6764 6756
f 6766 6765 6759 6764
f 6764 6752 6756
f 6757 6764 6759
f 6752 6764 6757
f 6759 6758 6755 6757
f 6757 6743 6752
f 6753 6757 6755
f 6743 6757 6753
f 6755 6754 6745 6753
f 6758 6754 6755
f 6726 6758 6742
f 6754 6758 6726
f 6753 6656 6743
f 6744 6753 6745
f 6656 6753 6744
f 6745 6734 6718 6744
f 6754 6734 6745
f 6719 6754 6726
f 6734 6754 6719
f 6723 6734 6719
f 6737 6723 6721
f 6734 6723 6737
f 6734 6737 6735 6718
f 6737 6736 6685 6735
f 6721 6706 6736 6737
f 6722 6725 6723 6719
f 6725 6724 6721 6723
f 6714 6717 6715 6706
f 6717 6716 6709 6715
f 6715 6736 6706
f 6736 6707 6685
f 6707 6715 6709
f 6715 6707 6736
f 6709 6708 6502 6707
f 6684 6708 6658
f 6708 6659 6502
f 6659 6684 6660
f 6684 6659 6708
f 6665 6659 6660
f 6595 6665 6649
f 6659 6665 6595
f 6660 6666 6665
f 6668 6665 6666
f 6649 6668 6661
f 6665 6668 6649
f 6705 6682 6683
f 6670 6705 6671
f 6682 6705 6670
f 6682 6666 6667
f 6668 6682 6670
f 6666 6682 6668
f 6672 6668 6670
f 6661 6672 6669
f 6668 6672 6661
f 6704 6671 6678
f 6679 6704 6681
f 6671 6704 6679
f 6693 6679 6681
f 6674 6693 6680
f 6679 6693 6674
f 6692 6695 6693 6681
f 6695 6694 6680 6693
f 6679 6670 6671
f 6672 6679 6674
f 6670 6679 6672
f 6697 6672 6674
f 6669 6697 6673
f 6672 6697 6669
f 6680 6696 6699
f 6680 6699 6697 6674
f 6699 6698 6673 6697
f 6696 6596 6698 6699
f 6698 6703 6673
f 6700 6698 6596
f 6703 6698 6700
f 6673 6703 6701 6669
f 6703 6702 6677 6701
f 6700 6657 6702 6703
f 6701 6661 6669
f 6675 6701 6677
f 6661 6701 6675
f 6677 6676 6664 6675
f 6702 6676 6677
f 6655 6702 6657
f 6676 6702 6655
f 6675 6649 6661
f 6662 6675 6664
f 6649 6675 6662
f 6664 6663 6651 6662
f 6676 6663 6664
f 6627 6676 6655
f 6663 6676 6627
f 6662 6595 6649
f 6650 6662 6651
f 6595 6662 6650
f 6651 6635 6504 6650
f 6647 6663 6627
f 6663 6635 6651
f 6635 6647 6546
f 6647 6635 6663
f 6648 6631 6546 6647
f 6659 6712 6502
f 6712 6654 6652
f 6654 6659 6595
f 6659 6654 6712
f 6652 6654 6653 99
f 6654 6639 6503 6653
f 6650 6654 6595
f 6639 6650 6504
f 6654 6650 6639
f 6636 6639 6504
f 6642 6636 6547
f 6639 6636 6642
f 6639 6642 6640 6503
f 6642 6641 66 6640
f 6547 6430 6641 6642
f 6630 6629 6594 6628
f 6631 6634 6632 6546
f 6634 6633 6593 6632
f 6628 6634 6626
f 6633 6628 6594
f 6634 6628 6633
f 6620 6633 6594
f 6633 6548 6593
f 6548 6620 6582
f 6620 6548 6633
f 6621 6589 6582 6620
f 6632 6635 6546
f 6638 6632 6593
f 6635 6632 6638
f 6635 6638 6636 6504
f 6638 6637 6547 6636
f 6593 6548 6637 6638
f 6583 6637 6548
f 6637 6430 6547
f 6430 6583 6499
f 6583 6430 6637
f 6617 6619 6618 6589
f 6619 6607 6592 6618
f 6615 6619 6601
f 6607 6615 6581
f 6619 6615 6607
f 6618 6582 6589
f 6590 6618 6592
f 6582 6618 6590
f 6608 6590 6592
f 6584 6608 6591
f 6590 6608 6584
f 6604 6607 6581
f 6610 6604 6586
f 6607 6604 6610
f 6607 6610 6608 6592
f 6610 6609 6591 6608
f 6586 6545 6609 6610
f 6590 6548 6582
f 6583 6590 6584
f 6548 6590 6583
f 6611 6583 6584
f 6499 6611 6558
f 6583 6611 6499
f 6609 6613 6591
f 6598 6609 6545
f 6613 6609 6598
f 6591 6613 6611 6584
f 6613 6612 6558 6611
f 6598 109 6612 6613
f 6616 6603 6581 6615
f 6614 6622 6585
f 6625 6614 6602
f 6622 6614 6625
f 6622 6625 6623 6603
f 6625 6624 6606 6623
f 6602 6600 6624 6625
f 6623 6581 6603
f 6604 6623 6606
f 6581 6623 6604
f 6606 6605 6586 6604
f 6624 6605 6606
f 6588 6624 6600
f 6605 6624 6588
f 6605 6545 6586
f 6587 6605 6588
f 6545 6605 6587
f 6599 6554 109 6598
f 7214 7216 7215 7198
f 7224 7215 7216
f 7092 7224 7205
f 7215 7224 7092
f 7223 7213 7226
f 7223 7226 7224 7216
f 7226 7225 7205 7224
f 7220 7226 7213
f 7225 7220 7185
f 7226 7220 7225
f 7213 7222 7220
f 7222 7221 7185 7220
f 7204 7203 7197 7202
f 7202 7225 7185
f 7225 7208 7205
f 7208 7202 7197
f 7202 7208 7225
f 7205 7208 7206 7092
f 7208 7207 7186 7206
f 7197 7188 7207 7208
f 7207 7160 7186
f 7187 7207 7188
f 7160 7207 7187
f 7169 7159 7150
f 7159 7099 7148
f 7099 7169 7149
f 7169 7099 7159
f 7166 7169 7150
f 7172 7166 7155
f 7169 7166 7172
f 7169 7172 7170 7149
f 7172 7171 6968 7170
f 7155 7126 7171 7172
f 7161 7164 7162 7158
f 7164 7163 7157 7162
f 7184 7165 7154
f 7168 7184 7158
f 7165 7184 7168
f 7165 7168 7166 7150
f 7168 7167 7155 7166
f 7162 7168 7158
f 7167 7162 7157
f 7168 7162 7167
f 7177 7167 7157
f 7167 7126 7155
f 7126 7177 7156
f 7177 7126 7167
f 7179 7178 7156 7177
f 7156 7183 7181 7126
f 7183 7182 7128 7181
f 7180 7098 7182 7183
f 7181 7171 7126
f 7171 7127 6968
f 7127 7181 7128
f 7181 7127 7171
f 7128 7105 7090 7127
f 7182 7125 7133
f 7133 7125 7091
f 7125 7182 7098
f 7182 7133 7105 7128
f 7144 7133 7091
f 7136 7144 7095
f 7133 7144 7136
f 7133 7136 7134 7105
f 7136 7135 7108 7134
f 7130 7136 7095
f 7135 7130 7093
f 7136 7130 7135
f 7134 7090 7105
f 7106 7134 7108
f 7090 7134 7106
f 7108 7107 6985 7106
f 7116 7135 7093
f 7135 7107 7108
f 7107 7116 7057
f 7116 7107 7135
f 7124 7142 7141
f 7146 7141 7142
f 7097 7146 7120
f 7141 7146 7097
f 7147 7137 7120 7146
f 7094 7124 7145 7143
f 7143 7145 7144 7091
f 7145 7129 7095 7144
f 7141 7145 7124
f 7129 7141 7097
f 7145 7141 7129
f 7121 7129 7097
f 7132 7121 7113
f 7129 7121 7132
f 7129 7132 7130 7095
f 7132 7131 7093 7130
f 7113 7096 7131 7132
f 7137 7140 7138 7120
f 7140 7139 7123 7138
f 7138 7097 7120
f 7121 7138 7123
f 7097 7138 7121
f 7123 7122 7113 7121
f 7139 7122 7123
f 7115 7139 7119
f 7122 7139 7115
f 7122 7096 7113
f 7114 7122 7115
f 7096 7122 7114
f 7131 7116 7093
f 7118 7131 7096
f 7116 7131 7118
f 7118 7117 7057 7116
f 7117 7088 7057
f 7089 7117 7087
f 7088 7117 7089
f 7089 7083 7059 7088
f 7088 7107 7057
f 7107 7058 6985
f 7058 7088 7059
f 7088 7058 7107
f 7084 7058 7059
f 118 7084 7008
f 7058 7084 118
f 7083 7085 7084 7059
f 7085 7054 7008 7084
f 7079 7069 6965
f 7085 7079 7054
f 7069 7079 7085
f 7068 7070 7078 7075
f 7075 7078 7076 7067
f 7078 7077 7049 7076
f 7072 7078 7070
f 7077 7072 7050
f 7078 7072 7077
f 7071 7074 7072 7070
f 7074 7073 7050 7072
f 7086 7073 7063
f 7073 7064 7050
f 7064 7086 7066
f 7086 7064 7073
f 7066 7065 7053 7064
f 7064 7077 7050
f 7077 7051 7049
f 7051 7064 7053
f 7064 7051 7077
f 7053 7052 6984 7051
f 7007 7014 7045 7043
f 7043 7045 7044 7006
f 7045 7026 6967 7044
f 7041 7045 7014
f 7026 7041 6980
f 7045 7041 7026
f 7015 7017 7042 7040
f 7040 7042 7041 7014
f 7042 7022 6980 7041
f 7038 7042 7017
f 7022 7038 7002
f 7042 7038 7022
f 7017 7039 7038
f 7039 7018 7002 7038
f 6965 7067 7082 7079
f 7079 7082 7080 7054
f 7082 7081 7056 7080
f 7076 7082 7067
f 7081 7076 7049
f 7082 7076 7081
f 7080 7008 7054
f 7055 7080 7056
f 7008 7080 7055
f 7056 7046 7010 7055
f 7051 7081 7049
f 7081 7046 7056
f 7046 7051 6984
f 7051 7046 7081
f 7055 118 7008
f 7009 7055 7010
f 118 7055 7009
f 7047 7009 7010
f 6966 7047 6994
f 7009 7047 6966
f 6984 7006 7048 7046
f 7046 7048 7047 7010
f 7048 7030 6994 7047
f 7044 7048 7006
f 7030 7044 6967
f 7048 7044 7030
f 7027 7030 6967
f 7033 7027 6981
f 7030 7027 7033
f 7030 7033 7031 6994
f 7033 7032 6997 7031
f 6981 6978 7032 7033
f 7031 6966 6994
f 6995 7031 6997
f 6966 7031 6995
f 6997 6996 6855 6995
f 7032 6996 6997
f 6933 7032 6978
f 6996 7032 6933
f 7034 7037 7035 7018
f 7037 7036 7021 7035
f 7035 7002 7018
f 7019 7035 7021
f 7002 7035 7019
f 7021 7020 7011 7019
f 7036 7020 7021
f 7013 7036 7016
f 7020 7036 7013
f 7020 7005 7011
f 7012 7020 7013
f 7005 7020 7012
f 7019 7022 7002
f 7025 7019 7011
f 7022 7019 7025
f 7022 7025 7023 6980
f 7025 7024 7003 7023
f 7011 7005 7024 7025
f 7024 6983 7003
f 7004 7024 7005
f 6983 7024 7004
f 7023 7026 6980
f 7029 7023 7003
f 7026 7023 7029
f 7026 7029 7027 6967
f 7029 7028 6981 7027
f 7003 6983 7028 7029
f 7028 6978 6981
f 6982 7028 6983
f 6978 7028 6982
f 6982 6933 6978
f 6962 6982 6979
f 6933 6982 6962
f 6977 6969 6964 6976
f 6976 6933 6962
f 6963 6976 6964
f 6933 6976 6963
f 6970 6963 6964
f 6935 6970 6958
f 6963 6970 6935
f 6969 6975 6973
f 6975 6974 6972 6973
f 6973 6964 6969
f 6970 6973 6972
f 6964 6973 6970
f 6972 6971 6958 6970
f 6963 6996 6933
f 6996 6934 6855
f 6934 6963 6935
f 6963 6934 6996
f 6959 6934 6935
f 67 6959 6902
f 6934 6959 67
f 6958 6960 6959 6935
f 6960 6930 6902 6959
f 6957 6960 6944
f 6930 6957 6731
f 6960 6957 6930
f 4584 4245 2844
f 2844 4245 115
f 4245 4584 73
f 4584 2844 2519 2518
f 2624 2518 2519
f 68 2624 2404
f 2518 2624 68
f 2841 2519 2623
f 2624 2841 2625
f 2519 2841 2624
f 2782 2624 2625
f 2404 2782 2515
f 2624 2782 2404
f 2838 2625 2781
f 2782 2838 2783
f 2625 2838 2782
f 2825 2782 2783
f 2515 2825 2620
f 2782 2825 2515
f 2835 2783 2824
f 2825 2835 2826
f 2783 2835 2825
f 2832 2825 2826
f 2620 2832 2778
f 2825 2832 2620
f 2826 2831 2833 2832
f 2832 2833 2821 2778
f 2847 2824 2834
f 2835 2847 2836
f 2824 2847 2835
f 2867 2835 2836
f 2826 2867 2831
f 2835 2867 2826
f 2836 2848 2869 2867
f 2867 2869 2868 2831
f 2854 2834 2846
f 2847 2854 2849
f 2834 2854 2847
f 2864 2847 2849
f 2836 2864 2848
f 2847 2864 2836
f 2849 2855 2866 2864
f 2864 2866 2865 2848
f 2875 2846 2853
f 2854 2875 2856
f 2846 2875 2854
f 2861 2854 2856
f 2849 2861 2855
f 2854 2861 2849
f 2871 2856 2860
f 2861 2871 2863
f 2856 2871 2861
f 2861 2863 2862 2855
f 2881 2860 2870
f 2871 2881 2873
f 2860 2881 2871
f 2871 2873 2872 2863
f 2870 2880 2883 2881
f 2881 2883 2882 2873
f 2853 2874 2876 2875
f 2885 2875 2876
f 2856 2885 2860
f 2875 2885 2856
f 2876 2884 2886 2885
f 2888 2885 2886
f 2860 2888 2870
f 2885 2888 2860
f 2886 2887 2889 2888
f 2888 2889 2880 2870
f 2891 2781 2837
f 2838 2891 2839
f 2781 2891 2838
f 2851 2838 2839
f 2783 2851 2824
f 2838 2851 2783
f 2839 2850 2852 2851
f 2858 2851 2852
f 2824 2858 2834
f 2851 2858 2824
f 2852 2857 2859 2858
f 2878 2858 2859
f 2834 2878 2846
f 2858 2878 2834
f 2859 2877 2879 2878
f 2878 2879 2853 2846
f 2897 2837 2890
f 2891 2897 2892
f 2837 2897 2891
f 2891 2892 2850 2839
f 2890 2896 2899 2897
f 2897 2899 2898 2892
f 2623 2840 2842 2841
f 2894 2841 2842
f 2625 2894 2781
f 2841 2894 2625
f 2842 2893 2895 2894
f 2901 2894 2895
f 2781 2901 2837
f 2894 2901 2781
f 2895 2900 2902 2901
f 2904 2901 2902
f 2837 2904 2890
f 2901 2904 2837
f 2902 2903 2905 2904
f 2904 2905 2896 2890
f 2914 115 2843
f 2844 2914 2845
f 115 2914 2844
f 2907 2844 2845
f 2519 2907 2623
f 2844 2907 2519
f 2910 2845 2906
f 2907 2910 2908
f 2845 2910 2907
f 2953 2907 2908
f 2623 2953 2840
f 2907 2953 2623
f 2908 2911 2955 2953
f 2953 2955 2954 2840
f 2920 2906 2909
f 2910 2920 2912
f 2906 2920 2910
f 2950 2910 2912
f 2908 2950 2911
f 2910 2950 2908
f 2912 2921 2952 2950
f 2950 2952 2951 2911
f 2927 2909 2919
f 2920 2927 2922
f 2909 2927 2920
f 2947 2920 2922
f 2912 2947 2921
f 2920 2947 2912
f 2922 2928 2949 2947
f 2947 2949 2948 2921
f 2934 2919 2926
f 2927 2934 2929
f 2919 2934 2927
f 2944 2927 2929
f 2922 2944 2928
f 2927 2944 2922
f 2929 2935 2946 2944
f 2944 2946 2945 2928
f 2961 2926 2933
f 2934 2961 2936
f 2926 2961 2934
f 2941 2934 2936
f 2929 2941 2935
f 2934 2941 2929
f 2957 2936 2940
f 2941 2957 2943
f 2936 2957 2941
f 2941 2943 2942 2935
f 2993 2940 2956
f 2957 2993 2959
f 2940 2993 2957
f 2957 2959 2958 2943
f 2956 2971 2995 2993
f 2993 2995 2994 2959
f 2981 2933 2960
f 2961 2981 2962
f 2933 2981 2961
f 2967 2961 2962
f 2936 2967 2940
f 2961 2967 2936
f 2978 2962 2966
f 2967 2978 2968
f 2962 2978 2967
f 2970 2967 2968
f 2940 2970 2956
f 2967 2970 2940
f 2974 2968 2969
f 2970 2974 2972
f 2968 2974 2970
f 2990 2970 2972
f 2956 2990 2971
f 2970 2990 2956
f 2972 2975 2992 2990
f 2990 2992 2991 2971
f 2969 2973 2976 2974
f 2987 2974 2976
f 2972 2987 2975
f 2974 2987 2972
f 2976 2986 2989 2987
f 2987 2989 2988 2975
f 2966 2977 2979 2978
f 2978 2979 2969 2968
f 2960 2980 2982 2981
f 2981 2982 2966 2962
f 2997 2843 2913
f 2914 2997 2915
f 2843 2997 2914
f 2924 2914 2915
f 2845 2924 2906
f 2914 2924 2845
f 2915 2923 2925 2924
f 2931 2924 2925
f 2906 2931 2909
f 2924 2931 2906
f 2925 2930 2932 2931
f 2938 2931 2932
f 2909 2938 2919
f 2931 2938 2909
f 2932 2937 2939 2938
f 2964 2938 2939
f 2919 2964 2926
f 2938 2964 2919
f 2939 2963 2965 2964
f 2984 2964 2965
f 2926 2984 2933
f 2964 2984 2926
f 2965 2983 2985 2984
f 2984 2985 2960 2933
f 3003 2913 2996
f 2997 3003 2998
f 2913 3003 2997
f 3023 2997 2998
f 2915 3023 2923
f 2997 3023 2915
f 2998 3004 3025 3023
f 3023 3025 3024 2923
f 3010 2996 3002
f 3003 3010 3005
f 2996 3010 3003
f 3020 3003 3005
f 2998 3020 3004
f 3003 3020 2998
f 3005 3011 3022 3020
f 3020 3022 3021 3004
f 3027 3002 3009
f 3010 3027 3012
f 3002 3027 3010
f 3017 3010 3012
f 3005 3017 3011
f 3010 3017 3005
f 3012 3016 3019 3017
f 3017 3019 3018 3011
f 3009 3026 3028 3027
f 3027 3028 3016 3012
f 4842 4718 74
f 4721 4842 4686
f 4718 4842 4721
f 4718 4721 4719 4630
f 4721 4720 4632 4719
f 4715 4721 4686
f 4720 4715 4569
f 4721 4715 4720
f 4719 4440 4630
f 4631 4719 4632
f 4440 4719 4631
f 4632 4582 4442 4631
f 4628 4720 4569
f 4720 4582 4632
f 4582 4628 117
f 4628 4582 4720
f 4631 5150 4440
f 5150 4441 69
f 4441 4631 4442
f 4631 4441 5150
f 4583 4441 4442
f 68 4583 2518
f 4441 4583 68
f 4597 4582 117
f 4585 4597 4438
f 4582 4597 4585
f 4582 4585 4583 4442
f 4585 4584 2518 4583
f 4579 4585 4438
f 4584 4579 73
f 4585 4579 4584
f 5555 5557 5556 5509
f 5557 5528 5512 5556
f 5566 5554 5514
f 5554 5557 5549
f 5557 5566 5528
f 5566 5557 5554
f 5514 5547 5569 5566
f 5566 5569 5567 5528
f 5569 5568 5531 5567
f 5563 5569 5547
f 5568 5563 5519
f 5569 5563 5568
f 5567 5512 5528
f 5529 5567 5531
f 5512 5567 5529
f 5613 5529 5531
f 5511 5613 5530
f 5529 5613 5511
f 5610 5568 5519
f 5615 5610 5525
f 5568 5610 5615
f 5568 5615 5613 5531
f 5615 5614 5530 5613
f 5525 5513 5614 5615
f 5571 5562 5548
f 5565 5571 5550
f 5562 5571 5565
f 5562 5565 5563 5547
f 5565 5564 5519 5563
f 5559 5565 5550
f 5564 5559 5524
f 5565 5559 5564
f 5548 5572 5571
f 5586 5571 5572
f 5550 5586 5558
f 5571 5586 5550
f 5585 5587 5586 5572
f 5587 5573 5558 5586
f 5634 5624 5570
f 5624 5581 5551
f 5581 5634 5584
f 5634 5581 5624
f 5581 5584 5582 5573
f 5635 5582 5584
f 5576 5635 5583
f 5582 5635 5576
f 5570 5578 5637 5634
f 5634 5637 5635 5584
f 5637 5636 5583 5635
f 5631 5637 5578
f 5636 5631 5553
f 5637 5631 5636
f 5582 5558 5573
f 5574 5582 5576
f 5558 5582 5574
f 5601 5574 5576
f 5561 5601 5575
f 5574 5601 5561
f 5598 5636 5553
f 5636 5603 5583
f 5603 5598 5588
f 5598 5603 5636
f 5583 5603 5601 5576
f 5603 5602 5575 5601
f 5588 5552 5602 5603
f 5574 5550 5558
f 5559 5574 5561
f 5550 5574 5559
f 5604 5559 5561
f 5524 5604 5560
f 5559 5604 5524
f 5602 5606 5575
f 5591 5602 5552
f 5606 5602 5591
f 5575 5606 5604 5561
f 5606 5605 5560 5604
f 5591 5543 5605 5606
f 5630 5623 5580
f 5623 5570 5577
f 5570 5630 5578
f 5630 5570 5623
f 5627 5630 5580
f 5633 5627 5594
f 5630 5627 5633
f 5630 5633 5631 5578
f 5633 5632 5553 5631
f 5594 5579 5632 5633
f 5626 5629 5627 5580
f 5629 5628 5594 5627
f 5625 5629 5622
f 5628 5625 5596
f 5629 5625 5628
f 5638 5628 5596
f 5628 5579 5594
f 5579 5638 5595
f 5638 5579 5628
f 5595 5641 5639 5579
f 5641 5640 5600 5639
f 5639 5632 5579
f 5632 5598 5553
f 5598 5639 5600
f 5639 5598 5632
f 5600 5599 5588 5598
f 5640 5599 5600
f 5590 5640 5597
f 5599 5640 5590
f 5599 5552 5588
f 5589 5599 5590
f 5552 5599 5589
f 5591 5592 5543
f 5605 5609 5560
f 5593 5605 5543
f 5609 5605 5593
f 5560 5609 5607 5524
f 5609 5608 5544 5607
f 5593 5546 5608 5609
f 5608 5527 5544
f 5545 5608 5546
f 5527 5608 5545
f 5607 5564 5524
f 5612 5607 5544
f 5564 5607 5612
f 5564 5612 5610 5519
f 5612 5611 5525 5610
f 5544 5527 5611 5612
f 5611 5513 5525
f 5526 5611 5527
f 5513 5611 5526
f 5556 5532 5509
f 5535 5556 5512
f 5532 5556 5535
f 5532 5535 5533 4945
f 5535 5534 5510 5533
f 5529 5535 5512
f 5534 5529 5511
f 5535 5529 5534
f 5616 5534 5511
f 5621 5616 5521
f 5534 5616 5621
f 5534 5621 5619 5510
f 5621 5620 5446 5619
f 5521 5486 5620 5621
f 5526 5540 5513
f 5542 5526 5520
f 5540 5526 5542
f 5542 5541 5523 5540
f 5614 5618 5530
f 5540 5614 5513
f 5618 5614 5540
f 5530 5618 5616 5511
f 5618 5617 5521 5616
f 5540 5523 5617 5618
f 5617 5486 5521
f 5522 5617 5523
f 5486 5617 5522
f 5507 5522 5447
f 5522 5489 5486
f 5489 5507 5482
f 5507 5489 5522
f 5620 5487 5446
f 5489 5620 5486
f 5487 5620 5489
f 5489 5488 5264 5487
f 5483 5489 5482
f 5488 5483 5409
f 5489 5483 5488
f 5501 5483 5485
f 5409 5501 5484
f 5483 5501 5409
f 5484 5504 5502 5409
f 5504 5503 5444 5502
f 5503 5460 5465
f 5465 5460 5438
f 5460 5503 5445
f 5503 5465 5411 5444
f 5502 5488 5409
f 5506 5502 5444
f 5488 5502 5506
f 5488 5506 5505 5264
f 5506 5469 5410 5505
f 5444 5411 5469 5506
f 5466 5469 5411
f 5472 5466 5439
f 5469 5466 5472
f 5469 5472 5470 5410
f 5472 5471 4947 5470
f 5439 5289 5471 5472
f 5478 5455 5443 5477
f 5479 5459 5481
f 5479 5481 5480 5438
f 5481 5461 5441 5480
f 5477 5481 5459
f 5461 5477 5443
f 5481 5477 5461
f 5456 5461 5443
f 5464 5456 5448
f 5461 5456 5464
f 5461 5464 5462 5441
f 5464 5463 5440 5462
f 5448 5442 5463 5464
f 5455 5458 5456 5443
f 5458 5457 5448 5456
f 5457 5442 5448
f 5449 5457 5450
f 5442 5457 5449
f 5480 5465 5438
f 5468 5480 5441
f 5465 5480 5468
f 5465 5468 5466 5411
f 5468 5467 5439 5466
f 5462 5468 5441
f 5467 5462 5440
f 5468 5462 5467
f 5452 5467 5440
f 5467 5289 5439
f 5289 5452 5405
f 5452 5289 5467
f 5463 5452 5440
f 5454 5463 5442
f 5452 5463 5454
f 5454 5453 5405 5452
f 5451 5084 5453 5454
f 5533 5536 4945
f 5539 5533 5510
f 5536 5533 5539
f 5536 5539 5537 5490
f 5539 5538 5492 5537
f 5619 5539 5510
f 5538 5619 5446
f 5539 5619 5538
f 5537 5412 5490
f 5491 5537 5492
f 5412 5537 5491
f 5492 5473 5414 5491
f 5487 5538 5446
f 5538 5473 5492
f 5473 5487 5264
f 5487 5473 5538
f 5491 113 5412
f 5413 5491 5414
f 113 5491 5413
f 5474 5413 5414
f 4946 5474 5272
f 5413 5474 4946
f 5505 5473 5264
f 5476 5505 5410
f 5473 5505 5476
f 5473 5476 5474 5414
f 5476 5475 5272 5474
f 5470 5476 5410
f 5475 5470 4947
f 5476 5470 5475
f 5290 5475 4947
f 5475 5274 5272
f 5274 5290 5085
f 5290 5274 5475
f 5272 5274 5273 4946
f 5274 5144 4634 5273
f 5270 5274 5085
f 5144 5270 4703
f 5274 5270 5144
f 5426 5429 5427 5415
f 5429 5428 5404 5427
f 5401 5415 5433 5430
f 5430 5433 5431 5400
f 5433 5432 5402 5431
f 5427 5433 5415
f 5432 5427 5404
f 5433 5427 5432
f 5417 5432 5404
f 5432 5263 5402
f 5263 5417 5403
f 5417 5263 5432
f 5419 5418 5403 5417
f 5403 5423 5421 5263
f 5423 5422 5287 5421
f 5420 5288 5422 5423
f 5422 5294 5312
f 5312 5294 5280
f 5294 5422 5288
f 5422 5312 5086 5287
f 5453 5416 5434
f 5434 5416 5400
f 5416 5453 5084
f 5453 5434 5408 5405
f 5405 5408 5406 5289
f 5435 5406 5408
f 5291 5435 5407
f 5406 5435 5291
f 5431 5434 5400
f 5437 5431 5402
f 5434 5431 5437
f 5434 5437 5435 5408
f 5437 5436 5407 5435
f 5402 5263 5436 5437
f 5406 5471 5289
f 5471 5290 4947
f 5290 5406 5291
f 5406 5290 5471
f 5424 5290 5291
f 5085 5424 5269
f 5290 5424 5085
f 5421 5436 5263
f 5436 5425 5407
f 5425 5421 5287
f 5421 5425 5436
f 5407 5425 5424 5291
f 5425 5316 5269 5424
f 5287 5086 5316 5425
f 5313 5316 5086
f 5319 5313 5281
f 5316 5313 5319
f 5316 5319 5317 5269
f 5319 5318 5271 5317
f 5281 5115 5318 5319
f 5317 5085 5269
f 5270 5317 5271
f 5085 5317 5270
f 5271 5140 4703 5270
f 5267 5318 5115
f 5318 5140 5271
f 5140 5267 4942
f 5267 5140 5318
f 5328 5330 5329 5283
f 5330 5304 5292 5329
f 5324 5327 5325 5304
f 5349 5325 5327
f 5307 5349 5326
f 5325 5349 5307
f 5381 5348 5321
f 5351 5381 5322
f 5348 5381 5351
f 5348 5351 5349 5327
f 5351 5350 5326 5349
f 5345 5351 5322
f 5350 5345 5295
f 5351 5345 5350
f 5325 5292 5304
f 5305 5325 5307
f 5292 5325 5305
f 5334 5305 5307
f 5286 5334 5306
f 5305 5334 5286
f 5358 5350 5295
f 5363 5358 5331
f 5350 5358 5363
f 5350 5363 5361 5326
f 5363 5362 5336 5361
f 5331 5303 5362 5363
f 5361 5307 5326
f 5334 5361 5336
f 5307 5361 5334
f 5336 5335 5306 5334
f 5362 5335 5336
f 5293 5362 5303
f 5335 5362 5293
f 5382 5344 5322 5381
f 5380 5354 5347 5379
f 5379 5322 5344
f 5345 5379 5347
f 5322 5379 5345
f 5355 5345 5347
f 5295 5355 5346
f 5345 5355 5295
f 5376 5378 5377 5354
f 5398 5377 5378
f 5357 5398 5366
f 5377 5398 5357
f 5397 5399 5398 5378
f 5399 5383 5366 5398
f 5377 5347 5354
f 5355 5377 5357
f 5347 5377 5355
f 5367 5355 5357
f 5346 5367 5356
f 5355 5367 5346
f 5373 5383 5343
f 5386 5373 5365
f 5383 5373 5386
f 5383 5386 5384 5366
f 5386 5385 5369 5384
f 5388 5386 5365
f 5385 5388 5353
f 5386 5388 5385
f 5384 5357 5366
f 5367 5384 5369
f 5357 5384 5367
f 5369 5368 5356 5367
f 5391 5385 5353
f 5385 5368 5369
f 5368 5391 5323
f 5391 5368 5385
f 5387 5373 5375
f 5365 5387 5374
f 5373 5387 5365
f 5374 5390 5388 5365
f 5390 5389 5353 5388
f 5393 5392 5323 5391
f 5396 5395 5364 5394
f 5394 5368 5323
f 5368 5372 5356
f 5372 5394 5364
f 5394 5372 5368
f 5356 5372 5370 5346
f 5372 5371 5360 5370
f 5364 5352 5371 5372
f 5370 5295 5346
f 5358 5370 5360
f 5295 5370 5358
f 5360 5359 5331 5358
f 5371 5359 5360
f 5333 5371 5352
f 5359 5371 5333
f 5359 5303 5331
f 5332 5359 5333
f 5303 5359 5332
f 5329 5308 5283
f 5311 5329 5292
f 5308 5329 5311
f 5308 5311 5309 5280
f 5311 5310 5284 5309
f 5305 5311 5292
f 5310 5305 5286
f 5311 5305 5310
f 5337 5310 5286
f 5342 5337 5296
f 5310 5337 5342
f 5310 5342 5340 5284
f 5342 5341 5282 5340
f 5296 5285 5341 5342
f 5335 5339 5306
f 5320 5335 5293
f 5339 5335 5320
f 5306 5339 5337 5286
f 5339 5338 5296 5337
f 5320 5298 5338 5339
f 5338 5285 5296
f 5297 5338 5298
f 5285 5338 5297
f 5309 5312 5280
f 5315 5309 5284
f 5312 5309 5315
f 5312 5315 5313 5086
f 5315 5314 5281 5313
f 5340 5315 5284
f 5314 5340 5282
f 5315 5340 5314
f 5300 5314 5282
f 5314 5115 5281
f 5115 5300 5266
f 5300 5115 5314
f 5341 5300 5282
f 5302 5341 5285
f 5300 5341 5302
f 5302 5301 5266 5300
f 5299 5116 5301 5302
f 5261 5301 5116
f 5301 5268 5266
f 5268 5261 5126
f 5261 5268 5301
f 5266 5268 5267 5115
f 5268 5136 4942 5267
f 5278 5268 5126
f 5136 5278 5081
f 5268 5278 5136
f 5262 5279 5278 5126
f 5279 5177 5081 5278
f 5413 5709 113
f 5709 5277 5275
f 5277 5413 4946
f 5413 5277 5709
f 5275 5277 5276 70
f 5277 5148 4633 5276
f 5273 5277 4946
f 5148 5273 4634
f 5277 5273 5148
f 5145 5148 4634
f 5151 5145 4704
f 5148 5145 5151
f 5148 5151 5149 4633
f 5151 5150 69 5149
f 4704 4440 5150 5151
f 5176 5128 5114 5175
f 5112 5125 5179 5177
f 5177 5179 5178 5081
f 5179 5132 5113 5178
f 5175 5179 5125
f 5132 5175 5114
f 5179 5175 5132
f 5129 5132 5114
f 5135 5129 5117
f 5132 5129 5135
f 5132 5135 5133 5113
f 5135 5134 5083 5133
f 5161 5135 5117
f 5134 5161 5098
f 5135 5161 5134
f 5247 5249 5248 5124
f 5249 5192 5186 5248
f 5187 5206 5246 5244
f 5244 5246 5245 5192
f 5246 5212 5195 5245
f 5242 5246 5206
f 5212 5242 5188
f 5246 5242 5212
f 5245 5186 5192
f 5193 5245 5195
f 5186 5245 5193
f 5213 5193 5195
f 5156 5213 5194
f 5193 5213 5156
f 5209 5212 5188
f 5215 5209 5189
f 5212 5209 5215
f 5212 5215 5213 5195
f 5215 5214 5194 5213
f 5237 5215 5189
f 5214 5237 5164
f 5215 5237 5214
f 5243 5208 5188 5242
f 5208 5241 5240
f 5251 5240 5241
f 5211 5251 5233
f 5240 5251 5211
f 5241 5253 5251
f 5255 5251 5253
f 5233 5255 5252
f 5251 5255 5233
f 5254 5257 5255 5253
f 5257 5256 5252 5255
f 5250 5205 5256 5257
f 5240 5188 5208
f 5209 5240 5211
f 5188 5240 5209
f 5234 5209 5211
f 5189 5234 5210
f 5209 5234 5189
f 5256 5260 5252
f 5232 5256 5205
f 5260 5256 5232
f 5252 5260 5258 5233
f 5260 5259 5236 5258
f 5232 5207 5259 5260
f 5258 5211 5233
f 5234 5258 5236
f 5211 5258 5234
f 5236 5235 5210 5234
f 5259 5235 5236
f 5191 5259 5207
f 5235 5259 5191
f 5235 5239 5210
f 5228 5235 5191
f 5239 5235 5228
f 5210 5239 5237 5189
f 5239 5238 5164 5237
f 5228 5190 5238 5239
f 5238 5229 5164
f 5231 5238 5190
f 5229 5238 5231
f 5231 5230 5203 5229
f 5203 5204 5167
f 5229 5214 5164
f 5214 5218 5194
f 5218 5229 5203
f 5229 5218 5214
f 5194 5218 5216 5156
f 5218 5217 5165 5216
f 5203 5167 5217 5218
f 5217 5127 5165
f 5166 5217 5167
f 5127 5217 5166
f 5182 5181 5119 5180
f 5172 5174 5173 5128
f 5201 5173 5174
f 5131 5201 5157
f 5173 5201 5131
f 5200 5202 5201 5174
f 5202 5168 5157 5201
f 5173 5114 5128
f 5129 5173 5131
f 5114 5173 5129
f 5158 5129 5131
f 5117 5158 5130
f 5129 5158 5117
f 5248 5196 5124
f 5199 5248 5186
f 5196 5248 5199
f 5196 5199 5197 5168
f 5199 5198 5171 5197
f 5193 5199 5186
f 5198 5193 5156
f 5199 5193 5198
f 5197 5157 5168
f 5169 5197 5171
f 5157 5197 5169
f 5219 5169 5171
f 5160 5219 5170
f 5169 5219 5160
f 5216 5198 5156
f 5221 5216 5165
f 5198 5216 5221
f 5198 5221 5219 5171
f 5221 5220 5170 5219
f 5165 5127 5220 5221
f 5169 5131 5157
f 5158 5169 5160
f 5131 5169 5158
f 5222 5158 5160
f 5130 5222 5159
f 5158 5222 5130
f 5220 5224 5170
f 5180 5220 5127
f 5224 5220 5180
f 5170 5224 5222 5160
f 5224 5223 5159 5222
f 5180 5119 5223 5224
f 5223 5227 5159
f 5183 5223 5119
f 5227 5223 5183
f 5159 5227 5225 5130
f 5227 5226 5163 5225
f 5183 5120 5226 5227
f 5225 5117 5130
f 5161 5225 5163
f 5117 5225 5161
f 5163 5162 5098 5161
f 5226 5162 5163
f 5118 5226 5120
f 5162 5226 5118
f 5185 5184 5120 5183
f 5178 5136 5081
f 5139 5178 5113
f 5136 5178 5139
f 5136 5139 5137 4942
f 5139 5138 5082 5137
f 5133 5139 5113
f 5138 5133 5083
f 5139 5133 5138
f 5099 5138 5083
f 5138 4944 5082
f 4944 5099 4964
f 5099 4944 5138
f 5162 5121 5098
f 5123 5162 5118
f 5121 5162 5123
f 5123 5122 5100 5121
f 5121 5134 5098
f 5134 5099 5083
f 5099 5121 5100
f 5121 5099 5134
f 5100 5087 4964 5099
f 5100 5108 5087
f 5108 5100 4905
f 5137 5140 4942
f 5143 5137 5082
f 5140 5137 5143
f 5140 5143 5141 4703
f 5143 5142 4943 5141
f 5082 4944 5142 5143
f 4965 5142 4944
f 5142 4705 4943
f 4705 4965 4864
f 4965 4705 5142
f 4905 5078 5111 5108
f 5108 5111 5109 5087
f 5111 5110 5089 5109
f 5105 5111 5078
f 5110 5105 5077
f 5111 5105 5110
f 5109 4964 5087
f 5088 5109 5089
f 4964 5109 5088
f 5089 5066 4966 5088
f 5092 5110 5077
f 5110 5066 5089
f 5066 5092 4941
f 5092 5066 5110
f 5088 4944 4964
f 4965 5088 4966
f 4944 5088 4965
f 5067 4965 4966
f 4864 5067 4952
f 4965 5067 4864
f 4941 4962 5068 5066
f 5066 5068 5067 4966
f 5068 5012 4952 5067
f 5064 5068 4962
f 5012 5064 4681
f 5068 5064 5012
f 5141 5144 4703
f 5147 5141 4943
f 5144 5141 5147
f 5144 5147 5145 4634
f 5147 5146 4704 5145
f 4943 4705 5146 5147
f 4865 5146 4705
f 5146 4440 4704
f 4440 4865 4630
f 4865 4440 5146
f 5009 5012 4681
f 5015 5009 4958
f 5012 5009 5015
f 5012 5015 5013 4952
f 5015 5014 4955 5013
f 4958 4909 5014 5015
f 5013 4864 4952
f 4953 5013 4955
f 4864 5013 4953
f 4955 4954 4866 4953
f 4949 5014 4909
f 5014 4954 4955
f 4954 4949 4702
f 4949 4954 5014
f 4953 4705 4864
f 4865 4953 4866
f 4705 4953 4865
f 4866 4718 4630 4865
f 4862 4954 4702
f 4954 4718 4866
f 4718 4862 74
f 4862 4718 4954
f 5879 5869 5847
f 5869 5829 5845
f 5829 5879 5846
f 5879 5829 5869
f 5847 5864 5882 5879
f 5879 5882 5880 5846
f 5882 5881 114 5880
f 5876 5882 5864
f 5881 5876 5831
f 5882 5876 5881
f 5872 5875 5865
f 5878 5872 5866
f 5875 5872 5878
f 5875 5878 5876 5864
f 5878 5877 5831 5876
f 5895 5878 5866
f 5877 5895 5842
f 5878 5895 5877
f 5871 5874 5872 5865
f 5892 5872 5874
f 5866 5892 5873
f 5872 5892 5866
f 5891 5894 5892 5874
f 5894 5893 5873 5892
f 5893 5897 5873
f 5887 5893 5868
f 5897 5893 5887
f 5873 5897 5895 5866
f 5897 5896 5842 5895
f 5887 5867 5896 5897
f 5940 5943 5941 5913
f 5943 5942 5908 5941
f 5939 5943 5932
f 5942 5939 5914
f 5943 5939 5942
f 5915 5918 5916 5898
f 5945 5916 5918
f 5907 5945 5917
f 5916 5945 5907
f 5911 5913 5947 5944
f 5944 5947 5945 5918
f 5947 5946 5917 5945
f 5941 5947 5913
f 5946 5941 5908
f 5947 5941 5946
f 5933 5946 5908
f 5946 5938 5917
f 5938 5933 5931
f 5933 5938 5946
f 5917 5938 5936 5907
f 5938 5937 5900 5936
f 5931 5903 5937 5938
f 5948 5942 5914
f 5942 5933 5908
f 5933 5948 5935
f 5948 5933 5942
f 5935 5934 5931 5933
f 5916 5972 5898
f 5972 5922 5919
f 5922 5916 5907
f 5916 5922 5972
f 5919 5922 5920 5803
f 5922 5921 5899 5920
f 5936 5922 5907
f 5921 5936 5900
f 5922 5936 5921
f 5904 5921 5900
f 5921 5805 5899
f 5805 5904 5848
f 5904 5805 5921
f 5937 5904 5900
f 5906 5937 5903
f 5904 5937 5906
f 5906 5905 5848 5904
f 5920 5923 5803
f 5926 5920 5899
f 5923 5920 5926
f 5923 5926 5924 71
f 5926 5925 5804 5924
f 5899 5805 5925 5926
f 5849 5925 5805
f 5925 112 5804
f 112 5849 5496
f 5849 112 5925
f 5905 5870 5883
f 5883 5870 5829
f 5870 5905 5647
f 5905 5883 5850 5848
f 5848 5850 5849 5805
f 5884 5849 5850
f 5496 5884 5800
f 5849 5884 5496
f 5829 5846 5886 5883
f 5883 5886 5884 5850
f 5886 5885 5800 5884
f 5880 5886 5846
f 5885 5880 114
f 5886 5880 5885
f 5832 5885 114
f 5885 5802 5800
f 5802 5832 5662
f 5832 5802 5885
f 5800 5802 5801 5496
f 5802 5707 5498 5801
f 5798 5802 5662
f 5707 5798 5265
f 5802 5798 5707
f 5801 112 5496
f 5497 5801 5498
f 112 5801 5497
f 5708 5497 5498
f 70 5708 5275
f 5497 5708 70
f 5704 5707 5265
f 5710 5704 5494
f 5707 5704 5710
f 5707 5710 5708 5498
f 5710 5709 5275 5708
f 5494 113 5709 5710
f 5852 5855 5853 5828
f 5855 5854 5834 5853
f 5851 5855 5841
f 5854 5851 5836
f 5855 5851 5854
f 5860 5854 5836
f 5854 5830 5834
f 5830 5860 5835
f 5860 5830 5854
f 5835 5863 5861 5830
f 5863 5862 5663 5861
f 5896 5888 5842
f 5890 5896 5867
f 5888 5896 5890
f 5890 5889 5844 5888
f 5888 5877 5842
f 5877 5843 5831
f 5843 5888 5844
f 5888 5843 5877
f 5844 5837 5833 5843
f 5843 5881 5831
f 5881 5832 114
f 5832 5843 5833
f 5843 5832 5881
f 5838 5832 5833
f 5662 5838 5797
f 5832 5838 5662
f 5853 5856 5828
f 5859 5853 5834
f 5856 5853 5859
f 5856 5859 5857 5837
f 5859 5858 5840 5857
f 5834 5830 5858 5859
f 5857 5833 5837
f 5838 5857 5840
f 5833 5857 5838
f 5840 5839 5797 5838
f 5861 5858 5830
f 5858 5839 5840
f 5839 5861 5663
f 5861 5839 5858
f 5826 5839 5663
f 5839 5799 5797
f 5799 5826 5677
f 5826 5799 5839
f 5797 5799 5798 5662
f 5799 5703 5265 5798
f 5795 5799 5677
f 5703 5795 5493
f 5799 5795 5703
f 5663 5827 5826
f 5827 5794 5677 5826
f 5794 5796 5795 5677
f 5796 5789 5493 5795
f 5814 5793 5659
f 5793 5796 5788
f 5796 5814 5789
f 5814 5796 5793
f 5825 5806 5792
f 5806 5809 5807 5792
f 5809 5808 5787 5807
f 5825 5810 5784
f 5813 5825 5792
f 5810 5825 5813
f 5810 5813 5811 5659
f 5813 5812 5785 5811
f 5807 5813 5792
f 5812 5807 5787
f 5813 5807 5812
f 5818 5812 5787
f 5812 5676 5785
f 5676 5818 5786
f 5818 5676 5812
f 5787 5820 5818
f 5820 5819 5786 5818
f 5786 5824 5822 5676
f 5824 5823 5661 5822
f 5821 5665 5823 5824
f 5811 5814 5659
f 5817 5811 5785
f 5814 5811 5817
f 5814 5817 5815 5789
f 5817 5816 5791 5815
f 5785 5676 5816 5817
f 5815 5493 5789
f 5790 5815 5791
f 5493 5815 5790
f 5791 5699 5660 5790
f 5822 5816 5676
f 5816 5699 5791
f 5699 5822 5661
f 5822 5699 5816
f 5661 5666 5702 5699
f 5699 5702 5700 5660
f 5702 5701 5495 5700
f 5696 5702 5666
f 5701 5696 5516
f 5702 5696 5701
f 5823 5675 5695
f 5695 5675 5667
f 5675 5823 5665
f 5823 5695 5666 5661
f 5692 5695 5667
f 5698 5692 5669
f 5695 5692 5698
f 5695 5698 5696 5666
f 5698 5697 5516 5696
f 5744 5698 5669
f 5697 5744 5656
f 5698 5744 5697
f 5719 5721 5720 5668
f 5755 5720 5721
f 5672 5755 5687
f 5720 5755 5672
f 5754 5756 5755 5721
f 5756 5715 5687 5755
f 5782 5751 5674
f 5753 5782 5728
f 5751 5782 5753
f 5751 5753 5752 5715
f 5753 5734 5718 5752
f 5749 5753 5728
f 5734 5749 5686
f 5753 5749 5734
f 5752 5687 5715
f 5716 5752 5718
f 5687 5752 5716
f 5735 5716 5718
f 5690 5735 5717
f 5716 5735 5690
f 5731 5734 5686
f 5737 5731 5712
f 5734 5731 5737
f 5734 5737 5735 5718
f 5737 5736 5717 5735
f 5712 5678 5736 5737
f 5716 5672 5687
f 5688 5716 5690
f 5672 5716 5688
f 5738 5688 5690
f 5671 5738 5689
f 5688 5738 5671
f 5736 5740 5717
f 5722 5736 5678
f 5740 5736 5722
f 5717 5740 5738 5690
f 5740 5739 5689 5738
f 5722 5673 5739 5740
f 5783 5748 5728 5782
f 5779 5781 5780 5748
f 5781 5758 5750 5780
f 5780 5728 5748
f 5749 5780 5750
f 5728 5780 5749
f 5759 5749 5750
f 5686 5759 5730
f 5749 5759 5686
f 5776 5778 5777 5758
f 5778 5767 5761 5777
f 5774 5778 5766
f 5767 5774 5747
f 5778 5774 5767
f 5777 5750 5758
f 5759 5777 5761
f 5750 5777 5759
f 5768 5759 5761
f 5730 5768 5760
f 5759 5768 5730
f 5763 5767 5747
f 5770 5763 5757
f 5767 5763 5770
f 5767 5770 5768 5761
f 5770 5769 5760 5768
f 5757 5711 5769 5770
f 5775 5762 5747 5774
f 5762 5765 5763 5747
f 5765 5764 5757 5763
f 5769 5773 5760
f 5729 5769 5711
f 5773 5769 5729
f 5760 5773 5771 5730
f 5773 5772 5733 5771
f 5729 5727 5772 5773
f 5771 5686 5730
f 5731 5771 5733
f 5686 5771 5731
f 5733 5732 5712 5731
f 5772 5732 5733
f 5714 5772 5727
f 5732 5772 5714
f 5732 5678 5712
f 5713 5732 5714
f 5678 5732 5713
f 5724 5723 5673 5722
f 5720 5691 5668
f 5694 5720 5672
f 5691 5720 5694
f 5691 5694 5692 5667
f 5694 5693 5669 5692
f 5688 5694 5672
f 5693 5688 5671
f 5694 5688 5693
f 5741 5693 5671
f 5746 5741 5679
f 5693 5741 5746
f 5693 5746 5744 5669
f 5746 5745 5656 5744
f 5679 5670 5745 5746
f 5725 5726 5681
f 5739 5743 5689
f 5725 5739 5673
f 5743 5739 5725
f 5689 5743 5741 5671
f 5743 5742 5679 5741
f 5725 5681 5742 5743
f 5742 5670 5679
f 5680 5742 5681
f 5670 5742 5680
f 5790 5703 5493
f 5706 5790 5660
f 5703 5790 5706
f 5703 5706 5704 5265
f 5706 5705 5494 5704
f 5700 5706 5660
f 5705 5700 5495
f 5706 5700 5705
f 5517 5705 5495
f 5705 113 5494
f 113 5517 5412
f 5517 113 5705
f 5745 5683 5656
f 5685 5745 5670
f 5683 5745 5685
f 5685 5684 5658 5683
f 5682 5646 5684 5685
f 5683 5697 5656
f 5697 5657 5516
f 5657 5683 5658
f 5683 5657 5697
f 5658 5648 5518 5657
f 5654 5684 5646
f 5684 5648 5658
f 5648 5654 5508
f 5654 5648 5684
f 5657 5701 5516
f 5701 5517 5495
f 5517 5657 5518
f 5657 5517 5701
f 5649 5517 5518
f 5412 5649 5490
f 5517 5649 5412
f 5643 5648 5508
f 5650 5643 5515
f 5648 5643 5650
f 5648 5650 5649 5518
f 5650 5536 5490 5649
f 5515 4945 5536 5650
f 5664 5654 5655
f 5508 5664 5642
f 5654 5664 5508
f 5653 5652 5645 5651
f 5651 5508 5642
f 5643 5651 5645
f 5508 5651 5643
f 5645 5644 5515 5643
f 6301 6272 6279
f 6280 6301 6282
f 6272 6301 6280
f 6289 6280 6282
f 6274 6289 6281
f 6280 6289 6274
f 6300 6299 6291 6298
f 6298 6282 6288
f 6289 6298 6291
f 6282 6298 6289
f 6291 6290 6281 6289
f 6281 6295 6293 6274
f 6295 6294 6222 6293
f 6292 6275 6294 6295
f 6303 6305 6304 6276
f 6305 6284 6278 6304
f 6302 6305 6283
f 6284 6302 6272
f 6305 6302 6284
f 6304 6370 6276
f 6370 6277 72
f 6277 6304 6278
f 6304 6277 6370
f 6285 6277 6278
f 6221 6285 6253
f 6277 6285 6221
f 6280 6284 6272
f 6287 6280 6274
f 6284 6280 6287
f 6284 6287 6285 6278
f 6287 6286 6253 6285
f 6293 6287 6274
f 6286 6293 6222
f 6287 6293 6286
f 6296 6286 6222
f 6286 6255 6253
f 6255 6296 6226
f 6296 6255 6286
f 6253 6255 6254 6221
f 6255 6239 6114 6254
f 6251 6255 6226
f 6239 6251 6194
f 6255 6251 6239
f 6294 6296 6222
f 6297 6294 6275
f 6296 6294 6297
f 6297 6250 6226 6296
f 6227 6229 6252 6250
f 6250 6252 6251 6226
f 6252 6235 6194 6251
f 6248 6252 6229
f 6235 6248 6217
f 6252 6248 6235
f 6247 6249 6248 6229
f 6270 6248 6249
f 6217 6270 6231
f 6248 6270 6217
f 6271 6262 6231 6270
f 6266 6269 6267 6262
f 6269 6268 6265 6267
f 6267 6231 6262
f 6263 6267 6265
f 6231 6267 6263
f 6265 6264 6234 6263
f 6268 6264 6265
f 6228 6268 6230
f 6264 6268 6228
f 6263 6217 6231
f 6232 6263 6234
f 6217 6263 6232
f 6234 6233 6223 6232
f 6264 6233 6234
f 6225 6264 6228
f 6233 6264 6225
f 6233 6220 6223
f 6224 6233 6225
f 6220 6233 6224
f 6232 6235 6217
f 6238 6232 6223
f 6235 6232 6238
f 6235 6238 6236 6194
f 6238 6237 6218 6236
f 6223 6220 6237 6238
f 6237 6196 6218
f 6219 6237 6220
f 6196 6237 6219
f 6236 6239 6194
f 6242 6236 6218
f 6239 6236 6242
f 6239 6242 6240 6114
f 6242 6241 6195 6240
f 6218 6196 6241 6242
f 6241 5964 6195
f 6164 6241 6196
f 5964 6241 6164
f 6213 6215 6214 6074
f 6215 6203 6183 6214
f 6212 6215 6193
f 6203 6212 6184
f 6215 6212 6203
f 6190 6203 6184
f 6206 6190 6188
f 6203 6190 6206
f 6203 6206 6204 6183
f 6206 6205 6113 6204
f 6188 6161 6205 6206
f 6211 6184 6189
f 6190 6211 6192
f 6184 6211 6190
f 6192 6191 6188 6190
f 6180 6182 6181 6161
f 6182 6168 6163 6181
f 6181 6205 6161
f 6205 6162 6113
f 6162 6181 6163
f 6181 6162 6205
f 6169 6162 6163
f 6076 6169 6120
f 6162 6169 6076
f 6132 6167 6179 6176
f 6176 6179 6177 6168
f 6179 6178 6171 6177
f 6173 6179 6167
f 6178 6173 6160
f 6179 6173 6178
f 6177 6163 6168
f 6169 6177 6171
f 6163 6177 6169
f 6171 6170 6120 6169
f 6185 6178 6160
f 6178 6170 6171
f 6170 6185 6092
f 6185 6170 6178
f 6172 6175 6173 6167
f 6175 6174 6160 6173
f 6187 6186 6092 6185
f 6214 6207 6074
f 6210 6214 6183
f 6207 6214 6210
f 6207 6210 6208 6164
f 6210 6209 6166 6208
f 6204 6210 6183
f 6209 6204 6113
f 6210 6204 6209
f 6208 5964 6164
f 6165 6208 6166
f 5964 6208 6165
f 6166 6124 6075 6165
f 6162 6209 6113
f 6209 6124 6166
f 6124 6162 6076
f 6162 6124 6209
f 6121 6124 6076
f 6127 6121 6093
f 6124 6121 6127
f 6124 6127 6125 6075
f 6127 6126 104 6125
f 6140 6127 6093
f 6126 6140 6065
f 6127 6140 6126
f 6151 6116 6112 6150
f 6147 6149 6148 6116
f 6156 6148 6149
f 6119 6156 6133
f 6148 6156 6119
f 6158 6156 6157
f 6133 6158 6143
f 6156 6158 6133
f 6159 6152 6143 6158
f 6148 6112 6116
f 6117 6148 6119
f 6112 6148 6117
f 6134 6117 6119
f 6094 6134 6118
f 6117 6134 6094
f 6152 6155 6153 6143
f 6155 6154 6146 6153
f 6153 6133 6143
f 6144 6153 6146
f 6133 6153 6144
f 6146 6145 6136 6144
f 6146 6115 6145
f 6144 6119 6133
f 6134 6144 6136
f 6119 6144 6134
f 6136 6135 6118 6134
f 6145 6135 6136
f 6095 6145 6115
f 6135 6145 6095
f 6150 6170 6092
f 6170 6123 6120
f 6123 6150 6112
f 6150 6123 6170
f 6120 6123 6121 6076
f 6123 6122 6093 6121
f 6117 6123 6112
f 6122 6117 6094
f 6123 6117 6122
f 6137 6122 6094
f 6142 6137 6096
f 6122 6137 6142
f 6122 6142 6140 6093
f 6142 6141 6065 6140
f 6096 6070 6141 6142
f 6135 6139 6118
f 6111 6135 6095
f 6139 6135 6111
f 6118 6139 6137 6094
f 6139 6138 6096 6137
f 6111 6098 6138 6139
f 6099 6138 6098
f 6138 6070 6096
f 6070 6099 6097
f 6099 6070 6138
f 6104 6099 6101
f 6097 6104 6100
f 6099 6104 6097
f 6106 6105 6100 6104
f 6080 6083 6081 6068
f 6083 6082 6069 6081
f 6100 6110 6108 6097
f 6110 6109 6103 6108
f 6107 6084 6109 6110
f 6108 6070 6097
f 6102 6108 6103
f 6070 6108 6102
f 6103 6085 6073 6102
f 6109 6085 6103
f 6068 6109 6084
f 6085 6109 6068
f 6102 6141 6070
f 6141 6071 6065
f 6071 6102 6073
f 6102 6071 6141
f 6086 6071 6073
f 6067 6086 6072
f 6071 6086 6067
f 6081 6085 6068
f 6088 6081 6069
f 6085 6081 6088
f 6085 6088 6086 6073
f 6088 6087 6072 6086
f 6069 5963 6087 6088
f 6071 6126 6065
f 6126 6066 104
f 6066 6071 6067
f 6071 6066 6126
f 6089 6066 6067
f 5901 6089 5955
f 6066 6089 5901
f 6087 6091 6072
f 6064 6087 5963
f 6091 6087 6064
f 6072 6091 6089 6067
f 6091 6090 5955 6089
f 6064 5902 6090 6091
f 5986 6090 5902
f 6090 5957 5955
f 5957 5986 5909
f 5986 5957 6090
f 5955 5957 5956 5901
f 5957 5923 71 5956
f 5953 5957 5909
f 5923 5953 5803
f 5957 5953 5923
f 5985 5987 5986 5902
f 5987 5952 5909 5986
f 5910 5962 5984 5982
f 5982 5984 5983 5952
f 5984 5970 5954 5983
f 5980 5984 5962
f 5970 5980 5912
f 5984 5980 5970
f 5983 5909 5952
f 5953 5983 5954
f 5909 5983 5953
f 5971 5953 5954
f 5803 5971 5919
f 5953 5971 5803
f 5967 5970 5912
f 5973 5967 5950
f 5970 5967 5973
f 5970 5973 5971 5954
f 5973 5972 5919 5971
f 5950 5898 5972 5973
f 5979 5981 5980 5962
f 5994 5980 5981
f 5912 5994 5966
f 5980 5994 5912
f 5993 5995 5994 5981
f 6005 5994 5995
f 5966 6005 5988
f 5994 6005 5966
f 6033 6004 5978
f 6007 6033 5992
f 6004 6033 6007
f 6004 6007 6005 5995
f 6007 6006 5988 6005
f 6001 6007 5992
f 6006 6001 5949
f 6007 6001 6006
f 6032 6034 6033 5978
f 6034 6000 5992 6033
f 6029 6047 6031
f 6047 6029 6016
f 6029 6031 6030 6000
f 6048 6030 6031
f 6003 6048 6017
f 6030 6048 6003
f 6062 6047 6016
f 6050 6062 6027
f 6047 6062 6050
f 6047 6050 6048 6031
f 6050 6049 6017 6048
f 6044 6050 6027
f 6049 6044 5996
f 6050 6044 6049
f 6030 5992 6000
f 6001 6030 6003
f 5992 6030 6001
f 6018 6001 6003
f 5949 6018 6002
f 6001 6018 5949
f 6013 6049 5996
f 6049 6020 6017
f 6020 6013 5997
f 6013 6020 6049
f 6017 6020 6018 6003
f 6020 6019 6002 6018
f 5997 5974 6019 6020
f 6060 6039 6028 6059
f 6061 6063 6062 6016
f 6063 6043 6027 6062
f 6059 6063 6038
f 6043 6059 6028
f 6063 6059 6043
f 6040 6043 6028
f 6046 6040 6035
f 6043 6040 6046
f 6043 6046 6044 6027
f 6046 6045 5996 6044
f 6035 6012 6045 6046
f 6055 6058 6056 6039
f 6058 6057 6042 6056
f 6056 6028 6039
f 6040 6056 6042
f 6028 6056 6040
f 6042 6041 6035 6040
f 6051 6041 6037
f 6041 6012 6035
f 6012 6051 6036
f 6051 6012 6041
f 6036 6054 6052 6012
f 6054 6053 6015 6052
f 6052 6045 6012
f 6045 6013 5996
f 6013 6052 6015
f 6052 6013 6045
f 6015 6014 5997 6013
f 6053 6014 6015
f 5999 6053 6011
f 6014 6053 5999
f 6014 5974 5997
f 5998 6014 5999
f 5974 6014 5998
f 6010 6009 5977 6008
f 6019 6023 6002
f 6008 6019 5974
f 6023 6019 6008
f 6002 6023 6021 5949
f 6023 6022 5975 6021
f 6008 5977 6022 6023
f 6022 5965 5975
f 5976 6022 5977
f 5965 6022 5976
f 6021 6006 5949
f 6026 6021 5975
f 6006 6021 6026
f 6006 6026 6024 5988
f 6026 6025 5991 6024
f 5975 5965 6025 6026
f 6024 5966 5988
f 5989 6024 5991
f 5966 6024 5989
f 5991 5990 5969 5989
f 6025 5990 5991
f 5961 6025 5965
f 5990 6025 5961
f 5989 5912 5966
f 5967 5989 5969
f 5912 5989 5967
f 5969 5968 5950 5967
f 5990 5968 5969
f 5951 5990 5961
f 5968 5990 5951
f 5968 5898 5950
f 5915 5968 5951
f 5898 5968 5915
f 6339 6341 6340 6313
f 6341 6318 6273 6340
f 6355 6331 6328 6354
f 6331 6353 6351
f 6357 6351 6353
f 6334 6357 6352
f 6351 6357 6334
f 6356 6359 6357 6353
f 6359 6358 6352 6357
f 6359 6329 6358
f 6351 6328 6331
f 6332 6351 6334
f 6328 6351 6332
f 6360 6332 6334
f 6312 6360 6333
f 6332 6360 6312
f 6358 6362 6352
f 6330 6358 6329
f 6362 6358 6330
f 6352 6362 6360 6334
f 6362 6361 6333 6360
f 6330 6314 6361 6362
f 6361 6365 6333
f 6350 6361 6314
f 6365 6361 6350
f 6333 6365 6363 6312
f 6365 6364 6315 6363
f 6350 6317 6364 6365
f 6364 6308 6315
f 6316 6364 6317
f 6308 6364 6316
f 6354 6335 6306
f 6338 6354 6328
f 6335 6354 6338
f 6335 6338 6336 6318
f 6338 6337 6321 6336
f 6332 6338 6328
f 6337 6332 6312
f 6338 6332 6337
f 6336 6273 6318
f 6319 6336 6321
f 6273 6336 6319
f 6366 6319 6321
f 6307 6366 6320
f 6319 6366 6307
f 6363 6337 6312
f 6368 6363 6315
f 6337 6363 6368
f 6337 6368 6366 6321
f 6368 6367 6320 6366
f 6315 6308 6367 6368
f 6367 6371 6320
f 6326 6367 6308
f 6371 6367 6326
f 6320 6371 6369 6307
f 6371 6370 72 6369
f 6326 6276 6370 6371
f 6327 6303 6276 6326
f 4556 4555 4549 4554
f 4554 4485 4546
f 4547 4554 4549
f 4485 4554 4547
f 4549 4548 4504 4547
f 4548 4515 4535
f 4535 4515 4497
f 4515 4548 4505
f 4548 4535 4387 4504
f 4543 4545 4544 4500
f 4545 4527 4512 4544
f 4524 4527 4514
f 4530 4524 4516
f 4527 4524 4530
f 4527 4530 4528 4512
f 4530 4529 4503 4528
f 4516 4513 4529 4530
f 4526 4525 4516 4524
f 4544 4531 4500
f 4534 4544 4512
f 4531 4544 4534
f 4531 4534 4532 4497
f 4534 4533 4501 4532
f 4528 4534 4512
f 4533 4528 4503
f 4534 4528 4533
f 4517 4533 4503
f 4533 4499 4501
f 4499 4517 4502
f 4517 4499 4533
f 4529 4517 4503
f 4519 4529 4513
f 4517 4529 4519
f 4519 4518 4502 4517
f 4519 4484 4518
f 4532 4535 4497
f 4538 4532 4501
f 4535 4532 4538
f 4535 4538 4536 4387
f 4538 4537 4498 4536
f 4501 4499 4537 4538
f 4521 4537 4499
f 4537 4432 4498
f 4432 4521 4489
f 4521 4432 4537
f 4518 4523 4502
f 4520 4518 4484
f 4523 4518 4520
f 4502 4523 4521 4499
f 4523 4522 4489 4521
f 4520 4433 4522 4523
f 4486 4522 4433
f 4522 4492 4489
f 4492 4486 4477
f 4486 4492 4522
f 4489 4492 4490 4432
f 4492 4491 4104 4490
f 4477 4405 4491 4492
f 4433 4488 4486
f 4488 4487 4477 4486
f 4483 4487 4478
f 4487 4405 4477
f 4405 4483 4428
f 4483 4405 4487
f 4482 4466 4459
f 4469 4482 4460
f 4466 4482 4469
f 4466 4469 4467 4458
f 4469 4468 4426 4467
f 4463 4469 4460
f 4468 4463 4444
f 4469 4463 4468
f 4462 4465 4463 4460
f 4465 4464 4444 4463
f 4464 4479 4444
f 4481 4464 4461
f 4479 4464 4481
f 4481 4480 4447 4479
f 4479 4468 4444
f 4468 4445 4426
f 4445 4479 4447
f 4479 4445 4468
f 4447 4446 4386 4445
f 4480 4446 4447
f 4427 4480 4443
f 4446 4480 4427
f 4446 4455 4386
f 4457 4446 4427
f 4455 4446 4457
f 4457 4456 4404 4455
f 4404 4388 4243
f 4474 4476 4475 4428
f 4476 4448 4431 4475
f 4475 4405 4428
f 4429 4475 4431
f 4405 4475 4429
f 4449 4429 4431
f 4407 4449 4430
f 4429 4449 4407
f 4425 4458 4473 4470
f 4470 4473 4471 4448
f 4473 4472 4451 4471
f 4467 4473 4458
f 4472 4467 4426
f 4473 4467 4472
f 4471 4431 4448
f 4449 4471 4451
f 4431 4471 4449
f 4451 4450 4430 4449
f 4445 4472 4426
f 4472 4450 4451
f 4450 4445 4386
f 4445 4450 4472
f 4429 4491 4405
f 4491 4406 4104
f 4406 4429 4407
f 4429 4406 4491
f 4452 4406 4407
f 4242 4452 4392
f 4406 4452 4242
f 4455 4450 4386
f 4450 4454 4430
f 4454 4455 4404
f 4455 4454 4450
f 4430 4454 4452 4407
f 4454 4453 4392 4452
f 4404 4243 4453 4454
f 4389 4453 4243
f 4453 4395 4392
f 4395 4389 4284
f 4389 4395 4453
f 4392 4395 4393 4242
f 4395 4394 116 4393
f 4422 4395 4284
f 4394 4422 4213
f 4395 4422 4394
f 4411 4408 4410
f 4403 4411 4409
f 4408 4411 4403
f 4413 4412 4409 4411
f 4408 4388 4400
f 4401 4408 4403
f 4388 4408 4401
f 4415 4401 4403
f 4391 4415 4402
f 4401 4415 4391
f 4409 4417 4415 4403
f 4417 4416 4402 4415
f 4414 4385 4416 4417
f 4401 4243 4388
f 4389 4401 4391
f 4243 4401 4389
f 4419 4389 4391
f 4284 4419 4390
f 4389 4419 4284
f 4416 4421 4402
f 4418 4416 4385
f 4421 4416 4418
f 4402 4421 4419 4391
f 4421 4420 4390 4419
f 4418 4285 4420 4421
f 4420 4424 4390
f 4380 4420 4285
f 4424 4420 4380
f 4390 4424 4422 4284
f 4424 4423 4213 4422
f 4380 4238 4423 4424
f 4382 4380 4381
f 4238 4382 4281
f 4380 4382 4238
f 4384 4383 4281 4382
f 4558 4560 4559 4506
f 4560 4551 4508 4559
f 4557 4560 4550
f 4551 4557 4485
f 4560 4557 4551
f 4559 4434 4506
f 4507 4559 4508
f 4434 4559 4507
f 4552 4507 4508
f 4436 4552 4493
f 4507 4552 4436
f 4547 4551 4485
f 4553 4547 4504
f 4551 4547 4553
f 4551 4553 4552 4508
f 4553 4539 4493 4552
f 4504 4387 4539 4553
f 4507 4244 4434
f 4435 4507 4436
f 4244 4507 4435
f 4494 4435 4436
f 4246 4494 4396
f 4435 4494 4246
f 4536 4539 4387
f 4542 4536 4498
f 4539 4536 4542
f 4539 4542 4540 4493
f 4542 4541 4496 4540
f 4498 4432 4541 4542
f 4540 4436 4493
f 4494 4540 4496
f 4436 4540 4494
f 4496 4495 4396 4494
f 4490 4541 4432
f 4541 4495 4496
f 4495 4490 4104
f 4490 4495 4541
f 4435 4580 4244
f 4580 4245 73
f 4245 4435 4246
f 4435 4245 4580
f 4397 4245 4246
f 115 4397 2917
f 4245 4397 115
f 4406 4495 4104
f 4495 4399 4396
f 4399 4406 4242
f 4406 4399 4495
f 4396 4399 4397 4246
f 4399 4398 2917 4397
f 4393 4399 4242
f 4398 4393 116
f 4399 4393 4398
f 4398 4214 3039
f 3039 4214 2916
f 4214 4398 116
f 4398 3039 2918 2917
f 3000 2917 2918
f 115 3000 2843
f 2917 3000 115
f 3036 2918 2999
f 3000 3036 3001
f 2918 3036 3000
f 3007 3000 3001
f 2843 3007 2913
f 3000 3007 2843
f 3033 3001 3006
f 3007 3033 3008
f 3001 3033 3007
f 3014 3007 3008
f 2913 3014 2996
f 3007 3014 2913
f 3008 3013 3015 3014
f 3030 3014 3015
f 2996 3030 3002
f 3014 3030 2996
f 3015 3029 3031 3030
f 3030 3031 3009 3002
f 3006 3032 3034 3033
f 3033 3034 3013 3008
f 3046 2999 3035
f 3036 3046 3037
f 2999 3046 3036
f 3043 3036 3037
f 3001 3043 3006
f 3036 3043 3001
f 3037 3042 3044 3043
f 3043 3044 3032 3006
f 3060 3035 3045
f 3046 3060 3047
f 3035 3060 3046
f 3052 3046 3047
f 3037 3052 3042
f 3046 3052 3037
f 3056 3047 3051
f 3052 3056 3054
f 3047 3056 3052
f 3052 3054 3053 3042
f 3051 3055 3058 3056
f 3056 3058 3057 3054
f 3080 3045 3059
f 3060 3080 3061
f 3045 3080 3060
f 3066 3060 3061
f 3047 3066 3051
f 3060 3066 3047
f 3077 3061 3065
f 3066 3077 3067
f 3061 3077 3066
f 3069 3066 3067
f 3051 3069 3055
f 3066 3069 3051
f 3073 3067 3068
f 3069 3073 3071
f 3067 3073 3069
f 3069 3071 3070 3055
f 3068 3072 3075 3073
f 3073 3075 3074 3071
f 3065 3076 3078 3077
f 3086 3077 3078
f 3067 3086 3068
f 3077 3086 3067
f 3078 3085 3087 3086
f 3086 3087 3072 3068
f 3059 3079 3081 3080
f 3080 3081 3065 3061
f 3092 2916 3038
f 3039 3092 3040
f 2916 3092 3039
f 3049 3039 3040
f 2918 3049 2999
f 3039 3049 2918
f 3089 3040 3048
f 3049 3089 3050
f 3040 3089 3049
f 3063 3049 3050
f 2999 3063 3035
f 3049 3063 2999
f 3118 3050 3062
f 3063 3118 3064
f 3050 3118 3063
f 3083 3063 3064
f 3035 3083 3045
f 3063 3083 3035
f 3064 3082 3084 3083
f 3083 3084 3059 3045
f 3062 3099 3119 3118
f 3118 3119 3082 3064
f 3106 3048 3088
f 3089 3106 3090
f 3048 3106 3089
f 3098 3089 3090
f 3050 3098 3062
f 3089 3098 3050
f 3102 3090 3097
f 3098 3102 3100
f 3090 3102 3098
f 3115 3098 3100
f 3062 3115 3099
f 3098 3115 3062
f 3100 3103 3117 3115
f 3115 3117 3116 3099
f 3125 3097 3101
f 3102 3125 3104
f 3097 3125 3102
f 3112 3102 3104
f 3100 3112 3103
f 3102 3112 3100
f 3121 3104 3111
f 3112 3121 3114
f 3104 3121 3112
f 3112 3114 3113 3103
f 3111 3120 3123 3121
f 3121 3123 3122 3114
f 3145 3101 3124
f 3125 3145 3126
f 3101 3145 3125
f 3131 3125 3126
f 3104 3131 3111
f 3125 3131 3104
f 3142 3126 3130
f 3131 3142 3132
f 3126 3142 3131
f 3134 3131 3132
f 3111 3134 3120
f 3131 3134 3111
f 3138 3132 3133
f 3134 3138 3136
f 3132 3138 3134
f 3134 3136 3135 3120
f 3133 3137 3140 3138
f 3138 3140 3139 3136
f 3130 3141 3143 3142
f 3151 3142 3143
f 3132 3151 3133
f 3142 3151 3132
f 3143 3150 3152 3151
f 3151 3152 3137 3133
f 3124 3144 3146 3145
f 3145 3146 3130 3126
f 3088 3105 3107 3106
f 3128 3106 3107
f 3090 3128 3097
f 3106 3128 3090
f 3107 3127 3129 3128
f 3148 3128 3129
f 3097 3148 3101
f 3128 3148 3097
f 3129 3147 3149 3148
f 3148 3149 3124 3101
f 3160 3038 3091
f 3092 3160 3093
f 3038 3160 3092
f 3109 3092 3093
f 3040 3109 3048
f 3092 3109 3040
f 3157 3093 3108
f 3109 3157 3110
f 3093 3157 3109
f 3154 3109 3110
f 3048 3154 3088
f 3109 3154 3048
f 3110 3153 3155 3154
f 3154 3155 3105 3088
f 3108 3156 3158 3157
f 3157 3158 3153 3110
f 3173 3091 3159
f 3160 3173 3161
f 3091 3173 3160
f 3166 3160 3161
f 3093 3166 3108
f 3160 3166 3093
f 3169 3161 3165
f 3166 3169 3167
f 3161 3169 3166
f 3166 3167 3156 3108
f 3165 3168 3171 3169
f 3169 3171 3170 3167
f 3159 3172 3174 3173
f 3173 3174 3165 3161
f 4311 4297 4280
f 4300 4311 4286
f 4297 4311 4300
f 4297 4300 4298 4279
f 4300 4299 4234 4298
f 4294 4300 4286
f 4299 4294 4266
f 4300 4294 4299
f 4359 4361 4360 4320
f 4361 4327 4287 4360
f 4310 4312 4311 4280
f 4322 4311 4312
f 4286 4322 4293
f 4311 4322 4286
f 4321 4323 4322 4312
f 4363 4322 4323
f 4293 4363 4313
f 4322 4363 4293
f 4309 4320 4364 4362
f 4362 4364 4363 4323
f 4364 4331 4313 4363
f 4360 4364 4320
f 4331 4360 4287
f 4364 4360 4331
f 4328 4331 4287
f 4334 4328 4306
f 4331 4328 4334
f 4331 4334 4332 4313
f 4334 4333 4316 4332
f 4306 4290 4333 4334
f 4332 4293 4313
f 4314 4332 4316
f 4293 4332 4314
f 4316 4315 4296 4314
f 4348 4333 4290
f 4333 4315 4316
f 4315 4348 4288
f 4348 4315 4333
f 4314 4286 4293
f 4294 4314 4296
f 4286 4314 4294
f 4296 4295 4266 4294
f 4352 4315 4288
f 4315 4295 4296
f 4295 4352 4275
f 4352 4295 4315
f 4369 4372 4326
f 4375 4369 4336
f 4372 4369 4375
f 4372 4375 4373 4324
f 4375 4374 4317 4373
f 4336 4325 4374 4375
f 4367 4366 4358 4365
f 4365 4368 4335
f 4371 4365 4358
f 4368 4365 4371
f 4368 4371 4369 4326
f 4371 4370 4336 4369
f 4358 4338 4370 4371
f 4370 4325 4336
f 4337 4370 4338
f 4325 4370 4337
f 4337 4342 4325
f 4339 4337 4319
f 4342 4337 4339
f 4374 4340 4317
f 4342 4374 4325
f 4340 4374 4342
f 4342 4341 4308 4340
f 4339 4318 4341 4342
f 4305 4324 4379 4376
f 4376 4379 4377 4327
f 4379 4378 4330 4377
f 4373 4379 4324
f 4378 4373 4317
f 4379 4373 4378
f 4377 4287 4327
f 4328 4377 4330
f 4287 4377 4328
f 4330 4329 4306 4328
f 4340 4378 4317
f 4378 4329 4330
f 4329 4340 4308
f 4340 4329 4378
f 4344 4329 4308
f 4329 4290 4306
f 4290 4344 4307
f 4344 4290 4329
f 4341 4344 4308
f 4346 4341 4318
f 4344 4341 4346
f 4346 4345 4307 4344
f 4343 4292 4345 4346
f 4345 4350 4307
f 4347 4345 4292
f 4350 4345 4347
f 4307 4350 4348 4290
f 4350 4349 4288 4348
f 4347 4291 4349 4350
f 4349 4352 4288
f 4354 4349 4291
f 4352 4349 4354
f 4354 4353 4275 4352
f 4351 4289 4353 4354
f 4353 4355 4275
f 4357 4353 4289
f 4355 4353 4357
f 4357 4356 4278 4355
f 4355 4295 4275
f 4295 4276 4266
f 4276 4355 4278
f 4355 4276 4295
f 4278 4277 4269 4276
f 4356 4277 4278
f 4264 4356 4274
f 4277 4356 4264
f 4276 4299 4266
f 4299 4267 4234
f 4267 4276 4269
f 4276 4267 4299
f 4269 4268 4235 4267
f 4277 4268 4269
f 4237 4277 4264
f 4268 4277 4237
f 4247 4268 4237
f 4268 4103 4235
f 4103 4247 4236
f 4247 4103 4268
f 4257 4247 4249
f 4236 4257 4248
f 4247 4257 4236
f 4259 4258 4248 4257
f 4248 4263 4261 4236
f 4263 4262 4253 4261
f 4260 4250 4262 4263
f 4261 4103 4236
f 4251 4261 4253
f 4103 4261 4251
f 4253 4252 4211 4251
f 4262 4252 4253
f 4212 4262 4250
f 4252 4262 4212
f 4221 4252 4212
f 4252 3041 4211
f 3041 4221 4125
f 4221 3041 4252
f 4228 4221 4222
f 4125 4228 4216
f 4221 4228 4125
f 4229 4223 4216 4228
f 4281 4283 4282 4238
f 4302 4282 4283
f 4241 4302 4270
f 4282 4302 4241
f 4265 4279 4304 4301
f 4301 4304 4302 4283
f 4304 4303 4270 4302
f 4298 4304 4279
f 4303 4298 4234
f 4304 4298 4303
f 4282 4423 4238
f 4423 4239 4213
f 4239 4282 4241
f 4282 4239 4423
f 4271 4239 4241
f 4215 4271 4240
f 4239 4271 4215
f 4267 4303 4234
f 4303 4273 4270
f 4273 4267 4235
f 4267 4273 4303
f 4270 4273 4271 4241
f 4273 4272 4240 4271
f 4235 4103 4272 4273
f 4239 4394 4213
f 4394 4214 116
f 4214 4239 4215
f 4239 4214 4394
f 4254 4214 4215
f 2916 4254 3095
f 4214 4254 2916
f 4251 4272 4103
f 4272 4256 4240
f 4256 4251 4211
f 4251 4256 4272
f 4240 4256 4254 4215
f 4256 4255 3095 4254
f 4211 3041 4255 4256
f 4255 4126 3186
f 3186 4126 3094
f 4126 4255 3041
f 4255 3186 3096 3095
f 3163 3095 3096
f 2916 3163 3038
f 3095 3163 2916
f 3183 3096 3162
f 3163 3183 3164
f 3096 3183 3163
f 3176 3163 3164
f 3038 3176 3091
f 3163 3176 3038
f 3179 3164 3175
f 3176 3179 3177
f 3164 3179 3176
f 3194 3176 3177
f 3091 3194 3159
f 3176 3194 3091
f 3200 3177 3180
f 3194 3200 3195
f 3177 3200 3194
f 3194 3195 3172 3159
f 3207 3180 3192
f 3200 3207 3202
f 3180 3207 3200
f 3200 3202 3201 3195
f 3192 3198 3209 3207
f 3207 3209 3208 3202
f 3221 3175 3178
f 3179 3221 3181
f 3175 3221 3179
f 3191 3179 3181
f 3177 3191 3180
f 3179 3191 3177
f 3218 3181 3190
f 3191 3218 3193
f 3181 3218 3191
f 3197 3191 3193
f 3180 3197 3192
f 3191 3197 3180
f 3215 3193 3196
f 3197 3215 3199
f 3193 3215 3197
f 3204 3197 3199
f 3192 3204 3198
f 3197 3204 3192
f 3211 3199 3203
f 3204 3211 3206
f 3199 3211 3204
f 3204 3206 3205 3198
f 3203 3210 3213 3211
f 3211 3213 3212 3206
f 3196 3214 3216 3215
f 3227 3215 3216
f 3199 3227 3203
f 3215 3227 3199
f 3216 3226 3228 3227
f 3227 3228 3210 3203
f 3190 3217 3219 3218
f 3218 3219 3196 3193
f 3178 3220 3222 3221
f 3221 3222 3190 3181
f 3230 3162 3182
f 3183 3230 3184
f 3162 3230 3183
f 3224 3183 3184
f 3164 3224 3175
f 3183 3224 3164
f 3184 3223 3225 3224
f 3224 3225 3178 3175
f 3236 3182 3229
f 3230 3236 3231
f 3182 3236 3230
f 3246 3230 3231
f 3184 3246 3223
f 3230 3246 3184
f 3231 3237 3248 3246
f 3246 3248 3247 3223
f 3254 3229 3235
f 3236 3254 3238
f 3229 3254 3236
f 3243 3236 3238
f 3231 3243 3237
f 3236 3243 3231
f 3250 3238 3242
f 3243 3250 3245
f 3238 3250 3243
f 3243 3245 3244 3237
f 3260 3242 3249
f 3250 3260 3252
f 3242 3260 3250
f 3250 3252 3251 3245
f 3249 3259 3262 3260
f 3260 3262 3261 3252
f 3235 3253 3255 3254
f 3264 3254 3255
f 3238 3264 3242
f 3254 3264 3238
f 3255 3263 3265 3264
f 3267 3264 3265
f 3242 3267 3249
f 3264 3267 3242
f 3265 3266 3268 3267
f 3267 3268 3259 3249
f 3273 3094 3185
f 3186 3273 3187
f 3094 3273 3186
f 3233 3186 3187
f 3096 3233 3162
f 3186 3233 3096
f 3270 3187 3232
f 3233 3270 3234
f 3187 3270 3233
f 3240 3233 3234
f 3162 3240 3182
f 3233 3240 3162
f 3234 3239 3241 3240
f 3257 3240 3241
f 3182 3257 3229
f 3240 3257 3182
f 3241 3256 3258 3257
f 3257 3258 3235 3229
f 3232 3269 3271 3270
f 3270 3271 3239 3234
f 3286 3185 3272
f 3273 3286 3274
f 3185 3286 3273
f 3279 3273 3274
f 3187 3279 3232
f 3273 3279 3187
f 3282 3274 3278
f 3279 3282 3280
f 3274 3282 3279
f 3295 3279 3280
f 3232 3295 3269
f 3279 3295 3232
f 3315 3280 3283
f 3295 3315 3297
f 3280 3315 3295
f 3295 3297 3296 3269
f 3283 3293 3317 3315
f 3315 3317 3316 3297
f 3303 3278 3281
f 3282 3303 3284
f 3278 3303 3282
f 3292 3282 3284
f 3280 3292 3283
f 3282 3292 3280
f 3299 3284 3291
f 3292 3299 3294
f 3284 3299 3292
f 3312 3292 3294
f 3283 3312 3293
f 3292 3312 3283
f 3294 3300 3314 3312
f 3312 3314 3313 3293
f 3319 3291 3298
f 3299 3319 3301
f 3291 3319 3299
f 3309 3299 3301
f 3294 3309 3300
f 3299 3309 3294
f 3301 3308 3311 3309
f 3309 3311 3310 3300
f 3298 3318 3320 3319
f 3319 3320 3308 3301
f 3281 3302 3304 3303
f 3322 3303 3304
f 3284 3322 3291
f 3303 3322 3284
f 3304 3321 3323 3322
f 3322 3323 3298 3291
f 3325 3272 3285
f 3286 3325 3287
f 3272 3325 3286
f 3306 3286 3287
f 3274 3306 3278
f 3286 3306 3274
f 3287 3305 3307 3306
f 3306 3307 3281 3278
f 3331 3285 3324
f 3325 3331 3326
f 3285 3331 3325
f 3325 3326 3305 3287
f 3324 3330 3333 3331
f 3331 3333 3332 3326
f 4124 4107 3189 4123
f 4227 4230 3188
f 4233 4227 4220
f 4230 4227 4233
f 4230 4233 4231 4223
f 4233 4232 4226 4231
f 4220 4210 4232 4233
f 4231 4216 4223
f 4224 4231 4226
f 4216 4231 4224
f 4226 4225 4219 4224
f 4232 4225 4226
f 4209 4232 4210
f 4225 4232 4209
f 4224 4125 4216
f 4217 4224 4219
f 4125 4224 4217
f 4219 4218 4127 4217
f 4225 4218 4219
f 4102 4225 4209
f 4218 4225 4102
f 4217 3041 4125
f 4126 4217 4127
f 3041 4217 4126
f 4127 3276 3094 4126
f 4123 4218 4102
f 4218 3276 4127
f 3276 4123 3189
f 4123 3276 4218
f 3361 4108 3275
f 4108 3276 3189
f 3276 3361 3277
f 3361 3276 4108
f 3289 3276 3277
f 3094 3289 3185
f 3276 3289 3094
f 3358 3277 3288
f 3289 3358 3290
f 3277 3358 3289
f 3328 3289 3290
f 3185 3328 3272
f 3289 3328 3185
f 3355 3290 3327
f 3328 3355 3329
f 3290 3355 3328
f 3335 3328 3329
f 3272 3335 3285
f 3328 3335 3272
f 3352 3329 3334
f 3335 3352 3336
f 3329 3352 3335
f 3338 3335 3336
f 3285 3338 3324
f 3335 3338 3285
f 3349 3336 3337
f 3338 3349 3339
f 3336 3349 3338
f 3341 3338 3339
f 3324 3341 3330
f 3338 3341 3324
f 3345 3339 3340
f 3341 3345 3343
f 3339 3345 3341
f 3341 3343 3342 3330
f 3340 3344 3347 3345
f 3345 3347 3346 3343
f 3369 3337 3348
f 3349 3369 3350
f 3337 3369 3349
f 3366 3349 3350
f 3339 3366 3340
f 3349 3366 3339
f 3350 3365 3367 3366
f 3366 3367 3344 3340
f 3348 3368 3370 3369
f 3369 3370 3365 3350
f 3334 3351 3353 3352
f 3372 3352 3353
f 3336 3372 3337
f 3352 3372 3336
f 3353 3371 3373 3372
f 3372 3373 3348 3337
f 3327 3354 3356 3355
f 3355 3356 3334 3329
f 3378 3288 3357
f 3358 3378 3359
f 3288 3378 3358
f 3375 3358 3359
f 3290 3375 3327
f 3358 3375 3290
f 3359 3374 3376 3375
f 3375 3376 3354 3327
f 3357 3377 3379 3378
f 3378 3379 3374 3359
f 3275 3360 3362 3361
f 3381 3361 3362
f 3277 3381 3288
f 3361 3381 3277
f 3362 3380 3382 3381
f 3381 3382 3357 3288
f 4157 4105 4115
f 4116 4157 4118
f 4105 4157 4116
f 4131 4116 4118
f 4101 4131 4117
f 4116 4131 4101
f 4156 4143 4133
f 4156 4118 4130
f 4131 4156 4133
f 4118 4156 4131
f 4144 4131 4133
f 4117 4144 4132
f 4131 4144 4117
f 4143 4155 4153
f 4161 4153 4155
f 4146 4161 4154
f 4153 4161 4146
f 4160 4163 4161 4155
f 4174 4161 4163
f 4154 4174 4162
f 4161 4174 4154
f 4173 4176 4174 4163
f 4196 4174 4176
f 4162 4196 4175
f 4174 4196 4162
f 4199 4195 4159
f 4198 4199 4171
f 4195 4199 4198
f 4195 4198 4196 4176
f 4198 4197 4175 4196
f 4192 4198 4171
f 4197 4192 4129
f 4198 4192 4197
f 4153 4133 4143
f 4144 4153 4146
f 4133 4153 4144
f 4164 4144 4146
f 4132 4164 4145
f 4144 4164 4132
f 4184 4197 4129
f 4197 4189 4175
f 4189 4184 4180
f 4184 4189 4197
f 4175 4189 4187 4162
f 4189 4188 4179 4187
f 4180 4170 4188 4189
f 4187 4154 4162
f 4177 4187 4179
f 4154 4187 4177
f 4179 4178 4166 4177
f 4188 4178 4179
f 4142 4188 4170
f 4178 4188 4142
f 4177 4146 4154
f 4164 4177 4166
f 4146 4177 4164
f 4166 4165 4145 4164
f 4178 4165 4166
f 4106 4178 4142
f 4165 4178 4106
f 4201 4199 4200
f 4171 4201 4191
f 4199 4201 4171
f 4204 4201 4203
f 4191 4204 4202
f 4201 4204 4191
f 4204 4205 4202
f 4202 4208 4206 4191
f 4208 4207 4194 4206
f 4190 4183 4207 4208
f 4206 4171 4191
f 4192 4206 4194
f 4171 4206 4192
f 4194 4193 4129 4192
f 4207 4193 4194
f 4172 4207 4183
f 4193 4207 4172
f 4193 4184 4129
f 4186 4193 4172
f 4184 4193 4186
f 4186 4185 4180 4184
f 4185 4170 4180
f 4181 4185 4182
f 4170 4185 4181
f 4152 4151 4141 4150
f 4165 4169 4145
f 4150 4165 4106
f 4169 4165 4150
f 4145 4169 4167 4132
f 4169 4168 4149 4167
f 4150 4141 4168 4169
f 4167 4117 4132
f 4147 4167 4149
f 4117 4167 4147
f 4149 4148 4136 4147
f 4168 4148 4149
f 4128 4168 4141
f 4148 4168 4128
f 4147 4101 4117
f 4134 4147 4136
f 4101 4147 4134
f 4136 4135 4111 4134
f 4148 4135 4136
f 4113 4148 4128
f 4135 4148 4113
f 4135 3364 4111
f 4112 4135 4113
f 3364 4135 4112
f 4158 4119 3363
f 4122 4158 4105
f 4119 4158 4122
f 4119 4122 4120 4107
f 4122 4121 4110 4120
f 4116 4122 4105
f 4121 4116 4101
f 4122 4116 4121
f 4120 3189 4107
f 4108 4120 4110
f 3189 4120 4108
f 4137 4108 4110
f 3275 4137 4109
f 4108 4137 3275
f 4134 4121 4101
f 4139 4134 4111
f 4121 4134 4139
f 4121 4139 4137 4110
f 4139 4138 4109 4137
f 4111 3364 4138 4139
f 4138 4140 4109
f 4114 4138 3364
f 4140 4138 4114
f 4109 4140 3360 3275
f 4889 4877 4871 4888
f 4888 4685 4868
f 4869 4888 4871
f 4685 4888 4869
f 4878 4869 4871
f 4856 4878 4870
f 4869 4878 4856
f 4877 4887 4885
f 4896 4885 4887
f 4880 4896 4886
f 4885 4896 4880
f 4895 4898 4896 4887
f 4898 4897 4886 4896
f 4885 4871 4877
f 4878 4885 4880
f 4871 4885 4878
f 4899 4878 4880
f 4870 4899 4879
f 4878 4899 4870
f 4897 4901 4886
f 4876 4897 4867
f 4901 4897 4876
f 4886 4901 4899 4880
f 4901 4900 4879 4899
f 4876 4857 4900 4901
f 4900 4904 4879
f 4884 4900 4857
f 4904 4900 4884
f 4879 4904 4902 4870
f 4904 4903 4883 4902
f 4884 4859 4903 4904
f 4902 4856 4870
f 4881 4902 4883
f 4856 4902 4881
f 4883 4882 4701 4881
f 4903 4882 4883
f 4837 4903 4859
f 4882 4903 4837
f 4855 4844 4840
f 4855 4882 4837
f 4882 4838 4701
f 4838 4855 4840
f 4855 4838 4882
f 4845 4838 4840
f 4687 4845 4839
f 4838 4845 4687
f 4851 4854 4852 4844
f 4854 4853 4847 4852
f 4852 4840 4844
f 4845 4852 4847
f 4840 4852 4845
f 4847 4846 4839 4845
f 4869 4872 4685
f 4875 4869 4856
f 4872 4869 4875
f 4872 4875 4873 4841
f 4875 4874 4843 4873
f 4881 4875 4856
f 4874 4881 4701
f 4875 4881 4874
f 4873 74 4841
f 4842 4873 4843
f 74 4873 4842
f 4843 4714 4686 4842
f 4838 4874 4701
f 4874 4714 4843
f 4714 4838 4687
f 4838 4714 4874
f 4848 4714 4687
f 4717 4848 4689
f 4714 4848 4717
f 4714 4717 4715 4686
f 4717 4716 4569 4715
f 4711 4717 4689
f 4716 4711 4627
f 4717 4711 4716
f 4850 4846 4688
f 4846 4849 4839
f 4849 4850 4700
f 4850 4849 4846
f 4839 4849 4848 4687
f 4849 4710 4689 4848
f 4700 4690 4710 4849
f 4728 4710 4690
f 4713 4728 4691
f 4710 4728 4713
f 4710 4713 4711 4689
f 4713 4712 4627 4711
f 4707 4713 4691
f 4712 4707 4682
f 4713 4707 4712
f 4753 4755 4754 4735
f 4798 4754 4755
f 4693 4798 4741
f 4754 4798 4693
f 4797 4799 4798 4755
f 4799 4759 4741 4798
f 4799 4813 4759
f 4813 4799 4722
f 4727 4729 4728 4690
f 4737 4728 4729
f 4691 4737 4706
f 4728 4737 4691
f 4736 4738 4737 4729
f 4757 4737 4738
f 4706 4757 4730
f 4737 4757 4706
f 4726 4735 4758 4756
f 4756 4758 4757 4738
f 4758 4745 4730 4757
f 4754 4758 4735
f 4745 4754 4693
f 4758 4754 4745
f 4742 4745 4693
f 4748 4742 4723
f 4745 4742 4748
f 4745 4748 4746 4730
f 4748 4747 4733 4746
f 4723 4698 4747 4748
f 4746 4706 4730
f 4731 4746 4733
f 4706 4746 4731
f 4733 4732 4709 4731
f 4778 4747 4698
f 4747 4732 4733
f 4732 4778 4694
f 4778 4732 4747
f 4731 4691 4706
f 4707 4731 4709
f 4691 4731 4707
f 4709 4708 4682 4707
f 4781 4732 4694
f 4732 4708 4709
f 4708 4781 4692
f 4781 4708 4732
f 4809 4796 4752
f 4796 4722 4749
f 4722 4809 4750
f 4809 4722 4796
f 4806 4809 4752
f 4812 4806 4764
f 4809 4806 4812
f 4809 4812 4810 4750
f 4812 4811 4739 4810
f 4825 4812 4764
f 4811 4825 4751
f 4812 4825 4811
f 4832 4801 4795 4831
f 4828 4830 4829 4801
f 4834 4829 4830
f 4804 4834 4818
f 4829 4834 4804
f 4833 4836 4834 4830
f 4836 4835 4818 4834
f 4829 4795 4801
f 4802 4829 4804
f 4795 4829 4802
f 4819 4802 4804
f 4766 4819 4803
f 4802 4819 4766
f 4818 4821 4819 4804
f 4821 4820 4803 4819
f 4800 4787 4820 4821
f 4831 4805 4763
f 4808 4831 4795
f 4805 4831 4808
f 4805 4808 4806 4752
f 4808 4807 4764 4806
f 4802 4808 4795
f 4807 4802 4766
f 4808 4802 4807
f 4822 4807 4766
f 4827 4822 4788
f 4807 4822 4827
f 4807 4827 4825 4764
f 4827 4826 4751 4825
f 4788 4765 4826 4827
f 4820 4824 4803
f 4817 4820 4787
f 4824 4820 4817
f 4803 4824 4822 4766
f 4824 4823 4788 4822
f 4817 4790 4823 4824
f 4823 4765 4788
f 4789 4823 4790
f 4765 4823 4789
f 4826 4792 4751
f 4794 4826 4765
f 4792 4826 4794
f 4794 4793 4770 4792
f 4791 4767 4793 4794
f 4792 4811 4751
f 4811 4768 4739
f 4768 4792 4770
f 4792 4768 4811
f 4770 4769 4734 4768
f 4793 4769 4770
f 4740 4793 4767
f 4769 4793 4740
f 4769 4771 4734
f 4773 4769 4740
f 4771 4769 4773
f 4773 4772 4725 4771
f 4722 4750 4816 4813
f 4813 4816 4814 4759
f 4816 4815 4762 4814
f 4810 4816 4750
f 4815 4810 4739
f 4816 4810 4815
f 4814 4741 4759
f 4760 4814 4762
f 4741 4814 4760
f 4762 4761 4744 4760
f 4768 4815 4739
f 4815 4761 4762
f 4761 4768 4734
f 4768 4761 4815
f 4760 4693 4741
f 4742 4760 4744
f 4693 4760 4742
f 4744 4743 4723 4742
f 4771 4761 4734
f 4761 4743 4744
f 4743 4771 4725
f 4771 4743 4761
f 4774 4743 4725
f 4743 4698 4723
f 4698 4774 4724
f 4774 4698 4743
f 4776 4775 4724 4774
f 4724 4780 4778 4698
f 4780 4779 4694 4778
f 4777 4699 4779 4780
f 4779 4781 4694
f 4783 4779 4699
f 4781 4779 4783
f 4783 4782 4692 4781
f 4786 4785 4697 4784
f 4784 4708 4692
f 4708 4695 4682
f 4695 4784 4697
f 4784 4695 4708
f 4697 4696 4684 4695
f 4695 4712 4682
f 4712 4683 4627
f 4683 4695 4684
f 4695 4683 4712
f 4684 4674 4629 4683
f 4683 4716 4627
f 4716 4628 4569
f 4628 4683 4629
f 4683 4628 4716
f 4675 4628 4629
f 117 4675 4596
f 4628 4675 117
f 4599 4626 4676 4674
f 4674 4676 4675 4629
f 4676 4639 4596 4675
f 4672 4676 4626
f 4639 4672 4437
f 4676 4672 4639
f 4671 4673 4672 4626
f 4678 4672 4673
f 4437 4678 4649
f 4672 4678 4437
f 4677 4680 4678 4673
f 4680 4679 4649 4678
f 4670 4647 4648
f 4606 4670 4621
f 4647 4670 4606
f 4679 4651 4649
f 4625 4679 4604
f 4651 4679 4625
f 4649 4651 4650 4437
f 4651 4635 4605 4650
f 4647 4651 4625
f 4635 4647 4606
f 4651 4647 4635
f 4622 4635 4606
f 4638 4622 4619
f 4635 4622 4638
f 4635 4638 4636 4605
f 4638 4637 4568 4636
f 4660 4638 4619
f 4637 4660 4593
f 4638 4660 4637
f 4669 4621 4643
f 4644 4669 4646
f 4621 4669 4644
f 4652 4644 4646
f 4624 4652 4645
f 4644 4652 4624
f 4663 4652 4654
f 4645 4663 4653
f 4652 4663 4645
f 4665 4664 4653 4663
f 4644 4606 4621
f 4622 4644 4624
f 4606 4644 4622
f 4656 4622 4624
f 4619 4656 4623
f 4622 4656 4619
f 4653 4668 4666 4645
f 4668 4667 4658 4666
f 4666 4624 4645
f 4656 4666 4658
f 4624 4666 4656
f 4658 4657 4623 4656
f 4667 4657 4658
f 4620 4667 4655
f 4657 4667 4620
f 4657 4662 4623
f 4659 4657 4620
f 4662 4657 4659
f 4623 4662 4660 4619
f 4662 4661 4593 4660
f 4659 4600 4661 4662
f 4618 4607 4603
f 4618 4661 4600
f 4661 4601 4593
f 4601 4618 4603
f 4618 4601 4661
f 4608 4601 4603
f 4595 4608 4602
f 4601 4608 4595
f 4614 4617 4615 4607
f 4617 4616 4610 4615
f 4615 4603 4607
f 4608 4615 4610
f 4603 4615 4608
f 4610 4609 4602 4608
f 4601 4637 4593
f 4637 4594 4568
f 4594 4601 4595
f 4601 4594 4637
f 4611 4594 4595
f 4439 4611 4574
f 4594 4611 4439
f 4609 4613 4602
f 4592 4609 4591
f 4613 4609 4592
f 4602 4613 4611 4595
f 4613 4612 4574 4611
f 4592 4509 4612 4613
f 4650 4639 4437
f 4642 4650 4605
f 4639 4650 4642
f 4639 4642 4640 4596
f 4642 4641 4598 4640
f 4636 4642 4605
f 4641 4636 4568
f 4642 4636 4641
f 4640 117 4596
f 4597 4640 4598
f 117 4640 4597
f 4598 4578 4438 4597
f 4594 4641 4568
f 4641 4578 4598
f 4578 4594 4439
f 4594 4578 4641
f 4575 4578 4439
f 4581 4575 4510
f 4578 4575 4581
f 4578 4581 4579 4438
f 4581 4580 73 4579
f 4510 4244 4580 4581
f 4590 4570 4567
f 4586 4589 4587 4570
f 4589 4588 4573 4587
f 4587 4567 4570
f 4571 4587 4573
f 4567 4587 4571
f 4573 4572 4511 4571
f 4590 4612 4509
f 4612 4577 4574
f 4577 4590 4567
f 4590 4577 4612
f 4574 4577 4575 4439
f 4577 4576 4510 4575
f 4571 4577 4567
f 4576 4571 4511
f 4577 4571 4576
f 4562 4576 4511
f 4576 4244 4510
f 4244 4562 4434
f 4562 4244 4576
f 4566 4572 4561
f 4572 4562 4511
f 4562 4566 4563
f 4566 4562 4572
f 4564 4562 4563
f 4434 4564 4506
f 4562 4564 4434
f 4565 4558 4506 4564
f 5101 5104 5080
f 5107 5101 5090
f 5104 5101 5107
f 5104 5107 5105 5078
f 5107 5106 5077 5105
f 5090 5079 5106 5107
f 5080 5103 5101
f 5103 5102 5090 5101
f 5091 5097 5095 5079
f 5097 5096 5094 5095
f 5095 5106 5079
f 5106 5092 5077
f 5092 5095 5094
f 5095 5092 5106
f 5094 5093 4941 5092
f 5093 5063 4962 4941
f 5063 5093 4961 4963
f 4963 4976 5065 5063
f 5063 5065 5064 4962
f 5065 5008 4681 5064
f 5061 5065 4976
f 5008 5061 4957
f 5065 5061 5008
f 5060 4975 4977
f 4963 5060 4976
f 4975 5060 4963
f 4977 4982 5062 5060
f 5060 5062 5061 4976
f 5062 5004 4957 5061
f 5058 5062 4982
f 5004 5058 4967
f 5062 5058 5004
f 4983 4987 5059 5057
f 5057 5059 5058 4982
f 5059 5000 4967 5058
f 5055 5059 4987
f 5000 5055 4971
f 5059 5055 5000
f 4988 4990 5056 5054
f 5054 5056 5055 4987
f 5056 4996 4971 5055
f 5052 5056 4990
f 4996 5052 4978
f 5056 5052 4996
f 5051 5053 5052 4990
f 5053 4992 4978 5052
f 5069 5072 5070 4989
f 5072 5071 5031 5070
f 5041 5071 5033
f 5071 4991 5031
f 4991 5041 5032
f 5041 4991 5071
f 5032 5044 5042 4991
f 5044 5043 4986 5042
f 5048 5050 5049 4992
f 5050 5034 4995 5049
f 5049 4978 4992
f 4993 5049 4995
f 4978 5049 4993
f 5035 4993 4995
f 4984 5035 4994
f 4993 5035 4984
f 5070 5073 4989
f 5076 5070 5031
f 5073 5070 5076
f 5073 5076 5074 5034
f 5076 5075 5037 5074
f 5031 4991 5075 5076
f 5074 4995 5034
f 5035 5074 5037
f 4995 5074 5035
f 5037 5036 4994 5035
f 5042 5075 4991
f 5075 5036 5037
f 5036 5042 4986
f 5042 5036 5075
f 5045 5036 4986
f 5036 5040 4994
f 5040 5045 5016
f 5045 5040 5036
f 4994 5040 5038 4984
f 5040 5039 4981 5038
f 5016 4985 5039 5040
f 4986 5047 5045
f 5047 5046 5016 5045
f 4993 4996 4978
f 4999 4993 4984
f 4996 4993 4999
f 4996 4999 4997 4971
f 4999 4998 4979 4997
f 5038 4999 4984
f 4998 5038 4981
f 4999 5038 4998
f 5017 4998 4981
f 4998 4974 4979
f 4974 5017 4980
f 5017 4974 4998
f 5039 5017 4981
f 5019 5039 4985
f 5017 5039 5019
f 5019 5018 4980 5017
f 4997 5000 4971
f 5003 4997 4979
f 5000 4997 5003
f 5000 5003 5001 4967
f 5003 5002 4972 5001
f 4979 4974 5002 5003
f 5020 5002 4974
f 5002 4970 4972
f 4970 5020 4973
f 5020 4970 5002
f 4960 5022 5018
f 5018 5022 4980
f 4980 5022 5020 4974
f 5022 5021 4973 5020
f 5022 4956 5021
f 5001 5004 4967
f 5007 5001 4972
f 5004 5001 5007
f 5004 5007 5005 4957
f 5007 5006 4968 5005
f 4972 4970 5006 5007
f 5024 5006 4970
f 5006 4959 4968
f 4959 5024 4969
f 5024 4959 5006
f 5021 5026 4973
f 5023 5021 4956
f 5026 5021 5023
f 4973 5026 5024 4970
f 5026 5025 4969 5024
f 5023 4940 5025 5026
f 5005 5008 4957
f 5011 5005 4968
f 5008 5005 5011
f 5008 5011 5009 4681
f 5011 5010 4958 5009
f 4968 4959 5010 5011
f 5028 5010 4959
f 5010 4909 4958
f 4909 5028 4948
f 5028 4909 5010
f 5025 5030 4969
f 5027 5025 4940
f 5030 5025 5027
f 4969 5030 5028 4959
f 5030 5029 4948 5028
f 5027 4910 5029 5030
f 4937 5029 4910
f 5029 4951 4948
f 4951 4937 4935
f 4937 4951 5029
f 4948 4951 4949 4909
f 4951 4950 4702 4949
f 4935 4861 4950 4951
f 4936 4939 4937 4910
f 4939 4938 4935 4937
f 4934 4861 4906
f 4907 4934 4908
f 4861 4934 4907
f 4912 4907 4908
f 4863 4912 4892
f 4907 4912 4863
f 4933 4916 4914
f 4933 4908 4911
f 4912 4933 4914
f 4908 4933 4912
f 4917 4912 4914
f 4892 4917 4913
f 4912 4917 4892
f 4932 4924 4919 4931
f 4931 4914 4916
f 4917 4931 4919
f 4914 4931 4917
f 4925 4917 4919
f 4913 4925 4918
f 4917 4925 4913
f 4924 4927 4925 4919
f 4927 4926 4918 4925
f 4927 4858 4926
f 4907 4950 4861
f 4950 4862 4702
f 4862 4907 4863
f 4907 4862 4950
f 4893 4862 4863
f 74 4893 4841
f 4862 4893 74
f 4926 4930 4918
f 4923 4926 4858
f 4930 4926 4923
f 4918 4930 4928 4913
f 4930 4929 4922 4928
f 4923 4915 4929 4930
f 4928 4892 4913
f 4920 4928 4922
f 4892 4928 4920
f 4922 4921 4894 4920
f 4929 4921 4922
f 4860 4929 4915
f 4921 4929 4860
f 4920 4863 4892
f 4893 4920 4894
f 4863 4920 4893
f 4894 4872 4841 4893
f 4890 4921 4860
f 4921 4872 4894
f 4872 4890 4685
f 4890 4872 4921
f 4891 4868 4685 4890
f 146 663 153
f 154 153 661
f 154 661 155
f 664 157 156
f 681 159 158
f 157 664 158
f 156 155 666
f 160 159 679
f 162 161 690
f 163 700 164
f 163 162 691
f 704 165 164
f 167 166 705
f 168 167 708
f 702 708 167
f 166 165 705
f 161 160 679
f 749 170 169
f 171 791 172
f 172 785 173
f 174 173 783
f 844 174 853
f 174 783 853
f 175 777 850
f 844 777 175
f 176 175 796
f 796 175 851
f 844 175 174
f 171 170 746
f 177 176 848
f 860 179 178
f 177 848 178
f 179 778 180
f 772 182 181
f 182 758 183
f 182 755 758
f 180 845 181
f 848 176 796
f 873 185 184
f 770 783 173
f 186 185 892
f 188 187 899
f 187 186 890
f 189 897 894
f 190 875 191
f 189 894 190
f 189 188 897
f 1095 219 1102
f 222 221 1117
f 221 220 1085
f 220 219 1082
f 1100 215 214
f 1104 218 217
f 1098 217 216
f 1101 216 215
f 218 1102 219
f 214 213 1080
f 192 915 193
f 194 913 195
f 193 916 194
f 196 920 197
f 981 202 201
f 201 200 984
f 200 199 944
f 195 913 196
f 993 209 208
f 1003 212 211
f 997 211 210
f 1007 210 209
f 988 204 203
f 1012 207 206
f 1012 206 205
f 995 205 204
f 207 1009 208
f 978 203 202
f 970 960 212
f 191 918 192
f 198 907 199
f 786 173 785
f 783 782 853
f 786 770 173
f 789 785 788
f 785 789 763
f 792 788 172
f 175 850 851
f 863 180 778
f 180 775 847
f 180 847 845
f 863 775 180
f 860 178 848
f 845 781 779
f 845 779 181
f 788 785 172
f 702 167 705
f 705 165 704
f 753 788 792
f 172 791 792
f 791 171 795
f 795 171 794
f 791 795 743
f 169 168 711
f 746 794 171
f 779 774 772
f 772 767 765
f 755 765 757
f 772 765 182
f 185 873 892
f 182 765 755
f 184 183 737
f 892 893 186
f 772 181 779
f 186 893 890
f 187 890 899
f 778 179 860
f 205 995 996
f 205 996 1011
f 205 1011 1012
f 992 203 991
f 989 204 988
f 992 975 988
f 203 992 988
f 978 991 203
f 207 1012 1009
f 993 1008 209
f 209 1008 1007
f 1006 210 1007
f 999 210 1006
f 211 997 973
f 1002 211 973
f 999 997 210
f 1000 211 1002
f 208 1009 993
f 991 978 979
f 1000 966 1005
f 981 201 985
f 923 198 197
f 982 958 978
f 982 202 981
f 1003 1000 1005
f 202 982 978
f 970 1003 972
f 213 212 949
f 214 1093 1100
f 1101 215 1100
f 1003 970 212
f 1100 1093 1094
f 1098 1091 1104
f 217 1098 1104
f 1104 1102 218
f 214 1080 1093
f 1000 1003 211
f 1101 1098 216
f 897 188 899
f 989 995 204
f 223 222 1118
f 700 704 164
f 261 1336 262
f 263 262 1310
f 261 260 1306
f 257 1295 258
f 259 1309 260
f 1308 259 258
f 1294 257 256
f 263 1310 1315
f 1341 270 269
f 1382 272 271
f 270 1349 271
f 1379 273 272
f 264 1316 265
f 266 1340 267
f 1339 266 265
f 268 267 1337
f 263 1318 264
f 255 1277 1282
f 243 1232 244
f 245 244 1233
f 242 1212 243
f 240 239 1177
f 1174 1167 241
f 1181 241 240
f 239 238 1184
f 246 245 1230
f 253 252 1267
f 254 1279 255
f 1276 254 253
f 1270 252 251
f 249 248 1245
f 251 250 1269
f 249 1272 250
f 1237 248 247
f 246 1239 247
f 238 237 1187
f 274 273 1376
f 274 1377 275
f 275 1377 276
f 1374 277 276
f 279 278 1407
f 281 280 1410
f 279 1404 280
f 278 277 1396
f 1408 282 281
f 284 283 1414
f 286 285 1417
f 1419 285 284
f 287 286 1437
f 289 288 1450
f 1448 291 290
f 289 1448 290
f 287 1438 288
f 1411 283 282
f 291 1452 292
f 294 293 1483
f 1484 295 294
f 295 1484 296
f 1469 299 298
f 300 1490 301
f 300 299 1472
f 298 297 1485
f 302 301 1491
f 1497 304 303
f 305 1532 306
f 305 304 1495
f 306 1543 307
f 309 308 1565
f 1545 311 310
f 309 1563 310
f 308 307 1541
f 303 302 1488
f 292 1463 293
f 274 1376 1377
f 311 1545 1550
f 229 1129 230
f 231 1198 232
f 230 1151 231
f 225 224 1123
f 227 1124 228
f 226 1124 227
f 226 225 1121
f 229 228 1109
f 1205 1208 233
f 234 233 1208
f 235 234 1186
f 1208 1209 234
f 236 235 1203
f 1206 1208 1205
f 1209 1186 234
f 1203 235 1186
f 236 1203 237
f 1189 233 232
f 1190 1205 233
f 1193 232 1192
f 1192 232 1196
f 233 1189 1190
f 1195 1196 232
f 1192 1196 1165
f 1189 1193 1172
f 1193 1189 232
f 1180 239 1184
f 1170 1183 1177
f 1183 240 1177
f 239 1180 1177
f 1174 1181 1176
f 243 1225 1232
f 241 1181 1174
f 1184 238 1187
f 240 1183 1181
f 241 1167 242
f 1203 1187 237
f 244 1232 1233
f 1115 224 223
f 1269 250 1273
f 1270 1267 252
f 251 1269 1270
f 255 1279 1277
f 1276 1274 254
f 1308 1309 259
f 1309 1306 260
f 1304 1308 258
f 253 1267 1276
f 1545 310 1563
f 1559 314 313
f 312 1551 313
f 1557 315 314
f 306 1536 1543
f 1544 307 1543
f 1565 308 1541
f 1563 309 1565
f 1544 1541 307
f 316 315 1604
f 261 1306 1336
f 1336 1334 262
f 245 1233 1230
f 249 1249 1272
f 1234 248 1237
f 1239 246 1230
f 1265 1269 1273
f 1279 1274 1263
f 1279 254 1274
f 250 1272 1273
f 268 1337 269
f 297 296 1481
f 1563 1547 1545
f 1537 1543 1536
f 1536 306 1540
f 1305 1308 1304
f 1334 1312 1310
f 262 1334 1310
f 273 1380 1376
f 255 1280 256
f 1295 1304 258
f 1601 317 316
f 247 1239 1237
f 1548 312 311
f 1198 1195 232
f 701 704 700
f 708 702 698
f 690 691 162
f 700 691 688
f 711 706 695
f 708 706 168
f 690 161 679
f 709 749 169
f 747 794 746
f 760 755 728
f 758 755 760
f 706 711 168
f 184 737 869
f 874 892 873
f 184 869 873
f 711 709 169
f 750 746 170
f 663 661 153
f 156 666 664
f 666 155 661
f 692 714 749 709
f 664 681 158
f 684 690 679
f 159 681 679
f 746 750 726
f 758 734 732
f 183 758 732
f 732 737 183
f 737 735 869
f 732 721 737
f 870 873 869
f 749 750 170
f 163 691 700
f 918 191 880
f 192 919 915
f 913 194 916
f 915 916 193
f 905 915 919
f 875 894 877
f 192 918 919
f 190 894 875
f 880 191 875
f 913 922 196
f 984 200 941
f 954 981 985
f 984 985 201
f 925 923 197
f 213 1074 1080
f 1095 1102 1097
f 1080 1081 1093
f 965 963 212
f 962 960 970
f 922 920 196
f 197 920 925
f 925 920 903
f 945 941 200
f 984 941 942
f 960 946 965
f 212 960 965
f 199 912 944
f 949 1077 213
f 1080 1074 1075
f 1095 1084 1082
f 219 1095 1082
f 1118 222 1117
f 1123 224 1115
f 1151 1201 231
f 1118 1115 223
f 1117 221 1120
f 1087 1085 220
f 213 1077 1074
f 1123 1121 225
f 896 894 897
f 1126 1124 226
f 659 662 145
f 662 146 145
f 662 659 660
f 151 145 144
f 842 143 142
f 142 141 842
f 141 140 80
f 144 143 148
f 659 145 151
f 659 151 152
f 151 839 149
f 839 144 148
f 143 843 148
f 843 143 842
f 842 80 76
f 80 140 79
f 842 141 80
f 144 839 151
f 139 79 140
f 135 86 136
f 138 137 82
f 136 82 137
f 133 85 134
f 132 89 133
f 134 85 135
f 83 139 138
f 131 130 92
f 82 136 86
f 131 88 132
f 82 83 138
f 92 130 129
f 127 95 128
f 126 95 127
f 94 126 125
f 98 125 124
f 128 91 129
f 86 135 85
f 83 79 139
f 875 864 880
f 878 918 880
f 907 912 199
f 198 923 907
f 941 945 934
f 944 945 200
f 907 923 909
f 212 963 949
f 1082 1068 1087
f 1070 1074 1077
f 1120 221 1085
f 1121 1105 1126
f 1107 1117 1120
f 1087 220 1082
f 949 963 951
f 133 89 85
f 131 92 88
f 132 88 89
f 128 95 91
f 125 98 94
f 124 9523 98
f 126 94 95
f 129 91 92
f 912 907 881
f 912 910 944
f 230 1129 1151
f 1201 1151 1152
f 1109 228 1124
f 1129 229 1109
f 1151 1129 1127
f 1109 1124 1111
f 1126 226 1121
f 9532 9523 124
f 663 146 662
f 1199 1195 1198
f 1199 1155 1195
f 242 1157 1212
f 1212 1225 243
f 1234 1237 1236
f 1225 1226 1232
f 1169 1167 1174
f 1250 1272 1249
f 1282 1277 1260
f 276 1377 1374
f 1245 1249 249
f 1280 255 1282
f 1285 1283 256
f 1295 257 1294
f 1292 1304 1295
f 1294 256 1283
f 1280 1285 256
f 231 1201 1198
f 248 1227 1245
f 1148 1198 1202
f 1157 1167 1159
f 1213 1225 1212
f 1227 1234 1229
f 1227 248 1234
f 1245 1227 1216 1214
f 1167 1157 242
f 1212 1157 1139 1162
f 1315 1310 1299
f 1337 267 1340
f 1380 273 1379
f 272 1383 1379
f 1315 1313 263
f 1285 1280 1251
f 1380 1366 1376
f 1249 1245 1246
f 1367 1364 1374
f 1201 1202 1198
f 278 1406 1407
f 280 1404 1410
f 1404 279 1407
f 1364 277 1374
f 1397 1394 1406
f 1397 278 1396
f 1370 1368 277
f 1408 281 1410
f 1368 1396 277
f 1438 1450 288
f 294 1483 1484
f 1532 1539 306
f 306 1539 1540
f 1487 1485 297
f 1481 296 1484
f 1545 1527 1550
f 311 1550 1548
f 1529 1536 1540
f 1401 1413 1408
f 1467 1483 293
f 282 1408 1413
f 1416 1414 283
f 1451 289 1450
f 1413 1411 282
f 1454 291 1448
f 1455 292 1457
f 1483 1467 1468
f 1463 1467 293
f 1454 1452 291
f 1451 1448 289
f 1481 1465 1487
f 1490 300 1472
f 1539 1532 1533
f 1515 1532 305
f 1487 297 1481
f 1548 1523 1553
f 1551 312 1553
f 1601 316 1605
f 1556 1554 313
f 1553 312 1548
f 1601 1602 317
f 278 1397 1406
f 1294 1283 1288
f 1313 1296 1318
f 1339 1316 1289 1321
f 1316 264 1318
f 1340 266 1339
f 271 1349 1382
f 269 1343 1341
f 1316 1339 265
f 1318 263 1313
f 1379 1383 1362
f 1364 1360 1370
f 277 1364 1370
f 1396 1386 1387
f 1411 1398 1416
f 283 1411 1416
f 1386 1396 1368
f 1386 1368 1351 1373
f 1382 1383 272
f 1337 1319 1343
f 269 1337 1343
f 1382 1349 1350
f 1349 1341 1324 1322
f 284 1414 1419
f 286 1417 1422
f 1419 1414 1388
f 1341 1349 270
f 1419 1417 285
f 1438 287 1437
f 1435 1450 1438
f 1463 292 1455
f 1467 1463 1464
f 1463 1455 1444 1442
f 1457 292 1452
f 1457 1452 1439
f 1422 1420 1437
f 1485 1471 1469
f 1472 299 1474
f 1532 1515 1516
f 1515 305 1495
f 313 1551 1556
f 1559 1557 314
f 1605 316 1604
f 1601 1605 1581
f 1604 315 1568
f 1556 1551 1520
f 1469 1458 1474
f 299 1469 1474
f 1490 1472 1445 1477
f 1491 1488 302
f 301 1490 1491
f 1469 298 1485
f 1495 304 1497
f 1554 1517 1559
f 1500 1515 1495
f 1501 1562 1568 1557
f 1604 1568 1569
f 1557 1568 315
f 1559 313 1554
f 1488 1497 303
f 1437 286 1422
f 1602 1598 317
f 318 1596 319
f 319 1608 320
f 1606 321 320
f 1617 323 322
f 1667 325 324
f 1647 324 323
f 1606 1611 321
f 1667 1666 325
f 327 1662 328
f 1659 329 1671
f 328 1671 329
f 329 1675 330
f 332 331 1679
f 1682 1687 333
f 1682 333 332
f 330 1676 331
f 326 325 1666
f 1688 334 333
f 336 1716 337
f 339 338 1724
f 338 337 1723
f 1671 328 1672
f 327 326 1662
f 341 1731 1725
f 341 340 1731
f 340 339 1721
f 1752 343 342
f 1720 336 335
f 344 343 1769
f 347 346 1783
f 346 345 1782
f 345 344 1766
f 349 348 1784
f 350 1777 351
f 350 1774 1779
f 350 349 1787
f 348 347 1780
f 353 352 1790
f 1670 1667 324
f 353 1795 354
f 356 355 1840
f 354 1826 355
f 358 357 1857
f 361 360 1864
f 360 359 1861
f 359 358 1863
f 357 356 1859
f 361 1850 362
f 1870 364 363
f 362 1851 363
f 365 1889 366
f 1998 394 393
f 366 1890 367
f 395 394 1996
f 364 1885 365
f 361 1845 1850
f 369 1897 370
f 371 1928 372
f 370 1924 371
f 374 373 1946
f 376 1950 1955
f 376 375 1952
f 375 374 1943
f 373 372 1945
f 391 1995 392
f 390 1978 391
f 389 1990 390
f 380 379 1910
f 387 1974 388
f 387 386 1977
f 389 388 1992
f 379 378 1959
f 378 377 1956
f 393 392 1993
f 367 1887 368
f 376 1955 377
f 1670 324 1669
f 1670 1661 1667
f 1648 1664 1647
f 1647 323 1640
f 1669 1664 1665
f 1666 1662 326
f 1664 324 1647
f 1673 330 1675
f 1678 1673 1655
f 1659 1675 329
f 330 1673 1678
f 1676 1652 1681
f 331 1676 1681
f 331 1681 1679
f 330 1678 1676
f 1662 1672 328
f 1598 1599 318
f 1596 1608 319
f 318 1599 1596
f 323 1621 1640
f 322 321 1609
f 1684 1679 1649
f 1640 1641 1647
f 320 1608 1606
f 1713 1723 337
f 1684 1682 332
f 1733 340 1721
f 1724 1721 339
f 1731 340 1733
f 1684 332 1679
f 344 1770 1766
f 1770 344 1769
f 1766 1770 1762
f 342 341 1725
f 343 1749 1769
f 1724 338 1723
f 334 1626 335
f 1664 1669 324
f 1767 1782 345
f 1783 1780 347
f 346 1782 1783
f 1764 1782 1767
f 1771 1789 1784
f 349 1784 1789
f 348 1780 1786
f 345 1766 1767
f 368 1891 369
f 384 383 1967
f 383 382 1967
f 382 381 1962
f 356 1840 1837
f 1860 357 1859
f 1863 358 1857
f 1861 359 1863
f 1860 1857 357
f 1784 348 1786
f 356 1838 1859
f 384 1965 385
f 1792 352 351
f 1787 349 1789
f 1859 1838 1835
f 1837 1838 356
f 1787 1776 1774
f 1837 1840 1841
f 1837 1841 1830
f 1774 350 1787
f 1840 355 1833
f 1861 1842 1866
f 1864 1845 361
f 1864 360 1866
f 1946 373 1945
f 1945 372 1949
f 1866 360 1861
f 1845 1864 1847
f 1952 375 1943
f 1950 376 1952
f 385 1976 386
f 1946 1943 374
f 380 1964 381
f 396 395 2036
f 317 1598 318
f 429 2279 430
f 432 431 2299
f 430 2276 431
f 2205 426 425
f 2252 428 427
f 2282 429 428
f 426 2255 427
f 432 2300 2355
f 2355 433 432
f 433 2356 2353
f 2355 2356 433
f 435 434 2387
f 434 433 2353
f 436 435 2380
f 2353 2356 2354 2297
f 434 2353 2387
f 436 2380 2388
f 436 2388 2378
f 2380 435 2387
f 2378 437 436
f 2191 417 416
f 415 2174 416
f 2189 419 418
f 412 2168 413
f 2176 415 414
f 414 413 2176
f 411 2025 412
f 419 2198 420
f 421 2193 422
f 423 2199 424
f 424 2207 425
f 423 422 2201
f 421 420 2196
f 2352 432 2299
f 2300 432 2295
f 2352 2295 432
f 2299 431 2370
f 2427 456 455
f 456 2451 457
f 458 457 2452
f 449 2417 450
f 453 2423 454
f 453 452 2418
f 450 2414 451
f 455 454 2429
f 465 464 2493
f 465 2485 466
f 2480 465 2493
f 2498 464 463
f 2491 461 460
f 463 462 2489
f 461 2492 462
f 2478 460 459
f 2474 459 458
f 2486 467 466
f 2390 2389 437
f 438 437 2389
f 2391 438 2389
f 438 2293 2361
f 438 2391 2358
f 438 2358 2293
f 2391 2389 2296
f 439 438 2361
f 2378 2390 437
f 443 2394 444
f 446 2397 447
f 445 2397 446
f 444 2392 445
f 440 439 2362
f 441 2240 442
f 440 2264 441
f 440 2271 2261
f 443 442 2243
f 2416 449 448
f 452 451 2420
f 400 399 2060
f 402 401 2143
f 401 400 2147
f 397 2031 398
f 2141 2151 2140
f 2047 399 398
f 2140 2151 402
f 402 2143 2140
f 2151 403 402
f 2149 405 404
f 407 406 2158
f 2153 406 2165
f 2165 406 405
f 2149 403 2152
f 2151 2152 403
f 404 403 2149
f 2167 405 2149
f 2167 2165 405
f 408 407 2156
f 2148 401 2147
f 2073 2145 401
f 401 2148 2073
f 2145 2143 401
f 2057 2060 2056
f 399 2056 2060
f 2147 2060 2061
f 2056 399 2047
f 2074 2143 2145
f 400 2060 2147
f 2087 2140 2144
f 2165 2155 2153
f 2158 2153 2085
f 2144 2140 2143
f 2089 2078 2156
f 408 2156 2078
f 2158 406 2153
f 2158 2156 407
f 2078 2076 408
f 2030 397 396
f 2079 408 2076
f 2082 409 408
f 2082 408 2079
f 2082 2065 409
f 2076 2068 2081
f 418 417 2192
f 410 409 2022
f 430 2279 2280
f 2079 2076 2081
f 429 2283 2279
f 2277 431 2276
f 2277 2370 431
f 439 2361 2359
f 2277 2298 2370
f 430 2280 2276
f 439 2359 2287
f 2364 439 2287
f 439 2364 2362
f 2280 2269 2276
f 2084 2079 2062
f 2084 2082 2079
f 2362 2292 2290
f 411 410 2027
f 2259 2279 2283
f 429 2282 2283
f 2286 2282 428
f 2273 2271 2290
f 2478 2491 460
f 2489 462 2492
f 2498 463 2489
f 2491 2492 461
f 2271 440 2290
f 2496 2495 2493
f 2479 2491 2478
f 2478 459 2471
f 2493 464 2496
f 2290 440 2362
f 447 2416 448
f 2498 2496 464
f 2456 468 467
f 1609 321 1611
f 1583 1611 1606
f 1622 1640 1621
f 1687 1682 1642
f 1685 333 1687
f 323 1617 1621
f 1617 322 1592
f 1714 1723 1713
f 1725 1731 1727
f 343 1753 1749
f 342 1728 1752
f 1777 350 1779
f 355 1826 1833
f 1792 1790 352
f 1754 1779 1774
f 1749 1750 1769
f 1713 337 1717
f 1720 1716 336
f 1609 1589 1587
f 1621 1617 1618
f 1587 322 1609
f 1587 1592 322
f 1685 1623 1690
f 335 1626 1719
f 1688 333 1690
f 1717 337 1716
f 1690 333 1685
f 342 1725 1730
f 1728 342 1730
f 1752 1728 1704 1702
f 1730 1725 1698
f 1749 1753 1739
f 1777 1759 1757
f 1777 1757 351
f 354 1793 1826
f 1752 1753 343
f 1700 1713 1717
f 1826 1827 1833
f 1850 1848 362
f 366 1889 1890
f 368 1887 1902
f 1887 367 1890
f 1850 1845 1821
f 1928 1948 372
f 1900 1891 368
f 1900 368 1902
f 1840 1833 1834
f 1945 1949 1941
f 1950 1939 1955
f 377 1955 1953
f 1956 377 1958
f 398 2046 2047
f 2082 2067 2065
f 2044 2056 2047
f 398 2031 2046
f 1949 372 1948
f 1851 362 1853
f 1869 363 1851
f 1886 1889 1885
f 364 1870 1885
f 1848 1853 362
f 1848 1817 1853
f 1891 1900 1893
f 1928 371 1921
f 1948 1928 1929
f 1953 1936 1958
f 377 1953 1958
f 396 2034 2030
f 2031 397 2030
f 2065 2053 2051
f 2028 2046 2031
f 1974 387 1977
f 1896 1894 369
f 2065 2051 409
f 1885 1889 365
f 1592 1587 1576
f 1592 1590 1617
f 1719 1626 1593 1631
f 1626 334 1688
f 1696 1716 1720
f 335 1719 1720
f 1628 1626 1688
f 1870 363 1869
f 1891 1880 1896
f 1867 1885 1870
f 370 1897 1924
f 1928 1921 1922
f 1921 371 1925
f 1896 369 1891
f 1811 1856 1869 1851
f 1741 1757 1743
f 351 1741 1792
f 1757 1741 351
f 1795 1793 354
f 1810 1826 1793
f 353 1790 1795
f 1894 1871 1899
f 369 1894 1899
f 1924 1897 1876 1874
f 1921 1925 1908
f 1924 1925 371
f 369 1899 1897
f 378 1956 1961
f 1959 1935 1933
f 1933 379 1959
f 1959 378 1961
f 1992 388 1974
f 1990 389 1992
f 1976 385 1965
f 1976 1977 386
f 381 1964 1962
f 2034 396 2033
f 2051 2043 2041
f 2020 2030 2034
f 2037 396 2036
f 2041 2024 2022
f 2016 2033 2037
f 2041 2022 409
f 395 1996 2036
f 2033 396 2037
f 392 1995 1993
f 1933 1912 1910
f 1964 380 1910
f 1910 379 1933
f 1965 384 1967
f 1990 1980 1978
f 1973 1976 1965
f 1962 1967 382
f 1995 391 1978
f 1996 394 1998
f 2036 1996 2004
f 1993 1998 393
f 2022 2005 2027
f 2025 411 2027
f 409 2051 2041
f 2027 410 2022
f 1978 390 1990
f 412 2025 2170
f 1961 1956 1930
f 412 2170 2168
f 2255 426 2219
f 2256 427 2255
f 2229 2252 2256
f 2252 427 2256
f 420 2198 2196
f 2174 2191 416
f 419 2189 2198
f 2189 418 2192
f 2253 2285 2252
f 2191 2192 417
f 2271 2263 2261
f 2249 2282 2286
f 2261 2231 2266
f 2237 2235 2264
f 2235 441 2264
f 2266 440 2261
f 440 2266 2264
f 2286 428 2285
f 2176 2174 415
f 2191 2174 2179
f 2196 2195 2193
f 2201 422 2193
f 424 2199 2207
f 2193 421 2196
f 423 2201 2199
f 2255 2219 2220
f 2235 2224 2240
f 441 2235 2240
f 2219 2205 2210
f 2238 2221 2243
f 442 2238 2243
f 2243 2241 443
f 425 2207 2205
f 2205 2219 426
f 442 2240 2238
f 413 2168 2176
f 2474 458 2448
f 449 2416 2417
f 459 2474 2475
f 447 2412 2416
f 2412 2413 2416
f 2418 452 2420
f 2474 2448 2449
f 2452 2448 458
f 2417 2414 450
f 2467 2471 2475
f 2412 447 2397
f 2493 2482 2480
f 2485 2480 2465
f 465 2480 2485
f 2483 2453 2488
f 466 2483 2488
f 2488 2486 466
f 2485 2483 466
f 2472 2478 2471
f 451 2414 2420
f 2420 2414 2410
f 2394 2392 444
f 2395 2412 2397
f 445 2392 2397
f 2407 2423 2418
f 2452 457 2451
f 2486 2458 2456
f 2444 2448 2452
f 2423 453 2418
f 2427 455 2429
f 2451 2427 2432
f 2421 2429 454
f 2423 2421 454
f 2427 2451 456
f 2486 2456 467
f 2394 443 2241
f 459 2475 2471
f 7386 3983 3982
f 3981 7385 7386
f 3983 7386 7383
f 7360 7388 7387
f 3983 7383 7388
f 3984 7388 7360
f 7373 7388 7383
f 7389 7360 7357
f 7388 3984 3983
f 7345 7356 3976
f 7372 7354 3978
f 3978 7354 3979
f 7359 3979 7354
f 3977 7356 7372
f 3982 3981 7386
f 3981 7359 7385
f 7359 3981 3980
f 7359 3980 3979
f 3975 7347 7345
f 3985 7389 7348
f 7406 7412 7348
f 7421 3991 7423
f 7414 7423 7390
f 7425 3991 7421
f 3991 3990 7423
f 7425 7421 7407
f 7413 7411 3987
f 3986 7412 7413
f 7348 7412 3986
f 3985 7348 3986
f 3987 3986 7413
f 7423 3990 7390
f 3989 7390 3990
f 7390 3989 3988
f 7411 7390 3988
f 7411 3988 3987
f 7389 3985 7360
f 3985 3984 7360
f 2456 2439 2461
f 7316 7325 7301
f 3967 7332 7329
f 7329 7324 3968
f 7284 7310 3963
f 3964 7299 7307
f 7310 7299 3963
f 3963 7299 3964
f 7309 7310 7284
f 3967 3966 7332
f 3966 7300 7332
f 7300 3966 3965
f 7300 3965 3964
f 3964 7307 7300
f 7229 7312 7239 7100
f 3968 3967 7329
f 3975 7340 7347
f 3973 7280 7340
f 3973 3972 7336
f 7339 7336 3971
f 7280 3973 7336
f 3974 3973 7340
f 3977 7372 3978
f 3975 7345 3976
f 7340 3975 3974
f 3977 3976 7356
f 7314 3968 7316
f 7279 7316 3968
f 7324 7279 3968
f 3969 3968 7314
f 7279 7325 7316
f 3969 7314 7285
f 3971 7336 3972
f 3970 3969 7318
f 7285 7318 3969
f 7339 3971 3970
f 7318 7339 3970
f 2456 2461 468
f 2285 428 2252
f 468 2461 2504
f 1602 1585 1598
f 9619 9603 123
f 9532 123 9603
f 9533 9532 9603
f 97 9523 9532
f 9532 124 123
f 122 9619 123
f 9603 9619 9604
f 9620 9619 122
f 9577 9591 9530
f 9583 9573 8039
f 9591 8044 9593
f 9550 9570 9552
f 9567 9547 9572
f 9570 9550 8038
f 9577 9576 8048
f 8036 9567 9572
f 9601 9599 9605
f 9596 9598 8050
f 8044 9575 9593
f 8046 9591 9577
f 9537 9590 8042
f 9574 9537 8041
f 9590 9575 8043
f 9576 9596 8049
f 9550 9583 8039
f 9556 9570 8037
f 8035 9555 9527
f 8034 9566 9555
f 8036 9527 9567
f 9556 8036 9572
f 9556 8037 8036
f 9555 8035 8034
f 9566 8034 8033
f 8035 9527 8036
f 8033 9535 9566
f 8040 9573 9574
f 8038 8037 9570
f 9563 9546 9557
f 9563 9557 8030
f 8031 9554 9535
f 8031 9534 9545
f 9534 8030 9557
f 9563 8030 9553
f 8031 9545 9554
f 9514 9565 8028
f 9469 9456 9513 9503
f 9516 9514 8027
f 8029 9561 9509
f 9561 8029 9565
f 9513 8022 9503
f 8029 9509 8030
f 9538 9561 9565
f 8030 9509 9553
f 9512 9511 8026
f 8022 9470 9503
f 9513 9468 8022
f 9468 9512 8024
f 8032 8031 9535
f 9494 8020 9464
f 8030 9534 8031
f 9464 9496 9493
f 8021 9494 9470
f 9511 9516 8027
f 9492 9466 8013
f 9474 9467 9495
f 9463 9453 8010
f 9462 9455 8007
f 9433 9462 8005
f 9455 9463 8009
f 9453 9492 8012
f 9435 9433 8003
f 8033 8032 9535
f 9607 9605 8055
f 9598 8051 8050
f 8049 9596 8050
f 8054 9597 9607
f 9597 8054 8053
f 9598 9597 8052
f 8051 9598 8052
f 8052 9597 8053
f 8054 9607 8055
f 9590 8043 8042
f 9574 8041 8040
f 9573 8040 8039
f 8041 9537 8042
f 9576 8049 8048
f 8046 9577 8047
f 8045 9591 8046
f 8048 8047 9577
f 9575 8044 8043
f 8045 8044 9591
f 122 9616 9615
f 8062 9613 9618
f 8063 9618 9616
f 9616 122 8064
f 9618 8063 8062
f 9613 8062 8061
f 8063 9616 8064
f 8061 8060 9613
f 9620 122 9615
f 8059 9608 9614
f 9599 9531 8056
f 8058 9609 9608
f 8059 9614 8060
f 8058 8057 9609
f 9608 8059 8058
f 8056 9531 8057
f 9531 9609 8057
f 9613 8060 9614
f 9605 8056 8055
f 8056 9605 9599
f 8027 9514 8028
f 8029 8028 9565
f 8025 9512 8026
f 8023 9468 8024
f 8022 9468 8023
f 8025 8024 9512
f 8027 8026 9511
f 8020 9494 8021
f 8020 8019 9464
f 9464 8019 9496
f 9498 9496 8018
f 8021 9470 8022
f 9495 9498 8018
f 8018 9496 8019
f 8017 8016 9495
f 9495 8018 8017
f 8014 9474 9495
f 9495 8016 8015
f 9474 8014 9475
f 8014 9495 8015
f 9475 8013 9466
f 8014 8013 9475
f 8012 8011 9453
f 8008 9455 8009
f 8007 9455 8008
f 8010 8009 9463
f 9492 8013 8012
f 8005 9462 8006
f 8005 8004 9433
f 8010 9453 8011
f 9435 8003 9441
f 9443 9441 8001
f 8006 9462 8007
f 9430 9443 8000
f 8003 9433 8004
f 9441 8002 8001
f 9443 8001 8000
f 8002 9441 8003
f 8000 9438 9430
f 8038 9550 8039
f 9446 9440 9438
f 7998 9448 9446
f 7999 9446 9438
f 7998 9446 7999
f 7997 7996 9436
f 9436 7996 9444
f 7998 7997 9436
f 7998 9436 9448
f 8000 7999 9438
f 7995 9444 7996
f 9452 9428 7994
f 9429 9452 7994
f 9428 9444 7995
f 9397 9396 7993
f 9359 9395 9412
f 9405 9397 9420
f 9396 9429 7993
f 9391 9359 7986
f 7994 9428 7995
f 7993 9406 9397
f 9429 7994 7993
f 9420 9397 9406
f 7993 7992 9406
f 9411 9406 7992
f 7990 9411 7991
f 7992 7991 9411
f 9418 9411 7990
f 7988 9404 9418
f 7987 9414 9427
f 7987 9412 9414
f 7988 9427 9404
f 9418 7989 7988
f 9412 7987 7986
f 9359 9412 7986
f 7987 9427 7988
f 7986 7985 9391
f 7990 7989 9418
f 7985 7984 9391
f 9356 7984 7983
f 7982 9356 7983
f 9356 9391 7984
f 9358 9356 7982
f 7981 9364 7982
f 9358 7982 9364
f 9366 7981 9369
f 9364 7981 9366
f 9368 9366 9369
f 9352 9339 9342
f 7974 9352 9360
f 9352 9355 9360
f 9371 9361 9374
f 9370 9363 9367
f 7975 9360 9363
f 9296 9339 9352
f 7980 9374 9369
f 7980 9369 7981
f 7979 9374 7980
f 9371 9374 7979
f 9373 9371 7978
f 9370 9373 7976
f 9371 7979 7978
f 9373 7977 7976
f 9370 7976 7975
f 7977 9373 7978
f 9370 7975 9363
f 7973 9336 9296
f 9296 9352 7974
f 9303 9298 7970
f 7972 9336 7973
f 7973 9296 7974
f 7972 9298 9336
f 9255 9253 9289 9282
f 7969 9327 9325
f 9303 7970 9325
f 7974 9360 7975
f 7971 9298 7972
f 7971 7970 9298
f 9322 9306 9327
f 7969 9322 9327
f 7970 7969 9325
f 9318 9304 9293
f 9293 9322 7969
f 7968 9293 7969
f 9318 9293 7968
f 9317 9334 9302
f 9295 9334 7964
f 9335 9295 7963
f 7964 9334 9317
f 7966 9317 9320
f 9292 9290 7962
f 9289 9292 7960
f 9290 9335 7962
f 9282 9289 7958
f 7967 9320 9318
f 7967 9318 7968
f 7965 9317 7966
f 7967 7966 9320
f 7963 9295 7964
f 7961 9292 7962
f 7960 9292 7961
f 7963 7962 9335
f 7965 7964 9317
f 7958 9289 7959
f 9252 7957 7956
f 9282 7958 7957
f 9279 9252 7956
f 7959 9289 7960
f 7955 9279 7956
f 9276 9249 9281
f 7955 9276 9281
f 7955 9281 9279
f 7954 9276 7955
f 9282 7957 9252
f 7953 9269 9278
f 7952 9271 9269
f 7953 9278 7954
f 7952 7951 9271
f 9269 7953 7952
f 7950 9268 7951
f 9268 9271 7951
f 9268 9275 9248
f 9276 7954 9278
f 9268 7950 9273
f 9127 9218 9237
f 7949 9273 7950
f 9223 7949 9225
f 7949 9223 9273
f 9235 9225 9236
f 9237 9239 9244
f 9237 9182 9127
f 9275 9268 9273
f 7949 7948 9225
f 7948 9236 9225
f 7945 9234 9243
f 7947 9243 9236
f 7947 9236 7948
f 7946 7945 9243
f 9243 7947 7946
f 9246 9234 7944
f 9234 7945 7944
f 7943 9244 7944
f 9246 7944 9244
f 9182 7943 7942
f 9237 9244 7943
f 9182 9237 7943
f 9184 9182 7942
f 7941 9184 7942
f 9179 9205 7940
f 9205 9184 7941
f 7940 9205 7941
f 7940 9201 9179
f 7939 9201 7940
f 9203 9201 7939
f 7939 9192 9203
f 9192 7939 9198
f 7938 9198 7939
f 7937 7936 9207
f 7938 7937 9207
f 7938 9207 9200
f 7938 9200 9198
f 9209 7936 7935
f 9209 9207 7936
f 9206 9213 9197
f 9211 9213 9206
f 9206 9209 7935
f 7934 9206 7935
f 7933 9159 9211
f 9211 9206 7934
f 7933 9215 9159
f 7933 9211 7934
f 9215 7933 9176
f 8966 9176 7933
f 7932 8966 7933
f 9174 8966 9175
f 7931 9175 7932
f 8966 7932 9175
f 7930 9177 7931
f 9175 7931 9177
f 9161 9177 7930
f 9160 9122 9113
f 9123 9160 7927
f 9171 9160 9163
f 7928 9161 7929
f 7928 7927 9171
f 9160 9171 7927
f 9173 7928 9171
f 7928 9173 9161
f 9123 9122 9160
f 7930 7929 9161
f 7926 9141 7927
f 9141 9155 9110
f 9155 9141 7926
f 7925 9155 7926
f 7924 9140 7925
f 9140 9155 7925
f 9140 9157 9155
f 9154 9140 7924
f 9123 7927 9141
f 9136 9109 9131
f 9137 9119 9130
f 9121 7922 9139
f 9121 7924 7923
f 9133 9137 7920
f 9131 9133 7920
f 9119 9137 9133
f 9137 9139 7921
f 9131 9108 9136
f 9154 7924 9121
f 7922 9121 7923
f 7921 7920 9137
f 9139 7922 7921
f 7920 9108 9131
f 7919 9108 7920
f 7917 9047 7918
f 7919 7918 9047
f 9106 9047 7917
f 7919 9047 9108
f 7917 7916 9106
f 9049 9106 7916
f 9088 9053 9049
f 9049 7916 7915
f 9049 7915 9088
f 7914 9055 9054
f 9079 9040 9038
f 9035 9024 9040
f 9088 7915 9054
f 7914 9054 7915
f 9082 9087 9085
f 9085 9055 7914
f 9082 9085 7914
f 9087 9082 9057
f 7913 9073 9084
f 7912 9073 7913
f 9082 7913 9084
f 7914 7913 9082
f 9075 7912 7911
f 9073 7912 9075
f 9072 9078 9056
f 9078 9072 7909
f 9075 7911 7910
f 9078 7909 9051
f 9075 7910 9072
f 7907 9079 9081
f 9079 7907 9040
f 7908 9081 9051
f 9040 8903 9035
f 8903 9040 7907
f 7907 9081 7908
f 7909 7908 9051
f 7907 9041 8903
f 7905 9043 7906
f 9041 7906 9043
f 9031 9043 7905
f 7907 7906 9041
f 7909 9072 7910
f 7904 9033 9031
f 9028 9015 9030
f 7903 9033 7904
f 7902 9029 9030
f 9028 9030 9029
f 7901 9029 7902
f 7903 7902 9030
f 7903 9030 9033
f 7905 7904 9031
f 8984 9027 7901
f 8963 9027 8984
f 8984 8993 8905
f 8993 8984 8960
f 7900 8960 7901
f 8960 8984 7901
f 7900 9014 8960
f 9013 8960 9014
f 9010 9014 7900
f 9029 7901 9027
f 8980 8901 8869
f 8902 8901 8980
f 8982 8959 8977
f 9014 9010 8989
f 8988 9000 9006
f 7899 9012 9010
f 8980 8982 7893
f 7899 9010 7900
f 9001 7899 7898
f 9012 7899 9001
f 9003 9001 7897
f 9000 9003 7896
f 7897 9001 7898
f 7896 7895 9000
f 9003 7897 7896
f 7894 8979 7895
f 7895 9006 9000
f 9006 7895 8979
f 8979 7894 8977
f 8982 8977 7894
f 7891 8910 8902
f 7892 8902 8980
f 8955 8885 8910
f 7894 7893 8982
f 7893 7892 8980
f 7891 8898 8910
f 8902 7892 7891
f 7890 8898 7891
f 8955 8910 8898
f 8952 8909 7890
f 8898 7890 8909
f 8949 8954 8952
f 7889 8952 7890
f 8954 8949 8912
f 7888 8940 7889
f 8951 7889 8940
f 8949 7889 8951
f 8952 7889 8949
f 7887 8942 8940
f 7886 8942 7887
f 8942 7886 8939
f 8906 8945 7885
f 8945 8908 7885
f 7884 8948 8906
f 8939 7886 8908
f 8946 8882 8897
f 7888 7887 8940
f 7885 8908 7886
f 8706 8946 7884
f 8906 7885 7884
f 8948 7884 8946
f 7884 7883 8706
f 8894 8706 7883
f 7882 8878 8894
f 8880 8878 7882
f 7883 7882 8894
f 8706 8882 8946
f 8879 8861 8880
f 7878 8890 8879
f 7879 8879 8880
f 7880 8880 7881
f 7879 7878 8879
f 8880 7880 7879
f 8858 8888 7878
f 8888 8890 7878
f 8888 8838 8865
f 7882 7881 8880
f 8888 8858 8838
f 7876 8862 8860
f 7877 8860 8858
f 7876 8860 7877
f 7875 8864 8863
f 8863 8862 7876
f 7874 8864 7875
f 7876 7875 8863
f 7878 7877 8858
f 7872 8857 8855
f 8854 8846 8849
f 8835 8846 8854
f 7872 8854 8857
f 7873 8855 7874
f 7873 7872 8855
f 8854 7872 8835
f 7871 8841 8835
f 7871 8835 7872
f 8864 7874 8855
f 7870 8841 7871
f 8837 8841 7870
f 8839 8837 7868
f 7869 8837 7870
f 7867 8840 7868
f 8837 7869 7868
f 8820 8840 7867
f 8839 7868 8840
f 7867 8831 8820
f 8820 8831 8822
f 7864 8829 8819
f 7866 8833 8831
f 7866 8831 7867
f 7862 8834 8692
f 8648 8670 8688 8665
f 7861 8704 8834
f 7863 8692 8829
f 8833 7866 8819
f 7865 8819 7866
f 7863 8829 7864
f 7865 7864 8819
f 7861 8834 7862
f 8744 8743 8724
f 8692 7863 7862
f 7861 8744 8724
f 8724 8704 7861
f 7860 8744 7861
f 8744 7860 8756
f 8720 8756 7860
f 8785 8755 8740
f 7860 8740 8720
f 8740 7860 7859
f 8755 8785 8742
f 8793 8758 8787
f 7859 8787 8785
f 8785 8740 7859
f 8787 7859 8793
f 8797 8747 7859
f 8793 7859 8747
f 8808 8799 8797
f 8808 8797 7859
f 8816 8810 8808
f 7858 8818 8816
f 8807 8818 7858
f 8808 7858 8816
f 7859 7858 8808
f 7857 8815 8807
f 8754 7857 7856
f 8815 7857 8754
f 8805 8754 7855
f 7858 7857 8807
f 7855 8754 7856
f 7853 8806 7854
f 7855 7854 8806
f 8804 8806 7853
f 7855 8806 8805
f 8804 8784 8796
f 7851 8752 8777
f 7852 8777 8784
f 7853 7852 8804
f 7852 8784 8804
f 7851 7850 8752
f 8777 7852 7851
f 8778 8780 7850
f 8780 8752 7850
f 8778 8782 8745
f 8728 8731 8749
f 7850 7849 8783
f 8783 8782 8778
f 7849 8781 8783
f 7848 8749 8781
f 7848 8781 7849
f 8781 8749 8751
f 8778 7850 8783
f 8749 8703 8728
f 7847 8733 8703
f 7847 8737 8702
f 7846 8689 8737
f 7847 8702 8733
f 7847 8703 7848
f 7846 7845 8689
f 8737 7847 7846
f 7844 8691 7845
f 8691 8689 7845
f 8749 7848 8703
f 8688 7844 7843
f 8691 7844 8688
f 8661 8655 8505
f 7842 8665 8688
f 8665 7842 8505
f 7842 8688 7843
f 7841 7840 8505
f 8505 7842 7841
f 8657 8661 7840
f 8661 8505 7840
f 8661 8685 8663
f 7839 8659 8657
f 8661 8657 8685
f 7838 8681 7839
f 8659 7839 8681
f 7837 8683 7838
f 8681 7838 8683
f 7836 8683 7837
f 7840 7839 8657
f 8647 8654 8671
f 8647 8671 7834
f 8647 7833 8529
f 7835 8658 7836
f 8680 7836 8658
f 8673 7835 7834
f 8658 7835 8673
f 8673 7834 8671
f 8531 8529 8554
f 8683 7836 8680
f 7833 8647 7834
f 7831 8554 7832
f 8529 7833 7832
f 8529 7832 8554
f 7830 8513 7831
f 8554 7831 8513
f 7830 8553 8551
f 8513 7830 8551
f 8513 8551 8528
f 7830 8581 8553
f 8578 8548 8583
f 7829 8583 8581
f 8578 8583 7829
f 8589 8580 7829
f 8578 7829 8580
f 8580 8589 8561
f 7829 8545 8589
f 8596 8545 7829
f 7830 7829 8581
f 7614 7601 4061
f 7639 7599 4066
f 4063 7601 7639
f 4070 7599 7645
f 7599 4070 4069
f 7590 7645 7599
f 4070 7645 4071
f 4060 7614 4061
f 4063 7639 4064
f 4062 4061 7601
f 7601 4063 4062
f 4064 7639 4065
f 4068 7599 4069
f 4066 7599 4067
f 4065 7639 4066
f 4068 4067 7599
f 7585 7614 4059
f 8614 8598 8596
f 8595 8616 8614
f 7828 8613 8595
f 8633 8559 8613
f 8596 8595 8614
f 8575 8527 8571
f 7828 8596 7829
f 7590 7640 7645
f 4071 7645 4072
f 8500 8542 8501
f 8512 8532 8574
f 8510 8541 7817
f 8544 8510 7816
f 8541 8512 7817
f 7816 8542 8544
f 8471 8542 8500
f 7668 4072 7645
f 8595 8596 7828
f 7827 8633 7828
f 8630 8618 8635
f 8613 7828 8633
f 7827 8635 8633
f 8594 8630 7827
f 8635 7827 8630
f 7825 8644 8642
f 7826 8594 7827
f 8642 8594 7826
f 8604 8608 8570
f 8610 8557 8607
f 8609 8608 8604
f 8571 8573 7819
f 8610 7819 8573
f 8640 8592 8636
f 8604 8606 8639
f 7825 8642 7826
f 7825 7824 8644
f 8644 7824 8626
f 8628 8626 7823
f 7823 8626 7824
f 8638 8611 7822
f 8628 7823 7822
f 7822 8611 8628
f 7821 8638 7822
f 8638 7821 8636
f 8641 8636 7821
f 7820 8639 7821
f 8640 8636 8641
f 8604 8639 8609
f 8641 7821 8639
f 8609 8639 7820
f 7819 8607 7820
f 8609 7820 8607
f 7819 7818 8571
f 8610 8607 7819
f 7817 8576 7818
f 8571 7818 8576
f 8571 8576 8575
f 8576 7817 8574
f 7817 8512 8574
f 7816 7815 8542
f 7816 8510 7817
f 7814 8501 8542
f 7815 7814 8542
f 7812 8489 7813
f 8501 7814 7813
f 8491 8489 7812
f 8501 7813 8489
f 8486 8475 8491
f 7646 7668 7645
f 7669 4073 7668
f 8491 7810 8486
f 7811 7810 8491
f 4073 7669 4074
f 4074 7669 7664
f 8179 8486 7810
f 7812 7811 8491
f 7809 8497 7810
f 8497 8179 7810
f 7809 8482 8499
f 7809 8499 8497
f 8494 7809 7808
f 8494 8482 7809
f 8481 8484 8493
f 8496 8494 7808
f 8496 7807 8493
f 4076 4075 7664
f 4074 7664 4075
f 7664 7666 4076
f 8478 8459 8427
f 4078 4077 7670
f 7666 7670 4077
f 4079 4078 7670
f 4077 4076 7666
f 8481 8493 8469
f 4073 4072 7668
f 7481 7469 7505
f 4011 7470 7482
f 7482 7481 7505
f 7496 4015 7506
f 7505 7506 4014
f 7513 7496 7493
f 4015 4014 7506
f 4015 7496 7513
f 7482 7505 4013
f 4008 7480 4009
f 4010 4009 7480
f 7480 4008 7479
f 7477 4010 7480
f 4013 7505 4014
f 4012 4011 7482
f 7482 4013 4012
f 4010 7477 4011
f 4011 7477 7470
f 7537 7521 7534
f 7537 7534 7507
f 4022 7534 7535
f 7531 4023 7535
f 4022 7535 4023
f 4024 4023 7531
f 7507 7534 4022
f 7514 4019 7513
f 4018 7513 4019
f 7513 4018 4017
f 7513 4017 4016
f 7513 7493 7495
f 4022 4021 7507
f 4021 7437 7507
f 7511 4020 7514
f 4019 7514 4020
f 4021 4020 7511
f 7511 7437 4021
f 7513 4016 4015
f 7441 7445 7432
f 7442 3996 7441
f 7445 7441 3996
f 3996 3995 7445
f 7442 7433 7450
f 3998 3997 7442
f 3996 7442 3997
f 7450 3998 7442
f 3999 3998 7450
f 3992 7425 7391
f 7424 7391 7425
f 3991 7425 3992
f 3993 7391 7358
f 3992 7391 3993
f 3994 7426 6989
f 6989 3995 3994
f 7426 3994 3993
f 3993 7358 7426
f 7445 3995 6989
f 4005 7447 7435
f 4005 4004 7447
f 7452 7447 4003
f 7447 7452 7427
f 7492 4005 7435
f 7468 4005 7492
f 4007 7479 4008
f 7468 4007 4006
f 7468 4006 4005
f 7468 7479 4007
f 7451 4001 4000
f 7450 7451 4000
f 4000 3999 7450
f 4001 7451 7448
f 4004 4003 7447
f 4003 7430 7452
f 4003 4002 7430
f 4002 7446 7430
f 4001 7448 4002
f 4002 7448 7446
f 7607 7582 7595
f 4049 4048 7608
f 7607 7608 4048
f 4048 4047 7607
f 7610 7603 7605
f 7610 4050 7603
f 4049 7603 4050
f 7611 4050 7610
f 4049 7608 7603
f 7569 7565 7563
f 4044 4043 7581
f 7581 4043 7563
f 7569 7563 4041
f 4045 4044 7581
f 7438 7582 7607
f 4046 7555 7438
f 7438 4047 4046
f 7555 4046 4045
f 4045 7581 7555
f 7607 4047 7438
f 7636 7598 7613
f 7636 7613 4056
f 4056 7613 4057
f 4058 7596 7585
f 4060 4059 7614
f 4058 7585 4059
f 7596 4058 4057
f 4057 7613 7596
f 7612 7638 7636
f 4053 7611 7604
f 7611 4053 4052
f 7611 4052 4051
f 4051 4050 7611
f 4054 4053 7604
f 4056 7612 7636
f 7612 4055 7635
f 4055 7604 7635
f 4056 4055 7612
f 4055 4054 7604
f 7524 7538 4028
f 4028 7532 7524
f 7540 7497 7539 7553
f 4033 4032 7540
f 7540 4032 4031
f 7540 4030 7538
f 7540 7538 7543
f 4033 7540 7553
f 7519 7508 7532
f 7519 4027 7530
f 4026 7530 4027
f 7530 4026 4025
f 7531 7530 4025
f 4025 4024 7531
f 4031 4030 7540
f 7538 4029 4028
f 4029 7538 4030
f 4027 7519 4028
f 4028 7519 7532
f 7554 7575 7576
f 4034 7576 7567
f 7568 7566 7562
f 4043 4042 7563
f 4041 4040 7569
f 7563 4042 4041
f 7562 4040 4039
f 4040 7562 7569
f 7567 4036 4035
f 4035 4034 7567
f 7554 7576 4034
f 4033 7553 7554
f 4033 7554 4034
f 7567 4037 4036
f 4038 7573 7568
f 7568 4039 4038
f 7573 4038 4037
f 7573 4037 7567
f 7562 4039 7568
f 7807 8496 7808
f 7804 8492 8469
f 8493 7805 8469
f 7807 7806 8493
f 7806 7805 8493
f 8478 8480 7804
f 8469 7805 7804
f 7803 8478 7804
f 8492 7804 8480
f 7802 8460 7803
f 7803 8459 8478
f 7799 8467 7800
f 7803 8460 8459
f 8458 8456 7799
f 7800 8467 8460
f 7801 8460 7802
f 8456 8467 7799
f 8460 7801 7800
f 8458 7798 8453
f 8415 8458 8453
f 7798 8458 7799
f 7798 7797 8453
f 8455 8453 8426
f 7797 8426 8453
f 7797 8423 8426
f 8452 8426 8423
f 7796 8451 8423
f 8452 8423 8411
f 7796 8423 7797
f 7796 8440 8425
f 8439 8442 7792
f 7794 8442 8450
f 7795 8450 8440
f 7795 8440 7796
f 7794 7793 8442
f 8450 7795 7794
f 7792 8442 7793
f 8451 7796 8425
f 8446 8439 7791
f 8422 8439 8446
f 8444 8446 7791
f 7791 7790 8444
f 8412 8444 7790
f 8449 7790 7789
f 8412 7790 8449
f 8447 8449 7789
f 8447 8375 8403
f 7792 7791 8439
f 7788 8447 7789
f 8401 8375 7787
f 7787 8375 7788
f 7788 8375 8447
f 8402 8401 7786
f 7786 8401 7787
f 7783 8399 8397
f 8402 7786 7785
f 7782 8378 8399
f 8397 8402 7785
f 7784 8397 7785
f 7784 7783 8397
f 8386 8380 8378
f 7782 8386 8378
f 7783 7782 8399
f 7781 8396 8394
f 7782 7781 8394
f 7782 8394 8369
f 7782 8369 8386
f 8393 8258 8381
f 8332 8359 8391
f 8340 8332 8362
f 7780 8396 7781
f 7777 8381 8384
f 8384 8382 7778
f 8382 8396 7780
f 8176 8257 8348
f 7779 8382 7780
f 7778 7777 8384
f 8382 7779 7778
f 7777 8393 8381
f 7777 7776 8393
f 8391 8393 7776
f 7776 7775 8391
f 8341 7775 7774
f 7775 8332 8391
f 7775 8341 8362
f 8356 8339 8347
f 8358 7774 7773
f 8356 8358 7773
f 8356 8346 8339
f 8348 8350 8353
f 7772 8356 7773
f 8346 8356 7771
f 8341 7774 8358
f 8332 7775 8362
f 7771 8356 7772
f 7771 7770 8346
f 8346 7770 8355
f 8353 8355 7769
f 7769 8355 7770
f 8353 7769 7768
f 7768 7767 8348
f 7766 8212 7767
f 8348 8353 7768
f 7764 8212 7765
f 7766 7765 8212
f 8256 7764 7763
f 8212 7764 8256
f 8212 8176 8348
f 8214 8256 7763
f 8348 7767 8212
f 8223 7763 7762
f 8255 8322 7762
f 7762 8322 8223
f 8223 8214 7763
f 8324 8322 8255
f 8225 8255 8254
f 8225 8316 8253
f 8316 8225 8254
f 7761 8278 8254
f 7761 8315 8278
f 8314 8278 8315
f 8311 8315 7761
f 8255 7761 8254
f 7762 7761 8255
f 8315 8311 8280
f 7760 8313 8311
f 7760 8308 8313
f 8293 8313 8308
f 8310 8308 7759
f 7759 8308 7760
f 8310 7759 8329
f 8260 8265 8227
f 7761 7760 8311
f 7758 8329 7759
f 8331 8329 7758
f 8326 8331 7757
f 8328 8326 7756
f 7757 8331 7758
f 7757 7756 8326
f 7756 7755 8300
f 7754 8300 7755
f 8328 7756 8300
f 7754 7753 8291
f 7753 8299 8252
f 7753 8259 8299
f 7753 8252 8291
f 7753 7752 8259
f 8250 8259 7752
f 8260 8262 7752
f 8250 7752 8262
f 8260 7752 7751
f 8300 7754 8291
f 7751 8265 8260
f 8175 8218 7749
f 8211 8218 8208
f 8247 8218 8221
f 7750 8249 7751
f 8249 8265 7751
f 8247 7750 8218
f 7749 8218 7750
f 8249 7750 8247
f 8175 8208 8218
f 8182 8175 7748
f 8201 8196 8194
f 7748 8074 8182
f 8074 7748 8194
f 7747 8201 7748
f 8201 8194 7748
f 8204 8200 8198
f 7747 8203 8201
f 7749 7748 8175
f 8205 7747 7746
f 8203 7747 8205
f 8207 8205 7746
f 8204 8207 7745
f 7745 8207 7746
f 7744 7743 8204
f 8204 7745 7744
f 7742 8181 7743
f 8181 8204 7743
f 8204 8181 8200
f 8181 7742 8180
f 8149 8180 7742
f 7741 8149 7742
f 8151 8149 7741
f 8132 8151 7740
f 7740 8151 7741
f 8167 8148 8146
f 8146 8132 7740
f 7740 8167 8146
f 7739 8167 7740
f 4080 7657 7671
f 7657 7674 7663
f 7655 7647 7672
f 4085 7642 4086
f 7642 7691 4086
f 7686 7691 7642
f 4087 4086 7691
f 7672 7642 4084
f 7655 4081 7671
f 4081 4080 7671
f 4079 7665 4080
f 7674 4080 7665
f 7672 4082 7655
f 4085 4084 7642
f 4083 7672 4084
f 4082 7672 4083
f 4082 4081 7655
f 7674 7657 4080
f 8169 7739 8128
f 8169 8167 7739
f 8169 8164 8159
f 8164 8169 8128
f 7738 8173 8128
f 7735 8162 8145
f 7735 8138 8162
f 7737 8145 8173
f 7738 8128 7739
f 4088 7691 7692
f 7692 4090 4089
f 7692 4089 4088
f 4088 4087 7691
f 7689 4090 7692
f 4092 7689 7700
f 7700 4093 4092
f 7689 4092 4091
f 4091 4090 7689
f 4093 7700 7698
f 7737 8173 7738
f 8170 8138 7734
f 8130 8170 7733
f 8171 8130 7733
f 7737 7736 8145
f 8138 7735 7734
f 7735 8145 7736
f 7733 8170 7734
f 7733 8072 8171
f 7733 7732 8072
f 8172 8072 7732
f 7732 8100 8172
f 7731 8100 7732
f 7701 8100 7731
f 8109 7731 7730
f 7701 7731 8109
f 7729 8125 8123
f 7730 8111 8109
f 8111 7730 8123
f 7729 8123 7730
f 8125 7729 8120
f 8125 8120 8113
f 8070 8120 7729
f 7729 7728 8070
f 8108 8070 7728
f 7726 8118 7727
f 7727 8118 8108
f 7728 7727 8108
f 7724 8098 8126
f 7723 8098 7724
f 8116 8126 8099
f 7726 7725 8118
f 8116 8118 7725
f 7724 8126 8116
f 7725 7724 8116
f 7707 8127 7723
f 7723 8127 8098
f 8108 8118 8117
f 8077 7709 8068
f 8092 8079 8077
f 7723 8077 8068
f 7722 8077 7723
f 8077 7722 8092
f 8088 8066 8075
f 8092 7722 8067
f 7707 7723 8068
f 7698 7693 8080
f 7705 8080 7703
f 8080 7705 7698
f 4093 7698 4094
f 7698 7705 4094
f 7716 7704 8087
f 7711 7705 7706
f 4094 7705 4095
f 4095 7705 7711
f 7716 7706 7704
f 7717 8087 8066
f 7721 8067 7722
f 8090 7720 7719
f 8067 7721 7720
f 7720 8090 8067
f 8088 8090 7718
f 7718 8090 7719
f 7717 7716 8087
f 8088 7718 7717
f 7713 7710 7716
f 7710 7706 7716
f 8066 8088 7717
f 7714 7711 7712
f 4097 4096 7714
f 7711 7714 4096
f 4096 4095 7711
f 4097 7714 7715
f 4100 7715 7713
f 7715 4100 4099
f 7715 4099 4098
f 4098 4097 7715
f 7716 4100 7713
f 7710 7713 7712
f 7665 4079 7670
f 2532 476 475
f 474 2524 475
f 476 2530 477
f 471 2523 472
f 2526 474 473
f 473 472 2520
f 470 2522 471
f 2535 478 477
f 2544 480 479
f 2536 481 2542
f 2542 481 480
f 483 482 2547
f 485 484 2590
f 486 2598 487
f 486 485 2597
f 484 483 2593
f 478 2533 2544 479
f 488 487 2595
f 485 2601 2597
f 2504 470 469
f 2598 2595 487
f 486 2597 2598
f 488 2604 489
f 2600 2601 485
f 2597 2601 2587
f 2604 488 2595
f 2604 2602 489
f 2600 485 2590
f 491 490 2605
f 491 2578 492
f 2608 491 2605
f 2581 492 2576
f 2607 2602 2585
f 2602 2607 490
f 2607 2605 490
f 2613 495 494
f 2581 493 492
f 489 2602 490
f 497 496 2650
f 498 497 2647
f 2656 2654 498
f 500 499 2651
f 503 502 2685
f 502 501 2666
f 501 500 2662
f 498 2654 499
f 506 505 2687
f 2727 509 508
f 508 507 2707
f 507 506 2693
f 2734 511 510
f 514 513 2743
f 2737 512 2732
f 2732 512 511
f 2728 510 509
f 504 503 2686
f 2727 508 2731
f 2728 509 2727
f 2734 510 2725
f 2728 2725 510
f 2649 2650 496
f 498 2647 2656
f 2647 497 2650
f 2734 2732 511
f 504 2683 505
f 2764 516 515
f 2769 519 518
f 2771 518 517
f 2762 517 516
f 2764 515 2757
f 516 2764 2765
f 517 2762 2771
f 518 2771 2769
f 2762 516 2765
f 2769 2766 519
f 2738 513 512
f 514 2750 515
f 2642 496 495
f 2649 496 2642
f 2591 2600 2590
f 2610 2605 2569
f 2593 2594 484
f 2590 2594 2567
f 2573 2608 2575
f 2610 2608 2605
f 2593 483 2557
f 2643 2649 2642
f 2653 2651 2654
f 2651 499 2654
f 491 2608 2573
f 494 493 2579
f 2578 2576 492
f 2642 2632 2633
f 2644 2662 500
f 2651 2646 2644
f 495 2628 2632
f 2666 501 2662
f 495 2632 2642
f 2522 2523 471
f 2520 2526 473
f 472 2523 2520
f 2524 2532 475
f 2530 2535 477
f 2535 2533 478
f 476 2532 2530
f 474 2526 2524
f 2544 2542 480
f 2536 482 481
f 500 2651 2644
f 2666 2662 2663
f 2662 2644 2636 2634
f 2558 2593 2557
f 2578 2573 2562
f 2578 491 2573
f 483 2547 2557
f 484 2594 2590
f 503 2685 2686
f 505 2683 2689
f 2683 504 2686
f 2664 2685 2667
f 2680 2692 2687
f 2687 2692 2690
f 2687 505 2689
f 502 2666 2667
f 2690 506 2687
f 508 2730 2731
f 2732 2721 2737
f 2723 2727 2731
f 2750 2757 515
f 2769 2768 2766
f 2758 2764 2757
f 2738 512 2735
f 2735 512 2737
f 508 2707 2730
f 506 2695 2693
f 507 2698 2707
f 2708 2730 2707
f 2690 2668 2695
f 2698 507 2693
f 2707 2698 2696
f 2695 506 2690
f 2735 2740 2738
f 2757 2750 2751
f 514 2743 2750
f 513 2712 2743
f 2712 2738 2714
f 2743 2744 2750
f 513 2738 2712
f 2743 2712 2699 2717
f 2759 2766 2761
f 2740 2735 2709
f 2759 519 2766
f 502 2667 2685
f 2759 2752 519
f 2522 470 2505
f 521 520 2790
f 523 522 2804
f 522 521 2803
f 525 524 2817
f 528 527 2813
f 527 526 2805
f 526 525 2817
f 524 523 2816
f 552 2850 553
f 555 2896 556
f 554 2899 555
f 553 2898 554
f 528 2795 529
f 551 2877 2857
f 529 2795 530
f 552 551 2857
f 528 2811 2795
f 531 2820 532
f 534 2829 535
f 532 2820 533
f 536 2827 537
f 539 2833 540
f 538 2833 539
f 537 2827 538
f 535 2830 536
f 547 546 2883
f 550 549 2887
f 549 548 2889
f 548 547 2880
f 541 2868 542
f 545 544 2872
f 544 543 2866
f 543 542 2865
f 2882 546 545
f 540 2868 541
f 2879 551 550
f 530 2775 531
f 570 2988 571
f 572 571 2989
f 570 569 2988
f 566 2945 567
f 568 2991 569
f 568 567 2994
f 2952 566 565
f 573 572 2986
f 2973 574 573
f 2985 576 575
f 2977 575 574
f 2963 2937 576
f 3025 579 578
f 580 3018 581
f 579 3021 580
f 576 2937 577
f 2973 573 2986
f 3016 582 581
f 2893 561 560
f 562 2954 563
f 564 563 2955
f 557 2905 558
f 560 559 2900
f 564 2951 565
f 569 2992 2988
f 559 558 2903
f 557 556 2896
f 2991 2992 569
f 584 583 3026
f 584 3029 585
f 3031 584 3026
f 586 3032 587
f 571 2988 2989
f 3058 590 589
f 3053 589 588
f 588 587 3044
f 2989 2986 572
f 3028 583 582
f 591 590 3070
f 2995 2991 568
f 2804 522 2803
f 2791 2803 521
f 2814 526 2817
f 2816 2817 524
f 2790 2791 521
f 2816 2804 2801
f 2788 2803 2791
f 2807 2805 2814
f 2786 2790 520
f 2883 546 2882
f 2889 548 2880
f 2887 549 2889
f 2883 2880 547
f 526 2814 2805
f 2887 2886 2884
f 2872 2873 545
f 2872 544 2862
f 2884 2874 550
f 2813 2811 528
f 545 2873 2882
f 527 2805 2810
f 2810 2805 2798
f 2759 2754 2752
f 2786 2752 2747 2745
f 2787 2790 2786
f 520 2752 2786
f 2792 2813 2808
f 2813 527 2808
f 533 2818 534
f 2884 2876 2874
f 2863 2872 2862
f 527 2810 2808
f 2862 2866 2855
f 2865 2866 543
f 2865 542 2869
f 2853 2879 2874
f 2862 544 2866
f 2884 550 2887
f 2804 2816 523
f 2995 568 2994
f 2995 2971 2991
f 2988 2992 2975
f 2877 551 2879
f 2943 2958 2942
f 2958 567 2942
f 2994 2958 2959
f 567 2946 2942
f 2986 2976 2973
f 2973 2969 2979
f 574 2973 2979
f 2979 2977 574
f 2977 2966 2982
f 2985 2980 2960
f 575 2982 2980
f 583 3028 3026
f 2982 575 2977
f 3074 591 3070
f 2874 2879 550
f 2893 562 561
f 575 2980 2985
f 2949 2945 566
f 2945 2946 567
f 2983 2965 2963
f 2946 2935 2942
f 2983 2963 576
f 3018 580 3022
f 2985 2983 576
f 581 3018 3019
f 578 577 3024
f 3074 3070 3071
f 581 3019 3016
f 3016 3028 582
f 589 3053 3057
f 3058 589 3057
f 3070 3058 3055
f 3034 586 585
f 590 3058 3070
f 2958 2994 567
f 520 519 2752
f 2538 2536 2542
f 2632 2628 2629
f 2504 2505 470
f 2502 2522 2505
f 2628 495 2613
f 2811 2797 2795
f 2775 2820 531
f 535 2829 2830
f 2868 540 2833
f 542 2868 2869
f 2833 538 2827
f 2827 536 2830
f 534 2818 2829
f 2547 2536 2509 2541
f 2547 482 2536
f 2547 2548 2557
f 2579 493 2581
f 2559 2581 2576
f 2628 2613 2611
f 2795 2777 2775
f 530 2795 2775
f 2829 2818 2823
f 2827 2821 2833
f 2868 2833 2831
f 2820 2818 533
f 2579 2613 494
f 2504 2461 2459
f 2857 2850 552
f 2898 553 2850
f 2857 2877 2859
f 555 2899 2896
f 558 2905 2903
f 2952 2948 566
f 2951 564 2955
f 2905 557 2896
f 2899 554 2898
f 2945 2949 2928
f 2963 2939 2937
f 3025 3021 579
f 577 2930 3024
f 3018 3022 3011
f 3026 3009 3031
f 584 3031 3029
f 3022 580 3021
f 2949 566 2948
f 2857 2852 2850
f 2892 2898 2850
f 2893 2900 2895
f 2954 2893 2842 2840
f 560 2900 2893
f 563 2954 2955
f 2900 559 2903
f 2900 2903 2902
f 2952 565 2951
f 2937 2932 2930
f 2921 2948 2952
f 3024 2930 2925 2923
f 3021 3025 3004
f 3024 3025 578
f 2930 577 2937
f 2955 2911 2951
f 2954 562 2893
f 2848 2865 2869
f 5100 5122 4905
f 5204 5166 5167
f 5118 5120 5184
f 5127 5166 5180
f 5180 5166 5182
f 5181 5183 5119
f 3558 5231 3559
f 3559 5231 5190
f 5230 5204 5203
f 3558 5230 5231
f 5123 5118 3555
f 3564 3563 5254
f 5257 5254 3563
f 3563 5250 5257
f 3564 5254 5253
f 3565 3564 5241
f 5253 5241 3564
f 5208 3565 5241
f 3565 5208 5243
f 3559 5228 5191
f 3560 5207 5232
f 5207 3560 5191
f 5191 3560 3559
f 3559 5190 5228
f 3561 5205 5250
f 5250 3562 3561
f 5205 3561 3560
f 3560 5232 5205
f 3563 3562 5250
f 3555 5122 5123
f 5096 5093 5094
f 5096 5097 3549
f 5096 4961 5093
f 5079 5090 5102
f 3550 3549 5091
f 5091 3549 5097
f 5091 5079 5102
f 3550 5091 5102
f 4977 5057 4982
f 4983 5054 4987
f 4983 4975 4988
f 4977 4983 5057
f 5096 3549 4961
f 3548 4961 3549
f 4961 3548 4963
f 3548 4975 4963
f 4983 4977 4975
f 4975 3548 4988
f 4988 5054 4983
f 5185 5183 5181
f 3556 5185 5181
f 3555 5185 3556
f 5185 3555 5184
f 4905 5122 3555
f 5230 3558 5204
f 3557 5204 3558
f 5181 5182 3556
f 3557 3556 5182
f 5166 5204 3557
f 5182 5166 3557
f 5103 3552 5102
f 3551 5102 3552
f 3551 3550 5102
f 3552 5103 3553
f 5118 5184 3555
f 3554 4905 3555
f 3554 3553 5080
f 5103 5080 3553
f 5104 4905 3554
f 3554 5080 5104
f 5078 4905 5104
f 3013 3029 3015
f 3013 585 3029
f 3044 587 3032
f 3034 3032 586
f 3518 4851 4844
f 4855 3518 4844
f 4846 4847 4853
f 4837 3518 4855
f 4696 4674 4684
f 4853 4688 4846
f 3516 4853 4854
f 4851 3517 4854
f 3516 4854 3517
f 3518 3517 4851
f 3516 3515 4853
f 3053 3044 3042
f 585 3013 3034
f 4898 3523 3522
f 4867 4897 4898
f 3523 4898 4895
f 4889 3524 4877
f 3524 4887 4877
f 3523 4895 3524
f 3525 3524 4889
f 3524 4895 4887
f 4868 4889 4888
f 4859 3518 4837
f 4857 3519 4884
f 4859 4884 3519
f 3520 3519 4857
f 4859 3519 3518
f 3520 4876 4867
f 3522 3521 4867
f 3520 4867 3521
f 3520 4857 4876
f 4898 3522 4867
f 4780 4724 4775
f 4784 4692 4782
f 4774 4725 4772
f 4696 4599 4674
f 4789 4794 4765
f 4763 4805 3508
f 4796 4805 4752
f 4799 3509 4722
f 4749 4722 3509
f 4749 3508 4796
f 4805 4796 3508
f 3509 3508 4749
f 4696 4697 4785
f 4797 3509 4799
f 4690 3512 4727
f 4690 4700 3512
f 4727 3512 3511
f 4736 4729 4727
f 3513 3512 4700
f 3513 4850 4688
f 3515 3514 4688
f 3513 4688 3514
f 3513 4700 4850
f 4853 3515 4688
f 3510 4797 4753
f 4755 4753 4797
f 3509 4797 3510
f 4735 3510 4753
f 4726 3510 4735
f 4756 4738 4736
f 3511 4726 4756
f 3510 4726 3511
f 4736 3511 4756
f 4727 3511 4736
f 3054 3057 3053
f 5018 5019 4960
f 4985 5016 5046
f 3539 5019 4985
f 5047 4986 5043
f 3541 5043 5044
f 3541 5044 5032
f 4960 5019 3539
f 3539 4985 3540
f 4938 4861 4935
f 5022 4960 3538
f 3540 4985 5046
f 5033 3542 5041
f 3542 5032 5041
f 5046 5047 3540
f 3541 3540 5047
f 3541 5032 3542
f 5047 5043 3541
f 3547 5050 5048
f 5034 5050 5073
f 5051 4990 4988
f 5051 5048 5053
f 5048 5051 3547
f 5053 5048 4992
f 3548 5051 4988
f 5073 5050 3547
f 5033 5071 5072
f 3544 3543 5033
f 3542 5033 3543
f 5072 3544 5033
f 3545 3544 5072
f 5073 3547 4989
f 5069 4989 3547
f 3546 3545 5069
f 3547 3546 5069
f 5069 3545 5072
f 3548 3547 5051
f 3528 4927 4924
f 4924 3529 3528
f 3528 3527 4927
f 4932 3529 4924
f 3530 4932 4916
f 4931 4916 4932
f 3529 4932 3530
f 3531 4916 4933
f 3530 4916 3531
f 4891 4890 4860
f 4891 3525 4868
f 4889 4868 3525
f 3526 3525 4891
f 3526 4891 4860
f 3526 4915 4923
f 3527 3526 4858
f 4923 4858 3526
f 4927 3527 4858
f 3526 4860 4915
f 3536 5027 4940
f 4936 5027 3536
f 3535 4938 4939
f 4936 4910 5027
f 3537 3536 4940
f 3537 5023 4956
f 3537 4956 3538
f 3539 3538 4960
f 3537 4940 5023
f 4956 5022 3538
f 4906 4861 4938
f 4911 4908 4934
f 4934 3532 4911
f 4906 3532 4934
f 3531 4911 3532
f 4911 3531 4933
f 4938 3533 4906
f 3536 3535 4936
f 4936 3535 4939
f 3534 4938 3535
f 4938 3534 3533
f 3533 3532 4906
f 3053 588 3044
f 3074 3075 591
f 593 592 3072
f 594 593 3087
f 3085 3076 594
f 596 595 3079
f 3122 600 599
f 599 598 3117
f 598 597 3119
f 594 3076 595
f 3137 602 601
f 3141 605 604
f 3150 604 603
f 3152 603 602
f 606 605 3147
f 609 608 3155
f 608 607 3105
f 607 606 3127
f 3149 605 3144
f 3139 601 600
f 3072 592 3075
f 3072 3087 593
f 600 3135 3139
f 600 3123 3135
f 3085 594 3087
f 3123 600 3122
f 3135 3123 3120
f 597 596 3084
f 3113 3122 599
f 3136 3139 3135
f 602 3137 3152
f 603 3152 3150
f 3137 601 3140
f 604 3150 3143
f 3141 3130 3146
f 605 3141 3146
f 3143 3141 604
f 605 3146 3144
f 3140 601 3139
f 610 609 3153
f 591 3075 592
f 612 611 3156
f 614 613 3171
f 613 612 3170
f 616 615 3174
f 3213 619 618
f 3212 618 617
f 617 616 3208
f 615 614 3168
f 3228 621 620
f 622 3217 623
f 3214 622 3226
f 3226 622 621
f 626 625 3247
f 3262 629 628
f 628 627 3251
f 627 626 3244
f 624 623 3220
f 3210 620 619
f 3206 3212 3205
f 3213 618 3212
f 3228 620 3210
f 3213 3210 619
f 3261 628 3251
f 3262 628 3261
f 3259 629 3262
f 3225 625 624
f 3228 3226 621
f 617 3205 3212
f 3268 631 630
f 633 632 3253
f 3265 632 3266
f 3266 632 631
f 3266 631 3268
f 636 635 3296
f 636 3313 637
f 635 634 3239
f 634 633 3256
f 3259 3268 630
f 3259 630 629
f 3310 637 3313
f 3158 611 610
f 3209 3205 617
f 3076 3085 3078
f 3116 598 3119
f 3065 3081 3076
f 3113 599 3117
f 595 3076 3081
f 3117 598 3116
f 3113 3117 3103
f 3081 3079 595
f 597 3084 3082
f 3147 605 3149
f 612 3156 3170
f 3171 613 3170
f 3124 3149 3144
f 3127 3147 3129
f 3171 3168 614
f 3147 3127 606
f 3201 3208 616
f 3155 3153 609
f 3208 3209 617
f 3113 3114 3122
f 3084 3079 3059
f 3082 3119 597
f 3079 3084 596
f 3105 607 3127
f 608 3105 3155
f 3107 3105 3127
f 3119 3099 3116
f 3158 3156 611
f 3156 3167 3170
f 3172 3201 616
f 3208 3201 3202
f 3174 3172 616
f 3153 3158 610
f 615 3168 3174
f 3201 3172 3195
f 3174 3168 3165
f 622 3219 3217
f 3245 3251 627
f 3214 3226 3216
f 3219 622 3196
f 3220 623 3222
f 626 3248 3244
f 3196 622 3214
f 627 3244 3245
f 3205 3209 3198
f 3316 636 3296
f 3313 636 3316
f 3310 3313 3314
f 3293 3313 3317
f 3263 632 3265
f 633 3258 3256
f 3263 3253 632
f 3313 3316 3317
f 3253 3263 3255
f 3252 3261 3251
f 3222 3217 3190
f 3220 3225 624
f 625 3225 3247
f 3217 3222 623
f 3225 3220 3178
f 3247 3225 3223
f 3237 3244 3248
f 626 3247 3248
f 3258 3253 3235
f 3296 635 3271
f 633 3253 3258
f 3296 3297 3316
f 635 3239 3271
f 3239 3256 3241
f 3271 3269 3296
f 634 3256 3239
f 3310 3314 3300
f 3308 638 637
f 3318 640 639
f 3320 639 638
f 3308 637 3311
f 3320 3318 639
f 638 3308 3320
f 640 3321 641
f 640 3318 3323
f 643 642 3332
f 3367 646 645
f 3347 645 644
f 644 643 3342
f 3347 644 3346
f 3344 3367 645
f 645 3347 3344
f 647 646 3365
f 646 3367 3365
f 642 641 3302
f 3343 3346 644
f 3321 640 3323
f 3298 3323 3318
f 3321 3304 3302
f 3302 3281 3307
f 642 3307 3305
f 642 3302 3307
f 3302 641 3321
f 3343 644 3342
f 647 3365 3370
f 647 3370 3368
f 643 3333 3342
f 3305 3326 3332
f 3333 3330 3342
f 3333 643 3332
f 3348 3373 3368
f 642 3305 3332
f 3368 648 647
f 637 3310 3311
f 3371 3368 3373
f 3351 648 3371
f 3371 648 3368
f 649 648 3356
f 3371 3353 3351
f 3351 3334 3356
f 648 3351 3356
f 3356 3354 649
f 3354 3376 649
f 653 652 3377
f 656 655 4114
f 655 654 4140
f 654 653 3380
f 3374 650 3376
f 649 3376 650
f 651 3374 3379
f 650 3374 651
f 651 3379 652
f 3383 657 656
f 652 3379 3377
f 3377 3357 3382
f 3377 3382 653
f 3360 3380 3362
f 654 3380 3360
f 4140 654 3360
f 3382 3380 653
f 4114 655 4140
f 4112 4114 3364
f 4113 3384 4112
f 3383 4112 3384
f 4128 3384 4113
f 4112 3383 4114
f 4151 4128 4141
f 3384 4151 4152
f 4106 4152 4150
f 4151 3384 4128
f 4152 3385 3384
f 4114 3383 656
f 3398 4124 3399
f 4107 4124 4119
f 4102 4124 4123
f 3399 4102 4209
f 4210 3400 4209
f 3399 4209 3400
f 3401 3400 4210
f 3399 4124 4102
f 3398 4119 4124
f 4157 3396 4118
f 4118 3396 4130
f 3396 4157 4115
f 3398 3363 4119
f 3363 3397 4158
f 3397 4105 4158
f 3396 4115 3397
f 3398 3397 3363
f 3397 4115 4105
f 4229 4222 3406
f 4222 4229 4228
f 4212 4222 4221
f 4250 3407 4212
f 3406 4212 3407
f 3406 4222 4212
f 3407 4250 4260
f 3403 4220 4227
f 3403 3402 4220
f 3402 4210 4220
f 3404 3403 4227
f 3405 4230 4229
f 4223 4229 4230
f 3404 3188 3405
f 4230 3405 3188
f 3188 3404 4227
f 3406 3405 4229
f 4210 3402 3401
f 4205 4190 4208
f 4142 4170 4181
f 3389 3388 4205
f 4205 3388 3387
f 4204 3389 4205
f 4205 4208 4202
f 3390 3389 4204
f 3385 4106 4142
f 4182 4185 4186
f 4182 3385 4181
f 4142 4181 3385
f 3386 3385 4182
f 4172 4182 4186
f 3386 4172 4183
f 3387 3386 4190
f 4183 4190 3386
f 4205 3387 4190
f 3386 4182 4172
f 3385 4152 4106
f 4195 4176 4173
f 4173 4163 4160
f 4130 3395 4156
f 3395 4143 4156
f 3395 3394 4143
f 3394 4155 4143
f 4160 3394 3393
f 3394 4160 4155
f 3396 3395 4130
f 3393 4173 4160
f 4203 4200 3391
f 4201 4200 4203
f 3390 4203 3391
f 4203 3390 4204
f 3391 4200 4199
f 3393 3392 4173
f 4195 4173 3392
f 3391 4159 3392
f 4195 3392 4159
f 4159 3391 4199
f 4590 4509 3474
f 4588 4572 4573
f 4590 3474 3473
f 4591 3475 4592
f 3474 4592 3475
f 3476 3475 4591
f 3474 4509 4592
f 4616 4591 4609
f 4589 3471 4588
f 4588 3471 3470
f 4565 4564 4563
f 3467 4563 4566
f 4588 4561 4572
f 4590 3473 4570
f 4586 4570 3473
f 4586 3472 4589
f 3471 4589 3472
f 3473 3472 4586
f 3480 4600 3481
f 3482 3481 4659
f 4600 4659 3481
f 3480 4618 4600
f 4655 4667 4668
f 4655 3482 4620
f 4659 4620 3482
f 4665 3482 4655
f 4664 4655 4668
f 4616 4609 4610
f 3478 4616 4617
f 3476 4616 3477
f 3477 4616 3478
f 4616 3476 4591
f 4618 3480 4607
f 4614 4607 3480
f 4614 3479 4617
f 3480 3479 4614
f 4617 3479 3478
f 3459 4515 4505
f 3459 4500 4515
f 4555 4505 4548
f 4555 3460 4505
f 4548 4549 4555
f 4505 3460 3459
f 3460 4555 4556
f 4531 4497 4515
f 4525 4513 4516
f 4513 3454 4519
f 4515 4500 4531
f 3458 4545 4543
f 3458 4543 3459
f 4545 4514 4527
f 3459 4543 4500
f 4514 4526 4524
f 4558 4565 3465
f 4563 3467 3466
f 4565 3466 3465
f 4550 4560 4558
f 3466 4565 4563
f 4588 3470 4561
f 3469 4561 3470
f 4561 3469 3468
f 4566 4561 3468
f 4566 3468 3467
f 4546 4485 4557
f 3462 3461 4546
f 4556 4546 3461
f 3460 4556 3461
f 4546 4556 4554
f 3462 4546 3463
f 4558 3464 4550
f 3464 3463 4550
f 4557 4550 3463
f 4558 3465 3464
f 3463 4546 4557
f 3499 4772 4773
f 3500 4740 4767
f 4740 3499 4773
f 3501 4789 4790
f 4817 3501 4790
f 4791 4789 3501
f 3500 4791 3501
f 4787 3501 4817
f 4789 4791 4794
f 4791 3500 4767
f 3498 4782 4783
f 4699 3498 4783
f 4782 3498 4786
f 4786 4784 4782
f 4777 3498 4699
f 4772 3499 4776
f 4772 4776 4774
f 3499 4777 4776
f 4775 4776 4777
f 3498 4777 3499
f 4740 3500 3499
f 4775 4777 4780
f 4818 4835 4821
f 4832 4831 4763
f 4832 3507 3506
f 4763 3507 4832
f 4828 4832 3506
f 4832 4828 4801
f 3508 3507 4763
f 4828 3506 4830
f 4835 4800 4821
f 3503 3502 4800
f 4787 4800 3502
f 4835 3503 4800
f 3502 3501 4787
f 3504 3503 4835
f 3506 4833 4830
f 4833 3505 4836
f 3505 4835 4836
f 3506 3505 4833
f 3505 3504 4835
f 3486 4646 4669
f 4646 4654 4652
f 4648 3488 4670
f 3488 4621 4670
f 3487 4643 3488
f 3489 3488 4648
f 4621 3488 4643
f 3489 4648 4647
f 4643 3487 4669
f 3483 4665 4663
f 4655 4664 4665
f 3482 4665 3483
f 4664 4668 4653
f 4654 3483 4663
f 3487 3486 4669
f 3486 4654 4646
f 4654 3486 3485
f 4654 3485 3484
f 3484 3483 4654
f 4626 3494 4671
f 4671 3494 3493
f 3493 4673 4671
f 4599 3494 4626
f 3498 3497 4786
f 3497 4785 4786
f 3496 3495 4599
f 3494 4599 3495
f 4696 4785 3497
f 3497 3496 4696
f 3496 4599 4696
f 3490 3489 4604
f 4625 4604 3489
f 4679 3490 4604
f 3489 4647 4625
f 4680 3490 4679
f 3492 4680 4677
f 4677 3493 3492
f 4680 3492 3491
f 3491 3490 4680
f 4673 3493 4677
f 3458 4514 4545
f 4361 4376 4327
f 4372 4324 4305
f 3423 4305 4376
f 4359 3423 4361
f 4376 4361 3423
f 4309 3423 4359
f 4359 4320 4309
f 3423 3422 4305
f 4365 4335 4367
f 4366 4338 4358
f 4372 3422 4326
f 4368 4326 3422
f 3421 4335 4368
f 4335 3421 3420
f 3422 3421 4368
f 3417 4337 4338
f 4305 3422 4372
f 4301 4283 4281 4383
f 3426 4265 4301
f 3426 4301 4383
f 3427 4384 4382
f 3426 4383 4384
f 3426 4384 3427
f 4381 3427 4382
f 4309 4362 4321
f 3424 4309 4321
f 4321 4312 4310
f 3426 3425 4265
f 3425 4297 4265
f 3424 4310 4280
f 4321 4310 3424
f 3425 3424 4280
f 3425 4280 4297
f 3424 3423 4309
f 4279 4265 4297
f 4362 4323 4321
f 3411 4237 3412
f 4274 3412 4264
f 4237 4264 3412
f 4249 4247 4237
f 4274 4356 4357
f 4289 3413 4357
f 4274 4357 3413
f 3412 4274 3413
f 4351 3413 4289
f 3408 4260 4258
f 4263 4248 4258
f 3407 4260 3408
f 4258 4260 4263
f 3408 4258 4259
f 4237 3411 4249
f 3410 4249 3411
f 3410 3409 4249
f 3409 4257 4249
f 3408 4259 3409
f 3409 4259 4257
f 4338 4366 3417
f 3416 4318 4339
f 4318 4343 4346
f 3417 4319 4337
f 3419 4366 4367
f 3420 3419 4367
f 3418 4366 3419
f 3418 3417 4366
f 4335 3420 4367
f 3414 4354 4291
f 4347 3414 4291
f 4351 4354 3414
f 3413 4351 3414
f 3415 3414 4347
f 3417 3416 4319
f 3416 4339 4319
f 4343 3415 4292
f 4347 4292 3415
f 3416 3415 4343
f 4318 3416 4343
f 4470 4448 4476
f 4425 4470 3446
f 3446 4470 4476
f 3447 4428 4483
f 3447 3446 4474
f 4428 3447 4474
f 4474 3446 4476
f 3448 3447 4483
f 3443 4482 3444
f 4460 4482 4462
f 4461 4464 4465
f 4459 3444 4482
f 4466 4458 4425
f 3445 4459 4466
f 3444 4459 3445
f 4425 3445 4466
f 3446 3445 4425
f 4526 3454 4525
f 4513 4525 3454
f 3452 4433 4520
f 3453 4484 4519
f 3458 3457 4514
f 3455 4526 3456
f 4514 3457 3456
f 3454 4526 3455
f 4526 4514 3456
f 4488 3450 4487
f 4478 4487 3450
f 3449 3448 4478
f 3450 3449 4478
f 4478 3448 4483
f 3453 4519 3454
f 3452 4484 3453
f 3452 3451 4433
f 4520 4484 3452
f 3450 4488 3451
f 4488 4433 3451
f 4412 4417 4409
f 3432 4412 4413
f 4412 4414 4417
f 4410 3433 4411
f 4413 4411 3433
f 4413 3433 3432
f 3434 3433 4410
f 3436 4410 4408
f 4418 3430 4285
f 3430 4380 4285
f 3429 3428 4381
f 3427 4381 3428
f 3429 4380 3430
f 3429 4381 4380
f 3431 4418 4385
f 3432 3431 4414
f 4385 4414 3431
f 4412 3432 4414
f 3431 3430 4418
f 4443 4481 3440
f 4480 4481 4443
f 3438 4456 4457
f 4461 3440 4481
f 4482 3443 4462
f 3442 4462 3443
f 4462 3442 4465
f 3442 3441 4465
f 3440 4461 3441
f 4465 3441 4461
f 4400 4388 3437
f 4408 4400 3436
f 3435 4410 3436
f 4410 3435 3434
f 3436 4400 3437
f 3439 4427 4443
f 4457 4427 3439
f 3439 3438 4457
f 3438 3437 4388
f 3440 3439 4443
f 4388 4456 3438
f 4456 4388 4404
f 3818 6621 3819
f 6621 3818 6589
f 6629 6621 6620
f 3820 3819 6629
f 6620 6594 6629
f 6629 3819 6621
f 3820 6629 6630
f 6622 6603 6616
f 6587 6598 6545
f 6589 3818 6617
f 3817 6617 3818
f 3817 6616 6601
f 6601 6619 6617
f 6616 3817 3816
f 6617 3817 6601
f 6601 6616 6615
f 3816 6622 6616
f 6647 6627 3827
f 3824 6634 6631
f 3827 6627 3828
f 3829 6655 6657
f 6700 3829 6657
f 3828 6655 3829
f 3830 3829 6700
f 3828 6627 6655
f 3824 3823 6626
f 3822 6626 3823
f 3822 3821 6628
f 6628 6626 3822
f 3820 6630 3821
f 6647 3827 6648
f 3826 6648 3827
f 6631 6648 3826
f 3826 3825 6631
f 6631 3825 3824
f 3824 6626 6634
f 6630 6628 3821
f 6563 6580 3807
f 3804 6575 6576
f 6563 3807 6573
f 3807 6578 3808
f 6577 3808 6578
f 6578 3807 6580
f 3808 6577 6550
f 3802 6562 3803
f 6537 3803 6562
f 6562 6540 6539
f 6549 3803 6537
f 3807 3806 6573
f 3805 6573 3806
f 6573 3805 6576
f 3805 3804 6576
f 3803 6549 3804
f 6575 3804 6549
f 6588 6600 3811
f 3813 6602 3814
f 3812 6600 6602
f 3816 6585 6622
f 6585 3815 6614
f 3814 6614 3815
f 3816 3815 6585
f 3814 6602 6614
f 3811 6587 6588
f 6531 3809 6579
f 3809 6544 6579
f 3808 6550 3809
f 3810 3809 6531
f 6544 3809 6550
f 6599 6531 6554
f 3812 6602 3813
f 3811 3810 6587
f 6600 3812 3811
f 6531 6599 3810
f 3810 6599 6587
f 6599 6598 6587
f 6758 6759 6765
f 6758 6765 6742
f 3850 3849 6766
f 6766 3849 3848
f 6765 6766 3848
f 3850 6766 6763
f 6724 6706 6721
f 3845 6724 6725
f 6714 6706 6724
f 3847 6726 6742
f 3848 3847 6742
f 3847 6719 6726
f 3846 6722 3847
f 3847 6722 6719
f 6765 3848 6742
f 6722 3846 6725
f 6716 6708 6709
f 6746 6771 3854
f 3854 6785 6746
f 3856 6771 6787
f 6790 6787 6771
f 6787 3857 3856
f 6771 3856 3855
f 3854 6771 3855
f 3858 3857 6787
f 6760 6748 6785
f 3852 6769 6768
f 6763 6769 3851
f 3850 6763 3851
f 3851 6769 3852
f 6769 6763 6756
f 6762 6768 6767
f 3854 6760 6785
f 6760 3853 6762
f 3852 6762 3853
f 3854 3853 6760
f 3852 6768 6762
f 3834 6704 3835
f 6692 6681 6704
f 6683 3835 6705
f 6678 6705 3835
f 6704 6678 3835
f 3836 3835 6683
f 6705 6678 6671
f 3836 6683 6682
f 6694 6696 6680
f 3831 3830 6696
f 6596 6696 3830
f 6694 3831 6696
f 3830 6700 6596
f 6695 3831 6694
f 3832 6695 6692
f 6692 3834 3833
f 6692 3833 3832
f 3832 3831 6695
f 6704 3834 6692
f 3840 6717 3841
f 6717 3842 3841
f 3840 6716 6717
f 6714 3842 6717
f 3845 6725 3846
f 3844 3843 6724
f 6724 3845 3844
f 3842 6714 3843
f 3843 6714 6724
f 3837 6666 6660
f 3836 6667 3837
f 6666 3837 6667
f 6682 6667 3836
f 3838 3837 6660
f 6716 3839 6658
f 6716 6658 6708
f 3839 3838 6658
f 6684 6658 3838
f 6716 3840 3839
f 3838 6660 6684
f 6346 6259 6400
f 6381 3766 6401
f 6401 3766 3765
f 3765 6400 6401
f 6402 3767 6398
f 6381 6398 3767
f 3768 3767 6402
f 3767 3766 6381
f 6423 6402 6419
f 6216 6377 6378
f 3760 6378 6375
f 6374 6372 3761
f 3765 3764 6400
f 3763 3762 6372
f 6372 3762 3761
f 6346 3764 3763
f 6346 3763 6372
f 6375 6374 3761
f 6346 6400 3764
f 6421 6420 6415
f 6415 6414 6348
f 3774 6410 6405
f 6383 6405 6410
f 3774 3773 6410
f 6348 6410 3773
f 6348 3773 3772
f 6434 3774 6405
f 3772 6415 6348
f 6423 6419 6416
f 3770 3769 6423
f 3768 6423 3769
f 6423 3768 6402
f 3770 6423 6424
f 3772 6421 6415
f 3771 6424 6421
f 6422 6421 6424
f 3770 6424 3771
f 3772 3771 6421
f 6316 6326 6308
f 3747 6316 6317
f 6327 6326 6316
f 6356 3752 6359
f 6359 3752 3751
f 3753 3752 6356
f 3753 6356 6353
f 6350 3748 6317
f 6330 3748 6314
f 3748 6350 6314
f 6317 3748 3747
f 6327 6316 3747
f 3745 6305 6303
f 3749 6330 6329
f 3751 3750 6329
f 3749 6329 3750
f 3749 3748 6330
f 6359 3751 6329
f 6216 3757 6313
f 6313 3757 3756
f 6335 6318 6341
f 3760 6375 3761
f 3759 3758 6378
f 6378 3760 3759
f 3757 6216 3758
f 3758 6216 6378
f 6355 3753 6331
f 6353 6331 3753
f 3754 3753 6355
f 6355 6354 6306
f 6313 3756 6339
f 3755 6339 3756
f 6341 6339 3755
f 6341 3755 3754
f 6355 6306 3754
f 3754 6306 6335
f 3754 6335 6341
f 6513 6527 6506
f 6513 6529 6527
f 3794 6514 6512
f 3792 6513 6514
f 3793 6514 3794
f 3794 6512 6508
f 6528 6510 6511
f 6510 6528 6455
f 6469 6455 3790
f 6470 6476 6477
f 3789 6477 6474
f 3790 6455 3791
f 3792 6514 3793
f 6529 3791 6528
f 6455 6528 3791
f 3792 3791 6529
f 6529 6513 3792
f 6474 6469 3790
f 6507 6530 3798
f 6459 6542 3800
f 3799 6459 3800
f 3799 6530 6459
f 3801 6543 6540
f 6540 3802 3801
f 6542 6543 3801
f 6542 3801 3800
f 6562 3802 6540
f 6519 6471 6507
f 6515 6505 6493
f 3796 3795 6515
f 6508 6515 3795
f 3794 6508 3795
f 6515 6508 6518
f 3796 6515 6493
f 3798 6530 3799
f 3797 6493 6519
f 3796 6493 3797
f 6507 3798 3797
f 6507 3797 6519
f 6444 6451 3779
f 3779 6446 6444
f 6465 6468 6453
f 3781 3780 6465
f 6451 6465 3780
f 6451 3780 3779
f 6465 6451 6468
f 3781 6465 3782
f 6403 6436 6446
f 6435 3775 6434
f 3774 6434 3775
f 3776 3775 6435
f 6434 6405 6425
f 6403 6435 6433
f 3779 3778 6446
f 3778 6403 6446
f 3778 3777 6403
f 3776 6403 3777
f 3776 6435 6403
f 3788 6470 6477
f 6492 6470 3786
f 6492 6490 6470
f 3789 6474 3790
f 6470 3788 3787
f 6470 3787 3786
f 3789 3788 6477
f 6491 6460 6473
f 6454 3783 6464
f 3783 6465 6464
f 3784 3783 6454
f 3783 3782 6465
f 3784 6454 6452
f 3785 6491 6492
f 3784 6382 3785
f 6491 3785 6382
f 6452 6382 3784
f 6491 6382 6460
f 3786 3785 6492
f 3932 7118 7114
f 7118 7096 7114
f 3933 3932 7114
f 7119 7139 7140
f 7119 3933 7115
f 7114 7115 3933
f 3934 3933 7119
f 3934 7119 7140
f 7117 7118 7087
f 3929 7085 7083
f 7069 7085 3929
f 6984 7052 7043 7006
f 3930 3929 7083
f 3931 7089 7087
f 3932 3931 7087
f 3930 7089 3931
f 3930 7083 7089
f 7118 3932 7087
f 7143 7091 7125
f 7094 7125 3939
f 7125 7094 7143
f 7183 7156 7178
f 7180 3939 7098
f 7125 7098 3939
f 3940 3939 7180
f 7180 7183 7178
f 3936 3935 7137
f 3935 7140 7137
f 3936 7137 7147
f 7094 3938 7124
f 3938 7142 7124
f 3938 3937 7142
f 3937 7146 7142
f 3936 7147 3937
f 3937 7147 7146
f 3939 3938 7094
f 7140 3935 3934
f 7014 7007 7040
f 7065 7052 7053
f 7065 3921 7052
f 7007 7052 3921
f 7007 3921 3920
f 3922 3921 7065
f 7007 7043 7052
f 7004 6982 6983
f 7034 7018 7039
f 3918 7039 3919
f 7012 7004 7005
f 7007 3920 7040
f 7015 7040 3920
f 7015 3919 7017
f 7039 7017 3919
f 3920 3919 7015
f 7004 6979 6982
f 7063 7073 7074
f 7071 7070 7068
f 3928 6965 7069
f 6965 3928 7068
f 7068 3928 3927
f 7075 6965 7068
f 7075 7067 6965
f 3929 3928 7069
f 3923 7066 7086
f 3924 7086 7063
f 3922 7066 3923
f 3923 7086 3924
f 3922 7065 7066
f 3926 7063 7074
f 7068 3927 7071
f 7071 3927 7074
f 3926 7074 3927
f 3926 3925 7063
f 3925 3924 7063
f 7199 7264 7217 7201
f 7273 7268 7270
f 7273 7233 7268
f 3956 3955 7269
f 7268 7269 3955
f 7270 7268 3955
f 3956 7269 7277
f 7223 7216 7214
f 3953 7214 7198
f 7187 7099 7160
f 7198 7217 3953
f 3954 7264 7265
f 7270 3954 7265
f 3953 7264 3954
f 3955 3954 7270
f 7264 3953 7217
f 3953 3952 7214
f 3961 7189 7239
f 3960 7235 3961
f 3961 7235 7189
f 3962 7312 7313
f 7284 3962 7313
f 3961 7312 3962
f 3963 3962 7284
f 3961 7239 7312
f 7230 7238 7235
f 3958 3957 7266
f 7277 7266 3957
f 7278 7266 7234
f 3957 3956 7277
f 3958 7266 7278
f 7235 3960 7230
f 7231 7230 3960
f 7231 3959 7278
f 3958 7278 3959
f 3960 3959 7231
f 7163 7177 7157
f 7161 7158 7184
f 7165 7150 7159
f 3945 7154 7165
f 3944 7154 3945
f 7159 3945 7165
f 7148 3945 7159
f 7154 3944 7184
f 7164 3941 7163
f 7179 7163 3941
f 7179 3940 7178
f 7180 7178 3940
f 3941 3940 7179
f 7177 7163 7179
f 3942 7164 7161
f 3944 3943 7161
f 3942 7161 3943
f 3942 3941 7164
f 7184 3944 7161
f 7188 7197 7203
f 7202 7185 7221
f 7214 3952 7223
f 3951 7223 3952
f 3951 3950 7213
f 7223 3951 7213
f 3946 7187 7188
f 7202 7221 7204
f 3947 7203 7204
f 3947 3946 7203
f 3946 7188 7203
f 3945 7148 3946
f 7221 3947 7204
f 3949 7221 7222
f 7222 3950 3949
f 7221 3949 3948
f 3948 3947 7221
f 7213 3950 7222
f 3946 7148 7187
f 7187 7148 7099
f 3873 6826 6873
f 6826 6852 6873
f 6830 6780 6826
f 3878 6885 6875
f 6885 6871 6820
f 6886 6875 6888
f 6874 6884 6873
f 3876 3875 6884
f 3874 6884 3875
f 6884 3874 6873
f 3874 3873 6873
f 3872 6830 3873
f 3877 6883 6871
f 3878 3877 6871
f 3876 6883 3877
f 3876 6884 6883
f 6885 3878 6871
f 6830 6826 3873
f 3879 3878 6875
f 3883 6898 6893
f 6898 3883 6876
f 6853 6893 6892
f 6853 6896 6907
f 3887 3886 6853
f 3885 6853 3886
f 3884 6853 3885
f 3887 6853 6907
f 3884 6893 6853
f 3879 6886 6891
f 6897 3880 6891
f 3879 6891 3880
f 3881 3880 6897
f 3879 6875 6886
f 3884 3883 6893
f 3883 6889 6876
f 3883 3882 6889
f 3881 6889 3882
f 3881 6897 6889
f 6802 3861 6720
f 6812 6802 6806
f 6812 3862 6802
f 3865 3864 6813
f 6813 3864 3863
f 6811 3865 6813
f 6812 6813 3863
f 6786 3865 6811
f 3860 6800 6720
f 6797 3859 6799
f 3858 6799 3859
f 6801 3859 6797
f 3858 6787 6799
f 6801 6797 6772
f 3863 3862 6812
f 3861 3860 6720
f 6802 3862 3861
f 3859 6801 3860
f 3860 6801 6800
f 6828 6850 6818
f 6828 6851 6850
f 6830 3872 6825
f 3871 6825 3872
f 3871 3870 6825
f 3870 6827 6825
f 6829 3870 3869
f 3870 6829 6827
f 3867 6828 6829
f 6821 6807 6816
f 3866 6816 6814
f 6821 6816 6786
f 6786 6816 3866
f 3869 3868 6829
f 3866 6851 3867
f 6829 3868 3867
f 6814 6851 3866
f 6851 6828 3867
f 3866 3865 6786
f 6971 6960 6958
f 6971 3907 3906
f 6944 6960 6971
f 3907 6971 6974
f 6971 6972 6974
f 3909 3908 6975
f 6974 6975 3908
f 3910 3909 6975
f 3908 3907 6974
f 6929 6927 6950
f 6956 6955 6945
f 6950 6916 6929
f 3905 6957 6944
f 3906 3905 6944
f 6945 6957 3905
f 6945 3905 6956
f 6945 6731 6957
f 6971 3906 6944
f 3914 7013 3915
f 3916 3915 7016
f 7013 7016 3915
f 3914 7012 7013
f 7036 7037 7016
f 3918 7037 7034
f 3918 3917 7037
f 3917 7016 7037
f 3917 3916 7016
f 7039 3918 7034
f 3913 6979 7004
f 6977 6976 6962
f 6977 3910 6969
f 6975 6969 3910
f 3911 3910 6977
f 3911 6977 6962
f 3914 3913 7012
f 7012 3913 7004
f 3913 3912 6979
f 3912 6962 6979
f 3912 3911 6962
f 6910 6914 6942
f 6914 6915 6942
f 3895 3894 6940
f 6940 3894 3893
f 3896 6940 6912
f 6943 6940 3893
f 3895 6940 3896
f 3893 6942 6943
f 3889 6907 6908
f 3890 3889 6908
f 3888 6907 3889
f 3888 3887 6907
f 6905 3890 6908
f 6942 3892 6910
f 3892 3891 6910
f 6905 6910 3891
f 6942 3893 3892
f 3891 3890 6905
f 6907 6896 6894
f 3902 3901 6954
f 6953 6954 3900
f 3903 6954 6952
f 6951 6953 6950
f 3902 6954 3903
f 3904 6948 6961
f 6956 3904 6961
f 3903 6948 3904
f 3905 3904 6956
f 3903 6952 6948
f 6926 3897 6939
f 3896 6939 3897
f 3898 3897 6926
f 3896 6912 6939
f 6916 6926 6925
f 3900 6954 3901
f 6950 3899 3898
f 6926 6916 3898
f 6953 3900 3899
f 6953 3899 6950
f 6950 3898 6916
f 5520 5526 5545
f 5545 5526 5527
f 5562 5547 5514
f 5554 3618 5514
f 5562 5514 3618
f 5562 3618 5548
f 5549 3618 5554
f 5587 5581 5573
f 3607 5545 5546
f 3607 5546 5593
f 3617 5572 5548
f 3617 5585 5572
f 5587 5585 5551
f 5585 3617 5551
f 3618 3617 5548
f 5581 5587 5551
f 5541 5522 5523
f 5515 5644 5532 4945
f 5644 5645 5652
f 5651 5642 3622
f 5664 3623 5642
f 5642 3623 3622
f 3624 3623 5664
f 5509 5532 5644
f 5555 3619 5557
f 5549 5557 3619
f 3618 5549 3619
f 3620 3619 5555
f 3620 5555 5509
f 3621 5652 5653
f 3622 3621 5653
f 3620 5652 3621
f 5652 3620 5644
f 5651 3622 5653
f 5509 5644 3620
f 3608 5591 5589
f 5591 5552 5589
f 5597 5640 5641
f 3610 5641 5595
f 3609 5590 5597
f 5597 5641 3610
f 5590 3609 5589
f 3607 5520 5545
f 5541 5542 3606
f 5485 5483 5482
f 3605 5482 5507
f 5541 5447 5522
f 3606 5542 5520
f 3609 3608 5589
f 3608 5592 5591
f 3608 3607 5592
f 5592 5593 5543
f 5520 3607 3606
f 3607 5593 5592
f 3610 3609 5597
f 5626 5580 5623
f 5622 5629 5626
f 3615 5623 5577
f 3616 5570 5624
f 5551 3616 5624
f 5577 5570 3616
f 5577 3616 3615
f 3617 3616 5551
f 5626 5623 3615
f 3611 5638 5596
f 3612 3611 5596
f 3610 5638 3611
f 3610 5595 5638
f 5625 3612 5596
f 5626 3614 5622
f 3614 3613 5622
f 5625 5622 3613
f 5626 3615 3614
f 3613 3612 5625
f 5751 5715 5756
f 5680 5685 5670
f 5675 5691 5667
f 5721 3636 5754
f 3636 5721 5719
f 3637 5668 5691
f 5726 5680 5681
f 5723 5725 5673
f 5754 3635 5756
f 5756 3635 5751
f 5674 5751 3635
f 3636 3635 5754
f 5678 5713 5722
f 5680 5682 5685
f 5787 5808 5820
f 3639 5808 5809
f 3642 3641 5806
f 5806 3641 3640
f 5825 3642 5806
f 5809 5806 3640
f 5784 3642 5825
f 5824 5786 5819
f 3637 5675 5665
f 5821 3637 5665
f 3637 5691 5675
f 3636 5719 3637
f 3638 3637 5821
f 3637 5719 5668
f 5824 5819 5821
f 5808 3639 5820
f 3639 3638 5820
f 5819 5820 3638
f 5809 3640 3639
f 3638 5821 5819
f 3627 5713 5714
f 5729 3627 5727
f 5714 5727 3627
f 3627 5724 5713
f 3628 5729 5711
f 5764 5711 5757
f 3628 5711 3629
f 3629 5711 5764
f 3628 3627 5729
f 3625 5654 5646
f 3624 5655 3625
f 5654 3625 5655
f 5655 3624 5664
f 5682 3625 5646
f 5722 5713 5724
f 3626 5723 5724
f 3626 5682 5726
f 3626 5726 5725
f 3625 5682 3626
f 5725 5723 3626
f 5680 5726 5682
f 3627 3626 5724
f 5758 5781 5776
f 3633 5776 5781
f 5779 3633 5781
f 3635 3634 5674
f 5783 5674 3634
f 5783 5779 5748
f 5783 3633 5779
f 5782 5674 5783
f 3634 3633 5783
f 3630 5764 5765
f 3632 5765 5762
f 3630 5765 3631
f 3631 5765 3632
f 3630 3629 5764
f 5776 5766 5778
f 5766 5775 5774
f 3633 3632 5775
f 5766 3633 5775
f 5775 3632 5762
f 5776 3633 5766
f 5297 5302 5285
f 3574 5298 5332
f 5297 5299 5302
f 5332 5320 5293
f 5293 5303 5332
f 5333 5352 3575
f 5332 5298 5320
f 5299 5297 5298
f 5323 5392 5394
f 5394 5392 5396
f 3576 5396 5392
f 5389 5391 5353
f 3576 5393 5389
f 5391 5389 5393
f 5392 5393 3576
f 3577 3576 5389
f 5364 5395 5352
f 3575 5332 5333
f 5343 5399 3582
f 5399 5343 5383
f 3582 5397 5376
f 5399 5397 3582
f 3583 3582 5376
f 5376 5397 5378
f 5376 5354 5380
f 3577 5390 5374
f 5387 3578 5374
f 3577 5374 3578
f 3579 3578 5387
f 3577 5389 5390
f 3582 3581 5343
f 3581 5373 5343
f 3580 3579 5375
f 5387 5375 3579
f 3581 3580 5375
f 5373 3581 5375
f 3567 5202 5200
f 5168 5202 5196
f 3568 5200 5172
f 5200 3568 3567
f 5128 3568 5172
f 5172 5200 5174
f 3568 5128 5176
f 5196 5202 3567
f 5249 5244 5192
f 3566 5243 5206
f 3565 5243 3566
f 3566 5206 5187
f 5196 3567 5124
f 5247 5124 3567
f 5247 5187 5249
f 5244 5249 5187
f 3567 5187 5247
f 3566 5187 3567
f 5242 5206 5243
f 3572 5261 3573
f 3574 3573 5116
f 5261 5116 3573
f 5262 5126 5261
f 3575 5395 5396
f 3575 3574 5332
f 5352 5395 3575
f 5116 5299 3574
f 5299 5298 3574
f 3576 3575 5396
f 5112 3569 5125
f 5176 5125 3569
f 3568 5176 3569
f 3570 3569 5112
f 5176 5175 5125
f 5279 5112 5177
f 3570 5279 5262
f 5262 3572 3571
f 5262 3571 3570
f 3570 5112 5279
f 5261 3572 5262
f 3596 5458 3597
f 5450 5457 5458
f 5478 3598 5455
f 3597 5455 3598
f 3599 3598 5478
f 3597 5458 5455
f 5459 5478 5477
f 5454 5442 5449
f 5430 5400 5416
f 5084 3594 5416
f 5430 5416 3594
f 5401 5430 3594
f 5451 3594 5084
f 3596 5450 5458
f 5450 3595 5449
f 3595 5454 5449
f 3594 5451 3595
f 3596 3595 5450
f 5454 3595 5451
f 5504 5484 3602
f 3603 5501 3604
f 3603 5484 5501
f 5541 3606 5447
f 3606 5507 5447
f 3605 3604 5485
f 5501 5485 3604
f 5507 3606 3605
f 5485 5482 3605
f 5445 5503 5504
f 5479 5438 5460
f 3600 3599 5459
f 5478 5459 3599
f 5479 3600 5459
f 3600 5479 5460
f 3602 5484 3603
f 5460 5445 3600
f 3601 3600 5445
f 5504 3602 3601
f 3601 5445 5504
f 5304 5330 5324
f 3586 3585 5330
f 5328 3586 5330
f 5308 5280 5294
f 3587 5328 5283
f 3586 5328 3587
f 5308 3587 5283
f 3587 5308 5294
f 5382 3583 5344
f 5380 5344 3583
f 5376 5380 3583
f 3584 3583 5382
f 5321 5382 5381
f 3585 5348 5324
f 5327 5324 5348
f 3585 3584 5348
f 5321 5348 3584
f 5382 5321 3584
f 5330 3585 5324
f 5379 5344 5380
f 5404 5428 5417
f 5417 5428 5419
f 5418 5423 5403
f 3593 5415 5401
f 3593 3592 5426
f 5426 3592 5429
f 5415 3593 5426
f 3594 3593 5401
f 3591 5428 5429
f 5420 3588 5288
f 5294 5288 3588
f 3589 5420 5418
f 5423 5418 5420
f 3588 3587 5294
f 3588 5420 3589
f 3591 5429 3592
f 3590 3589 5419
f 5418 5419 3589
f 5428 3591 3590
f 5419 5428 3590
f 6151 3712 6116
f 6116 3712 6147
f 6157 6156 6149
f 6186 6150 6092
f 3713 6151 6186
f 6150 6186 6151
f 3712 6151 3713
f 6187 3713 6186
f 6115 6146 6154
f 3710 3709 6152
f 6152 3708 6155
f 3707 6154 6155
f 3710 6152 6159
f 6149 3711 6157
f 3711 6159 6157
f 6158 6157 6159
f 3710 6159 3711
f 6149 6147 3711
f 3712 3711 6147
f 6182 6176 6168
f 6174 6185 6160
f 6132 6176 3718
f 6180 3719 6182
f 3718 6182 3719
f 3720 3719 6180
f 3718 6176 6182
f 6191 6180 6161
f 3714 6174 6175
f 3715 3714 6175
f 6187 6174 3714
f 3713 6187 3714
f 6187 6185 6174
f 3716 3715 6175
f 3717 6167 6132
f 3716 6172 3717
f 6167 3717 6172
f 6172 3716 6175
f 3718 3717 6132
f 6064 5963 3695
f 6082 5963 6069
f 6107 3700 6084
f 6068 6084 3700
f 3701 3700 6107
f 6080 6068 3700
f 6105 6107 6110
f 3694 6064 3695
f 3697 3696 6082
f 3696 5963 6082
f 5963 3696 3695
f 5902 6064 5985
f 5982 5952 5987
f 3699 6083 6080
f 6083 3699 3698
f 6082 6083 3698
f 3698 3697 6082
f 3700 3699 6080
f 6098 6111 3705
f 3706 6111 6095
f 3706 3705 6111
f 3708 6152 3709
f 3707 3706 6115
f 6095 6115 3706
f 6155 3708 3707
f 6115 6154 3707
f 6101 6099 6098
f 6106 3701 6105
f 6107 6105 3701
f 3702 3701 6106
f 6105 6110 6100
f 3702 6106 6104
f 3705 3704 6098
f 3704 6101 6098
f 6101 3704 3703
f 6104 6101 3703
f 3703 3702 6104
f 3737 6250 6297
f 6196 6219 6207 6164
f 6290 6295 6281
f 6290 6291 6299
f 6290 6292 6295
f 6275 3738 6297
f 6219 6220 6224
f 6247 6229 3736
f 6074 6207 6219
f 6292 6290 6299
f 3738 6275 6292
f 3736 6227 3737
f 3737 6297 3738
f 6229 6227 3736
f 6250 3737 6227
f 3738 6292 3739
f 6302 3744 6279
f 6288 6282 6301
f 6302 6279 6272
f 3747 3746 6327
f 3746 6303 6327
f 3744 6283 3745
f 3745 6303 3746
f 6302 6283 3744
f 6305 3745 6283
f 6288 3740 6298
f 6300 6298 3740
f 6300 3739 6299
f 6292 6299 3739
f 3740 3739 6300
f 3744 3743 6279
f 3743 6301 6279
f 3742 3741 6288
f 3740 6288 3741
f 3742 6301 3743
f 6301 3742 6288
f 6189 6184 6212
f 3727 6213 6074
f 3727 3726 6213
f 6213 3726 3725
f 6193 6213 3725
f 6213 6193 6215
f 3728 3727 6074
f 6193 3724 6212
f 3721 6191 6192
f 3722 3721 6192
f 3720 6191 3721
f 6191 6161 6188
f 6211 3722 6192
f 6212 3724 6189
f 3724 3723 6189
f 6211 6189 3723
f 6193 3725 3724
f 3723 3722 6211
f 6191 3720 6180
f 6269 3734 3733
f 6230 6268 6269
f 3734 6269 6266
f 3735 6249 6247
f 3735 6266 6271
f 6271 6270 6249
f 3734 6266 3735
f 6249 3735 6271
f 6271 6266 6262
f 3736 3735 6247
f 3730 6224 6225
f 3730 3729 6224
f 6224 3729 6219
f 6219 3729 3728
f 6228 3730 6225
f 3731 6228 6230
f 3733 3732 6230
f 3731 6230 3732
f 3731 3730 6228
f 6269 3733 6230
f 6219 3728 6074
f 5847 5875 5864
f 5865 5875 3660
f 3661 3660 5869
f 5847 5869 3660
f 3660 5875 5847
f 3661 5869 5845
f 3657 3656 5894
f 5893 5894 3656
f 5868 5893 3656
f 3657 5894 5891
f 3659 5871 5865
f 3659 3658 5871
f 3658 5874 5871
f 3657 5891 3658
f 5874 3658 5891
f 3660 3659 5865
f 5844 5889 5856 5837
f 5906 5903 3668
f 5934 3669 5903
f 5903 3669 3668
f 5647 5905 5906
f 5903 5931 5934
f 5935 5948 3670
f 5948 5914 3670
f 5935 3669 5934
f 3669 5935 3670
f 5647 3664 5870
f 3663 5870 3664
f 3663 3662 5870
f 3662 5829 5870
f 3661 5845 3662
f 3668 3667 5906
f 5906 3666 5647
f 3666 5906 3667
f 5647 3666 3665
f 3665 3664 5647
f 5829 3662 5845
f 3645 5794 5827
f 5794 3644 5796
f 5862 5827 5663
f 3647 5862 5863
f 5860 3648 5835
f 5863 5835 3648
f 5836 3648 5860
f 3648 3647 5863
f 5827 5862 3647
f 5810 5659 5793
f 3643 5784 5810
f 3642 5784 3643
f 5793 3643 5810
f 5788 3643 5793
f 3647 3646 5827
f 3645 3644 5794
f 3645 5827 3646
f 3643 5788 3644
f 3644 5788 5796
f 5828 5856 5889
f 5890 3653 5889
f 3654 3653 5890
f 3654 5867 5887
f 5868 3655 5887
f 3654 5887 3655
f 3656 3655 5868
f 3654 5890 5867
f 3653 5828 5889
f 3650 3649 5851
f 5836 5851 3649
f 3649 3648 5836
f 3650 5851 5841
f 3652 5852 3653
f 5852 5828 3653
f 3651 5841 3652
f 5855 5852 3652
f 3650 5841 3651
f 3652 5841 5855
f 5915 5951 3676
f 3677 5961 5976
f 3677 5951 5961
f 6034 6029 6000
f 3686 6029 6034
f 5976 5961 5965
f 6009 5976 5977
f 6008 5974 5998
f 6029 3686 6016
f 6061 6016 3686
f 3685 6038 6061
f 6038 3685 6060
f 3686 3685 6061
f 6061 6038 6063
f 6060 6059 6038
f 5918 5915 5944
f 6032 3686 6034
f 5987 3691 3690
f 5910 5982 3690
f 5979 5962 5910
f 3689 5910 3690
f 6064 3694 5985
f 3693 5985 3694
f 5985 3693 3692
f 5987 5985 3692
f 5987 3692 3691
f 3690 5982 5987
f 6004 5995 5993
f 3687 6032 5978
f 3686 6032 3687
f 5993 5978 6004
f 5978 5993 3687
f 3689 5979 5910
f 3688 5993 5979
f 5981 5979 5993
f 3687 5993 3688
f 3689 3688 5979
f 5951 3677 3676
f 5944 3676 3675
f 5940 5913 5911
f 5911 5944 3675
f 5999 3678 5998
f 3678 6008 5998
f 6010 3677 6009
f 3677 5976 6009
f 3678 3677 6010
f 6010 6008 3678
f 3672 3671 5939
f 3671 5914 5939
f 5914 3671 3670
f 3672 5939 5932
f 3675 3674 5911
f 3674 5940 5911
f 3674 3673 5940
f 5932 5940 3673
f 3672 5932 3673
f 5932 5943 5940
f 6057 6041 6042
f 3683 3682 6057
f 6057 6037 6041
f 3683 6057 3684
f 6055 6039 6060
f 6055 3684 6058
f 6057 6058 3684
f 6060 3684 6055
f 3685 3684 6060
f 3679 6054 6036
f 3679 6011 6054
f 6011 6053 6054
f 3678 5999 6011
f 3678 6011 3679
f 3680 3679 6036
f 3680 6051 6037
f 3682 3681 6037
f 3680 6037 3681
f 3680 6036 6051
f 6057 3682 6037
f 3676 5944 5915
f 2504 469 468
