v -1253.4794921875 1402.6875 933.2308959960938
v -1418.529052734375 1304.581787109375 919.6141357421875
v -1570.7315673828125 1097.396240234375 918.2289428710938
v -826.4749145507812 1445.61474609375 795.0848388671875
v -1039.689453125 1550.3720703125 796.08447265625
v -1254.6622314453125 1613.717529296875 797.2728271484375
v -1411.1343994140625 1528.2154541015625 810.1945190429688
v -1563.06201171875 1204.9083251953125 794.2193603515625
v -1689.9439697265625 902.8551025390625 796.3629150390625
v -389.7634582519531 1316.237060546875 601.2214965820312
v -603.0648803710938 1400.0592041015625 601.3034057617188
v -826.2930297851562 1490.203125 600.517578125
v -1040.0294189453125 1567.90478515625 600.3862915039062
v -1255.4490966796875 1614.2913818359375 601.5625
v -1423.1396484375 1523.582763671875 595.9573974609375
v -1565.4351806640625 1223.4976806640625 601.656005859375
v -1688.8173828125 928.6034545898438 600.4094848632812
v -1782.531982421875 692.3833618164062 600.4685668945312
v -170.70152282714844 1226.8040771484375 465.1760559082031
v -389.6632385253906 1290.467529296875 464.9868469238281
v -603.475830078125 1358.4073486328125 464.9854736328125
v -826.3256225585938 1409.7801513671875 465.6954650878906
v -1040.998779296875 1434.339599609375 464.8302917480469
v -1254.071044921875 1396.1766357421875 463.1344299316406
v -1416.7183837890625 1274.3111572265625 467.18731689453125
v -1568.521484375 1093.8270263671875 464.78387451171875
v -1691.4403076171875 871.4241943359375 463.70050048828125
v -1792.3974609375 644.0767822265625 464.8570251464844
v -170.52957153320312 1173.696044921875 350.58343505859375
v -389.6236267089844 1223.494140625 350.49853515625
v -603.7235717773438 1266.353759765625 349.88055419921875
v -826.5625610351562 1291.307861328125 349.57275390625
v -1041.819580078125 1265.6776123046875 349.78607177734375
v -1254.38671875 1154.973876953125 350.0674743652344
v -1415.38818359375 1013.1376342773438 351.6051025390625
v -1563.81201171875 863.0155639648438 349.4410705566406
v -1695.90185546875 709.644775390625 348.31365966796875
v -1803.4049072265625 543.8309936523438 350.20465087890625
v -170.41619873046875 1101.079833984375 249.1726837158203
v -389.6617431640625 1137.535888671875 249.22547912597656
v -603.5629272460938 1161.23876953125 249.6561737060547
v -826.8275146484375 1157.10986328125 248.92088317871094
v -1042.38427734375 1092.3104248046875 249.27139282226562
v -1254.1898193359375 939.4842529296875 249.0942840576172
v -1415.6871337890625 787.318115234375 250.38943481445312
v -1564.593994140625 647.8613891601562 249.61019897460938
v -1695.0189208984375 523.2293090820312 248.712158203125
v -1793.3642578125 409.00390625 248.5804901123047
v -170.3376007080078 1015.5704956054688 152.85826110839844
v -389.6694641113281 1040.1009521484375 152.72091674804688
v -603.5700073242188 1045.7510986328125 152.44021606445312
v -827.0637817382812 1008.9546508789062 152.93247985839844
v -1042.480712890625 915.3695678710938 153.02085876464844
v -1254.940185546875 740.8866577148438 152.95834350585938
v -1415.2969970703125 572.6727905273438 153.5614471435547
v -1563.1043701171875 427.3843078613281 153.66651916503906
v -1692.3382568359375 314.514404296875 152.9071044921875
v -1785.198486328125 230.58352661132812 151.5644073486328
v -170.2895050048828 919.3931274414062 56.8322639465332
v -389.7437438964844 930.0347900390625 56.63990020751953
v -603.5839233398438 913.1283569335938 56.6932373046875
v -827.1829223632812 850.2692260742188 56.94447326660156
v -1042.2711181640625 731.7257690429688 57.0977668762207
v -1254.7779541015625 538.1009521484375 57.41947555541992
v -1414.85888671875 358.20208740234375 57.442989349365234
v -1562.94677734375 206.2708282470703 57.166141510009766
v -1690.37451171875 94.98966979980469 57.07796096801758
v -1780.73681640625 21.512659072875977 56.995361328125
v -170.27342224121094 820.7698974609375 -33.951515197753906
v -389.812255859375 815.2076416015625 -34.02851486206055
v -603.5906982421875 778.154541015625 -33.90321350097656
v -827.326416015625 695.0626831054688 -33.759952545166016
v -1042.273681640625 557.1798706054688 -33.56732177734375
v -1255.093994140625 347.99151611328125 -33.99177169799805
v -1415.098388671875 157.2094268798828 -34.1672248840332
v -1562.768310546875 -3.7027101516723633 -33.86626434326172
v -1689.3853759765625 -118.1459732055664 -33.908138275146484
v -1150.427978515625 1422.5372314453125 926.4578247070312
v -1339.4371337890625 1363.125244140625 926.6724243164062
v -1416.3343505859375 1194.15283203125 975.1414184570312
v -1338.1573486328125 1249.6951904296875 977.3179931640625
v -1496.29736328125 1219.1414794921875 918.1005249023438
v -1571.00146484375 1010.1023559570312 971.774658203125
v -1495.17919921875 1118.5306396484375 971.219482421875
v -1629.3291015625 971.7728881835938 918.176513671875
v -1629.0906982421875 900.2696533203125 974.9793090820312
v -935.4683227539062 1496.304443359375 794.9818115234375
v -1038.725830078125 1492.2845458984375 864.0927734375
v -1149.4140625 1597.9912109375 796.2095336914062
v -1254.7584228515625 1549.3653564453125 873.9447631835938
v -1148.539306640625 1534.142333984375 867.5855102539062
v -1332.9722900390625 1599.1004638671875 807.4732055664062
v -1422.596435546875 1433.493408203125 866.2061767578125
v -1342.3013916015625 1512.315185546875 869.7876586914062
v -1494.05615234375 1369.3546142578125 799.7755737304688
v -1566.462646484375 1153.05615234375 868.8428955078125
v -1497.72509765625 1298.512939453125 868.0200805664062
v -1627.3321533203125 1054.626953125 795.1923828125
v -1689.1748046875 866.520263671875 866.9762573242188
v -1628.2005615234375 1013.5590209960938 867.8148193359375
v -281.00482177734375 1277.9881591796875 601.2024536132812
v -496.6872253417969 1358.3726806640625 601.2338256835938
v -603.4213256835938 1389.388427734375 700.3546142578125
v -716.24853515625 1446.7930908203125 601.0894775390625
v -826.33349609375 1483.95556640625 700.3418579101562
v -716.4434204101562 1437.1605224609375 700.42578125
v -935.2134399414062 1530.061279296875 600.2711181640625
v -1039.898193359375 1582.986328125 700.2438354492188
v -935.3859252929688 1531.6951904296875 700.2417602539062
v -1149.7490234375 1602.1424560546875 601.3715209960938
v -1254.800537109375 1634.92919921875 700.5680541992188
v -1150.1783447265625 1625.158203125 700.4268188476562
v -1340.1925048828125 1592.931396484375 597.372314453125
v -1412.679443359375 1566.7625732421875 700.0773315429688
v -1329.80419921875 1627.478759765625 700.100830078125
v -1500.6624755859375 1378.6466064453125 599.7689819335938
v -1562.101318359375 1239.7122802734375 700.8515625
v -1496.229248046875 1410.0220947265625 700.760498046875
v -1626.953369140625 1080.208984375 601.0160522460938
v -1689.134033203125 928.6124267578125 700.0772705078125
v -1626.645263671875 1084.40380859375 700.4239501953125
v -1735.8792724609375 811.4344482421875 600.3361206054688
v -1736.178466796875 789.40478515625 796.4600830078125
v -1735.3406982421875 812.3519287109375 699.9528198242188
v -280.7513427734375 1255.9447021484375 464.93804931640625
v -389.7223205566406 1309.275390625 527.8645629882812
v -170.7593536376953 1242.2069091796875 528.1080932617188
v -280.92864990234375 1272.0677490234375 527.9580688476562
v -496.4732360839844 1326.076171875 465.0135803222656
v -603.181884765625 1386.109375 527.55224609375
v -496.5580139160156 1348.9173583984375 527.6911010742188
v -716.4329833984375 1387.9517822265625 464.7721862792969
v -826.3533935546875 1455.53759765625 527.5438842773438
v -716.2755126953125 1423.8701171875 527.1678466796875
v -935.51025390625 1426.436279296875 465.3521728515625
v -1040.910888671875 1508.4490966796875 526.1676025390625
v -935.5418090820312 1484.4693603515625 526.7095336914062
v -1151.5875244140625 1426.5025634765625 464.6142272949219
v -1254.615478515625 1524.7337646484375 517.6324462890625
v -1150.708740234375 1526.4991455078125 523.7945556640625
v -1340.631591796875 1341.1085205078125 465.3548583984375
v -1420.076904296875 1410.7996826171875 522.6519165039062
v -1342.2901611328125 1483.2718505859375 520.1138916015625
v -1493.718505859375 1191.5933837890625 466.3953857421875
v -1569.215087890625 1173.1708984375 522.6361694335938
v -1497.4383544921875 1300.0740966796875 521.7144165039062
v -1627.91064453125 998.0963745117188 463.7564392089844
v -1689.5665283203125 908.2153930664062 527.381103515625
v -1628.6884765625 1050.4554443359375 525.2952880859375
v -1742.3992919921875 759.6287231445312 464.1755065917969
v -1785.3980712890625 672.1980590820312 528.6556396484375
v -1737.4864501953125 791.5259399414062 528.2327880859375
v -1151.1942138671875 1221.885498046875 349.7716369628906
v -1254.6414794921875 1278.3660888671875 407.8706359863281
v -1041.398681640625 1355.2679443359375 406.6138000488281
v -1151.5706787109375 1328.183837890625 406.79803466796875
v -1623.8367919921875 799.097412109375 348.22235107421875
v -1694.152099609375 798.3327026367188 402.38482666015625
v -1564.558837890625 977.0703125 403.75494384765625
v -1623.9952392578125 903.2041015625 401.89251708984375
v -1752.56640625 628.693115234375 349.1200866699219
v -1801.4837646484375 600.8627319335938 406.1686096191406
v -1750.1141357421875 702.109130859375 404.0270080566406
v -1847.109619140625 456.0411376953125 351.29595947265625
v -1840.8275146484375 527.3386840820312 465.5654296875
v -1846.791259765625 496.9644775390625 408.3694152832031
v -1150.9959716796875 1026.6534423828125 248.78146362304688
v -1253.8193359375 1041.863037109375 298.5259094238281
v -1042.1142578125 1181.800537109375 300.7088623046875
v -1150.943603515625 1123.833251953125 299.2472839355469
v -1829.6806640625 186.6383819580078 150.85804748535156
v -1837.025146484375 349.20892333984375 248.5669403076172
v -1788.6805419921875 329.502685546875 201.9466552734375
v -1832.3262939453125 280.6269836425781 202.06048583984375
v -1199.166015625 1611.2626953125 795.3712158203125
v -1254.979736328125 1597.349365234375 834.1107177734375
v -1200.06005859375 1548.9822998046875 871.7608642578125
v -1148.513916015625 1575.3187255859375 830.9550170898438
v -1199.43310546875 1593.4278564453125 831.540771484375
v -1254.1143798828125 1476.897705078125 909.7617797851562
v -1201.725830078125 1416.080810546875 931.40625
v -1149.3770751953125 1479.3671875 901.4595947265625
v -1200.892822265625 1483.6932373046875 908.0529174804688
v -1096.461669921875 1576.5469970703125 796.74169921875
v -1094.5078125 1513.92431640625 864.7037963867188
v -1038.8082275390625 1524.554931640625 831.6336669921875
v -1094.9984130859375 1550.9010009765625 831.1640014648438
v -1367.2376708984375 1578.374755859375 810.9373168945312
v -1419.03515625 1490.443603515625 843.8739013671875
v -1380.99951171875 1481.447265625 867.1700439453125
v -1339.428466796875 1570.0128173828125 841.8856811523438
v -1376.3043212890625 1542.240234375 844.324951171875
v -1421.4774169921875 1367.6229248046875 888.9813232421875
v -1379.027587890625 1337.1278076171875 922.36083984375
v -1341.5595703125 1436.7388916015625 897.4617309570312
v -1381.00341796875 1407.6358642578125 891.0924072265625
v -1300.2955322265625 1534.5791015625 872.6325073242188
v -1297.133544921875 1385.001220703125 930.9414672851562
v -1298.9822998046875 1459.841796875 904.9780883789062
v -1297.016357421875 1607.9622802734375 801.9805908203125
v -1299.698486328125 1586.903076171875 837.8966064453125
v -1530.20654296875 1227.2879638671875 868.829345703125
v -1568.84033203125 1126.5975341796875 896.5440063476562
v -1533.0118408203125 1163.6673583984375 918.2023315429688
v -1497.3436279296875 1259.4124755859375 894.1422119140625
v -1531.8465576171875 1196.6962890625 896.378662109375
v -1465.6419677734375 1366.8466796875 866.775634765625
v -1460.2315673828125 1263.234375 918.2967529296875
v -1463.5267333984375 1314.60009765625 890.7393188476562
v -1459.7249755859375 1449.8890380859375 805.566650390625
v -1496.5550537109375 1336.310546875 836.9909057617188
v -1464.30224609375 1414.2364501953125 840.8076171875
v -549.8890991210938 1379.1141357421875 601.2787475585938
v -603.1632080078125 1399.2132568359375 650.9071655273438
v -550.10400390625 1367.5633544921875 700.3560791015625
v -496.71649169921875 1356.0087890625 651.07373046875
v -549.9922485351562 1377.4505615234375 650.9937744140625
v -771.6466064453125 1469.1168212890625 600.8223876953125
v -826.2180786132812 1494.3758544921875 650.7109985351562
v -771.797119140625 1460.7525634765625 700.4104614257812
v -716.3001708984375 1447.9937744140625 650.86474609375
v -771.6322631835938 1471.67431640625 650.8062744140625
v -659.5372924804688 1423.271728515625 601.2492065429688
v -659.9364624023438 1413.0941162109375 700.3876953125
v -659.65478515625 1423.373046875 650.8729858398438
v -988.808349609375 1549.509033203125 600.3226928710938
v -1039.4622802734375 1582.756103515625 650.6837768554688
v -988.7507934570312 1557.646484375 700.2365112304688
v -935.034912109375 1538.237548828125 650.7337036132812
v -988.2900390625 1560.7764892578125 650.7676391601562
v -1040.4078369140625 1571.4251708984375 748.8466796875
v -988.6787109375 1523.974365234375 795.3169555664062
v -935.7678833007812 1517.1627197265625 748.1361694335938
v -989.2984619140625 1544.833984375 748.2562866210938
v -881.9737548828125 1510.83203125 600.3070678710938
v -881.8103637695312 1507.735595703125 700.2728271484375
v -881.8273315429688 1516.8289794921875 650.6747436523438
v -1201.0185546875 1613.0367431640625 602.1102905273438
v -1255.342041015625 1631.293701171875 651.2943115234375
v -1199.9920654296875 1633.984130859375 700.5813598632812
v -1149.7138671875 1620.235595703125 651.3616943359375
v -1200.6318359375 1629.5218505859375 652.0684814453125
v -1254.385498046875 1627.563720703125 749.0855712890625
v -1150.349609375 1616.7760009765625 749.3323364257812
v -1199.3538818359375 1626.795654296875 748.6459350585938
v -1096.9283447265625 1607.447998046875 700.2926635742188
v -1097.6163330078125 1597.3118896484375 749.503173828125
v -1095.85986328125 1586.2379150390625 600.6436767578125
v -1095.921875 1604.0830078125 650.734130859375
v -1378.104736328125 1569.4605712890625 595.825439453125
v -1420.9681396484375 1558.6644287109375 644.646728515625
v -1364.6400146484375 1612.2288818359375 699.9634399414062
v -1335.494384765625 1620.8792724609375 646.2088623046875
v -1372.772705078125 1603.66845703125 644.39453125
v -1406.2589111328125 1554.1029052734375 754.631103515625
v -1327.64697265625 1618.240478515625 753.317626953125
v -1360.5001220703125 1601.52197265625 754.8671264648438
v -1295.4444580078125 1631.617431640625 700.359375
v -1294.5618896484375 1623.46484375 750.96875
v -1300.0672607421875 1606.10400390625 599.6783447265625
v -1297.988525390625 1627.1878662109375 648.9837036132812
v -1530.561279296875 1301.5006103515625 601.226806640625
v -1563.116943359375 1237.391845703125 651.8902587890625
v -1526.1761474609375 1325.637451171875 700.9225463867188
v -1499.8834228515625 1403.2044677734375 649.5001831054688
v -1527.9881591796875 1320.1446533203125 651.3405151367188
v -1562.272705078125 1228.7926025390625 748.0413208007812
v -1526.758544921875 1287.6007080078125 795.7020874023438
v -1493.0009765625 1398.253662109375 750.3369140625
v -1525.7418212890625 1315.0640869140625 748.6458740234375
v -1464.5504150390625 1491.220703125 700.4112548828125
v -1457.8687744140625 1477.7313232421875 752.7398681640625
v -1469.9619140625 1453.545654296875 597.627685546875
v -1470.8736572265625 1484.3953857421875 646.7931518554688
v -1657.3499755859375 1005.9319458007812 600.6281127929688
v -1688.75341796875 932.7867431640625 650.3435668945312
v -1657.7723388671875 1006.9974975585938 700.22119140625
v -1626.5230712890625 1087.228271484375 651.1032104492188
v -1657.3612060546875 1010.973876953125 650.6192626953125
v -1595.2083740234375 1161.4197998046875 700.6588745117188
v -1627.0308837890625 1072.7337646484375 748.4891357421875
v -1595.9664306640625 1129.34814453125 794.368896484375
v -1595.447509765625 1149.955322265625 748.1220703125
v -1597.002197265625 1151.953857421875 601.4595947265625
v -1595.6510009765625 1162.067626953125 651.6530151367188
v -771.7531127929688 1440.5003662109375 527.2869873046875
v -826.3678588867188 1474.776611328125 558.9485473632812
v -716.25048828125 1436.9346923828125 558.8527221679688
v -771.7117919921875 1456.544677734375 558.8695678710938
v -989.673828125 1497.826904296875 526.1044921875
v -1040.669921875 1541.9930419921875 559.6151123046875
v -935.4658813476562 1509.9522705078125 559.0322265625
v -989.4266357421875 1526.849365234375 559.18994140625
v -882.0416870117188 1470.379638671875 527.4122314453125
v -882.0673217773438 1492.826904296875 559.0069580078125
v -1203.464599609375 1415.569580078125 463.5303955078125
v -1254.1522216796875 1460.832275390625 488.7779235839844
v -1202.0745849609375 1531.1728515625 520.0325927734375
v -1151.2518310546875 1477.7904052734375 494.0813293457031
v -1202.8021240234375 1474.2564697265625 490.76806640625
v -1255.14990234375 1582.166748046875 559.17431640625
v -1150.1446533203125 1571.95458984375 560.1619262695312
v -1201.4366455078125 1582.827392578125 559.7139282226562
v -1096.287109375 1517.9619140625 525.9825439453125
v -1096.1282958984375 1557.2259521484375 560.1078491210938
v -1380.7562255859375 1452.2742919921875 521.9649047851562
v -1421.96875 1475.21337890625 558.7860107421875
v -1342.3387451171875 1549.5948486328125 558.8191528320312
v -1380.35400390625 1520.611572265625 558.7925415039062
v -1299.7755126953125 1507.540771484375 518.210693359375
v -1300.6307373046875 1569.4642333984375 558.924560546875
v -1531.4486083984375 1144.6121826171875 465.5709533691406
v -1569.602294921875 1141.2398681640625 495.10699462890625
v -1532.7685546875 1238.8280029296875 521.742431640625
v -1495.2762451171875 1251.6502685546875 494.39361572265625
v -1532.3236083984375 1199.011962890625 494.4576721191406
v -1493.1053466796875 934.9859619140625 350.990234375
v -1415.6484375 1142.3123779296875 408.70587158203125
v -1492.8663330078125 1058.9595947265625 406.6761779785156
v -1567.693359375 1202.052734375 558.5408325195312
v -1499.484619140625 1345.087158203125 558.7352294921875
v -1532.30810546875 1275.0416259765625 558.6546020507812
v -1462.0213623046875 1356.3565673828125 522.3216552734375
v -1466.0146484375 1411.5133056640625 558.77294921875
v -1658.294189453125 939.861083984375 463.6007080078125
v -1690.2962646484375 896.2750244140625 498.1691589355469
v -1658.1766357421875 982.6492309570312 526.4874877929688
v -1628.9700927734375 1032.1307373046875 496.92242431640625
v -1658.4964599609375 968.637451171875 497.6717224121094
v -1600.1153564453125 1112.419921875 523.9114990234375
v -1627.7794189453125 1066.623291015625 558.3594360351562
v -1598.6549072265625 1134.6591796875 558.4356689453125
v -1599.3009033203125 1047.154052734375 464.1741638183594
v -1600.5894775390625 1087.67041015625 495.99456787109375
v -1767.77294921875 701.6520385742188 464.5033264160156
v -1788.13037109375 661.0882568359375 498.52667236328125
v -1761.5953369140625 731.7617797851562 528.4896240234375
v -1739.197509765625 780.2530517578125 498.5192565917969
v -1763.8409423828125 720.4754638671875 498.55816650390625
v -1716.780517578125 816.6773681640625 463.8993225097656
v -1713.3726806640625 850.6364135742188 527.8687744140625
v -1714.5592041015625 839.2540283203125 498.3946533203125
v -1226.5384521484375 1613.956787109375 795.7819213867188
v -1254.8580322265625 1607.46923828125 815.9599609375
v -1226.6456298828125 1597.7083740234375 832.501220703125
v -1199.251220703125 1603.982177734375 813.5769653320312
v -1226.5784912109375 1607.6121826171875 814.257080078125
v -1254.948486328125 1578.12548828125 853.5377197265625
v -1226.783935546875 1551.6849365234375 873.3147583007812
v -1199.7081298828125 1575.2216796875 851.06640625
v -1226.716552734375 1579.2208251953125 852.328857421875
v -1254.46240234375 1514.4600830078125 893.3555297851562
v -1226.9296875 1482.231201171875 909.8904418945312
v -1200.4635009765625 1517.5120849609375 891.4814453125
v -1226.85302734375 1518.2686767578125 893.24951171875
v -1388.1817626953125 1556.852783203125 811.0908813476562
v -1415.2266845703125 1511.537841796875 829.1005249023438
v -1397.1043701171875 1519.2196044921875 844.4554443359375
v -1371.937255859375 1562.8839111328125 829.7259521484375
v -1392.798095703125 1540.4844970703125 829.9205322265625
v -1421.5738525390625 1464.14990234375 855.7666625976562
v -1401.5650634765625 1459.492919921875 866.4642333984375
v -1379.4029541015625 1514.83056640625 856.3125610351562
v -1400.110107421875 1491.9361572265625 856.129150390625
v -1349.3712158203125 1591.63818359375 809.6346435546875
v -1357.4959716796875 1558.5517578125 843.4086303710938
v -1336.3770751953125 1587.04541015625 826.2730102539062
v -1353.609130859375 1577.672607421875 828.4187622070312
v -1316.0091552734375 1603.7861328125 804.8046264648438
v -1320.5181884765625 1578.924560546875 839.9752807617188
v -1298.4864501953125 1599.6441650390625 820.7969360351562
v -1318.4261474609375 1593.7099609375 823.6214599609375
v -1277.5496826171875 1593.3792724609375 835.86865234375
v -1300.31982421875 1565.2491455078125 855.0845947265625
v -1277.5181884765625 1543.4088134765625 873.5902099609375
v -1277.7213134765625 1573.1165771484375 854.3734130859375
v -1276.334228515625 1611.48193359375 799.352783203125
v -1277.0260009765625 1604.500732421875 818.1322021484375
v -1481.441650390625 1375.2550048828125 838.86474609375
v -1497.3875732421875 1317.8692626953125 853.186767578125
v -1482.4786376953125 1332.8568115234375 867.3853759765625
v -1465.5421142578125 1391.8184814453125 854.5287475585938
v -1482.373291015625 1354.89208984375 853.8347778320312
v -1564.376708984375 1179.572998046875 833.6268310546875
v -1528.3909912109375 1258.1005859375 834.4022216796875
v -1443.2655029296875 1453.233642578125 842.5628662109375
v -1445.545654296875 1400.77685546875 866.3346557617188
v -1445.094970703125 1428.73583984375 855.1966552734375
v -1437.0517578125 1490.1400146484375 808.2127685546875
v -1462.1085205078125 1433.4915771484375 824.7371215820312
v -1440.281005859375 1473.529541015625 827.2389526367188
v -1399.9718017578125 1549.258544921875 595.6805419921875
v -1422.740478515625 1543.306640625 618.6245727539062
v -1395.880126953125 1584.6309814453125 644.261962890625
v -1375.85546875 1588.650146484375 618.3369750976562
v -1398.476806640625 1569.1190185546875 618.2091064453125
v -1417.3857421875 1566.4681396484375 672.2664184570312
v -1387.3729248046875 1593.23583984375 699.98974609375
v -1368.8155517578125 1611.4954833984375 672.085693359375
v -1391.9483642578125 1592.64306640625 672.0090942382812
v -1353.1815185546875 1614.97021484375 645.0925903320312
v -1346.057861328125 1622.7593994140625 700.0062866210938
v -1332.57421875 1627.1317138671875 673.241455078125
v -1349.5999755859375 1622.1439208984375 672.5286865234375
v -1358.628662109375 1583.4530029296875 596.43017578125
v -1338.0870361328125 1608.6275634765625 620.218994140625
v -1356.221435546875 1601.135986328125 619.0579223632812
v -1342.9931640625 1612.8604736328125 754.2713623046875
v -1362.7010498046875 1591.7239990234375 783.8423461914062
v -1329.54248046875 1609.933349609375 781.2241821289062
v -1345.1910400390625 1603.8111572265625 782.8546142578125
v -1361.458740234375 1608.47412109375 727.2631225585938
v -1327.9156494140625 1624.172607421875 726.5306396484375
v -1343.52783203125 1619.274658203125 726.9705810546875
v -1317.6038818359375 1624.2347412109375 647.5652465820312
v -1313.5211181640625 1629.6103515625 700.2256469726562
v -1296.67041015625 1631.72216796875 675.009033203125
v -1315.4854736328125 1629.5411376953125 674.107177734375
v -1276.9951171875 1629.6993408203125 650.2860717773438
v -1275.70263671875 1633.538330078125 700.4806518554688
v -1255.105712890625 1634.9952392578125 676.4537963867188
v -1276.3465576171875 1633.6900634765625 675.8302001953125
v -1512.74951171875 1361.7296142578125 650.6011962890625
v -1526.92333984375 1324.879150390625 676.4767456054688
v -1510.1932373046875 1368.209716796875 700.8749389648438
v -1498.32275390625 1409.250732421875 675.3797607421875
v -1511.46435546875 1367.234619140625 676.0538330078125
v -1487.0250244140625 1444.2244873046875 648.1691284179688
v -1482.048828125 1451.013427734375 700.59716796875
v -1468.486328125 1491.2236328125 673.6609497070312
v -1485.1064453125 1450.6671142578125 674.5411987304688
v -1448.45703125 1523.205810546875 645.5572509765625
v -1440.9613037109375 1530.5206298828125 700.2291870117188
v -1445.4730224609375 1530.52490234375 672.8617553710938
v -1448.53125 1489.7825927734375 596.6588134765625
v -1471.1680908203125 1470.88525390625 620.916015625
v -1449.27685546875 1508.592041015625 619.5966186523438
v -1227.6180419921875 1584.4969482421875 559.4283447265625
v -1255.34375 1601.8406982421875 580.7095336914062
v -1227.6741943359375 1615.2232666015625 602.0811157226562
v -1201.19970703125 1601.043701171875 580.8929443359375
v -1227.6361083984375 1603.27978515625 580.9495239257812
v -1175.8466796875 1578.30517578125 559.9766235351562
v -1175.2584228515625 1608.4683837890625 601.8178100585938
v -1149.914306640625 1589.373779296875 580.2586669921875
v -1175.5196533203125 1596.115966796875 580.6319580078125
v -1322.4124755859375 1560.1707763671875 558.85791015625
v -1341.5814208984375 1574.621826171875 578.3817138671875
v -1321.060791015625 1599.9739990234375 598.5042114257812
v -1300.5576171875 1591.408447265625 579.6908569335938
v -1322.0174560546875 1583.5919189453125 579.031494140625
v -1277.824462890625 1577.0323486328125 559.0272827148438
v -1277.8602294921875 1611.07568359375 600.7469482421875
v -1277.96337890625 1597.7135009765625 580.277587890625
v -1592.634765625 874.4873657226562 1024.3353271484375
v -1592.498291015625 874.7421264648438 1024.317138671875
v -1592.3619384765625 874.9969482421875 1024.298828125
v -1592.0887451171875 875.5067138671875 1024.262451171875
v -1591.541748046875 876.5269165039062 1024.189208984375
v -1590.444091796875 878.5700073242188 1024.0419921875
v -1588.23388671875 882.66796875 1023.74365234375
v -1586.0025634765625 886.7835693359375 1023.4400634765625
v -1583.7486572265625 890.919189453125 1023.130859375
v -1581.481689453125 895.0565795898438 1022.8174438476562
v -1580.36865234375 897.0800170898438 1022.6626586914062
v -1579.2843017578125 899.0462036132812 1022.5112915039062
v -1577.098388671875 902.9954833984375 1022.2044677734375
v -1574.890380859375 906.9655151367188 1021.892333984375
v -1572.6614990234375 910.9541625976562 1021.5751953125
v -1570.4130859375 914.959228515625 1021.253173828125
v -1568.1466064453125 918.9783935546875 1020.926513671875
v -1565.8634033203125 923.0094604492188 1020.5953979492188
v -1561.2520751953125 931.0980834960938 1019.9207763671875
v -1556.5902099609375 939.2067260742188 1019.2308959960938
v -1551.88916015625 947.3165283203125 1018.5277099609375
v -1547.160400390625 955.40869140625 1017.8128662109375
v -1546.8642578125 955.9133911132812 1017.767822265625
v -1546.56787109375 956.418212890625 1017.7227783203125
v -1545.974365234375 957.4281005859375 1017.6324462890625
v -1544.78515625 959.4490356445312 1017.4510498046875
v -1542.397705078125 963.493896484375 1017.0855102539062
v -1537.593994140625 971.5834350585938 1016.3445434570312
v -1532.7657470703125 979.6488037109375 1015.5924072265625
v -1527.9293212890625 987.6614379882812 1014.8314819335938
v -1525.5133056640625 991.638916015625 1014.448486328125
v -1523.1016845703125 995.5924072265625 1014.0642700195312
v -1520.6964111328125 999.5183715820312 1013.67919921875
v -1518.2996826171875 1003.4132080078125 1013.29345703125
v -1515.91357421875 1007.2733764648438 1012.9075317382812
v -1513.5401611328125 1011.095458984375 1012.5216064453125
v -1511.11669921875 1014.979736328125 1012.12548828125
v -1508.5428466796875 1019.0840454101562 1011.7024536132812
v -1505.980712890625 1023.14794921875 1011.27880859375
v -1503.4281005859375 1027.17431640625 1010.854248046875
v -1500.883544921875 1031.1656494140625 1010.428466796875
v -1498.3450927734375 1035.125 1010.0011596679688
v -1495.810791015625 1039.0550537109375 1009.5719604492188
v -1493.2789306640625 1042.9583740234375 1009.140625
v -1488.2152099609375 1050.6964111328125 1008.2701416015625
v -1483.13916015625 1058.3612060546875 1007.3870849609375
v -1482.5030517578125 1059.315185546875 1007.2756958007812
v -1482.184814453125 1059.7919921875 1007.2199096679688
v -1482.0257568359375 1060.0302734375 1007.1920166015625
v -1481.8665771484375 1060.2685546875 1007.1640625
v -1480.593017578125 1062.17138671875 1006.9403076171875
v -1478.0452880859375 1065.96142578125 1006.4906005859375
v -1472.939697265625 1073.48974609375 1005.5819091796875
v -1467.8077392578125 1080.969970703125 1004.6586303710938
v -1462.63427734375 1088.427001953125 1003.718505859375
v -1457.40380859375 1095.8865966796875 1002.7589111328125
v -1454.7623291015625 1099.62548828125 1002.2711181640625
v -1452.1005859375 1103.375 1001.7774658203125
v -1450.761474609375 1105.254638671875 1001.5283813476562
v -1449.453125 1107.087158203125 1001.2846069335938
v -1446.8267822265625 1110.75341796875 1000.7938232421875
v -1444.1817626953125 1114.4298095703125 1000.2976684570312
v -1442.852294921875 1116.2716064453125 1000.047607421875
v -1442.519287109375 1116.7322998046875 999.9849243164062
v -1442.3526611328125 1116.9627685546875 999.9535522460938
v -1442.1859130859375 1117.1932373046875 999.922119140625
v -1441.5184326171875 1118.115478515625 999.7963256835938
v -1436.1397705078125 1125.510009765625 998.7781982421875
v -1434.834228515625 1127.294921875 998.530029296875
v -1434.18017578125 1128.1878662109375 998.4054565429688
v -1433.8526611328125 1128.634521484375 998.3430786132812
v -1433.5250244140625 1129.0811767578125 998.2806396484375
v -1430.8958740234375 1132.65673828125 997.778564453125
v -1425.595947265625 1139.81689453125 996.7611694335938
v -1425.262939453125 1140.2646484375 996.6969604492188
v -1425.096435546875 1140.488525390625 996.6648559570312
v -1424.9298095703125 1140.71240234375 996.6327514648438
v -1424.2628173828125 1141.6080322265625 996.5040893554688
v -1422.926513671875 1143.3992919921875 996.2459106445312
v -1420.2447509765625 1146.9815673828125 995.7265014648438
v -1417.551513671875 1150.562744140625 995.2029418945312
v -1416.8763427734375 1151.4576416015625 995.0714111328125
v -1416.70751953125 1151.681396484375 995.0385131835938
v -1416.53857421875 1151.905029296875 995.0055541992188
v -1416.2005615234375 1152.3524169921875 994.9396362304688
v -1414.8470458984375 1154.141357421875 994.67529296875
v -1409.4078369140625 1161.28564453125 993.6079711914062
v -1408.0421142578125 1163.068115234375 993.3386840820312
v -1406.6741943359375 1164.848876953125 993.0684204101562
v -1403.93212890625 1168.4039306640625 992.5250854492188
v -1401.18212890625 1171.9495849609375 991.9779663085938
v -1399.804443359375 1173.7183837890625 991.7030029296875
v -1399.1148681640625 1174.601806640625 991.565185546875
v -1398.77001953125 1175.043212890625 991.4962158203125
v -1398.4249267578125 1175.484375 991.4271240234375
v -1392.8919677734375 1182.5146484375 990.3145751953125
v -1390.117431640625 1186.0072021484375 989.7529296875
v -1387.3385009765625 1189.4822998046875 989.1878051757812
v -1384.555908203125 1192.9381103515625 988.6192016601562
v -1381.770263671875 1196.3731689453125 988.0473022460938
v -1381.421875 1196.801025390625 987.9755249023438
v -1381.0731201171875 1197.2288818359375 987.9036865234375
v -1380.363525390625 1198.0982666015625 987.75732421875
v -1378.9437255859375 1199.832763671875 987.4639892578125
v -1376.1021728515625 1203.2840576171875 986.8745727539062
v -1370.4093017578125 1210.11669921875 985.6844482421875
v -1364.7010498046875 1216.857421875 984.4785766601562
v -1361.840087890625 1220.1937255859375 983.869384765625
v -1358.9151611328125 1223.575439453125 983.2433471679688
v -1353.0218505859375 1230.2994384765625 981.9717407226562
v -1351.544189453125 1231.966552734375 981.6508178710938
v -1351.174560546875 1232.3824462890625 981.5703735351562
v -1350.9896240234375 1232.59033203125 981.5301513671875
v -1350.8046875 1232.7979736328125 981.4898681640625
v -1350.0648193359375 1233.628173828125 981.32861328125
v -1347.099853515625 1236.9356689453125 980.6803588867188
v -1344.12646484375 1240.2225341796875 980.0267944335938
v -1341.1441650390625 1243.4893798828125 979.367919921875
v -1340.7706298828125 1243.8963623046875 979.28515625
v -1340.5838623046875 1244.0997314453125 979.2437744140625
v -1340.3970947265625 1244.302978515625 979.2023315429688
v -1339.6494140625 1245.1153564453125 979.036376953125
v -1338.152099609375 1246.73681640625 978.7034912109375
v -1335.1495361328125 1249.966064453125 978.0333251953125
v -1332.1358642578125 1253.177734375 977.357421875
v -1329.110595703125 1256.372802734375 976.675537109375
v -1326.072509765625 1259.5526123046875 975.987548828125
v -1323.02099609375 1262.7181396484375 975.2933349609375
v -1319.955322265625 1265.87060546875 974.5927124023438
v -1318.398193359375 1267.46142578125 974.2357177734375
v -1316.8094482421875 1269.0775146484375 973.87060546875
v -1310.4207763671875 1275.507568359375 972.3948364257812
v -1303.98974609375 1281.8787841796875 970.897705078125
v -1303.18359375 1282.670654296875 970.7092895507812
v -1302.98193359375 1282.8685302734375 970.6621704101562
v -1302.7803955078125 1283.0662841796875 970.614990234375
v -1302.3770751953125 1283.461669921875 970.5206298828125
v -1300.7630615234375 1285.0401611328125 970.142578125
v -1297.532470703125 1288.1837158203125 969.3840942382812
v -1291.06640625 1294.414794921875 967.8590087890625
v -1287.8345947265625 1297.5009765625 967.0935668945312
v -1287.0269775390625 1298.269287109375 966.9020385742188
v -1286.6234130859375 1298.653076171875 966.8062133789062
v -1286.5224609375 1298.7489013671875 966.7822265625
v -1286.4215087890625 1298.8447265625 966.75830078125
v -1286.2197265625 1299.036376953125 966.7103881835938
v -1284.606201171875 1300.5665283203125 966.3269653320312
v -1281.383544921875 1303.6103515625 965.5599365234375
v -1279.7750244140625 1305.1236572265625 965.1763916015625
v -1278.9715576171875 1305.8782958984375 964.9846801757812
v -1278.570068359375 1306.2550048828125 964.8887939453125
v -1278.369384765625 1306.4432373046875 964.8408813476562
v -1278.26904296875 1306.537353515625 964.81689453125
v -1278.168701171875 1306.63134765625 964.79296875
v -1274.963623046875 1309.6285400390625 964.0266723632812
v -1271.7703857421875 1312.600830078125 963.2616577148438
v -1270.1787109375 1314.0772705078125 962.8797607421875
v -1269.97998046875 1314.2613525390625 962.83203125
v -1269.7813720703125 1314.4453125 962.7843627929688
v -1269.38427734375 1314.81298828125 962.68896484375
v -1268.5908203125 1315.5469970703125 962.4983520507812
v -1265.42724609375 1318.4654541015625 961.7374877929688
v -1262.2813720703125 1321.35498046875 960.9794311523438
v -1261.8895263671875 1321.7139892578125 960.8849487304688
v -1261.6937255859375 1321.8934326171875 960.8377075195312
v -1261.5958251953125 1321.9830322265625 960.8140869140625
v -1261.4979248046875 1322.0726318359375 960.7904663085938
v -1260.7158203125 1322.788330078125 960.6016845703125
v -1259.1553955078125 1324.2137451171875 960.2247924804688
v -1256.051513671875 1327.039794921875 959.4739990234375
v -1254.5084228515625 1328.43994140625 959.1002197265625
v -1252.9234619140625 1329.87451171875 958.7158813476562
v -1249.4013671875 1333.049560546875 957.8603515625
v -1245.9105224609375 1336.177490234375 957.0103149414062
v -1245.73388671875 1336.3353271484375 956.9672241210938
v -1245.6455078125 1336.4141845703125 956.9456787109375
v -1245.5572509765625 1336.4930419921875 956.9241333007812
v -1245.2042236328125 1336.8079833984375 956.8380126953125
v -1244.4990234375 1337.4366455078125 956.6659545898438
v -1243.0919189453125 1338.6884765625 956.322265625
v -1240.2908935546875 1341.170166015625 955.636962890625
v -1238.896484375 1342.400146484375 955.2952270507812
v -1238.2008056640625 1343.012451171875 955.1245727539062
v -1238.1138916015625 1343.0888671875 955.1032104492188
v -1238.0269775390625 1343.165283203125 955.0819091796875
v -1237.853271484375 1343.3179931640625 955.0392456054688
v -1237.5059814453125 1343.623046875 954.9539794921875
v -1234.735595703125 1346.0479736328125 954.2728881835938
v -1231.978515625 1348.44580078125 953.5932006835938
v -1229.2332763671875 1350.8167724609375 952.9146728515625
v -1223.7738037109375 1355.479736328125 951.5592651367188
v -1223.093994140625 1356.0552978515625 951.3899536132812
v -1222.4146728515625 1356.629150390625 951.2205810546875
v -1221.0572509765625 1357.7723388671875 950.8817138671875
v -1218.34716796875 1360.040283203125 950.20361328125
v -1212.94189453125 1364.5025634765625 948.8441772460938
v -1207.548828125 1368.8687744140625 947.47802734375
v -1206.8751220703125 1369.4078369140625 947.3067016601562
v -1206.7066650390625 1369.5423583984375 947.2637939453125
v -1206.538330078125 1369.6767578125 947.220947265625
v -1206.201416015625 1369.9454345703125 947.1351318359375
v -1204.85400390625 1371.016357421875 946.7915649414062
v -1202.158447265625 1373.1409912109375 946.1022338867188
v -1199.461181640625 1375.2430419921875 945.4097290039062
v -1199.123779296875 1375.504150390625 945.3229370117188
v -1198.955078125 1375.6346435546875 945.2794799804688
v -1198.786376953125 1375.7650146484375 945.2360229492188
v -1198.1114501953125 1376.2855224609375 945.0621337890625
v -1196.7607421875 1377.3226318359375 944.713623046875
v -1194.05615234375 1379.3802490234375 944.0135498046875
v -1191.3463134765625 1381.4161376953125 943.3092651367188
v -1189.94775390625 1382.4566650390625 942.944580078125
v -1188.512451171875 1383.517333984375 942.5695190429688
v -1185.6361083984375 1385.6199951171875 941.8153076171875
v -1184.195068359375 1386.6617431640625 941.4361572265625
v -1182.7320556640625 1387.711181640625 941.0502319335938
v -1179.767578125 1389.8118896484375 940.2654418945312
v -1176.7950439453125 1391.8824462890625 939.474365234375
v -1176.4228515625 1392.1390380859375 939.3750610351562
v -1176.0506591796875 1392.3951416015625 939.275634765625
v -1175.3056640625 1392.9058837890625 939.0764770507812
v -1173.814208984375 1393.9212646484375 938.6768798828125
v -1170.8248291015625 1395.927001953125 937.8727416992188
v -1170.076171875 1396.4232177734375 937.670654296875
v -1169.888916015625 1396.546875 937.6200561523438
v -1169.70166015625 1396.67041015625 937.5693969726562
v -1169.3270263671875 1396.9171142578125 937.4680786132812
v -1167.826904296875 1397.8985595703125 937.0617065429688
v -1164.8201904296875 1399.8350830078125 936.24365234375
v -1163.3133544921875 1400.789794921875 935.8319702148438
v -1162.9364013671875 1401.027099609375 935.728759765625
v -1162.747802734375 1401.1455078125 935.6771240234375
v -1162.5592041015625 1401.2637939453125 935.6254272460938
v -1161.8043212890625 1401.7354736328125 935.41845703125
v -1158.7794189453125 1403.5994873046875 934.5859375
v -1155.7449951171875 1405.426513671875 933.7459716796875
v -1155.5550537109375 1405.5394287109375 933.6932373046875
v -1155.364990234375 1405.6522216796875 933.6404418945312
v -1154.98486328125 1405.87744140625 933.5347900390625
v -1154.2242431640625 1406.3260498046875 933.3231811523438
v -1152.7010498046875 1407.2164306640625 932.8984985351562
v -1149.647216796875 1408.96923828125 932.0433959960938
v -1148.8822021484375 1409.401611328125 931.8284301757812
v -1148.49951171875 1409.616943359375 931.7208251953125
v -1148.3079833984375 1409.724365234375 931.6669311523438
v -1148.1165771484375 1409.8316650390625 931.613037109375
v -1146.5833740234375 1410.68505859375 931.1807250976562
v -1143.5093994140625 1412.3642578125 930.3103637695312
v -1141.968505859375 1413.1903076171875 929.872314453125
v -1141.1971435546875 1413.5999755859375 929.6525268554688
v -1141.004150390625 1413.7020263671875 929.5975341796875
v -1140.8111572265625 1413.803955078125 929.54248046875
v -1140.425048828125 1414.0074462890625 929.4323120117188
v -1137.330078125 1415.615234375 928.546630859375
v -1134.224365234375 1417.1885986328125 927.6533203125
v -1133.4462890625 1417.57666015625 927.4288330078125
v -1132.6676025390625 1417.962646484375 927.203857421875
v -1131.10791015625 1418.7283935546875 926.7525024414062
v -1127.9803466796875 1420.23583984375 925.8441772460938
v -1126.4124755859375 1420.977783203125 925.3872680664062
v -1124.783447265625 1421.7392578125 924.9114990234375
v -1118.2066650390625 1424.718017578125 922.9797973632812
v -1111.6025390625 1427.5582275390625 921.0230102539062
v -1104.9766845703125 1430.259765625 919.0429077148438
v -1098.333984375 1432.822265625 917.0413208007812
v -1095.0079345703125 1434.051025390625 916.032958984375
v -1094.5919189453125 1434.2021484375 915.9065551757812
v -1094.384033203125 1434.2774658203125 915.8433227539062
v -1094.176025390625 1434.352783203125 915.7800903320312
v -1093.3447265625 1434.6519775390625 915.5272216796875
v -1091.6854248046875 1435.2425537109375 915.0216064453125
v -1088.3787841796875 1436.392822265625 914.0110473632812
v -1085.086669921875 1437.5028076171875 913.0009765625
v -1078.5391845703125 1439.6058349609375 910.9801025390625
v -1072.028076171875 1441.5582275390625 908.9547729492188
v -1068.7816162109375 1442.479248046875 907.9390258789062
v -1065.5389404296875 1443.3642578125 906.9204711914062
v -1062.298095703125 1444.213134765625 905.8984985351562
v -1060.6097412109375 1444.64111328125 905.364501953125
v -1058.86279296875 1445.0738525390625 904.8107299804688
v -1055.3961181640625 1445.9012451171875 903.7083740234375
v -1051.9581298828125 1446.680908203125 902.6105346679688
v -1045.7603759765625 1447.9830322265625 900.6196899414062
v -1039.5745849609375 1449.149169921875 898.6174926757812
v -1036.4698486328125 1449.6839599609375 897.6068725585938
v -1035.6912841796875 1449.8128662109375 897.3528442382812
v -1035.49658203125 1449.8447265625 897.289306640625
v -1035.3018798828125 1449.87646484375 897.2257080078125
v -1034.912841796875 1449.9395751953125 897.0986328125
v -1033.3599853515625 1450.1859130859375 896.5907592773438
v -1027.1890869140625 1451.0814208984375 894.5631103515625
v -1014.89111328125 1452.4696044921875 890.477294921875
v -1011.792236328125 1452.737060546875 889.4383544921875
v -1010.2351684570312 1452.8590087890625 888.9149780273438
v -1009.844970703125 1452.8883056640625 888.78369140625
v -1009.454833984375 1452.9171142578125 888.65234375
v -1008.6768798828125 1452.9730224609375 888.3901977539062
v -1005.5601806640625 1453.1763916015625 887.337890625
v -1002.4354858398438 1453.3477783203125 886.2792358398438
v -999.3021240234375 1453.4873046875 885.2139892578125
v -997.7319946289062 1453.545166015625 884.6787719726562
v -996.1793823242188 1453.594482421875 884.148681640625
v -993.0921630859375 1453.669677734375 883.092041015625
v -989.9967041015625 1453.7149658203125 882.0291748046875
v -983.7860107421875 1453.718017578125 879.8866577148438
v -982.2300415039062 1453.700927734375 879.347900390625
v -981.45166015625 1453.689697265625 879.0780639648438
v -981.0623779296875 1453.6834716796875 878.9430541992188
v -980.6730346679688 1453.6767578125 878.8079223632812
v -977.5565185546875 1453.607666015625 877.724853515625
v -971.3170166015625 1453.3887939453125 875.5472412109375
v -968.1953735351562 1453.240234375 874.4534301757812
v -966.6343994140625 1453.156494140625 873.9053344726562
v -965.8538818359375 1453.1123046875 873.6310424804688
v -965.0733642578125 1453.066650390625 873.3565673828125
v -958.8307495117188 1452.647216796875 871.1552124023438
v -952.5929565429688 1452.1370849609375 868.9451904296875
v -949.4765625 1451.8499755859375 867.8374633789062
v -948.69775390625 1451.7750244140625 867.5602416992188
v -947.9190673828125 1451.69873046875 867.282958984375
v -946.3621215820312 1451.542724609375 866.7280883789062
v -940.1397094726562 1450.871337890625 864.505126953125
v -933.92626953125 1450.1307373046875 862.2774658203125
v -932.4044799804688 1449.9395751953125 861.730712890625
v -930.889892578125 1449.7454833984375 861.1861572265625
v -927.8565063476562 1449.3463134765625 860.0942993164062
v -921.7747192382812 1448.5042724609375 857.9005737304688
v -915.6767578125 1447.607666015625 855.695068359375
v -909.5679931640625 1446.660400390625 853.4801025390625
v -906.511474609375 1446.1690673828125 852.369873046875
v -905.7472534179688 1446.0445556640625 852.092041015625
v -905.3651123046875 1445.98193359375 851.953125
v -904.9830322265625 1445.919189453125 851.814208984375
v -903.4539794921875 1445.6666259765625 851.2579956054688
v -897.3242797851562 1444.627685546875 849.025390625
v -891.1622314453125 1443.5433349609375 846.7765502929688
v -884.954345703125 1442.4134521484375 844.5066528320312
v -881.8290405273438 1441.831298828125 843.3624267578125
v -878.6874389648438 1441.237548828125 842.211181640625
v -875.58349609375 1440.642822265625 841.0728759765625
v -872.5339965820312 1440.0509033203125 839.9536743164062
v -871.001953125 1439.7508544921875 839.39111328125
v -869.4935913085938 1439.45361328125 838.8369750976562
v -866.5572509765625 1438.870361328125 837.7578735351562
v -863.6048583984375 1438.27783203125 836.6720581054688
v -860.6370849609375 1437.6763916015625 835.5800170898438
v -857.6548461914062 1437.066650390625 834.48193359375
v -854.658935546875 1436.448974609375 833.3782958984375
v -854.235595703125 1436.3612060546875 833.2222900390625
v -854.1297607421875 1436.33935546875 833.1832885742188
v -854.0238647460938 1436.3173828125 833.144287109375
v -853.8120727539062 1436.2734375 833.0662231445312
v -852.9642333984375 1436.0972900390625 832.7537231445312
v -851.2657470703125 1435.743408203125 832.1276245117188
v -847.85791015625 1435.0291748046875 830.8709716796875
v -844.4366455078125 1434.306640625 829.6087036132812
v -841.0029907226562 1433.57666015625 828.3412475585938
v -839.2818603515625 1433.208984375 827.705810546875
v -838.4202880859375 1433.0245361328125 827.3876342773438
v -838.204833984375 1432.9783935546875 827.3080444335938
v -837.9892578125 1432.93212890625 827.2284545898438
v -837.55810546875 1432.839599609375 827.0691528320312
v -834.1033325195312 1432.0963134765625 825.7930297851562
v -830.6400146484375 1431.3472900390625 824.5132446289062
v -827.169189453125 1430.59326171875 823.2302856445312
v -823.6917114257812 1429.83447265625 821.9445190429688
v -822.8214111328125 1429.6441650390625 821.6226806640625
v -822.6038208007812 1429.5965576171875 821.5421752929688
v -822.3861694335938 1429.548828125 821.461669921875
v -821.9508056640625 1429.4534912109375 821.3007202148438
v -820.208740234375 1429.0716552734375 820.6563720703125
v -813.2313232421875 1427.5361328125 818.0750122070312
v -809.7386474609375 1426.76416015625 816.7825317382812
v -806.2536010742188 1425.9921875 815.4926147460938
v -802.8489990234375 1425.236328125 814.2323608398438
v -799.4434204101562 1424.4788818359375 812.9714965820312
v -796.0364990234375 1423.7196044921875 811.7100219726562
v -795.1845092773438 1423.5294189453125 811.39453125
v -794.7584838867188 1423.434326171875 811.2367553710938
v -794.3324584960938 1423.3392333984375 811.0789794921875
v -792.6278686523438 1422.95849609375 810.44775390625
v -789.2171020507812 1422.195556640625 809.1845092773438
v -785.8037109375 1421.4305419921875 807.9201049804688
v -784.095947265625 1421.047119140625 807.2874755859375
v -783.2418212890625 1420.8553466796875 806.9710693359375
v -782.8146362304688 1420.75927734375 806.8128051757812
v -782.387451171875 1420.663330078125 806.654541015625
v -778.9678955078125 1419.893798828125 805.3875122070312
v -775.5446166992188 1419.1217041015625 804.1189575195312
v -772.1173095703125 1418.346923828125 802.8486328125
v -771.2598266601562 1418.1527099609375 802.5308227539062
v -771.04541015625 1418.104248046875 802.4513549804688
v -770.8309936523438 1418.0556640625 802.371826171875
v -770.4020385742188 1417.9583740234375 802.2128295898438
v -768.6856689453125 1417.5692138671875 801.5765380859375
v -765.249267578125 1416.7882080078125 800.3024291992188
v -761.807861328125 1416.00390625 799.0261840820312
v -760.0851440429688 1415.6103515625 798.3872680664062
v -759.2233276367188 1415.4132080078125 798.0675659179688
v -758.3720703125 1415.2183837890625 797.7517700195312
v -751.5567016601562 1413.652099609375 795.222900390625
v -744.7146606445312 1412.068115234375 792.6828002929688
v -742.9995727539062 1411.6690673828125 792.0458374023438
v -741.3096313476562 1411.2750244140625 791.4180908203125
v -737.9375610351562 1410.4864501953125 790.1653442382812
v -731.1735229492188 1408.8953857421875 787.6513671875
v -724.385986328125 1407.2864990234375 785.1272583007812
v -717.57861328125 1405.6607666015625 782.5942993164062
v -710.7548217773438 1404.0194091796875 780.053955078125
v -703.91943359375 1402.3636474609375 777.508056640625
v -697.0772705078125 1400.6949462890625 774.9583740234375
v -690.2317504882812 1399.0146484375 772.4061279296875
v -683.3861083984375 1397.32373046875 769.8526000976562
v -679.96435546875 1396.474609375 768.5757446289062
v -679.1090698242188 1396.261962890625 768.256591796875
v -678.895263671875 1396.2088623046875 768.1768188476562
v -678.7883911132812 1396.1822509765625 768.1369018554688
v -678.7816772460938 1396.1805419921875 768.1343994140625
v -678.7750244140625 1396.178955078125 768.1318969726562
v -678.76171875 1396.1756591796875 768.126953125
v -678.7352294921875 1396.1690673828125 768.1170654296875
v -678.6821899414062 1396.15576171875 768.0972900390625
v -678.2577514648438 1396.0501708984375 767.9389038085938
v -676.5602416992188 1395.62744140625 767.3052978515625
v -669.7730712890625 1393.9306640625 764.7713623046875
v -662.9879150390625 1392.223388671875 762.2368774414062
v -659.5951538085938 1391.365478515625 760.9691162109375
v -657.8985595703125 1390.935302734375 760.3350219726562
v -657.474365234375 1390.82763671875 760.1764526367188
v -657.0501708984375 1390.719970703125 760.0178833007812
v -656.2017211914062 1390.50439453125 759.7007446289062
v -649.4103393554688 1388.771728515625 757.1612548828125
v -642.6100463867188 1387.0240478515625 754.6170043945312
v -635.7977905273438 1385.2601318359375 752.0667724609375
v -632.2289428710938 1384.330810546875 750.7301635742188
v -628.6585083007812 1383.3973388671875 749.3925170898438
v -621.50146484375 1381.514404296875 746.7098388671875
v -614.32666015625 1379.6107177734375 744.0186767578125
v -607.2573852539062 1377.7188720703125 741.3652954101562
v -600.1654663085938 1375.80517578125 738.70166015625
v -593.0534057617188 1373.8704833984375 736.0286254882812
v -585.9238891601562 1371.915283203125 733.3472290039062
v -584.1390380859375 1371.4234619140625 732.6757202148438
v -583.2462768554688 1371.1771240234375 732.3397827148438
v -582.7998046875 1371.0537109375 732.1717529296875
v -582.353271484375 1370.930419921875 732.0037231445312
v -578.7794189453125 1369.940673828125 730.6585693359375
v -571.623779296875 1367.9476318359375 727.9638671875
v -568.0425415039062 1366.9444580078125 726.6146240234375
v -567.1469116210938 1366.6929931640625 726.277099609375
v -566.6990356445312 1366.5672607421875 726.1083374023438
v -566.2511596679688 1366.4412841796875 725.9395751953125
v -564.4594116210938 1365.93701171875 725.2642211914062
v -557.2894287109375 1363.90966796875 722.5607299804688
v -553.7030029296875 1362.8900146484375 721.2078247070312
v -550.1212158203125 1361.8677978515625 719.856201171875
v -543.0151977539062 1359.8287353515625 717.1734619140625
v -535.9088134765625 1357.7747802734375 714.4888916015625
v -534.1322021484375 1357.2589111328125 713.8174438476562
v -533.6880493164062 1357.1298828125 713.6495971679688
v -533.243896484375 1357.0006103515625 713.481689453125
v -532.3555908203125 1356.7421875 713.1459350585938
v -528.8023681640625 1355.7056884765625 711.8026123046875
v -521.6963500976562 1353.6214599609375 709.11474609375
v -518.1435546875 1352.5736083984375 707.7702026367188
v -517.25537109375 1352.31103515625 707.4340209960938
v -516.811279296875 1352.1795654296875 707.2659301757812
v -516.5892944335938 1352.1138916015625 707.181884765625
v -516.478271484375 1352.0810546875 707.1398315429688
v -516.4713134765625 1352.0789794921875 707.13720703125
v -516.4644165039062 1352.076904296875 707.1345825195312
v -516.4505615234375 1352.07275390625 707.1293334960938
v -516.4228515625 1352.0645751953125 707.1188354492188
v -516.3674926757812 1352.0482177734375 707.097900390625
v -514.5951538085938 1351.52294921875 706.4268798828125
v -507.50665283203125 1349.411865234375 703.7420043945312
v -503.9630126953125 1348.35009765625 702.3991088867188
v -502.19134521484375 1347.817626953125 701.7275390625
v -501.3055725097656 1347.5509033203125 701.3916625976562
v -500.4198303222656 1347.2840576171875 701.0558471679688
v -493.3352355957031 1345.1385498046875 698.368408203125
v -489.7939147949219 1344.058837890625 697.0242919921875
v -488.02349853515625 1343.5172119140625 696.35205078125
v -487.1383361816406 1343.245849609375 696.0159301757812
v -486.69580078125 1343.110107421875 695.8478393554688
v -486.66815185546875 1343.1015625 695.8373413085938
v -486.654296875 1343.097412109375 695.8320922851562
v -486.6508483886719 1343.0963134765625 695.830810546875
v -486.64910888671875 1343.0958251953125 695.8301391601562
v -486.64739990234375 1343.09521484375 695.8294677734375
v -486.6405029296875 1343.0931396484375 695.8268432617188
v -486.5854797363281 1343.076171875 695.8059692382812
v -486.47540283203125 1343.04248046875 695.76416015625
v -486.2552490234375 1342.974853515625 695.6805419921875
v -479.211181640625 1340.801513671875 693.0039672851562
v -472.16796875 1338.6094970703125 690.3255615234375
v -471.28753662109375 1338.334228515625 689.9906005859375
v -470.4071044921875 1338.0587158203125 689.6555786132812
v -468.6461486816406 1337.5068359375 688.9855346679688
v -465.12384033203125 1336.4000244140625 687.6448364257812
v -458.07708740234375 1334.1748046875 684.96142578125
v -456.3148193359375 1333.6162109375 684.2901611328125
v -455.43359375 1333.3365478515625 683.9544067382812
v -454.9929504394531 1333.1966552734375 683.7865600585938
v -454.5522766113281 1333.0567626953125 683.61865234375
v -451.0262756347656 1331.935302734375 682.2750244140625
v -443.97003173828125 1329.68359375 679.5853881835938
v -440.43951416015625 1328.5535888671875 678.2392578125
v -439.5566101074219 1328.270751953125 677.902587890625
v -439.1151428222656 1328.1292724609375 677.7342529296875
v -438.6736145019531 1327.98779296875 677.5658569335938
v -436.9072570800781 1327.4212646484375 676.8922729492188
v -429.8369445800781 1325.15087890625 674.1956176757812
v -426.2987060546875 1324.01318359375 672.845947265625
v -424.52880859375 1323.4439697265625 672.1707763671875
v -423.6436462402344 1323.1591796875 671.8331298828125
v -423.2010192871094 1323.016845703125 671.664306640625
v -422.97967529296875 1322.945556640625 671.579833984375
v -422.8690185546875 1322.9100341796875 671.5376586914062
v -422.8413391113281 1322.901123046875 671.527099609375
v -422.837890625 1322.9000244140625 671.5257568359375
v -422.8361511230469 1322.8994140625 671.5250854492188
v -422.8344421386719 1322.89892578125 671.5244750976562
v -422.82757568359375 1322.8966064453125 671.5218505859375
v -422.8138427734375 1322.8922119140625 671.5166015625
v -422.75885009765625 1322.87451171875 671.49560546875
v -415.7196350097656 1320.609619140625 668.810302734375
v -412.1977844238281 1319.4761962890625 667.466796875
v -410.4364929199219 1318.9093017578125 666.7948608398438
v -409.55572509765625 1318.625732421875 666.4588623046875
v -408.6749572753906 1318.34228515625 666.1228637695312
v -401.5186462402344 1316.0382080078125 663.3927612304688
v -397.940673828125 1314.8861083984375 662.0277709960938
v -396.15191650390625 1314.31005859375 661.3453369140625
v -395.7047424316406 1314.166015625 661.1747436523438
v -395.6767883300781 1314.1571044921875 661.1640625
v -395.6628112792969 1314.152587890625 661.1587524414062
v -395.65582275390625 1314.1502685546875 661.1560668945312
v -395.6540832519531 1314.1497802734375 661.1553955078125
v -395.65234375 1314.149169921875 661.1547241210938
v -395.6488342285156 1314.1480712890625 661.1533813476562
v -395.59283447265625 1314.1300048828125 661.1320190429688
v -395.4808044433594 1314.093994140625 661.0892944335938
v -395.2567443847656 1314.0218505859375 661.0037841796875
v -394.3606262207031 1313.7332763671875 660.6619262695312
v -387.19427490234375 1311.425537109375 657.9279174804688
v -380.03326416015625 1309.120361328125 655.196044921875
v -378.24395751953125 1308.5445556640625 654.5134887695312
v -377.3494567871094 1308.2567138671875 654.1722412109375
v -376.9022521972656 1308.11279296875 654.0016479492188
v -376.455078125 1307.968994140625 653.8310546875
v -372.8786315917969 1306.818603515625 652.466796875
v -365.7314453125 1304.521484375 649.7406005859375
v -358.5923156738281 1302.2303466796875 647.0178833007812
v -358.53656005859375 1302.2125244140625 646.99658203125
v -358.5086975097656 1302.20361328125 646.9859619140625
v -358.5017395019531 1302.2012939453125 646.9833374023438
v -358.4947509765625 1302.1990966796875 646.9806518554688
v -358.4808044433594 1302.194580078125 646.975341796875
v -358.3692321777344 1302.1588134765625 646.9328002929688
v -358.14605712890625 1302.0872802734375 646.84765625
v -357.6997375488281 1301.9442138671875 646.677490234375
v -356.80718994140625 1301.658203125 646.337158203125
v -355.0224304199219 1301.0863037109375 645.6565551757812
v -351.4539489746094 1299.9439697265625 644.2959594726562
v -344.3193359375 1297.6641845703125 641.5760498046875
v -342.5357971191406 1297.0953369140625 640.896240234375
v -340.75213623046875 1296.5267333984375 640.2164306640625
v -337.1839904785156 1295.390625 638.8566284179688
v -330.04290771484375 1293.122314453125 636.1358032226562
v -328.2562561035156 1292.5560302734375 635.4552001953125
v -327.3627014160156 1292.27294921875 635.1148071289062
v -326.9158630371094 1292.1314697265625 634.9446411132812
v -326.4689636230469 1291.989990234375 634.7744140625
v -322.8918762207031 1290.8585205078125 633.4120483398438
v -315.7260437011719 1288.5980224609375 630.68359375
v -312.1363830566406 1287.4686279296875 629.317138671875
v -311.2381896972656 1287.1864013671875 628.9752197265625
v -311.0135803222656 1287.1158447265625 628.8897705078125
v -310.7889709472656 1287.0452880859375 628.8042602539062
v -310.33966064453125 1286.9041748046875 628.6332397460938
v -308.54156494140625 1286.3397216796875 627.9489135742188
v -301.3338928222656 1284.0823974609375 625.2063598632812
v -297.7202453613281 1282.9537353515625 623.8317260742188
v -295.9107666015625 1282.3892822265625 623.1434326171875
v -295.00537109375 1282.1070556640625 622.799072265625
v -294.1114807128906 1281.8284912109375 622.4591064453125
v -290.5344543457031 1280.7152099609375 621.098876953125
v -286.95050048828125 1279.6021728515625 619.7362060546875
v -279.76251220703125 1277.3780517578125 617.0042114257812
v -277.9615173339844 1276.82275390625 616.3198852539062
v -277.0604248046875 1276.5452880859375 615.9775390625
v -276.8350830078125 1276.4759521484375 615.8919677734375
v -276.77874755859375 1276.4586181640625 615.8705444335938
v -276.7505798339844 1276.449951171875 615.85986328125
v -276.7435302734375 1276.44775390625 615.857177734375
v -276.74176025390625 1276.447265625 615.8565063476562
v -276.7400207519531 1276.4466552734375 615.8558349609375
v -276.73651123046875 1276.445556640625 615.8544921875
v -276.7225036621094 1276.4412841796875 615.8491821289062
v -276.6104431152344 1276.4068603515625 615.806640625
v -276.162109375 1276.2689208984375 615.6362915039062
v -272.5726623535156 1275.1669921875 614.2730102539062
v -265.3814697265625 1272.9725341796875 611.5432739257812
v -258.1779479980469 1270.795654296875 608.811279296875
v -250.96694946289062 1268.641845703125 606.079345703125
v -243.7532501220703 1266.516845703125 603.3497314453125
v -236.54151916503906 1264.4267578125 600.6246948242188
v -232.93780517578125 1263.396484375 599.2645874023438
v -231.13673400878906 1262.885498046875 598.5852661132812
v -229.31570434570312 1262.3714599609375 597.8987426757812
v -222.00167846679688 1260.3350830078125 595.14453125
v -218.3498992919922 1259.3359375 593.7714233398438
v -216.52532958984375 1258.8411865234375 593.0858154296875
v -215.6133575439453 1258.5950927734375 592.7432861328125
v -215.157470703125 1258.472412109375 592.5720825195312
v -214.92953491210938 1258.4111328125 592.4865112304688
v -214.70162963867188 1258.349853515625 592.4009399414062
v -211.05686950683594 1257.3770751953125 591.033203125
v -207.41571044921875 1256.4180908203125 589.6682739257812
v -203.7782440185547 1255.4727783203125 588.3062133789062
v -200.1445770263672 1254.541748046875 586.947021484375
v -199.2367706298828 1254.3111572265625 586.607666015625
v -198.32899475097656 1254.08154296875 586.2684326171875
v -196.5109405517578 1253.6240234375 585.58935546875
v -192.86587524414062 1252.717041015625 584.2289428710938
v -185.5553741455078 1250.93994140625 581.5053100585938
v -178.24752807617188 1249.2203369140625 578.7891235351562
v -171.48074340820312 1247.679443359375 576.2798461914062
v -168.119140625 1246.9326171875 575.035400390625
v -166.43362426757812 1246.562744140625 574.4119873046875
v -164.71871948242188 1246.1895751953125 573.7780151367188
v -157.87075805664062 1244.7313232421875 571.2501220703125
v -154.4288330078125 1244.017333984375 569.9816284179688
v -150.93748474121094 1243.3057861328125 568.6964721679688
v -143.98226928710938 1241.9259033203125 566.140380859375
v -137.05372619628906 1240.599853515625 563.5996704101562
v -130.1398162841797 1239.323486328125 561.069580078125
v -129.2760009765625 1239.167236328125 560.7538452148438
v -128.4124298095703 1239.01171875 560.4382934570312
v -126.6876220703125 1238.703369140625 559.8082275390625
v -123.24638366699219 1238.0963134765625 558.5521850585938
v -116.38768768310547 1236.9189453125 556.0523681640625
v -115.95968627929688 1236.846923828125 555.8965454101562
v -115.7457046508789 1236.81103515625 555.8186645507812
v -115.53174591064453 1236.7750244140625 555.74072265625
v -114.67630004882812 1236.6318359375 555.4293823242188
v -112.96739196777344 1236.347900390625 554.8075561523438
v -109.55757904052734 1235.788818359375 553.5677490234375
v -106.15862274169922 1235.2418212890625 552.3330688476562
v -102.7707290649414 1234.706787109375 551.1035766601562
v -101.02508544921875 1234.4349365234375 550.470458984375
v -99.26033020019531 1234.1627197265625 549.8307495117188
v -95.73908233642578 1233.627197265625 548.5551147460938
v -92.2284927368164 1233.1026611328125 547.284423828125
v -88.7281494140625 1232.58837890625 546.0185546875
v -86.981689453125 1232.334716796875 545.3872680664062
v -86.54544830322266 1232.271728515625 545.2296142578125
v -86.32738494873047 1232.240234375 545.1507568359375
v -86.10935974121094 1232.2088623046875 545.072021484375
v -85.2375717163086 1232.0833740234375 544.7570190429688
v -81.75553894042969 1231.5870361328125 543.4993286132812
v -78.2811508178711 1231.098388671875 542.2452392578125
v -74.8137435913086 1230.61669921875 540.9943237304688
v -71.35266876220703 1230.1414794921875 539.746337890625
v -70.48831176757812 1230.0235595703125 539.434814453125
v -70.0562515258789 1229.9647216796875 539.279052734375
v -69.624267578125 1229.9058837890625 539.1233520507812
v -67.89698791503906 1229.6717529296875 538.5008544921875
v -64.44522094726562 1229.20703125 537.2572631835938
v -60.99648666381836 1228.74658203125 536.0151977539062
v -57.5499153137207 1228.2899169921875 534.7742919921875
v -55.827171325683594 1228.0628662109375 534.1542358398438
v -54.104644775390625 1227.8365478515625 533.5342407226562
v -47.212501525878906 1226.9371337890625 531.054443359375
v -43.763423919677734 1226.4901123046875 529.8137817382812
v -40.31111526489258 1226.04443359375 528.5721435546875
v -38.583465576171875 1225.822021484375 527.9508666992188
v -38.47544860839844 1225.80810546875 527.9119873046875
v -38.44844436645508 1225.8046875 527.9022827148438
v -38.434940338134766 1225.8028564453125 527.8974609375
v -38.43156814575195 1225.802490234375 527.896240234375
v -38.428184509277344 1225.802001953125 527.89501953125
v -38.421409606933594 1225.8011474609375 527.892578125
v -38.367218017578125 1225.794189453125 527.8731079101562
v -38.15044403076172 1225.7662353515625 527.795166015625
v -37.716835021972656 1225.7105712890625 527.6392211914062
v -36.849361419677734 1225.5989990234375 527.3272705078125
v -33.37589645385742 1225.153564453125 526.078369140625
v -29.896265029907227 1224.7088623046875 524.8274536132812
v -29.029752731323242 1224.598388671875 524.5159912109375
v -28.169410705566406 1224.4888916015625 524.2067260742188
v -26.44750213623047 1224.27001953125 523.5878295898438
v -19.544301986694336 1223.3974609375 521.1071166992188
v -12.618260383605957 1222.52978515625 518.6192016601562
v -5.672134876251221 1221.6669921875 516.1249389648438
v -2.1924102306365967 1221.2376708984375 514.8756713867188
v -1.7571580410003662 1221.18408203125 514.719482421875
v -1.3218470811843872 1221.1304931640625 514.5631713867188
v -0.45105335116386414 1221.0235595703125 514.2506103515625
v 1.2912044525146484 1220.8096923828125 513.6253051757812
v 8.26849365234375 1219.9581298828125 511.1214294433594
v 15.257203102111816 1219.1126708984375 508.6143798828125
v 22.25493621826172 1218.2735595703125 506.1049499511719
v 24.005496978759766 1218.0648193359375 505.4773254394531
v 24.88092041015625 1217.9605712890625 505.1634826660156
v 25.31866455078125 1217.9085693359375 505.0065612792969
v 25.537546157836914 1217.8824462890625 504.9280700683594
v 25.592267990112305 1217.8759765625 504.9084777832031
v 25.61962890625 1217.872802734375 504.8986511230469
v 25.63330841064453 1217.87109375 504.89373779296875
v 25.63501739501953 1217.8709716796875 504.89312744140625
v 25.636714935302734 1217.8707275390625 504.89251708984375
v 25.64011001586914 1217.870361328125 504.8913269042969
v 25.646902084350586 1217.8695068359375 504.8888854980469
v 25.755552291870117 1217.8565673828125 504.84991455078125
v 29.232994079589844 1217.4442138671875 503.6033935546875
v 36.19100570678711 1216.6243896484375 501.1098327636719
v 43.152610778808594 1215.8115234375 498.6158447265625
v -1601.634033203125 955.2756958007812 973.3413696289062
v -1570.0203857421875 960.4307250976562 999.1004028320312
v -1600.654541015625 909.2276611328125 1000.1785278320312
v -1585.9217529296875 934.6397094726562 999.6141967773438
v -1600.1041259765625 886.4690551757812 1012.2324829101562
v -1569.4552001953125 936.162841796875 1011.568359375
v -1585.3212890625 911.1879272460938 1011.8779907226562
v -1533.23291015625 1068.9622802734375 970.7991943359375
v -1495.0836181640625 1063.0140380859375 998.5380859375
v -1532.7274169921875 1015.3543090820312 998.3767700195312
v -1592.8231201171875 898.822998046875 1012.0515747070312
v -1585.028564453125 899.2784423828125 1018.0006713867188
v -1592.5380859375 887.0770874023438 1018.1281127929688
v -1614.6962890625 883.6573486328125 1000.7483520507812
v -1596.2095947265625 880.97998046875 1018.1949462890625
v -1592.4005126953125 881.1170654296875 1021.2077026367188
v -1592.3333740234375 878.1107177734375 1022.7630004882812
v -1588.813720703125 893.1736450195312 1018.063232421875
v -1584.887451171875 893.2404174804688 1021.099609375
v -1588.6737060546875 887.1754760742188 1021.1524658203125
v -1577.5355224609375 923.6340942382812 1011.715576171875
v -1569.179931640625 923.8807373046875 1017.781494140625
v -1577.2462158203125 911.54541015625 1017.8840942382812
v -1551.6923828125 988.3379516601562 998.6543579101562
v -1532.4365234375 989.2565307617188 1011.2001953125
v -1551.243896484375 963.1212158203125 1011.3203125
v -1593.257080078125 876.6007080078125 1022.7760620117188
v -1592.3001708984375 876.600341796875 1023.5452270507812
v -1593.22412109375 875.0925903320312 1023.5578002929688
v -1590.5440673828125 884.14599609375 1021.1798095703125
v -1588.6053466796875 884.150390625 1022.7120361328125
v -1590.4761962890625 881.13037109375 1022.7372436523438
v -1592.7625732421875 875.8464965820312 1023.5514526367188
v -1592.28369140625 875.8433837890625 1023.9374389648438
v -1592.74609375 875.090087890625 1023.943603515625
v -1591.406494140625 879.6205444335938 1022.7500610351562
v -1590.4427490234375 879.6154174804688 1023.5204467773438
v -1591.3731689453125 878.10791015625 1023.5327758789062
v -1581.1748046875 905.4002075195312 1017.9408569335938
v -1577.106689453125 905.4220581054688 1021.0022583007812
v -1581.0338134765625 899.3204345703125 1021.0493774414062
v -1560.4578857421875 949.6924438476562 1011.4307861328125
v -1551.0262451171875 950.4026489257812 1017.6224975585938
v -1560.207763671875 937.192626953125 1017.6900634765625
v -1541.880859375 976.3442993164062 1011.2418212890625
v -1513.70947265625 1040.4974365234375 998.3244018554688
v -1457.4737548828125 1157.7247314453125 972.967041015625
v -1457.607666015625 1102.3848876953125 999.5640869140625
v -1548.705810546875 953.6779174804688 1017.6097412109375
v -1546.57666015625 969.7650146484375 1011.2767944335938
v -1551.1337890625 956.779541015625 1014.4666748046875
v -1541.7896728515625 969.8950805664062 1014.4083862304688
v -1546.4759521484375 963.368896484375 1014.4335327148438
v -1542.2530517578125 1002.0188598632812 998.490966796875
v -1551.468017578125 975.7393188476562 1005.0210571289062
v -1532.5816650390625 1002.3063354492188 1004.8208618164062
v -1542.066650390625 989.1865234375 1004.8995971679688
v -1552.46484375 1040.0972900390625 971.1526489257812
v -1570.5556640625 984.8704223632812 986.0359497070312
v -1533.004150390625 1041.7435302734375 985.0556640625
v -1552.116455078125 1013.80078125 985.4376220703125
v -1571.3863525390625 1059.5908203125 941.9842529296875
v -1495.529541015625 1173.87646484375 942.68505859375
v -1533.412353515625 1122.3271484375 941.6128540039062
v -1555.6390380859375 943.81640625 1017.6530151367188
v -1548.8089599609375 960.0813598632812 1014.4490966796875
v -1551.0797119140625 953.5961303710938 1016.0428466796875
v -1546.4263916015625 960.1588745117188 1016.0145874023438
v -1548.757080078125 956.8845825195312 1016.0277709960938
v -1555.873779296875 956.4259643554688 1011.3718872070312
v -1560.3314208984375 943.4619140625 1014.5547485351562
v -1555.755126953125 950.1397094726562 1014.5072631835938
v -1560.9725341796875 974.4342651367188 998.85986328125
v -1569.73779296875 948.3178100585938 1005.3683471679688
v -1560.7152099609375 962.0784912109375 1005.1793212890625
v -1476.56005859375 1083.359130859375 998.9749145507812
v -1504.3505859375 1052.0804443359375 998.39892578125
v -1513.64208984375 1027.1090087890625 1004.8154907226562
v -1495.0772705078125 1049.447998046875 1005.0393676757812
v -1504.3160400390625 1038.5833740234375 1004.8995971679688
v -1513.9688720703125 1095.428466796875 970.801025390625
v -1495.1114501953125 1090.41552734375 985.216064453125
v -1513.84326171875 1067.5692138671875 984.9641723632812
v -1485.84228515625 1073.40478515625 998.7330322265625
v -1476.60107421875 1069.7366943359375 1005.4560546875
v -1485.8607177734375 1059.7999267578125 1005.2273559570312
v -1476.5445556640625 1138.9073486328125 971.9808959960938
v -1457.4796142578125 1129.808349609375 986.4827270507812
v -1476.5086669921875 1110.8262939453125 985.7536010742188
v -1416.6728515625 1249.84228515625 948.1435546875
v -1458.1551513671875 1213.31787109375 945.1367797851562
v -1481.2403564453125 1064.8140869140625 1005.3370971679688
v -1467.170654296875 1092.983642578125 999.2548828125
v -1377.8387451171875 1223.871826171875 976.6536865234375
v -1483.5523681640625 1062.3193359375 1005.281005859375
v -1485.8656005859375 1056.4019775390625 1006.8422241210938
v -1481.2481689453125 1061.4130859375 1006.9509887695312
v -1483.5587158203125 1058.919677734375 1006.8954467773438
v -1481.21044921875 1078.4298095703125 998.8486328125
v -1485.8509521484375 1066.5980224609375 1001.9883422851562
v -1476.5799560546875 1076.544189453125 1002.2227172851562
v -1481.224853515625 1071.617919921875 1002.1005859375
v -1485.82861328125 1100.8624267578125 985.4550170898438
v -1495.093994140625 1076.649658203125 991.9441528320312
v -1476.5269775390625 1097.0377197265625 992.4187622070312
v -1485.829833984375 1087.0731201171875 992.15478515625
v -1490.4703369140625 1054.6820068359375 1005.1278076171875
v -1490.47412109375 1047.8944091796875 1008.3563232421875
v -1482.404052734375 1060.1693115234375 1006.9229125976562
v -1478.923583984375 1067.2861328125 1005.3954467773438
v -1481.826171875 1060.7918701171875 1006.9368896484375
v -1482.3968505859375 1063.5697021484375 1005.3087158203125
v -1483.5555419921875 1060.6195068359375 1006.0885009765625
v -1481.2442626953125 1063.1136474609375 1006.1443481445312
v -1482.400390625 1061.8695068359375 1006.1161499023438
v -1483.539794921875 1069.1204833984375 1002.0431518554688
v -1485.855712890625 1063.1983642578125 1003.6095581054688
v -1481.2325439453125 1068.2154541015625 1003.720458984375
v -1483.5460205078125 1065.71923828125 1003.6637573242188
v -1490.4638671875 1068.2706298828125 998.629150390625
v -1495.080078125 1056.22607421875 1001.7977294921875
v -1490.4666748046875 1061.4716796875 1001.8870239257812
v -1447.804931640625 1111.6690673828125 999.893798828125
v -1437.4161376953125 1176.0771484375 974.0599365234375
v -1416.537109375 1166.4830322265625 988.138916015625
v -1437.5059814453125 1148.306640625 987.3092041015625
v -1452.740234375 1107.03515625 999.7269287109375
v -1447.6322021484375 1139.0775146484375 986.8897094726562
v -1457.533447265625 1116.0543212890625 993.0656127929688
v -1437.6068115234375 1134.5712890625 993.802490234375
v -1447.707763671875 1125.337890625 993.427978515625
v -1442.6904296875 1129.96240234375 993.6143798828125
v -1447.75439453125 1118.497314453125 996.6683959960938
v -1437.6661376953125 1127.7271728515625 997.0250244140625
v -1442.7432861328125 1123.12060546875 996.8458251953125
v -1427.12939453125 1157.4578857421875 987.7295532226562
v -1416.6910400390625 1152.740478515625 994.5472412109375
v -1427.2572021484375 1143.72021484375 994.1790161132812
v -1397.2508544921875 1209.435791015625 975.9871826171875
v -1397.5411376953125 1181.8634033203125 988.794921875
v -1338.1888427734375 1304.285888671875 952.2451171875
v -1377.7904052734375 1279.3541259765625 950.5543212890625
v -1445.25732421875 1120.810791015625 996.7567749023438
v -1447.7791748046875 1115.0819091796875 998.2827758789062
v -1445.31103515625 1113.9813232421875 999.9783325195312
v -1442.771240234375 1119.7041015625 998.4561767578125
v -1445.28369140625 1117.3948974609375 998.3692016601562
v -1452.6549072265625 1120.7030029296875 993.24462890625
v -1457.5687255859375 1109.2119140625 996.3236694335938
v -1452.6956787109375 1113.8621826171875 996.4939575195312
v -1467.0821533203125 1120.4329833984375 986.10009765625
v -1467.117431640625 1106.659423828125 992.725830078125
v -1444.029541015625 1118.5499267578125 998.41259765625
v -1445.2972412109375 1115.6878662109375 999.1741333007812
v -1442.78564453125 1117.99658203125 999.2601928710938
v -1444.0435791015625 1116.8427734375 999.2171020507812
v -1440.2127685546875 1125.42626953125 996.9352416992188
v -1437.6973876953125 1124.308837890625 998.6314086914062
v -1440.2423095703125 1122.0089111328125 998.5436401367188
v -1432.4610595703125 1139.1590576171875 993.9911499023438
v -1432.5269775390625 1132.3116455078125 997.204833984375
v -1441.5087890625 1120.8570556640625 998.4998779296875
v -1440.2574462890625 1120.301025390625 999.3467407226562
v -1441.5235595703125 1119.1494140625 999.3034057617188
v -1442.1551513671875 1118.5731201171875 999.2817993164062
v -1442.7928466796875 1117.14306640625 999.6619262695312
v -1442.1624755859375 1117.7196044921875 999.6834106445312
v -1435.1041259765625 1130.0224609375 997.1149291992188
v -1433.8173828125 1131.1678466796875 997.1598510742188
v -1435.120361328125 1128.3126220703125 997.91748046875
v -1432.5440673828125 1130.6011962890625 998.0064086914062
v -1433.8341064453125 1129.457763671875 997.9619140625
v -1429.935302734375 1134.5941162109375 997.2945556640625
v -1421.9991455078125 1148.2491455078125 994.3648071289062
v -1407.09716796875 1174.256591796875 988.4796142578125
v -1435.04150390625 1136.8681640625 993.8968505859375
v -1437.6358642578125 1131.1478271484375 995.4154663085938
v -1432.493408203125 1135.734130859375 995.5995483398438
v -1435.0721435546875 1133.4439697265625 995.5075073242188
v -1432.3468017578125 1152.89501953125 987.52001953125
v -1437.552978515625 1141.4295654296875 990.5648193359375
v -1427.18994140625 1150.581787109375 990.961669921875
v -1432.4005126953125 1146.0186767578125 990.7637939453125
v -1426.9840087890625 1185.1759033203125 974.6094970703125
v -1437.4384765625 1162.136474609375 980.7332153320312
v -1416.4144287109375 1180.2813720703125 981.6752319335938
v -1427.0345458984375 1171.270751953125 981.2113037109375
v -1438.01025390625 1231.703125 946.6248779296875
v -1457.6717529296875 1185.8477783203125 959.0811157226562
v -1416.348876953125 1222.0174560546875 961.8297119140625
v -1437.5531005859375 1204.056640625 960.462890625
v -1434.4776611328125 1128.8853759765625 997.939697265625
v -1435.128662109375 1127.457763671875 998.3184814453125
v -1434.486083984375 1128.030517578125 998.340576171875
v -1436.3870849609375 1128.8756103515625 997.0699462890625
v -1437.681640625 1126.0177001953125 997.8285522460938
v -1436.4029541015625 1127.1658935546875 997.873046875
v -1433.1895751953125 1130.0296630859375 997.9841918945312
v -1431.23291015625 1133.4537353515625 997.249755859375
v -1429.8660888671875 1141.4432373046875 994.0852661132812
v -1427.2928466796875 1140.2935791015625 995.782958984375
v -1429.900146484375 1138.017578125 995.69140625
v -1424.6346435546875 1145.989013671875 994.2722778320312
v -1422.0380859375 1144.8206787109375 995.96435546875
v -1424.6719970703125 1142.5615234375 995.8739624023438
v -1421.8580322265625 1161.9892578125 987.9363403320312
v -1416.6109619140625 1159.606689453125 991.3489379882812
v -1421.92529296875 1155.113037109375 991.1572265625
v -1425.9840087890625 1141.4285888671875 995.8285522460938
v -1427.31103515625 1138.5810546875 996.5838012695312
v -1426.002685546875 1139.7158203125 996.62890625
v -1425.3472900390625 1140.2823486328125 996.6513671875
v -1423.3565673828125 1143.6922607421875 995.9192504882812
v -1419.35107421875 1150.4998779296875 994.45654296875
v -1425.328369140625 1141.9952392578125 995.8512573242188
v -1425.993408203125 1140.5721435546875 996.2288208007812
v -1424.6815185546875 1141.7049560546875 996.2739868164062
v -1425.3377685546875 1141.1387939453125 996.2514038085938
v -1425.947509765625 1144.8555908203125 994.2257080078125
v -1427.2747802734375 1142.006591796875 994.9813842773438
v -1424.6531982421875 1144.2750244140625 995.073486328125
v -1425.9656982421875 1143.141845703125 995.0274658203125
v -1424.5640869140625 1152.8516845703125 991.059814453125
v -1427.2227783203125 1147.1494140625 992.5720825195312
v -1421.9615478515625 1151.6798095703125 992.7625122070312
v -1424.5986328125 1149.4189453125 992.6676635742188
v -1425.009765625 1141.421875 996.2626953125
v -1425.342529296875 1140.7105712890625 996.451416015625
v -1424.686279296875 1141.276611328125 996.4739379882812
v -1425.0145263671875 1140.99365234375 996.462646484375
v -1424.0146484375 1143.1270751953125 995.8966674804688
v -1423.3663330078125 1142.83544921875 996.3190307617188
v -1424.0242919921875 1142.2705078125 996.2965087890625
v -1423.3184814453125 1147.1202392578125 994.3186645507812
v -1422.0184326171875 1146.53466796875 995.1649169921875
v -1423.33740234375 1145.406005859375 995.1193237304688
v -1418.0225830078125 1151.6214599609375 994.5020141601562
v -1411.8331298828125 1170.3885498046875 988.3119506835938
v -1407.1815185546875 1167.3804931640625 991.6719970703125
v -1411.912353515625 1163.51220703125 991.512939453125
v -1406.8472900390625 1201.88134765625 975.5817260742188
v -1397.376708984375 1195.6297607421875 982.4146728515625
v -1406.9517822265625 1188.0408935546875 982.0599975585938
v -1397.348388671875 1265.104248046875 949.4152221679688
v -1377.683837890625 1251.4337158203125 963.798095703125
v -1397.1578369140625 1237.1790771484375 962.9135131835938
v -1419.2740478515625 1157.3648681640625 991.253662109375
v -1416.6502685546875 1156.1724853515625 992.949462890625
v -1419.3118896484375 1153.93115234375 992.8565063476562
v -1417.357177734375 1152.181396484375 994.524658203125
v -1418.03271484375 1150.763916015625 994.9013671875
v -1416.7015380859375 1151.8828125 994.9463500976562
v -1417.3675537109375 1151.3236083984375 994.9238891601562
v -1415.52099609375 1153.7197265625 994.586669921875
v -1414.265869140625 1161.5638427734375 991.4315185546875
v -1411.9544677734375 1160.077392578125 993.109375
v -1414.306640625 1158.12939453125 993.0299682617188
v -1417.9825439453125 1155.05322265625 992.9031372070312
v -1419.331298828125 1152.21533203125 993.6568603515625
v -1416.6705322265625 1154.456298828125 993.7486572265625
v -1418.00244140625 1153.3370361328125 993.702880859375
v -1417.0345458984375 1151.603271484375 994.9351196289062
v -1416.1063232421875 1153.2303466796875 994.5670166015625
v -1415.4794921875 1157.1519775390625 992.9898071289062
v -1414.3275146484375 1156.412841796875 993.8281860351562
v -1415.5001220703125 1155.4356689453125 993.78857421875
v -1409.55078125 1165.4512939453125 991.5931396484375
v -1409.5941162109375 1162.01611328125 993.1876831054688
v -1402.3321533203125 1178.0828857421875 988.6409301757812
v -1402.4212646484375 1171.2076416015625 991.8253173828125
v -1358.2021484375 1237.266357421875 977.0899658203125
v -1404.804931640625 1169.2994384765625 991.7494506835938
v -1392.7269287109375 1185.59423828125 988.9405517578125
v -1387.5723876953125 1216.7783203125 976.3478393554688
v -1377.9888916015625 1210.15576171875 982.9979858398438
v -1387.714111328125 1203.0130615234375 982.7303466796875
v -1399.939697265625 1179.9791259765625 988.7189331054688
v -1402.3759765625 1174.64453125 990.2342529296875
v -1397.5870361328125 1178.4261474609375 990.3843383789062
v -1399.984619140625 1176.541259765625 990.3101806640625
v -1402.1767578125 1191.85888671875 982.24169921875
v -1407.0201416015625 1181.1422119140625 985.2762451171875
v -1397.454833984375 1188.7425537109375 985.6097412109375
v -1402.250244140625 1184.965576171875 985.4469604492188
v -1398.7864990234375 1177.4852294921875 990.3474731445312
v -1400.007568359375 1174.82275390625 991.1051025390625
v -1397.6104736328125 1176.7078857421875 991.1782836914062
v -1398.809814453125 1175.766845703125 991.1419067382812
v -1395.13671875 1183.7353515625 988.8688354492188
v -1395.1834716796875 1180.2987060546875 990.4564208984375
v -1392.5548095703125 1199.349365234375 982.5779418945312
v -1387.79931640625 1196.140380859375 985.9071044921875
v -1392.6368408203125 1192.4688720703125 985.7634887695312
v -1399.408935546875 1175.295166015625 991.12353515625
v -1400.019287109375 1173.9637451171875 991.5023193359375
v -1399.420654296875 1174.4361572265625 991.5206909179688
v -1401.1810302734375 1175.5943603515625 990.2724609375
v -1402.3984375 1172.9259033203125 991.030029296875
v -1401.203857421875 1173.8758544921875 991.0677490234375
v -1404.7181396484375 1176.1751708984375 988.5611572265625
v -1407.1385498046875 1170.8175048828125 990.0770874023438
v -1404.7607421875 1172.7364501953125 990.156494140625
v -1398.2103271484375 1176.23779296875 991.16015625
v -1396.385986328125 1179.364013671875 990.4205932617188
v -1382.85791015625 1206.61669921875 982.8707275390625
v -1378.0777587890625 1203.302001953125 986.159912109375
v -1382.9454345703125 1199.752685546875 986.03955078125
v -1368.05712890625 1230.6971435546875 976.8999633789062
v -1368.2076416015625 1217.0399169921875 983.2133178710938
v -1358.1573486328125 1292.35888671875 951.5034790039062
v -1338.0499267578125 1276.6951904296875 964.809326171875
v -1358.053466796875 1264.5687255859375 964.4248046875
v -1253.26611328125 1343.718017578125 952.908447265625
v -1296.146240234375 1325.7381591796875 953.06005859375
v -1380.51318359375 1201.535400390625 986.101318359375
v -1382.9921875 1196.3214111328125 987.621826171875
v -1373.1065673828125 1213.6297607421875 983.112060546875
v -1381.776611328125 1197.2158203125 987.6522827148438
v -1385.374267578125 1197.9542236328125 985.9747924804688
v -1387.844970703125 1192.7054443359375 987.4927368164062
v -1385.4205322265625 1194.52099609375 987.5587158203125
v -1381.729736328125 1200.6461181640625 986.0708618164062
v -1382.968505859375 1198.037109375 986.8308715820312
v -1380.5364990234375 1199.82080078125 986.8917846679688
v -1381.7529296875 1198.930908203125 986.8616943359375
v -1380.4248046875 1208.39453125 982.93603515625
v -1382.900634765625 1203.184326171875 984.4559326171875
v -1378.0323486328125 1206.7288818359375 984.57958984375
v -1380.468017578125 1204.9647216796875 984.5193481445312
v -1382.7108154296875 1220.3585205078125 976.5081787109375
v -1387.6380615234375 1209.891845703125 979.5447998046875
v -1377.9088134765625 1217.0113525390625 979.8302612304688
v -1382.779296875 1213.484375 979.6945190429688
v -1387.43994140625 1244.4407958984375 963.3861694335938
v -1397.17431640625 1223.28515625 969.4934692382812
v -1377.733642578125 1237.621826171875 970.2620239257812
v -1387.4775390625 1230.58251953125 969.9075927734375
v -1363.288818359375 1220.387939453125 983.30224609375
v -1348.2451171875 1243.5941162109375 977.2279052734375
v -1363.140625 1234.0128173828125 977.001708984375
v -1368.12744140625 1223.867431640625 980.0595703125
v -1358.2696533203125 1230.4710693359375 980.2360229492188
v -1363.2098388671875 1227.199951171875 980.1541748046875
v -1367.8984375 1258.1373291015625 964.1434326171875
v -1358.10107421875 1250.8809814453125 970.77880859375
v -1367.95068359375 1244.38330078125 970.5513305664062
v -1353.2381591796875 1240.45947265625 977.1651611328125
v -1348.3076171875 1236.836181640625 980.36376953125
v -1353.3033447265625 1233.6826171875 980.3057250976562
v -1348.115234375 1270.747802734375 964.6456298828125
v -1338.07763671875 1263.15380859375 971.0651245117188
v -1348.15380859375 1257.132080078125 970.94873046875
v -1317.558349609375 1315.3656005859375 952.7677612304688
v -1296.0301513671875 1298.5037841796875 964.9609985351562
v -1317.402587890625 1287.9752197265625 964.9789428710938
v -1350.8094482421875 1235.2664794921875 980.336181640625
v -1353.339599609375 1230.2940673828125 981.8754272460938
v -1343.2193603515625 1246.6719970703125 977.2786865234375
v -1352.057373046875 1234.476318359375 980.3212890625
v -1353.3211669921875 1231.9884033203125 981.090576171875
v -1350.826904296875 1233.5745849609375 981.1205444335938
v -1352.0750732421875 1232.7833251953125 981.1058959960938
v -1350.7454833984375 1242.033935546875 977.1980590820312
v -1353.26953125 1237.07080078125 978.7357788085938
v -1348.275146484375 1240.2149658203125 978.7958984375
v -1350.776123046875 1238.6500244140625 978.767333984375
v -1353.1416015625 1254.036376953125 970.8707275390625
v -1358.1455078125 1244.067626953125 973.9384155273438
v -1348.1934814453125 1250.35693359375 974.0902709960938
v -1353.183837890625 1247.2418212890625 974.0209350585938
v -1355.7899169921875 1232.0841064453125 980.2723999023438
v -1358.30712890625 1227.07373046875 981.807861328125
v -1355.826904296875 1228.691162109375 981.8430786132812
v -1351.451171875 1233.179443359375 981.1133422851562
v -1352.0841064453125 1231.936767578125 981.4982299804688
v -1351.460205078125 1232.3331298828125 981.5055541992188
v -1349.5595703125 1236.0531005859375 980.3502807617188
v -1349.576904296875 1234.3624267578125 981.1344604492188
v -1350.2021484375 1233.968994140625 981.1275634765625
v -1350.5146484375 1233.7718505859375 981.1240844726562
v -1350.8314208984375 1233.151611328125 981.316650390625
v -1350.51904296875 1233.3489990234375 981.3201293945312
v -1350.1846923828125 1235.6602783203125 980.3433227539062
v -1350.818115234375 1234.4205322265625 980.7283325195312
v -1349.568115234375 1235.207763671875 980.7423706054688
v -1350.193359375 1234.8145751953125 980.7354736328125
v -1349.526611328125 1239.4342041015625 978.781982421875
v -1350.79248046875 1236.958251953125 979.5517578125
v -1348.291015625 1238.5255126953125 979.579833984375
v -1349.542724609375 1237.74365234375 979.566162109375
v -1345.736572265625 1245.1400146484375 977.2547607421875
v -1343.2479248046875 1243.302734375 978.844482421875
v -1345.765869140625 1241.7657470703125 978.8215942382812
v -1343.1336669921875 1260.1705322265625 971.0133666992188
v -1338.111572265625 1256.418212890625 974.1912841796875
v -1343.1705322265625 1253.4151611328125 974.1468505859375
v -1327.8236083984375 1282.430908203125 964.9192504882812
v -1317.414794921875 1274.577880859375 971.154296875
v -1327.841552734375 1268.96337890625 971.1322631835938
v -1340.693115234375 1248.1903076171875 977.2997436523438
v -1340.720947265625 1244.8260498046875 978.8646240234375
v -1341.985595703125 1244.0660400390625 978.8549194335938
v -1341.353515625 1244.4464111328125 978.85986328125
v -1341.9930419921875 1243.224365234375 979.2462768554688
v -1341.3609619140625 1243.6051025390625 979.2511596679688
v -1339.453857421875 1245.5826416015625 978.8736572265625
v -1332.9815673828125 1266.083984375 971.1046142578125
v -1327.8702392578125 1262.267333984375 974.2457275390625
v -1333.0126953125 1259.3682861328125 974.2240600585938
v -1341.9573974609375 1247.432861328125 977.28955078125
v -1343.2332763671875 1244.9873046875 978.0615844726562
v -1340.7066650390625 1246.508056640625 978.0821533203125
v -1341.97119140625 1245.7493896484375 978.0722045898438
v -1340.6458740234375 1254.9234619140625 974.1705322265625
v -1343.193603515625 1250.04248046875 975.7128295898438
v -1338.133056640625 1253.0556640625 975.7544555664062
v -1340.6680908203125 1251.5557861328125 975.735107421875
v -1340.087646484375 1245.2047119140625 978.8692016601562
v -1339.426513671875 1248.9444580078125 977.3092041015625
v -1338.1705322265625 1248.0155029296875 978.0999145507812
v -1339.4398193359375 1247.263427734375 978.0913696289062
v -1340.4044189453125 1245.0155029296875 978.866943359375
v -1340.7244873046875 1244.405517578125 979.0602416992188
v -1340.09130859375 1244.7843017578125 979.0648193359375
v -1340.407958984375 1244.594970703125 979.0625610351562
v -1340.0736083984375 1246.88623046875 978.0868530273438
v -1340.7137451171875 1245.6669921875 978.4733276367188
v -1339.44677734375 1246.4229736328125 978.4824829101562
v -1340.08056640625 1246.04541015625 978.47802734375
v -1322.6539306640625 1271.7939453125 971.148681640625
v -1322.6802978515625 1265.1173095703125 974.2568359375
v -1306.7818603515625 1293.3382568359375 964.99169921875
v -1306.7939453125 1280.0052490234375 971.1353759765625
v -1274.4918212890625 1335.2569580078125 953.1107788085938
v -1312.125 1277.315673828125 971.149658203125
v -1320.041015625 1273.1915283203125 971.1527709960938
v -1322.6656494140625 1268.4532470703125 972.7017822265625
v -1317.4256591796875 1271.24658203125 972.704833984375
v -1320.05224609375 1269.8555908203125 972.70458984375
v -1322.6395263671875 1285.2257080078125 964.9552001953125
v -1327.82568359375 1275.6815185546875 968.0236206054688
v -1317.402099609375 1281.2596435546875 968.0611572265625
v -1322.6400146484375 1278.49365234375 968.0481567382812
v -1327.9766845703125 1309.917236328125 952.5344848632812
v -1338.0838623046875 1290.3841552734375 958.5396118164062
v -1317.447509765625 1301.545654296875 958.848876953125
v -1327.8656005859375 1296.0584716796875 958.7213745117188
v -1318.7734375 1374.4163818359375 928.933349609375
v -1338.6494140625 1332.98681640625 939.5383911132812
v -1296.510009765625 1354.447509765625 941.7390747070312
v -1318.0120849609375 1344.0596923828125 940.7660522460938
v -1314.775634765625 1275.95263671875 971.1532592773438
v -1312.135498046875 1273.993408203125 972.6979370117188
v -1314.786376953125 1272.6258544921875 972.7025756835938
v -1312.1136474609375 1290.68017578125 964.990966796875
v -1306.78173828125 1286.6534423828125 968.0548095703125
v -1312.1129150390625 1283.9803466796875 968.063232421875
v -1306.9244384765625 1320.6458740234375 952.9434204101562
v -1296.060791015625 1311.978515625 958.9478759765625
v -1306.8226318359375 1306.858154296875 958.923828125
v -1301.4173583984375 1295.9468994140625 964.9815673828125
v -1296.0330810546875 1291.84716796875 968.0083618164062
v -1301.41845703125 1289.2764892578125 968.0363159179688
v -1285.2279052734375 1303.451904296875 964.8902587890625
v -1304.103515625 1287.9713134765625 968.0467529296875
v -1306.786376953125 1283.325439453125 969.5929565429688
v -1301.4234619140625 1285.9561767578125 969.5715942382812
v -1304.1082763671875 1284.647216796875 969.5834350585938
v -1302.7666015625 1285.3033447265625 969.5778198242188
v -1304.1116943359375 1282.98828125 970.353515625
v -1302.7701416015625 1283.6453857421875 970.3475952148438
v -1298.7279052734375 1290.5684814453125 968.0234985351562
v -1298.733154296875 1287.2520751953125 969.5574951171875
v -1290.63037109375 1301.00634765625 964.930419921875
v -1285.307373046875 1330.6170654296875 953.1163330078125
v -1274.4539794921875 1321.5540771484375 958.8497924804688
v -1285.243896484375 1316.884521484375 958.9226684570312
v -1275.1146240234375 1394.56787109375 932.4547119140625
v -1253.3155517578125 1372.243408203125 942.5153198242188
v -1274.7076416015625 1363.9395751953125 942.35595703125
v -1303.441162109375 1283.3172607421875 970.3506469726562
v -1304.11376953125 1282.1595458984375 970.7389526367188
v -1303.443115234375 1282.48876953125 970.7360229492188
v -1305.4482421875 1283.9879150390625 969.5885009765625
v -1306.789794921875 1281.6644287109375 970.3636474609375
v -1305.455810546875 1280.6697998046875 971.1303100585938
v -1305.45166015625 1282.3280029296875 970.35888671875
v -1309.4520263671875 1285.322998046875 968.060302734375
v -1312.117431640625 1280.6441650390625 969.604736328125
v -1309.4639892578125 1278.6666259765625 971.1436767578125
v -1309.45654296875 1281.990966796875 969.60009765625
v -1303.105712890625 1283.4814453125 970.34912109375
v -1303.442138671875 1282.9029541015625 970.5432739257812
v -1302.7711181640625 1283.231201171875 970.5402221679688
v -1303.106689453125 1283.0672607421875 970.541748046875
v -1300.0789794921875 1286.6058349609375 969.5648193359375
v -1303.4376220703125 1284.9757080078125 969.5806884765625
v -1304.10986328125 1283.8175048828125 969.9683227539062
v -1302.768310546875 1284.47412109375 969.9625854492188
v -1303.4393310546875 1284.146240234375 969.9655151367188
v -1302.76171875 1288.62548828125 968.0418701171875
v -1304.10546875 1286.3082275390625 968.8145141601562
v -1301.420654296875 1287.615234375 968.8033447265625
v -1302.7637939453125 1286.96337890625 968.8092041015625
v -1304.10302734375 1294.64892578125 964.9879760742188
v -1306.7801513671875 1289.9906005859375 966.52099609375
v -1301.4163818359375 1292.6063232421875 966.5062255859375
v -1304.1016845703125 1291.3048095703125 966.514892578125
v -1301.4537353515625 1309.4437255859375 958.942138671875
v -1306.795166015625 1300.0697021484375 961.9475708007812
v -1296.0390625 1305.2108154296875 961.9400024414062
v -1301.4287109375 1302.6658935546875 961.9495239257812
v -1287.9288330078125 1302.236328125 964.9114990234375
v -1290.631591796875 1297.6787109375 966.4473266601562
v -1285.2305908203125 1300.1304931640625 966.4041137695312
v -1287.9307861328125 1298.9119873046875 966.4268188476562
v -1279.8330078125 1305.838134765625 964.8409423828125
v -1227.378173828125 1352.83837890625 952.2803955078125
v -1290.6541748046875 1314.459716796875 958.9413452148438
v -1285.2303466796875 1310.1361083984375 961.8880615234375
v -1290.63623046875 1307.7017822265625 961.91943359375
v -1286.58056640625 1299.5230712890625 966.4157104492188
v -1282.5289306640625 1304.652587890625 964.86669921875
v -1279.8404541015625 1319.2503662109375 958.89208984375
v -1274.4500732421875 1314.82470703125 961.7943115234375
v -1279.8316650390625 1312.5113525390625 961.8462524414062
v -1263.783447265625 1339.6324462890625 953.0419311523438
v -1263.772705078125 1325.9649658203125 958.7310180664062
v -1287.255615234375 1299.218017578125 966.4213256835938
v -1287.931640625 1298.082763671875 966.8068237304688
v -1287.256591796875 1298.388916015625 966.80126953125
v -1286.5782470703125 1302.845947265625 964.9011840820312
v -1287.929443359375 1300.5726318359375 965.668212890625
v -1285.2288818359375 1301.7896728515625 965.6461791992188
v -1286.5791015625 1301.1829833984375 965.657470703125
v -1287.93310546875 1308.9261474609375 961.9050903320312
v -1290.6318359375 1304.346923828125 963.4210205078125
v -1285.227783203125 1306.78662109375 963.384765625
v -1287.9295654296875 1305.573974609375 963.4041137695312
v -1289.2811279296875 1298.297119140625 966.4373779296875
v -1290.6331787109375 1296.0194091796875 967.20849609375
v -1289.282958984375 1296.638671875 967.1981811523438
v -1293.3311767578125 1299.7620849609375 964.9469604492188
v -1296.0301513671875 1295.1697998046875 966.4815673828125
v -1293.335205078125 1293.1119384765625 967.990966796875
v -1293.331787109375 1296.4312744140625 966.4656372070312
v -1286.9189453125 1298.541748046875 966.7984619140625
v -1285.905517578125 1299.8272705078125 966.4099731445312
v -1286.9180908203125 1299.37060546875 966.4185791015625
v -1287.256103515625 1298.8033447265625 966.6112670898438
v -1286.5809326171875 1299.1085205078125 966.6055908203125
v -1286.91845703125 1298.9560546875 966.6084594726562
v -1287.2542724609375 1300.878173828125 965.6629028320312
v -1287.9300537109375 1299.741943359375 966.0473022460938
v -1286.5797119140625 1300.3526611328125 966.036376953125
v -1287.2548828125 1300.0477294921875 966.0418701171875
v -1289.279541015625 1301.6231689453125 964.9212646484375
v -1290.630615234375 1299.3409423828125 965.68798828125
v -1289.280029296875 1299.9586181640625 965.6784057617188
v -1286.2430419921875 1299.67529296875 966.4129028320312
v -1285.906005859375 1299.412841796875 966.5997924804688
v -1286.2435302734375 1299.2608642578125 966.6027221679688
v -1285.9039306640625 1301.48681640625 965.6519165039062
v -1285.229736328125 1300.959716796875 966.02490234375
v -1285.9046630859375 1300.6566162109375 966.0307006835938
v -1283.8780517578125 1304.0540771484375 964.8787841796875
v -1282.5302734375 1302.9918212890625 965.6218872070312
v -1283.8792724609375 1302.392578125 965.6343383789062
v -1282.5294189453125 1311.331298828125 961.868408203125
v -1279.8310546875 1309.1671142578125 963.3387451171875
v -1282.5279541015625 1307.9844970703125 963.3629760742188
v -1286.4122314453125 1299.1846923828125 966.6041870117188
v -1286.5811767578125 1298.9013671875 966.7005615234375
v -1286.4124755859375 1298.9775390625 966.6991577148438
v -1278.486572265625 1306.425048828125 964.8272094726562
v -1277.1380615234375 1313.6759033203125 961.821533203125
v -1274.45166015625 1311.48583984375 963.2833862304688
v -1277.1385498046875 1310.3343505859375 963.3121948242188
v -1269.0946044921875 1323.7933349609375 958.7960205078125
v -1269.095947265625 1317.07373046875 961.732666015625
v -1279.1595458984375 1306.132080078125 964.8341674804688
v -1278.4842529296875 1309.752685546875 963.3258056640625
v -1279.8316650390625 1307.5008544921875 964.0886840820312
v -1277.1396484375 1308.66943359375 964.0614013671875
v -1278.485107421875 1308.0870361328125 964.0753173828125
v -1281.180419921875 1305.2471923828125 964.8541259765625
v -1278.822998046875 1306.2786865234375 964.8306884765625
v -1279.158203125 1307.79443359375 964.0820922851562
v -1279.832275390625 1306.6690673828125 964.4645385742188
v -1278.4857177734375 1307.255615234375 964.4509887695312
v -1279.1588134765625 1306.9627685546875 964.4578247070312
v -1281.178955078125 1308.5777587890625 963.3511962890625
v -1282.528076171875 1306.3167724609375 964.1137084960938
v -1281.179443359375 1306.91064453125 964.1015014648438
v -1277.812255859375 1308.3787841796875 964.0684204101562
v -1277.1405029296875 1307.8382568359375 964.4368896484375
v -1277.81298828125 1307.5474853515625 964.4439697265625
v -1275.7943115234375 1310.912109375 963.298095703125
v -1275.7957763671875 1309.247802734375 964.046875
v -1271.7689208984375 1315.9573974609375 961.7647094726562
v -1278.1492919921875 1307.401611328125 964.447509765625
v -1278.486083984375 1306.8402099609375 964.6390380859375
v -1277.8133544921875 1307.1322021484375 964.6320190429688
v -1278.149658203125 1306.986328125 964.6355590820312
v -1278.31787109375 1306.913330078125 964.6372680664062
v -1278.486328125 1306.632568359375 964.7330932617188
v -1278.14990234375 1306.7786865234375 964.7296142578125
v -1278.318115234375 1306.7056884765625 964.7313842773438
v -1278.822265625 1307.109375 964.4544067382812
v -1279.1591796875 1306.54736328125 964.6459350585938
v -1278.8226318359375 1306.69384765625 964.6425170898438
v -1270.431396484375 1316.517578125 961.7489624023438
v -1271.77001953125 1314.2872314453125 962.507080078125
v -1269.09765625 1315.40478515625 962.474365234375
v -1270.4327392578125 1314.84814453125 962.4910278320312
v -1266.432373046875 1318.1732177734375 961.6982421875
v -1258.49853515625 1328.06640625 958.6549072265625
v -1240.1591796875 1348.505615234375 952.64306640625
v -1227.1278076171875 1410.558837890625 932.9153442382812
v -1202.0372314453125 1387.6533203125 940.7106323242188
v -1227.2423095703125 1380.8740234375 941.9613647460938
v -1271.770263671875 1322.6820068359375 958.8243408203125
v -1274.4508056640625 1318.180419921875 960.3162841796875
v -1269.09423828125 1320.42431640625 960.2581176757812
v -1271.7684326171875 1319.310546875 960.2885131835938
v -1269.1190185546875 1337.4793701171875 953.0843505859375
v -1274.4676513671875 1328.361328125 955.9537963867188
v -1263.77392578125 1332.7537841796875 955.8560180664062
v -1269.1021728515625 1330.5916748046875 955.9116821289062
v -1263.9158935546875 1368.25830078125 942.4991455078125
v -1274.57470703125 1349.357177734375 947.601318359375
v -1253.2760009765625 1357.7406005859375 947.5419311523438
v -1263.829833984375 1353.702392578125 947.6176147460938
v -1269.764892578125 1315.126953125 962.4827880859375
v -1270.43359375 1314.014892578125 962.8630981445312
v -1267.762939453125 1317.62548828125 961.7157592773438
v -1266.4283447265625 1324.8876953125 958.7649536132812
v -1263.775146484375 1322.60107421875 960.1896362304688
v -1266.4293212890625 1321.521240234375 960.2251586914062
v -1271.10107421875 1314.5682373046875 962.4991455078125
v -1271.770751953125 1313.4537353515625 962.8793334960938
v -1271.1019287109375 1313.73486328125 962.8712768554688
v -1273.108642578125 1315.39306640625 961.77978515625
v -1274.4505615234375 1313.1533203125 962.5375366210938
v -1273.1107177734375 1312.0555419921875 963.2681274414062
v -1273.109375 1313.7222900390625 962.5225830078125
v -1270.0987548828125 1314.9876708984375 962.4868774414062
v -1270.43310546875 1314.431396484375 962.677001953125
v -1269.765380859375 1314.7103271484375 962.668701171875
v -1270.0992431640625 1314.571044921875 962.6728515625
v -1269.763427734375 1316.796142578125 961.7408447265625
v -1270.4320068359375 1315.682373046875 962.11962890625
v -1269.0966796875 1316.23876953125 962.1031494140625
v -1269.7640380859375 1315.9610595703125 962.1114501953125
v -1270.4302978515625 1319.8695068359375 960.2736206054688
v -1271.7684326171875 1317.6318359375 961.025146484375
v -1269.0948486328125 1318.746826171875 960.993896484375
v -1270.4305419921875 1318.19140625 961.0098266601562
v -1261.1290283203125 1327.024658203125 958.6943359375
v -1261.1328125 1323.663330078125 960.151611328125
v -1258.4957275390625 1341.713134765625 952.9833374023438
v -1253.2711181640625 1336.8616943359375 955.70458984375
v -1258.4935302734375 1334.8447265625 955.7869873046875
v -1262.452392578125 1323.1343994140625 960.1709594726562
v -1263.7769775390625 1320.926025390625 960.9239501953125
v -1262.45458984375 1321.4600830078125 960.905029296875
v -1259.8165283203125 1324.1878662109375 960.1317138671875
v -1261.792236328125 1323.3994140625 960.161376953125
v -1262.4534912109375 1322.296630859375 960.5375366210938
v -1261.134033203125 1322.825927734375 960.5181274414062
v -1261.7933349609375 1322.5618896484375 960.5278930664062
v -1262.4493408203125 1326.4970703125 958.7130126953125
v -1263.773681640625 1324.2806396484375 959.4586181640625
v -1261.1307373046875 1325.341552734375 959.4212036132812
v -1262.45068359375 1324.8133544921875 959.4402465820312
v -1261.1270751953125 1333.808349609375 955.8231811523438
v -1263.7723388671875 1329.3487548828125 957.2862548828125
v -1258.4952392578125 1331.445068359375 957.2132568359375
v -1261.127197265625 1330.4058837890625 957.2512817382812
v -1262.123291015625 1322.429443359375 960.5327758789062
v -1262.4539794921875 1321.878173828125 960.72119140625
v -1261.7939453125 1322.1435546875 960.7114868164062
v -1262.1239013671875 1322.010986328125 960.7163696289062
v -1263.1134033203125 1322.8682861328125 960.1803588867188
v -1263.7760009765625 1321.762939453125 960.556396484375
v -1263.115478515625 1321.193603515625 960.91455078125
v -1263.1143798828125 1322.0303955078125 960.5470581054688
v -1265.100830078125 1322.063232421875 960.2077026367188
v -1266.4305419921875 1319.844970703125 960.9601440429688
v -1265.1024169921875 1320.3876953125 960.9423828125
v -1261.463623046875 1322.6939697265625 960.5230102539062
v -1261.1346435546875 1322.40771484375 960.70166015625
v -1261.4642333984375 1322.2757568359375 960.7066040039062
v -1260.4742431640625 1323.9261474609375 960.1417236328125
v -1259.8121337890625 1327.5478515625 958.6749267578125
v -1258.5009765625 1326.384765625 959.3812255859375
v -1259.8140869140625 1325.8653564453125 959.4015502929688
v -1261.6290283203125 1322.2095947265625 960.7090454101562
v -1261.794189453125 1321.9344482421875 960.8033447265625
v -1246.6640625 1346.172607421875 952.7886352539062
v -1240.181396484375 1341.6878662109375 955.4338989257812
v -1246.677978515625 1339.3341064453125 955.5796508789062
v -1240.1097412109375 1376.826171875 942.3391723632812
v -1227.3076171875 1366.647705078125 946.9277954101562
v -1240.1260986328125 1362.4375 947.30615234375
v -1243.4185791015625 1340.525390625 955.5093383789062
v -1246.686767578125 1335.9486083984375 957.001953125
v -1233.7357177734375 1350.7249755859375 952.4732055664062
v -1249.9615478515625 1338.11328125 955.644775390625
v -1253.2760009765625 1333.4677734375 957.1282348632812
v -1249.9683837890625 1334.723388671875 957.0674438476562
v -1245.04541015625 1339.933349609375 955.545166015625
v -1246.6822509765625 1337.638671875 956.2886352539062
v -1245.0501708984375 1338.2391357421875 956.254150390625
v -1243.4005126953125 1347.3538818359375 952.718994140625
v -1246.67041015625 1342.74169921875 954.1749877929688
v -1240.1697998046875 1345.08544921875 954.0289916992188
v -1243.4090576171875 1343.9281005859375 954.1047973632812
v -1246.65185546875 1360.154052734375 947.4429931640625
v -1253.267578125 1350.67431640625 950.185546875
v -1240.140625 1355.4190673828125 949.9315795898438
v -1246.6552734375 1353.1092529296875 950.07421875
v -1248.324462890625 1335.3397216796875 957.0352783203125
v -1246.2783203125 1336.0997314453125 956.993408203125
v -1245.865478515625 1337.9398193359375 956.2715454101562
v -1246.6844482421875 1336.79296875 956.644775390625
v -1245.0526123046875 1337.39404296875 956.6102294921875
v -1245.8677978515625 1337.0943603515625 956.627685546875
v -1248.316650390625 1338.7274169921875 955.6129150390625
v -1249.96484375 1336.4156494140625 956.35400390625
v -1248.3204345703125 1337.0308837890625 956.3219604492188
v -1249.9520263671875 1344.9610595703125 952.851806640625
v -1253.267822265625 1340.278076171875 954.2977294921875
v -1249.9560546875 1341.525390625 954.2393188476562
v -1247.5048828125 1335.6451416015625 957.018798828125
v -1248.32666015625 1334.49609375 957.3935546875
v -1247.507080078125 1334.8017578125 957.3770141601562
v -1245.4600830078125 1337.244384765625 956.6189575195312
v -1245.8690185546875 1336.6722412109375 956.8060913085938
v -1245.0538330078125 1336.971923828125 956.7886962890625
v -1245.4613037109375 1336.822265625 956.7974243164062
v -1241.79736328125 1341.110107421875 955.4722900390625
v -1245.6650390625 1336.747314453125 956.8018188476562
v -1245.86962890625 1336.461181640625 956.8954467773438
v -1245.4619140625 1336.611328125 956.8867797851562
v -1245.6656494140625 1336.536376953125 956.89111328125
v -1246.2760009765625 1336.9439697265625 956.63623046875
v -1246.6856689453125 1336.37060546875 956.8232421875
v -1246.277099609375 1336.5216064453125 956.814697265625
v -1247.5006103515625 1337.335693359375 956.3054809570312
v -1248.3223876953125 1336.1846923828125 956.6781005859375
v -1247.502685546875 1336.48974609375 956.66162109375
v -1236.938232421875 1349.6290283203125 952.5610961914062
v -1233.7503662109375 1347.3167724609375 953.861083984375
v -1236.950927734375 1346.214599609375 953.9476928710938
v -1233.68310546875 1364.599365234375 947.1336669921875
v -1227.34228515625 1359.6949462890625 949.5592041015625
v -1233.7081298828125 1357.611572265625 949.75927734375
v -1214.591796875 1384.458984375 941.4093627929688
v -1202.1729736328125 1373.872314453125 945.8155517578125
v -1214.6976318359375 1370.437255859375 946.4248657226562
v -1176.35986328125 1419.96142578125 929.1162109375
v -1176.7498779296875 1393.1387939453125 938.9832153320312
v -1238.5579833984375 1345.6534423828125 953.989013671875
v -1240.175537109375 1343.3839111328125 954.7291259765625
v -1236.9576416015625 1344.515869140625 954.6482543945312
v -1238.564208984375 1343.953369140625 954.6893310546875
v -1237.76025390625 1344.2354736328125 954.6690063476562
v -1238.5672607421875 1343.1053466796875 955.041259765625
v -1235.3485107421875 1346.76904296875 953.905029296875
v -1230.5496826171875 1351.79443359375 952.3795776367188
v -1238.165283203125 1343.246826171875 955.0311889648438
v -1239.3692626953125 1343.66943359375 954.7094116210938
v -1240.178466796875 1342.53515625 955.0809326171875
v -1239.372314453125 1342.8211669921875 955.061279296875
v -1241.7867431640625 1344.51025390625 954.067626953125
v -1243.4136962890625 1342.223876953125 954.8048095703125
v -1241.7919921875 1342.8074951171875 954.7676391601562
v -1238.3662109375 1343.1761474609375 955.0362548828125
v -1238.568115234375 1342.8935546875 955.1294555664062
v -1238.3670654296875 1342.96435546875 955.1243896484375
v -1238.162109375 1344.0946044921875 954.67919921875
v -1238.565673828125 1343.5291748046875 954.8651733398438
v -1237.761962890625 1343.8115234375 954.8448486328125
v -1238.1636962890625 1343.6705322265625 954.8550415039062
v -1237.75390625 1345.9349365234375 953.9685668945312
v -1238.56103515625 1344.802734375 954.338623046875
v -1236.9542236328125 1345.3646240234375 954.2974243164062
v -1237.757080078125 1345.08447265625 954.3181762695312
v -1238.5462646484375 1349.07080078125 952.6028442382812
v -1240.1644287109375 1346.7926025390625 953.3336181640625
v -1236.9444580078125 1347.9189453125 953.251953125
v -1238.552001953125 1347.3592529296875 953.2935180664062
v -1236.9150390625 1356.5294189453125 949.8489990234375
v -1240.1494140625 1351.9498291015625 951.2769775390625
v -1233.7216796875 1354.1561279296875 951.1056518554688
v -1236.92626953125 1353.06689453125 951.194580078125
v -1238.9696044921875 1342.96337890625 955.0513305664062
v -1239.373779296875 1342.3974609375 955.2376708984375
v -1238.97119140625 1342.539794921875 955.2277221679688
v -1220.9842529296875 1368.5908203125 946.6907348632812
v -1214.74853515625 1363.56591796875 949.0828247070312
v -1221.027587890625 1361.677001953125 949.3331298828125
v -1224.1795654296875 1360.6981201171875 949.4493408203125
v -1227.360107421875 1356.255126953125 950.9090576171875
v -1221.04931640625 1358.2545166015625 950.688720703125
v -1224.1993408203125 1357.2667236328125 950.8017578125
v -1222.623046875 1357.7635498046875 950.7459716796875
v -1217.8846435546875 1362.632568359375 949.2109375
v -1208.432373046875 1372.1949462890625 946.1323852539062
v -1189.45703125 1390.529296875 939.8927612304688
v -1205.3028564453125 1373.0430908203125 945.9768676757812
v -1208.4613037109375 1368.772216796875 947.45947265625
v -1208.3101806640625 1386.1004638671875 941.0765991210938
v -1214.6453857421875 1377.399658203125 943.8650512695312
v -1202.10693359375 1380.7232666015625 943.2114868164062
v -1208.37255859375 1379.103515625 943.5525512695312
v -1214.3662109375 1413.568115234375 932.2841796875
v -1227.1824951171875 1395.531494140625 937.3469848632812
v -1201.887451171875 1401.738037109375 935.9625244140625
v -1214.4810791015625 1398.8541259765625 936.7522583007812
v -1253.7686767578125 1439.2900390625 922.4871826171875
v -1201.3221435546875 1449.6370849609375 920.7452392578125
v -1227.019287109375 1446.007080078125 922.4810791015625
v -1211.5633544921875 1371.32666015625 946.2817993164062
v -1214.7232666015625 1366.9906005859375 947.7420654296875
v -1211.5906982421875 1367.8917236328125 947.6036987304688
v -1206.8675537109375 1372.6214599609375 946.0553588867188
v -1208.4468994140625 1370.48095703125 946.7929077148438
v -1205.318115234375 1371.335693359375 946.6402587890625
v -1206.8824462890625 1370.9107666015625 946.71728515625
v -1205.23974609375 1379.92333984375 943.3853759765625
v -1208.4027099609375 1375.638427734375 944.8297119140625
v -1202.140380859375 1377.2882080078125 944.5009155273438
v -1205.271728515625 1376.4730224609375 944.66845703125
v -1195.7578125 1389.126708984375 940.3148803710938
v -1189.536376953125 1383.744873046875 942.455078125
v -1195.833251953125 1382.267578125 942.8447265625
v -1189.09033203125 1418.188232421875 930.3330688476562
v -1176.56591796875 1406.4923095703125 933.9541015625
v -1189.28271484375 1404.263916015625 935.0167846679688
v -1175.2569580078125 1482.4556884765625 904.9942626953125
v -1149.9134521484375 1451.0234375 914.6040649414062
v -1175.82861328125 1451.1151123046875 917.9095458984375
v -1039.401123046875 1456.9246826171875 892.9853515625
v -1094.9879150390625 1469.755859375 895.745361328125
v -1206.100341796875 1371.123779296875 946.678955078125
v -1206.889892578125 1370.0572509765625 947.050537109375
v -1206.1077880859375 1370.2711181640625 947.0125732421875
v -1203.738037109375 1373.4600830078125 945.8969116210938
v -1206.4989013671875 1370.164306640625 947.0316162109375
v -1206.8935546875 1369.6309814453125 947.2177124023438
v -1207.6646728515625 1370.696533203125 946.7553100585938
v -1208.4541015625 1369.6259765625 947.12548828125
v -1207.6719970703125 1369.84228515625 947.0881958007812
v -1209.99755859375 1371.7633056640625 946.2078247070312
v -1211.5770263671875 1369.6064453125 946.9397583007812
v -1210.0257568359375 1368.33447265625 947.5322875976562
v -1210.01171875 1370.0462646484375 946.8670654296875
v -1211.507080078125 1378.2625732421875 943.7125244140625
v -1214.6717529296875 1373.9066162109375 945.1322021484375
v -1211.535400390625 1374.7833251953125 944.9844360351562
v -1220.8975830078125 1382.7198486328125 941.7053833007812
v -1227.2742919921875 1373.7049560546875 944.393310546875
v -1220.94091796875 1375.6029052734375 944.146240234375
v -1198.9720458984375 1381.50439453125 943.0311279296875
v -1195.8692626953125 1378.8641357421875 944.1482543945312
v -1199.0068359375 1378.0848388671875 944.327392578125
v -1200.573974609375 1377.688720703125 944.4148559570312
v -1202.15673828125 1375.577880859375 945.1551513671875
v -1199.02392578125 1376.3819580078125 944.9849853515625
v -1200.5906982421875 1375.9820556640625 945.0707397460938
v -1199.807373046875 1376.1826171875 945.0280151367188
v -1200.5989990234375 1375.1304931640625 945.4010009765625
v -1199.8157958984375 1375.3319091796875 945.3587036132812
v -1197.438720703125 1378.4765625 944.2384643554688
v -1192.688720703125 1383.0140380859375 942.652587890625
v -1183.12255859375 1391.8673095703125 939.4476928710938
v -1123.6043701171875 1423.8154296875 923.8436279296875
v -1198.2401123046875 1376.5802001953125 944.9415893554688
v -1198.6319580078125 1376.481201171875 944.9633178710938
v -1199.028076171875 1375.9569091796875 945.1503295898438
v -1198.63623046875 1376.056396484375 945.1287841796875
v -1198.222900390625 1378.28125 944.2830810546875
v -1199.015380859375 1377.2327880859375 944.6553955078125
v -1197.4473876953125 1377.62646484375 944.5673828125
v -1198.2315673828125 1377.43017578125 944.611572265625
v -1197.4031982421875 1381.8880615234375 942.9386596679688
v -1198.9896240234375 1379.792236328125 943.6760864257812
v -1195.8514404296875 1380.563720703125 943.4932861328125
v -1197.421142578125 1380.18017578125 943.5853881835938
v -1198.8992919921875 1388.3994140625 940.5162353515625
v -1202.072509765625 1384.1783447265625 941.9482421875
v -1195.796142578125 1385.6883544921875 941.567138671875
v -1198.9361572265625 1384.9425048828125 941.760986328125
v -1195.5938720703125 1403.0406494140625 935.5067138671875
v -1201.9639892578125 1394.6602783203125 938.3015747070312
v -1189.372314453125 1397.37060546875 937.4202880859375
v -1195.677978515625 1396.0528564453125 937.8759765625
v -1186.2943115234375 1391.2064208984375 939.6728515625
v -1189.4974365234375 1387.1297607421875 941.1614379882812
v -1183.1641845703125 1388.508056640625 940.7342529296875
v -1186.33544921875 1387.8267822265625 940.9503173828125
v -1182.9417724609375 1405.4146728515625 934.4976196289062
v -1176.660888671875 1399.799560546875 936.4349365234375
v -1183.034912109375 1398.619873046875 936.9385375976562
v -1163.485595703125 1421.4112548828125 927.8072509765625
v -1150.6265869140625 1410.0423583984375 931.6337280273438
v -1163.692138671875 1408.4224853515625 932.8134155273438
v -1179.9412841796875 1392.511474609375 939.2176513671875
v -1178.3468017578125 1392.8272705078125 939.1009521484375
v -1179.96240234375 1390.8409423828125 939.8627319335938
v -1178.3680419921875 1391.1619873046875 939.7484130859375
v -1170.1507568359375 1407.4954833984375 933.3910522460938
v -1163.78662109375 1401.9417724609375 935.378662109375
v -1170.24609375 1400.9075927734375 935.91357421875
v -1179.852783203125 1399.218505859375 936.689208984375
v -1183.0794677734375 1395.238037109375 938.1832885742188
v -1176.7061767578125 1396.4649658203125 937.6994018554688
v -1179.8978271484375 1395.860107421875 937.9437255859375
v -1177.5487060546875 1392.9835205078125 939.042236328125
v -1178.3575439453125 1391.994384765625 939.4240112304688
v -1176.760498046875 1392.30859375 939.3074340820312
v -1177.559326171875 1392.1519775390625 939.3658447265625
v -1175.1502685546875 1393.4459228515625 938.8644409179688
v -1173.4588623046875 1400.3626708984375 936.1762084960938
v -1170.2913818359375 1397.62158203125 937.1986083984375
v -1173.5042724609375 1397.05224609375 937.4508666992188
v -1178.30322265625 1396.164794921875 937.8221435546875
v -1179.919677734375 1394.1845703125 938.578125
v -1176.728271484375 1394.80078125 938.3387451171875
v -1178.3251953125 1394.494873046875 938.458984375
v -1175.9503173828125 1393.2928466796875 938.9239501953125
v -1175.1065673828125 1396.7608642578125 937.5756225585938
v -1173.5262451171875 1395.3995361328125 938.0952758789062
v -1175.1285400390625 1395.1024169921875 938.2174682617188
v -1171.899169921875 1397.339111328125 937.3251953125
v -1171.9212646484375 1395.6923828125 937.9721069335938
v -1167.022216796875 1401.43408203125 935.6475830078125
v -1157.1854248046875 1409.27197265625 932.2260131835938
v -1137.1473388671875 1423.3387451171875 925.1194458007812
v -1122.6988525390625 1474.989501953125 898.1939697265625
v -1095.40234375 1447.143798828125 908.9453125
v -1123.1500244140625 1449.6319580078125 911.4586791992188
v -1168.6807861328125 1397.8994140625 937.0712280273438
v -1169.4864501953125 1397.7611083984375 937.135009765625
v -1170.302490234375 1396.8009033203125 937.5227661132812
v -1168.6356201171875 1401.173095703125 935.7809448242188
v -1170.2689208984375 1399.263916015625 936.5538940429688
v -1167.044921875 1399.8028564453125 936.2930908203125
v -1168.658447265625 1399.53564453125 936.4238891601562
v -1166.9271240234375 1407.9686279296875 933.103759765625
v -1170.19921875 1404.198974609375 934.6452026367188
v -1163.7401123046875 1405.180908203125 934.0889892578125
v -1166.9754638671875 1404.699462890625 934.3685913085938
v -1169.9432373046875 1420.726806640625 928.4700317382812
v -1176.46533203125 1413.2139892578125 931.5210571289062
v -1163.591552734375 1414.912841796875 930.295654296875
v -1170.0496826171875 1414.1025390625 930.9161987304688
v -1162.9508056640625 1451.2479248046875 916.2761840820312
v -1176.1025390625 1435.4967041015625 923.6085205078125
v -1150.1781005859375 1436.80126953125 920.5928955078125
v -1163.2264404296875 1436.319091796875 922.1210327148438
v -1171.095703125 1397.48095703125 937.2620239257812
v -1171.9102783203125 1396.5155029296875 937.6480102539062
v -1171.11767578125 1395.8370361328125 937.9102172851562
v -1171.106689453125 1396.6588134765625 937.5855102539062
v -1171.8538818359375 1400.637451171875 936.0453491210938
v -1173.481689453125 1398.70654296875 936.8113403320312
v -1171.876708984375 1398.987548828125 936.6830444335938
v -1173.363525390625 1407.0032958984375 933.6747436523438
v -1176.6141357421875 1403.14208984375 935.1873168945312
v -1173.4119873046875 1403.6798095703125 934.9183349609375
v -1162.1641845703125 1402.1884765625 935.2432861328125
v -1160.445068359375 1408.8570556640625 932.5206298828125
v -1157.232666015625 1406.0860595703125 933.5230712890625
v -1160.49267578125 1405.6431884765625 933.8069458007812
v -1156.982177734375 1422.0147705078125 927.1343994140625
v -1150.530029296875 1416.294677734375 929.0303344726562
v -1157.0865478515625 1415.643798828125 929.6651611328125
v -1162.975830078125 1402.0657958984375 935.31103515625
v -1163.7979736328125 1401.1324462890625 935.7035522460938
v -1162.987060546875 1401.2579345703125 935.6365966796875
v -1162.117919921875 1405.4144287109375 933.9482421875
v -1163.7635498046875 1403.56103515625 934.7318725585938
v -1160.5159912109375 1404.03662109375 934.4552612304688
v -1162.141357421875 1403.80126953125 934.5938110351562
v -1165.4058837890625 1401.6903076171875 935.513427734375
v -1165.4285888671875 1400.0654296875 936.16162109375
v -1153.912841796875 1409.667236328125 931.93017578125
v -1155.5977783203125 1406.300048828125 933.3806762695312
v -1156.4156494140625 1406.193603515625 933.451904296875
v -1157.2442626953125 1405.28955078125 933.8494873046875
v -1156.4271240234375 1405.3988037109375 933.7789916992188
v -1155.55078125 1409.4720458984375 932.0781860351562
v -1157.209228515625 1407.6790771484375 932.8729248046875
v -1153.9364013671875 1408.08837890625 932.5824584960938
v -1155.574462890625 1407.88623046875 932.727783203125
v -1153.8150634765625 1415.979248046875 929.3479614257812
v -1157.13671875 1412.4580078125 930.9407348632812
v -1150.5789794921875 1413.1697998046875 930.3271484375
v -1153.8646240234375 1412.8238525390625 930.6342163085938
v -1143.8179931640625 1422.9786376953125 925.7840576171875
v -1137.24365234375 1417.3529052734375 927.7703857421875
v -1143.917236328125 1416.8646240234375 928.3968505859375
v -1136.6639404296875 1450.4739990234375 912.9720458984375
v -1123.382080078125 1436.804931640625 917.67822265625
v -1136.911865234375 1436.9581298828125 919.0899658203125
v -1158.8642578125 1405.8670654296875 933.6652221679688
v -1158.887451171875 1404.2672119140625 934.3162231445312
v -1154.779052734375 1406.4052734375 933.309326171875
v -1147.326171875 1410.3974609375 931.3372802734375
v -1155.1884765625 1406.352783203125 933.3450317382812
v -1155.603515625 1405.903564453125 933.54443359375
v -1154.7847900390625 1406.009521484375 933.4734497070312
v -1155.1942138671875 1405.9566650390625 933.5089111328125
v -1154.755859375 1407.9879150390625 932.6551513671875
v -1155.586181640625 1407.0931396484375 933.0538330078125
v -1153.947998046875 1407.298828125 932.9097900390625
v -1154.7674560546875 1407.1966552734375 932.9818115234375
v -1152.271484375 1409.8572998046875 931.781982421875
v -1150.6497802734375 1408.477783203125 932.2913208007812
v -1152.2947998046875 1408.2855224609375 932.4369506835938
v -1148.978271484375 1410.222412109375 931.4854125976562
v -1147.23095703125 1416.58984375 928.7130737304688
v -1143.9649658203125 1413.80078125 929.7141723632812
v -1147.279296875 1413.4954833984375 930.020263671875
v -1148.1527099609375 1410.310546875 931.4113159179688
v -1148.930908203125 1413.335205078125 930.1736450195312
v -1150.60302734375 1411.6064453125 930.9790649414062
v -1147.302978515625 1411.9468994140625 930.6773681640625
v -1148.9547119140625 1411.7791748046875 930.8281860351562
v -1148.5655517578125 1410.2667236328125 931.4483642578125
v -1148.9840087890625 1409.8331298828125 931.6502075195312
v -1148.5712890625 1409.8778076171875 931.61328125
v -1148.1292724609375 1411.8636474609375 930.7527465820312
v -1148.966552734375 1411.0009765625 931.1564331054688
v -1147.3145751953125 1411.17236328125 931.0069580078125
v -1148.1409912109375 1411.0872802734375 931.0817260742188
v -1145.6240234375 1413.650634765625 929.8670654296875
v -1143.9881591796875 1412.26708984375 930.3764038085938
v -1145.6474609375 1412.109619140625 930.5267944335938
v -1140.58837890625 1417.1190185546875 928.0823974609375
v -1140.63525390625 1414.085693359375 929.4096069335938
v -1130.4110107421875 1423.6177978515625 924.4705200195312
v -1149.8028564453125 1410.133056640625 931.5595703125
v -1150.6383056640625 1409.2601318359375 931.9620971679688
v -1149.814453125 1409.3526611328125 931.8886108398438
v -1147.739501953125 1410.354248046875 931.374267578125
v -1142.302001953125 1413.94580078125 929.5616455078125
v -1141.4691162109375 1414.016357421875 929.4855346679688
v -1142.2547607421875 1416.994384765625 928.2393798828125
v -1143.9412841796875 1415.3333740234375 929.0543823242188
v -1140.6119384765625 1415.60302734375 928.744873046875
v -1142.278564453125 1415.4708251953125 928.8994140625
v -1140.4906005859375 1423.1688232421875 925.4501953125
v -1143.8681640625 1419.923828125 927.0874633789062
v -1137.196044921875 1420.34912109375 926.4417724609375
v -1140.5400390625 1420.146728515625 926.7632446289062
v -1143.5750732421875 1436.91943359375 919.8341674804688
v -1150.3055419921875 1429.6748046875 923.5284423828125
v -1137.03173828125 1430.1630859375 922.1044921875
v -1143.6988525390625 1429.9591064453125 922.8104858398438
v -1141.0523681640625 1414.0511474609375 929.4475708007812
v -1138.91796875 1417.238525390625 927.926025390625
v -1138.9415283203125 1415.730224609375 928.5908813476562
v -1141.44580078125 1415.53759765625 928.8220825195312
v -1142.290283203125 1414.70849609375 929.230224609375
v -1140.6236572265625 1414.8446044921875 929.076904296875
v -1141.45751953125 1414.777099609375 929.1535034179688
v -1133.7877197265625 1423.4884033203125 924.7926025390625
v -1130.4583740234375 1420.6925048828125 925.8101806640625
v -1133.835693359375 1420.531005859375 926.1238403320312
v -1130.1826171875 1436.9193115234375 918.3685913085938
v -1123.4951171875 1430.33349609375 920.75732421875
v -1130.298828125 1430.28759765625 921.4176635742188
v -1109.3638916015625 1448.5208740234375 910.1178588867188
v -1095.6197509765625 1435.602294921875 915.26513671875
v -1109.5859375 1436.3525390625 916.4034423828125
v -1066.970703125 1463.739013671875 894.0635986328125
v -1067.397216796875 1443.592041015625 907.0560913085938
v -987.7124633789062 1470.8143310546875 864.617431640625
v -1132.149169921875 1420.6143798828125 925.9664306640625
v -1133.859375 1419.049560546875 926.791748046875
v -1130.481689453125 1419.2266845703125 926.4823608398438
v -1132.172607421875 1419.1407470703125 926.636474609375
v -1127.0167236328125 1423.726806640625 924.1539306640625
v -1102.6171875 1436.0146484375 915.8176879882812
v -1081.3763427734375 1445.500732421875 907.9288330078125
v -1088.390380859375 1446.35546875 908.4183349609375
v -1095.51123046875 1441.4013671875 912.1133422851562
v -1081.4852294921875 1440.0606689453125 911.0968017578125
v -1088.4990234375 1440.7662353515625 911.5878295898438
v -1080.9608154296875 1466.8450927734375 894.81884765625
v -1095.1884765625 1458.50048828125 902.4874877929688
v -1067.178466796875 1453.7313232421875 900.666748046875
v -1081.162353515625 1456.2314453125 901.4967041015625
v -1066.4105224609375 1503.2568359375 864.1767578125
v -1094.664306640625 1492.1864013671875 880.9472045898438
v -1039.0003662109375 1474.7032470703125 879.1621704101562
v -1066.6202392578125 1483.705322265625 879.7685546875
v -1093.8675537109375 1435.487548828125 915.1321411132812
v -1095.646728515625 1434.1424560546875 916.052734375
v -1092.0062255859375 1441.0926513671875 911.84619140625
v -1095.5655517578125 1438.509521484375 913.6901245117188
v -1088.5533447265625 1437.94921875 913.1668090820312
v -1092.060546875 1438.238525390625 913.4242553710938
v -1102.398193359375 1447.8656005859375 909.5112915039062
v -1109.4752197265625 1442.459716796875 913.2730102539062
v -1102.5079345703125 1441.9658203125 912.6746826171875
v -1108.9384765625 1472.470947265625 896.8636474609375
v -1122.918701171875 1462.34423828125 905.019287109375
v -1109.1446533203125 1460.5382080078125 903.656005859375
v -1122.1444091796875 1524.272705078125 865.816162109375
v -1148.8939208984375 1507.4947509765625 885.6276245117188
v -1122.3355712890625 1500.154052734375 882.8759765625
v -1099.1212158203125 1435.8177490234375 915.537353515625
v -1102.6712646484375 1433.016845703125 917.387451171875
v -1099.1751708984375 1432.8570556640625 917.1102294921875
v -1097.37109375 1435.71240234375 915.4002075195312
v -1099.148193359375 1434.3394775390625 916.3236083984375
v -1097.3980712890625 1434.2432861328125 916.1871948242188
v -1099.0123291015625 1441.6923828125 912.3894653320312
v -1102.5626220703125 1438.997314453125 914.24755859375
v -1099.06689453125 1438.762451171875 913.9645385742188
v -1094.7437744140625 1435.5455322265625 915.1983642578125
v -1095.63330078125 1434.8729248046875 915.658935546875
v -1093.8809814453125 1434.7626953125 915.526123046875
v -1094.7572021484375 1434.818359375 915.59228515625
v -1093.8133544921875 1438.376220703125 913.55615234375
v -1095.5927734375 1437.0579833984375 914.4777221679688
v -1092.0875244140625 1436.805419921875 914.2127075195312
v -1093.8404541015625 1436.9339599609375 914.3441772460938
v -1094.3192138671875 1434.790771484375 915.5591430664062
v -1094.7640380859375 1434.4544677734375 915.7892456054688
v -1094.325927734375 1434.4273681640625 915.7561645507812
v -1074.3739013671875 1444.57958984375 907.4752807617188
v -1053.12353515625 1460.437255859375 893.459228515625
v -1053.3411865234375 1450.9996337890625 899.980712890625
v -1060.2374267578125 1452.394775390625 900.3067626953125
v -1067.2869873046875 1448.6851806640625 903.8795166015625
v -1060.347900390625 1447.4912109375 903.5046997070312
v -1063.8116455078125 1448.095947265625 903.6879272460938
v -1067.3419189453125 1446.1453857421875 905.4712524414062
v -1063.8670654296875 1445.5916748046875 905.2766723632812
v -1074.1580810546875 1455.01025390625 901.0626831054688
v -1081.268310546875 1450.886962890625 904.7346801757812
v -1074.26513671875 1449.817138671875 904.2888793945312
v -1046.47705078125 1449.5430908203125 899.6863403320312
v -1026.833740234375 1453.4971923828125 892.648193359375
v -1013.4827270507812 1481.830810546875 864.2833251953125
v -987.9158325195312 1456.27490234375 878.9470825195312
v -1013.76904296875 1465.8614501953125 878.9571533203125
v -934.922119140625 1472.624755859375 833.2474975585938
v -987.8544921875 1499.0831298828125 832.3316650390625
v -1033.122802734375 1455.2373046875 892.8062133789062
v -1039.513671875 1452.484130859375 896.232666015625
v -1033.2369384765625 1450.9136962890625 896.0327758789062
v -1026.4205322265625 1470.3648681640625 879.0267944335938
v -1039.18896484375 1465.8045654296875 886.2501220703125
v -1013.9618530273438 1457.83740234375 885.8379516601562
v -1026.61572265625 1461.917236328125 886.0079956054688
v -1036.3759765625 1451.705810546875 896.1299438476562
v -1039.571044921875 1450.256591796875 897.8333740234375
v -1046.2540283203125 1458.708984375 893.2072143554688
v -1053.230712890625 1455.728759765625 896.7518920898438
v -1046.364013671875 1454.13671875 896.477294921875
v -1052.7471923828125 1479.275146484375 879.4049682617188
v -1066.781982421875 1473.72509765625 887.1117553710938
v -1052.9228515625 1469.8525390625 886.6167602539062
v -1037.94482421875 1452.0966796875 896.1806030273438
v -1039.542236328125 1451.3712158203125 897.0347290039062
v -1038.00244140625 1449.8839111328125 897.7789306640625
v -1036.40478515625 1450.6075439453125 896.9295654296875
v -1037.9736328125 1450.9910888671875 896.9814453125
v -1036.2625732421875 1456.08740234375 892.8930053710938
v -1039.45703125 1454.7061767578125 894.6173706054688
v -1033.179443359375 1453.0772705078125 894.4275512695312
v -1036.31884765625 1453.8983154296875 894.5196533203125
v -1032.9068603515625 1463.8836669921875 886.1190185546875
v -1039.2926025390625 1461.360107421875 889.6626586914062
v -1026.722412109375 1457.7022705078125 889.3709716796875
v -1033.012451171875 1459.5556640625 889.5064697265625
v -1042.937744140625 1453.3182373046875 896.3513793945312
v -1046.4202880859375 1451.8436279296875 898.08837890625
v -1043.052001953125 1448.79052734375 899.5504150390625
v -1042.99462890625 1451.0582275390625 897.957275390625
v -1034.8067626953125 1451.3115234375 896.0806884765625
v -1034.8355712890625 1450.220458984375 896.8790893554688
v -1035.6202392578125 1450.4144287109375 896.9041748046875
v -1036.4193115234375 1450.0577392578125 897.328125
v -1037.189208984375 1450.7998046875 896.955322265625
v -1037.988037109375 1450.437744140625 897.3805541992188
v -1037.2181396484375 1449.6961669921875 897.7522583007812
v -1037.20361328125 1450.2481689453125 897.3541870117188
v -1035.2279052734375 1450.317626953125 896.8916015625
v -1035.6275634765625 1450.1405029296875 897.1033935546875
v -1035.2352294921875 1450.0440673828125 897.0907592773438
v -1029.9803466796875 1454.3740234375 892.7246704101562
v -1030.037353515625 1452.2425537109375 894.3407592773438
v -1035.5914306640625 1451.509033203125 896.1051635742188
v -1036.390380859375 1451.1568603515625 896.5302124023438
v -1034.8211669921875 1450.76611328125 896.4803466796875
v -1035.6058349609375 1450.9619140625 896.5050659179688
v -1034.7493896484375 1453.489501953125 894.4729614257812
v -1036.3472900390625 1452.8026123046875 895.3267211914062
v -1033.2081298828125 1451.99609375 895.2320556640625
v -1034.7779541015625 1452.401123046875 895.2787475585938
v -1020.3045654296875 1459.9027099609375 885.9150390625
v -1014.067138671875 1453.837646484375 889.1539916992188
v -1020.4111938476562 1455.797119140625 889.2542114257812
v -1000.959716796875 1461.170654296875 878.9359741210938
v -1001.1372680664062 1453.543212890625 885.722900390625
v -961.2350463867188 1459.3038330078125 865.015625
v -1007.5765380859375 1455.7183837890625 885.774658203125
v -1010.879150390625 1452.8365478515625 889.1094360351562
v -1010.7752685546875 1456.7847900390625 885.8047485351562
v -1014.0138549804688 1455.8358154296875 887.5066528320312
v -1007.6270141601562 1453.7679443359375 887.4319458007812
v -1010.8265991210938 1454.8089599609375 887.4676513671875
v -1007.3894653320312 1463.5408935546875 878.9415893554688
v -1013.8621826171875 1461.847412109375 882.4380493164062
v -1001.0452880859375 1457.3536376953125 882.3693237304688
v -1007.4797973632812 1459.626953125 882.3983154296875
v -1000.7003784179688 1476.402587890625 864.4390869140625
v -1013.6065673828125 1473.8760986328125 871.7643432617188
v -987.7969970703125 1463.5513916015625 871.9362182617188
v -1000.8114624023438 1468.80419921875 871.8368530273438
v -1013.5350341796875 1512.040771484375 831.9473876953125
v -1038.641357421875 1509.093505859375 848.1334228515625
v -987.6741333007812 1485.1708984375 849.06982421875
v -1013.3836059570312 1497.3582763671875 848.5520629882812
v -1009.2284545898438 1454.290283203125 887.4494018554688
v -1010.8527221679688 1453.822265625 888.2911987304688
v -1009.25439453125 1453.3099365234375 888.2716064453125
v -1004.3643188476562 1454.6380615234375 885.7474365234375
v -1010.053955078125 1453.5665283203125 888.2813110351562
v -1010.8659057617188 1453.329345703125 888.7009887695312
v -1010.0670776367188 1453.0751953125 888.6907348632812
v -1012.4216918945312 1455.3240966796875 887.4867553710938
v -1014.0403442382812 1454.836181640625 888.3330078125
v -1012.447998046875 1454.3310546875 888.3117065429688
v -1017.1378173828125 1458.8765869140625 885.8746337890625
v -1020.3572387695312 1457.848388671875 887.5955200195312
v -1017.2439575195312 1454.8243408203125 889.2021484375
v -1017.1902465820312 1456.848876953125 887.5491943359375
v -1020.109130859375 1468.13525390625 878.98486328125
v -1026.5147705078125 1466.140625 882.5585327148438
v -1020.2035522460938 1464.0177001953125 882.49072265625
v -1026.1312255859375 1487.1173095703125 864.163330078125
v -1038.84326171875 1483.5540771484375 871.7613525390625
v -1026.25634765625 1478.7852783203125 871.7338256835938
v -994.4691162109375 1458.748291015625 878.9382934570312
v -997.8051147460938 1456.1962890625 882.3582153320312
v -1001.090576171875 1455.447265625 884.0562133789062
v -997.8487548828125 1454.313720703125 884.0394897460938
v -981.3095092773438 1453.757568359375 878.9618530273438
v -974.5346069335938 1465.0955810546875 864.8109741210938
v -974.5825805664062 1458.14697265625 872.0545654296875
v -961.5294799804688 1485.786865234375 832.7764892578125
v -934.6983642578125 1460.1168212890625 850.2157592773438
v -961.309326171875 1472.6087646484375 849.63720703125
v -881.7010498046875 1470.448486328125 794.9696044921875
v -881.5156860351562 1447.718505859375 834.1236572265625
v -984.61865234375 1455.0213623046875 878.9537353515625
v -981.2101440429688 1460.864501953125 871.9932861328125
v -987.8526000976562 1459.912841796875 875.4804077148438
v -974.6181640625 1454.673095703125 875.5574951171875
v -981.2561645507812 1457.309814453125 875.5164794921875
v -982.9655151367188 1454.390625 878.9576416015625
v -984.5601806640625 1458.615966796875 875.497802734375
v -987.88330078125 1458.093505859375 877.2234497070312
v -981.281982421875 1455.533203125 877.2489013671875
v -984.5885620117188 1456.8182373046875 877.2354736328125
v -994.3336791992188 1466.2001953125 871.8839721679688
v -1000.8814086914062 1464.9892578125 875.4246215820312
v -994.3973999023438 1462.4749755859375 875.4495849609375
v -982.1378173828125 1454.074462890625 878.959716796875
v -977.9417724609375 1455.9952392578125 875.536376953125
v -977.9649047851562 1454.2393798828125 877.2636108398438
v -967.923828125 1455.406005859375 872.1196899414062
v -947.8826293945312 1453.497314453125 865.2274780273438
v -982.9366455078125 1456.1768798828125 877.2420043945312
v -984.6033935546875 1455.9195556640625 878.0970458984375
v -981.2955322265625 1454.645263671875 878.1077880859375
v -982.9508666992188 1455.2835693359375 878.1022338867188
v -979.6246948242188 1454.8873291015625 877.256103515625
v -979.6375732421875 1454.004638671875 878.1137084960938
v -980.4668579101562 1454.3251953125 878.1107177734375
v -981.302490234375 1454.201416015625 878.5354614257812
v -980.4736328125 1453.8826904296875 878.5380249023438
v -971.2564697265625 1456.7789306640625 872.086669921875
v -974.5994873046875 1456.40966796875 873.8158569335938
v -967.9353637695312 1453.70751953125 873.8712158203125
v -971.2706909179688 1455.061279296875 873.843017578125
v -967.895751953125 1462.2052001953125 864.912109375
v -974.5545043945312 1461.6221923828125 868.47265625
v -961.23583984375 1455.9747314453125 868.6432495117188
v -967.9060668945312 1458.80517578125 868.5565185546875
v -974.5512084960938 1478.9107666015625 849.3497314453125
v -987.6691284179688 1478.0316162109375 856.994140625
v -961.2557373046875 1465.962890625 857.5040893554688
v -974.5222778320312 1472.02490234375 857.244873046875
v -964.585693359375 1454.0289306640625 872.153564453125
v -966.25537109375 1454.7178955078125 872.1365356445312
v -967.9293823242188 1454.556640625 872.9979248046875
v -964.5899047851562 1453.18896484375 873.0294189453125
v -966.26025390625 1453.873291015625 873.0135498046875
v -964.5731201171875 1457.3912353515625 868.5995483398438
v -967.9140014648438 1457.1053466796875 870.3482055664062
v -961.2388305664062 1454.3111572265625 870.4259033203125
v -964.5785522460938 1455.7095947265625 870.38671875
v -954.5611572265625 1456.3988037109375 865.1209106445312
v -954.552978515625 1453.137939453125 868.7322998046875
v -948.0059204101562 1466.3243408203125 849.9274291992188
v -934.61376953125 1453.90673828125 858.030517578125
v -947.9320068359375 1459.9039306640625 857.7674560546875
v -908.3268432617188 1459.982177734375 833.7086181640625
v -908.164794921875 1448.0550537109375 850.7681884765625
v -951.221923828125 1454.9471435546875 865.174072265625
v -954.5562744140625 1454.767822265625 866.937255859375
v -947.8738403320312 1451.89892578125 867.0361938476562
v -951.2150268554688 1453.3326416015625 866.986572265625
v -954.5971069335938 1462.9293212890625 857.6355590820312
v -961.2415161132812 1462.6339111328125 861.3032836914062
v -947.9044189453125 1456.6982421875 861.5433349609375
v -954.5757446289062 1459.6630859375 861.4228515625
v -949.5443725585938 1452.6156005859375 867.0113525390625
v -941.268310546875 1456.89404296875 857.8992919921875
v -934.5779418945312 1450.8154296875 861.78466796875
v -941.2357177734375 1453.74658203125 861.6641235351562
v -921.4290771484375 1454.0328369140625 850.4976196289062
v -927.974609375 1450.9483642578125 858.1605834960938
v -931.2922973632812 1452.423828125 858.095703125
v -934.5953369140625 1452.35986328125 859.919921875
v -931.2734375 1450.8905029296875 859.982666015625
v -928.0595703125 1457.0592041015625 850.3577880859375
v -934.6538696289062 1457.00732421875 854.1756591796875
v -921.3865966796875 1451.0174560546875 854.4489135742188
v -928.0153198242188 1453.997802734375 854.3133544921875
v -921.6281127929688 1466.238037109375 833.4815673828125
v -934.8010864257812 1466.3602294921875 841.9630737304688
v -908.2423706054688 1453.9776611328125 842.5040893554688
v -921.52294921875 1460.1090087890625 842.2388916015625
v -908.6719970703125 1483.13916015625 794.9483642578125
v -935.1970825195312 1484.9222412109375 814.64306640625
v -881.6114501953125 1459.3741455078125 815.0217895507812
v -908.5049438476562 1471.9287109375 814.8280029296875
v -826.5 1466.912841796875 748.4990234375
v -881.8270263671875 1491.582763671875 748.3018798828125
v -914.7998657226562 1451.032958984375 850.6345825195312
v -914.76025390625 1448.0616455078125 854.5819091796875
v -772.0057983398438 1422.2103271484375 795.2295532226562
v -894.9716186523438 1453.8209228515625 833.9241943359375
v -894.9081420898438 1447.9298095703125 842.7537841796875
v -904.8428344726562 1446.57275390625 850.8335571289062
v -908.1465454101562 1446.5877685546875 852.7550048828125
v -901.585205078125 1450.945556640625 842.6311645507812
v -908.2026977539062 1451.00537109375 846.701171875
v -894.8778686523438 1445.02392578125 846.956787109375
v -901.55029296875 1448.0074462890625 846.8312377929688
v -906.5042724609375 1447.3133544921875 850.8009643554688
v -908.1556396484375 1447.32080078125 851.765380859375
v -906.495361328125 1446.58154296875 851.7980346679688
v -904.8785400390625 1449.5042724609375 846.7667236328125
v -908.1835327148438 1449.5274658203125 848.75048828125
v -901.5333251953125 1446.5477294921875 848.8807983398438
v -904.8604736328125 1448.03564453125 848.8162231445312
v -914.8861694335938 1457.0306396484375 842.3731079101562
v -921.4745483398438 1457.063232421875 846.429443359375
v -914.8418579101562 1454.0224609375 846.5670166015625
v -911.4835205078125 1449.5416259765625 850.7018432617188
v -914.77978515625 1449.545166015625 852.6229248046875
v -911.4642944335938 1448.0640869140625 852.6893920898438
v -905.6649169921875 1446.21240234375 851.8142700195312
v -905.6737060546875 1446.9429931640625 850.8173217773438
v -906.4998168945312 1446.947265625 851.3004760742188
v -904.8385009765625 1446.2078857421875 851.3329467773438
v -905.6693115234375 1446.5775146484375 851.3167724609375
v -906.5224609375 1448.781005859375 848.7835083007812
v -908.174072265625 1448.7906494140625 849.7632446289062
v -904.8516235351562 1447.303466796875 849.8287963867188
v -906.5133056640625 1448.0465087890625 849.7962036132812
v -911.5234985351562 1452.51123046875 846.634521484375
v -914.820556640625 1452.525390625 848.6162109375
v -911.5032348632812 1451.02392578125 848.683837890625
v -867.9124145507812 1441.6390380859375 834.3025512695312
v -854.283935546875 1457.9608154296875 795.02001953125
v -826.3973999023438 1434.7322998046875 815.3409423828125
v -854.219482421875 1446.992431640625 815.196533203125
v -874.7354125976562 1444.6781005859375 834.2159423828125
v -881.4920043945312 1444.8096923828125 838.6249389648438
v -874.7144165039062 1441.791015625 838.7252807617188
v -867.9893798828125 1453.17431640625 815.1129760742188
v -881.563720703125 1453.56787109375 824.7584838867188
v -854.181884765625 1441.28173828125 825.017822265625
v -867.9514770507812 1447.4193115234375 824.8961791992188
v -861.045654296875 1438.59912109375 834.3831176757812
v -861.0843505859375 1444.3487548828125 824.958984375
v -867.9320068359375 1444.52587890625 829.655517578125
v -854.1619262695312 1438.415771484375 829.7950439453125
v -861.065185546875 1441.4696044921875 829.7277221679688
v -840.3399047851562 1440.8397216796875 815.2723999023438
v -840.29638671875 1435.1668701171875 825.1239013671875
v -799.2271728515625 1433.79150390625 795.1560668945312
v -716.5801391601562 1419.9508056640625 748.7127075195312
v -771.9964599609375 1443.3857421875 748.637451171875
v -857.61767578125 1439.9422607421875 829.7620239257812
v -861.0554809570312 1440.032470703125 832.0707397460938
v -854.1516723632812 1436.9859619140625 832.1419677734375
v -857.6077880859375 1438.5089111328125 832.1069946289062
v -847.2504272460938 1438.2203369140625 825.0726928710938
v -847.2288208007812 1435.36669921875 829.8574829101562
v -855.8807373046875 1437.747314453125 832.1246337890625
v -857.602783203125 1437.7935791015625 833.2681274414062
v -855.8756103515625 1437.032958984375 833.2861938476562
v -850.6986694335938 1436.8905029296875 829.8268432617188
v -855.0112915039062 1436.6527099609375 833.2951049804688
v -852.4207153320312 1436.224853515625 832.158935546875
v -855.0164184570312 1437.3665771484375 832.1333618164062
v -855.878173828125 1437.3900146484375 832.7064208984375
v -854.1491088867188 1436.629150390625 832.7239379882812
v -855.0138549804688 1437.009521484375 832.7152099609375
v -855.8908081054688 1439.178955078125 829.7786865234375
v -857.6127319335938 1439.22509765625 830.938232421875
v -854.1567993164062 1437.700439453125 830.9722290039062
v -855.8857421875 1438.462646484375 830.9553833007812
v -857.6370849609375 1442.814697265625 824.9888916015625
v -861.0748291015625 1442.908935546875 827.3563842773438
v -854.1719970703125 1439.8482666015625 827.4194946289062
v -857.62744140625 1441.3780517578125 827.3884887695312
v -861.12109375 1450.0806884765625 815.1557006835938
v -867.9706420898438 1450.3065185546875 820.0426635742188
v -854.2011108398438 1444.14501953125 820.145263671875
v -861.1029663085938 1447.2235107421875 820.095458984375
v -868.0590209960938 1464.192138671875 794.9925537109375
v -881.6576538085938 1465.0350341796875 805.047607421875
v -854.2537231445312 1452.587158203125 805.1466064453125
v -868.0255126953125 1458.7998046875 805.09716796875
v -854.3569946289062 1479.2119140625 748.4066772460938
v -881.7828369140625 1481.72900390625 771.7490234375
v -826.5164794921875 1456.87548828125 771.8675537109375
v -854.33544921875 1469.240478515625 771.8040161132812
v -854.58154296875 1436.8193359375 832.7196044921875
v -855.0125732421875 1436.8310546875 833.0054321289062
v -854.5789794921875 1436.462646484375 833.299560546875
v -854.1478271484375 1436.4508056640625 833.01416015625
v -854.5802612304688 1436.6409912109375 833.0098266601562
v -853.2864379882812 1436.6053466796875 832.1504516601562
v -853.2838134765625 1436.248779296875 832.7325439453125
v -852.43115234375 1437.6529541015625 829.8110961914062
v -850.693359375 1436.1768798828125 831.0049438476562
v -852.4259643554688 1436.9384765625 830.9887084960938
v -850.7193603515625 1439.750244140625 825.0457153320312
v -847.23974609375 1436.7928466796875 827.478271484375
v -850.7091064453125 1438.3197021484375 827.449462890625
v -847.2904663085938 1443.911376953125 815.2354125976562
v -840.31884765625 1438.009765625 820.2362670898438
v -847.27099609375 1441.0731201171875 820.1921997070312
v -840.408935546875 1451.7635498046875 795.051025390625
v -826.4406127929688 1440.2755126953125 805.2429809570312
v -840.3775634765625 1446.4073486328125 805.1953125
v -854.3640747070312 1436.5458984375 833.0120239257812
v -854.57958984375 1436.5517578125 833.1547241210938
v -854.3634033203125 1436.4566650390625 833.1569213867188
v -853.716552734375 1436.43896484375 832.728271484375
v -853.7152099609375 1436.2606201171875 833.0185546875
v -853.9315185546875 1436.355712890625 833.016357421875
v -843.7758178710938 1436.6925048828125 825.0987548828125
v -840.28466796875 1433.7447509765625 827.5328369140625
v -843.7646484375 1435.2677001953125 827.506103515625
v -833.3261108398438 1432.1234130859375 825.1714477539062
v -812.7576293945312 1428.82373046875 815.401123046875
v -836.8128662109375 1433.643798828125 825.1480712890625
v -833.3735961914062 1437.779296875 815.3075561523438
v -826.3726196289062 1431.9176025390625 820.3163452148438
v -833.3507080078125 1434.957275390625 820.2776489257812
v -838.5551147460938 1434.405029296875 825.1361083984375
v -840.2905883789062 1434.4556884765625 826.33154296875
v -836.8067626953125 1432.933837890625 826.3565063476562
v -838.5491333007812 1433.6944580078125 826.3441772460938
v -836.8363647460938 1436.4820556640625 820.2572631835938
v -840.3078002929688 1436.589111328125 822.6908569335938
v -833.3385620117188 1433.541015625 822.7353515625
v -836.8248291015625 1435.063720703125 822.7135009765625
v -837.6780395507812 1433.3140869140625 826.350341796875
v -838.5460815429688 1433.3392333984375 826.94580078125
v -835.06982421875 1432.88330078125 825.1598510742188
v -838.110595703125 1433.149169921875 826.948974609375
v -838.5446166992188 1433.1617431640625 827.2460327148438
v -839.4199829101562 1434.0750732421875 826.337890625
v -840.28759765625 1434.1002197265625 826.9329833984375
v -839.4169921875 1433.7197265625 826.939453125
v -842.0366821289062 1435.929443359375 825.1114501953125
v -843.770263671875 1435.9801025390625 826.3056030273438
v -842.0252075195312 1434.5059814453125 827.5195922851562
v -842.031005859375 1435.2176513671875 826.3186645507812
v -843.7973022460938 1439.540283203125 820.214599609375
v -847.2608642578125 1439.647705078125 822.6431884765625
v -843.7867431640625 1438.1173095703125 822.6674194335938
v -819.5767211914062 1431.769775390625 815.371826171875
v -812.8416748046875 1439.6669921875 795.1198120117188
v -799.1912231445312 1428.487548828125 805.331787109375
v -812.8050537109375 1434.3448486328125 805.2882080078125
v -799.2237548828125 1455.06201171875 748.5756225585938
v -772.0297241210938 1433.3497314453125 771.9970092773438
v -799.2622680664062 1445.005615234375 771.9329223632812
v -822.9616088867188 1430.4378662109375 820.3343505859375
v -824.6671752929688 1431.17724609375 820.325439453125
v -826.3660888671875 1431.2117919921875 821.549072265625
v -822.954833984375 1429.73291015625 821.5676879882812
v -824.6605224609375 1430.4718017578125 821.5584716796875
v -822.9871826171875 1433.2490234375 815.3565673828125
v -826.38525390625 1433.3271484375 817.8369140625
v -819.5638427734375 1430.367919921875 817.8700561523438
v -822.9746704101562 1431.8455810546875 817.8536987304688
v -819.6223754882812 1437.3017578125 805.2657470703125
v -826.4200439453125 1437.522705078125 810.3096313476562
v -812.7826538085938 1431.6024169921875 810.3619384765625
v -819.6007690429688 1434.55419921875 810.3362426757812
v -829.8624877929688 1433.435791015625 820.2973022460938
v -829.8499145507812 1432.021484375 822.7564086914062
v -821.2559204101562 1429.6993408203125 820.3431396484375
v -822.1087646484375 1430.0684814453125 820.3387451171875
v -822.958251953125 1430.08544921875 820.9515991210938
v -821.2525634765625 1429.34716796875 820.9605102539062
v -822.1054077148438 1429.7161865234375 820.9561157226562
v -821.2692260742188 1431.106201171875 817.8619384765625
v -822.9682006835938 1431.14208984375 819.0962524414062
v -819.55712890625 1429.665283203125 819.1130981445312
v -821.2626342773438 1430.4031982421875 819.104736328125
v -816.1666259765625 1430.2945556640625 815.3866577148438
v -816.1534423828125 1428.894287109375 817.8858642578125
v -823.8076782226562 1430.102294921875 821.5631103515625
v -822.5317993164062 1429.9007568359375 820.953857421875
v -822.95654296875 1429.9091796875 821.2598266601562
v -822.5300903320312 1429.7244873046875 821.2620849609375
v -823.8143920898438 1430.807373046875 820.3298950195312
v -824.6638793945312 1430.8245849609375 820.9425659179688
v -823.81103515625 1430.4549560546875 820.9471435546875
v -824.6800537109375 1432.5859375 817.8453979492188
v -826.3790283203125 1432.622802734375 819.078857421875
v -824.6736450195312 1431.882080078125 819.087646484375
v -829.8863525390625 1436.2540283203125 815.324462890625
v -833.3623657226562 1436.37060546875 817.8008422851562
v -829.8746948242188 1434.84716796875 817.8191528320312
v -833.4140014648438 1443.33447265625 805.2192993164062
v -840.3594970703125 1443.643310546875 810.2521362304688
v -833.3947143554688 1440.576171875 810.2813720703125
v -805.9937744140625 1431.406494140625 805.3101806640625
v -799.1688842773438 1425.75537109375 810.410400390625
v -805.9710693359375 1428.6693115234375 810.3866577148438
v -785.6279907226562 1427.9808349609375 795.19287109375
v -785.5958862304688 1422.696044921875 805.3734130859375
v -792.3936157226562 1425.5850830078125 805.3528442382812
v -795.7702026367188 1424.3048095703125 810.4219360351562
v -797.4694213867188 1425.0296630859375 810.4161987304688
v -799.1629028320312 1425.0662841796875 811.675537109375
v -797.4634399414062 1424.3408203125 811.6814575195312
v -795.7921142578125 1427.034423828125 805.3423461914062
v -799.180419921875 1427.126708984375 807.8740234375
v -792.3832397460938 1424.226806640625 807.8959350585938
v -795.781494140625 1425.6749267578125 807.8850708007812
v -792.4280395507812 1430.8795166015625 795.1744384765625
v -799.210693359375 1431.1705322265625 800.2401733398438
v -785.6133422851562 1425.369384765625 800.2791137695312
v -792.4122924804688 1428.2633056640625 800.2597045898438
v -785.6577758789062 1439.1600341796875 771.9653930664062
v -799.2533569335938 1439.5594482421875 783.5327758789062
v -772.0244750976562 1427.93701171875 783.600341796875
v -785.65087890625 1433.72900390625 783.5664672851562
v -744.5285034179688 1431.72509765625 748.6832885742188
v -716.5994873046875 1410.0506591796875 772.1041259765625
v -744.549072265625 1421.7430419921875 772.055419921875
v -660.1876220703125 1396.5325927734375 748.7340087890625
v -802.5689697265625 1427.2100830078125 810.3986206054688
v -805.9586791992188 1427.286376953125 812.913330078125
v -802.556640625 1425.8284912109375 812.9259643554688
v -794.0711669921875 1423.5810546875 810.4276123046875
v -758.321044921875 1416.4547119140625 795.265380859375
v -794.920654296875 1423.94287109375 810.4247436523438
v -795.7672729492188 1423.9609375 811.054931640625
v -794.917724609375 1423.5989990234375 811.0578002929688
v -794.0823364257812 1424.950439453125 807.8905029296875
v -795.7759399414062 1424.9910888671875 809.1544189453125
v -792.3778076171875 1423.543701171875 809.1654663085938
v -794.0768432617188 1424.2669677734375 809.1599731445312
v -788.9951171875 1424.13916015625 805.3631591796875
v -788.9849853515625 1422.7821044921875 807.9066162109375
v -782.1953125 1421.2554931640625 805.3834228515625
v -778.822265625 1425.0921630859375 795.2113037109375
v -771.99365234375 1419.6083984375 800.317138671875
v -778.8087768554688 1422.4854736328125 800.2982788085938
v -783.8958129882812 1421.9754638671875 805.37841796875
v -785.591064453125 1422.01953125 806.6458129882812
v -783.89111328125 1421.29931640625 806.6509399414062
v -782.2120361328125 1423.9263916015625 800.2887573242188
v -785.6049194335938 1424.0396728515625 802.8264770507812
v -778.8010864257812 1421.158203125 802.8460693359375
v -782.2039794921875 1422.5977783203125 802.8363647460938
v -783.0409545898438 1420.9393310546875 806.6534423828125
v -783.0455932617188 1421.6153564453125 805.3809204101562
v -783.8934326171875 1421.6376953125 806.0147705078125
v -782.1929931640625 1420.9178466796875 806.0198364257812
v -783.0432739257812 1421.2777099609375 806.017333984375
v -783.9046630859375 1423.3184814453125 802.8314208984375
v -785.6004638671875 1423.3695068359375 804.1001586914062
v -782.19970703125 1421.92822265625 804.110107421875
v -783.9003295898438 1422.6485595703125 804.1051635742188
v -789.01318359375 1426.8148193359375 800.2694702148438
v -792.4033203125 1426.93115234375 802.8065185546875
v -789.0044555664062 1425.48388671875 802.8165893554688
v -775.4028930664062 1421.0462646484375 800.3077392578125
v -775.3955688476562 1419.72021484375 802.855712890625
v -765.1737060546875 1419.3321533203125 795.2476196289062
v -758.3396606445312 1427.5516357421875 772.0272216796875
v -744.5457153320312 1416.3721923828125 783.665771484375
v -758.3356323242188 1422.1593017578125 783.6337280273438
v -773.69873046875 1420.3272705078125 800.3124389648438
v -775.3992919921875 1420.3851318359375 801.5816040039062
v -773.6915893554688 1419.001708984375 802.8604736328125
v -771.9902954101562 1418.94775390625 801.591064453125
v -773.6952514648438 1419.666259765625 801.5863647460938
v -768.58056640625 1418.1715087890625 800.326416015625
v -775.4157104492188 1423.6505126953125 795.220458984375
v -778.8158569335938 1423.7972412109375 797.752685546875
v -772.0000610351562 1420.917724609375 797.7713012695312
v -775.4096069335938 1422.3568115234375 797.7620239257812
v -778.8430786132812 1430.8297119140625 783.5834350585938
v -785.6414184570312 1430.896728515625 789.3728637695312
v -772.0167846679688 1425.115234375 789.4080810546875
v -778.83447265625 1428.0025634765625 789.3905029296875
v -770.2876586914062 1418.889892578125 800.32177734375
v -770.2843627929688 1418.2294921875 801.5957641601562
v -768.592041015625 1420.77099609375 795.2386474609375
v -765.1685791015625 1418.0421142578125 797.78955078125
v -768.5866088867188 1419.4796142578125 797.7804565429688
v -765.1902465820312 1425.0478515625 783.6171264648438
v -758.32958984375 1419.3486328125 789.44287109375
v -765.1834716796875 1422.231689453125 789.4255981445312
v -771.137451171875 1418.588623046875 801.5933837890625
v -771.988525390625 1418.6160888671875 802.2280883789062
v -771.1357421875 1418.2569580078125 802.23046875
v -771.5621337890625 1418.4365234375 802.2293090820312
v -771.9876098632812 1418.449951171875 802.546630859375
v -771.561279296875 1418.2703857421875 802.5478515625
v -772.8428955078125 1419.3070068359375 801.5886840820312
v -773.6934204101562 1419.33447265625 802.223388671875
v -772.8392944335938 1418.642578125 802.8628540039062
v -772.8411254882812 1418.9752197265625 802.2257690429688
v -761.750244140625 1417.8935546875 795.2565307617188
v -761.7454833984375 1416.6046142578125 797.798583984375
v -760.03173828125 1415.8857421875 797.8030395507812
v -751.4556884765625 1419.2684326171875 783.6499633789062
v -744.5409545898438 1413.5723876953125 789.476318359375
v -751.4503784179688 1416.4632568359375 789.4597778320312
v -730.6282348632812 1415.90576171875 772.0811157226562
v -730.6249389648438 1410.556640625 783.6959228515625
v -688.3607177734375 1408.1666259765625 748.7283325195312
v -760.0364379882812 1417.1741943359375 795.260986328125
v -761.7479248046875 1417.251220703125 796.5270385742188
v -758.31884765625 1415.8128662109375 796.535888671875
v -760.0341186523438 1416.5321044921875 796.531494140625
v -761.7593994140625 1420.790283203125 789.4342651367188
v -765.178955078125 1420.7926025390625 792.33447265625
v -758.3256225585938 1417.912353515625 792.3519897460938
v -761.7551879882812 1419.3526611328125 792.34326171875
v -747.999755859375 1415.0186767578125 789.4681396484375
v -751.4468994140625 1415.0296630859375 792.3692016601562
v -747.9964599609375 1413.58642578125 792.377685546875
v -737.6015014648438 1413.468017578125 783.68115234375
v -702.5045166015625 1404.1990966796875 772.1243286132812
v -674.2571411132812 1402.325439453125 748.732177734375
v -688.38037109375 1403.380126953125 760.4769287109375
v -660.2100830078125 1391.8131103515625 760.4921875
v -674.2788696289062 1397.5712890625 760.4857788085938
v -632.0319213867188 1385.0242919921875 748.7335815429688
v -688.161376953125 1425.0966796875 700.4099731445312
v -716.5225830078125 1429.034423828125 724.8551635742188
v -660.0850830078125 1405.33935546875 724.8507080078125
v -688.2782592773438 1417.132568359375 724.8580932617188
v -681.324951171875 1400.4688720703125 760.481689453125
v -688.384521484375 1400.9073486328125 766.3167724609375
v -674.2830200195312 1395.1134033203125 766.3284301757812
v -681.3291015625 1398.00341796875 766.3229370117188
v -702.482666015625 1414.0489501953125 748.7219848632812
v -716.5948486328125 1415.1097412109375 760.4511108398438
v -702.4996948242188 1409.2333984375 760.4654541015625
v -677.8047485351562 1396.556640625 766.3258056640625
v -667.241943359375 1394.6868896484375 760.4892578125
v -646.1234130859375 1390.7716064453125 748.7343139648438
v -631.77099609375 1401.20556640625 700.3667602539062
v -603.554931640625 1382.0006103515625 724.828369140625
v -631.9270629882812 1393.6622314453125 724.8388671875
v -679.5665893554688 1397.279541015625 766.3244018554688
v -681.32958984375 1397.3775634765625 767.7807006835938
v -679.5670166015625 1396.6541748046875 767.7822265625
v -677.800537109375 1399.018310546875 760.4837646484375
v -681.3275146484375 1399.2435302734375 763.404541015625
v -674.281494140625 1396.349853515625 763.4093627929688
v -677.8031616210938 1397.794921875 763.4070434570312
v -681.3040771484375 1405.2396240234375 748.7305297851562
v -688.37255859375 1405.797607421875 754.6160278320312
v -674.2703857421875 1399.9730224609375 754.6222534179688
v -681.3167114257812 1402.878662109375 754.6194458007812
v -674.1627197265625 1411.2156982421875 724.8553466796875
v -688.3255615234375 1412.7591552734375 736.8599853515625
v -660.14453125 1401.050537109375 736.8585815429688
v -674.2172241210938 1406.8824462890625 736.8602294921875
v -684.85595703125 1399.453857421875 766.3199462890625
v -688.3853149414062 1399.648193359375 769.230712890625
v -684.856689453125 1398.1962890625 769.2342529296875
v -695.4404296875 1406.302490234375 760.4714965820312
v -702.5034790039062 1406.746826171875 766.3023681640625
v -695.4443969726562 1403.82275390625 766.3099365234375
v -678.6859741210938 1396.292724609375 767.782958984375
v -676.0435791015625 1395.8345947265625 766.3271484375
v -679.12646484375 1396.473388671875 767.7825927734375
v -679.5670776367188 1396.4971923828125 768.1465454101562
v -679.1265869140625 1396.3165283203125 768.1469116210938
v -678.685546875 1396.91796875 766.3250732421875
v -679.5668334960938 1396.9674072265625 767.0534057617188
v -677.8049926757812 1396.24462890625 767.0548706054688
v -678.685791015625 1396.6058349609375 767.0541381835938
v -679.5650024414062 1398.518798828125 763.4058227539062
v -681.3284301757812 1398.6253662109375 764.8642578125
v -677.8040771484375 1397.1776123046875 764.866943359375
v -679.56591796875 1397.901123046875 764.8656005859375
v -684.8517456054688 1401.9229736328125 760.4793701171875
v -688.3828735351562 1402.151123046875 763.3991088867188
v -684.8543090820312 1400.6956787109375 763.4019165039062
v -680.4482421875 1397.0157470703125 767.781494140625
v -681.3297119140625 1397.0631103515625 768.50927734375
v -680.4483642578125 1396.701416015625 768.5100708007812
v -683.09228515625 1398.728271484375 766.3214721679688
v -684.8564453125 1398.8270263671875 767.7775268554688
v -683.0927124023438 1398.1019287109375 767.7791748046875
v -678.9063110351562 1396.2261962890625 768.1470947265625
v -678.2455444335938 1396.1121826171875 767.7833251953125
v -678.90625 1396.383056640625 767.7827758789062
v -679.1265258789062 1396.39501953125 767.9647827148438
v -678.68603515625 1396.21435546875 767.9651489257812
v -678.9063110351562 1396.3046875 767.9649658203125
v -679.1262817382812 1396.78662109375 767.0537719726562
v -679.5669555664062 1396.8109130859375 767.4178466796875
v -678.6859130859375 1396.449462890625 767.4185791015625
v -679.1264038085938 1396.630126953125 767.418212890625
v -680.44775390625 1397.641357421875 766.3236694335938
v -681.3294067382812 1397.6910400390625 767.0519409179688
v -680.447998046875 1397.3291015625 767.0526733398438
v -678.796142578125 1396.259521484375 767.9650268554688
v -678.9063110351562 1396.265380859375 768.0560302734375
v -678.68603515625 1396.175048828125 768.0562133789062
v -678.7962036132812 1396.22021484375 768.05615234375
v -678.4657592773438 1396.2025146484375 767.7831420898438
v -678.4658203125 1396.1240234375 767.96533203125
v -678.245361328125 1396.4251708984375 767.0545043945312
v -677.8050537109375 1396.0882568359375 767.4193115234375
v -678.2454833984375 1396.268798828125 767.4189453125
v -676.924072265625 1396.1954345703125 766.3264770507812
v -676.0438232421875 1395.5228271484375 767.0562744140625
v -676.92431640625 1395.8836669921875 767.0555419921875
v -676.0419921875 1397.0718994140625 763.408203125
v -674.2823486328125 1395.7335205078125 764.869384765625
v -676.0429077148438 1396.4552001953125 764.8681640625
v -670.759521484375 1396.1275634765625 760.4876098632812
v -667.2444458007812 1393.4693603515625 763.4135131835938
v -670.7620849609375 1394.9080810546875 763.4114990234375
v -667.2196655273438 1399.423828125 748.7333374023438
v -660.2015380859375 1394.197998046875 754.626220703125
v -667.2333374023438 1397.0802001953125 754.62451171875
v -678.7410888671875 1396.1976318359375 768.05615234375
v -678.7962036132812 1396.20068359375 768.1016845703125
v -678.7411499023438 1396.1781005859375 768.1017456054688
v -678.575927734375 1396.169189453125 767.9652099609375
v -678.575927734375 1396.1300048828125 768.0563354492188
v -678.7686767578125 1396.1893310546875 768.1016845703125
v -678.7962036132812 1396.1907958984375 768.1244506835938
v -678.7686767578125 1396.1795654296875 768.1244506835938
v -678.8512573242188 1396.2427978515625 768.0560913085938
v -678.9063110351562 1396.245849609375 768.1015625
v -678.8512573242188 1396.20361328125 768.1471557617188
v -678.8512573242188 1396.2232666015625 768.1016235351562
v -679.0164184570312 1396.349853515625 767.96484375
v -679.1265258789062 1396.355712890625 768.0558471679688
v -679.0164184570312 1396.2713623046875 768.1470336914062
v -679.0164184570312 1396.310546875 768.0559692382812
v -679.3467407226562 1396.5638427734375 767.7824096679688
v -679.5670776367188 1396.57568359375 767.9644165039062
v -679.3468017578125 1396.4068603515625 768.146728515625
v -679.3468017578125 1396.4853515625 767.964599609375
v -680.0076293945312 1396.8349609375 767.7818603515625
v -680.4483032226562 1396.8587646484375 768.1458129882812
v -680.0076904296875 1396.677978515625 768.1461791992188
v -678.7824096679688 1396.1851806640625 768.1244506835938
v -678.82373046875 1396.2119140625 768.1016235351562
v -678.8512573242188 1396.21337890625 768.1243896484375
v -678.82373046875 1396.1922607421875 768.147216796875
v -678.82373046875 1396.2021484375 768.1244506835938
v -679.567138671875 1396.4185791015625 768.3286743164062
v -679.3468627929688 1396.3282470703125 768.328857421875
v -653.1568603515625 1393.6492919921875 748.7343139648438
v -646.1372680664062 1388.4554443359375 754.62841796875
v -653.1708984375 1391.3238525390625 754.6275024414062
v -646.0172729492188 1399.4925537109375 724.844970703125
v -631.9885864257812 1389.462646484375 736.8521118164062
v -646.0791625976562 1395.249267578125 736.8556518554688
v -656.6863403320312 1392.7601318359375 754.626953125
v -660.2064819335938 1393.0123291015625 757.5621337890625
v -653.1757202148438 1390.142578125 757.56396484375
v -656.6912231445312 1391.5765380859375 757.5631103515625
v -658.4488525390625 1392.294189453125 757.5626831054688
v -660.2084350585938 1392.4144287109375 759.02783203125
v -658.4524536132812 1391.0960693359375 760.4927978515625
v -656.6931762695312 1390.979736328125 759.0289916992188
v -658.4508056640625 1391.6968994140625 759.0284423828125
v -663.717041015625 1395.637939453125 754.6254272460938
v -667.23828125 1395.89013671875 757.559814453125
v -663.7256469726562 1393.248779296875 760.4907836914062
v -663.7219848632812 1394.4500732421875 757.56103515625
v -657.5719604492188 1391.3382568359375 759.0286865234375
v -658.45166015625 1391.39697265625 759.7608032226562
v -656.6940307617188 1390.6800537109375 759.7613525390625
v -657.5728759765625 1391.0384521484375 759.7611083984375
v -654.9335327148438 1390.859375 757.5635375976562
v -654.9354858398438 1390.2630615234375 759.0294799804688
v -649.6547241210938 1389.88916015625 754.6279907226562
v -639.0830688476562 1387.8974609375 748.7340698242188
v -617.7822265625 1387.8353271484375 724.8331298828125
v -603.6062622070312 1377.871826171875 736.845458984375
v -617.84033203125 1383.6749267578125 736.8485107421875
v -576.8193969726562 1378.447021484375 700.3530883789062
v -576.9096069335938 1371.1356201171875 724.8218383789062
v -590.2562255859375 1376.5684814453125 724.8248291015625
v -583.5877685546875 1373.851806640625 724.8232421875
v -590.2791748046875 1374.5482177734375 730.8511962890625
v -583.608154296875 1371.8363037109375 730.849853515625
v -563.533203125 1365.7073974609375 724.8190307617188
v -523.3853759765625 1356.74462890625 700.3584594726562
v -590.1426391601562 1383.9114990234375 700.3529663085938
v -603.49169921875 1385.8511962890625 712.6676635742188
v -576.8675537109375 1374.9466552734375 712.6610717773438
v -590.2027587890625 1380.396240234375 712.6638793945312
v -576.6273193359375 1388.26171875 650.9468994140625
v -603.2783203125 1395.2991943359375 675.4940185546875
v -550.0493774414062 1373.4295654296875 675.5457763671875
v -576.7171630859375 1384.3115234375 675.5147094726562
v -586.945068359375 1373.1922607421875 730.8505249023438
v -596.9127197265625 1379.284912109375 724.8265380859375
v -603.5823364257812 1379.9688720703125 730.8541259765625
v -596.9380493164062 1377.25927734375 730.8526000976562
v -585.2769165039062 1372.5142822265625 730.8501586914062
v -586.9500122070312 1372.677490234375 732.3516845703125
v -585.28173828125 1371.999755859375 732.3513793945312
v -580.2688598632812 1370.480224609375 730.8492431640625
v -570.2239379882812 1368.4205322265625 724.8204345703125
v -563.4678344726562 1372.9970703125 700.3543090820312
v -550.126953125 1364.0782470703125 712.6565551757812
v -563.5032348632812 1369.5059814453125 712.6587524414062
v -586.92333984375 1375.2100830078125 724.8240356445312
v -590.26806640625 1375.5667724609375 727.8423461914062
v -583.5983276367188 1372.8524169921875 727.8409423828125
v -586.9345703125 1374.2095947265625 727.8416137695312
v -583.5399169921875 1377.6705322265625 712.6624145507812
v -590.2305908203125 1378.5191650390625 718.7628173828125
v -576.8895263671875 1373.0777587890625 718.7596435546875
v -583.5648803710938 1375.7979736328125 718.7611694335938
v -581.9387817382812 1371.158203125 730.8495483398438
v -580.249755859375 1372.4935302734375 724.822509765625
v -576.9187622070312 1370.1383056640625 727.8395385742188
v -580.2596435546875 1371.4952392578125 727.8402099609375
v -582.7735595703125 1371.4971923828125 730.8496704101562
v -583.6105346679688 1371.57958984375 731.6007690429688
v -581.9410400390625 1370.9017333984375 731.6004638671875
v -582.77587890625 1371.24072265625 731.6005859375
v -581.9292602539062 1372.173828125 727.840576171875
v -583.6033325195312 1372.346435546875 729.3464965820312
v -580.2642822265625 1370.9898681640625 729.3458251953125
v -581.93408203125 1371.6680908203125 729.3461303710938
v -566.8790893554688 1367.063720703125 724.8197021484375
v -570.18798828125 1372.2249755859375 712.6598510742188
v -563.51904296875 1367.64306640625 718.7568359375
v -570.2068481445312 1370.3592529296875 718.7582397460938
v -568.5516357421875 1367.7420654296875 724.820068359375
v -570.2279052734375 1367.9249267578125 726.3304443359375
v -568.555419921875 1367.2467041015625 726.330078125
v -566.8634643554688 1369.0008544921875 718.7575073242188
v -570.2156372070312 1369.3988037109375 721.7937622070312
v -563.5263061523438 1366.68408203125 721.7923583984375
v -566.8714599609375 1368.0411376953125 721.7930908203125
v -556.8154907226562 1366.790283203125 712.6576538085938
v -556.8282470703125 1364.9296875 718.7554321289062
v -536.7415161132812 1362.146728515625 700.357666015625
v -536.7533569335938 1358.666015625 712.654052734375
v -523.349365234375 1366.7265625 651.0390014648438
v -496.71514892578125 1351.852783203125 675.599853515625
v -523.3721313476562 1362.6270751953125 675.577392578125
v -443.38446044921875 1337.1495361328125 601.2166748046875
v -389.78814697265625 1313.359619140625 651.0630493164062
v -443.4312744140625 1334.4154052734375 651.0880737304688
v -573.5675659179688 1369.77783203125 724.8211059570312
v -573.5760498046875 1368.781494140625 727.8389282226562
v -567.7153930664062 1367.40283203125 724.8198852539062
v -568.5535888671875 1367.494873046875 725.5753784179688
v -566.880859375 1366.816650390625 725.5750122070312
v -567.71728515625 1367.15576171875 725.5751953125
v -565.2062377929688 1366.385498046875 724.8193969726562
v -568.543701171875 1368.7198486328125 721.7933959960938
v -570.2198486328125 1368.911865234375 723.3082275390625
v -566.8753662109375 1367.5545654296875 723.3074951171875
v -568.5477294921875 1368.233154296875 723.307861328125
v -573.5489501953125 1371.71826171875 718.7589111328125
v -576.8998413085938 1372.1156005859375 721.7952270507812
v -573.5585327148438 1370.7569580078125 721.7944946289062
v -566.0426635742188 1366.724609375 724.819580078125
v -566.04443359375 1366.4775390625 725.5748291015625
v -565.1990356445312 1367.362548828125 721.792724609375
v -563.52978515625 1366.1978759765625 723.3068237304688
v -565.2026977539062 1366.8760986328125 723.30712890625
v -560.1738891601562 1366.285888671875 718.7561645507812
v -556.8341064453125 1363.9720458984375 721.7909545898438
v -560.180419921875 1365.32763671875 721.7916870117188
v -543.4393920898438 1361.3702392578125 712.6553955078125
v -510.03826904296875 1351.3541259765625 700.3577880859375
v -533.4110717773438 1357.3154296875 712.6533203125
v -530.0625 1359.444091796875 700.3582153320312
v -536.7479248046875 1360.446044921875 706.5222778320312
v -523.386962890625 1355.0457763671875 706.5205688476562
v -530.0663452148438 1357.744140625 706.5215454101562
v -536.7090454101562 1368.021240234375 675.5621337890625
v -550.07763671875 1370.6993408203125 687.9580688476562
v -523.3800659179688 1359.882080078125 687.9745483398438
v -536.7265625 1365.283447265625 687.966796875
v -535.0821533203125 1357.9906005859375 712.6536865234375
v -533.4068603515625 1359.0947265625 706.52197265625
v -536.750732421875 1359.565673828125 709.5925903320312
v -530.0679321289062 1356.8643798828125 709.5913696289062
v -533.4091186523438 1358.214599609375 709.5919799804688
v -543.4221801757812 1364.85302734375 700.35693359375
v -550.115966796875 1365.861083984375 706.5232543945312
v -543.4312133789062 1363.151611328125 706.5228271484375
v -540.0961303710938 1360.0177001953125 712.6547241210938
v -543.4430541992188 1360.4510498046875 715.7083129882812
v -540.09912109375 1359.0989990234375 715.7075805664062
v -534.24658203125 1357.6529541015625 712.6535034179688
v -535.0827026367188 1357.7628173828125 713.417724609375
v -534.2471313476562 1357.42529296875 713.41748046875
v -531.7401733398438 1356.640380859375 712.6529541015625
v -535.079833984375 1358.8900146484375 709.59228515625
v -536.7520751953125 1359.1181640625 711.1243896484375
v -533.4100952148438 1357.767333984375 711.123779296875
v -535.0810546875 1358.442626953125 711.1240844726562
v -540.08935546875 1361.79833984375 706.5225830078125
v -543.4354248046875 1362.2705078125 709.5935668945312
v -540.0928955078125 1360.9176025390625 709.5930786132812
v -532.5756225585938 1356.9779052734375 712.6531372070312
v -531.7384643554688 1357.5394287109375 709.5917358398438
v -530.0686645507812 1356.4173583984375 711.123046875
v -531.7393188476562 1357.09228515625 711.1234130859375
v -526.726318359375 1356.39453125 706.5211181640625
v -523.387451171875 1354.1666259765625 709.5899658203125
v -526.7274169921875 1355.51513671875 709.5906982421875
v -516.7105102539062 1354.048095703125 700.3583374023438
v -516.7100830078125 1352.350341796875 706.519287109375
v -510.04022216796875 1357.2398681640625 675.59033203125
v -496.71038818359375 1349.1025390625 687.9835815429688
v -510.0405578613281 1354.4901123046875 687.98046875
v -470.09100341796875 1345.2193603515625 651.0897216796875
v -443.44268798828125 1330.298583984375 675.59130859375
v -470.0881042480469 1341.0574951171875 675.6040649414062
v -520.0481567382812 1353.69775390625 706.5199584960938
v -518.3790283203125 1353.02392578125 706.5196533203125
v -503.3690185546875 1348.662109375 700.3567504882812
v -520.047607421875 1355.3961181640625 700.3584594726562
v -523.38623046875 1355.9053955078125 703.4430541992188
v -516.7103881835938 1353.2093505859375 703.4422607421875
v -520.0479736328125 1354.5570068359375 703.4426879882812
v -516.7092895507812 1357.185302734375 687.9778442382812
v -523.383056640625 1358.3590087890625 694.1731567382812
v -510.03973388671875 1352.967041015625 694.175537109375
v -516.710205078125 1355.6619873046875 694.1746215820312
v -517.5445556640625 1352.6871337890625 706.5194702148438
v -518.3789672851562 1352.80615234375 707.2877197265625
v -517.5444946289062 1352.4693603515625 707.2875366210938
v -515.0413208007812 1351.677001953125 706.5189208984375
v -513.3740234375 1352.7008056640625 700.358154296875
v -510.03729248046875 1350.5159912109375 703.4411010742188
v -513.3734741210938 1351.8623046875 703.4417724609375
v -518.3790893554688 1353.883056640625 703.4425048828125
v -520.048095703125 1354.1297607421875 704.9822998046875
v -516.7102661132812 1352.7823486328125 704.9817504882812
v -518.3790893554688 1353.4559326171875 704.9819946289062
v -517.1273193359375 1352.518798828125 706.5194091796875
v -517.5444946289062 1352.578369140625 706.903564453125
v -517.127197265625 1352.301025390625 707.2874145507812
v -516.7100219726562 1352.24169921875 706.9033813476562
v -517.1272583007812 1352.4100341796875 706.9034423828125
v -515.8756713867188 1352.013671875 706.5191040039062
v -515.0418090820312 1352.5357666015625 703.4420166015625
v -513.3731079101562 1351.435546875 704.9810791015625
v -515.0415649414062 1352.10888671875 704.9813842773438
v -517.544677734375 1353.119140625 704.9818725585938
v -518.3790893554688 1353.2406005859375 705.7510986328125
v -516.7101440429688 1352.5670166015625 705.750732421875
v -517.5446166992188 1352.90380859375 705.7509155273438
v -516.2928466796875 1352.1820068359375 706.5191650390625
v -515.8756103515625 1351.9049072265625 706.9031982421875
v -516.2928466796875 1352.0732421875 706.9032592773438
v -515.8759155273438 1352.445556640625 704.9815673828125
v -515.0414428710938 1351.8935546875 705.7504272460938
v -515.8757934570312 1352.230224609375 705.7505493164062
v -516.5014038085938 1352.157470703125 706.9033203125
v -516.7100219726562 1352.1871337890625 707.0953369140625
v -516.5014038085938 1352.10302734375 707.0953369140625
v -516.3970947265625 1352.0609130859375 707.0952758789062
v -516.084228515625 1351.9891357421875 706.9031982421875
v -515.45849609375 1351.8453369140625 706.5189819335938
v -516.44921875 1352.0819091796875 707.0952758789062
v -516.5014038085938 1352.08935546875 707.143310546875
v -516.3970947265625 1352.1153564453125 706.9033203125
v -516.5014038085938 1352.1302490234375 706.9993286132812
v -516.2927856445312 1352.0460205078125 706.999267578125
v -516.3970947265625 1352.088134765625 706.999267578125
v -516.50146484375 1352.2662353515625 706.5192260742188
v -516.7100830078125 1352.2960205078125 706.7113647460938
v -516.2928466796875 1352.127685546875 706.7112426757812
v -516.50146484375 1352.2119140625 706.7113037109375
v -516.29296875 1352.3985595703125 705.7506713867188
v -516.7101440429688 1352.4588623046875 706.1350708007812
v -515.875732421875 1352.1220703125 706.1348876953125
v -516.2929077148438 1352.2904052734375 706.135009765625
v -516.605712890625 1352.14501953125 707.0953369140625
v -516.9186401367188 1352.3258056640625 706.9034423828125
v -517.1272583007812 1352.3555908203125 707.095458984375
v -516.9185791015625 1352.216796875 707.287353515625
v -516.9186401367188 1352.2713623046875 707.0953979492188
v -516.475341796875 1352.092529296875 707.0952758789062
v -516.5014038085938 1352.09619140625 707.1193237304688
v -516.44921875 1352.0750732421875 707.1192626953125
v -516.475341796875 1352.085693359375 707.1193237304688
v -516.4492797851562 1352.1092529296875 706.9993286132812
v -516.5014038085938 1352.1165771484375 707.0473022460938
v -516.3970947265625 1352.0745849609375 707.0473022460938
v -516.4492797851562 1352.0955810546875 707.0473022460938
v -516.605712890625 1352.1995849609375 706.9033203125
v -516.7100219726562 1352.2144775390625 706.9993896484375
v -516.605712890625 1352.17236328125 706.9993286132812
v -516.5535278320312 1352.1240234375 707.0953369140625
v -516.605712890625 1352.1314697265625 707.143310546875
v -516.5535278320312 1352.1103515625 707.143310546875
v -516.4883422851562 1352.0909423828125 707.1193237304688
v -516.5014038085938 1352.0927734375 707.1312866210938
v -516.4883422851562 1352.0841064453125 707.143310546875
v -516.475341796875 1352.082275390625 707.1312866210938
v -516.4883422851562 1352.0875244140625 707.1312866210938
v -516.5274658203125 1352.113525390625 707.0953369140625
v -516.5535278320312 1352.1171875 707.1193237304688
v -516.5274658203125 1352.099853515625 707.143310546875
v -516.5274658203125 1352.106689453125 707.1193237304688
v -516.5535888671875 1352.1512451171875 706.9993286132812
v -516.605712890625 1352.15869140625 707.04736328125
v -516.5535278320312 1352.1376953125 707.0473022460938
v -516.4622802734375 1352.0804443359375 707.1193237304688
v -516.4622802734375 1352.0770263671875 707.1312866210938
v -516.4231567382812 1352.0714111328125 707.0952758789062
v -506.7032470703125 1350.0079345703125 700.3573608398438
v -503.3741455078125 1351.796142578125 687.982421875
v -496.70703125 1347.58154296875 694.175537109375
v -503.37188720703125 1350.2738037109375 694.1759033203125
v -483.3985900878906 1346.45849609375 675.6045532226562
v -470.0826416015625 1338.32666015625 687.97802734375
v -483.391845703125 1343.7142333984375 687.9828491210938
v -500.0356140136719 1347.31689453125 700.35595703125
v -501.70220947265625 1347.989501953125 700.3563842773438
v -500.0390625 1348.927490234375 694.17578125
v -503.3705139160156 1349.4786376953125 697.2684936523438
v -496.70513916015625 1346.787353515625 697.2673950195312
v -500.03741455078125 1348.1329345703125 697.2680053710938
v -490.0495300292969 1346.40869140625 687.9837646484375
v -483.3875732421875 1342.1983642578125 694.1722412109375
v -490.0455017089844 1344.889892578125 694.17431640625
v -486.7160949707031 1343.5440673828125 694.1734008789062
v -476.7367248535156 1341.01953125 687.98095703125
v -456.7732849121094 1335.665283203125 675.5993041992188
v -416.6676940917969 1323.7518310546875 651.0765380859375
v -335.4871520996094 1296.3760986328125 601.2195434570312
v -488.38067626953125 1344.2169189453125 694.1738891601562
v -490.0444030761719 1344.49609375 695.720458984375
v -486.7149353027344 1343.1507568359375 695.7193603515625
v -488.3795471191406 1343.8233642578125 695.7199096679688
v -486.72027587890625 1345.0616455078125 687.9834594726562
v -490.0475769042969 1345.66064453125 691.0800170898438
v -483.3897705078125 1342.9676513671875 691.0784912109375
v -486.71826171875 1344.314208984375 691.079345703125
v -490.0556945800781 1349.1568603515625 675.6028442382812
v -496.71307373046875 1350.5284423828125 681.78857421875
v -483.3955383300781 1345.1363525390625 681.7905883789062
v -490.0529479980469 1347.833251953125 681.7901611328125
v -483.4038391113281 1350.6248779296875 651.0843505859375
v -496.7172546386719 1354.170654296875 663.2786254882812
v -470.0909423828125 1343.3697509765625 663.2909545898438
v -483.40264892578125 1348.77734375 663.2876586914062
v -470.0657043457031 1347.8125 601.220703125
v -496.706787109375 1358.190185546875 626.604248046875
v -443.4113464355469 1336.7059326171875 626.6153564453125
v -470.0830993652344 1347.4786376953125 626.6132202148438
v -443.25018310546875 1329.1162109375 527.7689819335938
v -496.6297912597656 1355.0037841796875 558.6936645507812
v -389.7439880371094 1314.0672607421875 558.7271728515625
v -443.3218994140625 1334.4761962890625 558.6829223632812
v -493.3758239746094 1346.235595703125 694.175048828125
v -493.3737487792969 1345.442138671875 697.2666015625
v -487.5472106933594 1343.487060546875 695.7196655273438
v -485.0517272949219 1342.8712158203125 694.1728515625
v -485.8838806152344 1343.2076416015625 694.1731567382812
v -486.71551513671875 1343.34814453125 694.9464721679688
v -485.0511474609375 1342.67529296875 694.9459228515625
v -485.88330078125 1343.01171875 694.9462280273438
v -485.0539245605469 1343.640869140625 691.0789794921875
v -486.7171936035156 1343.931884765625 692.626708984375
v -483.3887023925781 1342.585693359375 692.6256713867188
v -485.0528259277344 1343.2587890625 692.626220703125
v -480.0640563964844 1342.3668212890625 687.9820556640625
v -476.7347412109375 1340.2747802734375 691.0759887695312
v -480.06201171875 1341.62109375 691.077392578125
v -476.7431640625 1343.7579345703125 675.6049194335938
v -470.085693359375 1339.741455078125 681.7879638671875
v -476.7402648925781 1342.4384765625 681.789794921875
v -486.5068664550781 1343.066650390625 695.7192993164062
v -486.2994079589844 1343.179931640625 694.9463500976562
v -486.7152404785156 1343.2496337890625 695.3329467773438
v -485.8830261230469 1342.9132080078125 695.3326416015625
v -486.2991027832031 1343.0814208984375 695.3328247070312
v -487.54833984375 1343.8804931640625 694.1736450195312
v -488.380126953125 1344.0208740234375 694.947021484375
v -487.54779052734375 1343.6844482421875 694.94677734375
v -488.3828125 1344.9874267578125 691.0797119140625
v -490.04656982421875 1345.278076171875 692.62744140625
v -488.38177490234375 1344.60498046875 692.6271362304688
v -493.37957763671875 1347.7557373046875 687.9837646484375
v -496.7087707519531 1348.353515625 691.0805053710938
v -493.3777770996094 1347.007080078125 691.0803833007812
v -487.1310729980469 1343.3189697265625 695.719482421875
v -486.61090087890625 1343.108642578125 695.7192993164062
v -486.7148742675781 1343.1259765625 695.8159790039062
v -486.5071716308594 1343.16552734375 695.3328857421875
v -486.715087890625 1343.2001953125 695.5261840820312
v -486.2989807128906 1343.031982421875 695.5260009765625
v -486.50701904296875 1343.1160888671875 695.5260620117188
v -487.13165283203125 1343.5162353515625 694.9465942382812
v -487.5475158691406 1343.5859375 695.333251953125
v -487.13134765625 1343.417724609375 695.3330688476562
v -486.9230041503906 1343.23486328125 695.7194213867188
v -487.13092041015625 1343.2694091796875 695.9127197265625
v -486.9228515625 1343.185302734375 695.91259765625
v -486.662841796875 1343.10498046875 695.81591796875
v -486.8189697265625 1343.1927490234375 695.7194213867188
v -486.9229431152344 1343.2100830078125 695.8160400390625
v -486.81890869140625 1343.16796875 695.8159790039062
v -486.92327880859375 1343.3336181640625 695.3330078125
v -487.1312255859375 1343.368408203125 695.5263061523438
v -486.92315673828125 1343.2843017578125 695.5262451171875
v -486.6888732910156 1343.115478515625 695.81591796875
v -486.71484375 1343.1197509765625 695.840087890625
v -486.6888427734375 1343.1092529296875 695.840087890625
v -486.6629333496094 1343.1297607421875 695.7193603515625
v -486.71490478515625 1343.1383056640625 695.7676391601562
v -486.6108703613281 1343.0963134765625 695.7676391601562
v -486.6628723144531 1343.1173095703125 695.7676391601562
v -486.6110534667969 1343.158203125 695.526123046875
v -486.7149963378906 1343.175537109375 695.6227416992188
v -486.5069580078125 1343.0914306640625 695.6226806640625
v -486.6109924316406 1343.1334228515625 695.6227416992188
v -486.7668762207031 1343.14697265625 695.8159790039062
v -486.81884765625 1343.1556396484375 695.8642578125
v -486.766845703125 1343.1346435546875 695.8642578125
v -486.6368408203125 1343.094482421875 695.81591796875
v -486.64984130859375 1343.0997314453125 695.81591796875
v -486.662841796875 1343.101806640625 695.8280029296875
v -486.64984130859375 1343.0965576171875 695.8280029296875
v -486.6368713378906 1343.1068115234375 695.7676391601562
v -486.6628723144531 1343.1112060546875 695.7918090820312
v -486.61083984375 1343.090087890625 695.791748046875
v -486.6368713378906 1343.1005859375 695.791748046875
v -486.55889892578125 1343.087646484375 695.7192993164062
v -486.5068359375 1343.0543212890625 695.767578125
v -486.5588684082031 1343.0753173828125 695.767578125
v -486.6563415527344 1343.0992431640625 695.8280029296875
v -486.67584228515625 1343.1102294921875 695.81591796875
v -486.6888427734375 1343.1124267578125 695.8280029296875
v -486.67584228515625 1343.10400390625 695.840087890625
v -486.67584228515625 1343.1070556640625 695.8280029296875
v -486.68890380859375 1343.1278076171875 695.7676391601562
v -486.7148742675781 1343.1322021484375 695.7918090820312
v -486.6888732910156 1343.1217041015625 695.7918090820312
v -486.7669677734375 1343.1717529296875 695.7193603515625
v -486.8189392089844 1343.180419921875 695.7677001953125
v -486.76690673828125 1343.159423828125 695.7677001953125
v -486.8191223144531 1343.2421875 695.5261840820312
v -486.9230651855469 1343.259521484375 695.6228637695312
v -486.81903076171875 1343.217529296875 695.622802734375
v -486.653076171875 1343.097900390625 695.8280029296875
v -486.6563415527344 1343.0985107421875 695.8309936523438
v -486.653076171875 1343.09716796875 695.8309936523438
v -486.6563415527344 1343.102294921875 695.81591796875
v -486.662841796875 1343.1033935546875 695.8219604492188
v -486.64984130859375 1343.09814453125 695.8219604492188
v -486.6563415527344 1343.100830078125 695.8219604492188
v -486.6498718261719 1343.1058349609375 695.7918090820312
v -486.6628723144531 1343.1080322265625 695.8038330078125
v -486.6368408203125 1343.0975341796875 695.8038330078125
v -486.64984130859375 1343.102783203125 695.8038330078125
v -486.6433410644531 1343.0970458984375 695.81591796875
v -486.6368408203125 1343.0928955078125 695.8219604492188
v -486.6433410644531 1343.0955810546875 695.8219604492188
v -473.40966796875 1339.6728515625 687.9796142578125
v -471.74615478515625 1338.9996337890625 687.9788208007812
v -473.4087219238281 1339.3038330078125 689.5271606445312
v -471.7452392578125 1338.6309814453125 689.5263671875
v -463.43194580078125 1338.3592529296875 675.6021728515625
v -456.7725524902344 1334.3583984375 681.7814331054688
v -463.4302673339844 1337.04736328125 681.7850952148438
v -456.7697448730469 1339.8096923828125 651.0906372070312
v -443.4381408691406 1332.5794677734375 663.2843017578125
v -456.7728271484375 1337.96435546875 663.2894897460938
v -473.4129943847656 1341.0897216796875 681.7890014648438
v -476.73858642578125 1341.7410888671875 684.8851928710938
v -470.084228515625 1339.0460205078125 684.8827514648438
v -473.4114074707031 1340.3931884765625 684.8840942382812
v -460.101806640625 1335.7021484375 681.7833251953125
v -463.42919921875 1336.3543701171875 684.8794555664062
v -460.1009521484375 1335.010498046875 684.8775634765625
v -450.1106872558594 1332.9776611328125 675.5956420898438
v -450.1109924316406 1331.6763916015625 681.7770385742188
v -453.44232177734375 1333.016357421875 681.779296875
v -455.1075744628906 1333.6871337890625 681.7803955078125
v -456.7722473144531 1334.0162353515625 683.3283081054688
v -455.10736083984375 1333.3453369140625 683.3272094726562
v -453.44256591796875 1334.320556640625 675.5975341796875
v -456.77301025390625 1335.0242919921875 678.6890258789062
v -450.11090087890625 1332.3394775390625 678.6849975585938
v -453.4425354003906 1333.680908203125 678.6870727539062
v -450.1081848144531 1335.2681884765625 663.2872924804688
v -456.77337646484375 1336.869140625 669.432373046875
v -443.4407043457031 1331.492431640625 669.42578125
v -450.1097412109375 1334.1767578125 669.429443359375
v -430.0667419433594 1329.0562744140625 651.0830078125
v -416.6789245605469 1321.9442138671875 663.2675170898438
v -430.0767517089844 1327.2332763671875 663.276611328125
v -416.61505126953125 1326.572509765625 601.2182006835938
v -389.77484130859375 1315.6439208984375 626.6102294921875
v -416.6427307128906 1326.0457763671875 626.6134643554688
v -455.9398498535156 1333.6807861328125 683.3277587890625
v -458.4372863769531 1335.030029296875 681.7824096679688
v -460.10137939453125 1335.3592529296875 683.330322265625
v -458.4369201660156 1334.6875 683.329345703125
v -460.10302734375 1337.0115966796875 675.600830078125
v -463.43121337890625 1337.7159423828125 678.6922607421875
v -460.10247802734375 1336.369384765625 678.6907348632812
v -463.4333190917969 1340.6656494140625 663.290771484375
v -470.0898742675781 1342.26904296875 669.4354248046875
v -463.4329833984375 1339.5672607421875 669.4343872070312
v -451.7768249511719 1332.3460693359375 681.7781982421875
v -436.7679443359375 1327.6302490234375 675.58642578125
v -440.10626220703125 1328.9630126953125 675.5889282226562
v -443.4434814453125 1329.6634521484375 678.6802978515625
v -436.76141357421875 1329.900390625 663.2807006835938
v -430.0810852050781 1326.1563720703125 669.4168090820312
v -436.76495361328125 1328.8182373046875 669.4215087890625
v -441.7746887207031 1329.6304931640625 675.590087890625
v -443.443115234375 1329.984130859375 677.1353759765625
v -441.7756042480469 1328.9959716796875 678.6790771484375
v -440.1067810058594 1328.6492919921875 677.1329345703125
v -441.7751770019531 1329.31640625 677.1341552734375
v -440.103759765625 1330.1539306640625 669.4237060546875
v -443.4417724609375 1330.9085693359375 672.506103515625
v -436.7665100097656 1328.237060546875 672.5015258789062
v -440.1050720214844 1329.5714111328125 672.5038452148438
v -446.7774353027344 1331.636962890625 675.593505859375
v -446.7779541015625 1331.000244140625 678.6827392578125
v -438.4373474121094 1328.2962646484375 675.5877075195312
v -438.43792724609375 1327.98291015625 677.1316528320312
v -439.2724304199219 1328.3160400390625 677.13232421875
v -423.38287353515625 1324.58056640625 663.2721557617188
v -423.3877868652344 1323.5091552734375 669.4118041992188
v -403.23663330078125 1318.5164794921875 651.0695190429688
v -403.246826171875 1316.7257080078125 663.258056640625
v -426.7356872558594 1324.830810546875 669.414306640625
v -430.08306884765625 1325.5782470703125 672.4965209960938
v -426.7378845214844 1324.2542724609375 672.493896484375
v -425.06207275390625 1324.16943359375 669.4130859375
v -426.7367858886719 1324.5457763671875 670.9534301757812
v -423.38897705078125 1323.224853515625 670.9508056640625
v -425.0632019042969 1323.884765625 670.9521484375
v -420.0372314453125 1322.191650390625 669.4091796875
v -409.96624755859375 1319.3255615234375 663.2627563476562
v -426.73101806640625 1325.905029296875 663.2744140625
v -430.0789794921875 1326.708251953125 666.3431396484375
v -423.3853759765625 1324.05810546875 666.33837890625
v -426.7334289550781 1325.3812255859375 666.3408203125
v -423.3719482421875 1326.3961181640625 651.0798950195312
v -430.07196044921875 1328.20068359375 657.1680297851562
v -416.6734313964844 1322.902587890625 657.16015625
v -423.3775634765625 1325.5435791015625 657.1641845703125
v -430.0421142578125 1331.3509521484375 626.61474609375
v -443.4222717285156 1335.792236328125 638.9137573242188
v -416.6556091308594 1325.1202392578125 638.907470703125
v -430.0551452636719 1330.43017578125 638.9111938476562
v -424.2261657714844 1323.5546875 670.9514770507812
v -425.06378173828125 1323.7401123046875 671.72216796875
v -423.3895263671875 1323.080322265625 671.7208251953125
v -424.22674560546875 1323.4100341796875 671.7214965820312
v -421.71282958984375 1322.849853515625 669.4104614257812
v -421.71405029296875 1322.5660400390625 670.949462890625
v -420.0321044921875 1323.26025390625 663.2698364257812
v -416.68157958984375 1321.424560546875 666.3334350585938
v -420.0346984863281 1322.7391357421875 666.3359375
v -422.55157470703125 1322.895263671875 670.9501342773438
v -422.9703063964844 1323.06005859375 670.9505004882812
v -423.3892517089844 1323.15283203125 671.3358154296875
v -422.5518798828125 1322.8232421875 671.3351440429688
v -422.9705810546875 1322.988037109375 671.33544921875
v -422.5503845214844 1323.1793212890625 669.4111328125
v -423.38836669921875 1323.3677978515625 670.1810913085938
v -421.71343994140625 1322.708740234375 670.1798095703125
v -422.5509948730469 1323.0382080078125 670.1804809570312
v -421.7103576660156 1323.3980712890625 666.337158203125
v -423.3865966796875 1323.786865234375 667.874267578125
v -420.0359802246094 1322.4686279296875 667.8717651367188
v -421.71160888671875 1323.127197265625 667.8729858398438
v -423.179931640625 1323.0704345703125 671.3356323242188
v -423.389404296875 1323.1165771484375 671.5283203125
v -422.9707336425781 1322.951904296875 671.5279541015625
v -423.1800537109375 1323.0341796875 671.5281372070312
v -423.8075866699219 1323.3897705078125 670.9511108398438
v -424.2264404296875 1323.4825439453125 671.33642578125
v -423.80816650390625 1323.2452392578125 671.72119140625
v -423.807861328125 1323.317626953125 671.3361206054688
v -424.2250061035156 1323.839111328125 669.4124145507812
v -425.0626525878906 1324.0279541015625 670.1824340820312
v -424.2255859375 1323.69775390625 670.1817626953125
v -425.0597229003906 1324.7191162109375 666.339599609375
v -426.73455810546875 1325.1092529296875 667.8767700195312
v -425.0609130859375 1324.4476318359375 667.87548828125
v -422.76123046875 1322.9056396484375 671.3352661132812
v -422.1328430175781 1322.7305908203125 670.9498291015625
v -422.8660583496094 1322.91064453125 671.5278930664062
v -422.91839599609375 1322.9312744140625 671.5279541015625
v -422.86590576171875 1322.94677734375 671.3353881835938
v -422.9706726074219 1322.969970703125 671.4317016601562
v -422.7613220214844 1322.8875732421875 671.4315185546875
v -422.8659973144531 1322.9287109375 671.431640625
v -422.7609558105469 1322.9776611328125 670.9503173828125
v -422.9704284667969 1323.0240478515625 671.1429443359375
v -422.5517272949219 1322.859375 671.1426391601562
v -422.7610778808594 1322.9417724609375 671.1427612304688
v -422.9696960449219 1323.2030029296875 670.1807861328125
v -423.388671875 1323.2965087890625 670.56591796875
v -422.5513000488281 1322.9669189453125 670.5652465820312
v -422.9700012207031 1323.1317138671875 670.5656127929688
v -423.0754089355469 1322.9930419921875 671.528076171875
v -422.81365966796875 1322.908203125 671.4315795898438
v -422.86602783203125 1322.919677734375 671.479736328125
v -422.7613525390625 1322.8785400390625 671.4796752929688
v -422.8136901855469 1322.899169921875 671.479736328125
v -422.65655517578125 1322.864501953125 671.335205078125
v -422.6566467285156 1322.846435546875 671.4314575195312
v -422.83984375 1322.909423828125 671.479736328125
v -422.86602783203125 1322.9151611328125 671.5038452148438
v -422.8136901855469 1322.8946533203125 671.5037841796875
v -422.8398742675781 1322.9049072265625 671.5037841796875
v -422.9183349609375 1322.9493408203125 671.431640625
v -422.970703125 1322.9609375 671.4798583984375
v -422.9183654785156 1322.9403076171875 671.4797973632812
v -423.07525634765625 1323.0291748046875 671.3355102539062
v -423.17999267578125 1323.0523681640625 671.431884765625
v -423.0753173828125 1323.0111083984375 671.4318237304688
v -423.17962646484375 1323.1424560546875 670.9506225585938
v -423.38909912109375 1323.1888427734375 671.143310546875
v -423.1797790527344 1323.1064453125 671.1431274414062
v -422.85296630859375 1322.9100341796875 671.5037841796875
v -422.8660583496094 1322.9129638671875 671.515869140625
v -422.85296630859375 1322.905517578125 671.5278930664062
v -422.8398742675781 1322.902587890625 671.5158081054688
v -422.85296630859375 1322.9078369140625 671.515869140625
v -422.8921813964844 1322.9300537109375 671.4797973632812
v -422.9183654785156 1322.935791015625 671.5038452148438
v -422.8922119140625 1322.9210205078125 671.5278930664062
v -422.8922119140625 1322.925537109375 671.5038452148438
v -422.846435546875 1322.9051513671875 671.515869140625
v -422.85296630859375 1322.9066162109375 671.5218505859375
v -422.846435546875 1322.9029541015625 671.5278930664062
v -422.8398742675781 1322.9014892578125 671.5218505859375
v -422.846435546875 1322.904052734375 671.5218505859375
v -422.8267822265625 1322.8997802734375 671.5037841796875
v -422.8267822265625 1322.8974609375 671.5158081054688
v -422.7875061035156 1322.8887939453125 671.4796752929688
v -422.78753662109375 1322.88427734375 671.5037841796875
v -422.708984375 1322.866943359375 671.4315185546875
v -422.8333435058594 1322.9000244140625 671.5158081054688
v -422.8333435058594 1322.89892578125 671.5218505859375
v -422.83660888671875 1322.9002685546875 671.5218505859375
v -422.8398742675781 1322.9010009765625 671.5248413085938
v -413.32354736328125 1320.632568359375 663.26513671875
v -413.32623291015625 1320.1143798828125 666.3309326171875
v -409.9552917480469 1321.1248779296875 651.072998046875
v -403.2417297363281 1317.6744384765625 657.15185546875
v -409.9608459472656 1320.2791748046875 657.156005859375
v -403.2160949707031 1320.806884765625 626.61181640625
v -389.7811584472656 1314.7135009765625 638.8992309570312
v -403.22637939453125 1319.878173828125 638.9031982421875
v -362.5966491699219 1306.1107177734375 601.2230224609375
v -335.48211669921875 1295.71044921875 626.6105346679688
v -362.59149169921875 1305.4696044921875 626.6085205078125
v -335.4798278808594 1290.1680908203125 527.9288330078125
v -280.9813232421875 1276.2012939453125 558.7401123046875
v -335.4906311035156 1294.5277099609375 558.7513427734375
v -406.6072692871094 1318.023193359375 663.2603759765625
v -376.1823425292969 1308.2320556640625 651.0579833984375
v -408.2869567871094 1318.673828125 663.2615966796875
v -409.96759033203125 1319.0704345703125 664.7946166992188
v -406.60858154296875 1317.768798828125 664.7921752929688
v -408.28826904296875 1318.4189453125 664.7933959960938
v -406.60198974609375 1318.9744873046875 657.1539306640625
v -409.96356201171875 1319.8157958984375 660.205322265625
v -403.2442932128906 1317.21337890625 660.200927734375
v -406.6046142578125 1318.51220703125 660.203125
v -396.51361083984375 1315.9276123046875 651.066162109375
v -389.7919006347656 1312.525146484375 657.1442260742188
v -396.5180969238281 1315.08935546875 657.1478881835938
v -399.88037109375 1316.37939453125 657.1498413085938
v -396.5203857421875 1314.630615234375 660.1966552734375
v -399.8827819824219 1315.91943359375 660.19873046875
v -393.15521240234375 1313.8045654296875 657.14599609375
v -393.1573181152344 1313.3470458984375 660.1946411132812
v -382.9845275878906 1310.7840576171875 651.0602416992188
v -376.1770935058594 1310.5081787109375 626.6090087890625
v -362.5901794433594 1304.5396728515625 638.8947143554688
v -376.1791687011719 1309.577392578125 638.8961181640625
v -394.83892822265625 1313.9881591796875 660.1956787109375
v -395.6796875 1314.3092041015625 660.1961669921875
v -396.5209655761719 1314.5118408203125 660.9600830078125
v -395.68023681640625 1314.1905517578125 660.9595336914062
v -394.83673095703125 1314.4462890625 657.14697265625
v -396.5192565917969 1314.86328125 658.67138671875
v -393.15625 1313.5791015625 658.66943359375
v -394.83782958984375 1314.2205810546875 658.67041015625
v -393.15106201171875 1314.6409912109375 651.0645751953125
v -396.5158386230469 1315.521728515625 654.1051635742188
v -389.78997802734375 1312.9554443359375 654.1017456054688
v -393.1531066894531 1314.2359619140625 654.1034545898438
v -396.5048828125 1317.2855224609375 638.901123046875
v -403.23150634765625 1319.251220703125 644.9927978515625
v -389.7845764160156 1314.0892333984375 644.987548828125
v -396.50921630859375 1316.659912109375 644.9900512695312
v -398.2016906738281 1315.2744140625 660.1976928710938
v -399.8840026855469 1315.6795654296875 661.7261962890625
v -398.202880859375 1315.0347900390625 661.72509765625
v -396.1006164550781 1314.35107421875 660.9597778320312
v -397.3610534667969 1314.952392578125 660.1972045898438
v -398.2023010253906 1315.1553955078125 660.9611206054688
v -397.36224365234375 1314.712890625 661.7245483398438
v -397.3616638183594 1314.83349609375 660.9605712890625
v -398.1993408203125 1315.7337646484375 657.1488647460938
v -399.881591796875 1316.1527099609375 658.6734008789062
v -398.20050048828125 1315.50732421875 658.67236328125
v -399.87554931640625 1317.219482421875 651.0678100585938
v -403.23919677734375 1318.10888671875 654.1088256835938
v -399.8779602050781 1316.812744140625 654.1069946289062
v -395.89044189453125 1314.270751953125 660.9596557617188
v -396.10076904296875 1314.3211669921875 661.1507568359375
v -395.6803894042969 1314.1605224609375 661.1505126953125
v -395.89056396484375 1314.2408447265625 661.150634765625
v -393.9981384277344 1313.6673583984375 660.1951293945312
v -396.10003662109375 1314.4698486328125 660.1964111328125
v -396.52069091796875 1314.5714111328125 660.5783081054688
v -395.6799621582031 1314.2501220703125 660.5777587890625
v -396.1003112792969 1314.4107666015625 660.5780639648438
v -395.6785583496094 1314.541748046875 658.6708984375
v -396.5198059082031 1314.747802734375 659.4337768554688
v -394.83837890625 1314.1051025390625 659.4328002929688
v -395.6791076660156 1314.42626953125 659.4332885742188
v -395.7854919433594 1314.20068359375 661.1505737304688
v -395.4700622558594 1314.1102294921875 660.9594116210938
v -395.2593078613281 1314.148681640625 660.1959228515625
v -394.8392028808594 1313.9290771484375 660.5772705078125
v -395.25958251953125 1314.0894775390625 660.5775146484375
v -395.7329406738281 1314.1806640625 661.1505126953125
v -395.78533935546875 1314.2305908203125 660.9595947265625
v -395.8905029296875 1314.255859375 661.0551147460938
v -395.6803283691406 1314.175537109375 661.0549926757812
v -395.785400390625 1314.2156982421875 661.0550537109375
v -395.89013671875 1314.330322265625 660.5779418945312
v -396.1004638671875 1314.3809814453125 660.7689208984375
v -395.68011474609375 1314.2203369140625 660.7686767578125
v -395.8902893066406 1314.3006591796875 660.768798828125
v -395.5751647949219 1314.150390625 660.95947265625
v -395.4701232910156 1314.09521484375 661.0548706054688
v -395.5752258300781 1314.1353759765625 661.054931640625
v -395.46978759765625 1314.1697998046875 660.57763671875
v -395.2597351074219 1314.059814453125 660.7683715820312
v -395.46990966796875 1314.1400146484375 660.7684936523438
v -395.65411376953125 1314.1505126953125 661.1504516601562
v -395.6277770996094 1314.155517578125 661.0549926757812
v -395.68035888671875 1314.1680908203125 661.1027221679688
v -395.57525634765625 1314.1279296875 661.1026611328125
v -395.6278076171875 1314.14794921875 661.1027221679688
v -395.667236328125 1314.155517578125 661.1504516601562
v -395.6540832519531 1314.157958984375 661.1027221679688
v -395.68035888671875 1314.164306640625 661.1265869140625
v -395.6278381347656 1314.144287109375 661.1265869140625
v -395.6540832519531 1314.154296875 661.1265869140625
v -395.73284912109375 1314.195556640625 661.0550537109375
v -395.7854309082031 1314.208251953125 661.102783203125
v -395.73291015625 1314.1881103515625 661.102783203125
v -395.7066650390625 1314.170654296875 661.1505126953125
v -395.7329406738281 1314.1768798828125 661.1743774414062
v -395.6606750488281 1314.153076171875 661.1504516601562
v -395.6672668457031 1314.1546630859375 661.1564331054688
v -395.6606750488281 1314.152099609375 661.1564331054688
v -395.667236328125 1314.1593017578125 661.1265869140625
v -395.6803894042969 1314.1624755859375 661.1385498046875
v -395.65411376953125 1314.15234375 661.1385498046875
v -395.667236328125 1314.157470703125 661.1385498046875
v -395.7066345214844 1314.1781005859375 661.102783203125
v -395.73291015625 1314.184326171875 661.1266479492188
v -395.7066345214844 1314.17431640625 661.1266479492188
v -395.65740966796875 1314.1517333984375 661.1504516601562
v -395.6606750488281 1314.152587890625 661.1534423828125
v -395.65740966796875 1314.15087890625 661.1564331054688
v -395.65411376953125 1314.1500244140625 661.1534423828125
v -395.65740966796875 1314.1513671875 661.1534423828125
v -395.6475524902344 1314.1480712890625 661.1504516601562
v -395.6409606933594 1314.1492919921875 661.1265869140625
v -395.6278381347656 1314.142333984375 661.1384887695312
v -395.6409606933594 1314.1473388671875 661.1385498046875
v -395.6015319824219 1314.137939453125 661.1027221679688
v -395.6015625 1314.1341552734375 661.1265869140625
v -395.5226745605469 1314.1153564453125 661.054931640625
v -395.522705078125 1314.1077880859375 661.1026611328125
v -395.6606750488281 1314.1549072265625 661.1385498046875
v -395.667236328125 1314.156494140625 661.14453125
v -395.65411376953125 1314.1514892578125 661.14453125
v -395.6606750488281 1314.1539306640625 661.14453125
v -395.65081787109375 1314.1492919921875 661.1504516601562
v -395.65081787109375 1314.1488037109375 661.1534423828125
v -395.64752197265625 1314.14990234375 661.1385498046875
v -395.6409606933594 1314.146484375 661.1444702148438
v -395.6475524902344 1314.14892578125 661.1444702148438
v -379.5831298828125 1309.505126953125 651.05908203125
v -382.9859619140625 1310.3817138671875 654.0987548828125
v -379.5843505859375 1309.1036376953125 654.097412109375
v -369.383544921875 1305.7047119140625 651.0563354492188
v -382.9794616699219 1312.1336669921875 638.8975219726562
v -376.18060302734375 1308.956298828125 644.9834594726562
v -382.98187255859375 1311.510986328125 644.9852905273438
v -377.8837585449219 1308.466796875 654.0968017578125
v -372.78240966796875 1306.96533203125 651.0570678710938
v -369.3821105957031 1307.045654296875 638.8951416015625
v -362.5899658203125 1303.9219970703125 644.9815063476562
v -369.3826599121094 1306.4261474609375 644.982177734375
v -349.02960205078125 1300.537109375 626.6090698242188
v -349.0268249511719 1299.6090087890625 638.8956909179688
v -308.33984375 1287.015869140625 601.2118530273438
v -308.3430480957031 1286.3524169921875 626.614501953125
v -377.8826599121094 1308.8677978515625 651.0585327148438
v -379.583740234375 1309.3076171875 652.5779418945312
v -376.1828308105469 1308.0350341796875 652.5767822265625
v -377.8831787109375 1308.6705322265625 652.5773315429688
v -379.5809326171875 1310.2305908203125 644.9843139648438
v -382.9831848144531 1311.1605224609375 648.023193359375
v -376.1814270019531 1308.6070556640625 648.0211791992188
v -379.5820007324219 1309.8807373046875 648.0220947265625
v -377.0329895019531 1308.3525390625 652.5770874023438
v -377.88348388671875 1308.5694580078125 653.3369750976562
v -376.1830749511719 1307.93408203125 653.33642578125
v -377.03326416015625 1308.2515869140625 653.3367309570312
v -374.48223876953125 1307.597900390625 651.0574951171875
v -374.4826965332031 1307.4010009765625 652.5762939453125
v -372.7810974121094 1307.6881103515625 644.9827270507812
v -369.383056640625 1306.0782470703125 648.0197143554688
v -372.7817077636719 1307.3394775390625 648.0203247070312
v -355.80511474609375 1302.0606689453125 638.8948974609375
v -355.80438232421875 1301.4447021484375 644.9816284179688
v -359.1961669921875 1302.679931640625 644.9815063476562
v -362.5899963378906 1303.5751953125 648.0189208984375
v -357.5000305175781 1302.0614013671875 644.9815063476562
v -359.19610595703125 1302.510009765625 646.5004272460938
v -357.49993896484375 1301.8917236328125 646.50048828125
v -342.2525939941406 1297.184326171875 638.8970336914062
v -321.92724609375 1290.9840087890625 626.6124877929688
v -359.1966857910156 1303.2967529296875 638.8947143554688
v -362.59002685546875 1304.243408203125 641.9408569335938
v -355.8047180175781 1301.7652587890625 641.9410400390625
v -359.1963806152344 1303.0008544921875 641.9408569335938
v -355.80743408203125 1302.9898681640625 626.6087036132812
v -362.5906982421875 1305.0556640625 632.776611328125
v -349.0281066894531 1300.123291015625 632.7774047851562
v -355.80615234375 1302.575927734375 632.7767333984375
v -349.036865234375 1301.193603515625 601.221923828125
v -362.59375 1305.9888916015625 614.048828125
v -335.4847106933594 1296.2364501953125 614.0481567382812
v -349.0330810546875 1301.06103515625 614.0486450195312
v -362.60791015625 1304.1319580078125 558.74609375
v -389.7537841796875 1315.536376953125 578.3120727539062
v -335.4903259277344 1295.8179931640625 578.3131103515625
v -362.6026611328125 1305.496826171875 578.31787109375
v -358.34796142578125 1302.2005615234375 646.5004272460938
v -360.892822265625 1303.300048828125 644.9814453125
v -362.5899658203125 1303.751708984375 646.50048828125
v -360.8927917480469 1303.1300048828125 646.5004272460938
v -365.98553466796875 1305.1707763671875 644.9817504882812
v -365.9857482910156 1304.8233642578125 648.0192260742188
v -358.7720031738281 1302.355224609375 646.5004272460938
v -359.19610595703125 1302.466552734375 646.8800659179688
v -358.3479309082031 1302.1571044921875 646.880126953125
v -358.7720031738281 1302.311767578125 646.8800659179688
v -358.3480529785156 1302.3704833984375 644.9815063476562
v -359.1961364746094 1302.595703125 645.7410278320312
v -357.4999694824219 1301.977294921875 645.7410888671875
v -358.3479919433594 1302.286376953125 645.7410278320312
v -357.50030517578125 1302.3822021484375 641.94091796875
v -359.1962890625 1302.843505859375 643.4617309570312
v -355.8045349121094 1301.608154296875 643.4618530273438
v -357.5001525878906 1302.2249755859375 643.4617919921875
v -352.415283203125 1300.8314208984375 638.8952026367188
v -349.0262756347656 1299.314453125 641.94189453125
v -352.414794921875 1300.5364990234375 641.94140625
v -360.0444030761719 1302.81982421875 646.5004272460938
v -360.8927917480469 1303.0426025390625 647.2597045898438
v -360.04437255859375 1302.732421875 647.2597045898438
v -358.5599670410156 1302.2344970703125 646.8800659179688
v -358.7720031738281 1302.2899169921875 647.0698852539062
v -357.9239196777344 1302.0460205078125 646.50048828125
v -358.4539489746094 1302.19580078125 646.880126953125
v -358.5599670410156 1302.2235107421875 646.9749755859375
v -358.5599670410156 1302.2779541015625 646.5004272460938
v -358.7720031738281 1302.33349609375 646.6902465820312
v -358.3479309082031 1302.178955078125 646.6903076171875
v -358.5599670410156 1302.2562255859375 646.6902465820312
v -358.7720642089844 1302.44091796875 645.7410278320312
v -359.1961364746094 1302.5531005859375 646.1207275390625
v -358.34796142578125 1302.24365234375 646.1207885742188
v -358.77203369140625 1302.3983154296875 646.1207885742188
v -360.04443359375 1302.98974609375 644.9814453125
v -360.892822265625 1303.2158203125 645.7410278320312
v -360.0444030761719 1302.905517578125 645.7410278320312
v -360.8929748535156 1303.621337890625 641.9408569335938
v -362.5899963378906 1304.0859375 643.4617309570312
v -360.89288330078125 1303.4638671875 643.4617309570312
v -365.9853820800781 1305.789306640625 638.8948974609375
v -369.3823547363281 1306.7486572265625 641.94140625
v -365.98541259765625 1305.4927978515625 641.9411010742188
v -369.3819274902344 1307.9761962890625 626.608642578125
v -376.1780090332031 1310.0948486328125 632.7774658203125
v -369.3818664550781 1307.5625 632.77685546875
v -376.17529296875 1311.1279296875 601.2227172851562
v -389.76898193359375 1316.14697265625 614.0485229492188
v -376.1758728027344 1311.0205078125 614.0487670898438
v -358.5069580078125 1302.2042236328125 646.9749755859375
v -358.6659851074219 1302.2730712890625 646.8800659179688
v -358.7720031738281 1302.3009033203125 646.9749755859375
v -358.6659851074219 1302.26220703125 646.9749755859375
v -358.9840393066406 1302.38916015625 646.8800659179688
v -359.1960754394531 1302.444580078125 647.0698852539062
v -358.9840393066406 1302.3673095703125 647.0698852539062
v -359.6202392578125 1302.664794921875 646.5004272460938
v -360.04437255859375 1302.7762451171875 646.8800659179688
v -359.6202087402344 1302.5775146484375 647.2597045898438
v -359.6202087402344 1302.621337890625 646.8800659179688
v -358.533447265625 1302.2138671875 646.9749755859375
v -358.5069580078125 1302.215087890625 646.8800659179688
v -358.5599670410156 1302.22900390625 646.9275512695312
v -358.4539489746094 1302.1903076171875 646.9275512695312
v -358.5069580078125 1302.209716796875 646.9275512695312
v -358.4539489746094 1302.217529296875 646.6902465820312
v -358.5599670410156 1302.245361328125 646.78515625
v -358.3479309082031 1302.1680908203125 646.7852172851562
v -358.4539489746094 1302.2066650390625 646.7852172851562
v -358.13592529296875 1302.123291015625 646.50048828125
v -357.9239196777344 1302.0244140625 646.6903076171875
v -358.13592529296875 1302.1016845703125 646.6903076171875
v -357.9239807128906 1302.1318359375 645.7410888671875
v -357.49993896484375 1301.9346923828125 646.1207885742188
v -357.9239501953125 1302.089111328125 646.1207885742188
v -356.6521301269531 1301.7529296875 644.9815673828125
v -355.8042907714844 1301.3607177734375 645.7412109375
v -356.6520690917969 1301.6688232421875 645.7411499023438
v -358.61297607421875 1302.2427978515625 646.9749755859375
v -358.6659851074219 1302.2567138671875 647.0224609375
v -358.61297607421875 1302.2374267578125 647.0224609375
v -358.52020263671875 1302.208984375 646.9749755859375
v -358.533447265625 1302.2125244140625 646.9868774414062
v -358.52020263671875 1302.2076416015625 646.9868774414062
v -358.533447265625 1302.2193603515625 646.9275512695312
v -358.5599670410156 1302.226318359375 646.9512939453125
v -358.5069580078125 1302.2069091796875 646.9512939453125
v -358.533447265625 1302.216552734375 646.9512939453125
v -358.61297607421875 1302.2537841796875 646.8800659179688
v -358.6659851074219 1302.2677001953125 646.9275512695312
v -358.61297607421875 1302.248291015625 646.9275512695312
v -358.6659851074219 1302.294921875 646.6902465820312
v -358.7720031738281 1302.3226318359375 646.78515625
v -358.6659851074219 1302.2840576171875 646.78515625
v -358.98406982421875 1302.4326171875 646.5004272460938
v -359.19610595703125 1302.48828125 646.6902465820312
v -358.9840393066406 1302.410888671875 646.6902465820312
v -358.4804382324219 1302.199951171875 646.9275512695312
v -358.4539489746094 1302.1876220703125 646.9512939453125
v -358.4804382324219 1302.197265625 646.9512939453125
v -358.40093994140625 1302.176513671875 646.880126953125
v -358.40093994140625 1302.1710205078125 646.9275512695312
v -345.6393737792969 1298.393310546875 638.8963012695312
v -345.6387939453125 1298.09912109375 641.9425659179688
v -342.25543212890625 1298.11083984375 626.6097412109375
v -335.4808349609375 1295.297607421875 632.7797241210938
v -342.2539367675781 1297.697509765625 632.7783813476562
v -328.70697021484375 1293.3350830078125 626.6115112304688
v -321.9266052246094 1290.5732421875 632.782958984375
v -328.70599365234375 1292.923095703125 632.78125
v -321.9280090332031 1291.6522216796875 601.216064453125
v -308.34210205078125 1286.873779296875 614.0460205078125
v -321.9280090332031 1291.5093994140625 614.0473022460938
v -308.3182067871094 1285.2318115234375 558.74658203125
v -280.9967346191406 1277.440185546875 578.2866821289062
v -308.331787109375 1286.479736328125 578.300537109375
v -225.9451446533203 1255.487548828125 528.0087890625
v -170.75868225097656 1246.32958984375 558.8289184570312
v -225.94871520996094 1259.5777587890625 558.7548828125
v -63.91664123535156 1211.1748046875 465.28228759765625
v -63.87336349487305 1227.513671875 528.1526489257812
v -332.09381103515625 1294.107177734375 632.7804565429688
v -335.4801940917969 1295.053955078125 635.8443603515625
v -332.0932312011719 1293.8638916015625 635.84521484375
v -325.3170471191406 1291.7451171875 632.7821044921875
v -315.14019775390625 1288.65673828125 626.613525390625
v -253.4825897216797 1269.3935546875 601.1937866210938
v -327.0116882324219 1292.3333740234375 632.7816772460938
v -328.70574951171875 1292.8046875 634.3151245117188
v -325.31683349609375 1291.6268310546875 634.3160400390625
v -327.0114440917969 1292.2149658203125 634.3156127929688
v -325.31787109375 1292.1566162109375 626.6119995117188
v -328.70648193359375 1293.1414794921875 629.7037963867188
v -321.92694091796875 1290.7908935546875 629.7051391601562
v -325.3174743652344 1291.963134765625 629.7044677734375
v -328.7087097167969 1293.861083984375 614.0477294921875
v -335.4834289550781 1296.0235595703125 620.3727416992188
v -321.9277038574219 1291.2962646484375 620.3733520507812
v -328.7078857421875 1293.64794921875 620.373046875
v -327.858642578125 1292.5096435546875 634.3153686523438
v -328.7055969238281 1292.7431640625 635.0809936523438
v -327.8585205078125 1292.4481201171875 635.0812377929688
v -330.4000244140625 1293.514404296875 632.7808837890625
v -332.093505859375 1293.9886474609375 634.3142700195312
v -330.3997497558594 1293.3958740234375 634.314697265625
v -332.0949401855469 1294.5196533203125 626.6110229492188
v -335.4814758300781 1295.5164794921875 629.7025756835938
v -332.0943908691406 1294.3258056640625 629.7031860351562
v -326.1641845703125 1291.9207763671875 634.3158569335938
v -323.6220397949219 1291.158447265625 632.7825317382812
v -311.7430419921875 1287.501708984375 626.614013671875
v -315.14007568359375 1288.4642333984375 629.7066040039062
v -294.7030334472656 1282.4610595703125 601.2072143554688
v -281.00653076171875 1277.8597412109375 614.0421752929688
v -294.7061767578125 1282.32373046875 614.0443725585938
v -315.1400146484375 1289.180419921875 614.0467529296875
v -308.3427429199219 1286.6622314453125 620.3737182617188
v -315.1402282714844 1288.968017578125 620.37353515625
v -313.44195556640625 1288.0784912109375 626.61376953125
v -315.14013671875 1288.5635986328125 628.1620483398438
v -313.44189453125 1287.88623046875 629.7069091796875
v -311.7430419921875 1287.40869140625 628.1626586914062
v -313.4419250488281 1287.9854736328125 628.162353515625
v -311.7428894042969 1287.8123779296875 620.3736572265625
v -315.1402282714844 1288.82470703125 623.5032958984375
v -308.3429260253906 1286.51953125 623.5038452148438
v -311.7430114746094 1287.6693115234375 623.5036010742188
v -301.5317077636719 1284.58837890625 614.0452880859375
v -294.70709228515625 1282.1156005859375 620.3736572265625
v -301.5325927734375 1284.37841796875 620.373779296875
v -318.5347900390625 1289.8175048828125 626.613037109375
v -318.53460693359375 1289.6246337890625 629.7058715820312
v -310.0434265136719 1286.9263916015625 626.6142578125
v -310.04345703125 1286.83349609375 628.1629638671875
v -310.8933410644531 1287.1209716796875 628.1627807617188
v -311.7430419921875 1287.3599853515625 628.9354858398438
v -312.5925598144531 1287.6968994140625 628.1625366210938
v -313.44189453125 1287.9366455078125 628.9351196289062
v -312.5925598144531 1287.6480712890625 628.935302734375
v -311.3182067871094 1287.2647705078125 628.1627197265625
v -311.7430419921875 1287.384521484375 628.5491943359375
v -310.8933410644531 1287.0966796875 628.54931640625
v -311.3182067871094 1287.2406005859375 628.5492553710938
v -310.8933410644531 1287.2138671875 626.6141357421875
v -311.7430419921875 1287.4559326171875 627.3888549804688
v -310.0434265136719 1286.880615234375 627.38916015625
v -310.8933410644531 1287.1680908203125 627.3889770507812
v -310.0433654785156 1287.09375 623.5037231445312
v -311.7430419921875 1287.588623046875 625.0610961914062
v -308.343017578125 1286.4390869140625 625.0614624023438
v -310.04339599609375 1287.0130615234375 625.061279296875
v -304.9394226074219 1285.517578125 620.373779296875
v -301.53289794921875 1284.236572265625 623.5043334960938
v -304.9396667480469 1285.3753662109375 623.5040893554688
v -310.4684143066406 1286.9771728515625 628.1629028320312
v -310.4684143066406 1286.9530029296875 628.5494384765625
v -298.1219177246094 1283.244384765625 620.3737182617188
v -287.8638610839844 1280.079833984375 614.0433349609375
v -267.2582702636719 1273.6220703125 601.1978759765625
v -253.48558044433594 1267.556640625 558.7401123046875
v -225.9383544921875 1260.852783203125 578.281494140625
v -253.48802185058594 1268.810791015625 578.2781372070312
v -296.4150695800781 1282.679443359375 620.3737182617188
v -298.1221008300781 1283.1767578125 621.9417114257812
v -294.707275390625 1282.04833984375 621.9417724609375
v -296.41522216796875 1282.6119384765625 621.9417724609375
v -298.1209716796875 1283.45361328125 614.0447998046875
v -301.5321960449219 1284.4957275390625 617.2213745117188
v -294.7066955566406 1282.23193359375 617.2208862304688
v -298.1214904785156 1283.3612060546875 617.22119140625
v -301.52874755859375 1284.7286376953125 601.2095947265625
v -308.3411560058594 1286.9891357421875 607.6401977539062
v -294.7048034667969 1282.4364013671875 607.6369018554688
v -301.5304260253906 1284.7027587890625 607.6386108398438
v -294.6925964355469 1281.923095703125 578.2933349609375
v -308.3364562988281 1286.85986328125 589.5013427734375
v -281.00164794921875 1277.8238525390625 589.488525390625
v -294.6986083984375 1282.3028564453125 589.4948120117188
v -292.998046875 1281.55322265625 620.3736572265625
v -292.9981994628906 1281.4859619140625 621.9417724609375
v -291.28704833984375 1281.1990966796875 614.0438842773438
v -287.8642578125 1279.9892578125 617.2202758789062
v -291.28753662109375 1281.1077880859375 617.2205810546875
v -287.8611755371094 1280.2132568359375 601.204833984375
v -281.0058898925781 1277.9676513671875 607.6333618164062
v -287.86273193359375 1280.1904296875 607.6351928710938
v -274.1366882324219 1275.6669921875 614.0408935546875
v -277.5730285644531 1276.759765625 614.0415649414062
v -281.0066833496094 1277.7705078125 617.219482421875
v -274.13641357421875 1275.7899169921875 601.2001342773438
v -267.2577819824219 1273.6072998046875 607.6295776367188
v -274.1367492675781 1275.7720947265625 607.6314697265625
v -267.2561340332031 1273.0582275390625 578.2813720703125
v -253.4861297607422 1269.209716796875 589.47900390625
v -267.258056640625 1273.44873046875 589.4830932617188
v -279.2901611328125 1277.308837890625 614.0418701171875
v -281.0066223144531 1277.818115234375 615.6337890625
v -277.5730285644531 1276.718505859375 615.6332397460938
v -279.2901916503906 1277.2674560546875 615.633544921875
v -277.5727233886719 1276.8662109375 607.6324462890625
v -281.0062561035156 1277.9251708984375 610.8442993164062
v -274.13677978515625 1275.73095703125 610.8427124023438
v -277.5729064941406 1276.824462890625 610.8435668945312
v -284.4369201660156 1278.9666748046875 614.0427856445312
v -284.43719482421875 1278.8765869140625 617.2199096679688
v -275.8551940917969 1276.21240234375 614.0411987304688
v -239.69692993164062 1265.333251953125 601.1904907226562
v -276.71417236328125 1276.4447021484375 615.6331176757812
v -277.1436462402344 1276.58154296875 615.6331787109375
v -277.5730285644531 1276.707275390625 616.0302734375
v -276.7142028808594 1276.48583984375 614.0413818359375
v -277.5730285644531 1276.7398681640625 614.838134765625
v -275.8551940917969 1276.192626953125 614.8378295898438
v -276.7142028808594 1276.466064453125 614.8379516601562
v -275.8551940917969 1276.2767333984375 610.8431396484375
v -277.572998046875 1276.7950439453125 612.4446411132812
v -274.1367492675781 1275.701904296875 612.4439086914062
v -275.8551940917969 1276.24755859375 612.4442749023438
v -270.6983337402344 1274.685546875 607.6305541992188
v -267.25738525390625 1273.5677490234375 610.841064453125
v -270.6981506347656 1274.645263671875 610.8419189453125
v -260.37286376953125 1271.48876953125 601.1957397460938
v -260.37139892578125 1271.47705078125 607.627685546875
v -278.43170166015625 1276.99267578125 615.6334228515625
v -279.29022216796875 1277.244384765625 616.4271850585938
v -278.4317321777344 1276.9698486328125 616.4270629882812
v -276.9289245605469 1276.5130615234375 615.6331787109375
v -277.14361572265625 1276.575927734375 615.8317260742188
v -276.71417236328125 1276.4390869140625 615.8316650390625
v -276.9289245605469 1276.507568359375 615.8317260742188
v -276.2846984863281 1276.3079833984375 615.633056640625
v -277.1436462402344 1276.6029052734375 614.8380126953125
v -277.5730285644531 1276.7293701171875 615.2359008789062
v -276.7142028808594 1276.45556640625 615.2357177734375
v -277.1436462402344 1276.5924072265625 615.2357788085938
v -278.4316711425781 1277.0340576171875 614.0416870117188
v -279.2901916503906 1277.2889404296875 614.8384399414062
v -278.43170166015625 1277.01416015625 614.8382568359375
v -279.28997802734375 1277.3739013671875 610.8439331054688
v -281.00640869140625 1277.8953857421875 612.4453735351562
v -279.2900695800781 1277.34423828125 612.4450073242188
v -284.4360046386719 1279.075927734375 607.63427734375
v -287.86334228515625 1280.1466064453125 610.8458251953125
v -284.4365234375 1279.03271484375 610.8450927734375
v -276.821533203125 1276.473388671875 615.8317260742188
v -276.49945068359375 1276.3763427734375 615.6331176757812
v -276.2846984863281 1276.3292236328125 614.837890625
v -275.85516357421875 1276.1822509765625 615.235595703125
v -276.2846984863281 1276.31884765625 615.2356567382812
v -274.99603271484375 1275.939453125 614.0410766601562
v -274.13665771484375 1275.6473388671875 614.8374633789062
v -274.9960021972656 1275.9197998046875 614.837646484375
v -276.7678527832031 1276.4561767578125 615.8316650390625
v -276.8215637207031 1276.4788818359375 615.6331176757812
v -276.9289245605469 1276.5103759765625 615.732421875
v -276.71417236328125 1276.44189453125 615.732421875
v -276.8215637207031 1276.47607421875 615.732421875
v -276.9289245605469 1276.52392578125 615.2357788085938
v -277.1436462402344 1276.5870361328125 615.4345703125
v -276.71417236328125 1276.4501953125 615.4344482421875
v -276.9289245605469 1276.5185546875 615.4345092773438
v -276.74102783203125 1276.4476318359375 615.8316650390625
v -276.7678527832031 1276.45556640625 615.8565063476562
v -276.6068115234375 1276.4105224609375 615.6331176757812
v -276.49945068359375 1276.37353515625 615.7323608398438
v -276.6068115234375 1276.40771484375 615.732421875
v -276.49945068359375 1276.38720703125 615.2357177734375
v -276.2846984863281 1276.3134765625 615.4343872070312
v -276.49945068359375 1276.3818359375 615.4344482421875
v -276.7678527832031 1276.458984375 615.732421875
v -276.8215637207031 1276.4747314453125 615.7820434570312
v -276.71417236328125 1276.4405517578125 615.7820434570312
v -276.7678527832031 1276.4576416015625 615.7820434570312
v -276.75445556640625 1276.4512939453125 615.8565063476562
v -276.7947082519531 1276.46484375 615.8317260742188
v -276.821533203125 1276.47265625 615.8565063476562
v -276.7947082519531 1276.464111328125 615.8565063476562
v -276.875244140625 1276.490478515625 615.8317260742188
v -276.9289245605469 1276.506103515625 615.88134765625
v -276.875244140625 1276.489013671875 615.88134765625
v -277.0362854003906 1276.541748046875 615.8317260742188
v -277.14361572265625 1276.5731201171875 615.9309692382812
v -277.0362854003906 1276.5389404296875 615.9309692382812
v -277.35833740234375 1276.6500244140625 615.6332397460938
v -277.5730285644531 1276.712890625 615.8318481445312
v -277.35833740234375 1276.6387939453125 616.0302734375
v -277.35833740234375 1276.6444091796875 615.831787109375
v -278.00238037109375 1276.8555908203125 615.6333618164062
v -278.43170166015625 1276.9814453125 616.0303955078125
v -278.0024108886719 1276.84423828125 616.0303344726562
v -276.74774169921875 1276.4490966796875 615.8565063476562
v -276.6604919433594 1276.4248046875 615.732421875
v -276.6068115234375 1276.4063720703125 615.7820434570312
v -276.6604919433594 1276.4234619140625 615.7820434570312
v -276.75445556640625 1276.451904296875 615.8316650390625
v -276.7678527832031 1276.4559326171875 615.8441162109375
v -276.74102783203125 1276.4473876953125 615.8441162109375
v -276.75445556640625 1276.45166015625 615.8441162109375
v -276.74102783203125 1276.4490966796875 615.7820434570312
v -276.7678527832031 1276.4569091796875 615.806884765625
v -276.71417236328125 1276.4398193359375 615.806884765625
v -276.74102783203125 1276.4483642578125 615.806884765625
v -276.72760009765625 1276.443359375 615.8316650390625
v -276.71417236328125 1276.4388427734375 615.8441162109375
v -276.72760009765625 1276.443115234375 615.8441162109375
v -276.74774169921875 1276.449462890625 615.8441162109375
v -276.75445556640625 1276.451416015625 615.8502807617188
v -276.74102783203125 1276.4471435546875 615.8502807617188
v -276.74774169921875 1276.4493408203125 615.8502807617188
v -276.73431396484375 1276.4451904296875 615.8441162109375
v -276.72760009765625 1276.44287109375 615.8502807617188
v -276.73431396484375 1276.445068359375 615.8502807617188
v -276.7376708984375 1276.446044921875 615.8502807617188
v -276.74102783203125 1276.447021484375 615.8533935546875
v -276.73431396484375 1276.4449462890625 615.8533935546875
v -276.7376708984375 1276.446044921875 615.8533935546875
v -239.7097625732422 1264.731201171875 578.2779541015625
v -225.93002319335938 1261.26806640625 589.4774780273438
v -239.70411682128906 1265.1387939453125 589.4769287109375
v -198.418212890625 1252.4837646484375 558.7875366210938
v -198.40516662597656 1253.7733154296875 578.2994384765625
v -117.3274917602539 1233.05224609375 528.1790771484375
v -232.81503295898438 1263.176513671875 589.476806640625
v -239.70068359375 1265.2659912109375 595.293212890625
v -225.92529296875 1261.399658203125 595.2922973632812
v -232.81085205078125 1263.3060302734375 595.29248046875
v -212.1765594482422 1257.1981201171875 578.2889404296875
v -212.16708374023438 1257.619384765625 589.480712890625
v -236.25535583496094 1264.279541015625 595.2927856445312
v -239.6988525390625 1265.3074951171875 598.2346801757812
v -232.80865478515625 1263.3487548828125 598.2337036132812
v -236.25332641601562 1264.3216552734375 598.234130859375
v -246.59524536132812 1267.1512451171875 589.4776611328125
v -253.4845428466797 1269.331787109375 595.2959594726562
v -246.5926971435547 1267.27587890625 595.2943725585938
v -229.36749267578125 1262.345947265625 595.2922973632812
v -219.0482635498047 1259.41552734375 589.478759765625
v -215.60775756835938 1258.5103759765625 589.4796752929688
v -219.04574584960938 1259.4892578125 592.37255859375
v -215.60519409179688 1258.58447265625 592.3731689453125
v -184.6030731201172 1250.5831298828125 578.3119506835938
v -144.11097717285156 1241.3599853515625 558.8663330078125
v -219.05734252929688 1258.9969482421875 578.2847900390625
v -225.9344024658203 1261.0836181640625 583.7913208007812
v -212.17202758789062 1257.4317626953125 583.7966918945312
v -219.05300903320312 1259.2293701171875 583.7936401367188
v -212.18942260742188 1255.9151611328125 558.7694091796875
v -225.94468688964844 1260.2777099609375 567.979736328125
v -198.4127655029297 1253.1900634765625 568.0057983398438
v -212.1841278076172 1256.6185302734375 567.9910278320312
v -198.42115783691406 1248.38818359375 528.0558471679688
v -225.95045471191406 1257.798828125 542.6588134765625
v -170.76190185546875 1244.5302734375 542.748779296875
v -198.4231414794922 1250.6982421875 542.7006225585938
v -225.8857421875 1239.968505859375 465.00177001953125
v -280.8504333496094 1265.4873046875 497.1424560546875
v -170.73892211914062 1235.83447265625 497.2923583984375
v -225.91986083984375 1249.104248046875 497.1679382324219
v -280.50421142578125 1198.3668212890625 350.27386474609375
v -389.60882568359375 1261.8936767578125 408.2165832519531
v -170.60995483398438 1204.39013671875 408.4112243652344
v -280.56866455078125 1231.828857421875 408.1938781738281
v -217.32546997070312 1259.0350341796875 592.3728637695312
v -222.48890686035156 1260.3348388671875 589.47802734375
v -225.92770385742188 1261.3409423828125 592.3717651367188
v -222.48646545410156 1260.4080810546875 592.3720703125
v -216.46533203125 1258.809326171875 592.373046875
v -205.2933807373047 1255.4566650390625 578.2938842773438
v -198.40066528320312 1254.0091552734375 583.8046875
v -205.28878784179688 1255.6915283203125 583.8004150390625
v -217.32801818847656 1258.961181640625 589.4791870117188
v -219.04701232910156 1259.4541015625 590.9219970703125
v -215.6064910888672 1258.549072265625 590.9227905273438
v -217.32675170898438 1258.999755859375 590.92236328125
v -215.6126251220703 1258.3233642578125 583.7950439453125
v -219.05067443847656 1259.32861328125 586.6171264648438
v -212.1696014404297 1257.53173828125 586.61962890625
v -215.61024475097656 1258.423095703125 586.6182861328125
v -213.88746643066406 1258.0631103515625 589.4801635742188
v -212.16578674316406 1257.6583251953125 590.9236450195312
v -213.8861846923828 1258.1019287109375 590.9232177734375
v -214.746337890625 1258.3250732421875 590.9229736328125
v -215.60585021972656 1258.5672607421875 591.6470947265625
v -213.88552856445312 1258.1201171875 591.6475219726562
v -214.74569702148438 1258.34326171875 591.6472778320312
v -201.8455047607422 1254.843017578125 583.802490234375
v -205.28634643554688 1255.7921142578125 586.6227416992188
v -201.84307861328125 1254.94384765625 586.6244506835938
v -191.50927734375 1252.1485595703125 578.3054809570312
v -184.61474609375 1249.287353515625 558.8078002929688
v -170.75474548339844 1247.0426025390625 568.0408935546875
v -184.60987854003906 1249.9967041015625 568.0228881835938
v -194.95391845703125 1253.18994140625 583.8070068359375
v -200.123291015625 1254.42431640625 583.8035888671875
v -201.84429931640625 1254.8948974609375 585.2083740234375
v -198.39947509765625 1254.0611572265625 585.2103881835938
v -200.12210083007812 1254.4761962890625 585.2093505859375
v -201.85006713867188 1254.607666015625 578.2965698242188
v -205.2911376953125 1255.5794677734375 581.0221557617188
v -198.40296936035156 1253.8966064453125 581.0270385742188
v -201.84783935546875 1254.730712890625 581.0245361328125
v -205.30108642578125 1254.8751220703125 567.998046875
v -212.1806182861328 1256.9249267578125 573.0050048828125
v -198.4092254638672 1253.4981689453125 573.0177612304688
v -205.29750061035156 1255.1824951171875 573.0110473632812
v -196.67755126953125 1253.59765625 583.8058471679688
v -196.67637634277344 1253.6497802734375 585.21142578125
v -194.95834350585938 1252.95361328125 578.3023681640625
v -191.50717163085938 1252.2723388671875 581.032470703125
v -194.95619201660156 1253.0770263671875 581.0297241210938
v -191.5165557861328 1251.563720703125 568.01416015625
v -184.60670471191406 1250.306396484375 573.03271484375
v -191.51316833496094 1251.8726806640625 573.0250854492188
v -177.6901397705078 1248.4893798828125 568.0318603515625
v -170.75218200683594 1247.3538818359375 573.0487670898438
v -177.687255859375 1248.7999267578125 573.0406494140625
v -157.46307373046875 1243.7318115234375 558.8485107421875
v -157.4600372314453 1244.44921875 568.0579833984375
v -144.1127166748047 1237.181884765625 528.15185546875
v -117.32425689697266 1235.4527587890625 542.816650390625
v -144.1133270263672 1239.53564453125 542.7901000976562
v -117.33641052246094 1217.337158203125 465.31298828125
v -63.89237976074219 1220.6573486328125 497.3704833984375
v -117.3335952758789 1226.5052490234375 497.3960266113281
v -63.986576080322266 1157.889892578125 350.66387939453125
v -63.96100616455078 1188.234619140625 408.38458251953125
v -164.11572265625 1245.7178955078125 568.049560546875
v -164.11346435546875 1246.0301513671875 573.056396484375
v -167.4350128173828 1246.68505859375 573.0526123046875
v -130.72340393066406 1239.2191162109375 558.8812255859375
v -90.56464385986328 1229.859375 528.1796875
v -90.55876159667969 1232.3204345703125 542.8185424804688
v -130.7258758544922 1237.3775634765625 542.8058471679688
v -144.11251831054688 1240.5120849609375 550.5224609375
v -117.32279205322266 1236.4493408203125 550.5488891601562
v -130.7247772216797 1238.36328125 550.5380249023438
v -127.37345123291016 1238.7205810546875 558.8843383789062
v -130.72303771972656 1239.4132080078125 561.0919799804688
v -124.02424621582031 1237.3765869140625 550.5441284179688
v -130.72412109375 1238.8072509765625 554.6174926757812
v -117.32211303710938 1236.898193359375 554.6283569335938
v -124.02359008789062 1237.8228759765625 554.6235961914062
v -103.929443359375 1233.7667236328125 542.8211669921875
v -103.92764282226562 1234.775634765625 550.553955078125
v -137.42031860351562 1240.26025390625 558.8742065429688
v -144.1099395751953 1241.7366943359375 563.3463134765625
v -129.04852294921875 1238.968017578125 558.8828125
v -130.7232208251953 1239.317138671875 559.9796142578125
v -129.04833984375 1239.066162109375 559.981201171875
v -127.37413787841797 1238.3076171875 554.6206665039062
v -130.72377014160156 1239.01708984375 556.724365234375
v -124.02325439453125 1238.033935546875 556.7304077148438
v -127.37379455566406 1238.51806640625 556.7275390625
v -137.4217529296875 1239.40869140625 550.53076171875
v -144.11183166503906 1240.951904296875 554.6022338867188
v -137.42108154296875 1239.850341796875 554.6103515625
v -157.46560668945312 1241.921630859375 542.7706298828125
v -170.76104736328125 1245.4935302734375 550.4824829101562
v -157.4649200439453 1242.890625 550.5035400390625
v -134.07247924804688 1239.732421875 558.8778076171875
v -137.4198760986328 1240.4534912109375 561.0850830078125
v -134.0720672607422 1239.926025390625 561.0886840820312
v -110.623046875 1235.5821533203125 550.55224609375
v -113.97185516357422 1236.4583740234375 554.6302490234375
v -115.64691162109375 1236.6763916015625 554.6293334960938
v -117.32195281982422 1237.00537109375 555.67578125
v -115.6467514038086 1236.78369140625 555.6767578125
v -113.97254180908203 1236.0081787109375 550.55078125
v -117.32244873046875 1236.6778564453125 552.5675659179688
v -113.9721908569336 1236.2374267578125 552.5694580078125
v -110.62468719482422 1234.57958984375 542.8197631835938
v -117.3235092163086 1235.9676513671875 546.6221313476562
v -103.92848205566406 1234.2879638671875 546.6268920898438
v -110.62382507324219 1235.0975341796875 546.6253662109375
v -103.93431854248047 1231.33740234375 528.1832275390625
v -117.32584381103516 1234.321533203125 535.4437866210938
v -90.56140899658203 1231.16015625 535.4447631835938
v -103.93168640136719 1232.6217041015625 535.447998046875
v -90.58193969726562 1223.1680908203125 497.4022216796875
v -117.33074188232422 1230.084228515625 513.1495971679688
v -63.881919860839844 1224.396484375 513.1227416992188
v -90.57256317138672 1226.821533203125 513.1520385742188
v -10.424388885498047 1207.4866943359375 465.1252136230469
v -10.409823417663574 1217.27099609375 497.2463073730469
v -120.67280578613281 1237.35302734375 554.6261596679688
v -120.67247772216797 1237.564697265625 556.7329711914062
v -116.48433685302734 1236.89404296875 555.67626953125
v -118.99742889404297 1237.123779296875 554.6273193359375
v -120.67263793945312 1237.4598388671875 555.6735229492188
v -118.99710845947266 1237.335693359375 556.734130859375
v -118.99726867675781 1237.230712890625 555.6746826171875
v -120.67346954345703 1236.905517578125 550.5466918945312
v -124.02391815185547 1237.603759765625 552.5628051757812
v -120.67313385009766 1237.13330078125 552.5653686523438
v -124.02552795410156 1236.3856201171875 542.8119506835938
v -130.72535705566406 1237.8868408203125 546.6112670898438
v -124.02489471435547 1236.897705078125 546.6173706054688
v -130.72715759277344 1235.0023193359375 528.1681518554688
v -144.1134033203125 1238.4267578125 535.417236328125
v -130.7266845703125 1236.2584228515625 535.43310546875
v -144.1024169921875 1230.7435302734375 497.354248046875
v -170.7515106201172 1239.3255615234375 513.066162109375
v -144.10911560058594 1234.2672119140625 513.116943359375
v -116.06553649902344 1236.8387451171875 555.676513671875
v -116.4844970703125 1236.786865234375 554.62890625
v -117.32203674316406 1236.9520263671875 555.150634765625
v -115.6468276977539 1236.7303466796875 555.151611328125
v -116.48442077636719 1236.8406982421875 555.151123046875
v -115.64724731445312 1236.4556884765625 552.568603515625
v -117.32228088378906 1236.7890625 553.5924682617188
v -113.9720230102539 1236.348876953125 553.5943603515625
v -115.64707946777344 1236.567138671875 553.5934448242188
v -114.80936431884766 1236.56689453125 554.6298217773438
v -113.97177124023438 1236.5123291015625 555.1524658203125
v -114.80928039550781 1236.620849609375 555.1520385742188
v -97.2408447265625 1233.0145263671875 542.8207397460938
v -90.55767822265625 1232.8487548828125 546.6246337890625
v -97.23981475830078 1233.5391845703125 546.6266479492188
v -100.58324432373047 1233.9061279296875 546.6270141601562
v -103.92804718017578 1234.5360107421875 548.5733032226562
v -100.58279418945312 1234.1549072265625 548.5734252929688
v -83.88177490234375 1231.680419921875 542.8146362304688
v -77.2147216796875 1228.59521484375 528.1690673828125
v -63.8699836730957 1228.8505859375 535.4190673828125
v -77.21126556396484 1229.913818359375 535.4346923828125
v -87.21971893310547 1231.993896484375 542.8167724609375
v -90.55819702148438 1232.5888671875 544.7083740234375
v -87.21914672851562 1232.2633056640625 544.7067260742188
v -83.88452911376953 1230.5120849609375 535.4404907226562
v -90.56000518798828 1231.7576904296875 539.1023559570312
v -77.20978546142578 1230.5196533203125 539.0927124023438
v -83.88306427001953 1231.1136474609375 539.0982666015625
v -85.550048828125 1232.10546875 544.7056884765625
v -86.38455963134766 1232.1839599609375 544.7062377929688
v -87.21900939941406 1232.329345703125 545.1831665039062
v -85.55062103271484 1231.8355712890625 542.8157958984375
v -87.21942901611328 1232.129638671875 543.7586669921875
v -83.88148498535156 1231.816650390625 543.756591796875
v -85.55033111572266 1231.9715576171875 543.7576904296875
v -87.22099304199219 1231.42919921875 539.1005249023438
v -90.55936431884766 1232.0433349609375 540.951171875
v -83.88240051269531 1231.4013671875 540.9472045898438
v -87.2203369140625 1231.7158203125 540.9494018554688
v -97.24333190917969 1231.862060546875 535.447265625
v -103.93051147460938 1233.21142578125 539.1053466796875
v -97.24201965332031 1232.45556640625 539.104736328125
v -88.88851928710938 1232.4244384765625 544.7075805664062
v -90.55792999267578 1232.7198486328125 545.6629638671875
v -88.88825225830078 1232.5556640625 545.6621704101562
v -93.89907836914062 1232.660400390625 542.8198852539062
v -97.24031066894531 1233.2811279296875 544.7105102539062
v -93.89852905273438 1232.927978515625 544.7096557617188
v -88.05380249023438 1232.3433837890625 544.7071533203125
v -88.88838958740234 1232.4903564453125 545.1840209960938
v -88.05352783203125 1232.474853515625 545.6617431640625
v -88.05366516113281 1232.409423828125 545.18359375
v -88.88909149169922 1232.155517578125 542.8176879882812
v -90.5584716796875 1232.4556884765625 543.7603759765625
v -88.88880157470703 1232.291015625 543.7595825195312
v -85.96729278564453 1232.14453125 544.7059936523438
v -86.38449096679688 1232.217041015625 544.9442138671875
v -85.96722412109375 1232.177734375 544.9439697265625
v -86.38484191894531 1232.0501708984375 543.7581787109375
v -87.21928405761719 1232.19677734375 544.2318725585938
v -85.55018615722656 1232.038818359375 544.2308959960938
v -86.38470458984375 1232.1173095703125 544.2314453125
v -70.54022216796875 1229.361328125 535.427490234375
v -70.53874969482422 1229.9715576171875 539.085693359375
v -50.52935791015625 1226.583251953125 528.1317749023438
v -37.18705368041992 1218.75390625 497.3138732910156
v -10.403507232666016 1221.16455078125 513.0138549804688
v -37.178401947021484 1222.57666015625 513.07275390625
v -73.87407684326172 1230.2401123046875 539.08935546875
v -72.20637512207031 1230.1044921875 539.0875854492188
v -73.87373352050781 1230.3865966796875 540.0118408203125
v -72.2060317993164 1230.251220703125 540.0100708007812
v -73.87555694580078 1229.632080078125 535.4312744140625
v -77.21050262451172 1230.22119140625 537.25830078125
v -70.53946685791016 1229.6707763671875 537.251220703125
v -73.87479400634766 1229.9405517578125 537.2549438476562
v -70.5436782836914 1228.0335693359375 528.1614990234375
v -77.2129135131836 1229.2724609375 531.803955078125
v -63.87158966064453 1228.2001953125 531.7879028320312
v -70.54186248779297 1228.7154541015625 531.7965698242188
v -77.22337341308594 1225.518310546875 513.1406860351562
v -90.56838989257812 1228.41455078125 520.77978515625
v -63.87736892700195 1226.0302734375 520.7515869140625
v -77.21878814697266 1227.1314697265625 520.7687377929688
v -67.20509338378906 1229.1009521484375 535.4234619140625
v -67.20433807373047 1229.41162109375 537.2472534179688
v -68.87188720703125 1229.5399169921875 537.249267578125
v -70.53910064697266 1229.822265625 538.1668701171875
v -67.2039794921875 1229.5635986328125 538.1629028320312
v -68.87152862548828 1229.691650390625 538.1649169921875
v -57.202392578125 1227.031494140625 528.1427001953125
v -50.52774429321289 1227.279296875 531.7675170898438
v -57.200687408447266 1227.722900390625 531.7781982421875
v -50.53725051879883 1223.4259033203125 513.0995483398438
v -37.1746940612793 1224.250732421875 520.7044067382812
v -50.53303527832031 1225.080322265625 520.7296752929688
v -60.53630447387695 1227.95703125 531.783203125
v -63.870765686035156 1228.5299072265625 533.60205078125
v -57.199893951416016 1228.0548095703125 533.5924682617188
v -60.53549575805664 1228.2879638671875 533.597412109375
v -53.86455535888672 1227.4970703125 531.7730102539062
v -43.85286331176758 1226.1650390625 528.1200561523438
v -40.51287841796875 1225.9658203125 528.1139526367188
v -23.79857063293457 1221.82470703125 513.0436401367188
v -23.795427322387695 1223.51708984375 520.6770629882812
v 16.395740509033203 1216.1629638671875 497.1816711425781
v -43.85630798339844 1224.6524658203125 520.7174072265625
v -50.531124114990234 1225.8504638671875 524.4605102539062
v -37.173030853271484 1225.030517578125 524.4358520507812
v -43.854515075683594 1225.4273681640625 524.448486328125
v -40.514469146728516 1225.2259521484375 524.4422607421875
v -43.85367202758789 1225.8009033203125 526.2907104492188
v -37.17224884033203 1225.40625 526.2781982421875
v -40.51365661621094 1225.6005859375 526.2845458984375
v -30.487468719482422 1223.87255859375 520.69091796875
v -30.485942840576172 1224.6568603515625 524.4227294921875
v -38.843135833740234 1225.502685546875 526.2813720703125
v -40.51326370239258 1225.784423828125 527.2006225585938
v -37.171875 1225.5906982421875 527.1943359375
v -38.842750549316406 1225.686767578125 527.197509765625
v -33.83015060424805 1224.8408203125 524.4293212890625
v -38.00735855102539 1225.6385498046875 527.1959228515625
v -38.84256362915039 1225.7779541015625 527.6544799804688
v -38.007171630859375 1225.7298583984375 527.6528930664062
v -38.42487716674805 1225.75390625 527.6536865234375
v -38.84246826171875 1225.8233642578125 527.8827514648438
v -38.42478561401367 1225.7991943359375 527.8819580078125
v -39.67805099487305 1225.7353515625 527.1990356445312
v -40.51306915283203 1225.8753662109375 527.6575927734375
v -39.67767333984375 1225.9169921875 528.1124267578125
v -39.677860260009766 1225.8265380859375 527.6560668945312
v -42.1838264465332 1225.699951171875 526.2876586914062
v -43.8532600402832 1225.984130859375 527.2067260742188
v -42.18303298950195 1226.064697265625 528.1170654296875
v -42.18342590332031 1225.8834228515625 527.2036743164062
v -47.19334411621094 1225.6353759765625 524.45458984375
v -50.53022384643555 1226.2215576171875 526.3025512695312
v -47.19163131713867 1226.37060546875 528.1260375976562
v -47.192466735839844 1226.0076904296875 526.2966918945312
v -57.206260681152344 1225.538330078125 520.7411499023438
v -63.87529373168945 1226.7904052734375 524.4818725585938
v -57.204254150390625 1226.303466796875 524.4716796875
v -38.633628845214844 1225.811279296875 527.8823852539062
v -39.260223388671875 1225.80224609375 527.6552734375
v -39.677764892578125 1225.871826171875 527.8843383789062
v -39.26003646850586 1225.8927001953125 528.1116333007812
v -39.260128021240234 1225.8475341796875 527.883544921875
v -43.85247039794922 1226.3436279296875 529.0311889648438
v -42.18265151977539 1226.2435302734375 529.0281982421875
v -50.52853012084961 1226.9359130859375 529.9521484375
v -47.19083023071289 1226.724365234375 529.9464721679688
v -38.52920913696289 1225.8052978515625 527.8821411132812
v -38.633724212646484 1225.765869140625 527.6541137695312
v -38.84251403808594 1225.8006591796875 527.7686157226562
v -38.42483139038086 1225.776611328125 527.7678833007812
v -38.6336784362793 1225.78857421875 527.7682495117188
v -38.42506790161133 1225.66259765625 527.1967163085938
v -38.842655181884766 1225.732421875 527.4260864257812
v -38.007266998291016 1225.6842041015625 527.4244995117188
v -38.42497253417969 1225.708251953125 527.42529296875
v -38.00774002075195 1225.454345703125 526.27978515625
v -38.84294128417969 1225.5950927734375 526.7398071289062
v -37.172061920166016 1225.498779296875 526.7366333007812
v -38.00754928588867 1225.5467529296875 526.7382202148438
v -38.84393310546875 1225.12744140625 524.4390869140625
v -40.51405715942383 1225.4144287109375 525.365234375
v -37.172637939453125 1225.2196044921875 525.35888671875
v -38.843528747558594 1225.3162841796875 525.362060546875
v -40.516197204589844 1224.4486083984375 520.7109985351562
v -43.85539627075195 1225.044677734375 522.5906372070312
v -37.17384719848633 1224.6453857421875 522.5778198242188
v -40.515316009521484 1224.8419189453125 522.5842895507812
v -43.86028289794922 1222.988037109375 513.0865478515625
v -50.53507995605469 1224.2723388671875 516.9406127929688
v -37.17648696899414 1223.4329833984375 516.91455078125
v -43.85823440551758 1223.8394775390625 516.9279174804688
v -50.54698944091797 1219.6439208984375 497.34442138671875
v -63.88694763183594 1222.607177734375 505.3119201660156
v -37.18254852294922 1220.745849609375 505.2587890625
v -50.541927337646484 1221.6153564453125 505.2873840332031
v -37.207096099853516 1209.1043701171875 465.2108154296875
v -63.904144287109375 1216.256103515625 481.3005065917969
v -10.417034149169922 1212.716064453125 481.1595458984375
v -37.19682693481445 1214.2681884765625 481.23651123046875
v -10.445744514465332 1183.9669189453125 408.1722717285156
v -63.9399299621582 1200.380615234375 436.35919189453125
v -10.436812400817871 1196.415283203125 436.1730651855469
v -38.47699737548828 1225.80224609375 527.882080078125
v -38.529197692871094 1225.8109130859375 527.9107055664062
v -38.21603012084961 1225.7418212890625 527.6533203125
v -38.215980529785156 1225.7645263671875 527.7674560546875
v -38.52925491333008 1225.7825927734375 527.76806640625
v -38.63365173339844 1225.7999267578125 527.8253173828125
v -38.424808502197266 1225.7879638671875 527.8248901367188
v -38.529232025146484 1225.7939453125 527.8251342773438
v -38.45089340209961 1225.80078125 527.8820190429688
v -38.47698974609375 1225.8050537109375 527.8963012695312
v -38.45088577270508 1225.8035888671875 527.8963012695312
v -38.32040786743164 1225.7705078125 527.7676391601562
v -38.32038497924805 1225.7818603515625 527.82470703125
v -38.477020263671875 1225.7908935546875 527.8250122070312
v -38.52922058105469 1225.799560546875 527.8536376953125
v -38.42479705810547 1225.7935791015625 527.8534545898438
v -38.47700881958008 1225.796630859375 527.853515625
v -38.43783187866211 1225.8028564453125 527.896240234375
v -38.398681640625 1225.7977294921875 527.8818969726562
v -38.372596740722656 1225.784912109375 527.8248291015625
v -38.32037353515625 1225.78759765625 527.853271484375
v -38.37258529663086 1225.79052734375 527.8533325195312
v -38.43783950805664 1225.800048828125 527.8820190429688
v -38.450889587402344 1225.8021240234375 527.88916015625
v -38.424781799316406 1225.8006591796875 527.8890991210938
v -38.437835693359375 1225.8013916015625 527.8890991210938
v -38.450904846191406 1225.7950439453125 527.853515625
v -38.47700500488281 1225.7994384765625 527.8677978515625
v -38.4247932434082 1225.79638671875 527.8677368164062
v -38.450897216796875 1225.7978515625 527.8677368164062
v -38.43130874633789 1225.801025390625 527.8890991210938
v -38.437835693359375 1225.8021240234375 527.8927001953125
v -38.424781799316406 1225.8013916015625 527.8926391601562
v -38.43130874633789 1225.8017578125 527.8927001953125
v -38.4117317199707 1225.7984619140625 527.8819580078125
v -38.4117317199707 1225.7999267578125 527.8890991210938
v -38.3986930847168 1225.7921142578125 527.8533935546875
v -38.398685455322266 1225.794921875 527.86767578125
v 2.9986789226531982 1220.5941162109375 512.9847412109375
v -27.141986846923828 1223.6920166015625 520.6840209960938
v -30.4866886138916 1224.2694091796875 522.5645141601562
v -23.79471778869629 1223.916259765625 522.5509033203125
v -27.1412410736084 1224.0899658203125 522.5577392578125
v -30.49089813232422 1222.1890869140625 513.0584106445312
v -23.796939849853516 1222.690185546875 516.8864135742188
v -30.489124298095703 1223.0501708984375 516.900634765625
v -23.80605697631836 1217.964599609375 497.28057861328125
v -10.406503677368164 1219.29833984375 505.19573974609375
v -23.80214500427246 1219.975341796875 505.2276916503906
v -28.81410789489746 1224.178955078125 522.5611572265625
v -30.486310958862305 1224.46435546875 523.49560546875
v -28.813739776611328 1224.3741455078125 523.4922485351562
v -33.83174514770508 1224.058837890625 520.6976928710938
v -33.8309326171875 1224.45458984375 522.5712280273438
v -3.7027974128723145 1220.8682861328125 512.9991455078125
v -10.402161598205566 1222.0384521484375 516.8575439453125
v 2.993492364883423 1216.6710205078125 497.2127380371094
v 16.397951126098633 1218.2176513671875 505.1356201171875
v 2.99623966217041 1218.713134765625 505.1645202636719
v 16.386245727539062 1206.277587890625 465.04327392578125
v 16.390920639038086 1211.555419921875 481.0857238769531
v -0.3520916700363159 1220.7283935546875 512.9918823242188
v -3.7021806240081787 1221.31201171875 514.9273681640625
v -3.7055113315582275 1218.994384765625 505.179931640625
v -10.404958724975586 1220.2513427734375 509.12445068359375
v 2.997504711151123 1219.673583984375 509.09429931640625
v -3.704108238220215 1219.951171875 509.10919189453125
v -2.0274605751037598 1220.797607421875 512.9954833984375
v -3.7024855613708496 1221.09130859375 513.9647216796875
v -0.35179707407951355 1220.9520263671875 513.95751953125
v -2.0271573066711426 1221.02099609375 513.9611206054688
v -0.35333362221717834 1219.8095703125 509.1016845703125
v -3.7034404277801514 1220.4146728515625 511.0594787597656
v 2.9981038570404053 1220.1387939453125 511.04486083984375
v -0.3527003526687622 1220.27392578125 511.0521240234375
v 9.697732925415039 1218.454345703125 505.1496887207031
v 9.698864936828613 1219.4180908203125 509.0799865722656
v 29.78882598876953 1215.74462890625 497.15478515625
v -7.053311347961426 1221.0135498046875 513.0064697265625
v -10.402820587158203 1221.6063232421875 514.9418334960938
v -7.05265998840332 1221.4564208984375 514.9345703125
v -17.102436065673828 1221.4832763671875 513.0287475585938
v -17.100948333740234 1222.3531494140625 516.8720092773438
v -2.8648264408111572 1221.0560302734375 513.962890625
v -3.7023322582244873 1221.2020263671875 514.4464111328125
v -2.86452579498291 1221.2767333984375 514.925537109375
v -2.027008295059204 1221.1317138671875 514.4428100585938
v -2.864675283432007 1221.1666259765625 514.4446411132812
v -5.378086090087891 1220.940185546875 513.0028076171875
v -7.052982330322266 1221.2362060546875 513.9719848632812
v -5.377452373504639 1221.383544921875 514.9309692382812
v -5.377765655517578 1221.1630859375 513.9683227539062
v -7.054692268371582 1220.098388671875 509.1167907714844
v -10.404220581054688 1220.712890625 511.074462890625
v -7.053989410400391 1220.5609130859375 511.0669250488281
v -17.10572052001953 1219.625244140625 505.21173095703125
v -23.800310134887695 1220.919921875 509.1553039550781
v -17.10403060913086 1220.5740966796875 509.1398620605469
v -1.1894803047180176 1220.986328125 513.9593505859375
v -1.1893333196640015 1221.09716796875 514.4410400390625
v 1.3232934474945068 1220.66064453125 512.9883422851562
v 23.09587860107422 1218.0030517578125 505.1225280761719
v 19.747264862060547 1218.107666015625 505.1289367675781
v 23.093915939331055 1215.942626953125 497.1676025390625
v 16.396873474121094 1217.210693359375 501.171875
v 29.78971290588379 1216.7977294921875 501.1459655761719
v 23.094924926757812 1216.9931640625 501.1582946777344
v 29.785057067871094 1211.1168212890625 481.05499267578125
v 16.39335823059082 1213.9434814453125 489.14776611328125
v 29.786956787109375 1213.514892578125 489.11895751953125
v 24.769882202148438 1217.9527587890625 505.11944580078125
v 26.44277000427246 1216.8927001953125 501.1519775390625
v 23.095409393310547 1217.503173828125 503.1441345214844
v 29.79014015197754 1217.3089599609375 503.13201904296875
v 26.44322395324707 1217.4033203125 503.1379089355469
v 36.480281829833984 1215.568603515625 497.1433410644531
v 24.769428253173828 1217.45263671875 503.1409912109375
v 23.095645904541016 1217.75439453125 504.1343078613281
v 26.44344711303711 1217.6549072265625 504.1281433105469
v 24.769657135009766 1217.7039794921875 504.1311950683594
v 19.74625015258789 1217.09912109375 501.1649475097656
v 16.39742088317871 1217.71923828125 503.1574401855469
v 19.74676513671875 1217.6083984375 503.1506652832031
v 9.695259094238281 1216.4056396484375 497.19677734375
v 2.9948976039886475 1217.7125244140625 501.20184326171875
v 9.696526527404785 1217.4503173828125 501.18646240234375
v 2.987515449523926 1212.087890625 481.1212463378906
v -10.41336727142334 1215.0782470703125 489.2170715332031
v 2.9905474185943604 1214.4639892578125 489.18109130859375
v 25.60658073425293 1217.67919921875 504.1296691894531
v 24.7697696685791 1217.8287353515625 504.6255798339844
v 25.606691360473633 1217.8040771484375 504.6240539550781
v 28.116792678833008 1217.35546875 503.1349182128906
v 25.1882381439209 1217.8162841796875 504.62481689453125
v 24.769826889038086 1217.890869140625 504.8725891113281
v 25.606746673583984 1217.8662109375 504.8710632324219
v 25.18829345703125 1217.87841796875 504.871826171875
v 23.93267822265625 1217.72900390625 504.13275146484375
v 23.095762252807617 1217.8790283203125 504.6286926269531
v 23.932907104492188 1217.977783203125 505.1210021972656
v 23.93279266357422 1217.8536376953125 504.6271057128906
v 21.42118263244629 1217.55517578125 503.1473693847656
v 19.74701690673828 1217.8592529296875 504.1407775878906
v 21.421667098999023 1218.0546875 505.1257019042969
v 21.42142677307129 1217.80615234375 504.13751220703125
v 25.39752197265625 1217.872314453125 504.8714294433594
v 19.747507095336914 1218.353515625 506.11505126953125
v 21.42190170288086 1218.3006591796875 506.1118469238281
v 26.025131225585938 1217.7918701171875 504.623291015625
v 25.502134323120117 1217.8692626953125 504.8712463378906
v 25.39753532409668 1217.8878173828125 504.93316650390625
v 25.50214958190918 1217.884765625 504.9329833984375
v 25.3974666595459 1217.8101806640625 504.6244201660156
v 25.188264846801758 1217.847412109375 504.7483215332031
v 25.606719970703125 1217.8350830078125 504.74755859375
v 25.397493362426758 1217.84130859375 504.7479553222656
v 25.188125610351562 1217.6915283203125 504.13043212890625
v 24.76971435546875 1217.766357421875 504.3784484863281
v 25.60663604736328 1217.74169921875 504.3769226074219
v 25.188180923461914 1217.7540283203125 504.377685546875
v 25.606353759765625 1217.4278564453125 503.1394348144531
v 24.769542694091797 1217.57861328125 503.6363220214844
v 26.443336486816406 1217.5294189453125 503.6332702636719
v 25.606468200683594 1217.5538330078125 503.6347961425781
v 24.768957138061523 1216.9422607421875 501.15509033203125
v 23.09516716003418 1217.2493896484375 502.152099609375
v 26.4429988861084 1217.1492919921875 502.14581298828125
v 24.769193649291992 1217.19873046875 502.14892578125
v 26.441822052001953 1215.8409423828125 497.1610107421875
v 23.09442710876465 1216.4730224609375 499.1658630371094
v 29.789274215698242 1216.2762451171875 499.1532897949219
v 26.44230079650879 1216.3719482421875 499.1593933105469
v 23.091798782348633 1213.7177734375 489.1326904296875
v 16.394563674926758 1215.073974609375 493.1714782714844
v 29.787900924682617 1214.6505126953125 493.14361572265625
v 23.092870712280273 1214.85107421875 493.1568908691406
v 25.554441452026367 1217.86767578125 504.87115478515625
v 25.50214195251465 1217.876953125 504.902099609375
v 25.606754302978516 1217.8739013671875 504.90191650390625
v 25.554447174072266 1217.87548828125 504.9020080566406
v 25.8159122467041 1217.7978515625 504.6236877441406
v 26.025157928466797 1217.8228759765625 504.746826171875
v 25.815940856933594 1217.8289794921875 504.7471923828125
v 26.025020599365234 1217.6669921875 504.12890625
v 26.443500518798828 1217.7174072265625 504.37542724609375
v 26.025075912475586 1217.7294921875 504.37615966796875
v 25.502107620239258 1217.838134765625 504.7477722167969
v 25.39750862121582 1217.8568115234375 504.8096923828125
v 25.606733322143555 1217.8507080078125 504.809326171875
v 25.502120971679688 1217.853759765625 504.80950927734375
v 25.6590518951416 1217.8646240234375 504.8709716796875
v 25.71133041381836 1217.83203125 504.74737548828125
v 25.815954208374023 1217.8446044921875 504.8089294433594
v 25.71134376525879 1217.84765625 504.80914306640625
v 25.63290023803711 1217.8653564453125 504.8710021972656
v 25.60675048828125 1217.8701171875 504.886474609375
v 25.632904052734375 1217.8692626953125 504.8864440917969
v 25.659038543701172 1217.84912109375 504.8092346191406
v 25.606739044189453 1217.8583984375 504.8401794433594
v 25.71135139465332 1217.8553466796875 504.8399963378906
v 25.659046173095703 1217.85693359375 504.840087890625
v 25.645978927612305 1217.868896484375 504.88641357421875
v 25.639440536499023 1217.869140625 504.8864440917969
v 25.632904052734375 1217.8702392578125 504.8902893066406
v 25.639442443847656 1217.8701171875 504.8902893066406
v 25.645977020263672 1217.864990234375 504.8709716796875
v 25.632902145385742 1217.8673095703125 504.87872314453125
v 25.659053802490234 1217.8665771484375 504.8786926269531
v 25.645977020263672 1217.866943359375 504.8786926269531
v 25.632892608642578 1217.857666015625 504.84014892578125
v 25.60674285888672 1217.8623046875 504.8556213378906
v 25.65904998779297 1217.8607177734375 504.85552978515625
v 25.632896423339844 1217.861572265625 504.8555603027344
v 25.554428100585938 1217.8521728515625 504.8094177246094
v 25.50212860107422 1217.8614501953125 504.8403625488281
v 25.554433822631836 1217.8599853515625 504.84027099609375
v 25.619827270507812 1217.86962890625 504.886474609375
v 25.606752395629883 1217.8719482421875 504.8941955566406
v 25.619829177856445 1217.87158203125 504.8941955566406
v 25.58059310913086 1217.866943359375 504.87109375
v 25.554445266723633 1217.87158203125 504.8865966796875
v 25.580596923828125 1217.870849609375 504.88653564453125
v 25.636173248291016 1217.8701171875 504.8902893066406
v 25.632904052734375 1217.8707275390625 504.8922424316406
v 25.626365661621094 1217.8695068359375 504.8864440917969
v 25.619827270507812 1217.87060546875 504.89031982421875
v 25.626367568969727 1217.8714599609375 504.8941650390625
v 25.626365661621094 1217.8704833984375 504.89031982421875
v 25.619823455810547 1217.8658447265625 504.87103271484375
v 25.606748580932617 1217.8681640625 504.8787841796875
v 25.61982536315918 1217.86767578125 504.8787536621094
v 43.15261459350586 1214.382568359375 493.3592834472656
v 43.152610778808594 1212.8787841796875 488.0668640136719
v 43.152610778808594 1211.2987060546875 482.75323486328125
v 43.152610778808594 1210.4794921875 480.0930480957031
v 43.152610778808594 1210.2734375 479.4337158203125
v 43.152610778808594 1210.073486328125 478.79779052734375
v 43.152610778808594 1209.6705322265625 477.5266418457031
v 43.152610778808594 1202.6959228515625 457.3491516113281
v 43.152610778808594 1198.88427734375 447.4078674316406
v 43.152610778808594 1194.8970947265625 437.5936279296875
v 43.152610778808594 1193.87646484375 435.1624755859375
v 43.152610778808594 1193.3629150390625 433.9504699707031
v 43.152610778808594 1193.1053466796875 433.3453674316406
v 43.152610778808594 1193.0731201171875 433.269775390625
v 43.152610778808594 1193.069091796875 433.2603454589844
v 43.152610778808594 1193.0679931640625 433.2579650878906
v 43.152610778808594 1193.0670166015625 433.255615234375
v 43.152610778808594 1193.0650634765625 433.25091552734375
v 43.152610778808594 1193.0570068359375 433.2320861816406
v 43.152610778808594 1193.0408935546875 433.19439697265625
v 43.152610778808594 1192.9765625 433.0437316894531
v 43.152610778808594 1192.847900390625 432.7424621582031
v 43.152610778808594 1190.7686767578125 427.9378662109375
v 43.152610778808594 1186.4874267578125 418.38751220703125
v 43.152610778808594 1184.1591796875 413.37054443359375
v 43.152610778808594 1181.7735595703125 408.34619140625
v 43.152610778808594 1179.32568359375 403.3030700683594
v 43.152610778808594 1176.8109130859375 398.22967529296875
v 43.152610778808594 1174.2244873046875 393.1144714355469
v 43.152610778808594 1172.90283203125 390.53759765625
v 43.152610778808594 1172.234619140625 389.2436828613281
v 43.152610778808594 1171.5870361328125 387.9950256347656
v 43.152610778808594 1169.049072265625 383.1522216796875
v 43.152610778808594 1166.44873046875 378.2703552246094
v 43.152610778808594 1163.791259765625 373.3611755371094
v 43.152610778808594 1161.0819091796875 368.43658447265625
v 43.152610778808594 1155.5283203125 358.58868408203125
v 43.152610778808594 1149.8302001953125 348.8221740722656
v 43.152610778808594 1146.9400634765625 343.99945068359375
v 43.152610778808594 1146.2142333984375 342.8021240234375
v 43.152610778808594 1146.0325927734375 342.50335693359375
v 43.152610778808594 1145.9417724609375 342.35406494140625
v 43.152610778808594 1145.896240234375 342.2794494628906
v 43.152610778808594 1145.8934326171875 342.2747802734375
v 43.152610778808594 1145.8919677734375 342.2724609375
v 43.152610778808594 1145.890625 342.2701416015625
v 43.152610778808594 1145.8848876953125 342.2608337402344
v 43.152610778808594 1145.8736572265625 342.24224853515625
v 43.152610778808594 1145.8509521484375 342.205078125
v 43.152610778808594 1145.4886474609375 341.6108703613281
v 43.152610778808594 1144.03662109375 339.2439880371094
v 43.152610778808594 1140.9107666015625 334.2223205566406
v 43.152610778808594 1139.337158203125 331.7310485839844
v 43.152610778808594 1138.9423828125 331.1098937988281
v 43.152610778808594 1138.744873046875 330.7995300292969
v 43.152610778808594 1138.547119140625 330.48931884765625
v 43.152610778808594 1137.754638671875 329.24951171875
v 43.152610778808594 1134.5565185546875 324.3036193847656
v 43.152610778808594 1132.9385986328125 321.83489990234375
v 43.152610778808594 1132.12451171875 320.6007080078125
v 43.152610778808594 1131.7161865234375 319.9835205078125
v 43.152610778808594 1131.6138916015625 319.8291931152344
v 43.152610778808594 1131.5115966796875 319.67486572265625
v 43.152610778808594 1131.3067626953125 319.3661804199219
v 43.152610778808594 1127.9940185546875 314.4163818359375
v 43.152610778808594 1124.6075439453125 309.434326171875
v 43.152610778808594 1122.8834228515625 306.9253845214844
v 43.152610778808594 1121.1363525390625 304.40032958984375
v 43.152610778808594 1117.568603515625 299.2928466796875
v 43.152610778808594 1116.660400390625 298.0024108886719
v 43.152610778808594 1115.8304443359375 296.82635498046875
v 43.152610778808594 1114.1680908203125 294.4794616699219
v 43.152610778808594 1112.485107421875 292.1153259277344
v 43.152610778808594 1110.782470703125 289.7353820800781
v 43.152610778808594 1109.061279296875 287.3410949707031
v 43.152610778808594 1108.628173828125 286.740478515625
v 43.152610778808594 1108.4112548828125 286.43988037109375
v 43.152610778808594 1108.3026123046875 286.28948974609375
v 43.152610778808594 1108.248291015625 286.21429443359375
v 43.152610778808594 1108.1939697265625 286.1390686035156
v 43.152610778808594 1107.322509765625 284.9342041015625
v 43.152610778808594 1103.7991943359375 280.0919189453125
v 43.152610778808594 1100.2218017578125 275.22222900390625
v 43.152610778808594 1099.99658203125 274.9172668457031
v 43.152610778808594 1099.8839111328125 274.7647399902344
v 43.152610778808594 1099.771240234375 274.6122131347656
v 43.152610778808594 1099.3199462890625 274.00201416015625
v 43.152610778808594 1098.4156494140625 272.7813720703125
v 43.152610778808594 1096.6002197265625 270.339599609375
v 43.152610778808594 1092.9453125 265.4596862792969
v 43.152610778808594 1092.02734375 264.2415771484375
v 43.152610778808594 1091.56787109375 263.6329650878906
v 43.152610778808594 1091.3380126953125 263.3287658691406
v 43.152610778808594 1091.1080322265625 263.024658203125
v 43.152610778808594 1089.2662353515625 260.5957336425781
v 43.152610778808594 1085.3302001953125 255.4459991455078
v 43.152610778808594 1083.3602294921875 252.88987731933594
v 43.152610778808594 1082.8677978515625 252.25311279296875
v 43.152610778808594 1082.62158203125 251.9351043701172
v 43.152610778808594 1082.4984130859375 251.77618408203125
v 43.152610778808594 1082.43701171875 251.6969451904297
v 43.152610778808594 1082.375732421875 251.61778259277344
v 43.152610778808594 1081.3941650390625 250.35311889648438
v 43.152610778808594 1077.46484375 245.3262939453125
v 43.152610778808594 1073.5247802734375 240.3422393798828
v 43.152610778808594 1065.5804443359375 230.4589385986328
v 43.152610778808594 1061.5601806640625 225.53782653808594
v 43.152610778808594 1057.497314453125 220.6157989501953
v 43.152610778808594 1053.3836669921875 215.68185424804688
v 43.152610778808594 1049.211181640625 210.72499084472656
v 43.152610778808594 1047.100341796875 208.2344970703125
v 43.152610778808594 1045.0440673828125 205.81878662109375
v 43.152610778808594 1040.9779052734375 201.07049560546875
v 43.152610778808594 1036.8511962890625 196.28799438476562
v 43.152610778808594 1036.33154296875 195.68812561035156
v 43.152610778808594 1036.201416015625 195.5380859375
v 43.152610778808594 1036.0712890625 195.38803100585938
v 43.152610778808594 1035.81103515625 195.08786010742188
v 43.152610778808594 1034.7677001953125 193.88632202148438
v 43.152610778808594 1032.6724853515625 191.47955322265625
v 43.152610778808594 1028.4508056640625 186.65432739257812
v 43.152610778808594 1026.326171875 184.2376708984375
v 43.152610778808594 1026.06005859375 183.93545532226562
v 43.152610778808594 1025.7938232421875 183.63323974609375
v 43.152610778808594 1025.260986328125 183.02879333496094
v 43.152610778808594 1024.1939697265625 181.8198699951172
v 43.152610778808594 1019.7348022460938 176.78677368164062
v 43.152610778808594 1017.4976806640625 174.27310180664062
v 43.152610778808594 1016.377685546875 173.01742553710938
v 43.152610778808594 1015.2569580078125 171.76275634765625
v 43.152610778808594 1010.77099609375 166.7582550048828
v 43.152610778808594 1006.2864990234375 161.78250122070312
v 43.152610778808594 1006.0064697265625 161.47265625
v 43.152610778808594 1005.9364624023438 161.3952178955078
v 43.152610778808594 1005.9189453125 161.3758544921875
v 43.152610778808594 1005.9014892578125 161.35650634765625
v 43.152610778808594 1005.866455078125 161.3177947998047
v 43.152610778808594 1005.7265014648438 161.1630096435547
v 43.152610778808594 1005.1668090820312 160.54421997070312
v 43.152610778808594 1004.0478515625 159.308349609375
v 43.152610778808594 1001.8113403320312 156.84307861328125
v 43.152610778808594 997.3414306640625 151.9356689453125
v 43.152610778808594 996.2240600585938 150.71304321289062
v 43.152610778808594 995.665283203125 150.10231018066406
v 43.152610778808594 995.3858642578125 149.79705810546875
v 43.152610778808594 995.1064453125 149.4918975830078
v 43.152610778808594 992.869873046875 147.05320739746094
v 43.152610778808594 988.388427734375 142.18719482421875
v 43.152610778808594 986.1419677734375 139.75831604003906
v 43.152610778808594 985.57958984375 139.15138244628906
v 43.152610778808594 985.29833984375 138.84796142578125
v 43.152610778808594 985.0169067382812 138.54454040527344
v 43.152610778808594 983.8904418945312 137.3309783935547
v 43.152610778808594 979.3677368164062 132.47613525390625
v 43.152610778808594 977.0949096679688 130.04698181152344
v 43.152610778808594 975.9552612304688 128.83163452148438
v 43.152610778808594 975.3845825195312 128.22372436523438
v 43.152610778808594 975.0990600585938 127.91970825195312
v 43.152610778808594 974.9562377929688 127.7676773071289
v 43.152610778808594 974.8133544921875 127.61563873291016
v 43.152610778808594 970.219482421875 122.74169158935547
v 43.152610778808594 965.578369140625 117.84648132324219
v 43.152610778808594 964.4099731445312 116.61860656738281
v 43.152610778808594 963.2840576171875 115.43707275390625
v 43.152610778808594 961.0264892578125 113.07289123535156
v 43.152610778808594 956.4766235351562 108.3270034790039
v 43.152610778808594 954.1856079101562 105.94633483886719
v 43.152610778808594 953.036376953125 104.75431060791016
v 43.152610778808594 951.8848266601562 103.56134033203125
v 43.152610778808594 947.1209106445312 98.64043426513672
v 43.152610778808594 942.3263549804688 93.71000671386719
v 43.152610778808594 942.0258178710938 93.40164947509766
v 43.152610778808594 941.7251586914062 93.09329223632812
v 43.152610778808594 941.1236572265625 92.47655487060547
v 43.152610778808594 939.9197387695312 91.24309539794922
v 43.152610778808594 937.508544921875 88.77644348144531
v 43.152610778808594 932.6753540039062 83.84625244140625
v 43.152610778808594 922.9863891601562 74.0147933959961
v 43.152610778808594 920.5637817382812 71.56637573242188
v 43.152610778808594 919.9583129882812 70.95502471923828
v 43.152610778808594 919.8826293945312 70.87863159179688
v 43.152610778808594 919.8070068359375 70.80226135253906
v 43.152610778808594 919.6557006835938 70.6495590209961
v 43.152610778808594 919.3531494140625 70.3442153930664
v 43.152610778808594 918.1432495117188 69.12364959716797
v 43.152610778808594 913.3067626953125 64.25361633300781
v 43.152610778808594 903.637939453125 54.562294006347656
v 43.152610778808594 898.7989501953125 49.73494338989258
v 43.152610778808594 897.588134765625 48.52949905395508
v 43.152610778808594 896.3767700195312 47.324462890625
v 43.152610778808594 893.9517211914062 44.915077209472656
v 43.152610778808594 884.212890625 35.27964782714844
v 43.152610778808594 879.3143920898438 30.457904815673828
v 43.152610778808594 874.3967895507812 25.634111404418945
v 43.152610778808594 869.4616088867188 20.809812545776367
v 43.152610778808594 864.501220703125 15.976738929748535
v 43.152610778808594 854.5137329101562 6.289519309997559
v 43.152610778808594 852.0045776367188 3.8642847537994385
v 43.152610778808594 851.3765869140625 3.2578070163726807
v 43.152610778808594 851.0625610351562 2.9545445442199707
v 43.152610778808594 850.7484130859375 2.651270866394043
v 43.152610778808594 849.4912109375 1.4380909204483032
v 43.152610778808594 844.4537353515625 -3.41562819480896
v 43.152610778808594 834.3442993164062 -13.123549461364746
v 43.152610778808594 829.27685546875 -17.975095748901367
v 43.152610778808594 828.009033203125 -19.187503814697266
v 43.152610778808594 827.6920166015625 -19.490571975708008
v 43.152610778808594 827.375 -19.79361915588379
v 43.152610778808594 826.740966796875 -20.399635314941406
v 43.152610778808594 824.2044067382812 -22.822797775268555
v 43.152610778808594 814.05517578125 -32.49755096435547
v 43.152610778808594 803.9112548828125 -42.13410186767578
v 43.152610778808594 803.594482421875 -42.43449020385742
v 43.152610778808594 803.2777709960938 -42.734825134277344
v 43.152610778808594 802.6443481445312 -43.335323333740234
v 43.152610778808594 801.3778686523438 -44.5356330871582
v 43.152610778808594 798.8461303710938 -46.93342971801758
v 43.152610778808594 793.788818359375 -51.71704864501953
v 43.152610778808594 783.8104248046875 -61.13071823120117
v 43.152610778808594 781.3230590820312 -63.47213363647461
v 43.152610778808594 778.8212890625 -65.82502746582031
v 43.152610778808594 773.7760620117188 -70.56383514404297
v 43.152610778808594 768.7404174804688 -75.285888671875
v 43.152610778808594 763.7112426757812 -79.99484252929688
v 43.152610778808594 758.6853637695312 -84.69432830810547
v 43.152610778808594 756.1727294921875 -87.04165649414062
v 43.152610778808594 753.6595458984375 -89.38817596435547
v 43.152610778808594 743.5880126953125 -98.78046417236328
v 43.152610778808594 733.4674682617188 -108.20462799072266
v 43.152610778808594 732.19775390625 -109.38633728027344
v 43.152610778808594 731.5623779296875 -109.97756958007812
v 43.152610778808594 731.24462890625 -110.27327728271484
v 43.152610778808594 731.1651611328125 -110.34722137451172
v 43.152610778808594 731.1453247070312 -110.36570739746094
v 43.152610778808594 731.1403198242188 -110.37032318115234
v 43.152610778808594 731.1390991210938 -110.3714828491211
v 43.152610778808594 731.1378784179688 -110.37263488769531
v 43.152610778808594 731.1353759765625 -110.37493133544922
v 43.152610778808594 731.1255493164062 -110.38410949707031
v 43.152610778808594 731.0860595703125 -110.42082977294922
v 43.152610778808594 730.92822265625 -110.56771087646484
v 43.152610778808594 728.400390625 -112.91975402832031
v 43.152610778808594 723.3341674804688 -117.63212585449219
v 43.152610778808594 718.2596435546875 -122.34978485107422
v 43.152610778808594 715.721435546875 -124.70842742919922
v 43.152610778808594 714.4524536132812 -125.88732147216797
v 43.152610778808594 713.8180541992188 -126.47661590576172
v 43.152610778808594 713.5008544921875 -126.7712173461914
v 43.152610778808594 713.1837158203125 -127.06578826904297
v 36.4786491394043 1213.3343505859375 489.1066589355469
v 36.47947311401367 1214.4722900390625 493.1317443847656
v 36.476993560791016 1210.93212890625 481.0419006347656
v 29.78600311279297 1212.337158203125 485.0872497558594
v 36.47781753540039 1212.1544189453125 485.0745544433594
v 29.781511306762695 1205.8203125 465.0091857910156
v 16.388534545898438 1208.9967041015625 473.0435485839844
v 29.78322982788086 1208.5487060546875 473.0110778808594
v 16.378950119018555 1195.115478515625 436.0789489746094
v -10.430888175964355 1202.1475830078125 450.5257568359375
v 16.382339477539062 1200.89453125 450.4373779296875
v 39.82177734375 1210.8482666015625 481.03594970703125
v 36.4774055480957 1211.548583984375 483.0578918457031
v 39.822540283203125 1212.071533203125 485.0687561035156
v 39.82215881347656 1211.4652099609375 483.052001953125
v 36.47541809082031 1208.3597412109375 472.9972229003906
v 29.784130096435547 1209.853759765625 477.0284729003906
v 36.476192474365234 1209.6668701171875 477.0149841308594
v 39.8210334777832 1209.58203125 477.00885009765625
v 36.47658920288086 1210.3048095703125 479.02740478515625
v 39.82140350341797 1210.220458984375 479.0213623046875
v 41.493534088134766 1210.180419921875 479.0184631347656
v 39.821590423583984 1210.5357666015625 480.0284118652344
v 41.493892669677734 1210.8084716796875 481.0331115722656
v 41.49371337890625 1210.495849609375 480.0255432128906
v 42.329708099365234 1210.476318359375 480.024169921875
v 41.493804931640625 1210.6524658203125 480.5292663574219
v 42.32988739013672 1210.7890625 481.0317077636719
v 42.32979965209961 1210.633056640625 480.52789306640625
v 39.82196807861328 1211.1580810546875 482.0438537597656
v 41.494258880615234 1211.4256591796875 483.0492248535156
v 41.494075775146484 1211.118408203125 482.041015625
v 42.329532623291016 1210.1610107421875 479.0170593261719
v 41.493621826171875 1210.3385009765625 479.5219421386719
v 42.329620361328125 1210.3189697265625 479.5205383300781
v 41.49317932128906 1209.5418701171875 477.00592041015625
v 39.82121658325195 1209.902587890625 478.01483154296875
v 41.49335479736328 1209.8624267578125 478.0119323730469
v 39.82032012939453 1208.2740478515625 472.99090576171875
v 36.47580337524414 1209.0184326171875 475.0048828125
v 39.820674896240234 1208.9332275390625 474.9986572265625
v 36.47394943237305 1205.62744140625 464.9946594238281
v 29.78235626220703 1207.2034912109375 469.0041809082031
v 36.47467041015625 1207.0126953125 468.989990234375
v 29.778657913208008 1200.4205322265625 450.4006652832031
v 16.384235382080078 1203.6416015625 457.713623046875
v 29.780031204223633 1203.176025390625 457.6781921386719
v 42.32936096191406 1209.8428955078125 478.0105285644531
v 41.493446350097656 1210.0218505859375 478.51513671875
v 42.329444885253906 1210.0023193359375 478.51373291015625
v 29.77625274658203 1194.6234130859375 436.03997802734375
v 16.380573272705078 1198.0484619140625 443.22296142578125
v 29.777395248413086 1197.565673828125 443.1850891113281
v 16.374197006225586 1182.5615234375 408.0698547363281
v -10.441864013671875 1190.3720703125 422.1080017089844
v 16.376195907592773 1189.02001953125 422.00872802734375
v -10.44558334350586 1153.307373046875 350.5143737792969
v -63.97691345214844 1174.1357421875 379.9259033203125
v -10.448829650878906 1169.642333984375 379.7281494140625
v -64.0000991821289 1087.40380859375 249.20278930664062
v -170.47259521484375 1140.7901611328125 301.1984558105469
v -63.994789123535156 1125.85791015625 301.18505859375
v 36.46955108642578 1194.4156494140625 436.0233459472656
v 29.77680778503418 1196.104736328125 439.60321044921875
v 36.47049331665039 1197.36181640625 443.1689453125
v 36.470008850097656 1195.89892578125 439.5868225097656
v 29.774351119995117 1188.5076904296875 421.9678039550781
v 16.377485275268555 1192.1068115234375 429.0122985839844
v 29.775236129760742 1191.6048583984375 428.9722900390625
v 39.814964294433594 1194.3211669921875 436.01580810546875
v 36.46977615356445 1195.15966796875 437.8027038574219
v 39.81537628173828 1195.805419921875 439.579345703125
v 39.81516647338867 1195.0657958984375 437.795166015625
v 36.468719482421875 1191.392822265625 428.9552307128906
v 29.775728225708008 1193.123291015625 432.4964599609375
v 36.469120025634766 1192.913330078125 432.4796447753906
v 39.814579010009766 1192.8179931640625 432.4719543457031
v 36.46933364868164 1193.666748046875 434.24896240234375
v 39.81476974487305 1193.5718994140625 434.2413635253906
v 41.48719787597656 1193.5267333984375 434.23773193359375
v 39.81486511230469 1193.9471435546875 435.1279602050781
v 41.48738479614258 1194.2763671875 436.01220703125
v 41.48728942871094 1193.902099609375 435.12432861328125
v 41.48701858520508 1192.772705078125 432.46832275390625
v 39.81467056274414 1193.1954345703125 433.35601806640625
v 41.48710632324219 1193.1502685546875 433.3523864746094
v 39.81421661376953 1191.29638671875 428.94744873046875
v 36.46891784667969 1192.1553955078125 430.7152099609375
v 39.81439208984375 1192.0595703125 430.7074890136719
v 36.46800231933594 1188.291015625 421.9503479003906
v 29.774776458740234 1190.0667724609375 425.4639892578125
v 36.468345642089844 1189.8525390625 425.4467468261719
v 29.77300453186035 1182.0281982421875 408.02777099609375
v 16.375093460083008 1185.842529296875 415.0381164550781
v 29.773605346679688 1185.319580078125 414.9964294433594
v 16.372940063476562 1168.156005859375 379.6329345703125
v -10.44815731048584 1177.0902099609375 394.1200256347656
v 16.373075485229492 1175.6376953125 394.01837158203125
v 42.32325744628906 1193.1282958984375 433.3506164550781
v 41.487152099609375 1193.338623046875 433.7948913574219
v 42.32334518432617 1193.5047607421875 434.2359619140625
v 42.323299407958984 1193.316650390625 433.7931213378906
v 42.32316970825195 1192.7506103515625 432.4665222167969
v 41.487064361572266 1192.9615478515625 432.9101867675781
v 42.323211669921875 1192.9395751953125 432.9084167480469
v 41.48684310913086 1192.0140380859375 430.7038269042969
v 39.814483642578125 1192.4393310546875 431.5891418457031
v 41.48693084716797 1192.3939208984375 431.5854797363281
v 42.74127197265625 1192.9287109375 432.90753173828125
v 42.32323455810547 1193.033935546875 433.1294860839844
v 42.74131393432617 1193.117431640625 433.3497314453125
v 42.74129104614258 1193.0230712890625 433.12860107421875
v 42.9503173828125 1193.0177001953125 433.128173828125
v 42.741302490234375 1193.0701904296875 433.2391662597656
v 42.950340270996094 1193.112060546875 433.34930419921875
v 42.9503288269043 1193.0648193359375 433.23870849609375
v 42.323280334472656 1193.2225341796875 433.57183837890625
v 42.741355895996094 1193.3057861328125 433.7922668457031
v 42.741336822509766 1193.211669921875 433.5709533691406
v 43.054840087890625 1193.0621337890625 433.2384948730469
v 42.95033264160156 1193.08837890625 433.29400634765625
v 43.05485153198242 1193.109375 433.3490905761719
v 43.05484390258789 1193.085693359375 433.2937927246094
v 42.74132537841797 1193.16455078125 433.4603271484375
v 42.95035934448242 1193.206298828125 433.5705261230469
v 42.950347900390625 1193.1591796875 433.45989990234375
v 43.107093811035156 1193.060791015625 433.2384033203125
v 43.05484390258789 1193.073974609375 433.2661437988281
v 43.10710144042969 1193.0843505859375 433.293701171875
v 43.10709762573242 1193.0726318359375 433.26605224609375
v 43.05482864379883 1193.0150146484375 433.1279602050781
v 42.950321197509766 1193.041259765625 433.1834411621094
v 43.054832458496094 1193.03857421875 433.1832275390625
v 42.950294494628906 1192.92333984375 432.9071044921875
v 42.74128341674805 1192.9759521484375 433.01806640625
v 42.9503059387207 1192.970458984375 433.01763916015625
v 42.74123001098633 1192.73974609375 432.4656677246094
v 42.32319259643555 1192.8450927734375 432.68743896484375
v 42.741249084472656 1192.834228515625 432.6865539550781
v 42.32308578491211 1192.371826171875 431.5837097167969
v 41.48697280883789 1192.5833740234375 432.0267333984375
v 42.32312774658203 1192.561279296875 432.02496337890625
v 43.13322448730469 1193.0718994140625 433.2659912109375
v 43.10709762573242 1193.0784912109375 433.2798767089844
v 43.13322830200195 1193.083740234375 433.29364013671875
v 43.13322830200195 1193.077880859375 433.2798156738281
v 43.054847717285156 1193.0975341796875 433.3214416503906
v 43.10710525512695 1193.1080322265625 433.3489685058594
v 43.10710144042969 1193.09619140625 433.3213195800781
v 42.95034408569336 1193.1356201171875 433.40460205078125
v 43.05485916137695 1193.156494140625 433.4596862792969
v 43.05485534667969 1193.1329345703125 433.4043884277344
v 43.14628982543945 1193.0716552734375 433.2659606933594
v 43.13322448730469 1193.074951171875 433.27288818359375
v 43.14628982543945 1193.0775146484375 433.27978515625
v 43.14628982543945 1193.0745849609375 433.2728576660156
v 43.13322067260742 1193.0601806640625 433.23834228515625
v 43.10709762573242 1193.0667724609375 433.2522277832031
v 43.13322448730469 1193.0660400390625 433.2521667480469
v 43.10708999633789 1193.0372314453125 433.18310546875
v 43.05483627319336 1193.0504150390625 433.21087646484375
v 43.107093811035156 1193.049072265625 433.21075439453125
v 43.14628601074219 1193.065673828125 433.25213623046875
v 43.13322448730469 1193.0689697265625 433.2590637207031
v 43.14628982543945 1193.0687255859375 433.2590637207031
v 43.14628982543945 1193.0701904296875 433.26251220703125
v 43.14955520629883 1193.068603515625 433.259033203125
v 43.14628982543945 1193.0694580078125 433.2607727050781
v 43.14955520629883 1193.070068359375 433.26251220703125
v 43.14955520629883 1193.0693359375 433.2607727050781
v 43.14628982543945 1193.067138671875 433.2555847167969
v 43.14628601074219 1193.059814453125 433.2383117675781
v 43.13322448730469 1193.0631103515625 433.2452697753906
v 43.14628601074219 1193.062744140625 433.2452392578125
v 43.13322067260742 1193.04833984375 433.210693359375
v 43.107093811035156 1193.054931640625 433.2245788574219
v 43.13322067260742 1193.0543212890625 433.2245178222656
v 43.13975524902344 1193.06884765625 433.2590637207031
v 43.13322448730469 1193.0704345703125 433.2625427246094
v 43.13975524902344 1193.07177734375 433.2659606933594
v 43.13975524902344 1193.0703125 433.26251220703125
v 43.12015914916992 1193.06640625 433.252197265625
v 43.10709762573242 1193.0697021484375 433.2591247558594
v 43.12016296386719 1193.072265625 433.2660217285156
v 43.12015914916992 1193.0693359375 433.25909423828125
v 43.08096694946289 1193.0615234375 433.23846435546875
v 43.054840087890625 1193.068115234375 433.2523193359375
v 43.080970764160156 1193.0732421875 433.2660827636719
v 43.08096694946289 1193.0673828125 433.2522888183594
v 43.00258255004883 1193.0634765625 433.2386169433594
v 42.95033264160156 1193.07666015625 433.266357421875
v 43.00259017944336 1193.0870361328125 433.2939147949219
v 43.002586364746094 1193.0753173828125 433.2662658691406
v 42.84581756591797 1193.0675048828125 433.23895263671875
v 42.741310119628906 1193.0938720703125 433.29443359375
v 42.8458251953125 1193.11474609375 433.3495178222656
v 42.845821380615234 1193.0911865234375 433.2942199707031
v 42.532264709472656 1193.0284423828125 433.1290283203125
v 42.323246002197266 1193.0810546875 433.2400207519531
v 42.53228759765625 1193.122802734375 433.35015869140625
v 42.53227615356445 1193.07568359375 433.2395935058594
v 41.90514373779297 1192.9505615234375 432.9093017578125
v 41.487083435058594 1193.055908203125 433.1312561035156
v 41.905189514160156 1193.13916015625 433.35150146484375
v 41.90516662597656 1193.044921875 433.13037109375
v 40.650821685791016 1192.795166015625 432.4701232910156
v 39.81462478637695 1193.0068359375 432.913818359375
v 40.65091323852539 1193.1727294921875 433.35418701171875
v 40.6508674621582 1192.9840087890625 432.9119873046875
v 38.14194869995117 1192.8648681640625 432.4757385253906
v 36.4692268371582 1193.2906494140625 433.3636474609375
v 38.142147064208984 1193.6185302734375 434.2450866699219
v 38.14204788208008 1193.2423095703125 433.3597717285156
v 33.12285614013672 1193.01513671875 432.48779296875
v 29.775985717773438 1193.8756103515625 434.26568603515625
v 33.12333297729492 1194.516357421875 436.03143310546875
v 33.12308883666992 1193.76806640625 434.257080078125
v 23.07809829711914 1191.8427734375 428.9913330078125
v 16.378196716308594 1193.6202392578125 432.53594970703125
v 23.07932472229004 1194.856689453125 436.05853271484375
v 23.078693389892578 1193.3587646484375 432.5152893066406
v 2.968034029006958 1189.6405029296875 422.0562438964844
v -10.43946647644043 1193.43212890625 429.1091003417969
v 2.97184157371521 1195.7117919921875 436.1241149902344
v 2.9698286056518555 1192.71484375 429.0586853027344
v -37.24033737182617 1185.8455810546875 408.283447265625
v -63.950931549072266 1194.4891357421875 422.3092041015625
v -37.225486755371094 1198.156005859375 436.2728576660156
v -37.23356628417969 1192.181640625 422.2145080566406
v -117.33295440673828 1194.9051513671875 408.48291015625
v -170.65716552734375 1216.3275146484375 436.2887878417969
v -117.33544921875 1206.8084716796875 436.4158935546875
v 43.14955520629883 1193.067138671875 433.2555847167969
v 43.14628982543945 1193.06787109375 433.25732421875
v 43.14955520629883 1193.06787109375 433.25732421875
v 43.13975524902344 1193.06591796875 433.2521667480469
v 43.13322448730469 1193.0675048828125 433.255615234375
v 43.13975524902344 1193.0673828125 433.255615234375
v 43.14628601074219 1193.064208984375 433.2486877441406
v 29.772262573242188 1175.0858154296875 393.9766540527344
v 16.373519897460938 1179.1641845703125 401.0734558105469
v 29.772554397583008 1178.62109375 401.03131103515625
v 29.772174835205078 1167.5909423828125 379.5937805175781
v 16.372882843017578 1171.9693603515625 386.8742370605469
v 29.772136688232422 1171.4100341796875 386.8335266113281
v 16.375192642211914 1151.790283203125 350.4377136230469
v -10.447854995727539 1161.666259765625 365.0875549316406
v 16.373714447021484 1160.1600341796875 365.00225830078125
v -10.432360649108887 1121.2530517578125 301.0174560546875
v -63.991539001464844 1142.48681640625 325.7436218261719
v -10.439456939697266 1137.879150390625 325.5928649902344
v 36.466243743896484 1171.17333984375 386.8161926269531
v 29.772178649902344 1173.2662353515625 390.4179992675781
v 36.466339111328125 1174.852294921875 393.9588928222656
v 36.46627426147461 1173.031005859375 390.4004211425781
v 39.812049865722656 1172.9239501953125 390.39239501953125
v 36.466304779052734 1173.9461669921875 392.1826477050781
v 39.812103271484375 1174.74609375 393.9508056640625
v 39.81207275390625 1173.8394775390625 392.1745910644531
v 29.772388458251953 1176.8702392578125 397.51318359375
v 36.46656799316406 1178.391357421875 401.01336669921875
v 36.46643829345703 1176.6385498046875 397.49530029296875
v 39.8120231628418 1171.0655517578125 386.8083190917969
v 36.46625518798828 1172.1068115234375 388.6116943359375
v 39.81203079223633 1171.9993896484375 388.6037292480469
v 36.466278076171875 1167.3515625 379.5771179199219
v 29.772136688232422 1169.517578125 383.2239074707031
v 36.466243743896484 1169.2794189453125 383.2068786621094
v 29.772672653198242 1159.5869140625 364.9670715332031
v 16.373226165771484 1164.213623046875 372.3291015625
v 29.772357940673828 1163.64404296875 372.2918701171875
v 16.3789005279541 1136.353271484375 325.5162353515625
v -10.442766189575195 1145.681640625 337.8868103027344
v 16.376924514770508 1144.1593017578125 337.8127746582031
v 29.774717330932617 1143.5797119140625 337.7820129394531
v 16.376018524169922 1147.9921875 344.07562255859375
v 29.773618698120117 1151.212890625 350.4059143066406
v 29.77414321899414 1147.41357421875 344.0446472167969
v 36.46828842163086 1143.333984375 337.7688903808594
v 29.774425506591797 1145.5008544921875 340.90057373046875
v 36.467838287353516 1147.1683349609375 344.0314636230469
v 36.46805953979492 1145.25537109375 340.887451171875
v 29.775957107543945 1135.772216796875 325.4844665527344
v 16.377891540527344 1140.2850341796875 331.63702392578125
v 29.775325775146484 1139.70458984375 331.6059265136719
v 16.382997512817383 1119.7257080078125 300.936279296875
v -10.435905456542969 1129.7796630859375 313.3907470703125
v 16.38097381591797 1128.2520751953125 313.310302734375
v -10.420365333557129 1082.8995361328125 249.1112518310547
v -63.99767303466797 1107.23876953125 275.3067626953125
v -10.425993919372559 1102.668212890625 275.1746826171875
v -63.996192932128906 1004.4541015625 152.8472137451172
v -170.369873046875 1060.382080078125 201.49124145507812
v -64.00121307373047 1047.9259033203125 201.50001525878906
v 39.81364059448242 1145.1435546875 340.8814697265625
v 36.46794891357422 1146.2127685546875 342.45611572265625
v 39.813446044921875 1147.056640625 344.02545166015625
v 39.81354522705078 1146.10107421875 342.4501037597656
v 29.773874282836914 1149.318115234375 347.2142028808594
v 36.46742630004883 1150.9681396484375 350.3923645019531
v 36.467628479003906 1149.0731201171875 347.20086669921875
v 16.374378204345703 1156.012939453125 357.69195556640625
v 29.77309799194336 1155.4373779296875 357.6586608886719
v 41.486053466796875 1146.0478515625 342.447265625
v 39.81349563598633 1146.5791015625 343.2369689941406
v 41.485965728759766 1147.0035400390625 344.0225830078125
v 41.48600769042969 1146.5260009765625 343.2341003417969
v 36.46773147583008 1148.121826171875 345.6131896972656
v 39.81325912475586 1148.9615478515625 347.19476318359375
v 39.8133544921875 1148.01025390625 345.6071472167969
v 42.322242736816406 1146.02197265625 342.4458923339844
v 41.48603057861328 1146.2869873046875 342.8404846191406
v 42.32219696044922 1146.5001220703125 343.2326965332031
v 42.32221984863281 1146.2611083984375 342.8390808105469
v 41.486148834228516 1145.09033203125 340.8786315917969
v 39.81359100341797 1145.62255859375 341.66497802734375
v 41.48609924316406 1145.5693359375 341.662109375
v 39.8138427734375 1143.2220458984375 337.7629089355469
v 36.468170166015625 1144.2957763671875 339.3252258300781
v 39.813743591308594 1144.1839599609375 339.3192443847656
v 36.4687614440918 1139.45849609375 331.5926513671875
v 29.7750186920166 1141.6483154296875 334.68511962890625
v 36.46852111816406 1141.40234375 334.6719665527344
v 42.740318298339844 1146.00927734375 342.4451904296875
v 42.32223129272461 1146.1416015625 342.6424255371094
v 42.74029541015625 1146.248291015625 342.8384094238281
v 42.74030685424805 1146.1287841796875 342.6417541503906
v 42.32228469848633 1145.54345703125 341.6607360839844
v 41.48607635498047 1145.8087158203125 342.0544738769531
v 42.322265625 1145.7828369140625 342.0531005859375
v 42.74034118652344 1145.77001953125 342.0523986816406
v 42.3222541809082 1145.9024658203125 342.2494201660156
v 42.74032974243164 1145.8896484375 342.2487487792969
v 42.949363708496094 1145.88330078125 342.2484130859375
v 42.74032211303711 1145.949462890625 342.3469543457031
v 42.9493522644043 1146.0029296875 342.4448547363281
v 42.94935607910156 1145.943115234375 342.34661865234375
v 43.05387878417969 1145.880126953125 342.24822998046875
v 42.94935989379883 1145.9132080078125 342.2975158691406
v 43.05387496948242 1145.93994140625 342.346435546875
v 43.05387496948242 1145.9100341796875 342.2973327636719
v 42.94937515258789 1145.763671875 342.05206298828125
v 42.740333557128906 1145.829833984375 342.15057373046875
v 42.94936752319336 1145.823486328125 342.1502380371094
v 42.740360260009766 1145.53076171875 341.6600646972656
v 42.32227325439453 1145.6632080078125 341.85687255859375
v 42.740352630615234 1145.650390625 341.8561706542969
v 42.322330474853516 1145.064453125 340.87725830078125
v 41.48612594604492 1145.3299560546875 341.2701721191406
v 42.32230758666992 1145.3040771484375 341.268798828125
v 41.48624038696289 1144.1307373046875 339.31640625
v 39.813690185546875 1144.6640625 340.099609375
v 41.4861946105957 1144.61083984375 340.0967712402344
v 43.106136322021484 1145.8785400390625 342.2481384277344
v 43.05387878417969 1145.8951416015625 342.2727966308594
v 43.10613250732422 1145.908447265625 342.2972412109375
v 43.106136322021484 1145.8935546875 342.272705078125
v 43.05388259887695 1145.8203125 342.1500549316406
v 42.949363708496094 1145.8533935546875 342.1993103027344
v 43.05388259887695 1145.8502197265625 342.19915771484375
v 43.13226318359375 1145.8927001953125 342.2726745605469
v 43.10613250732422 1145.9010009765625 342.28497314453125
v 43.13226318359375 1145.90771484375 342.2972106933594
v 43.13226318359375 1145.9002685546875 342.2849426269531
v 43.05387496948242 1145.925048828125 342.3218994140625
v 43.10613250732422 1145.9383544921875 342.34637451171875
v 43.10613250732422 1145.9234619140625 342.3218078613281
v 42.94935607910156 1145.9730224609375 342.3957214355469
v 43.05386734008789 1145.999755859375 342.4446716308594
v 43.053871154785156 1145.9698486328125 342.39556884765625
v 42.74031066894531 1146.069091796875 342.54345703125
v 42.9493408203125 1146.1224365234375 342.6413879394531
v 42.949344635009766 1146.062744140625 342.5431213378906
v 43.145328521728516 1145.892333984375 342.27264404296875
v 43.13226318359375 1145.896484375 342.27880859375
v 43.145328521728516 1145.8997802734375 342.284912109375
v 43.145328521728516 1145.8961181640625 342.2787780761719
v 43.132266998291016 1145.8778076171875 342.24810791015625
v 43.106136322021484 1145.8861083984375 342.26043701171875
v 43.13226318359375 1145.88525390625 342.2603759765625
v 43.10614013671875 1145.8486328125 342.1990661621094
v 43.05387878417969 1145.865234375 342.22369384765625
v 43.106136322021484 1145.8636474609375 342.2236022949219
v 43.145328521728516 1145.8941650390625 342.27569580078125
v 43.151859283447266 1145.89404296875 342.27569580078125
v 43.145328521728516 1145.8848876953125 342.2603759765625
v 43.13226318359375 1145.8890380859375 342.2665100097656
v 43.145328521728516 1145.8885498046875 342.2665100097656
v 43.151859283447266 1145.888427734375 342.2664794921875
v 43.145328521728516 1145.8905029296875 342.2695617675781
v 39.81425857543945 1139.346435546875 331.5866394042969
v 36.4686393737793 1140.43212890625 333.13037109375
v 39.814048767089844 1141.2904052734375 334.66595458984375
v 39.81415557861328 1140.320068359375 333.1243591308594
v 36.4692497253418 1135.5257568359375 325.470947265625
v 29.775638580322266 1137.74658203125 328.5403747558594
v 36.4690055847168 1137.5003662109375 328.5270080566406
v 29.777238845825195 1127.6702880859375 313.277099609375
v 16.379934310913086 1132.34765625 319.4180908203125
v 29.77659797668457 1131.7662353515625 319.3855895996094
v 41.48672866821289 1139.2930908203125 331.583740234375
v 39.814208984375 1139.833740234375 332.35504150390625
v 41.486629486083984 1140.266845703125 333.1214904785156
v 41.48667907714844 1139.7803955078125 332.3521728515625
v 39.81447219848633 1137.38818359375 328.5209045410156
v 36.4688835144043 1138.4813232421875 330.0583801269531
v 39.81436538696289 1138.3692626953125 330.05230712890625
v 41.4868278503418 1138.31591796875 330.0494384765625
v 39.81431198120117 1138.8582763671875 330.8190612792969
v 41.486778259277344 1138.804931640625 330.8161926269531
v 42.322940826416016 1138.779052734375 330.8147888183594
v 41.486751556396484 1139.0491943359375 331.1998596191406
v 42.32289123535156 1139.2672119140625 331.5823669433594
v 42.32291793823242 1139.023193359375 331.198486328125
v 42.32299041748047 1138.2899169921875 330.04803466796875
v 41.48680114746094 1138.560546875 330.4327087402344
v 42.32296371459961 1138.5345458984375 330.4313049316406
v 41.4869270324707 1137.3348388671875 328.51800537109375
v 39.81441879272461 1137.879150390625 329.2862854003906
v 41.48687744140625 1137.825927734375 329.28338623046875
v 39.81468963623047 1135.41357421875 325.46478271484375
v 36.4691276550293 1136.5152587890625 326.9980163574219
v 39.81458282470703 1136.403076171875 326.99188232421875
v 36.46974563598633 1131.51953125 319.3717041015625
v 29.776277542114258 1133.7794189453125 322.4342346191406
v 36.46949768066406 1133.5328369140625 322.4205322265625
v 39.815120697021484 1131.4071044921875 319.36541748046875
v 36.46961975097656 1132.52880859375 320.89617919921875
v 39.81490707397461 1133.4205322265625 322.4142761230469
v 39.81501388549805 1132.41650390625 320.889892578125
v 36.47023391723633 1127.4234619140625 313.262939453125
v 29.776920318603516 1129.73046875 316.33453369140625
v 36.46998977661133 1129.4837646484375 316.3205261230469
v 29.778461456298828 1119.1436767578125 300.90289306640625
v 16.382001876831055 1124.0501708984375 307.16046142578125
v 29.777862548828125 1123.4681396484375 307.12689208984375
v 16.38648223876953 1101.1473388671875 275.1104736328125
v -10.429047584533691 1112.1910400390625 288.24810791015625
v 16.38484001159668 1110.665771484375 288.1729736328125
v 41.48753356933594 1131.353759765625 319.3623962402344
v 39.815067291259766 1131.9124755859375 320.127685546875
v 41.487430572509766 1132.3631591796875 320.88690185546875
v 41.48748016357422 1131.859130859375 320.12469482421875
v 39.81533432006836 1129.371337890625 316.31414794921875
v 36.46986770629883 1130.5045166015625 317.8466796875
v 39.81522750854492 1130.3922119140625 317.84033203125
v 42.32366943359375 1131.32763671875 319.3609313964844
v 41.48750686645508 1131.6065673828125 319.7435607910156
v 42.32362365722656 1131.8331298828125 320.12322998046875
v 42.323646545410156 1131.58056640625 319.7420959472656
v 41.487632751464844 1130.3387451171875 317.8373107910156
v 39.8151741027832 1130.900390625 318.60296630859375
v 41.48758316040039 1130.846923828125 318.5999450683594
v 42.74169921875 1131.5677490234375 319.7413635253906
v 42.32363510131836 1131.7069091796875 319.93267822265625
v 42.741676330566406 1131.8201904296875 320.1225280761719
v 42.7416877746582 1131.6939697265625 319.93194580078125
v 41.487457275390625 1132.111328125 320.50579833984375
v 42.32357406616211 1132.3370361328125 320.88543701171875
v 42.3235969543457 1132.085205078125 320.5043640136719
v 39.81496047973633 1132.919189453125 321.6520690917969
v 41.48733139038086 1133.3671875 322.41131591796875
v 41.48738098144531 1132.8658447265625 321.6490783691406
v 36.4693717956543 1134.53173828125 323.9452819824219
v 39.814796447753906 1134.41943359375 323.9390869140625
v 42.741722106933594 1131.3148193359375 319.3601989746094
v 42.32365798950195 1131.4542236328125 319.551513671875
v 42.7417106628418 1131.4412841796875 319.5508117675781
v 42.3237190246582 1130.8209228515625 318.5984802246094
v 41.48755645751953 1131.1004638671875 318.981201171875
v 42.32369613647461 1131.074462890625 318.979736328125
v 36.470706939697266 1123.22119140625 307.11260986328125
v 29.77755355834961 1125.58349609375 310.2091979980469
v 36.47047424316406 1125.3365478515625 310.1949768066406
v 36.47115707397461 1118.896728515625 300.8886413574219
v 29.778165817260742 1121.322265625 304.026123046875
v 36.4709358215332 1121.0753173828125 304.0118408203125
v 29.7795352935791 1110.0843505859375 288.1421203613281
v 16.383947372436523 1115.26318359375 294.60693359375
v 29.779020309448242 1114.681396484375 294.574462890625
v 36.4715690612793 1114.4344482421875 294.56060791015625
v 29.778745651245117 1116.930419921875 297.7531433105469
v 36.47136688232422 1116.6834716796875 297.73907470703125
v 39.816524505615234 1116.5709228515625 297.732666015625
v 36.47126388549805 1117.7945556640625 299.3174133300781
v 39.81634521484375 1118.7841796875 300.8821716308594
v 39.816436767578125 1117.6820068359375 299.31097412109375
v 39.81669616699219 1114.3218994140625 294.5543212890625
v 36.47146987915039 1115.5633544921875 296.1533508300781
v 39.816612243652344 1115.4508056640625 296.1470031738281
v 36.471946716308594 1109.8375244140625 288.12896728515625
v 29.77928352355957 1112.3984375 291.3695068359375
v 36.471763610839844 1112.151611328125 291.3559875488281
v 29.78044891357422 1100.5672607421875 275.0840759277344
v 16.385684967041016 1105.95361328125 281.6639404296875
v 29.780010223388672 1105.3726806640625 281.63519287109375
v 16.389326095581055 1081.396484375 249.06484985351562
v -10.423123359680176 1092.849365234375 262.0459899902344
v 16.387964248657227 1091.335693359375 261.992919921875
v -10.409574508666992 1043.6224365234375 201.40286254882812
v -64.00141143798828 1068.15771484375 225.35020446777344
v -10.415156364440918 1063.743896484375 225.2532958984375
v 36.47228240966797 1105.1260986328125 281.6229248046875
v 29.77977752685547 1107.7415771484375 284.89605712890625
v 36.47211837768555 1107.494873046875 284.88336181640625
v 39.81715774536133 1107.3824462890625 284.8775634765625
v 36.4720344543457 1108.6695556640625 286.50823974609375
v 39.817012786865234 1109.72509765625 288.12298583984375
v 39.81708526611328 1108.5572509765625 286.5023498535156
v 41.489349365234375 1108.503662109375 286.4995422363281
v 39.81705093383789 1109.1419677734375 287.3132019042969
v 41.48928451538086 1109.671630859375 288.1201171875
v 41.489315032958984 1109.0885009765625 287.3103942871094
v 36.47185516357422 1110.998291015625 289.7450256347656
v 39.81686019897461 1112.0391845703125 291.3498229980469
v 39.81693649291992 1110.8858642578125 289.73895263671875
v 42.325416564941406 1108.4776611328125 286.4981689453125
v 41.48933410644531 1108.79638671875 286.90509033203125
v 42.32538604736328 1109.0625 287.30902099609375
v 42.325401306152344 1108.770263671875 286.9037170410156
v 41.48941421508789 1107.3289794921875 284.8747863769531
v 39.81712341308594 1107.970703125 285.6904602050781
v 41.489383697509766 1107.917236328125 285.6876525878906
v 39.81729507446289 1105.0137939453125 281.6173400878906
v 36.47220230102539 1106.3135986328125 283.2547607421875
v 39.81722640991211 1106.201171875 283.2490539550781
v 36.47258758544922 1100.321044921875 275.07281494140625
v 29.78023338317871 1102.98046875 278.3632507324219
v 36.47243881225586 1102.7340087890625 278.35150146484375
v 29.781225204467773 1090.7581787109375 261.9710388183594
v 16.38724136352539 1096.267822265625 268.54327392578125
v 29.780851364135742 1095.6888427734375 268.51922607421875
v 42.3254508972168 1107.89111328125 285.6863098144531
v 41.4893684387207 1108.210693359375 286.0937194824219
v 42.325435638427734 1108.1845703125 286.0923767089844
v 42.74345397949219 1108.1717529296875 286.0917053222656
v 42.3254280090332 1108.3311767578125 286.2953186035156
v 42.743438720703125 1108.46484375 286.49749755859375
v 42.743446350097656 1108.318359375 286.2946472167969
v 42.952457427978516 1108.1654052734375 286.09136962890625
v 42.74345016479492 1108.2451171875 286.19317626953125
v 42.952449798583984 1108.3118896484375 286.2943115234375
v 42.95245361328125 1108.2386474609375 286.1928405761719
v 42.74346923828125 1107.8782958984375 285.6856384277344
v 42.325443267822266 1108.0379638671875 285.8893737792969
v 42.74346160888672 1108.0250244140625 285.8887023925781
v 42.32548141479492 1107.302978515625 284.8734436035156
v 41.48939895629883 1107.623291015625 285.2813415527344
v 42.32546615600586 1107.5972900390625 285.2799987792969
v 41.489479064941406 1106.147705078125 283.2463684082031
v 39.81719207763672 1106.7926025390625 284.0637512207031
v 41.48944854736328 1106.7391357421875 284.0610046386719
v 39.81754684448242 1100.2088623046875 275.06768798828125
v 36.47251510620117 1101.5299072265625 276.71282958984375
v 39.81742477416992 1102.6217041015625 278.34613037109375
v 39.81748580932617 1101.417724609375 276.70758056640625
v 36.472862243652344 1095.4429931640625 268.50897216796875
v 29.78065299987793 1098.1358642578125 271.80145263671875
v 36.47272872924805 1097.889892578125 271.7907409667969
v 41.48976516723633 1100.1553955078125 275.0652770996094
v 39.8175163269043 1100.8138427734375 275.8877868652344
v 41.48971176147461 1101.3642578125 276.705078125
v 41.48973846435547 1100.760498046875 275.88531494140625
v 39.817657470703125 1097.7777099609375 271.78582763671875
v 36.472660064697266 1099.1075439453125 273.4319763183594
v 39.817604064941406 1098.995361328125 273.4269714355469
v 42.32581329345703 1100.12939453125 275.0640869140625
v 41.489749908447266 1100.4581298828125 275.4753112792969
v 42.32578659057617 1100.7344970703125 275.8841247558594
v 42.32579803466797 1100.43212890625 275.47412109375
v 41.48981475830078 1098.9420166015625 273.4245910644531
v 39.81757354736328 1099.6026611328125 274.2474060058594
v 41.48979187011719 1099.54931640625 274.2449951171875
v 42.325836181640625 1099.5233154296875 274.24383544921875
v 41.489776611328125 1099.8525390625 274.6551513671875
v 42.32582473754883 1099.8265380859375 274.6539611816406
v 42.743831634521484 1099.813720703125 274.65338134765625
v 42.3258171081543 1099.97802734375 274.8590393066406
v 42.74382019042969 1100.1165771484375 275.0634765625
v 42.74382781982422 1099.9652099609375 274.85845947265625
v 42.74384307861328 1099.510498046875 274.2432556152344
v 42.325828552246094 1099.6749267578125 274.44891357421875
v 42.743839263916016 1099.662109375 274.4483337402344
v 42.32585906982422 1098.916015625 273.42340087890625
v 41.489803314208984 1099.245849609375 273.8348083496094
v 42.32584762573242 1099.2198486328125 273.8336486816406
v 41.489864349365234 1097.724365234375 271.78350830078125
v 39.817630767822266 1098.3870849609375 272.6064147949219
v 41.48984146118164 1098.333740234375 272.60406494140625
v 39.81776428222656 1095.3310546875 268.5043029785156
v 36.47279739379883 1096.668212890625 270.1495666503906
v 39.81771469116211 1096.55615234375 270.1448059082031
v 36.473106384277344 1090.512939453125 261.9617004394531
v 29.781042098999023 1093.228759765625 265.24114990234375
v 36.47298812866211 1092.983154296875 265.23138427734375
v 29.781888961791992 1080.8226318359375 249.04563903808594
v 16.38865852355957 1086.371826171875 255.49014282226562
v 29.78156852722168 1085.7960205078125 255.4699249267578
v 16.391721725463867 1062.269287109375 225.20448303222656
v -10.417776107788086 1073.3885498046875 237.10250854492188
v 16.39054298400879 1071.8985595703125 237.0563507080078
v 39.81786346435547 1092.8712158203125 265.2269287109375
v 36.47292709350586 1094.214599609375 266.8694152832031
v 39.81781768798828 1094.1026611328125 266.8648681640625
v 39.81795883178711 1090.401123046875 261.95745849609375
v 36.47304916381836 1091.7491455078125 263.5953063964844
v 39.81791305541992 1091.6373291015625 263.5909729003906
v 36.47332763671875 1085.5513916015625 255.46131896972656
v 29.781400680541992 1088.2796630859375 258.7126770019531
v 36.47322082519531 1088.0347900390625 258.7037658691406
v 41.490089416503906 1091.5841064453125 263.5888977050781
v 39.81789016723633 1092.254638671875 264.4086608886719
v 41.490047454833984 1092.8179931640625 265.22479248046875
v 41.49007034301758 1092.201416015625 264.4065856933594
v 42.32611846923828 1091.5582275390625 263.587890625
v 41.49007797241211 1091.892822265625 263.9976501464844
v 42.32609939575195 1092.175537109375 264.4055480957031
v 42.326107025146484 1091.866943359375 263.99664306640625
v 41.49013137817383 1090.3480224609375 261.9554138183594
v 39.817935943603516 1091.01953125 262.77386474609375
v 41.490108489990234 1090.96630859375 262.7718200683594
v 39.81804656982422 1087.9232177734375 258.6996765136719
v 36.47316360473633 1089.274658203125 260.3310241699219
v 39.81800079345703 1089.1629638671875 260.3268737792969
v 42.32613754272461 1090.9404296875 262.77081298828125
v 41.4901008605957 1091.2752685546875 263.1802673339844
v 42.32612609863281 1091.2493896484375 263.17926025390625
v 36.4735221862793 1080.5789794921875 249.03746032714844
v 29.7817325592041 1083.3095703125 252.2465362548828
v 36.473426818847656 1083.0654296875 252.23817443847656
v 29.78244400024414 1071.3297119140625 237.03721618652344
v 16.389942169189453 1076.6571044921875 243.03131103515625
v 29.782175064086914 1076.0855712890625 243.01239013671875
v 39.818199157714844 1082.9542236328125 252.234375
v 36.4733772277832 1084.30859375 253.8470916748047
v 39.8181266784668 1085.4400634765625 255.45738220214844
v 39.81816482543945 1084.197265625 253.84323120117188
v 41.49033737182617 1082.9013671875 252.23255920410156
v 39.81818389892578 1083.5758056640625 253.03811645507812
v 41.49030685424805 1084.144287109375 253.84140014648438
v 41.49032211303711 1083.5228271484375 253.03628540039062
v 39.81827163696289 1080.468017578125 249.0337371826172
v 36.47347640991211 1081.822265625 250.63499450683594
v 39.8182373046875 1081.711181640625 250.6312255859375
v 36.47368621826172 1075.8428955078125 243.0043182373047
v 29.782033920288086 1078.45556640625 246.0205535888672
v 36.47360610961914 1078.21240234375 246.012451171875
v 42.32634735107422 1082.87548828125 252.23167419433594
v 41.49032974243164 1083.2120361328125 252.63424682617188
v 42.326332092285156 1083.4970703125 253.035400390625
v 42.32633972167969 1083.186279296875 252.63336181640625
v 41.4903678894043 1081.6583251953125 250.62942504882812
v 39.81821823120117 1082.3326416015625 251.43206787109375
v 41.490352630615234 1082.27978515625 251.43026733398438
v 42.326358795166016 1082.2540283203125 251.4293975830078
v 41.4903450012207 1082.590576171875 251.83123779296875
v 42.32635498046875 1082.5648193359375 251.83035278320312
v 42.74434280395508 1082.552001953125 251.8299102783203
v 42.326351165771484 1082.7200927734375 252.03097534179688
v 42.74433517456055 1082.86279296875 252.2312469482422
v 42.74433898925781 1082.7073974609375 252.03053283691406
v 42.74435043334961 1082.2413330078125 251.428955078125
v 42.326358795166016 1082.409423828125 251.62982177734375
v 42.744346618652344 1082.396728515625 251.62939453125
v 42.32637405395508 1081.632568359375 250.62855529785156
v 41.490360260009766 1081.968994140625 251.02967834472656
v 42.32636642456055 1081.9432373046875 251.02879333496094
v 41.49039840698242 1080.4151611328125 249.03195190429688
v 39.81825256347656 1081.089599609375 249.831787109375
v 41.49038314819336 1081.0367431640625 249.8300018310547
v 39.81833267211914 1078.1015625 246.00877380371094
v 36.47356414794922 1079.39599609375 247.522705078125
v 39.818302154541016 1079.2850341796875 247.5189971923828
v 42.953338623046875 1082.390380859375 251.62918090820312
v 42.74434280395508 1082.474365234375 251.72964477539062
v 42.95333480834961 1082.5457763671875 251.82969665527344
v 42.95333480834961 1082.468017578125 251.72943115234375
v 42.953338623046875 1082.2349853515625 251.42874145507812
v 42.744346618652344 1082.3189697265625 251.52915954589844
v 42.953338623046875 1082.3126220703125 251.52894592285156
v 42.744354248046875 1081.9305419921875 251.0283660888672
v 42.32636260986328 1082.0986328125 251.2290496826172
v 42.744354248046875 1082.0859375 251.22862243652344
v 29.782941818237305 1061.7061767578125 225.18429565429688
v 16.391136169433594 1067.107177734375 231.12054443359375
v 29.782697677612305 1066.5411376953125 231.10093688964844
v 16.39409065246582 1042.181640625 201.35484313964844
v -10.412443161010742 1053.856689453125 213.40457153320312
v 16.392892837524414 1052.3988037109375 213.3539581298828
v -10.396824836730957 1000.4125366210938 152.806884765625
v -63.99931335449219 1026.4188232421875 177.05487060546875
v -10.403373718261719 1022.2398681640625 176.99093627929688
v -63.98048400878906 911.2181396484375 56.882808685302734
v -170.31222534179688 968.905517578125 105.09732818603516
v -63.988441467285156 959.1627197265625 105.10735321044922
v 29.783405303955078 1051.842041015625 213.3330535888672
v 16.392305374145508 1057.37109375 219.28875732421875
v 29.78317642211914 1056.81103515625 219.26806640625
v 29.783859252929688 1041.6312255859375 201.33502197265625
v 16.39348602294922 1047.338623046875 207.3806610107422
v 29.783632278442383 1046.78515625 207.36000061035156
v 16.39657211303711 1020.8343505859375 176.9595184326172
v -10.406538009643555 1033.045166015625 189.2269287109375
v 16.395322799682617 1031.6217041015625 189.18626403808594
v 36.47441482543945 1046.550048828125 207.3511962890625
v 29.783519744873047 1049.325439453125 210.35247802734375
v 36.47431564331055 1051.60546875 213.3241424560547
v 36.474365234375 1049.089599609375 210.34359741210938
v 36.474510192871094 1041.3974609375 201.3265838623047
v 29.78374671936035 1044.219970703125 204.3538360595703
v 36.47446060180664 1043.985595703125 204.34518432617188
v 29.784305572509766 1031.07763671875 189.16949462890625
v 16.394702911376953 1036.9376220703125 195.28515625
v 29.78408432006836 1036.390380859375 195.26669311523438
v 36.4745979309082 1036.157958984375 195.25881958007812
v 29.783971786499023 1039.020751953125 198.3053741455078
v 36.47455596923828 1038.78759765625 198.2971954345703
v 39.818904876708984 1036.052001953125 195.25523376464844
v 36.47457504272461 1037.4752197265625 196.77902221679688
v 39.818885803222656 1038.681396484375 198.29347229003906
v 39.81889343261719 1037.369140625 196.77536010742188
v 36.47468566894531 1030.8465576171875 189.162353515625
v 29.784194946289062 1033.7420654296875 192.22079467773438
v 36.47464370727539 1033.5103759765625 192.21327209472656
v 29.78473663330078 1020.296875 176.94656372070312
v 16.395946502685547 1026.2489013671875 183.0728302001953
v 29.784523010253906 1025.7081298828125 183.05795288085938
v 16.399045944213867 999.0465698242188 152.7876739501953
v -10.400121688842773 1011.32666015625 164.8152313232422
v 16.39781951904297 1009.9401245117188 164.7918701171875
v -10.383935928344727 955.4447631835938 105.06827545166016
v -63.99238204956055 982.21240234375 129.0579376220703
v -10.390226364135742 978.322998046875 129.0149383544922
v 41.4908332824707 1036.001708984375 195.25352478027344
v 39.81890106201172 1036.711181640625 196.01553344726562
v 41.4908332824707 1037.318603515625 196.77362060546875
v 41.4908332824707 1036.6607666015625 196.01380920410156
v 39.81892013549805 1033.4046630859375 192.2098388671875
v 36.4746208190918 1034.8363037109375 193.73683166503906
v 39.818912506103516 1034.73046875 193.7333221435547
v 42.32674789428711 1035.9771728515625 195.25270080566406
v 41.4908332824707 1036.331298828125 195.63372802734375
v 42.32674789428711 1036.6361083984375 196.01296997070312
v 42.32674789428711 1036.3067626953125 195.6328887939453
v 41.49083709716797 1034.68017578125 193.73165893554688
v 39.81890869140625 1035.391845703125 194.49449157714844
v 41.49083709716797 1035.3414306640625 194.4927978515625
v 42.74468994140625 1036.294677734375 195.63247680664062
v 42.32674789428711 1036.4715576171875 195.8229522705078
v 42.74468994140625 1036.6240234375 196.01255798339844
v 42.74468994140625 1036.4593505859375 195.82254028320312
v 41.4908332824707 1036.9898681640625 196.39376831054688
v 42.32674789428711 1037.2940673828125 196.77276611328125
v 42.32674789428711 1036.9652099609375 196.39292907714844
v 39.81888961791992 1038.02587890625 197.53468322753906
v 41.49082946777344 1038.630859375 198.29168701171875
v 41.49082946777344 1037.975341796875 197.53292846679688
v 36.47453308105469 1040.09521484375 199.81312561035156
v 39.81886672973633 1041.2908935546875 201.32273864746094
v 39.81887435913086 1039.98876953125 199.809326171875
v 42.74468994140625 1035.9649658203125 195.25228881835938
v 42.32674789428711 1036.1419677734375 195.44281005859375
v 42.74468994140625 1036.1298828125 195.44239807128906
v 42.32674789428711 1035.31689453125 194.49197387695312
v 41.49083709716797 1035.6717529296875 194.8732147216797
v 42.32674789428711 1035.647216796875 194.8723907470703
v 36.47476577758789 1025.4783935546875 183.05162048339844
v 29.784414291381836 1028.3990478515625 186.11460876464844
v 36.47472381591797 1028.168701171875 186.1078643798828
v 39.81896209716797 1025.373779296875 183.04872131347656
v 36.47474670410156 1026.824951171875 184.57984924316406
v 39.81895065307617 1028.063720703125 186.10479736328125
v 39.81895446777344 1026.7200927734375 184.57687377929688
v 36.47483444213867 1020.068603515625 176.9410400390625
v 29.784629821777344 1023.0067749023438 180.00132751464844
v 36.47480010986328 1022.7777709960938 179.9954071044922
v 29.785140991210938 1009.40966796875 164.78225708007812
v 16.397197723388672 1015.39306640625 170.86097717285156
v 29.784942626953125 1014.8590698242188 170.84983825683594
v 41.4908447265625 1025.323974609375 183.04734802246094
v 39.8189582824707 1026.0472412109375 183.81280517578125
v 41.4908447265625 1026.6702880859375 184.57545471191406
v 41.4908447265625 1025.9974365234375 183.81141662597656
v 39.8189697265625 1022.6734619140625 179.99270629882812
v 36.47478103637695 1024.1292724609375 181.5233917236328
v 39.818965911865234 1024.0247802734375 181.52059936523438
v 42.32673645019531 1025.97314453125 183.81072998046875
v 41.4908447265625 1026.333984375 184.1934356689453
v 42.32674026489258 1026.64599609375 184.5747528076172
v 42.32673645019531 1026.3096923828125 184.1927490234375
v 39.81895446777344 1027.392333984375 185.3408660888672
v 41.4908447265625 1028.013671875 186.10333251953125
v 41.4908447265625 1027.3424072265625 185.3394317626953
v 36.47470474243164 1029.50927734375 187.63543701171875
v 39.81893539428711 1030.7413330078125 189.1591033935547
v 39.81894302368164 1029.4041748046875 187.6322784423828
v 42.32673645019531 1025.2996826171875 183.04669189453125
v 41.4908447265625 1025.6607666015625 183.42938232421875
v 42.32673645019531 1025.636474609375 183.4287109375
v 41.4908447265625 1023.9750366210938 181.51927185058594
v 39.81896209716797 1024.6995849609375 182.28465270996094
v 41.4908447265625 1024.6497802734375 182.28329467773438
v 36.47489929199219 1014.6322631835938 170.8450927734375
v 29.784839630126953 1017.580322265625 173.8954620361328
v 36.47486877441406 1017.352783203125 173.8903350830078
v 39.81898498535156 1017.2490844726562 173.88800048828125
v 36.474853515625 1018.71142578125 175.41513061523438
v 39.81897735595703 1019.964599609375 176.93853759765625
v 39.8189811706543 1018.6075439453125 175.41270446777344
v 39.81898880004883 1014.5288696289062 170.84292602539062
v 36.474884033203125 1015.9929809570312 172.36691284179688
v 39.81898498535156 1015.8894653320312 172.3646697998047
v 36.47495651245117 1009.1843872070312 164.77816772460938
v 29.785043716430664 1012.1348876953125 167.81149291992188
v 36.47492980957031 1011.9088134765625 167.80709838867188
v 29.78550910949707 998.5238037109375 152.77980041503906
v 16.3984375 1004.490234375 158.76651000976562
v 29.785329818725586 1003.9635620117188 158.75799560546875
v 16.40137481689453 977.0036010742188 128.99508666992188
v -10.39350700378418 989.423583984375 140.8851318359375
v 16.400239944458008 988.0800170898438 140.86643981933594
v 36.474998474121094 1003.7398681640625 158.75437927246094
v 29.785236358642578 1006.6854248046875 161.76394653320312
v 36.474979400634766 1006.4609375 161.76011657714844
v 39.8189811706543 1006.358642578125 161.75836181640625
v 36.47496795654297 1007.8224487304688 163.26766967773438
v 39.81898498535156 1009.0817260742188 164.77630615234375
v 39.81898498535156 1007.719970703125 163.265869140625
v 41.49078369140625 1006.3099365234375 161.75753784179688
v 39.81898498535156 1007.0392456054688 162.51173400878906
v 41.49079132080078 1007.6712036132812 163.26499938964844
v 41.490787506103516 1006.990478515625 162.51089477539062
v 39.81897735595703 1003.637939453125 158.75271606445312
v 36.47499084472656 1005.10009765625 160.2556915283203
v 39.8189811706543 1004.9979858398438 160.25399780273438
v 36.475032806396484 998.3018188476562 152.7764434814453
v 29.78542137145996 1001.2434692382812 155.76376342773438
v 36.47501754760742 1001.0206298828125 155.7602996826172
v 29.785831451416016 987.565673828125 140.8588104248047
v 16.399648666381836 993.5712890625 146.81492614746094
v 29.785676956176758 993.0526123046875 146.80731201171875
v 42.32663345336914 1006.2862548828125 161.7571258544922
v 41.49078369140625 1006.6502075195312 162.1341094970703
v 42.32664108276367 1006.966796875 162.51048278808594
v 42.326637268066406 1006.62646484375 162.13369750976562
v 41.49077224731445 1004.9494018554688 160.25318908691406
v 39.8189811706543 1005.67822265625 161.0057830810547
v 41.490779876708984 1005.6295776367188 161.0049591064453
v 42.326629638671875 1005.6058959960938 161.0045623779297
v 41.490779876708984 1005.9697265625 161.3811492919922
v 42.32663345336914 1005.946044921875 161.38075256347656
v 42.744544982910156 1005.934326171875 161.38055419921875
v 42.32663345336914 1006.1161499023438 161.56890869140625
v 42.74454879760742 1006.2745361328125 161.75692749023438
v 42.74454879760742 1006.1044311523438 161.56871032714844
v 42.95349884033203 1005.9285278320312 161.3804473876953
v 42.744544982910156 1006.0194091796875 161.47462463378906
v 42.9535026550293 1006.0986328125 161.56861877441406
v 42.95349884033203 1006.0136108398438 161.4745330810547
v 42.74454116821289 1005.5941772460938 161.00436401367188
v 42.326629638671875 1005.7759399414062 161.192626953125
v 42.744544982910156 1005.7642822265625 161.1924285888672
v 42.326622009277344 1004.9257202148438 160.25279235839844
v 41.49077606201172 1005.2894897460938 160.6289825439453
v 42.32662582397461 1005.2658081054688 160.6285858154297
v 41.49076461791992 1003.5894775390625 158.75193786621094
v 39.81897735595703 1004.31787109375 159.50299072265625
v 41.49076843261719 1004.2693481445312 159.50218200683594
v 39.818965911865234 1000.9190673828125 155.7587127685547
v 36.47500991821289 1002.380126953125 157.25596618652344
v 39.818973541259766 1002.2783813476562 157.2543487548828
v 43.05797576904297 1005.9256591796875 161.38040161132812
v 42.95349884033203 1005.9710693359375 161.427490234375
v 43.05797576904297 1006.0106811523438 161.47447204589844
v 43.05797576904297 1005.9682006835938 161.4274444580078
v 42.95349884033203 1005.7584838867188 161.1923370361328
v 42.744544982910156 1005.8493041992188 161.28648376464844
v 42.95349884033203 1005.843505859375 161.28639221191406
v 43.11021423339844 1005.9241943359375 161.38037109375
v 43.05797576904297 1005.9468994140625 161.40391540527344
v 43.11021423339844 1005.9667358398438 161.4274139404297
v 43.11021423339844 1005.9454956054688 161.40390014648438
v 43.05797576904297 1005.8406372070312 161.2863311767578
v 42.95349884033203 1005.8860473632812 161.3334197998047
v 43.05797576904297 1005.8831176757812 161.3333740234375
v 43.11021423339844 1005.8817138671875 161.33334350585938
v 43.05797576904297 1005.9044189453125 161.3568878173828
v 43.11021423339844 1005.9029541015625 161.3568572998047
v 36.47505569458008 992.8323974609375 146.8040771484375
v 29.785594940185547 995.7894897460938 149.78982543945312
v 36.47504806518555 995.568359375 149.7865447998047
v 39.818939208984375 995.4675903320312 149.78504943847656
v 36.475040435791016 996.935302734375 151.28048706054688
v 39.81895446777344 998.2006225585938 152.77491760253906
v 39.818946838378906 996.8343505859375 151.2789764404297
v 41.490692138671875 995.4196166992188 149.7843475341797
v 39.81894302368164 996.1510009765625 150.53176879882812
v 41.49070739746094 996.7863159179688 151.27825927734375
v 41.490699768066406 996.10302734375 150.5310516357422
v 39.81892013549805 992.7320556640625 146.80259704589844
v 36.47505187988281 994.2007446289062 148.2944793701172
v 39.818931579589844 994.1002197265625 148.29298400878906
v 36.475067138671875 987.3472900390625 140.85556030273438
v 29.785755157470703 990.3118286132812 143.83079528808594
v 36.47506332397461 990.092529296875 143.8275604248047
v 29.786094665527344 976.4983520507812 128.98699951171875
v 16.400815963745117 982.561279296875 134.93043518066406
v 29.78597068786621 982.0514526367188 134.922607421875
v 16.403396606445312 954.1784057617188 105.0487289428711
v -10.387024879455566 967.0185546875 117.09988403320312
v 16.40243148803711 965.7249145507812 117.07923889160156
v -10.37233829498291 907.8642578125 56.86089324951172
v -63.98455047607422 935.2780151367188 80.87052917480469
v -10.378033638000488 931.744140625 80.8471450805664
v -63.960575103759766 816.5862426757812 -33.85248947143555
v -170.27545166015625 871.098876953125 11.563182830810547
v -63.97140884399414 864.6795043945312 11.585935592651367
v 42.32652282714844 995.3963012695312 149.78399658203125
v 41.49069595336914 995.7613525390625 150.1576385498047
v 42.32653045654297 996.0796508789062 150.53070068359375
v 42.3265266418457 995.7379760742188 150.15728759765625
v 41.49067687988281 994.0523681640625 148.2922821044922
v 39.81893539428711 994.7839965820312 149.03880310058594
v 41.490684509277344 994.736083984375 149.0380859375
v 42.32651138305664 994.7127685546875 149.03775024414062
v 41.49068832397461 995.077880859375 149.41116333007812
v 42.326515197753906 995.0545654296875 149.4108123779297
v 36.475059509277344 981.8349609375 134.9192657470703
v 29.78590202331543 984.8126831054688 137.88990783691406
v 36.475067138671875 984.59521484375 137.88661193847656
v 39.81884765625 984.4961547851562 137.88511657714844
v 36.475067138671875 985.9722290039062 139.3708038330078
v 39.81887435913086 987.2477416992188 140.8540802001953
v 39.81886291503906 985.8729248046875 139.3693084716797
v 41.49057388305664 985.82568359375 139.3686065673828
v 39.81886672973633 986.560546875 140.1116180419922
v 41.49059295654297 987.200439453125 140.85337829589844
v 41.49058151245117 986.5132446289062 140.11090087890625
v 36.47506332397461 988.7206420898438 142.34109497070312
v 39.81890106201172 989.9925537109375 143.82608032226562
v 39.818885803222656 988.6209106445312 142.33961486816406
v 41.49055099487305 984.4490356445312 137.88441467285156
v 39.81885528564453 985.1847534179688 138.6271514892578
v 41.490562438964844 985.1375732421875 138.62644958496094
v 39.818817138671875 981.736328125 134.91775512695312
v 36.47506332397461 983.2161865234375 136.40283203125
v 39.81883239746094 983.1173706054688 136.4013214111328
v 36.475040435791016 976.2838134765625 128.98355102539062
v 29.786035537719727 979.2804565429688 131.95545959472656
v 36.47505187988281 979.06494140625 131.9520721435547
v 29.786291122436523 965.2294921875 117.07078552246094
v 16.401912689208984 971.395263671875 123.04862976074219
v 29.78620147705078 970.8948364257812 123.040283203125
v 42.32637023925781 985.1146240234375 138.6260986328125
v 41.49056625366211 985.481689453125 138.9975128173828
v 42.32638168334961 985.8026733398438 139.36825561523438
v 42.326377868652344 985.4586791992188 138.99716186523438
v 42.326358795166016 984.426025390625 137.88406372070312
v 41.49055862426758 984.7933349609375 138.2554168701172
v 42.32636642456055 984.7703857421875 138.25506591796875
v 41.49053192138672 983.0703125 136.40060424804688
v 39.81884002685547 983.8070068359375 137.1431884765625
v 41.49053955078125 983.7599487304688 137.14247131347656
v 39.81874084472656 976.1860961914062 128.9819793701172
v 36.47504806518555 977.6759033203125 130.4680633544922
v 39.81877899169922 978.9667358398438 131.9505157470703
v 39.81875991821289 977.5779418945312 130.4665069580078
v 36.475006103515625 970.6824340820312 123.03673553466797
v 29.786149978637695 973.70361328125 126.01576232910156
v 36.47502517700195 973.4901123046875 126.01225280761719
v 39.81869888305664 973.3928833007812 126.01065826416016
v 36.475032806396484 974.888671875 127.49833679199219
v 39.818721771240234 974.7911376953125 127.49675750732422
v 41.490386962890625 974.7447509765625 127.49600219726562
v 39.81873321533203 975.489013671875 128.2394561767578
v 41.49040985107422 976.1395874023438 128.98123168945312
v 41.49039840698242 975.442626953125 128.23870849609375
v 42.326175689697266 974.72216796875 127.49563598632812
v 41.49039077758789 975.0938110351562 127.86737823486328
v 42.32618713378906 975.4199829101562 128.23834228515625
v 42.3261833190918 975.0711669921875 127.86701202392578
v 41.4903564453125 973.3466186523438 126.00989532470703
v 39.81871032714844 974.0924682617188 126.75382995605469
v 41.49037170410156 974.046142578125 126.75306701660156
v 39.81865310668945 970.5856323242188 123.03511810302734
v 36.47501754760742 972.088134765625 124.52511596679688
v 39.81867599487305 971.9910888671875 124.52350616455078
v 36.47495651245117 965.0191650390625 117.06718444824219
v 29.7862491607666 968.0706176757812 120.05911254882812
v 36.47498321533203 967.8592529296875 120.05552673339844
v 29.786409378051758 953.693359375 105.0406494140625
v 16.402925491333008 959.98388671875 111.0777816772461
v 29.786359786987305 959.4935302734375 111.06942749023438
v 16.405113220214844 930.5344848632812 80.83259582519531
v -10.38094711303711 943.6567993164062 92.96014404296875
v 16.404285430908203 942.418701171875 92.94303131103516
v 42.74406433105469 975.0599975585938 127.86683654785156
v 42.32618713378906 975.24560546875 128.0526885986328
v 42.74407196044922 975.4088134765625 128.2381591796875
v 42.74406814575195 975.2344360351562 128.05250549316406
v 41.49040603637695 975.7911987304688 128.6099853515625
v 42.326202392578125 976.116943359375 128.98086547851562
v 42.326194763183594 975.7685546875 128.60963439941406
v 39.81875228881836 976.8823852539062 129.7243194580078
v 41.49043655395508 977.5313110351562 130.46575927734375
v 41.49042510986328 976.8358764648438 129.72357177734375
v 42.744056701660156 974.7110595703125 127.49545288085938
v 42.32617950439453 974.896728515625 127.68132781982422
v 42.74406051635742 974.8855590820312 127.68115234375
v 42.3261604309082 974.0235595703125 126.75270080566406
v 41.490379333496094 974.3955688476562 127.12456512451172
v 42.326168060302734 974.3729858398438 127.12419891357422
v 39.81855010986328 964.92333984375 117.06554412841797
v 36.47496795654297 966.44140625 118.56233978271484
v 39.818603515625 967.762939453125 120.05389404296875
v 39.81857681274414 966.3453369140625 118.56069946289062
v 36.474884033203125 959.2854614257812 111.06586456298828
v 29.786327362060547 962.3702392578125 114.0740737915039
v 36.47492218017578 962.1610107421875 114.07048797607422
v 39.81848907470703 962.0657348632812 114.06884765625
v 36.474937438964844 963.5923461914062 115.56989288330078
v 39.818519592285156 963.496826171875 115.56825256347656
v 36.47480010986328 953.4874877929688 105.0372085571289
v 29.786386489868164 956.6007690429688 108.05791473388672
v 36.47484588623047 956.393798828125 108.05440521240234
v 29.786466598510742 941.9443969726562 92.93585205078125
v 16.40384864807129 948.3197021484375 99.0008773803711
v 29.78644561767578 947.8399658203125 98.99320983886719
v 39.81829071044922 953.3937377929688 105.03564453125
v 36.474822998046875 954.9424438476562 106.54645538330078
v 39.818363189697266 956.2994995117188 108.05281066894531
v 39.818328857421875 954.848388671875 106.54487609863281
v 36.474700927734375 947.6364135742188 98.98994445800781
v 29.78643035888672 950.7726440429688 102.01871490478516
v 36.474754333496094 950.5679321289062 102.0153579711914
v 39.81821823120117 950.4746704101562 102.01382446289062
v 36.47477722167969 952.029296875 103.52679443359375
v 39.81825637817383 951.935791015625 103.5252456665039
v 36.47459030151367 941.7431640625 92.93279266357422
v 29.786457061767578 944.8967895507812 95.96522521972656
v 36.474647521972656 944.6943359375 95.9620590209961
v 29.78647804260254 930.0709228515625 80.8263931274414
v 16.404705047607422 936.4866333007812 86.88400268554688
v 29.78647804260254 936.0177001953125 86.87733459472656
v 16.406673431396484 906.7093505859375 56.8479118347168
v -10.375171661376953 919.796142578125 68.80081176757812
v 16.405902862548828 918.6142578125 68.78777313232422
v -10.361383438110352 861.734375 11.590256690979004
v -63.976226806640625 888.1831665039062 34.27799987792969
v -10.366926193237305 885.0112915039062 34.25421905517578
v 39.8179817199707 941.6514892578125 92.931396484375
v 36.4746208190918 943.2198486328125 94.4475326538086
v 39.81806564331055 944.6021728515625 95.96061706542969
v 39.818023681640625 943.1279296875 94.44611358642578
v 36.47446823120117 935.8187866210938 86.8744888305664
v 29.786474227905273 938.9842529296875 89.90618896484375
v 36.47452926635742 938.7841796875 89.90324401855469
v 41.489524841308594 941.60791015625 92.93074035644531
v 39.8180046081543 942.3899536132812 93.68877410888672
v 41.48957061767578 943.0841674804688 94.4454345703125
v 41.48954772949219 942.3463134765625 93.68810272216797
v 39.81789779663086 938.6930541992188 89.90189361572266
v 36.47455978393555 940.2645263671875 91.41798400878906
v 39.81793975830078 940.1731567382812 91.41661834716797
v 42.325279235839844 942.3250732421875 93.68778228759766
v 41.489559173583984 942.71533203125 94.06678009033203
v 42.3253059387207 943.0628662109375 94.44510650634766
v 42.325294494628906 942.6940307617188 94.06645202636719
v 39.81804275512695 943.8652954101562 95.20339965820312
v 41.48961639404297 944.558349609375 95.95993041992188
v 41.489593505859375 943.821533203125 95.20272064208984
v 36.474674224853516 946.1666259765625 97.47624206542969
v 39.81814193725586 947.543701171875 98.98845672607422
v 39.8181037902832 946.0741577148438 97.47477722167969
v 42.32525634765625 941.586669921875 92.93041229248047
v 41.48953628540039 941.9771728515625 93.3094253540039
v 42.32526779174805 941.9559326171875 93.30909729003906
v 41.48947525024414 940.1296997070312 91.41596221923828
v 39.817962646484375 940.91259765625 92.17401123046875
v 41.489501953125 940.8690795898438 92.17335510253906
v 29.78645896911621 918.1611938476562 68.78218841552734
v 16.4055118560791 924.5733642578125 74.79761505126953
v 29.786470413208008 924.1151123046875 74.79180145263672
v 36.474063873291016 917.9691772460938 68.7798080444336
v 29.786466598510742 921.1372680664062 71.78336334228516
v 36.474205017089844 923.9208374023438 74.78931427001953
v 36.47413635253906 920.944091796875 71.78093719482422
v 29.78643035888672 906.2665405273438 56.84242248535156
v 16.40629005432129 912.6614379882812 62.806236267089844
v 29.78644561767578 912.2135620117188 62.80073547363281
v 16.40816307067871 883.910888671875 34.24287414550781
v -10.369641304016113 896.4711303710938 45.5466194152832
v 16.40740966796875 895.342529296875 45.53369140625
v 39.81726837158203 917.8817138671875 68.77871704101562
v 36.47410202026367 919.4563598632812 70.27943420410156
v 39.81736373901367 920.8561401367188 71.77983093261719
v 39.81731414794922 919.36865234375 70.27833557128906
v 36.47392272949219 912.023681640625 62.79838943481445
v 29.786453247070312 915.1868896484375 65.78821563720703
v 36.473995208740234 914.9959106445312 65.78585052490234
v 41.4887809753418 919.3269653320312 70.27781677246094
v 39.81733703613281 920.1123657226562 71.02884674072266
v 41.488834381103516 920.8143310546875 71.77930450439453
v 41.488807678222656 920.0706176757812 71.02832794189453
v 36.47417068481445 922.4323120117188 73.2842788696289
v 39.81745529174805 923.8323364257812 74.7881851196289
v 39.81740951538086 922.3441162109375 73.28315734863281
v 29.786476135253906 927.0934448242188 77.80651092529297
v 36.47433853149414 929.8743286132812 80.8237533569336
v 36.474273681640625 926.8980102539062 77.803955078125
v 42.32448196411133 919.306640625 70.2775650024414
v 41.48879623413086 919.6987915039062 70.65301513671875
v 42.32450866699219 920.0502319335938 71.02806854248047
v 42.32449722290039 919.678466796875 70.65275573730469
v 41.488731384277344 917.8401489257812 68.77820587158203
v 39.817291259765625 918.6251220703125 69.5282974243164
v 41.4887580871582 918.58349609375 69.52777862548828
v 39.817176818847656 914.9089965820312 65.78478240966797
v 36.474029541015625 916.4823608398438 67.28197479248047
v 39.817222595214844 916.3952026367188 67.28089141845703
v 42.74233627319336 919.6683959960938 70.65263366699219
v 42.324501037597656 919.8643188476562 70.84040069580078
v 42.74235153198242 920.0402221679688 71.02794647216797
v 42.74234390258789 919.8543090820312 70.84027099609375
v 41.48881912231445 920.4424438476562 71.40375518798828
v 42.32453536987305 920.7939453125 71.779052734375
v 42.32452392578125 920.422119140625 71.40350341796875
v 39.817386627197266 921.60009765625 72.5312728881836
v 41.48888397216797 922.3021850585938 73.28263092041016
v 41.488861083984375 921.5582275390625 72.53074645996094
v 42.951263427734375 919.8493041992188 70.8402099609375
v 42.742347717285156 919.947265625 70.9341049194336
v 42.951271057128906 920.0352172851562 71.02788543701172
v 42.95126724243164 919.9422607421875 70.93404388427734
v 42.32451629638672 920.2361450195312 71.21577453613281
v 42.74236297607422 920.4120483398438 71.40337371826172
v 42.74235916137695 920.2261352539062 71.21564483642578
v 42.951255798339844 919.6634521484375 70.65257263183594
v 42.742340087890625 919.7613525390625 70.74645233154297
v 42.95125961303711 919.75634765625 70.74639129638672
v 42.74232482910156 919.296630859375 70.2774429321289
v 42.32448959350586 919.4925537109375 70.46514892578125
v 42.74232864379883 919.4825439453125 70.46501922607422
v 42.32445526123047 918.563232421875 69.52752685546875
v 41.48876953125 918.9552001953125 69.90274047851562
v 42.324466705322266 918.9349365234375 69.9024887084961
v 29.786407470703125 894.90966796875 45.528316497802734
v 16.407039642333984 901.03125 51.18537902832031
v 29.78641700744629 900.5933837890625 51.17990493774414
v 36.47351837158203 894.7262573242188 45.526023864746094
v 29.78641128540039 897.753173828125 48.35305404663086
v 36.47364807128906 900.4078369140625 51.17757034301758
v 36.47358322143555 897.5687255859375 48.35073471069336
v 29.78640365600586 883.4886474609375 34.23822021484375
v 16.40778160095215 889.6375732421875 39.887855529785156
v 29.786401748657227 889.2098999023438 39.882728576660156
v 16.409772872924805 860.7008666992188 11.591235160827637
v -10.36417293548584 873.439208984375 22.942384719848633
v 16.408950805664062 872.370361328125 22.935657501220703
v -10.350810050964355 814.1646728515625 -33.82496643066406
v -63.966102600097656 840.7210693359375 -11.199382781982422
v -10.355879783630371 838.037841796875 -11.159330368041992
v -170.2874755859375 765.1060180664062 -82.5466079711914
v -63.9490966796875 763.7149658203125 -82.49828338623047
v 39.816627502441406 897.4847412109375 48.34967803955078
v 36.47361755371094 898.9886474609375 49.76384735107422
v 39.816715240478516 900.3233642578125 51.176509857177734
v 39.816673278808594 898.9044189453125 49.762786865234375
v 29.786422729492188 903.4309692382812 54.009490966796875
v 36.47378158569336 906.0789184570312 56.84008026123047
v 36.473716735839844 903.2443237304688 54.00714874267578
v 39.81654357910156 894.642822265625 45.52498245239258
v 36.47355270385742 896.14794921875 46.93815231323242
v 39.816585540771484 896.064208984375 46.93709945678711
v 36.47339630126953 889.0287475585938 39.88054656982422
v 29.78640365600586 892.0621337890625 42.705081939697266
v 36.47345733642578 891.8798217773438 42.70283126831055
v 29.786436080932617 871.9598999023438 22.932903289794922
v 16.408550262451172 878.1569213867188 28.59375
v 29.786415100097656 877.7403564453125 28.58986473083496
v 29.786502838134766 860.3035278320312 11.591565132141113
v 16.409358978271484 866.5504760742188 17.26740074157715
v 29.786466598510742 866.1464233398438 17.266098022460938
v 16.411394119262695 837.0809936523438 -11.144648551940918
v -10.358602523803711 849.92333984375 0.21564620733261108
v 16.410598754882812 848.9276123046875 0.22475196421146393
v 29.786582946777344 848.5443725585938 0.22830067574977875
v 16.410188674926758 854.8253173828125 5.909554958343506
v 29.786542892456055 854.4349365234375 5.911550521850586
v 36.47281265258789 854.2697143554688 5.912398338317871
v 29.786523818969727 857.3722534179688 8.752102851867676
v 36.47289276123047 860.1353759765625 11.591705322265625
v 36.47285461425781 857.2055053710938 8.752598762512207
v 36.47273254394531 848.3822021484375 0.2298087626695633
v 29.786563873291016 851.4921875 3.0701894760131836
v 36.472774505615234 851.3284912109375 3.0713772773742676
v 29.78664779663086 836.7122192382812 -11.138916015625
v 16.41100311279297 843.0115966796875 -5.460780143737793
v 29.786619186401367 842.6355590820312 -5.455936908721924
v 16.412752151489258 813.2847290039062 -33.81624984741211
v -10.353265762329102 826.109619140625 -22.5125789642334
v 16.412124633789062 825.1912231445312 -22.497825622558594
v -10.34316349029541 762.1019287109375 -82.46986389160156
v -63.95460891723633 790.1769409179688 -58.31784439086914
v -10.346236228942871 788.0861206054688 -58.32563781738281
v 39.81546401977539 851.2540283203125 3.071918487548828
v 36.47279357910156 852.7997436523438 4.491973400115967
v 39.815528869628906 854.194580078125 5.912784576416016
v 39.81549835205078 852.7249755859375 4.492437839508057
v 41.486717224121094 851.2186889648438 3.072175979614258
v 39.81548309326172 851.9896850585938 3.7821977138519287
v 41.486751556396484 852.689453125 4.492659091949463
v 41.486732482910156 851.9542236328125 3.7824370861053467
v 39.81540298461914 848.3084716796875 0.23049594461917877
v 36.472755432128906 849.85595703125 1.6506444215774536
v 39.815433502197266 849.7818603515625 1.6512600183486938
v 36.472652435302734 842.4765014648438 -5.453878879547119
v 29.786602020263672 845.592041015625 -2.613835096359253
v 36.472694396972656 845.431396484375 -2.612034320831299
v 42.32231903076172 851.201416015625 3.0723013877868652
v 41.486724853515625 851.5864868164062 3.4273111820220947
v 42.32233428955078 851.9369506835938 3.7825536727905273
v 42.32232666015625 851.5692138671875 3.4274322986602783
v 41.48667907714844 849.7466430664062 1.6515527963638306
v 39.81544876098633 850.5181274414062 2.3616044521331787
v 41.486698150634766 850.4827880859375 2.361879825592041
v 42.32229995727539 850.4656372070312 2.362014055252075
v 41.4867057800293 850.8507690429688 2.717031955718994
v 42.32230758666992 850.8335571289062 2.7171618938446045
v 29.78666877746582 824.8368530273438 -22.49210548400879
v 16.41176986694336 831.1396484375 -16.824459075927734
v 29.786664962768555 830.778076171875 -16.818387985229492
v 36.47236251831055 824.68701171875 -22.489675521850586
v 29.78666877746582 827.80810546875 -19.656108856201172
v 36.472469329833984 830.6251831054688 -16.81580924987793
v 36.47241973876953 827.6567993164062 -19.653564453125
v 29.78662109375 812.94482421875 -33.81296157836914
v 16.412452697753906 819.2388305664062 -28.162473678588867
v 29.78665542602539 818.8916015625 -28.157756805419922
v 16.413602828979492 787.3121337890625 -58.33099365234375
v -10.348366737365723 801.1183471679688 -46.11581039428711
v 16.413280487060547 800.28564453125 -46.11587905883789
v 39.81494140625 827.5880126953125 -19.65240478515625
v 36.472442626953125 829.1411743164062 -18.234874725341797
v 39.81501007080078 830.5557250976562 -16.814632415771484
v 39.81497573852539 829.072021484375 -18.233701705932617
v 29.786657333374023 833.7462768554688 -13.979230880737305
v 36.472564697265625 836.5562744140625 -11.136479377746582
v 36.47251892089844 833.5918579101562 -13.976689338684082
v 41.48611831665039 827.5552978515625 -19.651853561401367
v 39.81495666503906 828.330078125 -18.943099975585938
v 41.48616027832031 829.0391845703125 -18.233144760131836
v 41.48613739013672 828.2973022460938 -18.94254493713379
v 39.81486511230469 824.6189575195312 -22.488567352294922
v 36.472389221191406 826.1720581054688 -21.07184410095215
v 39.814903259277344 826.1036376953125 -21.07070541381836
v 36.47224044799805 818.744873046875 -28.155752182006836
v 29.786664962768555 821.8645629882812 -25.326087951660156
v 36.47230529785156 821.7162475585938 -25.323841094970703
v 42.32168960571289 827.5394287109375 -19.65158462524414
v 41.48612976074219 827.9263305664062 -19.297210693359375
v 42.32170867919922 828.2813720703125 -18.942276000976562
v 42.32170104980469 827.910400390625 -19.29694175720215
v 41.48607635498047 826.0711059570312 -21.07016372680664
v 39.81492233276367 826.8458251953125 -20.36160659790039
v 41.48609924316406 826.813232421875 -20.361061096191406
v 42.3216667175293 826.79736328125 -20.360794067382812
v 41.486106872558594 827.184326171875 -20.0064697265625
v 42.321678161621094 827.1683959960938 -20.006200790405273
v 29.78645896911621 799.9638671875 -46.11610412597656
v 16.413040161132812 806.783447265625 -39.9752311706543
v 29.786556243896484 806.4521484375 -39.97372817993164
v 36.47172927856445 799.828125 -46.11620330810547
v 29.78651237487793 803.207275390625 -43.04740905761719
v 36.47193145751953 806.3123168945312 -39.97309112548828
v 36.471832275390625 803.0694580078125 -43.047149658203125
v 29.786144256591797 787.0132446289062 -58.33329391479492
v 16.413471221923828 793.7942504882812 -52.23540115356445
v 29.78632164001465 793.483154296875 -52.23699188232422
v 16.41351318359375 761.498046875 -82.45832061767578
v -10.344483375549316 775.0838623046875 -70.43907928466797
v 16.413673400878906 774.3861083984375 -70.44046020507812
v -63.944820404052734 737.05810546875 -106.55133819580078
v -10.34200668334961 736.0444946289062 -106.46817779541016
v 39.81420135498047 803.0068969726562 -43.047035217285156
v 36.47188186645508 804.6907348632812 -41.51072311401367
v 39.81431579589844 806.2488403320312 -39.97280502319336
v 39.81425857543945 804.627685546875 -41.510520935058594
v 29.786592483520508 809.6981811523438 -36.895450592041016
v 36.472103118896484 812.80126953125 -33.81156921386719
v 36.47201919555664 809.556396484375 -36.894432067871094
v 41.48531723022461 802.9771728515625 -43.04697799682617
v 39.81422805786133 803.8171997070312 -42.2789306640625
v 41.48537826538086 804.5977783203125 -41.51042556762695
v 41.485347747802734 803.7874145507812 -42.27885437011719
v 39.81407928466797 799.7665405273438 -46.116249084472656
v 36.47178268432617 801.4485473632812 -44.58232879638672
v 39.81414031982422 801.386474609375 -44.58229446411133
v 36.471492767333984 793.35205078125 -52.237674713134766
v 29.786396026611328 796.7223510742188 -49.17942810058594
v 36.471614837646484 796.5888671875 -49.17984390258789
v 42.32088851928711 803.7728881835938 -42.2788200378418
v 41.4853630065918 804.1925659179688 -41.894676208496094
v 42.3209228515625 804.5831909179688 -41.5103759765625
v 42.32090759277344 804.1780395507812 -41.89463424682617
v 39.81428909301758 805.438232421875 -40.7418098449707
v 41.48543930053711 806.2186889648438 -39.9726676940918
v 41.485408782958984 805.408203125 -40.74169158935547
v 36.47197723388672 807.9342651367188 -38.43431091308594
v 39.81442642211914 809.4920654296875 -36.89396667480469
v 39.81437301635742 807.8703002929688 -38.43393325805664
v 42.320858001708984 802.9627075195312 -43.04695129394531
v 41.48533248901367 803.3822631835938 -42.66295623779297
v 42.32087326049805 803.3677978515625 -42.66292190551758
v 41.485252380371094 801.3569946289062 -44.582279205322266
v 39.814170837402344 802.1965942382812 -43.814823150634766
v 41.48528289794922 802.1670532226562 -43.814788818359375
v 29.785646438598633 774.1173706054688 -70.44111633300781
v 16.413671493530273 780.8421630859375 -64.39985656738281
v 29.785919189453125 780.5573120117188 -64.40191650390625
v 36.470916748046875 780.4376220703125 -64.40279388427734
v 29.78603744506836 783.7833251953125 -61.37125778198242
v 36.47122573852539 786.887451171875 -58.33427810668945
v 36.47107696533203 783.6604614257812 -61.372249603271484
v 36.47056579589844 774.0046997070312 -70.44139099121094
v 29.785789489746094 777.33544921875 -67.42501068115234
v 36.47074508666992 777.2191772460938 -67.42564392089844
v 29.78501319885254 761.2667236328125 -82.4537124633789
v 16.413616180419922 767.9400024414062 -76.45767211914062
v 29.78533935546875 767.689208984375 -76.45597839355469
v 16.412885665893555 735.6566772460938 -106.43204498291016
v -10.34232234954834 749.1019897460938 -94.46376037597656
v 16.413219451904297 748.6036376953125 -94.4372787475586
v 29.784378051757812 748.4141845703125 -94.4266128540039
v 16.41337776184082 755.0545043945312 -88.4492416381836
v 29.784687042236328 754.84375 -88.44152069091797
v 36.46943283081055 754.7562255859375 -88.43824005126953
v 29.784849166870117 758.0556640625 -85.44841003417969
v 36.46980667114258 761.1702270507812 -82.4517593383789
v 36.4696159362793 757.963623046875 -85.44578552246094
v 36.469085693359375 748.3358764648438 -94.42207336425781
v 29.784530639648438 751.6301879882812 -91.4339599609375
v 36.46925354003906 751.5471801757812 -91.43002319335938
v 29.78388214111328 735.5108032226562 -106.41744995117188
v 16.41305160522461 742.1395874023438 -100.42926788330078
v 29.784103393554688 741.971923828125 -100.41618347167969
v -10.342260360717773 722.8972778320312 -118.52279663085938
v 16.412609100341797 722.6190185546875 -118.48892974853516
v 29.783660888671875 722.5156860351562 -118.4752197265625
v 16.412734985351562 729.149169921875 -112.45230865478516
v 29.783727645874023 729.0248413085938 -112.43746948242188
v 36.468406677246094 728.9744262695312 -112.43114471435547
v 29.783794403076172 732.271240234375 -109.42471313476562
v 36.46855545043945 735.451171875 -106.41123962402344
v 36.46847152709961 732.21630859375 -109.41837310791016
v 39.810638427734375 732.1918334960938 -109.41548156738281
v 36.468509674072266 733.8345947265625 -107.91413879394531
v 39.81072235107422 735.4246215820312 -106.40840911865234
v 39.81067657470703 733.80908203125 -107.91127014160156
v 29.783985137939453 738.7440795898438 -103.41490173339844
v 36.468788146972656 741.9029541015625 -100.41061401367188
v 36.46866226196289 738.6798095703125 -103.4089584350586
v 41.48168182373047 732.1803588867188 -109.41410827636719
v 39.8106575012207 733.0006713867188 -108.66320037841797
v 41.48172378540039 733.7970581054688 -107.90990447998047
v 41.4817008972168 732.9888916015625 -108.66183471679688
v 39.810577392578125 728.9520874023438 -112.42826843261719
v 36.46843719482422 730.5962524414062 -110.9240493774414
v 39.810604095458984 730.5728149414062 -110.92115783691406
v 36.468360900878906 722.4743041992188 -118.4693832397461
v 29.783681869506836 725.7723999023438 -115.45489501953125
v 36.46836853027344 725.7265014648438 -115.44874572753906
v 16.412525177001953 716.0795288085938 -124.52884674072266
v 29.7836971282959 715.996826171875 -124.51739501953125
v 41.481651306152344 730.5618286132812 -110.91978454589844
v 39.81061935424805 731.382568359375 -110.16812896728516
v 41.481666564941406 731.371337890625 -110.16675567626953
v 42.31718063354492 731.3658447265625 -110.16608428955078
v 41.48167419433594 731.77587890625 -109.79039001464844
v 42.317195892333984 732.1747436523438 -109.41344451904297
v 42.31718826293945 731.7703857421875 -109.78971862792969
v 42.31716537475586 730.5565185546875 -110.91911315917969
v 41.481658935546875 730.9666137695312 -110.54322052001953
v 42.31717300415039 730.9612426757812 -110.54254913330078
v 41.481624603271484 728.9415893554688 -112.4269027709961
v 39.81058883666992 729.7626342773438 -111.67454528808594
v 41.48163604736328 729.7518920898438 -111.67317199707031
v 39.810543060302734 725.7062377929688 -115.4459457397461
v 36.4683837890625 727.3511352539062 -113.939453125
v 39.8105583190918 727.3297729492188 -113.93660736083984
v 42.73492431640625 730.9586181640625 -110.54222106933594
v 42.317176818847656 731.16357421875 -110.35430908203125
v 42.73493194580078 731.3631591796875 -110.16575622558594
v 42.734928131103516 731.160888671875 -110.35397338867188
v 42.94380569458008 731.1596069335938 -110.35381317138672
v 42.73493194580078 731.2620239257812 -110.2598648071289
v 42.943809509277344 731.3618774414062 -110.16558837890625
v 42.943809509277344 731.2607421875 -110.25969696044922
v 42.31718444824219 731.568115234375 -109.97789001464844
v 42.73494338989258 731.7676391601562 -109.78938293457031
v 42.73493957519531 731.5654296875 -109.9775619506836
v 43.04824447631836 731.158935546875 -110.35372924804688
v 42.94380569458008 731.2101440429688 -110.30675506591797
v 43.04824447631836 731.2600708007812 -110.25961303710938
v 43.04824447631836 731.20947265625 -110.30667114257812
v 42.94380187988281 730.957275390625 -110.54205322265625
v 42.734928131103516 731.0597534179688 -110.4480972290039
v 42.94380569458008 731.0584106445312 -110.44792938232422
v 42.73491668701172 730.5538940429688 -110.91877746582031
v 42.317169189453125 730.7589111328125 -110.73081970214844
v 42.734920501708984 730.7562255859375 -110.7304916381836
v 42.3171501159668 729.7467041015625 -111.67250061035156
v 41.48164367675781 730.1569213867188 -111.29643249511719
v 42.31715774536133 730.1516723632812 -111.29576110839844
v 43.1004638671875 731.1585693359375 -110.35369110107422
v 43.04824447631836 731.1842041015625 -110.3302001953125
v 43.1004638671875 731.2091674804688 -110.30663299560547
v 43.1004638671875 731.1838989257812 -110.33016204833984
v 43.048240661621094 731.0578002929688 -110.44784545898438
v 42.94380569458008 731.1090087890625 -110.40087127685547
v 43.04824447631836 731.1083374023438 -110.40078735351562
v 43.1004638671875 731.1080322265625 -110.40074920654297
v 43.04824447631836 731.1336669921875 -110.37725830078125
v 43.1004638671875 731.13330078125 -110.3772201538086
v 43.12657165527344 731.1331787109375 -110.377197265625
v 43.1004638671875 731.1459350585938 -110.3654556274414
v 43.12657165527344 731.158447265625 -110.35366821289062
v 43.12657165527344 731.1458129882812 -110.36543273925781
v 43.139625549316406 731.133056640625 -110.37718963623047
v 43.12657165527344 731.1394653320312 -110.3713150024414
v 43.13962936401367 731.1456909179688 -110.36542510986328
v 43.139625549316406 731.139404296875 -110.37130737304688
v 43.12657165527344 731.1078491210938 -110.40072631835938
v 43.1004638671875 731.1206665039062 -110.38898468017578
v 43.12657165527344 731.1204833984375 -110.38896179199219
v 43.100460052490234 731.0574340820312 -110.44780731201172
v 43.04824447631836 731.0830688476562 -110.42431640625
v 43.1004638671875 731.082763671875 -110.42427825927734
v 43.048240661621094 730.9566040039062 -110.54197692871094
v 42.94380187988281 731.0078735351562 -110.4949951171875
v 43.048240661621094 731.0072021484375 -110.49491119384766
v 42.94379806518555 730.7549438476562 -110.7303237915039
v 42.73492431640625 730.857421875 -110.6363525390625
v 42.94380187988281 730.8561401367188 -110.63618469238281
v 43.146156311035156 731.1393432617188 -110.37129974365234
v 43.139625549316406 731.142578125 -110.36836242675781
v 43.146156311035156 731.1456909179688 -110.36541748046875
v 43.146156311035156 731.1425170898438 -110.36835479736328
v 43.12657165527344 731.152099609375 -110.35955047607422
v 43.13962936401367 731.1583251953125 -110.3536605834961
v 43.13962936401367 731.1520385742188 -110.35954284667969
v 43.1004638671875 731.1712646484375 -110.34192657470703
v 43.12657165527344 731.1837158203125 -110.33013916015625
v 43.12657165527344 731.1710815429688 -110.34190368652344
v 43.149417877197266 731.1393432617188 -110.37129974365234
v 43.146156311035156 731.1409301757812 -110.36982727050781
v 43.149417877197266 731.1425170898438 -110.36835479736328
v 43.149417877197266 731.1409301757812 -110.36982727050781
v 43.146156311035156 731.1329956054688 -110.37718200683594
v 43.139625549316406 731.13623046875 -110.3742446899414
v 43.146156311035156 731.1361694335938 -110.37423706054688
v 43.139625549316406 731.1204223632812 -110.38895416259766
v 43.12657165527344 731.1268310546875 -110.3830795288086
v 43.139625549316406 731.1267700195312 -110.38307189941406
v 43.149417877197266 731.1361694335938 -110.37423706054688
v 43.146156311035156 731.1377563476562 -110.37277221679688
v 43.149417877197266 731.1377563476562 -110.37276458740234
v 36.46843338012695 715.9641723632812 -124.51251220703125
v 29.78366470336914 719.256591796875 -121.49665069580078
v 36.468379974365234 719.2195434570312 -121.49124145507812
v 36.468475341796875 714.3367309570312 -126.02236938476562
v 39.81062698364258 715.9498901367188 -124.51029205322266
v 39.8106689453125 714.323486328125 -126.0202865600586
v 41.481727600097656 714.3172607421875 -126.01929473876953
v 39.810646057128906 715.1366577148438 -125.26537322998047
v 41.48168182373047 715.9432373046875 -124.50923919677734
v 41.48170471191406 715.1301879882812 -125.26435089111328
v 36.46840286254883 717.5918579101562 -123.00205993652344
v 39.81056594848633 719.2033081054688 -121.48877716064453
v 39.81059265136719 717.5765991210938 -122.99971771240234
v 39.81069564819336 713.5104370117188 -126.77498626708984
v 41.481754302978516 713.5044555664062 -126.77403259277344
v 42.3172721862793 713.5015869140625 -126.77356719970703
v 41.48173904418945 713.910888671875 -126.39669036865234
v 42.31724548339844 714.3143310546875 -126.01880645751953
v 42.317256927490234 713.907958984375 -126.3962173461914
v 25.633634567260742 713.2694702148438 -127.06578826904297
v -38.39067840576172 713.8467407226562 -127.06578826904297
v -102.41868591308594 714.1155395507812 -127.06578826904297
v -166.47706604003906 712.44091796875 -127.06578826904297
v -230.46566772460938 708.8330078125 -127.06578826904297
v -294.6268310546875 702.8275756835938 -127.06578826904297
v -358.53033447265625 694.4053344726562 -127.06578826904297
v -422.8311462402344 683.103515625 -127.06578826904297
v -486.5884094238281 668.9384155273438 -127.06578826904297
v -551.052734375 651.3692016601562 -127.06578826904297
v -614.6205444335938 630.689208984375 -127.06578826904297
v -679.3334350585938 605.909423828125 -127.06578826904297
v -742.6470336914062 577.7213134765625 -127.06578826904297
v -807.6779174804688 544.3092041015625 -127.06578826904297
v -870.6893310546875 507.2631530761719 -127.06578826904297
v -936.1045532226562 463.530517578125 -127.06578826904297
v -998.7498168945312 415.9331970214844 -127.06578826904297
v -1064.35205078125 359.384765625 -127.06578826904297
v -1126.7550048828125 299.0487976074219 -127.06578826904297
v -1192.2679443359375 228.70184326171875 -127.06578826904297
v -1254.1478271484375 154.19691467285156 -127.06578826904297
v -1319.4180908203125 67.44560241699219 -127.06578826904297
v -1383.4215087890625 -20.53815460205078 -127.06578826904297
v -1445.6856689453125 -101.61804962158203 -127.06578826904297
v -1510.9425048828125 -178.70497131347656 -127.06578826904297
v -1573.2291259765625 -246.69667053222656 -127.06578826904297
v -1638.72705078125 -311.77886962890625 -127.06578826904297
v -1708.999267578125 -372.5621643066406 -127.06578826904297
v -389.8498229980469 750.495361328125 -82.51578521728516
v -280.62054443359375 821.1891479492188 -34.022796630859375
v -280.66961669921875 761.2937622070312 -82.55435943603516
v -603.5985717773438 703.6793212890625 -82.40229034423828
v -496.689208984375 801.2687377929688 -34.005706787109375
v -496.7037353515625 731.6211547851562 -82.45457458496094
v -827.3467407226562 610.7734375 -82.3569564819336
v -716.7132568359375 742.5004272460938 -33.820396423339844
v -716.7317504882812 663.1229248046875 -82.38123321533203
v -1042.2335205078125 463.96026611328125 -82.35887908935547
v -937.0870361328125 633.10009765625 -33.684940338134766
v -937.104248046875 544.0518798828125 -82.32015228271484
v -1710.3360595703125 -368.8307800292969 -125.31454467773438
v -1711.6771240234375 -365.0884094238281 -123.55796813964844
v -1713.0208740234375 -361.33709716796875 -121.79647827148438
v -1714.3670654296875 -357.5762023925781 -120.02914428710938
v -1714.535400390625 -357.1053771972656 -119.80776977539062
v -1714.61962890625 -356.8699035644531 -119.6970443725586
v -1714.703857421875 -356.6343994140625 -119.58629608154297
v -1715.040771484375 -355.69189453125 -119.14300537109375
v -1715.7149658203125 -353.80487060546875 -118.2550277709961
v -1717.0645751953125 -350.0223388671875 -116.47318267822266
v -1718.4151611328125 -346.22821044921875 -114.68281555175781
v -1718.5841064453125 -345.75311279296875 -114.45838165283203
v -1718.7529296875 -345.2778015136719 -114.23380279541016
v -1719.0908203125 -344.32659912109375 -113.7841796875
v -1719.7666015625 -342.421875 -112.88308715820312
v -1721.118408203125 -338.6027526855469 -111.07315826416016
v -1721.7943115234375 -336.68829345703125 -110.16413116455078
v -1722.45654296875 -334.8092346191406 -109.27072143554688
v -1725.021240234375 -327.4990234375 -105.78346252441406
v -1727.5828857421875 -320.1455993652344 -102.25724029541016
v -1730.1397705078125 -312.7539367675781 -98.69450378417969
v -1730.219482421875 -312.52239990234375 -98.58261108398438
v -1730.29931640625 -312.2908020019531 -98.4706802368164
v -1730.4588623046875 -311.82757568359375 -98.2467269897461
v -1730.7779541015625 -310.9007263183594 -97.79844665527344
v -1731.415771484375 -309.0456848144531 -96.900390625
v -1732.689697265625 -305.3304443359375 -95.09843444824219
v -1735.230712890625 -297.8816833496094 -91.47235107421875
v -1737.760986328125 -290.4129333496094 -87.81900024414062
v -1738.076416015625 -289.4781799316406 -87.36055755615234
v -1738.3917236328125 -288.54327392578125 -86.9017562866211
v -1739.0216064453125 -286.6729431152344 -85.98310089111328
v -1740.2786865234375 -282.9306640625 -84.14178466796875
v -1742.78173828125 -275.4418640136719 -80.44438171386719
v -1745.2685546875 -267.9519958496094 -76.72978210449219
v -1745.578125 -267.0159606933594 -76.26439666748047
v -1745.8875732421875 -266.08001708984375 -75.7988052368164
v -1746.5052490234375 -264.20855712890625 -74.8670654296875
v -1747.7371826171875 -260.4676208496094 -73.00153350830078
v -1750.185791015625 -252.9960174560547 -69.26361846923828
v -1752.612548828125 -245.5427703857422 -65.5191879272461
v -1752.914306640625 -244.61268615722656 -65.05082702636719
v -1753.0650634765625 -244.1477813720703 -64.81663513183594
v -1753.102783203125 -244.0315704345703 -64.75808715820312
v -1753.1121826171875 -244.0025177001953 -64.74344635009766
v -1753.116943359375 -243.9879913330078 -64.73612976074219
v -1753.1192626953125 -243.98072814941406 -64.73246765136719
v -1753.119873046875 -243.97891235351562 -64.73155212402344
v -1753.1204833984375 -243.9770965576172 -64.73063659667969
v -1753.12158203125 -243.97344970703125 -64.72879791259766
v -1753.1405029296875 -243.91505432128906 -64.69937133789062
v -1753.2161865234375 -243.68150329589844 -64.58168029785156
v -1753.8209228515625 -241.81398010253906 -63.64006805419922
v -1755.0260009765625 -238.0836639404297 -61.75638198852539
v -1757.4193115234375 -230.64097595214844 -57.987091064453125
v -1759.791748046875 -223.22035217285156 -54.214996337890625
v -1762.144775390625 -215.81935119628906 -50.43970489501953
v -1763.3145751953125 -212.1254119873047 -48.55070114135742
v -1763.8978271484375 -210.27992248535156 -47.605831146240234
v -1764.1890869140625 -209.3575439453125 -47.13330078125
v -1764.334716796875 -208.8964385986328 -46.897010803222656
v -1764.4073486328125 -208.66590881347656 -46.77885818481445
v -1764.425537109375 -208.6082763671875 -46.74931716918945
v -1764.44384765625 -208.550537109375 -46.719730377197266
v -1764.4803466796875 -208.4344940185547 -46.660247802734375
v -1766.815673828125 -201.0133819580078 -42.8504524230957
v -1769.136962890625 -193.60162353515625 -39.03436279296875
v -1771.4459228515625 -186.19615173339844 -35.21110153198242
v -1773.744384765625 -178.79348754882812 -31.37952423095703
v -1778.3177490234375 -163.9775848388672 -23.68409538269043
v -1779.4573974609375 -160.2686767578125 -21.752513885498047
v -1780.02685546875 -158.4131622314453 -20.785442352294922
v -1780.3115234375 -157.485107421875 -20.301576614379883
v -1780.453857421875 -157.02101135253906 -20.059558868408203
v -1780.5250244140625 -156.7889404296875 -19.93852996826172
v -1780.560546875 -156.6728973388672 -19.878009796142578
v -1780.578369140625 -156.61488342285156 -19.84775161743164
v -1780.5960693359375 -156.55686950683594 -19.817495346069336
v -1782.8704833984375 -149.12484741210938 -15.937422752380371
v -1785.1402587890625 -141.68260192871094 -12.044341087341309
v -1786.2730712890625 -137.95883178710938 -10.093451499938965
v -1786.8388671875 -136.0965118408203 -9.117016792297363
v -1787.12158203125 -135.16525268554688 -8.628564834594727
v -1787.4041748046875 -134.23397827148438 -8.139966011047363
v -1789.6900634765625 -126.68524169921875 -4.174682140350342
v -1791.9659423828125 -119.14090728759766 -0.20290948450565338
v -1793.0994873046875 -115.37189483642578 1.784737467765808
v -1793.6650390625 -113.48844909667969 2.7788782119750977
v -1793.947509765625 -112.54703521728516 3.276005744934082
v -1794.229736328125 -111.60588073730469 3.7731478214263916
v -1796.479248046875 -104.08708953857422 7.750223159790039
v -1798.7120361328125 -96.59071350097656 11.725430488586426
v -1799.8214111328125 -92.85269927978516 13.711526870727539
v -1800.0980224609375 -91.91937255859375 14.207837104797363
v -1800.236328125 -91.4529037475586 14.45595645904541
v -1800.3743896484375 -90.98655700683594 14.704046249389648
v -1800.9259033203125 -89.12261199951172 15.696080207824707
v -1803.1182861328125 -81.69098663330078 19.658227920532227
v -1805.2864990234375 -74.30271911621094 23.608606338500977
v -1806.3609619140625 -70.62686157226562 25.57843780517578
v -1806.9097900390625 -68.74498748779297 26.588075637817383
v -1807.466064453125 -66.83476257324219 27.61374282836914
v -1809.6728515625 -59.22879409790039 31.706008911132812
v -1811.8511962890625 -51.67461013793945 35.78388214111328
v -1812.3914794921875 -49.79348373413086 36.80146789550781
v -1812.93017578125 -47.91508102416992 37.81843948364258
v -1814.0029296875 -44.16563034057617 39.85097122192383
v -1816.13037109375 -36.69336700439453 43.91197967529297
v -1818.2354736328125 -29.25107192993164 47.9706916809082
v -1818.3663330078125 -28.786766052246094 48.22437286376953
v -1818.4970703125 -28.322540283203125 48.47806930541992
v -1818.7584228515625 -27.394304275512695 48.985504150390625
v -1819.2802734375 -25.53862762451172 50.0006103515625
v -1820.3203125 -21.830074310302734 52.03197479248047
v -1822.3875732421875 -14.420858383178711 56.10123062133789
v -1823.4151611328125 -10.718255996704102 58.1402473449707
v -1823.9276123046875 -8.867018699645996 59.16110610961914
v -1824.0555419921875 -8.404193878173828 59.416473388671875
v -1824.1834716796875 -7.941356658935547 59.671905517578125
v -1824.4390869140625 -7.015594959259033 60.1829948425293
v -1826.4776611328125 0.39667612314224243 64.2835922241211
v -1828.5057373046875 7.826059341430664 68.40896606445312
v -1829.516357421875 11.549962043762207 70.48262023925781
v -1830.5413818359375 15.341479301452637 72.59799194335938
v -1832.5916748046875 22.970378875732422 76.86663818359375
v -1834.6279296875 30.607236862182617 81.15583801269531
v -1836.6466064453125 38.236907958984375 85.4566650390625
v -1838.6441650390625 45.843605041503906 89.75971221923828
v -1839.6339111328125 49.63323974609375 91.90899658203125
v -1840.126220703125 51.52371597290039 92.98251342773438
v -1840.371826171875 52.467750549316406 93.51892852783203
v -1840.43310546875 52.7036247253418 93.65298461914062
v -1840.494384765625 52.93943405151367 93.78702545166016
v -1840.6168212890625 53.41085433959961 94.05502319335938
v -1842.55908203125 60.91424560546875 98.32794189453125
v -1844.4661865234375 68.33171844482422 102.56494140625
v -1845.405517578125 72.00276184082031 104.66650390625
v -1845.522216796875 72.45970916748047 104.92830657958984
v -1845.5513916015625 72.57388305664062 104.99372100830078
v -1845.58056640625 72.68801879882812 105.05912780761719
v -1845.6387939453125 72.91621398925781 105.18988800048828
v -1845.871337890625 73.82775115966797 105.71235656738281
v -1846.33447265625 75.64488220214844 106.75440216064453
v -1848.158935546875 82.8288803100586 110.88081359863281
v -1849.053466796875 86.36628723144531 112.91641998291016
v -1849.9359130859375 89.86436462402344 114.93169403076172
v -1850.372314453125 91.59795379638672 115.93123626708984
v -1850.5894775390625 92.46077728271484 116.42890930175781
v -1850.829345703125 93.41509246826172 116.97949981689453
v -1851.802490234375 97.29369354248047 119.21916961669922
v -1852.7589111328125 101.12052917480469 121.43283081054688
v -1852.818115234375 101.35808563232422 121.57039642333984
v -1852.84765625 101.47679901123047 121.63915252685547
v -1852.877197265625 101.595458984375 121.7078857421875
v -1852.995361328125 102.0696792602539 121.98260498046875
v -1853.2308349609375 103.01603698730469 122.53109741210938
v -1853.6986083984375 104.90068817138672 123.62447357177734
v -1854.548828125 108.34217071533203 125.62512969970703
v -1854.9686279296875 110.0508804321289 126.62068939208984
v -1855.0208740234375 110.2639389038086 126.74493408203125
v -1855.0469970703125 110.37042236328125 126.80704498291016
v -1855.0731201171875 110.47687530517578 126.869140625
v -1855.1773681640625 110.90245056152344 127.11744689941406
v -1855.3851318359375 111.75236511230469 127.6136703491211
v -1857.018310546875 118.49900817871094 131.5694580078125
v -1858.5986328125 125.17143249511719 135.51669311523438
v -1858.9854736328125 126.83121490478516 136.5048828125
v -1859.177734375 127.66015625 136.99942016601562
v -1859.2255859375 127.86730194091797 137.1231231689453
v -1859.2734375 128.0744171142578 137.24684143066406
v -1859.3690185546875 128.48858642578125 137.49436950683594
v -1860.1268310546875 131.80023193359375 139.48019409179688
v -1861.605224609375 138.42584228515625 143.49093627929688
v -1862.325927734375 141.74708557128906 145.5220184326172
v -1863.0341796875 145.07891845703125 147.57437133789062
v -1863.121826171875 145.49632263183594 147.8325653076172
v -1863.1436767578125 145.6007080078125 147.89718627929688
v -1863.16552734375 145.7051239013672 147.96182250976562
v -1863.209228515625 145.9139862060547 148.09117126464844
v -1863.383544921875 146.75022888183594 148.60968017578125
v -1863.7301025390625 148.42662048339844 149.65211486816406
v -1864.41455078125 151.79672241210938 151.76014709472656
v -1865.087158203125 155.19322204589844 153.90185546875
v -1865.748046875 158.62014770507812 156.08062744140625
v -1866.3970947265625 162.0815887451172 158.2999267578125
v -1866.5574951171875 162.9528350830078 158.8614959716797
v -1866.71044921875 163.78956604003906 159.40194702148438
v -1867.01171875 165.45556640625 160.48126220703125
v -1867.604736328125 168.8050994873047 162.66404724121094
v -1868.184814453125 172.17491149902344 164.87664794921875
v -1868.7515869140625 175.56130981445312 167.11630249023438
v -1869.304931640625 178.96058654785156 169.3801727294922
v -1870.3702392578125 185.7830810546875 173.9694366455078
v -1871.378662109375 192.6129150390625 178.62193298339844
v -1871.86083984375 196.021240234375 180.96478271484375
v -1872.096435546875 197.72210693359375 182.13909912109375
v -1872.328125 199.4200897216797 183.31480407714844
v -1872.7796630859375 202.80210876464844 185.66664123535156
v -1873.215087890625 206.1609649658203 188.01553344726562
v -1873.634033203125 209.4923858642578 190.35818481445312
v -1874.0362548828125 212.7920684814453 192.69125366210938
v -1874.421630859375 216.0557098388672 195.01136779785156
v -1874.4686279296875 216.46090698242188 195.30029296875
v -1874.4920654296875 216.66326904296875 195.44467163085938
v -1874.515380859375 216.865478515625 195.58897399902344
v -1874.60791015625 217.67259216308594 196.16546630859375
v -1874.7899169921875 219.2785186767578 197.31483459472656
v -1875.1407470703125 222.45513916015625 199.59751892089844
v -1875.473876953125 225.58094787597656 201.85580444335938
v -1875.7891845703125 228.6513671875 204.08609008789062
v -1876.0863037109375 231.6617889404297 206.2847900390625
v -1876.22802734375 233.14308166503906 207.37115478515625
v -1876.37158203125 234.6764678955078 208.49896240234375
v -1876.6890869140625 238.2063751220703 211.1082000732422
v -1876.9798583984375 241.6431121826172 213.6670379638672
v -1877.24462890625 244.995361328125 216.1818389892578
v -1877.4844970703125 248.27197265625 218.6589813232422
v -1877.7001953125 251.48316955566406 221.10597229003906
v -1877.8929443359375 254.6392059326172 223.53038024902344
v -1878.0634765625 257.74908447265625 225.9388427734375
v -1878.212646484375 260.82183837890625 228.3379669189453
v -1878.2467041015625 261.58526611328125 228.93707275390625
v -1878.2633056640625 261.96636962890625 229.23658752441406
v -1878.2713623046875 262.1567687988281 229.3863525390625
v -1878.279541015625 262.34710693359375 229.53611755371094
v -1878.34130859375 263.8669128417969 230.73480224609375
v -1878.5404052734375 269.917236328125 235.5537872314453
v -1878.6124267578125 272.9414978027344 237.99017333984375
v -1878.6419677734375 274.4575500488281 239.21817016601562
v -1878.655029296875 275.2170715332031 239.8350067138672
v -1878.6612548828125 275.5972595214844 240.14418029785156
v -1878.6641845703125 275.7874755859375 240.29898071289062
v -1878.6671142578125 275.9778137207031 240.45391845703125
v -1878.7054443359375 279.0402526855469 242.95594787597656
v -1878.727783203125 282.1416015625 245.506103515625
v -1878.735107421875 285.2916259765625 248.11192321777344
v -1878.727783203125 288.5003356933594 250.78103637695312
v -1878.7196044921875 290.0226135253906 252.05209350585938
v -1878.7088623046875 291.49847412109375 253.2871551513672
v -1878.6954345703125 292.98779296875 254.5360565185547
v -1878.679443359375 294.4898376464844 255.7981719970703
v -1878.660888671875 296.0039367675781 257.0728759765625
v -1878.6396484375 297.52911376953125 258.3593444824219
v -1878.590087890625 300.6083984375 260.9636535644531
v -1878.5616455078125 302.1609802246094 262.2801208496094
v -1878.5465087890625 302.9401550292969 262.941650390625
v -1878.538818359375 303.3304443359375 263.273193359375
v -1878.534912109375 303.5257568359375 263.43914794921875
v -1878.532958984375 303.6234436035156 263.5221862792969
v -1878.5308837890625 303.7211608886719 263.6052551269531
v -1878.4627685546875 306.8599548339844 266.2774658203125
v -1878.3861083984375 310.01727294921875 268.97369384765625
v -1878.3656005859375 310.80877685546875 269.65081787109375
v -1878.355224609375 311.20477294921875 269.98980712890625
v -1878.3446044921875 311.6008605957031 270.3289794921875
v -1878.30126953125 313.1861877441406 271.68768310546875
v -1878.2247314453125 315.8263854980469 273.95465087890625
v -1878.1846923828125 317.14617919921875 275.08984375
v -1878.143310546875 318.4651794433594 276.2255859375
v -1878.056884765625 321.09783935546875 278.4962463378906
v -1877.966064453125 323.7199401855469 280.7626953125
v -1877.9189453125 325.0259094238281 281.89337158203125
v -1877.9129638671875 325.1888732910156 282.0345458984375
v -1877.9100341796875 325.27032470703125 282.1051330566406
v -1877.906982421875 325.3517761230469 282.1756896972656
v -1877.89501953125 325.6773986816406 282.4578552246094
v -1877.870849609375 326.3277282714844 283.02166748046875
v -1877.771484375 328.9161376953125 285.2686462402344
v -1877.66845703125 331.48126220703125 287.5001220703125
v -1877.64208984375 332.11846923828125 288.0552062988281
v -1877.6287841796875 332.4364318847656 288.3323059082031
v -1877.62548828125 332.5158386230469 288.4015197753906
v -1877.6220703125 332.5952453613281 288.4707336425781
v -1877.615478515625 332.7539367675781 288.60906982421875
v -1877.5616455078125 334.01910400390625 289.7126770019531
v -1877.4515380859375 336.5247497558594 291.9018859863281
v -1877.338134765625 338.9945068359375 294.0645446777344
v -1877.309326171875 339.60595703125 294.6007080078125
v -1877.3057861328125 339.68218994140625 294.6676025390625
v -1877.3021240234375 339.7584228515625 294.7344665527344
v -1877.294921875 339.9107360839844 294.8680725097656
v -1877.2803955078125 340.21484375 295.13494873046875
v -1877.2218017578125 341.4244689941406 296.1971740722656
v -1877.102783203125 343.8097839355469 298.2955322265625
v -1876.981201171875 346.1471862792969 300.3567199707031
v -1876.9130859375 347.41400146484375 301.4759826660156
v -1876.8345947265625 348.8394470214844 302.73736572265625
v -1876.6744384765625 351.6325378417969 305.2152099609375
v -1876.510009765625 354.3533935546875 307.6374816894531
v -1876.3409423828125 357.00775146484375 310.0093078613281
v -1876.2545166015625 358.311767578125 311.1778564453125
v -1876.2327880859375 358.635498046875 311.4682922363281
v -1876.227294921875 358.7162780761719 311.5408020019531
v -1876.2218017578125 358.7969970703125 311.61328125
v -1876.2109375 358.95831298828125 311.7580871582031
v -1876.1668701171875 359.6014709472656 312.3358154296875
v -1875.9874267578125 362.1421203613281 314.6236877441406
v -1875.80224609375 364.6355895996094 316.878173828125
v -1875.611083984375 367.0882568359375 319.10491943359375
v -1875.413330078125 369.5062255859375 321.30938720703125
v -1875.3629150390625 370.10589599609375 321.8575439453125
v -1875.3375244140625 370.4050598144531 322.1312255859375
v -1875.3311767578125 370.47979736328125 322.1995849609375
v -1875.3248291015625 370.5544738769531 322.2679748535156
v -1875.31201171875 370.70379638671875 322.4046630859375
v -1875.208984375 371.8949890136719 323.4963684082031
v -1874.997314453125 374.26116943359375 325.67181396484375
v -1874.8887939453125 375.4374084472656 326.7566223144531
v -1874.8338623046875 376.02410888671875 327.2985534667969
v -1874.80615234375 376.317138671875 327.5694274902344
v -1874.792236328125 376.46356201171875 327.7048645019531
v -1874.7783203125 376.6099548339844 327.84027099609375
v -1874.551513671875 378.9476013183594 330.00738525390625
v -1874.3165283203125 381.2799377441406 332.1783142089844
v -1874.25634765625 381.8627624511719 332.7221374511719
v -1874.2261962890625 382.1542053222656 332.9942626953125
v -1874.2110595703125 382.2999267578125 333.1304016113281
v -1874.19580078125 382.4456787109375 333.2665710449219
v -1874.0728759765625 383.6125183105469 334.3580017089844
v -1873.8201904296875 385.9527893066406 336.5531921386719
v -1873.5582275390625 388.30596923828125 338.7685546875
v -1873.2864990234375 390.67706298828125 341.008544921875
v -1873.0047607421875 393.07122802734375 343.2777099609375
v -1872.8631591796875 394.251953125 344.3993835449219
v -1872.722900390625 395.4089050292969 345.5000305175781
v -1872.435546875 397.7425231933594 347.7247009277344
v -1872.288330078125 398.9186096191406 348.8481140136719
v -1872.2139892578125 399.5088195800781 349.4125061035156
v -1872.1953125 399.6566162109375 349.5538635253906
v -1872.1859130859375 399.73052978515625 349.62457275390625
v -1872.176513671875 399.8044738769531 349.6953430175781
v -1872.1390380859375 400.1004333496094 349.97857666015625
v -1871.8338623046875 402.4795227050781 352.2586975097656
v -1871.5205078125 404.8769226074219 354.5623779296875
v -1871.4407958984375 405.47882080078125 355.1416931152344
v -1871.4208984375 405.62945556640625 355.2867126464844
v -1871.40087890625 405.7801513671875 355.43182373046875
v -1871.3607177734375 406.0816650390625 355.7222900390625
v -1871.198974609375 407.2898254394531 356.886962890625
v -1870.8699951171875 409.71478271484375 359.229248046875
v -1870.70263671875 410.9309387207031 360.4062194824219
v -1870.6182861328125 411.539794921875 360.9960632324219
v -1870.5970458984375 411.69207763671875 361.1436462402344
v -1870.575927734375 411.8443603515625 361.2912902832031
v -1870.533447265625 412.1490478515625 361.5867004394531
v -1870.1898193359375 414.589111328125 363.9560852050781
v -1869.83935546875 417.0318298339844 366.33453369140625
v -1869.7950439453125 417.3371887207031 366.6323547363281
v -1869.750732421875 417.642578125 366.9302673339844
v -1869.66162109375 418.25323486328125 367.5263366699219
v -1869.4822998046875 419.47393798828125 368.7192077636719
v -1869.1187744140625 421.9118347167969 371.1067199707031
v -1868.9346923828125 423.12823486328125 372.3007507324219
v -1868.7491455078125 424.3424072265625 373.4944152832031
v -1868.3734130859375 426.7618103027344 375.8788757324219
v -1867.991943359375 429.1668701171875 378.25726318359375
v -1867.97998046875 429.24176025390625 378.33148193359375
v -1867.9678955078125 429.316650390625 378.4056701660156
v -1867.94384765625 429.4663391113281 378.55401611328125
v -1867.895751953125 429.7655029296875 378.8505859375
v -1867.799072265625 430.3629455566406 379.4432678222656
v -1867.6048583984375 431.553955078125 380.62646484375
v -1867.212158203125 433.91937255859375 382.9831848144531
v -1867.0137939453125 435.0929870605469 384.15606689453125
v -1867.0013427734375 435.1661376953125 384.2292175292969
v -1866.9888916015625 435.2392578125 384.3023986816406
v -1866.9639892578125 435.3854064941406 384.4486389160156
v -1866.9141845703125 435.6773376464844 384.740966796875
v -1866.814208984375 436.2599182128906 385.32470703125
v -1866.410888671875 438.5716247558594 387.6475524902344
v -1866.00244140625 440.8512878417969 389.948974609375
v -1865.5460205078125 443.3253479003906 392.45989990234375
v -1865.0811767578125 445.7692565917969 394.95440673828125
v -1864.9638671875 446.3740539550781 395.573974609375
v -1864.8460693359375 446.97650146484375 396.1920166015625
v -1864.6092529296875 448.174560546875 397.4237976074219
v -1864.130126953125 450.54425048828125 399.8709716796875
v -1864.0091552734375 451.1314392089844 400.4795837402344
v -1863.948486328125 451.42425537109375 400.7834167480469
v -1863.933349609375 451.49737548828125 400.8593444824219
v -1863.918212890625 451.5704650878906 400.93524169921875
v -1863.8878173828125 451.7165832519531 401.08697509765625
v -1863.6434326171875 452.881103515625 402.2984924316406
v -1863.1488037109375 455.18829345703125 404.70947265625
v -1862.8983154296875 456.33160400390625 405.9095153808594
v -1862.6458740234375 457.4685974121094 407.1064147949219
v -1862.13427734375 459.72540283203125 409.4925537109375
v -1861.8751220703125 460.8459167480469 410.6824035644531
v -1861.7447509765625 461.40435791015625 411.27667236328125
v -1861.6793212890625 461.6831359863281 411.57366943359375
v -1861.646484375 461.8224182128906 411.72210693359375
v -1861.61376953125 461.96160888671875 411.8705749511719
v -1861.083984375 464.18060302734375 414.24359130859375
v -1860.5445556640625 466.3855895996094 416.61468505859375
v -1860.4764404296875 466.6603698730469 416.91107177734375
v -1860.408203125 466.93499755859375 417.20745849609375
v -1860.271240234375 467.4837951660156 417.8003234863281
v -1859.995361328125 468.5798034667969 418.98675537109375
v -1859.4697265625 470.6355285644531 421.22015380859375
v -1859.2034912109375 471.66180419921875 422.3390197753906
v -1858.934814453125 472.68756103515625 423.4598083496094
v -1858.3902587890625 474.7395324707031 425.709228515625
v -1857.835693359375 476.7944030761719 427.9710388183594
v -1857.27099609375 478.8547668457031 430.24761962890625
v -1856.6959228515625 480.92340087890625 432.5413818359375
v -1856.405029296875 481.95989990234375 433.6935119628906
v -1856.1270751953125 482.9445495605469 434.7896423339844
v -1855.5638427734375 484.92236328125 436.99615478515625
v -1854.408935546875 488.9103088378906 441.4646911621094
v -1853.8173828125 490.9192199707031 443.7255554199219
v -1853.5181884765625 491.9271545410156 444.86236572265625
v -1853.4429931640625 492.1794738769531 445.147216796875
v -1853.4053955078125 492.3056945800781 445.28973388671875
v -1853.36767578125 492.43194580078125 445.43231201171875
v -1853.216552734375 492.9372253417969 446.0032653808594
v -1851.9879150390625 496.9961242675781 450.6047668457031
v -1850.7244873046875 501.0800476074219 455.2619934082031
v -1850.4033203125 502.10418701171875 456.4342346191406
v -1850.32275390625 502.3603820800781 456.7277526855469
v -1850.282470703125 502.4884948730469 456.8746032714844
v -1850.2420654296875 502.61663818359375 457.021484375
v -1850.0802001953125 503.12933349609375 457.6094055175781
v -1849.4278564453125 505.1817626953125 459.9674072265625
v -1848.100341796875 509.2916564941406 464.7105712890625
v -1847.4256591796875 511.34716796875 467.09356689453125
v -1847.085693359375 512.3746337890625 468.2874450683594
v -1846.9151611328125 512.88818359375 468.8848876953125
v -1846.744140625 513.401611328125 469.4826354980469
v -1845.3623046875 517.5006713867188 474.27142333984375
v -1843.9578857421875 521.5782470703125 479.0650329589844
v -1843.603515625 522.5932006835938 480.2629089355469
v -1843.42236328125 523.1101684570312 480.8738708496094
v -1843.237548828125 523.6360473632812 481.4958190917969
v -1842.49560546875 525.7328491210938 483.9806213378906
v -1841.002685546875 529.891845703125 488.9306640625
v -1840.2535400390625 531.9526977539062 491.39300537109375
v -1840.1597900390625 532.2094116210938 491.7000732421875
v -1840.1129150390625 532.337646484375 491.85357666015625
v -1840.066162109375 532.4658813476562 492.0069885253906
v -1839.878662109375 532.9781494140625 492.6202697753906
v -1839.50390625 534.0 493.84454345703125
v -1838.00732421875 538.0499267578125 498.7078552246094
v -1837.2620849609375 540.051513671875 501.1169738769531
v -1836.890625 541.0462646484375 502.3153381347656
v -1836.705322265625 541.5420532226562 502.91290283203125
v -1836.658935546875 541.6658935546875 503.0621337890625
v -1836.6126708984375 541.7896118164062 503.2112731933594
v -1836.5201416015625 542.036865234375 503.50933837890625
v -1835.782470703125 544.0049438476562 505.88311767578125
v -1835.050048828125 545.9551391601562 508.2368469238281
v -1834.3236083984375 547.8870849609375 510.5694274902344
v -1833.6038818359375 549.800537109375 512.8797607421875
v -1833.246826171875 550.7501831054688 514.0263061523438
v -1833.0689697265625 551.2232055664062 514.5973510742188
v -1832.8917236328125 551.6949462890625 515.1668701171875
v -1832.1881103515625 553.5697021484375 517.4290161132812
v -1831.4937744140625 555.42431640625 519.6651611328125
v -1830.809326171875 557.2586669921875 521.87451171875
v -1830.135498046875 559.0726318359375 524.0562133789062
v -1829.8028564453125 559.9718627929688 525.136474609375
v -1829.4747314453125 560.8612670898438 526.2039184570312
v -1828.827392578125 562.6249389648438 528.3174438476562
v -1828.1885986328125 564.3773193359375 530.4129028320312
v -1828.0301513671875 564.8143310546875 530.9346923828125
v -1827.990478515625 564.923583984375 531.0650634765625
v -1827.950927734375 565.0327758789062 531.1953735351562
v -1827.8719482421875 565.2511596679688 531.4559936523438
v -1827.5565185546875 566.1248779296875 532.4976806640625
v -1826.928466796875 567.875244140625 534.5806884765625
v -1826.3028564453125 569.63427734375 536.6685180664062
v -1825.67724609375 571.4090576171875 538.7693481445312
v -1825.0494384765625 573.2067260742188 540.891357421875
v -1824.7342529296875 574.115966796875 541.9623413085938
v -1824.6551513671875 574.344482421875 542.2313232421875
v -1824.635498046875 574.4016723632812 542.298583984375
v -1824.61572265625 574.4589233398438 542.365966796875
v -1824.576171875 574.573486328125 542.500732421875
v -1824.417724609375 575.0332641601562 543.0413208007812
v -1823.7794189453125 576.8966064453125 545.2283935546875
v -1823.1326904296875 578.8034057617188 547.4599609375
v -1823.0511474609375 579.0451049804688 547.7423706054688
v -1823.01025390625 579.166259765625 547.8839111328125
v -1823.0 579.196533203125 547.9193115234375
v -1822.9898681640625 579.2268676757812 547.9547729492188
v -1822.9693603515625 579.28759765625 548.025634765625
v -1822.805419921875 579.7750854492188 548.5947875976562
v -1822.4752197265625 580.7605590820312 549.7440795898438
v -1821.8045654296875 582.776123046875 552.0899658203125
v -1821.463623046875 583.8079223632812 553.288330078125
v -1821.4207763671875 583.9380493164062 553.4393920898438
v -1821.4100341796875 583.9706420898438 553.4772338867188
v -1821.3992919921875 584.0032348632812 553.5150146484375
v -1821.3778076171875 584.0684814453125 553.5907592773438
v -1821.291748046875 584.3302001953125 553.8943481445312
v -1821.11865234375 584.85693359375 554.5051879882812
v -1820.4149169921875 587.0114135742188 556.99951171875
v -1820.0556640625 588.1185913085938 558.2789916992188
v -1819.8740234375 588.6800537109375 558.9271850585938
v -1819.8511962890625 588.7506103515625 559.0086669921875
v -1819.83984375 588.785888671875 559.0493774414062
v -1819.828369140625 588.8212280273438 559.0901489257812
v -1819.78271484375 588.9627685546875 559.2535400390625
v -1819.6910400390625 589.2469482421875 559.5813598632812
v -1818.944091796875 591.5725708007812 562.2611083984375
v -1818.17138671875 593.996826171875 565.0485229492188
v -1817.3704833984375 596.5274047851562 567.9523315429688
v -1816.8380126953125 598.21923828125 569.890869140625
v -1816.629150390625 598.88427734375 570.6522827148438
v -1816.4510498046875 599.4525146484375 571.3026733398438
v -1816.0904541015625 600.6045532226562 572.6206665039062
v -1815.7242431640625 601.776611328125 573.9609375
v -1815.3524169921875 602.968017578125 575.3228149414062
v -1815.16455078125 603.57080078125 576.0115966796875
v -1814.975341796875 604.177978515625 576.7054443359375
v -1814.205810546875 606.6488037109375 579.5282592773438
v -1813.8135986328125 607.9080810546875 580.9669189453125
v -1813.71484375 608.2252807617188 581.3292846679688
v -1813.6900634765625 608.3046875 581.4200439453125
v -1813.677734375 608.3444213867188 581.4654541015625
v -1813.665283203125 608.3842163085938 581.5108642578125
v -1813.61572265625 608.5433349609375 581.6926879882812
v -1813.416748046875 609.1820678710938 582.4224853515625
v -1812.610107421875 611.7686767578125 585.3787231445312
v -1811.786865234375 614.4011840820312 588.3895874023438
v -1810.9483642578125 617.0728759765625 591.4484252929688
v -1810.736328125 617.74609375 592.2198486328125
v -1810.6300048828125 618.0834350585938 592.6065063476562
v -1810.6033935546875 618.1678466796875 592.7032470703125
v -1810.5767822265625 618.2522583007812 592.800048828125
v -1810.5235595703125 618.4212036132812 592.9937133789062
v -1810.0955810546875 619.7759399414062 594.5475463867188
v -1809.230712890625 622.5000610351562 597.6763305664062
v -1808.35498046875 625.2378540039062 600.8273315429688
v -1807.913330078125 626.609619140625 602.4089965820312
v -1807.691650390625 627.2958374023438 603.2009887695312
v -1807.5806884765625 627.6390380859375 603.59716796875
v -1807.469482421875 627.982177734375 603.9935302734375
v -1806.5760498046875 630.7235107421875 607.1653442382812
v -1805.6763916015625 633.4528198242188 610.3333129882812
v -1804.7718505859375 636.1630859375 613.490478515625
v -1804.3179931640625 637.5088500976562 615.0628051757812
v -1804.3038330078125 637.55078125 615.1118774414062
v -1804.296630859375 637.57177734375 615.1364135742188
v -1804.294921875 637.5769653320312 615.1425170898438
v -1804.29443359375 637.5783081054688 615.1441040039062
v -1804.2940673828125 637.57958984375 615.1456298828125
v -1804.2930908203125 637.5822143554688 615.148681640625
v -1804.28955078125 637.5927734375 615.1609497070312
v -1804.2611083984375 637.6768188476562 615.2593383789062
v -1804.2041015625 637.8448486328125 615.4559326171875
v -1804.0902099609375 638.1805419921875 615.848876953125
v -1803.8621826171875 638.8504028320312 616.6336669921875
v -1802.9483642578125 641.5111083984375 619.7589721679688
v -1802.0313720703125 644.1427612304688 622.8634643554688
v -1801.11083984375 646.7472534179688 625.9489135742188
v -1800.9954833984375 647.0709838867188 626.3333740234375
v -1800.9666748046875 647.15185546875 626.429443359375
v -1800.937744140625 647.2327270507812 626.5255126953125
v -1800.880126953125 647.3943481445312 626.717529296875
v -1800.6490478515625 648.0399169921875 627.4851684570312
v -1800.186279296875 649.3267211914062 629.017578125
v -1799.2574462890625 651.8836669921875 632.0718994140625
v -1798.3240966796875 654.4198608398438 635.1136474609375
v -1797.85546875 655.6807861328125 636.63037109375
v -1797.620849609375 656.3095092773438 637.3878173828125
v -1797.5032958984375 656.6234741210938 637.7662963867188
v -1797.444580078125 656.7803955078125 637.9555053710938
v -1797.3857421875 656.9371948242188 638.1446533203125
v -1796.4422607421875 659.438232421875 641.1674194335938
v -1794.5382080078125 664.4003295898438 647.1967163085938
v -1794.05859375 665.6339111328125 648.701904296875
v -1793.9384765625 665.94189453125 649.078125
v -1793.8182373046875 666.2498168945312 649.454345703125
v -1793.5775146484375 666.865234375 650.206787109375
v -1792.6103515625 669.3229370117188 653.21728515625
v -1790.6563720703125 674.22509765625 659.2470703125
v -1790.163330078125 675.450439453125 660.759033203125
v -1789.6649169921875 676.6846923828125 662.2836303710938
v -1788.6629638671875 679.1533203125 665.338134765625
v -1787.654052734375 681.62158203125 668.3993530273438
v -1786.6385498046875 684.0890502929688 671.4666748046875
v -1786.5111083984375 684.3973999023438 671.8504638671875
v -1786.4473876953125 684.5515747070312 672.0424194335938
v -1786.383544921875 684.7057495117188 672.234375
v -1786.128173828125 685.3223876953125 673.00244140625
v -1785.6163330078125 686.5552368164062 674.5394897460938
v -1784.587646484375 689.0192260742188 677.6170654296875
v -1783.5526123046875 691.4805297851562 680.6987915039062
v -1783.03271484375 692.7100219726562 682.2410278320312
v -1782.772216796875 693.3244018554688 683.012451171875
v -1782.5113525390625 693.9385375976562 683.7840576171875
v -1781.4639892578125 696.3924560546875 686.8719482421875
v -1780.41064453125 698.84130859375 689.9617309570312
v -1779.3514404296875 701.2844848632812 693.0526123046875
v -1778.8197021484375 702.503662109375 694.5983276367188
v -1778.5533447265625 703.1126098632812 695.3711547851562
v -1778.28662109375 703.7211303710938 696.1439819335938
v -1777.216064453125 706.1503295898438 699.234619140625
v -1776.14013671875 708.571044921875 702.32373046875
v -1775.0589599609375 710.982421875 705.4105224609375
v -1774.5155029296875 712.1860961914062 706.9549560546875
v -1773.9658203125 713.3982543945312 708.5128784179688
v -1771.755126953125 718.2177734375 714.73193359375
v -1769.52880859375 722.9886474609375 720.9265747070312
v -1768.410888671875 725.3551025390625 724.012939453125
v -1767.270751953125 727.749267578125 727.14453125
v -1764.9632568359375 732.538818359375 733.4361572265625
v -1762.650634765625 737.2687377929688 739.6834716796875
v -1760.3358154296875 741.93798828125 745.882568359375
v -1758.021728515625 746.5459594726562 752.0300903320312
v -1757.7254638671875 747.1318359375 752.8137817382812
v -1757.4232177734375 747.7288208007812 753.61279296875
v -1756.8184814453125 748.919677734375 755.2081909179688
v -1755.609130859375 751.2890014648438 758.3887939453125
v -1754.3983154296875 753.6419677734375 761.55712890625
v -1753.792236328125 754.8123779296875 763.1370849609375
v -1753.48876953125 755.3960571289062 763.9260864257812
v -1753.4129638671875 755.5418090820312 764.123291015625
v -1753.3370361328125 755.6875 764.3203735351562
v -1753.1851806640625 755.9786987304688 764.7144775390625
v -1751.4161376953125 759.3449096679688 769.284423828125
v -1749.635498046875 762.67822265625 773.838623046875
v -1749.1881103515625 763.5064086914062 774.97509765625
v -1748.964111328125 763.9197387695312 775.5430908203125
v -1748.9080810546875 764.0230102539062 775.68505859375
v -1748.85205078125 764.126220703125 775.8270263671875
v -1748.7398681640625 764.33251953125 776.1109008789062
v -1747.8399658203125 765.9786987304688 778.380615234375
v -1746.0257568359375 769.2466430664062 782.9142456054688
v -1744.1898193359375 772.4815063476562 787.4425048828125
v -1742.32861328125 775.6829833984375 791.96826171875
v -1740.43896484375 778.8504638671875 796.4944458007812
v -1739.4825439453125 780.4210815429688 798.75830078125
v -1739.2388916015625 780.8175659179688 799.3319702148438
v -1738.9744873046875 781.2463989257812 799.9534301757812
v -1738.44384765625 782.1018676757812 801.1962280273438
v -1737.3763427734375 783.802978515625 803.679931640625
v -1736.3017578125 785.4896850585938 806.1588134765625
v -1735.2215576171875 787.1603393554688 808.630126953125
v -1734.6796875 787.9891967773438 809.8621215820312
v -1734.5440673828125 788.1957397460938 810.169677734375
v -1734.4761962890625 788.298828125 810.3233642578125
v -1734.4083251953125 788.4019165039062 810.47705078125
v -1734.136962890625 788.8133544921875 811.0911254882812
v -1733.050048828125 790.4461059570312 813.5375366210938
v -1731.962646484375 792.056884765625 815.9664306640625
v -1730.875732421875 793.6443481445312 818.375244140625
v -1729.791015625 795.2071533203125 820.7615966796875
v -1729.6556396484375 795.4006958007812 821.0581665039062
v -1729.6217041015625 795.4490356445312 821.1322631835938
v -1729.587890625 795.497314453125 821.206298828125
v -1729.520263671875 795.5938110351562 821.3543701171875
v -1729.249755859375 795.9788208007812 821.9454956054688
v -1728.709716796875 796.7435913085938 823.1224365234375
v -1727.6339111328125 798.2517700195312 825.4545288085938
v -1727.0985107421875 798.994873046875 826.6090087890625
v -1727.0650634765625 799.0410766601562 826.680908203125
v -1727.0316162109375 799.0872802734375 826.7527465820312
v -1726.96484375 799.1795043945312 826.8963623046875
v -1726.8314208984375 799.3636474609375 827.1832275390625
v -1726.5648193359375 799.73046875 827.7553100585938
v -1725.504150390625 801.1780395507812 830.0218505859375
v -1724.9774169921875 801.8897705078125 831.1415405273438
v -1724.7149658203125 802.2425537109375 831.6979370117188
v -1724.583984375 802.418212890625 831.9752197265625
v -1724.5185546875 802.5057983398438 832.1135864257812
v -1724.48583984375 802.549560546875 832.1827392578125
v -1724.453125 802.5933227539062 832.2518920898438
v -1723.4134521484375 803.9749145507812 834.4427490234375
v -1722.38623046875 805.3216552734375 836.5918579101562
v -1721.8778076171875 805.9816284179688 837.6502075195312
v -1721.84619140625 806.0225830078125 837.7160034179688
v -1721.8145751953125 806.0634765625 837.78173828125
v -1721.751220703125 806.1452026367188 837.9130859375
v -1721.625 806.3082275390625 838.1751708984375
v -1721.373046875 806.6324462890625 838.6973266601562
v -1720.375244140625 807.9060668945312 840.7562866210938
v -1719.3941650390625 809.1414794921875 842.7669677734375
v -1718.788818359375 809.8951416015625 844.0003051757812
v -1718.06640625 810.7863159179688 845.4653930664062
v -1717.3536376953125 811.6565551757812 846.9034423828125
v -1716.650390625 812.5067749023438 848.3153686523438
v -1716.4759521484375 812.7162475585938 848.6643676757812
v -1716.3890380859375 812.820556640625 848.8383178710938
v -1716.3455810546875 812.8726196289062 848.9251098632812
v -1716.3021240234375 812.9246215820312 849.0118408203125
v -1715.9561767578125 813.3377685546875 849.7022094726562
v -1715.270751953125 814.1505737304688 851.065185546875
v -1714.5936279296875 814.9458618164062 852.4052124023438
v -1713.9246826171875 815.7244873046875 853.7232055664062
v -1713.59326171875 816.1077880859375 854.3742065429688
v -1713.5107421875 816.2030029296875 854.5361328125
v -1713.4901123046875 816.2267456054688 854.5765380859375
v -1713.469482421875 816.25048828125 854.616943359375
v -1713.4283447265625 816.2979736328125 854.6976928710938
v -1713.2637939453125 816.4871826171875 855.0199584960938
v -1712.6103515625 817.2348022460938 856.2967529296875
v -1711.9639892578125 817.9682006835938 857.554443359375
v -1711.32470703125 818.6879272460938 858.7938842773438
v -1710.692138671875 819.394775390625 860.0157470703125
v -1710.6136474609375 819.4822387695312 860.1672973632812
v -1710.593994140625 819.5040893554688 860.2051391601562
v -1710.5743408203125 819.52587890625 860.2429809570312
v -1710.5350341796875 819.5695190429688 860.3185424804688
v -1710.37841796875 819.7435302734375 860.620361328125
v -1710.0660400390625 820.0894165039062 861.2210693359375
v -1709.446044921875 820.7726440429688 862.410888671875
v -1708.831787109375 821.4451904296875 863.5859375
v -1708.22314453125 822.1076049804688 864.7469482421875
v -1707.9207763671875 822.4351806640625 865.3223876953125
v -1707.7701416015625 822.5980834960938 865.60888671875
v -1707.6949462890625 822.6793212890625 865.7518310546875
v -1707.657470703125 822.7199096679688 865.8232421875
v -1707.619873046875 822.7604370117188 865.8945922851562
v -1707.021728515625 823.4044799804688 867.0299072265625
v -1706.42822265625 824.0404663085938 868.1537475585938
v -1705.8392333984375 824.6689453125 869.266845703125
v -1705.254638671875 825.2904052734375 870.3697509765625
v -1704.6741943359375 825.9053955078125 871.4631958007812
v -1704.6380615234375 825.943603515625 871.53125
v -1704.6019287109375 825.9818725585938 871.5992431640625
v -1704.5296630859375 826.0582275390625 871.7351684570312
v -1704.3853759765625 826.210693359375 872.006591796875
v -1704.0975341796875 826.5146484375 872.5480346679688
v -1702.954345703125 827.7183837890625 874.6951293945312
v -1701.82373046875 828.90576171875 876.8161010742188
v -1701.6832275390625 829.05322265625 877.0796508789062
v -1701.613037109375 829.1268920898438 877.2112426757812
v -1701.5428466796875 829.2005004882812 877.3428344726562
v -1701.2625732421875 829.4945678710938 877.868408203125
v -1700.7037353515625 830.0810546875 878.9163818359375
v -1699.59228515625 831.2488403320312 881.0018310546875
v -1699.039306640625 831.8309936523438 882.040283203125
v -1698.7635498046875 832.1218872070312 882.5587158203125
v -1698.625732421875 832.2672729492188 882.8178100585938
v -1698.556884765625 832.3399658203125 882.947265625
v -1698.488037109375 832.4126586914062 883.0767211914062
v -1697.38916015625 833.5768432617188 885.1466064453125
v -1696.2938232421875 834.7451782226562 887.21630859375
v -1695.7470703125 835.3319091796875 888.2523803710938
v -1695.4715576171875 835.6287231445312 888.7754516601562
v -1695.1939697265625 835.9284057617188 889.302978515625
v -1694.0831298828125 837.1334838867188 891.4187622070312
v -1692.9696044921875 838.3485107421875 893.5454711914062
v -1692.6905517578125 838.6537475585938 894.0790405273438
v -1692.6207275390625 838.7301025390625 894.2125854492188
v -1692.55078125 838.8065795898438 894.34619140625
v -1692.4110107421875 838.9595336914062 894.6135864257812
v -1691.8505859375 839.5729370117188 895.6854858398438
v -1690.7230224609375 840.8067016601562 897.8419189453125
v -1690.155029296875 841.4269409179688 898.9270629882812
v -1689.5838623046875 842.0492553710938 900.0172119140625
v -1689.009033203125 842.6737060546875 901.1128540039062
v -1688.429931640625 843.30029296875 902.2144165039062
v -1687.8463134765625 843.928955078125 903.322265625
v -1687.2579345703125 844.5595092773438 904.4365844726562
v -1686.961669921875 844.87548828125 904.996337890625
v -1686.8131103515625 845.03369140625 905.27685546875
v -1686.77587890625 845.0732421875 905.3470458984375
v -1686.7386474609375 845.11279296875 905.4172973632812
v -1686.6640625 845.1919555664062 905.557861328125
v -1686.064453125 845.8262329101562 906.6864624023438
v -1685.4586181640625 846.4623413085938 907.8229370117188
v -1684.8460693359375 847.1002197265625 908.9675903320312
v -1684.226318359375 847.73974609375 910.1207275390625
v -1683.91357421875 848.06005859375 910.7006225585938
v -1683.5989990234375 848.3807373046875 911.28271484375
v -1682.5941162109375 849.3936157226562 913.132568359375
v -1681.568603515625 850.4085083007812 915.0048217773438
v -1680.521240234375 851.4244995117188 916.9000854492188
v -1679.450439453125 852.4406127929688 918.81884765625
v -1678.35498046875 853.4559936523438 920.7617797851562
v -1677.797607421875 853.9630737304688 921.7424926757812
v -1677.516357421875 854.2164306640625 922.2351684570312
v -1677.4810791015625 854.248046875 922.296875
v -1677.44580078125 854.2797241210938 922.3585815429688
v -1677.3751220703125 854.343017578125 922.4821166992188
v -1677.2333984375 854.4696655273438 922.7295532226562
v -1676.0826416015625 855.482177734375 924.7257080078125
v -1674.900390625 856.4931030273438 926.7521362304688
v -1673.685302734375 857.5013427734375 928.8095092773438
v -1672.435546875 858.505859375 930.8983154296875
v -1671.14990234375 859.50537109375 933.0192260742188
v -1670.5537109375 859.9574584960938 933.9933471679688
v -1670.0118408203125 860.3619995117188 934.873291015625
v -1668.9090576171875 861.1676635742188 936.649658203125
v -1667.781494140625 861.9673461914062 938.446044921875
v -1666.630126953125 862.759521484375 940.260009765625
v -1665.4559326171875 863.542724609375 942.08935546875
v -1664.2601318359375 864.3153076171875 943.9317626953125
v -1663.6544189453125 864.6972045898438 944.857177734375
v -1663.043701171875 865.0758666992188 945.784912109375
v -1660.552978515625 866.5552978515625 949.5147094726562
v -1657.9910888671875 867.9705810546875 953.2628173828125
v -1656.685791015625 868.6510620117188 955.138916015625
v -1655.36572265625 869.311767578125 957.0132446289062
v -1654.0328369140625 869.9509887695312 958.8826904296875
v -1652.6878662109375 870.5679321289062 960.7457885742188
v -1649.964111328125 871.731689453125 964.4478759765625
v -1648.5865478515625 872.27685546875 966.2842407226562
v -1648.4136962890625 872.3432006835938 966.5130004882812
v -1648.3271484375 872.3762817382812 966.6272583007812
v -1648.24072265625 872.4091796875 966.7415161132812
v -1647.8944091796875 872.5398559570312 967.1978759765625
v -1647.2005615234375 872.7960815429688 968.1074829101562
v -1645.80908203125 873.2879028320312 969.91357421875
v -1644.413330078125 873.7515869140625 971.7006225585938
v -1644.2386474609375 873.8074951171875 971.922607421875
v -1644.1512451171875 873.8353271484375 972.033447265625
v -1644.0638427734375 873.863037109375 972.1442260742188
v -1643.7142333984375 873.97265625 972.58642578125
v -1643.0147705078125 874.1864624023438 973.466552734375
v -1641.6151123046875 874.5918579101562 975.2091674804688
v -1640.215576171875 874.96728515625 976.9268188476562
v -1639.48876953125 875.1504516601562 977.8090209960938
v -1638.7413330078125 875.3303833007812 978.7091674804688
v -1637.250244140625 875.6635131835938 980.4837036132812
v -1635.7646484375 875.9609375 982.2230834960938
v -1635.0150146484375 876.097900390625 983.08984375
v -1634.2138671875 876.2344360351562 984.008056640625
v -1632.61669921875 876.4771118164062 985.8142700195312
v -1631.02490234375 876.6810302734375 987.5826416015625
v -1630.6278076171875 876.7261962890625 988.0191650390625
v -1630.42919921875 876.7479248046875 988.2366943359375
v -1630.379638671875 876.7532958984375 988.2909545898438
v -1630.330078125 876.7586059570312 988.34521484375
v -1630.2308349609375 876.7691040039062 988.45361328125
v -1629.4373779296875 876.8482666015625 989.3165283203125
v -1627.8515625 876.98095703125 991.0198974609375
v -1626.2662353515625 877.0809936523438 992.6957397460938
v -1625.473388671875 877.119384765625 993.524169921875
v -1625.374267578125 877.1236572265625 993.6273193359375
v -1625.275146484375 877.1278076171875 993.7303466796875
v -1625.0767822265625 877.1357421875 993.9362182617188
v -1624.679931640625 877.1502685546875 994.3469848632812
v -1623.090087890625 877.1904907226562 995.9778442382812
v -1621.4951171875 877.203369140625 997.591064453125
v -1619.89404296875 877.1905517578125 999.1891479492188
v -1616.6685791015625 877.0936889648438 1002.3494873046875
v -1615.8565673828125 877.0556030273438 1003.1337890625
v -1615.4495849609375 877.03466796875 1003.5252685546875
v -1615.245849609375 877.023681640625 1003.7208251953125
v -1615.0419921875 877.0123901367188 1003.916259765625
v -1613.40625 876.9111328125 1005.475830078125
v -1610.1016845703125 876.6533203125 1008.5821533203125
v -1608.42919921875 876.4989013671875 1010.134521484375
v -1606.7403564453125 876.3285522460938 1011.6900634765625
v -1605.033447265625 876.14306640625 1013.251220703125
v -1604.8187255859375 876.1188354492188 1013.4468383789062
v -1604.711181640625 876.1066284179688 1013.5447387695312
v -1604.6036376953125 876.0944213867188 1013.6427001953125
v -1604.172607421875 876.0447998046875 1014.03466796875
v -1603.3065185546875 875.9429931640625 1014.8203735351562
v -1601.55859375 875.7289428710938 1016.3990478515625
v -1599.78857421875 875.5013427734375 1017.9885864257812
v -1599.3426513671875 875.4423828125 1018.3878173828125
v -1598.8951416015625 875.3826293945312 1018.787841796875
v -1597.99560546875 875.2606811523438 1019.5903930664062
v -1596.1781005859375 875.007080078125 1021.2061157226562
v -1594.33544921875 874.7408447265625 1022.8367309570312
v -1593.4764404296875 874.6137084960938 1023.5944213867188
v -1733.544921875 -153.7620086669922 -33.88480758666992
v -1688.343017578125 -236.83338928222656 -82.39000701904297
v -1731.9169921875 -271.98699951171875 -82.37836456298828
v -1710.162353515625 -254.76861572265625 -82.37935638427734
v -1687.8045654296875 -297.4691162109375 -105.74488067626953
v -1709.477783203125 -315.35150146484375 -105.80455017089844
v -1626.4854736328125 -63.5865478515625 -33.90867233276367
v -1562.3233642578125 -119.7672348022461 -82.49905395507812
v -1626.0755615234375 -181.68031311035156 -82.4601821899414
v -1709.3216552734375 -345.59576416015625 -117.08287811279297
v -1698.666259765625 -306.5295715332031 -105.77185821533203
v -1687.7252197265625 -327.7443542480469 -116.98200225830078
v -1698.5479736328125 -336.79412841796875 -117.02835083007812
v -1657.935546875 -210.63327026367188 -82.41837310791016
v -1625.838134765625 -241.908935546875 -105.71153259277344
v -1657.5916748046875 -271.19097900390625 -105.70293426513672
v -1709.316650390625 -360.68865966796875 -122.62571716308594
v -1703.9381103515625 -341.22296142578125 -117.05462646484375
v -1698.563232421875 -351.89703369140625 -122.5605239868164
v -1703.9432373046875 -356.3214416503906 -122.59197235107422
v -1720.28271484375 -323.9806823730469 -105.8426284790039
v -1709.3358154296875 -368.2331237792969 -125.38275909423828
v -1706.63037109375 -358.5118103027344 -122.60855865478516
v -1703.9676513671875 -363.86846923828125 -125.34637451171875
v -1706.6522216796875 -366.0576477050781 -125.3642578125
v -1714.704345703125 -349.9184875488281 -117.11302947998047
v -1712.0028076171875 -362.8527526855469 -122.64342498779297
v -1712.0126953125 -347.76300048828125 -117.09772491455078
v -1709.312255859375 -353.1434020996094 -119.86003112792969
v -1712.0009765625 -355.30902099609375 -119.87632751464844
v -1720.1661376953125 -339.10272216796875 -111.53285217285156
v -1714.87841796875 -319.68731689453125 -105.82293701171875
v -1709.3779296875 -330.4870910644531 -111.48284912109375
v -1714.769775390625 -334.8165283203125 -111.50707244873047
v -1731.4805908203125 -302.19964599609375 -94.25067901611328
v -1721.0283203125 -263.4466857910156 -82.37759399414062
v -1709.778076171875 -285.0339660644531 -94.21495819091797
v -1720.6142578125 -293.6878967285156 -94.23101806640625
v -1732.8123779296875 -212.2830352783203 -58.24908447265625
v -1711.5350341796875 -136.25604248046875 -33.89624786376953
v -1688.9708251953125 -176.9292449951172 -58.31595993041992
v -1710.944580078125 -194.93736267089844 -58.280799865722656
v -1779.3145751953125 -81.8958511352539 11.585766792297363
v -1735.9610595703125 57.74626541137695 57.05509948730469
v -1689.8314208984375 -11.044696807861328 11.545511245727539
v -1734.6710205078125 -47.072872161865234 11.565120697021484
v -1713.345458984375 -356.3873291015625 -119.88465881347656
v -1712.0001220703125 -359.0810852050781 -121.26113891601562
v -1714.0177001953125 -356.9254150390625 -119.88887023925781
v -1714.695556640625 -353.6910095214844 -118.50469207763672
v -1713.3583984375 -348.8421630859375 -117.10531616210938
v -1712.005126953125 -351.5364074707031 -118.48863983154297
v -1713.350341796875 -352.6151428222656 -118.4966049194336
v -1714.731201171875 -342.3702697753906 -114.31861877441406
v -1712.0736083984375 -332.6575927734375 -111.49475860595703
v -1709.3438720703125 -338.044189453125 -114.29142761230469
v -1712.037353515625 -340.2130432128906 -114.3048095703125
v -1704.0755615234375 -310.9674987792969 -105.78750610351562
v -1698.5848388671875 -321.6750183105469 -111.43927764892578
v -1703.9847412109375 -326.1085510253906 -111.4602279663086
v -1699.2802734375 -245.91131591796875 -82.38352966308594
v -1688.031494140625 -267.12506103515625 -94.19398498535156
v -1698.930908203125 -276.1942138671875 -94.20258331298828
v -1714.3538818359375 -357.1941833496094 -119.8909912109375
v -1716.050537109375 -350.9920349121094 -117.12085723876953
v -1717.467041015625 -336.96466064453125 -111.519775390625
v -1717.42626953125 -344.5165710449219 -114.33284759521484
v -1714.6925048828125 -355.57696533203125 -119.19928741455078
v -1714.02294921875 -353.1534118652344 -118.5006332397461
v -1713.347412109375 -354.5013122558594 -119.19100952148438
v -1714.0198974609375 -355.03948974609375 -119.19513702392578
v -1714.356201171875 -355.3083190917969 -119.19720458984375
v -1714.0186767578125 -355.98248291015625 -119.54209899902344
v -1714.35498046875 -356.25128173828125 -119.544189453125
v -1714.5230712890625 -356.3855895996094 -119.54524230957031
v -1714.3543701171875 -356.72271728515625 -119.71761322021484
v -1714.5225830078125 -356.8570556640625 -119.71867370605469
v -1717.4102783203125 -348.29034423828125 -115.7327880859375
v -1718.100341796875 -345.0515441894531 -114.33647155761719
v -1717.4178466796875 -346.40362548828125 -115.03333282470703
v -1718.8162841796875 -338.034912109375 -111.5262680053711
v -1717.4453125 -340.7414245605469 -112.92862701416016
v -1718.7940673828125 -341.8111877441406 -112.93550872802734
v -1720.2196044921875 -331.54547119140625 -108.69833374023438
v -1717.5797119140625 -321.8389587402344 -105.8326187133789
v -1714.8192138671875 -327.255615234375 -108.67562103271484
v -1717.5185546875 -329.4055480957031 -108.68679809570312
v -1720.4345703125 -308.83660888671875 -100.07207489013672
v -1715.1949462890625 -289.38140869140625 -94.2225341796875
v -1709.6136474609375 -300.1947937011719 -100.04539489746094
v -1715.0225830078125 -304.53656005859375 -100.05818939208984
v -1716.07861328125 -343.4447326660156 -114.32568359375
v -1714.71630859375 -346.14495849609375 -115.71778869628906
v -1716.0631103515625 -347.2189636230469 -115.72523498535156
v -1718.4373779296875 -345.31878662109375 -114.33829498291016
v -1718.783935546875 -343.69873046875 -113.63837432861328
v -1718.11962890625 -341.276611328125 -112.93205261230469
v -1717.4354248046875 -342.6291809082031 -113.63129425048828
v -1718.109619140625 -343.1642761230469 -113.63481903076172
v -1716.1182861328125 -335.89190673828125 -111.51337432861328
v -1714.7491455078125 -338.5942077636719 -112.9151611328125
v -1716.0970458984375 -339.66912841796875 -112.92184448242188
v -1718.7791748046875 -344.642333984375 -113.9893798828125
v -1718.44677734375 -343.43157958984375 -113.6365966796875
v -1718.1048583984375 -344.1079406738281 -113.98578643798828
v -1718.4420166015625 -344.3752136230469 -113.98757934570312
v -1726.041015625 -297.95880126953125 -94.24040222167969
v -1725.85498046875 -313.1005554199219 -100.08702850341797
v -1755.6444091796875 -170.9324951171875 -33.87812423706055
v -1754.8458251953125 -229.26446533203125 -58.22414779663086
v -1721.571044921875 -332.6119384765625 -108.7042236328125
v -1720.191650390625 -335.3251037597656 -110.11824035644531
v -1728.5699462890625 -315.2207336425781 -100.09490203857422
v -1728.7589111328125 -300.0826416015625 -94.24542999267578
v -1725.945068359375 -305.5292053222656 -97.17183685302734
v -1728.6614990234375 -307.6512145996094 -97.17825317382812
v -1731.692138671875 -287.0779724121094 -88.33901977539062
v -1726.4674072265625 -267.7314758300781 -82.37765502929688
v -1720.8145751953125 -278.55206298828125 -88.32950592041016
v -1726.24755859375 -282.829833984375 -88.3338851928711
v -1732.378662109375 -241.9691619873047 -70.35124969482422
v -1721.874755859375 -203.6743621826172 -58.26430130004883
v -1710.5706787109375 -224.69288635253906 -70.37599182128906
v -1721.4671630859375 -233.39767456054688 -70.36273193359375
v -1730.0211181640625 -308.7095947265625 -97.18155670166016
v -1728.6148681640625 -311.4360046386719 -98.63867950439453
v -1729.9742431640625 -312.493896484375 -98.64234161376953
v -1737.3819580078125 -276.2184143066406 -82.3797378540039
v -1737.1533203125 -291.3017272949219 -88.34491729736328
v -1743.7913818359375 -220.80062866210938 -58.235557556152344
v -1743.341552734375 -250.44662475585938 -70.34185028076172
v -1729.99755859375 -310.60174560546875 -97.91246032714844
v -1731.4305419921875 -305.98272705078125 -95.7197265625
v -1730.119140625 -301.1419372558594 -94.2480239868164
v -1728.70947265625 -303.8666687011719 -95.71378326416016
v -1730.0694580078125 -304.9255065917969 -95.71672821044922
v -1731.584228515625 -294.6361083984375 -91.30162048339844
v -1728.968017578125 -284.957275390625 -88.33635711669922
v -1726.1422119140625 -290.3916015625 -91.29399108886719
v -1728.861328125 -292.5172424316406 -91.2977066040039
v -1729.29443359375 -311.96514892578125 -98.6405029296875
v -1728.59228515625 -313.328369140625 -99.36732482910156
v -1729.271728515625 -313.857421875 -99.3692398071289
v -1727.2120361328125 -314.16156005859375 -100.09093475341797
v -1727.302734375 -306.5910949707031 -97.17501831054688
v -1725.899169921875 -309.31488037109375 -98.63154602050781
v -1727.256591796875 -310.3763427734375 -98.63507843017578
v -1723.1434326171875 -310.9727478027344 -100.07942199707031
v -1723.326416015625 -295.82745361328125 -94.235595703125
v -1720.5213623046875 -301.2617492675781 -97.15972900390625
v -1723.2318115234375 -303.39959716796875 -97.16566467285156
v -1730.144287109375 -312.62603759765625 -98.64280700683594
v -1730.3375244140625 -310.86602783203125 -97.91334533691406
v -1729.98583984375 -311.5478210449219 -98.27753448486328
v -1730.3258056640625 -311.81207275390625 -98.27843475341797
v -1729.3411865234375 -308.18060302734375 -97.17989349365234
v -1728.6380615234375 -309.5435791015625 -97.90898132324219
v -1729.317626953125 -310.0728759765625 -97.91071319580078
v -1729.63427734375 -312.2295837402344 -98.64141845703125
v -1729.2830810546875 -312.91131591796875 -99.0050048828125
v -1729.6229248046875 -313.1756896972656 -99.00594329833984
v -1730.1558837890625 -311.6799621582031 -98.27798461914062
v -1729.9801025390625 -312.0208740234375 -98.45996856689453
v -1730.1500244140625 -312.1529846191406 -98.4604263305664
v -1729.6575927734375 -310.3373718261719 -97.91159057617188
v -1729.3060302734375 -311.0190124511719 -98.27574157714844
v -1729.6458740234375 -311.2834777832031 -98.2766342163086
v -1734.42041015625 -289.19256591796875 -88.34187316894531
v -1734.3114013671875 -296.7488098144531 -91.30574035644531
v -1740.1217041015625 -278.32672119140625 -82.38067626953125
v -1737.2664794921875 -283.7550964355469 -85.36770629882812
v -1743.1043701171875 -265.4048156738281 -76.37503051757812
v -1737.8514404296875 -246.21719360351562 -70.34627532958984
v -1732.1480712890625 -256.9447021484375 -76.3790054321289
v -1737.6168212890625 -261.18414306640625 -76.37671661376953
v -1737.2095947265625 -287.5273132324219 -86.85774230957031
v -1734.647216796875 -274.10540771484375 -82.37896728515625
v -1731.8033447265625 -279.52752685546875 -85.36417388916016
v -1734.5325927734375 -281.6440124511719 -85.36585235595703
v -1737.181396484375 -289.4142761230469 -87.60169982910156
v -1735.7862548828125 -290.247802734375 -88.34337615966797
v -1735.89892578125 -282.7001953125 -85.36676025390625
v -1734.47607421875 -285.41717529296875 -86.85530090332031
v -1735.8421630859375 -286.4728698730469 -86.85649871826172
v -1748.853759765625 -254.6623992919922 -70.3380126953125
v -1742.9853515625 -272.9105529785156 -79.38236999511719
v -1744.4798583984375 -266.4576721191406 -76.37471008300781
v -1743.0447998046875 -269.1557312011719 -77.87960815429688
v -1746.0946044921875 -252.555908203125 -70.33985137939453
v -1743.223388671875 -257.91607666015625 -73.361083984375
v -1745.97607421875 -260.0231018066406 -73.3597183227539
v -1749.3070068359375 -225.0369415283203 -58.22956085205078
v -1743.572265625 -235.5748748779297 -64.29278564453125
v -1749.0858154296875 -239.8003692626953 -64.28728485107422
v -1755.26025390625 -199.99966430664062 -46.08113479614258
v -1744.569091796875 -162.3723907470703 -33.88059997558594
v -1733.19775390625 -182.92462158203125 -46.09990310668945
v -1744.1973876953125 -191.48818969726562 -46.08955001831055
v -1778.685546875 -134.9731903076172 -11.287449836730957
v -1756.9466552734375 -64.53044891357422 11.576210975646973
v -1734.1187744140625 -100.41975402832031 -11.277579307556152
v -1756.3009033203125 -117.73573303222656 -11.279693603515625
v -1740.3580322265625 -263.2965087890625 -76.37579345703125
v -1737.4990234375 -268.69403076171875 -79.38230895996094
v -1740.239501953125 -270.8043212890625 -79.38225555419922
v -1745.1680908203125 -266.9837646484375 -76.37456512451172
v -1745.91650390625 -263.7641296386719 -74.8677978515625
v -1744.5989990234375 -258.9700012207031 -73.36038208007812
v -1743.1639404296875 -261.658203125 -74.8687973022461
v -1744.5394287109375 -262.7115478515625 -74.86827850341797
v -1740.5941162109375 -248.33392333984375 -70.34398651123047
v -1737.734619140625 -253.6911163330078 -73.36427307128906
v -1740.4764404296875 -255.8056182861328 -73.36260223388672
v -1738.2945556640625 -216.55088806152344 -58.24208450317383
v -1732.601806640625 -227.07833862304688 -64.3053970336914
v -1738.0789794921875 -231.33580017089844 -64.29883575439453
v -1745.227783203125 -263.2379455566406 -74.86803436279297
v -1744.5096435546875 -264.58404541015625 -75.62168884277344
v -1745.1978759765625 -265.11029052734375 -75.62149047851562
v -1751.8516845703125 -241.90951538085938 -64.28475952148438
v -1748.970947265625 -247.2192840576172 -67.31382751464844
v -1766.79931640625 -179.47584533691406 -33.87791061401367
v -1753.237060546875 -242.9634552001953 -64.28355407714844
v -1751.79443359375 -245.61453247070312 -65.79840087890625
v -1754.736328125 -236.6288299560547 -61.253990173339844
v -1752.0732421875 -227.15150451660156 -58.22677993774414
v -1749.1978759765625 -232.4068603515625 -61.259281158447266
v -1751.9638671875 -234.51864624023438 -61.25655746459961
v -1755.057373046875 -214.59814453125 -52.15829086303711
v -1749.718994140625 -195.74822998046875 -46.08506774902344
v -1743.9993896484375 -206.11097717285156 -52.16885757446289
v -1749.5177001953125 -210.35891723632812 -52.163291931152344
v -1752.544189453125 -242.4365234375 -64.2841567993164
v -1751.8231201171875 -243.76121520996094 -65.04161834716797
v -1752.515625 -244.28807067871094 -65.04103088378906
v -1753.3492431640625 -235.5738983154297 -61.255252838134766
v -1751.9080810546875 -238.21096801757812 -62.77082824707031
v -1753.29345703125 -239.26556396484375 -62.76956558227539
v -1760.8251953125 -204.24691772460938 -46.07780838012695
v -1760.6226806640625 -218.8332061767578 -52.15391540527344
v -1750.35302734375 -248.27284240722656 -67.3127212524414
v -1750.4678955078125 -240.8551788330078 -64.28600311279297
v -1749.0286865234375 -243.50665283203125 -65.80076599121094
v -1750.4107666015625 -244.5608367919922 -65.79956817626953
v -1746.326171875 -237.68902587890625 -64.28996276855469
v -1743.4581298828125 -242.99879455566406 -67.31864166259766
v -1746.211669921875 -245.11044311523438 -67.316162109375
v -1752.862060546875 -244.55145263671875 -65.04074096679688
v -1752.8905029296875 -242.6999969482422 -64.28385162353516
v -1752.5299072265625 -243.36209106445312 -64.66259765625
v -1752.8763427734375 -243.62551879882812 -64.66230773925781
v -1753.265380859375 -241.11370849609375 -63.52659606933594
v -1752.6005859375 -238.73831176757812 -62.77019119262695
v -1751.8800048828125 -240.0594482421875 -63.52783203125
v -1752.5723876953125 -240.5866241455078 -63.5272102355957
v -1750.580078125 -233.46298217773438 -61.25790023803711
v -1749.1422119140625 -236.10052490234375 -62.77347183227539
v -1750.5242919921875 -237.15599060058594 -62.77212905883789
v -1746.546630859375 -222.92018127441406 -58.23249053955078
v -1743.6832275390625 -228.1760711669922 -61.265159606933594
v -1746.4378662109375 -230.29286193847656 -61.262149810791016
v -1753.049560546875 -243.75723266601562 -64.66215515136719
v -1752.869140625 -244.08843994140625 -64.85152435302734
v -1753.13623046875 -243.82308959960938 -64.6620864868164
v -1753.0460205078125 -243.98867797851562 -64.75676727294922
v -1753.22998046875 -243.4261474609375 -64.47278594970703
v -1753.063720703125 -242.83172607421875 -64.28370666503906
v -1752.8834228515625 -243.16270446777344 -64.47308349609375
v -1753.056640625 -243.29443359375 -64.47293090820312
v -1753.251220703125 -242.0383758544922 -63.905086517333984
v -1752.9188232421875 -240.8501739501953 -63.52690124511719
v -1752.558349609375 -241.51138305664062 -63.90569305419922
v -1752.9046630859375 -241.77488708496094 -63.90538787841797
v -1753.08935546875 -244.02159118652344 -64.75672912597656
v -1752.955810546875 -244.15428161621094 -64.85144805908203
v -1752.962890625 -243.69137573242188 -64.6622314453125
v -1752.872802734375 -243.85696411132812 -64.75691223144531
v -1752.9593505859375 -243.92282104492188 -64.75684356689453
v -1752.6888427734375 -244.41976928710938 -65.04088592529297
v -1752.703125 -243.49380493164062 -64.6624526977539
v -1752.5228271484375 -243.8250274658203 -64.85181427001953
v -1752.6959228515625 -243.9567413330078 -64.85166931152344
v -1752.1693115234375 -244.024658203125 -65.04132080078125
v -1752.1978759765625 -242.17303466796875 -64.28445434570312
v -1751.83740234375 -242.8351593017578 -64.66320037841797
v -1752.18359375 -243.0986328125 -64.66289520263672
v -1751.1024169921875 -245.08773803710938 -65.7989730834961
v -1751.1595458984375 -241.3824005126953 -64.2853775024414
v -1750.439453125 -242.7071990966797 -65.0428237915039
v -1751.131103515625 -243.2342529296875 -65.0422134399414
v -1753.6119384765625 -241.37721252441406 -63.52629470825195
v -1753.597900390625 -242.30184936523438 -63.90478515625
v -1753.0928955078125 -243.7901611328125 -64.66211700439453
v -1753.0477294921875 -243.87295532226562 -64.70946502685547
v -1753.091064453125 -243.90586853027344 -64.70942687988281
v -1753.143310546875 -243.36029052734375 -64.47286224365234
v -1753.0531005859375 -243.52581787109375 -64.56754302978516
v -1753.1397705078125 -243.5916748046875 -64.56747436523438
v -1753.11279296875 -243.92233276367188 -64.70940399169922
v -1753.0902099609375 -243.96372985839844 -64.73307800292969
v -1753.11181640625 -243.98019409179688 -64.73306274414062
v -1753.1173095703125 -243.98431396484375 -64.7330551147461
v -1753.12353515625 -243.93057250976562 -64.70939636230469
v -1753.1123046875 -243.95126342773438 -64.72123718261719
v -1753.1231689453125 -243.95950317382812 -64.72122192382812
v -1753.13525390625 -243.8809356689453 -64.68573760986328
v -1753.114501953125 -243.80662536621094 -64.66210174560547
v -1753.092041015625 -243.84800720214844 -64.68577575683594
v -1753.1136474609375 -243.86447143554688 -64.68575286865234
v -1753.137939453125 -243.70736694335938 -64.61477661132812
v -1753.096435546875 -243.55874633789062 -64.56751251220703
v -1753.0513916015625 -243.6415252685547 -64.61485290527344
v -1753.0946044921875 -243.67445373535156 -64.61481475830078
v -1752.9700927734375 -243.22857666015625 -64.47300720214844
v -1752.8798828125 -243.39410400390625 -64.56769561767578
v -1752.966552734375 -243.4599609375 -64.56761932373047
v -1752.71728515625 -242.56826782226562 -64.28400421142578
v -1752.5369873046875 -242.89926147460938 -64.47338104248047
v -1752.710205078125 -243.03099060058594 -64.47322845458984
v -1753.10107421875 -243.9719696044922 -64.73307037353516
v -1753.0897216796875 -243.99266052246094 -64.74490356445312
v -1753.1005859375 -244.0009002685547 -64.7448959350586
v -1753.067626953125 -244.005126953125 -64.75675201416016
v -1753.0694580078125 -243.889404296875 -64.70944213867188
v -1753.046875 -243.93080139160156 -64.73311614990234
v -1753.068603515625 -243.947265625 -64.73309326171875
v -1753.002685546875 -243.95574951171875 -64.75680541992188
v -1753.0062255859375 -243.72430419921875 -64.66219329833984
v -1752.961181640625 -243.80709838867188 -64.70953369140625
v -1753.0045166015625 -243.84002685546875 -64.7094955444336
v -1753.11767578125 -243.95538330078125 -64.72122955322266
v -1753.112060546875 -243.96572875976562 -64.7271499633789
v -1753.1175537109375 -243.9698486328125 -64.72714233398438
v -1753.1019287109375 -243.9141082763672 -64.70941925048828
v -1753.0906982421875 -243.93479919433594 -64.72125244140625
v -1753.1014404296875 -243.9430389404297 -64.72124481201172
v -1753.1202392578125 -243.97190856933594 -64.72714233398438
v -1753.117431640625 -243.97708129882812 -64.7301025390625
v -1753.18310546875 -243.62460327148438 -64.56743621826172
v -1753.1812744140625 -243.74029541015625 -64.61473846435547
v -1753.1187744140625 -243.9781036376953 -64.73009490966797
v -1753.1173095703125 -243.98069763183594 -64.73157501220703
v -1753.1146240234375 -243.9822540283203 -64.7330551147461
v -1753.11474609375 -243.96778869628906 -64.72714233398438
v -1753.1119384765625 -243.97296142578125 -64.7301025390625
v -1753.1146240234375 -243.9750213623047 -64.7301025390625
v -1753.1064453125 -243.97607421875 -64.73306274414062
v -1753.10693359375 -243.9471435546875 -64.72123718261719
v -1753.1011962890625 -243.95750427246094 -64.72715759277344
v -1753.106689453125 -243.96160888671875 -64.7271499633789
v -1753.1201171875 -243.97552490234375 -64.72862243652344
v -1753.118896484375 -243.9708709716797 -64.72714233398438
v -1753.117431640625 -243.9734649658203 -64.72862243652344
v -1753.1187744140625 -243.9744873046875 -64.72862243652344
v -1753.123046875 -243.96673583984375 -64.72418212890625
v -1753.1204833984375 -243.9574432373047 -64.72122955322266
v -1753.1175537109375 -243.96261596679688 -64.72418975830078
v -1753.120361328125 -243.9646759033203 -64.72418212890625
v -1753.1234130859375 -243.94503784179688 -64.7153091430664
v -1753.1181640625 -243.92645263671875 -64.70940399169922
v -1753.112548828125 -243.93679809570312 -64.71532440185547
v -1753.117919921875 -243.94091796875 -64.71531677246094
v -1753.12451171875 -243.87271118164062 -64.68574523925781
v -1753.1131591796875 -243.89340209960938 -64.69757843017578
v -1753.1240234375 -243.90164184570312 -64.69757080078125
v -1763.61767578125 -206.370361328125 -46.076393127441406
v -1760.724853515625 -211.53269958496094 -49.1174430847168
v -1766.6112060546875 -193.9698944091797 -39.98581314086914
v -1761.2100830078125 -175.2041778564453 -33.87770080566406
v -1755.4554443359375 -185.45059204101562 -39.988975524902344
v -1761.0206298828125 -189.71018981933594 -39.987064361572266
v -1778.37255859375 -161.5370330810547 -22.6351375579834
v -1767.4586181640625 -126.35115814208984 -11.282649040222168
v -1755.9776611328125 -144.36187744140625 -22.625396728515625
v -1767.133056640625 -152.9453582763672 -22.62903594970703
v -1762.120361328125 -212.5928497314453 -49.1165657043457
v -1763.5679931640625 -210.01002502441406 -47.59648513793945
v -1762.220458984375 -205.30860900878906 -46.07707977294922
v -1760.7752685546875 -207.8881072998047 -47.598052978515625
v -1762.170654296875 -208.94903564453125 -47.59724426269531
v -1763.8125 -191.8397674560547 -39.986351013183594
v -1760.9237060546875 -196.97354125976562 -43.034515380859375
v -1763.7158203125 -199.1000518798828 -43.03343963623047
v -1757.8365478515625 -216.71591186523438 -52.15602111816406
v -1758.03955078125 -202.12353515625 -46.07939147949219
v -1755.1597900390625 -207.2915802001953 -49.12135696411133
v -1757.93896484375 -209.41238403320312 -49.119319915771484
v -1764.31689453125 -206.90130615234375 -46.07606887817383
v -1763.5928955078125 -208.18978881835938 -46.8365478515625
v -1764.2921142578125 -208.7205352783203 -46.83620071411133
v -1765.1146240234375 -200.1634979248047 -43.032962799072266
v -1763.6669921875 -202.7338104248047 -44.55540084838867
v -1765.0657958984375 -203.79649353027344 -44.554840087890625
v -1763.9425048828125 -208.4551544189453 -46.83637237548828
v -1763.5804443359375 -209.0998077392578 -47.2165412902832
v -1763.9300537109375 -209.36512756347656 -47.21636199951172
v -1762.869140625 -209.47950744628906 -47.596858978271484
v -1762.9188232421875 -205.8394775390625 -46.07673263549805
v -1762.1956787109375 -207.12840270996094 -46.83727264404297
v -1762.89404296875 -207.65908813476562 -46.8369026184082
v -1762.31884765625 -198.03675842285156 -43.03395462036133
v -1760.8746337890625 -200.60882568359375 -44.55664825439453
v -1762.2698974609375 -201.67127990722656 -44.55600357055664
v -1758.235107421875 -187.5806427001953 -39.98794174194336
v -1755.3587646484375 -192.72010803222656 -43.03715896606445
v -1758.13818359375 -194.84707641601562 -43.03575897216797
v -1750.0985107421875 -166.65663146972656 -33.879112243652344
v -1744.386962890625 -176.91456604003906 -39.994510650634766
v -1749.9122314453125 -181.18682861328125 -39.991477966308594
v -1745.1954345703125 -109.10198211669922 -11.278148651123047
v -1733.8388671875 -127.11166381835938 -22.623441696166992
v -1744.8883056640625 -135.76126098632812 -22.623703002929688
v -1712.34716796875 -29.314579010009766 11.554290771484375
v -1689.63134765625 -64.60299682617188 -11.276350021362305
v -1711.958251953125 -82.78926086425781 -11.277626037597656
v -1626.254150390625 149.35195922851562 57.1020622253418
v -1562.821533203125 101.23741912841797 11.572733879089355
v -1626.34716796875 43.023292541503906 11.546163558959961
v -1764.666748046875 -207.1667938232422 -46.07590866088867
v -1764.3045654296875 -207.81082153320312 -46.45616149902344
v -1765.041259765625 -205.614013671875 -45.31541061401367
v -1764.3662109375 -203.26512145996094 -44.55511474609375
v -1763.642333984375 -204.5517120361328 -45.31601333618164
v -1764.341552734375 -205.0828399658203 -45.31570816040039
v -1764.4794921875 -207.94354248046875 -46.45608139038086
v -1764.29833984375 -208.26565551757812 -46.64618682861328
v -1763.96728515625 -206.63583374023438 -46.076229095458984
v -1763.6053466796875 -207.2799835205078 -46.45649719238281
v -1763.954833984375 -207.54539489746094 -46.456329345703125
v -1764.3858642578125 -208.33200073242188 -46.64614486694336
v -1764.2952880859375 -208.4930877685547 -46.74119567871094
v -1764.3826904296875 -208.55943298339844 -46.741153717041016
v -1764.1173095703125 -208.5878448486328 -46.83628845214844
v -1764.1297607421875 -207.6781005859375 -46.45624542236328
v -1763.94873046875 -208.00025939941406 -46.646358489990234
v -1764.12353515625 -208.13294982910156 -46.64627456665039
v -1764.1048583984375 -209.49778747558594 -47.21627426147461
v -1763.936279296875 -208.9101104736328 -47.02637481689453
v -1764.111083984375 -209.04278564453125 -47.02628707885742
v -1764.4295654296875 -208.3651885986328 -46.64612579345703
v -1764.38427734375 -208.4457244873047 -46.69364929199219
v -1764.427978515625 -208.47889709472656 -46.69363021850586
v -1764.476318359375 -208.1709442138672 -46.55109405517578
v -1764.3919677734375 -207.87718200683594 -46.456119537353516
v -1764.301513671875 -208.03823852539062 -46.551177978515625
v -1764.388916015625 -208.10458374023438 -46.5511360168457
v -1764.6605224609375 -207.6215057373047 -46.265960693359375
v -1764.4918212890625 -207.03404235839844 -46.07598876953125
v -1764.310791015625 -207.3560333251953 -46.26612091064453
v -1764.485595703125 -207.48876953125 -46.26604080200195
v -1764.69140625 -205.34841918945312 -45.31555938720703
v -1764.329345703125 -205.99197387695312 -45.69591522216797
v -1764.6790771484375 -206.25750732421875 -45.695762634277344
v -1772.7421875 -157.2394256591797 -22.631746292114258
v -1766.9676513671875 -166.21327209472656 -28.264686584472656
v -1772.579345703125 -170.49798583984375 -28.266714096069336
v -1784.571533203125 -139.4788818359375 -11.290833473205566
v -1778.529541015625 -148.26588439941406 -16.97398567199707
v -1791.0535888671875 -90.9793472290039 11.589547157287598
v -1778.9976806640625 -108.38428497314453 0.13661694526672363
v -1790.7628173828125 -117.43133544921875 0.13499557971954346
v -1803.9742431640625 2.554011344909668 56.939857482910156
v -1779.986572265625 -29.705501556396484 34.3610725402832
v -1803.382080078125 -48.205936431884766 34.3538932800293
v -1782.654296875 129.33030700683594 105.29061889648438
v -1828.2921142578125 89.18477630615234 105.30804443359375
v -1781.472900390625 -150.51429748535156 -16.975996017456055
v -1778.4512939453125 -154.9049072265625 -19.808061599731445
v -1773.063232421875 -130.6604461669922 -11.284790992736816
v -1767.2965087890625 -139.657958984375 -16.96788215637207
v -1772.9033203125 -143.96017456054688 -16.970630645751953
v -1768.1114501953125 -73.21235656738281 11.581292152404785
v -1756.621337890625 -91.0904769897461 0.135609969496727
v -1767.782470703125 -99.73524475097656 0.1366787701845169
v -1758.425048828125 39.573509216308594 57.031654357910156
v -1735.2701416015625 5.670238971710205 34.358612060546875
v -1757.640869140625 -12.069587707519531 34.361934661865234
v -1740.082275390625 272.1649475097656 152.27032470703125
v -1691.24267578125 205.90907287597656 105.15895080566406
v -1737.757080078125 167.17709350585938 105.23151397705078
v -1779.9228515625 -156.02792358398438 -19.809080123901367
v -1778.4119873046875 -158.2218017578125 -21.22247314453125
v -1775.5548095703125 -159.38772583007812 -22.633352279663086
v -1775.7139892578125 -146.11251831054688 -16.97222900390625
v -1772.8228759765625 -150.6030731201172 -19.804595947265625
v -1775.634521484375 -152.7534942626953 -19.806243896484375
v -1779.9034423828125 -157.68630981445312 -20.516510009765625
v -1780.0006103515625 -149.38992309570312 -16.97496795654297
v -1778.490478515625 -151.58621215820312 -18.39187240600586
v -1779.9617919921875 -152.70974731445312 -18.392879486083984
v -1781.626220703125 -137.22528076171875 -11.289060592651367
v -1778.607666015625 -141.62132263183594 -14.133512496948242
v -1781.549560546875 -143.8716278076172 -14.135360717773438
v -1784.8721923828125 -112.90411376953125 0.13602745532989502
v -1778.84130859375 -121.67405700683594 -5.581770420074463
v -1784.7215576171875 -126.18671417236328 -5.583861351013184
v -1780.291015625 -156.3087158203125 -19.809343338012695
v -1779.9132080078125 -156.857177734375 -20.162851333618164
v -1780.2813720703125 -157.137939453125 -20.163114547729492
v -1780.6978759765625 -153.27163696289062 -18.393400192260742
v -1779.9423828125 -154.3690643310547 -19.101200103759766
v -1780.6785888671875 -154.93081665039062 -19.10172462463379
v -1779.1478271484375 -158.78298950195312 -21.222976684570312
v -1779.1868896484375 -155.46636962890625 -19.808565139770508
v -1778.431640625 -156.56358337402344 -20.51548957824707
v -1779.1673583984375 -157.12490844726562 -20.515993118286133
v -1776.9630126953125 -160.46224975585938 -22.63422203063965
v -1777.042236328125 -153.82907104492188 -19.807130813598633
v -1775.5947265625 -156.0714111328125 -21.220661163330078
v -1777.002685546875 -157.14646911621094 -21.22154426574707
v -1772.6610107421875 -163.8704376220703 -25.452306747436523
v -1775.474609375 -166.01646423339844 -25.453786849975586
v -1780.47509765625 -156.44912719726562 -19.80947494506836
v -1780.2861328125 -156.7233428955078 -19.986242294311523
v -1780.47021484375 -156.86375427246094 -19.986373901367188
v -1780.6689453125 -155.76023864746094 -19.45572280883789
v -1780.3104248046875 -154.64993286132812 -19.10146141052246
v -1779.9326171875 -155.19854736328125 -19.455196380615234
v -1780.30078125 -155.47938537597656 -19.45545768737793
v -1779.2259521484375 -152.14794921875 -18.392370223999023
v -1778.4708251953125 -153.24578857421875 -19.10018539428711
v -1779.2064208984375 -153.80738830566406 -19.10068702697754
v -1777.1212158203125 -147.18907165527344 -16.973085403442383
v -1775.67431640625 -149.43380737304688 -18.390073776245117
v -1777.081787109375 -150.50987243652344 -18.390953063964844
v -1775.8721923828125 -132.81629943847656 -11.286052703857422
v -1772.9832763671875 -137.31199645996094 -14.130436897277832
v -1775.793212890625 -139.46615600585938 -14.131900787353516
v -1773.3829345703125 -104.05818176269531 0.13680948317050934
v -1767.620361328125 -113.03878021240234 -5.579135417938232
v -1773.222900390625 -117.3547592163086 -5.5802435874938965
v -1780.47265625 -156.6564483642578 -19.89792823791504
v -1780.6640625 -156.17491149902344 -19.632678985595703
v -1780.48486328125 -155.61981201171875 -19.455589294433594
v -1780.2958984375 -155.89407348632812 -19.632413864135742
v -1780.47998046875 -156.03448486328125 -19.63254737854004
v -1787.6683349609375 -128.44557189941406 -5.585114002227783
v -1784.6466064453125 -132.83262634277344 -8.439379692077637
v -1786.1202392578125 -133.9609375 -8.440170288085938
v -1784.6090087890625 -136.1558380126953 -9.865667343139648
v -1781.779296875 -123.92961120605469 -5.582748889923096
v -1778.763427734375 -128.3234405517578 -8.436600685119629
v -1781.7027587890625 -130.5772705078125 -8.43791675567627
v -1787.631591796875 -131.76747131347656 -7.013516902923584
v -1786.1944580078125 -127.31591033935547 -5.584469318389893
v -1784.68408203125 -129.50950622558594 -7.012076377868652
v -1786.1573486328125 -130.6382598876953 -7.012777805328369
v -1787.8154296875 -115.16667938232422 0.13556969165802002
v -1784.7967529296875 -119.5431900024414 -2.7251131534576416
v -1787.7418212890625 -121.80386352539062 -2.725973129272461
v -1790.9073486328125 -104.18323516845703 5.862668514251709
v -1785.1776123046875 -86.43359375 11.587785720825195
v -1779.1551513671875 -95.11962890625 5.8612751960754395
v -1785.0240478515625 -99.6475830078125 5.862140655517578
v -1803.1087646484375 -73.95928955078125 23.016653060913086
v -1791.66796875 -38.929439544677734 34.3583984375
v -1779.6424560546875 -55.634010314941406 23.00850486755371
v -1791.353759765625 -64.77315521240234 23.01308250427246
v -1796.943115234375 -95.53563690185547 11.591017723083496
v -1793.8544921875 -106.45465087890625 5.862794399261475
v -1790.8348388671875 -110.8028335571289 2.9984965324401855
v -1792.30908203125 -111.93708038330078 2.9983742237091064
v -1790.798828125 -114.1161117553711 1.5666078329086304
v -1792.2734375 -115.24982452392578 1.5663814544677734
v -1787.9638671875 -101.91429901123047 5.8624491691589355
v -1784.9478759765625 -106.27156066894531 2.9987242221832275
v -1787.8895263671875 -108.53611755371094 2.998661518096924
v -1793.99658203125 -93.25601196289062 11.590320587158203
v -1790.980224609375 -97.5746841430664 8.726641654968262
v -1793.92529296875 -99.84860229492188 8.72712230682373
v -1797.2252197265625 -69.35882568359375 23.015005111694336
v -1791.2021484375 -77.83690643310547 17.308670043945312
v -1797.082763671875 -82.40629577636719 17.31082534790039
v -1800.028076171875 -84.69602966308594 17.31180191040039
v -1797.0126953125 -88.96185302734375 14.452422142028809
v -1799.9603271484375 -91.24798583984375 14.453269958496094
v -1798.486083984375 -90.10447692871094 14.452855110168457
v -1796.977783203125 -92.2466049194336 13.022038459777832
v -1798.4517822265625 -93.3884048461914 13.022419929504395
v -1794.140869140625 -80.12003326416016 17.30978012084961
v -1791.1275634765625 -84.39936828613281 14.450512886047363
v -1794.0684814453125 -86.67909240722656 14.451501846313477
v -1785.4931640625 -60.19923400878906 23.010906219482422
v -1779.476806640625 -68.72872161865234 17.30365562438965
v -1785.3338623046875 -73.27864837646484 17.306272506713867
v -1768.810791015625 -20.889184951782227 34.36213302612305
v -1757.2841796875 -38.16054153442383 22.997642517089844
v -1768.4520263671875 -46.897796630859375 23.00335693359375
v -1799.994140625 -87.96954345703125 15.882981300354004
v -1800.1654052734375 -71.65702056884766 23.015865325927734
v -1797.1536865234375 -75.87120056152344 20.165321350097656
v -1800.0963134765625 -78.1649398803711 20.16630744934082
v -1803.2437744140625 -61.03205108642578 28.69678497314453
v -1797.5201416015625 -43.5593147277832 34.356388092041016
v -1791.5089111328125 -51.80459213256836 28.69611167907715
v -1797.370849609375 -56.41044998168945 28.696622848510742
v -1803.6697998046875 -22.76472282409668 45.63618850708008
v -1792.35107421875 12.065959930419922 56.97011184692383
v -1780.3505859375 -4.043037414550781 45.6692008972168
v -1791.9996337890625 -13.374500274658203 45.65437698364258
v -1827.77783203125 36.18489074707031 80.98186492919922
v -1805.489501953125 109.55924224853516 105.306884765625
v -1781.6302490234375 75.4563980102539 81.07870483398438
v -1804.6785888671875 56.0767707824707 81.04412841796875
v -1799.9771728515625 -89.60816955566406 15.168230056762695
v -1798.5550537109375 -83.55070495605469 17.311323165893555
v -1797.047607421875 -85.68165588378906 15.882055282592773
v -1798.5205078125 -86.82514953613281 15.882527351379395
v -1809.2554931640625 -52.872901916503906 34.35087585449219
v -1815.628173828125 -7.061540603637695 56.904090881347656
v -1815.3782958984375 -32.247161865234375 45.6142692565918
v -1806.184814453125 -63.349796295166016 28.696727752685547
v -1803.1759033203125 -67.4819107055664 25.86004638671875
v -1809.5181884765625 -27.492324829101562 45.62571716308594
v -1803.52392578125 -35.45810317993164 39.997161865234375
v -1809.385009765625 -40.15437316894531 39.99056625366211
v -1809.31982421875 -46.505027770996094 37.17191696166992
v -1821.473388671875 -11.92015266418457 56.883975982666016
v -1815.50146484375 -19.65087127685547 51.251033782958984
v -1816.2061767578125 46.21976852416992 81.01683044433594
v -1804.314453125 29.19541358947754 68.90662384033203
v -1815.9072265625 19.448190689086914 68.86656188964844
v -1818.4295654296875 -22.057592391967773 51.24287414550781
v -1815.439453125 -25.946535110473633 48.4312744140625
v -1809.7960205078125 -2.238417148590088 56.92269515991211
v -1803.8197021484375 -10.10196304321289 51.280555725097656
v -1809.655029296875 -14.861944198608398 51.26640319824219
v -1816.9049072265625 -27.14438247680664 48.427734375
v -1815.4088134765625 -29.096027374267578 47.02251052856445
v -1816.8751220703125 -30.291671752929688 47.01922607421875
v -1812.4466552734375 -29.866077423095703 45.6201171875
v -1812.57666015625 -17.25251007080078 51.258872985839844
v -1809.5860595703125 -21.174726486206055 48.44473648071289
v -1812.51123046875 -23.55685043334961 48.438148498535156
v -1817.6085205078125 -30.890262603759766 47.01755905151367
v -1817.637939453125 -27.744089126586914 48.425933837890625
v -1816.889892578125 -28.717845916748047 47.72340393066406
v -1817.6231689453125 -29.316993713378906 47.72167205810547
v -1818.4002685546875 -25.200532913208008 49.83306121826172
v -1816.965087890625 -20.853153228759766 51.24699401855469
v -1815.4703369140625 -22.79828453063965 49.840728759765625
v -1816.934814453125 -23.99834632873535 49.83693313598633
v -1818.5489501953125 -9.48611068725586 56.89422607421875
v -1815.5643310546875 -13.356948852539062 54.07486343383789
v -1818.4888916015625 -15.772616386413574 54.065792083740234
v -1821.7200927734375 14.517427444458008 68.84376525878906
v -1815.765380859375 6.168054103851318 62.86442565917969
v -1821.5947265625 1.2723280191421509 62.84199142456055
v -1824.5150146484375 -1.1912728548049927 62.83010482788086
v -1821.5335693359375 -5.328555583953857 59.858314514160156
v -1822.9952392578125 -6.554192543029785 59.852684020996094
v -1821.50341796875 -8.625272750854492 58.370079040527344
v -1822.966064453125 -9.848481178283691 58.3646125793457
v -1818.6783447265625 3.7252230644226074 62.85342788696289
v -1815.6961669921875 -0.45119839906692505 59.87979507446289
v -1818.6131591796875 -2.8849937915802 59.8692626953125
v -1810.1064453125 24.33902359008789 68.88748931884766
v -1804.1414794921875 15.85156536102295 62.90420150756836
v -1809.9486083984375 11.02608871459961 62.88513946533203
v -1793.1636962890625 65.80570983886719 81.06449890136719
v -1781.1685791015625 48.38618087768555 68.96690368652344
v -1792.74365234375 38.82678985595703 68.9398422241211
v -1760.4384765625 148.16912841796875 105.26447296142578
v -1736.797119140625 112.49920654296875 81.08943176269531
v -1759.3636474609375 93.91221618652344 81.09139251708984
v -1823.7264404296875 -7.168009281158447 59.84982681274414
v -1822.9805908203125 -8.20159912109375 59.10836410522461
v -1823.7120361328125 -8.814802169799805 59.105552673339844
v -1824.486328125 -4.48831844329834 61.33722686767578
v -1823.0543212890625 0.04190589115023613 62.83610534667969
v -1821.56396484375 -2.0295162200927734 61.34888458251953
v -1823.024658203125 -3.2575597763061523 61.34311294555664
v -1824.632080078125 12.035360336303711 68.8316421508789
v -1821.6568603515625 7.886366367340088 65.83660888671875
v -1824.5731201171875 5.413368225097656 65.82445526123047
v -1827.6610107421875 22.831558227539062 74.87760925292969
v -1821.984619140625 41.22767639160156 81.00035095214844
v -1816.0540771484375 32.804996490478516 74.92098236083984
v -1821.8499755859375 27.84229850769043 74.90030670166016
v -1828.0250244140625 62.87248992919922 93.21815490722656
v -1816.8741455078125 99.478759765625 105.30960083007812
v -1805.0693359375 82.98713684082031 93.23951721191406
v -1816.527587890625 73.0278091430664 93.23209381103516
v -1828.8985595703125 139.17864990234375 128.29075622558594
v -1807.563720703125 208.98348999023438 151.20071411132812
v -1783.83154296875 180.89105224609375 128.55300903320312
v -1806.4310302734375 160.37295532226562 128.4184112548828
v -1839.78515625 78.61461639404297 105.30171966552734
v -1839.5975341796875 52.46506118774414 93.19699096679688
v -1852.062255859375 162.83265686035156 150.55006408691406
v -1851.656005859375 116.70071411132812 128.17515563964844
v -1833.799560546875 57.70379638671875 93.2085189819336
v -1827.8990478515625 49.54936218261719 87.10454559326172
v -1833.6927490234375 44.41549301147461 87.0893783569336
v -1845.5726318359375 73.2063980102539 105.29662322998047
v -1839.689453125 65.6167984008789 99.28341674804688
v -1840.2147216796875 128.13809204101562 128.2311248779297
v -1828.5816650390625 114.70188903808594 117.03141021728516
v -1839.989013671875 103.92603302001953 117.01526641845703
v -1842.589111328125 62.94730758666992 99.27944946289062
v -1839.64306640625 59.05669403076172 96.24686431884766
v -1834.0267333984375 83.9381332397461 105.30550384521484
v -1828.1558837890625 76.1017837524414 99.29515075683594
v -1833.910888671875 70.89603424072266 99.29009246826172
v -1836.597900390625 41.82400131225586 87.08101654052734
v -1836.6954345703125 55.093624114990234 93.20299530029297
v -1833.74560546875 51.068275451660156 90.15185546875
v -1836.6461181640625 48.467533111572266 90.14493560791016
v -1839.6202392578125 55.76438522338867 94.72335815429688
v -1836.796875 68.26606750488281 99.2869644165039
v -1833.8546142578125 64.31529998779297 96.25579071044922
v -1836.74560546875 61.69541931152344 96.25154876708984
v -1840.34619140625 55.102970123291016 94.72195434570312
v -1839.60888671875 54.11554718017578 93.96050262451172
v -1840.335205078125 53.45478439331055 93.95901489257812
v -1838.1456298828125 53.78169631958008 93.2000503540039
v -1838.1934814453125 60.37846755981445 96.249267578125
v -1836.7203369140625 58.397987365722656 94.72869110107422
v -1838.16943359375 57.08356857299805 94.72608184814453
v -1836.670654296875 51.78318786621094 91.6749267578125
v -1838.1220703125 50.473716735839844 91.671630859375
v -1842.6749267578125 75.92158508300781 105.2993392944336
v -1839.73681640625 72.138427734375 102.30294036865234
v -1842.631591796875 69.45744323730469 102.29991912841797
v -1845.7352294921875 98.40425872802734 117.00672149658203
v -1839.8848876953125 91.40290069580078 111.22222900390625
v -1845.6522216796875 85.9413070678711 111.2174301147461
v -1844.0819091796875 68.10889434814453 102.29826354980469
v -1844.122802734375 74.56681823730469 105.29802703857422
v -1842.6531982421875 72.69570922851562 103.80249786376953
v -1844.1021728515625 71.34408569335938 103.80103302001953
v -1845.612060546875 79.60427856445312 108.27154541015625
v -1842.7645263671875 88.68367767333984 111.21994018554688
v -1839.83447265625 85.0384292602539 108.27605438232422
v -1842.71923828125 82.33267974853516 108.27394104003906
v -1834.2730712890625 109.3556900024414 117.02349090576172
v -1828.4339599609375 102.06896209716797 111.22929382324219
v -1834.1473388671875 96.77603912353516 111.22616577148438
v -1817.6549072265625 149.89830017089844 128.3533935546875
v -1805.94189453125 135.42530822753906 117.06010437011719
v -1817.248291015625 125.17855072021484 117.04634857177734
v -1844.8275146484375 70.66618347167969 103.80026245117188
v -1844.8475341796875 73.88732147216797 105.29733276367188
v -1844.1124267578125 72.95706939697266 104.55027770996094
v -1844.8375244140625 72.27837371826172 104.54955291748047
v -1845.59228515625 76.4124984741211 106.7874755859375
v -1844.16455078125 80.97137451171875 108.27278137207031
v -1842.697021484375 79.13420104980469 106.78997802734375
v -1844.1435546875 77.77621459960938 106.78876495361328
v -1845.2001953125 71.93849182128906 104.54918670654297
v -1845.2099609375 73.54704284667969 105.29698181152344
v -1844.8424072265625 73.08325958251953 104.92363739013672
v -1845.205078125 72.74317932128906 104.92327880859375
v -1845.5823974609375 74.8111801147461 106.0428695678711
v -1844.86767578125 77.09507751464844 106.78813171386719
v -1844.1331787109375 76.1732406616211 106.04420471191406
v -1844.8575439453125 75.49292755126953 106.04354858398438
v -1845.386474609375 72.57300567626953 104.923095703125
v -1845.5703125 72.80467224121094 105.10981750488281
v -1845.391357421875 73.37676239013672 105.29680633544922
v -1845.20751953125 73.14521026611328 105.11017608642578
v -1845.388916015625 72.97499084472656 105.11000061035156
v -1845.5775146484375 74.00921630859375 105.6699447631836
v -1845.219970703125 75.15223693847656 106.043212890625
v -1844.8525390625 74.6905517578125 105.67063903808594
v -1845.2149658203125 74.35006713867188 105.67029571533203
v -1848.6214599609375 95.60611724853516 117.00232696533203
v -1845.6932373046875 92.21034240722656 114.13043975830078
v -1848.584716796875 89.42847442626953 114.12715911865234
v -1851.5838623046875 104.87001037597656 122.63611602783203
v -1845.91650390625 122.47374725341797 128.20263671875
v -1840.0982666015625 116.15415954589844 122.66950988769531
v -1845.822509765625 110.56446838378906 122.65264892578125
v -1851.8299560546875 139.86634826660156 139.19775390625
v -1840.8062744140625 174.9628143310547 150.69886779785156
v -1829.2589111328125 162.98773193359375 139.42227172851562
v -1840.480224609375 151.63954162597656 139.3059844970703
v -1854.021728515625 253.93116760253906 202.0810546875
v -1830.7745361328125 234.7332000732422 175.88096618652344
v -1852.789794921875 209.58277893066406 175.65232849121094
v -1848.60302734375 92.52725219726562 115.56964874267578
v -1863.5125732421875 150.15847778320312 150.41334533691406
v -1851.5501708984375 98.86238098144531 119.83317565917969
v -1848.6981201171875 107.73090362548828 122.64434051513672
v -1845.7781982421875 104.51997375488281 119.84536743164062
v -1848.6591796875 101.70458221435547 119.83927154541016
v -1853.0306396484375 103.42896270751953 122.63203430175781
v -1851.5667724609375 101.87478637695312 121.23822021484375
v -1854.5421142578125 113.77046966552734 128.16180419921875
v -1851.6190185546875 110.813232421875 125.41424560546875
v -1857.5711669921875 133.79454040527344 139.14707946777344
v -1851.7371826171875 128.3430633544922 133.67550659179688
v -1852.29052734375 101.1575698852539 121.2364501953125
v -1852.306884765625 104.15038299560547 122.63407135009766
v -1851.5753173828125 103.37447357177734 121.93799591064453
v -1852.2987060546875 102.65605926513672 121.93609619140625
v -1853.063232421875 109.36222076416016 125.408935546875
v -1851.6011962890625 107.84912872314453 124.0278091430664
v -1853.0467529296875 106.40314483642578 124.02313232421875
v -1848.7811279296875 119.60140991210938 128.1887664794922
v -1845.868408203125 116.54622650146484 125.43595123291016
v -1848.7386474609375 113.69364929199219 125.42501068115234
v -1846.1353759765625 145.8112335205078 139.2507781982422
v -1840.3411865234375 139.94436645507812 133.7574920654297
v -1846.019775390625 134.2000274658203 133.71568298339844
v -1850.1033935546875 100.28690338134766 119.83621978759766
v -1850.1396484375 106.30393981933594 122.64021301269531
v -1848.678466796875 104.7262191772461 121.24532318115234
v -1850.121337890625 103.303955078125 121.24176025390625
v -1852.66064453125 102.29618072509766 121.93515014648438
v -1852.2945556640625 101.90734100341797 121.58648681640625
v -1852.6566162109375 101.54776763916016 121.5855712890625
v -1851.5584716796875 100.37079620361328 120.5366439819336
v -1852.8416748046875 102.11607360839844 121.93467712402344
v -1852.65869140625 101.92211151123047 121.76041412353516
v -1852.8397216796875 101.74207305908203 121.75994873046875
v -1853.0267333984375 102.68292236328125 122.28331756591797
v -1852.668701171875 103.7898941040039 122.63304901123047
v -1852.302734375 103.40373229980469 122.28528594970703
v -1852.6646728515625 103.0435562133789 122.2843017578125
v -1853.0386962890625 104.91800689697266 123.32830810546875
v -1852.3236083984375 107.12704467773438 124.02546691894531
v -1851.5924072265625 106.36151123046875 123.33267974853516
v -1852.315185546875 105.64066314697266 123.33049011230469
v -1850.177490234375 112.25699615478516 125.41960906982422
v -1848.7181396484375 110.71968841552734 124.03726196289062
v -1850.1583251953125 109.28792572021484 124.03251647949219
v -1854.5260009765625 110.8436508178711 126.7844467163086
v -1854.6124267578125 125.3692626953125 133.65606689453125
v -1851.6953125 122.54110717773438 130.92637634277344
v -1854.5760498046875 119.58937072753906 130.91004943847656
v -1854.51806640625 109.37542724609375 126.09454345703125
v -1853.09765625 115.2393569946289 128.16844177246094
v -1851.6373291015625 113.76339721679688 126.79637908935547
v -1853.0802001953125 112.30725860595703 126.7903823852539
v -1854.887939453125 110.4765625 126.78296661376953
v -1854.52197265625 110.10995483398438 126.43960571289062
v -1854.533935546875 112.3086166381836 127.4734878540039
v -1854.558837890625 116.68534088134766 129.53668212890625
v -1853.786376953125 108.63394165039062 125.40629577636719
v -1853.802734375 111.57640075683594 126.78740692138672
v -1853.0716552734375 110.83642578125 126.10014343261719
v -1853.7945556640625 110.10686492919922 126.09733581542969
v -1854.895751953125 111.94087219238281 127.47193145751953
v -1854.530029296875 111.57653045654297 127.12906646728516
v -1854.891845703125 111.20912170410156 127.12754821777344
v -1853.819580078125 114.505859375 128.1651153564453
v -1853.0888671875 113.77485656738281 127.47977447509766
v -1853.81103515625 113.04268646240234 127.47662353515625
v -1853.1341552734375 121.06907653808594 130.9181671142578
v -1851.6754150390625 119.62625122070312 129.55149841308594
v -1853.1156005859375 118.15959930419922 129.54405212402344
v -1848.8731689453125 131.28623962402344 133.6953887939453
v -1845.966796875 128.3555145263672 130.96009826660156
v -1848.8258056640625 125.46275329589844 130.9430694580078
v -1855.07275390625 111.02523040771484 127.12679290771484
v -1854.889892578125 110.84294128417969 126.95528411865234
v -1855.07080078125 110.65914154052734 126.95453643798828
v -1857.5340576171875 128.0900421142578 136.385498046875
v -1857.7591552734375 156.5691680908203 150.48008728027344
v -1851.9373779296875 151.33978271484375 144.8024139404297
v -1857.656494140625 145.17288208007812 144.74072265625
v -1864.064453125 196.12342834472656 175.5445556640625
v -1852.374267578125 186.0300750732422 162.6490020751953
v -1863.7369384765625 172.96177673339844 162.50689697265625
v -1859.0146484375 132.2555389404297 139.13478088378906
v -1857.55224609375 130.94448852539062 137.76416015625
v -1858.9969482421875 129.41152954101562 137.7526092529297
v -1860.5364990234375 142.03680419921875 144.7109832763672
v -1857.6119384765625 139.48587036132812 141.9295654296875
v -1860.4970703125 136.37461853027344 141.90237426757812
v -1854.6942138671875 136.84695434570312 139.17210388183594
v -1851.7818603515625 134.11526489257812 136.43011474609375
v -1854.6517333984375 131.11888122558594 136.4075469970703
v -1858.988525390625 127.98792266845703 137.06317138671875
v -1858.2567138671875 127.32762145996094 136.3800811767578
v -1858.274169921875 130.1790771484375 137.75836181640625
v -1857.54296875 129.51788330078125 137.07435607910156
v -1858.265380859375 128.75396728515625 137.06874084472656
v -1856.09130859375 129.6085968017578 136.39645385742188
v -1856.131103515625 135.324951171875 139.15951538085938
v -1854.672607421875 133.9850616455078 137.78770446777344
v -1856.1107177734375 132.4689483642578 137.77586364746094
v -1854.79052734375 148.27342224121094 144.77120971679688
v -1851.881591796875 145.60496520996094 141.98599243164062
v -1854.7403564453125 142.56222534179688 141.9574432373047
v -1846.4139404296875 168.9601593017578 150.62306213378906
v -1840.6343994140625 163.29017639160156 144.93397521972656
v -1846.265869140625 157.37530517578125 144.8668975830078
v -1841.7178955078125 222.41822814941406 175.7647247314453
v -1830.1793212890625 210.5133056640625 162.96334838867188
v -1841.2115478515625 198.5150909423828 162.80166625976562
v -1810.765869140625 305.5141906738281 202.01280212402344
v -1786.7962646484375 280.8569641113281 176.36839294433594
v -1808.9752197265625 258.2154541015625 176.12176513671875
v -1746.2392578125 466.42938232421875 248.6122283935547
v -1693.6226806640625 422.47467041015625 201.67837524414062
v -1742.92822265625 375.78619384765625 201.7999725341797
v -1858.99267578125 128.6998748779297 137.4077606201172
v -1859.0057373046875 130.8340301513672 138.44309997558594
v -1859.052734375 137.9346923828125 141.91587829589844
v -1857.591064453125 136.64129638671875 140.53521728515625
v -1859.033203125 135.0962371826172 140.522216796875
v -1860.6282958984375 153.38291931152344 150.4462890625
v -1857.7054443359375 150.8643798828125 147.5883026123047
v -1860.580078125 147.70327758789062 147.55633544921875
v -1863.6134033203125 161.48422241210938 156.32620239257812
v -1858.0262451171875 179.57485961914062 162.5765380859375
v -1852.206787109375 174.35630798339844 156.4710235595703
v -1857.8812255859375 167.99647521972656 156.3970184326172
v -1862.0228271484375 146.10873413085938 147.5406494140625
v -1862.0684814453125 151.7755584716797 150.42970275878906
v -1860.603515625 150.5408935546875 148.99525451660156
v -1862.0450439453125 148.93994140625 148.97909545898438
v -1863.560302734375 155.8060302734375 153.33966064453125
v -1860.739501953125 164.76011657714844 156.36119079589844
v -1857.8175048828125 162.26751708984375 153.4090118408203
v -1860.6812744140625 159.05621337890625 153.37391662597656
v -1862.7457275390625 145.30789184570312 147.5328826904297
v -1862.767333984375 148.1358642578125 148.97108459472656
v -1862.0338134765625 147.52386474609375 148.25840759277344
v -1862.75634765625 146.72140502929688 148.25051879882812
v -1860.5577392578125 144.8689422607422 146.12857055664062
v -1862.0018310546875 143.28079223632812 146.11341857910156
v -1863.1180419921875 146.3192596435547 148.24659729003906
v -1862.7509765625 146.0145263671875 147.89134216308594
v -1862.01220703125 144.69442749023438 146.82569885253906
v -1863.1287841796875 147.73292541503906 148.96710205078125
v -1862.76171875 147.4285125732422 148.6104278564453
v -1863.123291015625 147.02597045898438 148.60647583007812
v -1862.7900390625 150.96824645996094 150.42149353027344
v -1862.056640625 150.3571319580078 149.70281982421875
v -1862.7784423828125 149.5514373779297 149.6947021484375
v -1863.5357666015625 152.97897338867188 151.8694610595703
v -1862.1187744140625 157.43606567382812 153.35667419433594
v -1860.654052734375 156.21627807617188 151.90313720703125
v -1862.093017578125 154.6025390625 151.8861846923828
v -1866.616943359375 169.59225463867188 162.4731903076172
v -1863.672119140625 167.20187377929688 159.38076782226562
v -1863.88623046875 184.55099487304688 168.9392852783203
v -1865.1265869140625 239.62066650390625 202.07847595214844
v -1853.331298828125 232.5592803955078 189.0041961669922
v -1864.51953125 218.69300842285156 188.95053100585938
v -1858.2928466796875 317.5337219238281 248.550537109375
v -1834.450927734375 317.81573486328125 225.59754943847656
v -1855.9056396484375 288.9190368652344 225.66184997558594
v -1798.9495849609375 486.5606384277344 303.03314208984375
v -1842.8106689453125 412.7529602050781 303.7630310058594
v -1865.112548828125 165.53555297851562 159.36354064941406
v -1863.6419677734375 164.3375701904297 157.84449768066406
v -1865.083740234375 162.6777801513672 157.82725524902344
v -1860.8736572265625 176.28880310058594 162.54135131835938
v -1857.95068359375 173.76467895507812 159.4517059326172
v -1860.8035888671875 170.50340270996094 159.4158477783203
v -1858.3970947265625 202.93756103515625 175.59780883789062
v -1852.567626953125 197.81417846679688 169.06813049316406
v -1858.197265625 191.2643280029297 169.00262451171875
v -1866.755859375 181.12913513183594 168.90847778320312
v -1863.80810546875 178.7502899169922 165.69642639160156
v -1866.6829833984375 175.35458374023438 165.66390991210938
v -1870.2142333984375 211.47866821289062 188.92254638671875
v -1864.2745361328125 207.5478515625 182.2418975830078
v -1869.990234375 200.44383239746094 182.20143127441406
v -1870.09765625 206.00469970703125 185.56558227539062
v -1870.779296875 232.1750030517578 202.073486328125
v -1864.802490234375 229.4276885986328 195.5896453857422
v -1870.4761962890625 222.0997772216797 195.57391357421875
v -1866.857421875 273.5412902832031 225.68267822265625
v -1854.8824462890625 272.7150573730469 214.28802490234375
v -1865.908447265625 257.9022521972656 214.31150817871094
v -1873.3426513671875 218.35801696777344 195.5653533935547
v -1870.34033203125 216.8491973876953 192.26206970214844
v -1873.2119140625 213.13674926757812 192.2506866455078
v -1873.2760009765625 215.76345825195312 193.91213989257812
v -1873.63525390625 228.37335205078125 202.07000732421875
v -1870.6224365234375 227.21388244628906 198.84779357910156
v -1873.483642578125 223.44239807128906 198.84190368652344
v -1871.5196533203125 250.20509338378906 214.31884765625
v -1865.49462890625 249.1407012939453 208.33619689941406
v -1871.12646484375 241.5721893310547 208.33920288085938
v -1873.99658203125 214.82333374023438 193.9095916748047
v -1874.0625 217.41416931152344 195.56314086914062
v -1873.3089599609375 217.06488037109375 194.73985290527344
v -1874.029296875 216.12289428710938 194.7374725341797
v -1873.411865234375 220.91835021972656 197.20904541015625
v -1871.7735595703125 214.99957275390625 192.2564239501953
v -1871.9068603515625 220.2355499267578 195.56968688964844
v -1870.406982421875 219.49050903320312 193.92208862304688
v -1871.8388671875 217.6336212158203 193.9171600341797
v -1867.357421875 215.11068725585938 188.93663024902344
v -1867.6298828125 225.78907775878906 195.58200073242188
v -1864.656005859375 224.11985778808594 192.28382873535156
v -1867.48876953125 220.5096435546875 192.2731170654297
v -1858.8951416015625 225.71531677246094 188.9777374267578
v -1859.544189453125 246.86798095703125 202.08094787597656
v -1853.656494140625 243.51007080078125 195.615966796875
v -1859.1993408203125 236.55979919433594 195.6036376953125
v -1843.1158447265625 267.5620422363281 202.07470703125
v -1831.4842529296875 258.4253845214844 189.10302734375
v -1842.3458251953125 245.76690673828125 189.05496215820312
v -1874.4229736328125 216.9409637451172 195.56202697753906
v -1874.0457763671875 216.76959228515625 195.15060424804688
v -1874.131103515625 219.97076416015625 197.2071533203125
v -1873.376953125 219.642578125 196.3884735107422
v -1874.096435546875 218.69688415527344 196.3864288330078
v -1872.0504150390625 225.33485412597656 198.8449249267578
v -1870.5479736328125 224.67491149902344 197.2162322998047
v -1871.977294921875 222.80332946777344 197.21270751953125
v -1867.9434814453125 235.9235076904297 202.0762939453125
v -1864.959228515625 234.60009765625 198.85789489746094
v -1867.7813720703125 230.93252563476562 198.85311889648438
v -1874.456787109375 218.22274780273438 196.38539123535156
v -1874.0794677734375 218.05661010742188 195.97509765625
v -1874.4398193359375 217.58294677734375 195.97401428222656
v -1873.971923828125 237.7086944580078 208.3395538330078
v -1870.9471435546875 236.96661376953125 205.24070739746094
v -1873.7978515625 233.13430786132812 205.2393341064453
v -1874.3544921875 246.27749633789062 214.32131958007812
v -1871.3175048828125 245.98126220703125 211.36265563964844
v -1874.1575927734375 242.08599853515625 211.36427307128906
v -1872.427490234375 265.5702209472656 225.68968200683594
v -1866.3643798828125 265.992919921875 220.0647430419922
v -1871.9549560546875 258.16143798828125 220.0731658935547
v -1869.101806640625 300.8830871582031 248.536865234375
v -1857.054931640625 303.5196228027344 236.85623168945312
v -1867.9349365234375 287.5253601074219 236.85972595214844
v -1863.6185302734375 374.78900146484375 303.9739685058594
v -1839.9473876953125 382.5465393066406 276.2158508300781
v -1861.01708984375 347.69970703125 276.2632751464844
v -1873.464111328125 279.26080322265625 236.8594512939453
v -1867.382568359375 280.6759033203125 231.2520751953125
v -1872.9322509765625 272.56036376953125 231.2559356689453
v -1875.240966796875 261.5079040527344 225.69227600097656
v -1875.73486328125 268.4275817871094 231.25714111328125
v -1872.6761474609375 269.10955810546875 228.4736328125
v -1875.484130859375 265.01226806640625 228.47561645507812
v -1876.6552734375 259.456787109375 225.69332885742188
v -1876.8958740234375 262.9438781738281 228.47637939453125
v -1875.361572265625 263.272216796875 227.08485412597656
v -1876.774658203125 261.2124938964844 227.08578491210938
v -1874.7791748046875 254.1675567626953 220.07627868652344
v -1872.1868896484375 261.9262390136719 222.89317321777344
v -1875.0057373046875 257.89837646484375 222.8961639404297
v -1877.1436767578125 266.3416748046875 231.25755310058594
v -1875.608642578125 266.73004150390625 229.8659210205078
v -1877.0189208984375 264.6529235839844 229.86651611328125
v -1876.255859375 275.0556335449219 236.85873413085938
v -1873.195068359375 275.938720703125 234.0475616455078
v -1875.9923095703125 271.7699890136719 234.04786682128906
v -1874.589599609375 292.3084411621094 248.52828979492188
v -1868.509765625 294.2182312011719 242.59239196777344
v -1874.0181884765625 285.8005065917969 242.5877227783203
v -1871.670166015625 329.5989074707031 276.2591552734375
v -1859.6485595703125 332.584228515625 261.99664306640625
v -1870.3814697265625 315.21417236328125 261.97955322265625
v -1877.6036376953125 261.9046325683594 228.47671508789062
v -1877.7259521484375 263.6093444824219 229.8667755126953
v -1876.9571533203125 263.8010559082031 229.17141723632812
v -1877.66455078125 262.7596740722656 229.17172241210938
v -1878.018798828125 262.2377014160156 229.17184448242188
v -1878.080078125 263.0863037109375 229.86688232421875
v -1877.6951904296875 263.1851501464844 229.51922607421875
v -1878.04931640625 262.66265869140625 229.51934814453125
v -1877.85009765625 265.29376220703125 231.25770568847656
v -1877.0810546875 265.4997253417969 230.5618438720703
v -1877.787841796875 264.4539794921875 230.56204223632812
v -1877.3983154296875 269.6663818359375 234.04783630371094
v -1875.86279296875 270.1069030761719 232.65066528320312
v -1877.270263671875 268.0121765136719 232.65086364746094
v -1876.7989501953125 281.5210876464844 242.5849151611328
v -1873.73876953125 282.5426940917969 239.7025146484375
v -1876.5250244140625 278.3006286621094 239.7007598876953
v -1877.6590576171875 272.93408203125 236.85824584960938
v -1877.9254150390625 276.1609191894531 239.6997528076172
v -1876.3897705078125 276.68218994140625 238.27517700195312
v -1877.7916259765625 274.5516052246094 238.27442932128906
v -1878.196533203125 279.3630065917969 242.58338928222656
v -1876.661376953125 279.91290283203125 241.1368865966797
v -1878.0604248046875 277.7640380859375 241.1356201171875
v -1877.359130859375 287.9530029296875 248.5235137939453
v -1874.3021240234375 289.0503845214844 245.5260009765625
v -1877.0772705078125 284.7331848144531 245.5221710205078
v -1875.8245849609375 306.2995300292969 261.96710205078125
v -1869.7376708984375 307.99212646484375 255.10279846191406
v -1875.2032470703125 299.24884033203125 255.09144592285156
v -1877.9927978515625 276.963134765625 240.41629028320312
v -1878.2762451171875 275.6239929199219 239.69949340820312
v -1878.343505859375 276.4250793457031 240.41598510742188
v -1877.958984375 276.56219482421875 240.05767822265625
v -1878.309814453125 276.02471923828125 240.05740356445312
v -1877.224609375 277.2323303222656 239.7002716064453
v -1877.3602294921875 278.8400573730469 241.13626098632812
v -1876.593017578125 279.107421875 240.41741943359375
v -1877.292236328125 278.0368347167969 240.4168701171875
v -1875.1295166015625 280.4278259277344 239.70167541503906
v -1875.40625 283.6668701171875 242.5863494873047
v -1873.8779296875 284.1736145019531 241.13916015625
v -1875.267333984375 282.04937744140625 241.1380615234375
v -1870.69091796875 283.41680908203125 236.85977172851562
v -1871.255615234375 290.0323181152344 242.5902099609375
v -1868.2198486328125 290.8833312988281 239.70501708984375
v -1870.9708251953125 286.7363586425781 239.70391845703125
v -1862.468994140625 295.6070251464844 236.85861206054688
v -1863.67333984375 309.2871398925781 248.54425048828125
v -1857.6651611328125 310.53643798828125 242.59841918945312
v -1863.0623779296875 302.45904541015625 242.59593200683594
v -1845.1326904296875 303.6391906738281 225.63304138183594
v -1847.6307373046875 333.60723876953125 248.56027221679688
v -1835.697021484375 333.7552490234375 236.8363800048828
v -1846.338623046875 318.8927917480469 236.84811401367188
v -1815.622802734375 379.4180908203125 248.57460021972656
v -1790.8895263671875 371.36419677734375 225.4144287109375
v -1813.0118408203125 344.9936218261719 225.51162719726562
v -1877.8583984375 275.3571472167969 238.98585510253906
v -1878.410888671875 277.224853515625 241.13528442382812
v -1878.0264892578125 277.3637390136719 240.7755889892578
v -1878.377197265625 276.8251037597656 240.77528381347656
v -1878.1282958984375 278.56390380859375 241.85792541503906
v -1876.9376220703125 283.1271667480469 244.0462188720703
v -1878.333740234375 280.9598388671875 244.04443359375
v -1874.89501953125 295.7597961425781 251.76531982421875
v -1877.6588134765625 291.3637390136719 251.75967407226562
v -1875.5133056640625 302.76629638671875 258.4963684082031
v -1877.067138671875 320.3389587402344 276.2491455078125
v -1871.0274658203125 322.4504089355469 269.0661926269531
v -1876.4478759765625 313.3630676269531 269.0542297363281
v -1874.091796875 355.27789306640625 304.02587890625
v -1862.35498046875 362.0459899902344 290.52923583984375
v -1872.9222412109375 343.22442626953125 290.5497131347656
v -1867.336181640625 412.00146484375 351.71734619140625
v -1845.3135986328125 435.81427001953125 327.4992370605469
v -1865.7891845703125 394.9063720703125 327.8421936035156
v -1876.1363525390625 309.8359680175781 265.49072265625
v -1877.1953125 304.0448303222656 261.96356201171875
v -1877.5040283203125 307.5602722167969 265.4870910644531
v -1875.98046875 308.068115234375 263.7231140136719
v -1877.3497314453125 305.8029479980469 263.7195129394531
v -1873.095458984375 310.7772521972656 261.9736633300781
v -1873.7303466796875 317.9263000488281 269.06072998046875
v -1870.70458984375 318.8368835449219 265.50311279296875
v -1873.4129638671875 314.3564147949219 265.4973449707031
v -1864.9932861328125 323.97161865234375 261.9893493652344
v -1866.323974609375 338.7153015136719 276.2637634277344
v -1860.333984375 340.1857604980469 269.07855224609375
v -1865.6600341796875 331.3873291015625 269.0742492675781
v -1850.47412109375 365.31829833984375 276.2480773925781
v -1838.475830078125 365.8338623046875 262.0041809082031
v -1849.0439453125 349.4244689941406 262.0044250488281
v -1821.5211181640625 449.8089599609375 303.43792724609375
v -1796.13330078125 449.3935852050781 275.9618225097656
v -1818.569091796875 416.19952392578125 276.1093444824219
v -1696.024658203125 626.4591064453125 301.36419677734375
v -1749.888916015625 557.7081298828125 302.1604309082031
v -1877.88232421875 302.9134826660156 261.9617004394531
v -1878.035888671875 304.6663818359375 263.7176208496094
v -1877.2724609375 304.92388916015625 262.8399658203125
v -1877.9591064453125 303.7899169921875 262.8381042480469
v -1876.886962890625 300.5325622558594 258.49298095703125
v -1878.4176025390625 300.03240966796875 260.2171936035156
v -1875.6688232421875 304.5317077636719 260.22430419921875
v -1877.041015625 302.2875061035156 260.2208251953125
v -1872.4625244140625 303.64178466796875 255.09735107421875
v -1870.058837890625 311.5950012207031 258.50848388671875
v -1872.7783203125 307.2015075683594 258.502685546875
v -1858.9664306640625 324.9997253417969 255.12051391601562
v -1864.3291015625 316.5715026855469 255.11245727539062
v -1878.302734375 303.221923828125 262.837158203125
v -1878.37939453125 304.0970764160156 263.7166748046875
v -1877.9974365234375 304.2281494140625 263.2774963378906
v -1878.341064453125 303.6595153808594 263.27655029296875
v -1878.189453125 306.4184875488281 265.48516845703125
v -1877.4268798828125 306.68182373046875 264.6019287109375
v -1878.1126708984375 305.5426330566406 264.60003662109375
v -1877.8125 311.06634521484375 269.05059814453125
v -1876.2921142578125 311.6014709472656 267.2682800292969
v -1877.6583251953125 309.3152770996094 267.2646484375
v -1876.75830078125 316.8682556152344 272.6446838378906
v -1872.3035888671875 336.55755615234375 283.454833984375
v -1877.6768798828125 327.1265563964844 283.44818115234375
v -1878.3602294921875 303.8782958984375 263.49652099609375
v -1878.4560546875 304.9720458984375 264.5990905761719
v -1878.0743408203125 305.10455322265625 264.1584777832031
v -1878.417724609375 304.5345764160156 264.15753173828125
v -1876.603271484375 315.11920166015625 270.8468933105469
v -1877.9664306640625 312.8119201660156 270.8432922363281
v -1874.361572265625 324.9875793457031 276.2548522949219
v -1871.349609375 326.0419921875 272.6558532714844
v -1874.0467529296875 321.4742431640625 272.65087890625
v -1877.8895263671875 311.9399108886719 269.9461975097656
v -1877.37353515625 323.7625732421875 279.8546447753906
v -1877.525634765625 325.4527893066406 281.6537170410156
v -1873.5201416015625 349.4974670410156 297.4401550292969
v -1864.77099609375 385.5560302734375 316.2295837402344
v -1874.9833984375 331.85980224609375 283.452392578125
v -1871.9884033203125 333.10833740234375 279.8631286621094
v -1874.6739501953125 328.4536437988281 279.85968017578125
v -1867.620849609375 352.69451904296875 290.54339599609375
v -1861.692626953125 355.0213317871094 283.44781494140625
v -1866.9794921875 345.8521728515625 283.45458984375
v -1853.224853515625 393.9222106933594 303.8849182128906
v -1841.404296875 398.4763488769531 290.40191650390625
v -1851.881103515625 380.435302734375 290.4788513183594
v -1877.601318359375 326.2918395996094 282.5516357421875
v -1875.5899658203125 338.441650390625 290.54974365234375
v -1872.6151123046875 339.9338684082031 287.0213623046875
v -1875.2889404296875 335.193359375 287.02008056640625
v -1876.02197265625 326.1127624511719 279.85736083984375
v -1876.3282470703125 329.4977111816406 283.4505310058594
v -1874.8291015625 330.1650085449219 281.6583557128906
v -1876.175537109375 327.8134765625 281.65625
v -1877.86376953125 324.8611755371094 281.65301513671875
v -1877.5634765625 325.8728332519531 282.1028137207031
v -1876.85009765625 326.6343078613281 281.655029296875
v -1877.0020751953125 328.3132629394531 283.44940185546875
v -1876.2520751953125 328.6577453613281 282.5540466308594
v -1876.92626953125 327.4759521484375 282.5528869628906
v -1876.6307373046875 332.81024169921875 287.0187072753906
v -1875.1365966796875 333.53643798828125 285.24017333984375
v -1876.4801025390625 331.163818359375 285.2385559082031
v -1877.44970703125 324.6096496582031 280.754638671875
v -1877.220703125 322.05743408203125 278.0525817871094
v -1877.8826904296875 325.0710144042969 281.87762451171875
v -1877.7879638671875 324.0193176269531 280.7539367675781
v -1877.4876708984375 325.03173828125 281.2043151855469
v -1877.825927734375 324.4407653808594 281.20361328125
v -1876.697265625 324.9388427734375 279.8560485839844
v -1876.098876953125 326.965087890625 280.75726318359375
v -1876.7738037109375 325.7885437011719 280.7560119628906
v -1875.7125244140625 322.66802978515625 276.2521667480469
v -1874.5181884765625 326.7273254394531 278.0579528808594
v -1875.8675537109375 324.3970642089844 278.0554504394531
v -1877.63916015625 326.7097473144531 283.0000915527344
v -1877.6947021484375 325.1570739746094 281.6533508300781
v -1877.7325439453125 325.5767822265625 282.10247802734375
v -1877.5445556640625 325.6629638671875 281.8782958984375
v -1877.713623046875 325.3670654296875 281.8779602050781
v -1877.187744140625 326.0438537597656 281.6543884277344
v -1877.263671875 326.8841857910156 282.5522766113281
v -1876.88818359375 327.0556640625 282.1041259765625
v -1877.2257080078125 326.46453857421875 282.1034851074219
v -1877.770263671875 325.9954528808594 282.5513000488281
v -1877.5823974609375 326.08245849609375 282.3272705078125
v -1877.7513427734375 325.7862548828125 282.3269348144531
v -1877.8170166015625 325.4286804199219 282.1023254394531
v -1877.8359375 325.6380920410156 282.3267517089844
v -1877.741943359375 325.6815490722656 282.2147216796875
v -1877.826416015625 325.5334167480469 282.21453857421875
v -1876.9287109375 336.0377502441406 290.5489807128906
v -1875.4400634765625 336.8289489746094 288.79046630859375
v -1876.7802734375 334.4354248046875 288.7893981933594
v -1876.1754150390625 344.6318359375 297.4432678222656
v -1873.22412109375 346.41656494140625 294.0269470214844
v -1875.8856201171875 341.592041015625 294.0284729003906
v -1868.8389892578125 365.08538818359375 304.0048522949219
v -1862.9986572265625 368.66900634765625 297.4045104980469
v -1868.2425537109375 359.1389465332031 297.4268493652344
v -1877.302978515625 331.6153869628906 287.0178527832031
v -1877.4517822265625 333.2353820800781 288.7886657714844
v -1876.7056884765625 333.6255798339844 287.90533447265625
v -1877.3775634765625 332.4281311035156 287.904541015625
v -1877.4146728515625 332.83245849609375 288.3469543457031
v -1876.8546142578125 335.2395324707031 289.6706848144531
v -1877.2213134765625 339.1676330566406 294.02838134765625
v -1875.738525390625 340.0298767089844 292.2962951660156
v -1877.07568359375 337.6156921386719 292.2958679199219
v -1877.545654296875 332.1284484863281 287.9043273925781
v -1877.582763671875 332.5324401855469 288.34674072265625
v -1877.3961181640625 332.6304931640625 288.1258239746094
v -1877.564208984375 332.33062744140625 288.1256103515625
v -1877.04150390625 333.0271301269531 287.90496826171875
v -1877.115966796875 333.8356628417969 288.7890625
v -1876.7430419921875 334.03118896484375 288.34771728515625
v -1877.0787353515625 333.4320983886719 288.34735107421875
v -1875.9593505859375 334.0028991699219 287.01947021484375
v -1876.1097412109375 335.6332702636719 288.7900085449219
v -1875.3646240234375 336.013916015625 287.90655517578125
v -1876.03466796875 334.8208312988281 287.9060363769531
v -1873.950439453125 337.5678405761719 287.0209655761719
v -1874.2545166015625 340.837158203125 290.54998779296875
v -1872.769287109375 341.5906677246094 288.7911071777344
v -1874.10302734375 339.2139892578125 288.7910461425781
v -1869.63623046875 341.2212219238281 283.45556640625
v -1870.266357421875 347.9749450683594 290.5475769042969
v -1867.3023681640625 349.3166198730469 287.0182189941406
v -1869.9534912109375 344.6411437988281 287.0207214355469
v -1877.34033203125 332.0224304199219 287.4615173339844
v -1877.153076171875 329.9741516113281 285.237548828125
v -1876.5555419921875 331.9895935058594 286.1297302246094
v -1877.2281494140625 330.7973327636719 286.1287841796875
v -1877.573486328125 332.43157958984375 288.2362060546875
v -1877.4332275390625 333.03411865234375 288.5679016113281
v -1876.0313720703125 343.1265563964844 295.74468994140625
v -1873.8095703125 352.4544372558594 300.7763671875
v -1876.45849609375 347.54840087890625 300.7812194824219
v -1874.6334228515625 360.55084228515625 310.2919006347656
v -1877.2574462890625 339.5513610839844 294.4590759277344
v -1876.5531005859375 340.380859375 294.02850341796875
v -1876.697998046875 341.9103088378906 295.744873046875
v -1875.958740234375 342.36285400390625 294.888671875
v -1876.625732421875 341.1491394042969 294.8887939453125
v -1874.5533447265625 344.00830078125 294.0279846191406
v -1874.8463134765625 347.06854248046875 297.4420166015625
v -1873.3729248046875 347.9717102050781 295.74237060546875
v -1874.7005615234375 345.5530700683594 295.7438049316406
v -1870.8763427734375 354.332763671875 297.4346618652344
v -1867.9345703125 355.9729309082031 294.01727294921875
v -1870.57421875 351.20977783203125 294.023193359375
v -1877.148681640625 338.39501953125 293.16400146484375
v -1877.2755126953125 339.7425842285156 294.6740417480469
v -1876.31787109375 346.1063232421875 299.1226501464844
v -1876.8870849609375 339.7745056152344 294.0284423828125
v -1876.95947265625 340.54150390625 294.8887939453125
v -1876.5894775390625 340.765869140625 294.45916748046875
v -1876.92333984375 340.15887451171875 294.4591369628906
v -1876.4066162109375 338.8238220214844 292.296142578125
v -1875.812255859375 340.8143005371094 293.1642761230469
v -1876.47998046875 339.6056823730469 293.1642150878906
v -1873.0738525390625 344.8335876464844 292.2955322265625
v -1874.4046630859375 342.435791015625 292.2961730957031
v -1877.2664794921875 339.64703369140625 294.56658935546875
v -1877.09033203125 339.8551940917969 294.4591064453125
v -1877.12646484375 340.23748779296875 294.8887634277344
v -1876.94140625 340.35040283203125 294.6741027832031
v -1877.1083984375 340.04656982421875 294.674072265625
v -1877.0316162109375 341.3014221191406 295.74493408203125
v -1876.661865234375 341.5306091308594 295.3173828125
v -1876.99560546875 340.92236328125 295.3173828125
v -1876.84130859375 343.4105529785156 297.44366455078125
v -1876.1036376953125 343.8829345703125 296.5962829589844
v -1876.769775390625 342.6641540527344 296.5965881347656
v -1877.2393798828125 339.3597106933594 294.2438659667969
v -1877.18505859375 338.78216552734375 293.5966796875
v -1874.366455078125 357.97332763671875 307.1943359375
v -1869.9420166015625 375.5179443359375 316.2775573730469
v -1864.210205078125 380.3915710449219 310.2231750488281
v -1869.40625 370.51922607421875 310.2626647949219
v -1855.5762939453125 415.458984375 327.6869812011719
v -1844.12841796875 424.9959411621094 315.946044921875
v -1854.4676513671875 405.40191650390625 316.1048889160156
v -1826.111083984375 499.89263916015625 350.7769775390625
v -1801.5675048828125 516.3878173828125 326.5281677246094
v -1824.1993408203125 476.1579284667969 327.0472106933594
v -1874.8924560546875 363.0203857421875 313.3287658691406
v -1866.6514892578125 403.51171875 339.4681701660156
v -1847.8438720703125 478.3695373535156 380.469482421875
v -1875.9466552734375 358.0426940917969 310.2975158691406
v -1874.7640380859375 361.7984924316406 311.8172912597656
v -1876.0755615234375 359.28076171875 311.82342529296875
v -1872.01513671875 365.5475769042969 310.2785949707031
v -1872.5380859375 370.46649169921875 316.2976989746094
v -1869.67822265625 373.0678405761719 313.29534912109375
v -1872.2806396484375 368.05615234375 313.3133850097656
v -1870.911376953125 384.5384826660156 327.9059753417969
v -1865.2982177734375 390.3663024902344 322.0752258300781
v -1870.4444580078125 380.1636657714844 322.1313781738281
v -1876.0113525390625 358.6650085449219 311.0622863769531
v -1875.6829833984375 355.4844970703125 307.1989440917969
v -1874.5009765625 359.2762145996094 308.7513427734375
v -1875.8157958984375 356.7776794433594 308.7564697265625
v -1871.4605712890625 360.1952209472656 304.0166320800781
v -1869.1263427734375 367.86181640625 307.1692199707031
v -1871.74169921875 362.9306640625 307.1830749511719
v -1876.04345703125 358.97369384765625 311.44329833984375
v -1875.2896728515625 359.2975769042969 310.2947998046875
v -1875.41943359375 360.5404357910156 311.8204345703125
v -1874.698974609375 361.1779479980469 311.056396484375
v -1875.3548583984375 359.92230224609375 311.0594177246094
v -1873.322998046875 363.0523986816406 310.28558349609375
v -1873.5853271484375 365.5413513183594 313.3214111328125
v -1872.14892578125 366.81475830078125 311.8029479980469
v -1873.4552001953125 364.30975341796875 311.8104553222656
v -1876.207763671875 358.6588439941406 311.4440002441406
v -1876.0595703125 359.12744140625 311.63348388671875
v -1876.107421875 359.5862121582031 312.20269775390625
v -1875.547119140625 361.757568359375 313.3321838378906
v -1874.8284912109375 362.4125671386719 312.5746765136719
v -1875.4835205078125 361.1521301269531 312.5779724121094
v -1875.6829833984375 359.2938537597656 311.0608825683594
v -1875.7474365234375 359.9107971191406 311.82196044921875
v -1875.38720703125 360.232177734375 311.44036865234375
v -1875.7152099609375 359.6031494140625 311.4418640136719
v -1876.175537109375 358.3504333496094 311.06298828125
v -1876.0274658203125 358.819580078125 311.2528991699219
v -1876.191650390625 358.5048522949219 311.25360107421875
v -1875.97900390625 358.35467529296875 310.6803894042969
v -1875.8814697265625 357.41363525390625 309.5289611816406
v -1876.1256103515625 358.8162841796875 311.44366455078125
v -1876.1416015625 358.9699401855469 311.6338195800781
v -1876.051513671875 359.0506286621094 311.5384216308594
v -1876.1336669921875 358.8931579589844 311.5387878417969
v -1875.87939453125 359.2884826660156 311.4425964355469
v -1875.911376953125 359.5958251953125 311.82269287109375
v -1875.7313232421875 359.7571716308594 311.63201904296875
v -1875.8953857421875 359.4423522949219 311.63275146484375
v -1875.811279296875 360.5213317871094 312.5795593261719
v -1875.4515380859375 360.8470764160156 312.1996154785156
v -1875.7794189453125 360.21685791015625 312.201171875
v -1873.02783203125 375.0330810546875 322.1556396484375
v -1870.1976318359375 377.8797912597656 319.219482421875
v -1872.7872314453125 372.78875732421875 319.24169921875
v -1874.08544921875 370.2350769042969 319.2518310546875
v -1874.32275390625 372.4600830078125 322.1667785644531
v -1872.9085693359375 373.9200134277344 320.7017822265625
v -1874.2052001953125 371.356689453125 320.7124328613281
v -1873.482421875 379.3285217285156 327.9341125488281
v -1870.6824951171875 382.3797912597656 325.0234680175781
v -1873.2596435546875 377.2096252441406 325.0497131347656
v -1871.730224609375 392.8037414550781 339.544677734375
v -1866.2412109375 399.26019287109375 333.61248779296875
v -1871.3406982421875 388.7244567871094 333.6831359863281
v -1857.2608642578125 434.06201171875 351.5216369628906
v -1846.3221435546875 445.9360656738281 339.0794677734375
v -1856.518310546875 424.7939758300781 339.28900146484375
v -1874.8543701171875 370.0729675292969 320.71746826171875
v -1874.97119140625 371.17156982421875 322.1720886230469
v -1874.2642822265625 371.91058349609375 321.4403076171875
v -1874.9130859375 370.6244812011719 321.44549560546875
v -1874.5513916015625 374.61724853515625 325.06182861328125
v -1873.144775390625 376.12921142578125 323.6045227050781
v -1874.438232421875 373.5465087890625 323.61614990234375
v -1875.2376708984375 369.9809265136719 321.4480285644531
v -1875.295654296875 370.5268249511719 322.1746826171875
v -1874.942138671875 370.8985595703125 321.8089599609375
v -1875.2667236328125 370.2544250488281 321.8115234375
v -1874.3807373046875 373.0053405761719 322.8919982910156
v -1875.02880859375 371.7144470214844 322.8974609375
v -1875.28125 370.3907470703125 321.9931335449219
v -1875.0 371.44354248046875 322.534912109375
v -1875.2884521484375 370.4588317871094 322.08392333984375
v -1875.1044921875 370.5765380859375 321.81024169921875
v -1875.1334228515625 370.8492431640625 322.17340087890625
v -1874.9566650390625 371.03521728515625 321.9905700683594
v -1875.118896484375 370.7130126953125 321.9918518066406
v -1874.588623046875 371.2677001953125 321.4429016113281
v -1874.6468505859375 371.81597900390625 322.1694641113281
v -1874.2935791015625 372.18585205078125 321.8037109375
v -1874.6177978515625 371.5423889160156 321.80633544921875
v -1873.556640625 372.6390380859375 320.7071838378906
v -1873.675048828125 373.7472229003906 322.1612854003906
v -1872.968505859375 374.478759765625 321.4294128417969
v -1873.6160888671875 373.1953430175781 321.4349365234375
v -1871.4913330078125 375.3369445800781 319.2309265136719
v -1871.735107421875 377.60089111328125 322.1438293457031
v -1870.3221435546875 379.03082275390625 320.6785583496094
v -1871.6143798828125 376.47802734375 320.6905212402344
v -1867.353515625 380.54742431640625 316.25482177734375
v -1867.8685302734375 385.2744140625 322.10455322265625
v -1865.0390625 388.00018310546875 319.1673583984375
v -1867.6153564453125 382.9499206542969 319.1947021484375
v -1859.6173095703125 395.51458740234375 316.17181396484375
v -1860.68212890625 405.21087646484375 327.76898193359375
v -1855.040771484375 410.5644836425781 321.9345703125
v -1860.168212890625 400.49737548828125 322.0093994140625
v -1875.1622314453125 371.12091064453125 322.5362243652344
v -1874.985595703125 371.30767822265625 322.3535461425781
v -1875.1478271484375 370.9851989746094 322.3548583984375
v -1874.7047119140625 372.36004638671875 322.8947448730469
v -1874.351806640625 372.73321533203125 322.529541015625
v -1874.6759033203125 372.0885314941406 322.5322570800781
v -1873.791259765625 374.8385009765625 323.61041259765625
v -1873.0865478515625 375.58319091796875 322.880615234375
v -1873.7333984375 374.2948913574219 322.8863830566406
v -1871.9700927734375 379.797119140625 325.03692626953125
v -1870.5645751953125 381.279541015625 323.5792541503906
v -1871.8536376953125 378.70684814453125 323.59222412109375
v -1868.3475341796875 389.7308044433594 327.87530517578125
v -1865.5484619140625 392.6648864746094 324.96343994140625
v -1868.1126708984375 387.5312194824219 324.99468994140625
v -1873.3720703125 378.2756652832031 326.4924621582031
v -1874.662353515625 375.6735534667969 326.5050964355469
v -1873.9000244140625 383.4339599609375 333.71478271484375
v -1871.130859375 386.6499328613281 330.78912353515625
v -1873.6959228515625 381.3999328613281 330.8190612792969
v -1874.717041015625 376.1966857910156 327.2262268066406
v -1873.59033203125 380.3695373535156 329.3758850097656
v -1874.744140625 376.4570617675781 327.58673095703125
v -1874.0169677734375 376.9751892089844 326.4988708496094
v -1874.12646484375 378.023193359375 327.94073486328125
v -1873.427490234375 378.80364990234375 327.2133483886719
v -1874.072021484375 377.5007629394531 327.2198791503906
v -1872.1959228515625 381.9357604980469 327.92034912109375
v -1870.798095703125 383.4656677246094 326.46527099609375
v -1872.0841064453125 380.87298583984375 326.47918701171875
v -1874.7305908203125 376.32696533203125 327.4064636230469
v -1874.3944091796875 376.848876953125 327.2230529785156
v -1874.44873046875 377.3700866699219 327.9440002441406
v -1874.0992431640625 377.7623596191406 327.580322265625
v -1874.421630859375 377.10986328125 327.5835266113281
v -1874.233642578125 379.0592956542969 329.38275146484375
v -1873.53662109375 379.8504333496094 328.6549072265625
v -1874.1802978515625 378.5426330566406 328.6616516113281
v -1872.412353515625 384.02703857421875 330.8044128417969
v -1871.0223388671875 385.5994567871094 329.3468322753906
v -1872.3052978515625 382.9866943359375 329.3616638183594
v -1868.788330078125 393.9996032714844 333.6490173339844
v -1866.020263671875 397.101318359375 330.7218017578125
v -1868.5728759765625 391.8834533691406 330.75665283203125
v -1861.5855712890625 414.1732177734375 339.3827209472656
v -1856.0701904296875 420.1729736328125 333.44439697265625
v -1861.15576171875 409.74090576171875 333.5326843261719
v -1874.6898193359375 375.9355163574219 326.8656921386719
v -1874.607177734375 375.1471252441406 325.78369140625
v -1873.7991943359375 382.4209899902344 332.26495361328125
v -1871.54052734375 390.7723083496094 336.5982360839844
v -1867.017333984375 407.74444580078125 345.49078369140625
v -1872.0780029296875 396.8580017089844 345.572021484375
v -1867.8677978515625 421.5134582519531 366.25262451171875
v -1873.747802734375 381.91156005859375 331.5415954589844
v -1872.619384765625 386.0811767578125 333.69927978515625
v -1871.2369384765625 387.6911926269531 332.234130859375
v -1872.51708984375 385.0581359863281 332.2498474121094
v -1873.849853515625 382.92840576171875 332.9892883300781
v -1874.1199951171875 381.76104736328125 332.26861572265625
v -1874.1705322265625 382.2672424316406 332.9930114746094
v -1873.8245849609375 382.6749267578125 332.6269836425781
v -1874.1453857421875 382.0143737792969 332.63067626953125
v -1873.1578369140625 383.7400817871094 332.2574768066406
v -1873.2593994140625 384.7580871582031 333.7071228027344
v -1872.5684814453125 385.5705871582031 332.9739990234375
v -1873.2088623046875 384.25 332.9817199707031
v -1872.8165283203125 388.1083984375 336.61517333984375
v -1871.44189453125 389.7510986328125 335.1374206542969
v -1872.7191162109375 387.0975036621094 335.1539611816406
v -1869.1883544921875 398.16387939453125 339.5075988769531
v -1866.45166015625 401.39349365234375 336.5245361328125
v -1868.9935302734375 396.0896301269531 336.56256103515625
v -1873.875 383.1814270019531 333.3518981933594
v -1871.909423828125 394.8290100097656 342.5326843261719
v -1871.9951171875 395.8425598144531 344.04547119140625
v -1867.635498046875 416.7876281738281 358.9199523925781
v -1858.0345458984375 454.4460754394531 380.7596130371094
v -1847.6766357421875 467.4505615234375 365.7902526855469
v -1857.818115234375 444.48974609375 366.03759765625
v -1824.9595947265625 548.6049194335938 407.3095397949219
v -1803.7401123046875 574.7564086914062 379.0677490234375
v -1826.6851806640625 526.4029541015625 379.8040466308594
v -1869.5452880859375 402.3062438964844 345.53253173828125
v -1866.8402099609375 405.6253356933594 342.45367431640625
v -1869.372314453125 400.2327880859375 342.49432373046875
v -1862.30078125 423.0440673828125 351.6235656738281
v -1856.91650390625 429.4090881347656 345.30255126953125
v -1861.9683837890625 418.5931396484375 345.4007263183594
v -1872.158203125 397.8749694824219 347.11175537109375
v -1869.8568115234375 406.4695739746094 351.7609558105469
v -1867.182861328125 409.87127685546875 348.58074951171875
v -1869.7069091796875 404.3865966796875 348.62347412109375
v -1870.9705810546875 401.6409606933594 348.64398193359375
v -1871.11865234375 403.70074462890625 351.7818908691406
v -1869.7833251953125 405.42803955078125 350.1867980957031
v -1871.0460205078125 402.67083740234375 350.20751953125
v -1870.1502685546875 411.14764404296875 358.9655456542969
v -1867.4940185546875 414.39874267578125 355.29779052734375
v -1870.0113525390625 408.8130187988281 355.34234619140625
v -1862.8470458984375 433.0048828125 366.1495056152344
v -1857.5792236328125 439.3042907714844 358.71575927734375
v -1862.6104736328125 428.0537414550781 358.8220520019531
v -1871.6029052734375 400.26727294921875 348.6540222167969
v -1871.677978515625 401.29144287109375 350.2176513671875
v -1871.0086669921875 402.1558532714844 349.4243469238281
v -1871.6407470703125 400.7793273925781 349.4344482421875
v -1870.8109130859375 399.5834045410156 345.5525817871094
v -1869.6275634765625 403.3458251953125 347.07177734375
v -1870.8922119140625 400.61163330078125 347.0920715332031
v -1871.919189453125 399.5802001953125 348.6589660644531
v -1871.9569091796875 400.0908203125 349.4394226074219
v -1871.6219482421875 400.5232849121094 349.0438537597656
v -1871.9381103515625 399.83551025390625 349.048828125
v -1871.5250244140625 399.2436218261719 347.10198974609375
v -1872.1971435546875 398.3838806152344 347.8863220214844
v -1870.9317626953125 401.1261901855469 347.86651611328125
v -1871.5643310546875 399.7553405761719 347.8764953613281
v -1872.0963134765625 399.4915771484375 349.0513000488281
v -1872.114990234375 399.7465515136719 349.44189453125
v -1871.947509765625 399.9631652832031 349.2440490722656
v -1872.105712890625 399.6190490722656 349.24652099609375
v -1871.9940185546875 400.6015319824219 350.2226867675781
v -1871.659423828125 401.0353698730469 349.8257141113281
v -1871.9755859375 400.3461608886719 349.8307189941406
v -1871.7501220703125 402.3155822753906 351.7921447753906
v -1871.082763671875 403.1858215332031 350.993408203125
v -1871.71435546875 401.80352783203125 351.00360107421875
v -1871.271484375 406.0177917480469 355.36376953125
v -1869.93603515625 407.6419982910156 353.5458679199219
v -1871.197021484375 404.8599853515625 353.5670471191406
v -1872.1336669921875 400.00152587890625 349.83319091796875
v -1871.96630859375 400.218505859375 349.6349792480469
v -1872.1243896484375 399.8740234375 349.637451171875
v -1872.1197509765625 399.8102722167969 349.5396728515625
v -1872.1290283203125 399.9377746582031 349.7353210449219
v -1871.9847412109375 400.4738464355469 350.026611328125
v -1871.6962890625 401.5474853515625 350.61029052734375
v -1872.01220703125 400.85687255859375 350.6153259277344
v -1871.2347412109375 405.4391174316406 354.4640197753906
v -1870.082763671875 409.9818420410156 357.1492919921875
v -1867.76025390625 419.1614074707031 362.57464599609375
v -1870.273193359375 413.4669189453125 362.6213684082031
v -1868.0291748046875 426.1255798339844 373.64154052734375
v -1844.218994140625 512.5477294921875 435.8484802246094
v -1871.253173828125 405.728515625 354.91357421875
v -1870.56640625 406.251220703125 353.5565185546875
v -1870.6412353515625 407.4156188964844 355.3531494140625
v -1869.97412109375 408.2277526855469 354.4427185058594
v -1870.604248046875 406.8336486816406 354.4534606933594
v -1868.5960693359375 409.2364501953125 351.73944091796875
v -1868.7523193359375 411.6066589355469 355.3203430175781
v -1867.4171142578125 413.20074462890625 353.50177001953125
v -1868.6761474609375 410.4222412109375 353.52410888671875
v -1864.818115234375 417.526123046875 351.6715087890625
v -1865.122802734375 422.4228515625 358.8721008300781
v -1862.4644775390625 425.5526428222656 355.2019958496094
v -1864.97900390625 419.97845458984375 355.2509765625
v -1871.410888671875 405.37939453125 354.91619873046875
v -1871.262451171875 405.8731689453125 355.1385803222656
v -1871.28955078125 406.306884765625 355.81463623046875
v -1870.71240234375 408.5777587890625 357.1601867675781
v -1870.047607421875 409.39776611328125 356.2445983886719
v -1870.6773681640625 407.99700927734375 356.25543212890625
v -1868.892578125 413.96826171875 358.94305419921875
v -1867.5667724609375 415.5946350097656 357.1042175292969
v -1868.824462890625 412.7889404296875 357.1270446777344
v -1870.91943359375 406.1364440917969 354.4587707519531
v -1870.956298828125 406.71673583984375 355.35845947265625
v -1870.6229248046875 407.12469482421875 354.9029541015625
v -1870.93798828125 406.4266662597656 354.90826416015625
v -1871.280517578125 406.162353515625 355.589111328125
v -1870.9923095703125 407.2964782714844 356.26080322265625
v -1870.659423828125 407.7063903808594 355.803955078125
v -1870.9744873046875 407.0066833496094 355.809326171875
v -1870.2137451171875 412.3096008300781 360.7899475097656
v -1870.1824951171875 411.7291259765625 359.8768005371094
v -1869.016357421875 416.31463623046875 362.5982971191406
v -1867.7000732421875 417.976806640625 360.7438049316406
v -1868.95654296875 415.14373779296875 360.7671813964844
v -1865.3575439453125 427.2601623535156 366.20220947265625
v -1862.7381591796875 430.5401916503906 362.474365234375
v -1865.249267578125 424.8523864746094 362.5256042480469
v -1863.081787109375 442.50299072265625 380.8912658691406
v -1857.9718017578125 449.5573425292969 373.41094970703125
v -1863.005859375 437.8403625488281 373.5309143066406
v -1857.3056640625 471.37908935546875 408.845703125
v -1847.54931640625 488.2552490234375 394.7160339355469
v -1857.86474609375 463.4507751464844 395.0875549316406
v -1870.2440185546875 412.8888854980469 361.704833984375
v -1867.9576416015625 423.8370666503906 369.9446716308594
v -1870.5281982421875 411.6008605957031 360.7955322265625
v -1870.22900390625 412.5993957519531 361.2471923828125
v -1869.5850830078125 413.726806640625 360.77862548828125
v -1869.6446533203125 414.8908996582031 362.6098937988281
v -1868.9869384765625 415.7298278808594 361.68194580078125
v -1869.6153564453125 414.3094787597656 361.6934509277344
v -1869.1234130859375 418.6392517089844 366.2769470214844
v -1867.816162109375 420.340576171875 364.41131591796875
v -1869.072021484375 417.4800720214844 364.4352722167969
v -1870.4970703125 411.0220947265625 359.8823547363281
v -1870.1982421875 412.0195007324219 360.3331298828125
v -1870.5126953125 411.3116149902344 360.3387145996094
v -1869.521240234375 412.55810546875 358.9543762207031
v -1868.925048828125 414.5565185546875 359.8541564941406
v -1869.5537109375 413.1429748535156 359.86553955078125
v -1870.2586669921875 413.1780700683594 362.16290283203125
v -1867.9149169921875 422.6792297363281 368.09747314453125
v -1869.17041015625 419.7913513183594 368.1221618652344
v -1865.5179443359375 431.9828186035156 373.5874328613281
v -1862.9365234375 435.4406433105469 369.8381652832031
v -1865.447265625 429.6392822265625 369.892578125
v -1869.75146484375 417.2019348144531 366.28887939453125
v -1869.1474609375 419.21624755859375 367.1991882324219
v -1869.7001953125 416.0495300292969 364.447021484375
v -1869.0982666015625 418.06048583984375 365.3555908203125
v -1869.726318359375 416.6265563964844 365.367431640625
v -1869.4373779296875 417.92059326171875 366.2829284667969
v -1869.46142578125 418.49591064453125 367.2052001953125
v -1869.1356201171875 418.927978515625 366.73797607421875
v -1869.4495849609375 418.2084655761719 366.74395751953125
v -1868.4954833984375 420.0764465332031 366.2648620605469
v -1868.5426025390625 421.2353515625 368.1098937988281
v -1867.8919677734375 422.0972900390625 367.1746826171875
v -1868.5196533203125 420.6568298339844 367.18701171875
v -1866.612548828125 424.3870849609375 366.22772216796875
v -1866.702392578125 426.73828125 369.9189147949219
v -1865.40478515625 428.4537353515625 368.0462646484375
v -1866.6597900390625 425.5666809082031 368.0721435546875
v -1867.9957275390625 424.9861145019531 371.7930603027344
v -1865.599609375 436.5355224609375 380.953369140625
v -1863.054443359375 440.1968688964844 377.2184143066406
v -1865.56884765625 434.28387451171875 377.2774658203125
v -1862.96728515625 451.0884704589844 395.2577819824219
v -1858.00048828125 459.094970703125 388.0074768066406
v -1863.0703125 446.9356689453125 388.15557861328125
v -1866.8255615234375 431.3279113769531 377.3060607910156
v -1866.85791015625 433.552734375 380.98345947265625
v -1865.5867919921875 435.4162902832031 379.1177673339844
v -1866.84423828125 432.4468688964844 379.1470642089844
v -1865.598388671875 440.863037109375 388.22564697265625
v -1863.0872802734375 444.75164794921875 384.5401306152344
v -1865.609619140625 438.73089599609375 384.6058654785156
v -1867.453857421875 429.8500671386719 377.32012939453125
v -1867.4727783203125 430.9623107910156 379.1614990234375
v -1866.83544921875 431.88897705078125 378.2270812988281
v -1867.4639892578125 430.40777587890625 378.2413024902344
v -1866.7735595703125 429.0541687011719 373.61480712890625
v -1868.0579833984375 427.25457763671875 375.4888916015625
v -1865.5458984375 433.13909912109375 375.4336242675781
v -1866.802001953125 430.1967468261719 375.4615783691406
v -1867.7781982421875 429.6672058105469 378.24835205078125
v -1867.787109375 430.2200927734375 379.16864013671875
v -1867.468505859375 430.6854553222656 378.7015380859375
v -1867.7828369140625 429.9440612792969 378.7086181640625
v -1866.8516845703125 433.0014953613281 380.06591796875
v -1867.48046875 431.5136413574219 380.0805358886719
v -1865.6072998046875 437.64068603515625 382.78314208984375
v -1866.866455078125 434.6446838378906 382.8140869140625
v -1867.935302734375 429.29693603515625 378.2518615722656
v -1867.780517578125 429.80572509765625 378.478515625
v -1867.7679443359375 429.1111755371094 377.32708740234375
v -1867.458984375 430.1293029785156 377.78082275390625
v -1867.773193359375 429.3895568847656 377.787841796875
v -1867.4300537109375 428.7256164550781 375.4753112792969
v -1868.0706787109375 427.81488037109375 376.41180419921875
v -1866.8143310546875 430.7637939453125 376.3841857910156
v -1867.4425048828125 429.289306640625 376.3980712890625
v -1867.9302978515625 429.01971435546875 377.79132080078125
v -1867.7757568359375 429.5284729003906 378.01812744140625
v -1867.932861328125 429.1584167480469 378.0216369628906
v -1866.868896484375 435.1851806640625 383.7268371582031
v -1865.606689453125 439.8052978515625 386.4204406738281
v -1863.0302734375 449.04815673828125 391.7286071777344
v -1857.630615234375 467.5285949707031 402.0146179199219
v -1862.7752685546875 454.97589111328125 402.2102966308594
v -1845.6517333984375 504.91070556640625 421.906005859375
v -1856.414306640625 478.60198974609375 422.4498596191406
v -1817.09228515625 585.0989379882812 465.2257995605469
v -1797.2255859375 623.0638427734375 433.55279541015625
v -1821.385986328125 567.329345703125 434.73193359375
v -1866.8695068359375 435.4539794921875 384.1825256347656
v -1866.2369384765625 436.142578125 382.7986755371094
v -1866.2398681640625 437.22625732421875 384.62188720703125
v -1865.609130859375 438.1877136230469 383.6954650878906
v -1866.239013671875 436.68634033203125 383.71124267578125
v -1864.341064453125 439.5189514160156 380.9226379394531
v -1864.348876953125 441.7408142089844 384.5733337402344
v -1863.08740234375 443.63494873046875 382.7192687988281
v -1864.34765625 440.6374206542969 382.75152587890625
v -1860.5606689453125 448.47314453125 380.82666015625
v -1860.538330078125 453.012939453125 388.08282470703125
v -1858.0299072265625 456.8043212890625 384.4009094238281
v -1860.5614013671875 450.7760925292969 384.4717712402344
v -1852.9599609375 466.4011535644531 380.6187744140625
v -1852.7296142578125 475.8395690917969 394.90667724609375
v -1847.7578125 483.4727478027344 387.68231201171875
v -1852.9007568359375 471.27374267578125 387.84942626953125
v -1837.431640625 502.3515930175781 380.1488342285156
v -1836.0379638671875 522.7068481445312 407.854248046875
v -1826.120849609375 538.1940307617188 393.8752746582031
v -1837.0020751953125 513.168701171875 394.30938720703125
v -1867.0262451171875 434.8099060058594 383.730712890625
v -1866.8692626953125 435.3197021484375 383.9547424316406
v -1867.0267333984375 434.9442443847656 383.9586486816406
v -1866.553955078125 435.93572998046875 383.71905517578125
v -1866.554931640625 436.4740295410156 384.6298522949219
v -1866.2396240234375 436.956787109375 384.16680908203125
v -1866.5545654296875 436.2053527832031 384.1746826171875
v -1866.237548828125 438.2942199707031 386.43695068359375
v -1865.60888671875 439.2701110839844 385.5142517089844
v -1866.2393798828125 437.76226806640625 385.530517578125
v -1864.334716796875 443.8987731933594 388.1909484863281
v -1863.0816650390625 445.8521728515625 386.35260009765625
v -1864.3446044921875 442.8282165527344 386.3868408203125
v -1866.8677978515625 434.9154052734375 383.27069091796875
v -1866.86279296875 434.1004943847656 381.8995666503906
v -1866.947998046875 435.1319580078125 383.9566955566406
v -1866.9482421875 435.2661437988281 384.1844787597656
v -1866.869384765625 435.3868713378906 384.06866455078125
v -1866.9481201171875 435.1990966796875 384.07061767578125
v -1866.8697509765625 435.5880432128906 384.41021728515625
v -1866.71142578125 435.5604248046875 383.72296142578125
v -1866.7120361328125 435.8296813964844 384.1786193847656
v -1866.5543212890625 436.0706481933594 383.9469299316406
v -1866.7117919921875 435.6951599121094 383.9508361816406
v -1866.5516357421875 435.39361572265625 382.806396484375
v -1866.2381591796875 436.4149169921875 383.25518798828125
v -1866.552978515625 435.6651306152344 383.2629699707031
v -1866.228759765625 435.0440673828125 380.968505859375
v -1865.6041259765625 437.08990478515625 381.8690490722656
v -1866.2335205078125 435.5951232910156 381.8843994140625
v -1866.86962890625 435.52105712890625 384.29638671875
v -1866.948486328125 435.3331604003906 384.29833984375
v -1866.71240234375 436.0979309082031 384.6337890625
v -1866.5548095703125 436.3398132324219 384.40234375
v -1866.7122802734375 435.96392822265625 384.4062805175781
v -1866.5545654296875 437.0084228515625 385.53857421875
v -1866.23974609375 437.4947509765625 385.07647705078125
v -1866.554931640625 436.7417297363281 385.08447265625
v -1864.2982177734375 445.9860534667969 391.7665100097656
v -1864.2393798828125 448.00201416015625 395.29852294921875
v -1863.0015869140625 450.0769958496094 393.498291015625
v -1864.271484375 447.0025939941406 393.53759765625
v -1862.8819580078125 453.0623779296875 398.7494201660156
v -1860.419189453125 457.2663269042969 395.174072265625
v -1857.9453125 461.3106994628906 391.5700988769531
v -1860.4908447265625 455.17657470703125 391.65069580078125
v -1864.9061279296875 445.4659729003906 393.5569763183594
v -1864.875 446.4593811035156 395.3186340332031
v -1864.256103515625 447.50439453125 394.4192810058594
v -1864.8912353515625 445.9647521972656 394.43902587890625
v -1864.1588134765625 449.9523010253906 398.79327392578125
v -1862.9273681640625 452.0833740234375 397.00787353515625
v -1864.2017822265625 448.9849853515625 397.0501708984375
v -1860.20654296875 461.2480773925781 402.11395263671875
v -1857.7593994140625 465.5212707519531 398.5666809082031
v -1860.32421875 459.2881164550781 398.6595153808594
v -1852.072998046875 484.1520690917969 408.6130065917969
v -1847.2235107421875 492.7336730957031 401.5900573730469
v -1852.4505615234375 480.114501953125 401.8075256347656
v -1864.22119140625 448.4955139160156 396.17547607421875
v -1862.831298828125 454.02630615234375 400.4833068847656
v -1856.897705078125 475.0532531738281 415.6383056640625
v -1863.5205078125 451.5071105957031 398.7714538574219
v -1863.4710693359375 452.46527099609375 400.506103515625
v -1862.8572998046875 453.54620361328125 399.6172790527344
v -1863.4964599609375 451.9880065917969 399.6396789550781
v -1861.6038818359375 456.17431640625 398.704833984375
v -1861.49169921875 458.1109619140625 402.1625061035156
v -1860.2681884765625 460.2754211425781 400.3901672363281
v -1861.550537109375 457.14990234375 400.4371032714844
v -1859.9071044921875 465.0074462890625 408.9576110839844
v -1857.47900390625 469.47906494140625 405.4385681152344
v -1860.0672607421875 463.1524658203125 405.5443420410156
v -1863.81591796875 451.2091064453125 399.65081787109375
v -1863.7908935546875 451.6849060058594 400.5174255371094
v -1863.48388671875 452.2270812988281 400.0731201171875
v -1863.8035888671875 451.4474792480469 400.0843505859375
v -1863.4163818359375 453.40911865234375 402.23388671875
v -1862.8038330078125 454.5028381347656 401.34759521484375
v -1863.4443359375 452.9389343261719 401.37078857421875
v -1862.7139892578125 455.911865234375 403.9312744140625
v -1863.7645263671875 452.15716552734375 401.38232421875
v -1863.4578857421875 452.7025451660156 400.93865966796875
v -1863.77783203125 451.9214782714844 400.9501037597656
v -1863.784423828125 451.8033142089844 400.73382568359375
v -1863.771240234375 452.0394287109375 401.166259765625
v -1863.4305419921875 453.1744689941406 401.80255126953125
v -1862.7452392578125 455.4455261230469 403.07147216796875
v -1863.3870849609375 453.8759460449219 403.0954895019531
v -1861.3583984375 459.9925842285156 405.5960998535156
v -1860.1395263671875 462.20684814453125 403.83172607421875
v -1861.4276123046875 459.0582580566406 403.8818664550781
v -1863.8643798828125 451.608154296875 400.7366638183594
v -1863.8577880859375 451.7262268066406 400.95294189453125
v -1863.7811279296875 451.8624267578125 400.8419494628906
v -1863.861083984375 451.667236328125 400.8448181152344
v -1863.6309814453125 452.0750732421875 400.51177978515625
v -1863.617919921875 452.3119812011719 400.9443664550781
v -1863.4644775390625 452.5840148925781 400.7224426269531
v -1863.62451171875 452.1936340332031 400.7281188964844
v -1863.1512451171875 453.2457275390625 400.4947204589844
v -1863.1241455078125 453.7208251953125 401.3592224121094
v -1862.8177490234375 454.2650146484375 400.9156494140625
v -1863.1378173828125 453.48370361328125 400.92718505859375
v -1862.1910400390625 455.5878601074219 400.4602966308594
v -1862.1336669921875 456.54315185546875 402.1864929199219
v -1861.521728515625 457.6321716308594 401.30059814453125
v -1862.1629638671875 456.0672607421875 401.3241882324219
v -1859.527587890625 468.5939025878906 415.7606201171875
v -1857.111572265625 473.2350158691406 412.24322509765625
v -1859.7269287109375 466.8191833496094 412.3607482910156
v -1851.05908203125 491.7307434082031 422.18353271484375
v -1846.263671875 501.0045471191406 415.11956787109375
v -1851.6060791015625 488.0061950683594 415.384521484375
v -1832.945556640625 539.8170166015625 435.3029479980469
v -1823.3338623046875 558.1341552734375 420.7098693847656
v -1834.6470947265625 531.4225463867188 421.32257080078125
v -1861.20458984375 461.8253173828125 409.0124206542969
v -1861.03125 463.6152648925781 412.41827392578125
v -1859.8194580078125 465.9183349609375 410.6600036621094
v -1861.1202392578125 462.7252502441406 410.7162170410156
v -1861.8526611328125 460.2351989746094 409.03948974609375
v -1861.1630859375 462.2765808105469 409.8645935058594
v -1861.8118896484375 460.6837158203125 409.89202880859375
v -1859.98974609375 464.08575439453125 407.252685546875
v -1861.283935546875 460.9146728515625 407.30596923828125
v -1861.0762939453125 463.17144775390625 411.5674133300781
v -1859.6295166015625 467.7107849121094 414.0606384277344
v -1856.6650390625 476.8401184082031 419.0381164550781
v -1859.3099365234375 470.3377685546875 419.1641845703125
v -1855.8631591796875 482.0763244628906 429.3377990722656
v -1842.58154296875 520.1107788085938 450.4840087890625
v -1837.0302734375 540.4481811523438 498.30108642578125
v -1861.4451904296875 461.9273986816406 410.73016357421875
v -1861.401611328125 462.37225341796875 411.5815124511719
v -1861.0985107421875 462.94866943359375 411.1418762207031
v -1861.423583984375 462.1501159667969 411.1558837890625
v -1860.4700927734375 464.32147216796875 410.688232421875
v -1860.3792724609375 465.2168884277344 412.3896179199219
v -1859.7738037109375 466.3699645996094 411.5105285644531
v -1860.42529296875 464.7703857421875 411.5390930175781
v -1858.607421875 468.1920166015625 408.9020690917969
v -1858.42041015625 470.0257568359375 412.3023681640625
v -1857.211181640625 472.3121643066406 410.54522705078125
v -1858.5164794921875 469.11395263671875 410.6029968261719
v -1854.69482421875 477.7606506347656 408.73077392578125
v -1854.257568359375 481.5240173339844 415.5129089355469
v -1851.85009765625 486.09869384765625 411.9991760253906
v -1854.4864501953125 479.66156005859375 412.1226501464844
v -1861.5860595703125 461.75091552734375 411.1628723144531
v -1861.5643310546875 461.9726867675781 411.58856201171875
v -1861.41259765625 462.2612609863281 411.36871337890625
v -1861.5751953125 461.86187744140625 411.375732421875
v -1861.35693359375 462.814697265625 412.43255615234375
v -1861.053955078125 463.3936462402344 411.9928894042969
v -1861.37939453125 462.59375 412.007080078125
v -1861.542236328125 462.1938781738281 412.0141296386719
v -1861.390625 462.4830627441406 411.7943115234375
v -1861.55322265625 462.0833740234375 411.8013610839844
v -1859.4210205078125 469.46929931640625 417.46148681640625
v -1860.18359375 466.9808349609375 415.7906799316406
v -1860.078857421875 467.8509216308594 417.4920654296875
v -1859.474853515625 469.0325012207031 416.6108703613281
v -1860.1317138671875 467.4167785644531 416.6412048339844
v -1858.2138671875 471.8221435546875 415.6998596191406
v -1857.98876953125 473.58740234375 419.1015625
v -1856.78369140625 475.9501953125 417.337158203125
v -1858.103515625 472.708251953125 417.39971923828125
v -1853.74267578125 485.1599426269531 422.31817626953125
v -1851.3419189453125 489.8813171386719 418.7767639160156
v -1854.0093994140625 483.3546447753906 418.908935546875
v -1849.7625732421875 499.0057678222656 436.108642578125
v -1844.9664306640625 508.73980712890625 428.794189453125
v -1850.4415283203125 495.3796081542969 429.0714111328125
v -1860.5113525390625 466.1745910644531 415.8056335449219
v -1860.1578369140625 467.19903564453125 416.2159118652344
v -1860.48583984375 466.3921203613281 416.2309265136719
v -1860.28369140625 466.10308837890625 414.09014892578125
v -1859.5791015625 468.1533508300781 414.9105529785156
v -1860.2342529296875 466.54296875 414.94036865234375
v -1857.007080078125 474.1484680175781 413.94061279296875
v -1858.3194580078125 470.92822265625 414.00103759765625
v -1860.10546875 467.6340637207031 417.06658935546875
v -1859.3660888671875 469.9043273925781 418.31256103515625
v -1860.0247802734375 468.2832946777344 418.3433532714844
v -1856.146728515625 480.34527587890625 425.88067626953125
v -1857.7459716796875 475.327880859375 422.5145263671875
v -1857.4864501953125 477.0498046875 425.9458312988281
v -1856.2825927734375 479.4755859375 424.16241455078125
v -1857.6181640625 476.1907653808594 424.2274475097656
v -1853.1585693359375 488.7208251953125 429.2060241699219
v -1850.758544921875 493.561279296875 425.6125183105469
v -1853.458740234375 486.94647216796875 425.7480773925781
v -1855.564453125 483.8014831542969 432.828369140625
v -1855.7156982421875 482.9392395019531 431.07843017578125
v -1852.513671875 492.2582092285156 436.2350158691406
v -1850.109130859375 497.1924743652344 432.56787109375
v -1852.8431396484375 490.4894714355469 432.6994934082031
v -1848.258056640625 506.2050476074219 450.6646728515625
v -1843.4202880859375 516.3505249023438 443.0904541015625
v -1849.03173828125 502.6253662109375 443.3166809082031
v -1829.0753173828125 556.0620727539062 465.4010925292969
v -1819.258056640625 576.4496459960938 449.70635986328125
v -1831.0496826171875 548.138671875 450.1043395996094
v -1809.779052734375 610.7744750976562 528.75
v -1812.9014892578125 600.1611938476562 498.43524169921875
v -1851.81640625 495.7882385253906 443.42657470703125
v -1849.403076171875 500.8182373046875 439.6929931640625
v -1852.1710205078125 494.02587890625 439.8120422363281
v -1851.075439453125 499.2796325683594 450.7523498535156
v -1848.649658203125 504.4224853515625 446.975341796875
v -1851.4508056640625 497.54095458984375 447.0746765136719
v -1846.6199951171875 513.0975341796875 465.642333984375
v -1841.713623046875 523.7872314453125 457.989013671875
v -1847.4510498046875 509.7080383300781 458.1180725097656
v -1838.8961181640625 534.4163818359375 482.05413818359375
v -1853.203857421875 492.3760986328125 443.48065185546875
v -1851.635009765625 496.66607666015625 445.2466735839844
v -1853.0264892578125 493.242919921875 445.2982177734375
v -1853.115478515625 492.8098449707031 444.388427734375
v -1853.550048828125 490.6358642578125 439.87060546875
v -1851.9952392578125 494.90802001953125 441.6148681640625
v -1853.37841796875 491.5069274902344 441.6712951660156
v -1853.4622802734375 491.95611572265625 444.40155029296875
v -1853.071044921875 493.0264587402344 444.84307861328125
v -1853.418212890625 492.17205810546875 444.8560485839844
v -1852.936767578125 493.6752624511719 446.2099304199219
v -1851.2642822265625 498.41229248046875 448.9100646972656
v -1847.858154296875 507.96844482421875 454.38037109375
v -1850.6910400390625 500.9999694824219 454.45562744140625
v -1852.510498046875 494.0816345214844 443.45367431640625
v -1852.3311767578125 494.9539489746094 445.27252197265625
v -1851.72607421875 496.2275085449219 444.3356018066406
v -1852.421142578125 494.51812744140625 444.3620910644531
v -1850.42578125 499.2046813964844 443.3719177246094
v -1850.052001953125 500.9794921875 447.0252685546875
v -1848.8419189453125 503.52545166015625 445.14190673828125
v -1850.2401123046875 500.0935974121094 445.194580078125
v -1846.233154296875 509.4794921875 443.20458984375
v -1845.4268798828125 513.1488037109375 450.5751953125
v -1843.0052490234375 518.2385864257812 446.7707824707031
v -1845.8345947265625 511.3217468261719 446.8740234375
v -1838.615234375 526.1516723632812 435.5794982910156
v -1836.846435546875 534.0889282226562 450.2969055175781
v -1832.0146484375 544.0023193359375 442.61590576171875
v -1837.74951171875 530.1431274414062 442.8564758300781
v -1852.981689453125 493.4591979980469 445.75384521484375
v -1852.1490478515625 495.8233337402344 447.09918212890625
v -1851.543212890625 497.1039123535156 446.15972900390625
v -1852.2403564453125 495.3890380859375 446.1849060058594
v -1847.0379638671875 511.4192810058594 461.8735046386719
v -1839.8590087890625 531.0015258789062 473.8169860839844
v -1825.04931640625 570.1445922851562 498.3724365234375
v -1814.8658447265625 593.3825073242188 482.0829162597656
v -1826.980224609375 563.7352294921875 482.0718688964844
v -1849.2763671875 504.4818115234375 454.418212890625
v -1848.876708984375 506.20037841796875 458.14947509765625
v -1847.6553955078125 508.84149169921875 456.2467346191406
v -1849.077392578125 505.34429931640625 456.2813720703125
v -1844.58935546875 516.7379760742188 458.0542297363281
v -1842.1505126953125 521.9620361328125 454.22509765625
v -1845.0113525390625 514.9558715820312 454.3034973144531
v -1834.979736328125 541.6605834960938 465.48486328125
v -1830.0650634765625 552.1754760742188 457.7166442871094
v -1835.9189453125 537.943359375 457.85498046875
v -1849.787109375 503.59747314453125 456.2985534667969
v -1849.5882568359375 504.4483947753906 458.1650390625
v -1848.977294921875 505.7731628417969 457.21484375
v -1849.6878662109375 504.02374267578125 457.231201171875
v -1848.470703125 507.8912353515625 461.8984375
v -1847.2451171875 510.5675048828125 459.9938659667969
v -1848.6744384765625 507.049560546875 460.0220031738281
v -1843.7305908203125 520.2079467773438 465.6043701171875
v -1841.2720947265625 525.5811767578125 461.77081298828125
v -1844.1619873046875 518.4902954101562 461.8227233886719
v -1850.1416015625 502.72454833984375 456.3070983886719
v -1850.0428466796875 503.1495056152344 457.2393798828125
v -1849.737548828125 503.8108215332031 456.7647399902344
v -1850.09228515625 502.9372253417969 456.7730712890625
v -1849.984130859375 502.74029541015625 454.4369812011719
v -1849.1771240234375 504.913818359375 455.3491516113281
v -1849.8858642578125 503.1696472167969 455.3670959472656
v -1849.66845703125 502.74005126953125 450.708740234375
v -1850.88427734375 500.1423645019531 452.6010437011719
v -1848.05908203125 507.0894470214844 452.5195007324219
v -1849.473388671875 503.6135559082031 452.56048583984375
v -1850.31884765625 502.2881774902344 456.3113708496094
v -1850.2696533203125 502.5005187988281 456.7772521972656
v -1850.116943359375 502.8309326171875 456.5400390625
v -1850.294189453125 502.3944091796875 456.5442810058594
v -1850.2398681640625 502.2980041503906 455.3760681152344
v -1849.8365478515625 503.3837585449219 455.8326721191406
v -1850.1907958984375 502.511474609375 455.8414306640625
v -1850.067626953125 503.0434265136719 457.0061950683594
v -1849.63818359375 504.23626708984375 457.697998046875
v -1848.7757568359375 506.6258850097656 459.0852355957031
v -1849.48828125 504.8713073730469 459.1000061035156
v -1846.1624755859375 514.8751220703125 469.7402038574219
v -1846.3916015625 513.9921875 467.6902770996094
v -1842.7872314453125 523.7915649414062 473.8304138183594
v -1840.3433837890625 529.1978149414062 469.6897888183594
v -1843.2596435546875 522.026123046875 469.71539306640625
v -1832.963134765625 549.033935546875 482.0638427734375
v -1828.012939453125 560.0489501953125 473.7573547363281
v -1833.962646484375 545.4840698242188 473.78826904296875
v -1846.2772216796875 514.4351806640625 468.71502685546875
v -1837.9510498046875 537.5553588867188 490.2289733886719
v -1845.177001953125 516.6502075195312 465.62347412109375
v -1844.7127685546875 518.447998046875 469.7279052734375
v -1843.4954833984375 521.1232299804688 467.65899658203125
v -1844.9451904296875 517.55517578125 467.67474365234375
v -1841.8438720703125 527.1394653320312 482.04864501953125
v -1839.3759765625 532.7432250976562 477.9405517578125
v -1842.314697265625 525.498046875 477.9434814453125
v -1842.0789794921875 526.3272705078125 479.9974365234375
v -1838.4208984375 536.01904296875 486.15191650390625
v -1841.3759765625 528.7138671875 486.1402893066406
v -1831.06103515625 555.2553100585938 498.33770751953125
v -1825.9910888671875 567.08740234375 490.28826904296875
v -1831.9942626953125 552.2796630859375 490.2594299316406
v -1821.7996826171875 580.411376953125 528.772705078125
v -1811.2103271484375 605.7927856445312 514.0479125976562
v -1823.3165283203125 575.5715942382812 514.020263671875
v -1806.375 630.3702392578125 600.5864868164062
v -1783.699951171875 682.12255859375 558.6889038085938
v -1807.6431884765625 620.3278198242188 558.7882080078125
v -1841.6094970703125 527.934814453125 484.09649658203125
v -1842.812744140625 524.5152587890625 479.9969482421875
v -1842.5787353515625 525.3236083984375 482.0472106933594
v -1841.9613037109375 526.7355346679688 481.0234069824219
v -1842.6956787109375 524.9215087890625 481.0224609375
v -1840.846923828125 529.1179809570312 477.94207763671875
v -1840.37158203125 530.7752685546875 482.05145263671875
v -1839.135498046875 533.5887451171875 479.9989929199219
v -1840.60888671875 529.955322265625 479.9982604980469
v -1836.91748046875 538.232421875 473.80291748046875
v -1835.9359130859375 541.714599609375 482.0592041015625
v -1833.459716796875 547.2968139648438 477.9331970214844
v -1836.42431640625 540.009521484375 477.9371032714844
v -1837.4873046875 539.0302124023438 494.28033447265625
v -1839.4329833984375 533.8875732421875 490.22113037109375
v -1838.9713134765625 535.351318359375 494.27130126953125
v -1837.7183837890625 538.3001708984375 492.2581481933594
v -1839.201416015625 534.626708984375 492.2496337890625
v -1834.9783935546875 544.906982421875 490.244384765625
v -1834.051025390625 547.8413696289062 498.3196105957031
v -1831.52294921875 553.7985229492188 494.3154296875
v -1834.5106201171875 546.4038696289062 494.2980651855469
v -1829.318603515625 560.5708618164062 514.0015869140625
v -1824.1571044921875 572.9561767578125 506.29339599609375
v -1830.1678466796875 558.0045776367188 506.26348876953125
v -1840.1727294921875 532.0557250976562 490.2171630859375
v -1839.94189453125 532.7919311523438 492.2453308105469
v -1839.3170166015625 534.2589721679688 491.2361755371094
v -1840.05712890625 532.4256591796875 491.2320556640625
v -1839.89990234375 532.36376953125 486.1461486816406
v -1838.185302734375 536.7952270507812 488.193359375
v -1839.665771484375 533.1334838867188 488.1864318847656
v -1832.4744873046875 550.6932983398438 486.1741027832031
v -1835.4537353515625 543.3455810546875 486.1632080078125
v -1839.99951171875 532.6092529296875 491.7388916015625
v -1839.086181640625 534.9907836914062 493.2613525390625
v -1837.2579345703125 539.7459716796875 496.2948303222656
v -1836.5809326171875 541.8141479492188 502.286376953125
v -1840.0283203125 532.517578125 491.4855041503906
v -1839.6871337890625 533.3421630859375 491.234130859375
v -1839.5716552734375 533.7091064453125 492.2474670410156
v -1839.2591552734375 534.4432983398438 491.74310302734375
v -1839.62939453125 533.5260620117188 491.7409973144531
v -1838.6923828125 535.7208251953125 490.22503662109375
v -1838.460205078125 536.4627685546875 492.25390625
v -1837.83447265625 537.9296875 491.2444152832031
v -1838.5760498046875 536.0936889648438 491.24029541015625
v -1836.4661865234375 541.228515625 490.2367248535156
v -1836.0003662109375 542.7144165039062 494.28924560546875
v -1834.7435302734375 545.6631469726562 492.27496337890625
v -1836.232421875 541.97900390625 492.2666015625
v -1840.1148681640625 532.2411499023438 490.72479248046875
v -1840.4049072265625 531.3046264648438 488.18292236328125
v -1839.5491943359375 533.512451171875 489.2044982910156
v -1840.2886962890625 531.6820678710938 489.2007751464844
v -1839.9705810546875 532.70068359375 491.9921569824219
v -1836.8046875 541.1373901367188 500.2984924316406
v -1833.1588134765625 550.5585327148438 506.24761962890625
v -1830.609130859375 556.655517578125 502.32183837890625
v -1833.6002197265625 549.2245483398438 502.3043518066406
v -1836.469970703125 542.1480102539062 503.2765808105469
v -1835.0919189453125 545.5167236328125 502.29541015625
v -1834.650634765625 546.8430786132812 506.239501953125
v -1833.3782958984375 549.8973999023438 504.2814636230469
v -1834.8701171875 546.1856079101562 504.27288818359375
v -1832.306640625 553.09912109375 513.9911499023438
v -1829.7374267578125 559.307861328125 510.1581726074219
v -1832.7274169921875 551.8483276367188 510.1448059082031
v -1827.7689208984375 565.3284912109375 528.7789306640625
v -1822.530029296875 578.040283203125 521.52197265625
v -1828.517578125 562.9976806640625 521.5167846679688
v -1819.484375 589.6751708984375 558.8362426757812
v -1808.594482421875 615.5289306640625 543.0429077148438
v -1820.5164794921875 585.0202026367188 543.0869750976562
v -1836.525390625 541.9814453125 502.78179931640625
v -1835.8367919921875 543.664794921875 502.2909240722656
v -1835.614990234375 544.3316650390625 504.2685546875
v -1834.980712890625 545.8526611328125 503.28546142578125
v -1835.7255859375 543.9996948242188 503.2810363769531
v -1835.5419921875 544.1421508789062 498.3103942871094
v -1833.824462890625 548.5394287109375 500.3168640136719
v -1835.31591796875 544.8358154296875 500.3077392578125
v -1836.6925048828125 541.4772338867188 501.2936706542969
v -1836.4976806640625 542.0648193359375 503.0292663574219
v -1836.208984375 542.7393188476562 502.2886657714844
v -1836.097900390625 543.0736694335938 503.27880859375
v -1835.7811279296875 543.8325805664062 502.7862854003906
v -1836.1533203125 542.9068603515625 502.7840576171875
v -1836.060546875 542.9859008789062 500.3031311035156
v -1835.20361328125 545.1777954101562 501.3028259277344
v -1835.9483642578125 543.326904296875 501.2982482910156
v -1832.515625 552.478271484375 512.0746459960938
v -1828.911865234375 561.7989501953125 517.7892456054688
v -1832.1004638671875 553.71142578125 515.8938598632812
v -1832.2032470703125 553.40625 514.9442749023438
v -1830.813720703125 556.83251953125 513.9964599609375
v -1830.4056396484375 558.0550537109375 517.7857666015625
v -1829.1136474609375 561.1889038085938 515.9026489257812
v -1830.608154296875 557.44775390625 515.8983154296875
v -1826.3218994140625 568.061767578125 514.0112915039062
v -1825.5277099609375 570.510009765625 521.519775390625
v -1822.9163818359375 576.8211669921875 517.8012084960938
v -1825.918212890625 569.3008422851562 517.7955932617188
v -1817.2802734375 590.6464233398438 514.0358276367188
v -1815.80322265625 595.5611572265625 528.7631225585938
v -1810.4630126953125 608.3339233398438 521.52197265625
v -1816.5118408203125 593.1533203125 521.5238647460938
v -1800.593017578125 630.4812622070312 498.4873962402344
v -1797.646240234375 641.3787231445312 528.7117919921875
v -1786.601318359375 667.03955078125 514.0543212890625
v -1798.970703125 636.2891845703125 514.0602416992188
v -1828.136474609375 564.1724243164062 525.1797485351562
v -1821.1278076171875 582.7267456054688 535.8782348632812
v -1830.0096435546875 559.2484130859375 521.5149536132812
v -1828.3253173828125 563.5877075195312 523.3566284179688
v -1829.8165283203125 559.8358154296875 523.3555908203125
v -1824.7877197265625 572.8613891601562 528.7761840820312
v -1822.15771484375 579.2350463867188 525.1787719726562
v -1825.1507568359375 571.6949462890625 525.1796875
v -1827.950927734375 564.7525024414062 526.9862060546875
v -1827.59033203125 565.9009399414062 530.5618286132812
v -1824.105224609375 575.1563720703125 535.8855590820312
v -1821.456298828125 581.5739135742188 532.3284912109375
v -1824.4390869140625 574.0137939453125 532.3341674804688
v -1814.5667724609375 600.2466430664062 543.0661010742188
v -1809.1568603515625 613.1619873046875 535.841552734375
v -1815.15478515625 597.91455078125 535.8613891601562
v -1795.720703125 651.1548461914062 558.73876953125
v -1784.453369140625 677.139404296875 542.9258422851562
v -1796.5770263671875 646.2455444335938 542.989501953125
v -1759.356201171875 751.9688720703125 600.3827514648438
v -1736.5958251953125 801.3690795898438 558.5073852539062
v -1760.3299560546875 741.739501953125 558.5947265625
v -1827.67919921875 565.6151123046875 529.67138671875
v -1826.2791748046875 569.0927734375 528.7776489257812
v -1825.9281005859375 570.2399291992188 532.336669921875
v -1824.611572265625 573.4390869140625 530.5579833984375
v -1826.101806640625 569.6678466796875 530.5599975585938
v -1827.50244140625 566.1859741210938 531.450927734375
v -1819.9678955078125 587.3251953125 550.6544799804688
v -1806.9117431640625 625.41015625 577.966796875
v -1781.7083740234375 697.3807373046875 650.3932495117188
v -1827.9622802734375 564.9598388671875 530.5623168945312
v -1827.5462646484375 566.0435180664062 531.0065307617188
v -1827.9180908203125 565.102294921875 531.0070190429688
v -1826.8463134765625 567.7838745117188 530.5609741210938
v -1826.6719970703125 568.3546142578125 532.337890625
v -1826.0145263671875 569.9542236328125 531.4487915039062
v -1826.7586669921875 568.069580078125 531.4498901367188
v -1825.5916748046875 571.3772583007812 535.888916015625
v -1824.270263671875 574.5860595703125 534.108642578125
v -1825.7579345703125 570.8095703125 534.1116333007812
v -1823.4832763671875 577.4291381835938 543.0966186523438
v -1820.814453125 583.8741455078125 539.4537353515625
v -1823.7864990234375 576.29345703125 539.4623413085938
v -1827.940185546875 565.0311279296875 530.78466796875
v -1828.05126953125 564.6743774414062 529.6716918945312
v -1827.6346435546875 565.7581176757812 530.1168212890625
v -1828.006591796875 564.8171997070312 530.1171875
v -1827.0242919921875 567.2100830078125 528.7783203125
v -1826.1900634765625 569.3807373046875 529.6697998046875
v -1826.934814453125 567.4973754882812 529.6705932617188
v -1826.64453125 567.9314575195312 525.1798095703125
v -1824.9674072265625 572.2802124023438 526.9847412109375
v -1826.4600830078125 568.51416015625 526.985595703125
v -1823.6329345703125 576.8612060546875 541.2703247070312
v -1820.2342529296875 586.169189453125 546.8099365234375
v -1823.196044921875 578.5677490234375 546.8203125
v -1813.5728759765625 604.9776000976562 558.8124389648438
v -1808.090576171875 617.906982421875 550.607421875
v -1814.039306640625 602.5901489257812 550.631591796875
v -1824.3743896484375 574.9671630859375 541.2725219726562
v -1824.22412109375 575.5337524414062 543.0989379882812
v -1823.5576171875 577.1450805664062 542.180908203125
v -1824.298828125 575.2503662109375 542.1831665039062
v -1823.337646484375 577.997802734375 544.9452514648438
v -1822.3011474609375 580.0818481445312 539.4581298828125
v -1822.00048828125 581.2227783203125 543.0918579101562
v -1820.6634521484375 584.4470825195312 541.2611083984375
v -1822.1488037109375 580.6522216796875 541.2658081054688
v -1818.1444091796875 590.31298828125 535.8701782226562
v -1817.5443115234375 592.626220703125 543.0767822265625
v -1814.853271484375 599.0812377929688 539.4345092773438
v -1817.836669921875 591.47021484375 539.4444580078125
v -1824.7449951171875 574.0204467773438 541.2736206054688
v -1824.33642578125 575.1087646484375 541.7272338867188
v -1824.70703125 574.1619262695312 541.7283325195312
v -1824.528564453125 574.4006958007812 539.4644165039062
v -1823.709228515625 576.5773315429688 540.3642578125
v -1824.4510498046875 574.6839599609375 540.3663940429688
v -1823.94384765625 575.725341796875 537.6687622070312
v -1825.4290771484375 571.9435424804688 537.6725463867188
v -1824.2613525390625 575.3920288085938 542.640380859375
v -1823.409912109375 577.71337890625 544.0178833007812
v -1821.7156982421875 582.3666381835938 546.815185546875
v -1820.373291015625 585.5940551757812 544.9352416992188
v -1821.8560791015625 581.7940673828125 544.9403076171875
v -1817.006103515625 594.950927734375 550.6431884765625
v -1814.29541015625 601.4149169921875 546.787841796875
v -1817.2674560546875 593.7850952148438 546.799072265625
v -1824.4840087890625 574.77685546875 542.1837158203125
v -1824.446533203125 574.91845703125 542.6409912109375
v -1824.280029296875 575.3212280273438 542.41162109375
v -1824.4652099609375 574.84765625 542.4121704101562
v -1823.92822265625 576.1976318359375 542.1820678710938
v -1823.853759765625 576.4813232421875 543.0977783203125
v -1823.520263671875 577.287109375 542.6381225585938
v -1823.890869140625 576.3394775390625 542.6392211914062
v -1822.8909912109375 578.7562255859375 541.26806640625
v -1822.7420654296875 579.3255004882812 543.09423828125
v -1822.07421875 580.9374389648438 542.17626953125
v -1822.8160400390625 579.040771484375 542.1785888671875
v -1824.57666015625 574.5401000976562 542.1840209960938
v -1824.557861328125 574.6109008789062 542.4124755859375
v -1824.474609375 574.812255859375 542.2979125976562
v -1824.5672607421875 574.5755004882812 542.2982177734375
v -1824.521728515625 574.6353149414062 541.727783203125
v -1824.317626953125 575.1795654296875 541.955078125
v -1824.5028076171875 574.7060546875 541.9556274414062
v -1824.003662109375 575.9140625 541.2714233398438
v -1823.5950927734375 577.0031127929688 541.7249755859375
v -1823.9658203125 576.0558471679688 541.7261352539062
v -1821.447021484375 583.517578125 550.6599731445312
v -1820.0989990234375 586.7460327148438 548.7150268554688
v -1821.579345703125 582.94091796875 548.7203979492188
v -1819.7178955078125 588.4924926757812 554.6526489257812
v -1822.4560546875 580.4667358398438 546.8177490234375
v -1822.319091796875 581.0397338867188 548.7230834960938
v -1821.64697265625 582.6535034179688 547.7637329101562
v -1822.3870849609375 580.7529907226562 547.766357421875
v -1822.8260498046875 579.51708984375 546.8190307617188
v -1822.7569580078125 579.8030395507812 547.7676391601562
v -1822.42138671875 580.6098022460938 547.2910766601562
v -1822.7913818359375 579.6600341796875 547.2923583984375
v -1822.5970458984375 579.8955078125 544.9428100585938
v -1823.266357421875 578.2825927734375 545.8792724609375
v -1821.785400390625 582.0801391601562 545.8742065429688
v -1822.5260009765625 580.180908203125 545.876708984375
v -1822.976318359375 579.1852416992188 547.2930297851562
v -1822.94189453125 579.3281860351562 547.768310546875
v -1822.774169921875 579.7315063476562 547.52978515625
v -1822.9591064453125 579.2566528320312 547.5303955078125
v -1822.6888427734375 580.0894775390625 548.724365234375
v -1822.3529052734375 580.8963012695312 548.24365234375
v -1822.7227783203125 579.9461669921875 548.2449951171875
v -1821.5126953125 583.2289428710938 549.6856689453125
v -1822.252197265625 581.3270874023438 549.6883544921875
v -1819.8408203125 587.9071655273438 552.6323852539062
v -1821.3189697265625 584.0969848632812 552.6380004882812
v -1816.53076171875 597.3201904296875 558.8244018554688
v -1813.7984619140625 603.7763671875 554.6292114257812
v -1816.760498046875 596.1279296875 554.6410522460938
v -1812.8233642578125 610.0004272460938 577.9928588867188
v -1807.2509765625 622.8232421875 567.8384399414062
v -1813.1676025390625 607.441650390625 567.8629760742188
v -1794.4893798828125 661.3405151367188 600.5247802734375
v -1783.0712890625 687.3535766601562 577.8732299804688
v -1795.03515625 656.3294067382812 577.9173583984375
v -1822.73974609375 579.8746337890625 548.0060424804688
v -1822.9246826171875 579.399658203125 548.0067138671875
v -1822.9332275390625 579.3638916015625 547.887451171875
v -1822.988037109375 579.20947265625 547.7684936523438
v -1822.9794921875 579.2451782226562 547.8876342773438
v -1822.9375 579.3460693359375 547.827880859375
v -1822.9837646484375 579.2273559570312 547.8280029296875
v -1822.849365234375 579.5656127929688 547.7680053710938
v -1822.832275390625 579.6371459960938 548.0064086914062
v -1822.7484130859375 579.8388061523438 547.8867797851562
v -1822.8408203125 579.6013793945312 547.8871459960938
v -1822.572021484375 580.2779541015625 547.7670288085938
v -1822.537841796875 580.4212036132812 548.2443237304688
v -1822.3699951171875 580.8246459960938 548.0047607421875
v -1822.554931640625 580.349609375 548.0054321289062
v -1822.01708984375 581.703125 547.7650756835938
v -1821.94921875 581.990234375 548.7217407226562
v -1821.613037109375 582.7971801757812 548.2410278320312
v -1821.9830322265625 581.8466186523438 548.2423706054688
v -1820.97509765625 584.2674560546875 546.8125610351562
v -1820.83935546875 584.8430786132812 548.7177124023438
v -1820.1661376953125 586.4573364257812 547.7584228515625
v -1820.90673828125 584.5549926757812 547.7611083984375
v -1818.75146484375 589.975341796875 546.8045654296875
v -1818.487548828125 591.1363525390625 550.6488647460938
v -1817.134765625 594.3668823242188 548.7039184570312
v -1818.6175537109375 590.5547485351562 548.7095336914062
v -1823.051513671875 579.019287109375 547.5307006835938
v -1822.950439453125 579.2924194335938 547.6492919921875
v -1823.0428466796875 579.0549926757812 547.6495971679688
v -1822.928955078125 579.3817749023438 547.9470825195312
v -1822.9752197265625 579.2630615234375 547.9472045898438
v -1822.705810546875 580.017822265625 548.4844360351562
v -1822.2855224609375 581.183349609375 549.20458984375
v -1821.2564697265625 584.387939453125 553.6426391601562
v -1819.5989990234375 589.0816650390625 556.71923828125
v -1821.28759765625 584.2423706054688 553.138916015625
v -1820.580078125 586.0016479492188 552.6351928710938
v -1820.45654296875 586.585693359375 554.6554565429688
v -1819.77880859375 588.1994018554688 553.636962890625
v -1820.517822265625 586.293212890625 553.6397705078125
v -1818.23974609375 592.3085327148438 554.6468505859375
v -1816.88134765625 595.5377807617188 552.6209106445312
v -1818.3616943359375 591.7208251953125 552.6266479492188
v -1821.3824462890625 583.806884765625 551.6439208984375
v -1821.47216796875 583.7662353515625 553.1396484375
v -1821.27197265625 584.3151245117188 553.3904418945312
v -1820.949462890625 585.0491943359375 552.6365966796875
v -1820.8870849609375 585.3405151367188 553.6411743164062
v -1820.5487060546875 586.1473388671875 553.1361083984375
v -1820.918212890625 585.1947631835938 553.1375122070312
v -1820.7076416015625 585.4209594726562 550.6572265625
v -1819.90380859375 587.6157836914062 551.6383666992188
v -1820.643310546875 585.7109375 551.6411743164062
v -1821.3642578125 584.0770263671875 553.3908081054688
v -1821.3487548828125 584.1498413085938 553.6429443359375
v -1821.26416015625 584.3515625 553.5164184570312
v -1821.3564453125 584.1134643554688 553.5167846679688
v -1820.8258056640625 585.6326293945312 554.6569213867188
v -1820.487060546875 586.4393310546875 554.146240234375
v -1820.8563232421875 585.4864501953125 554.1476440429688
v -1820.3372802734375 587.1736450195312 556.72216796875
v -1819.657958984375 588.7865600585938 555.6798706054688
v -1820.3963623046875 586.879150390625 555.6828002929688
v -1818.008056640625 593.49609375 558.830322265625
v -1816.6436767578125 596.7218627929688 556.70751953125
v -1818.121826171875 592.900146484375 556.7134399414062
v -1816.1197509765625 599.7669067382812 567.8753662109375
v -1813.3626708984375 606.1980590820312 563.2130737304688
v -1816.317138671875 598.5317993164062 563.2252197265625
v -1821.1029052734375 584.718505859375 553.1382446289062
v -1821.07177734375 584.8641967773438 553.6419067382812
v -1820.902587890625 585.267578125 553.3890380859375
v -1821.0872802734375 584.7913208007812 553.3897094726562
v -1821.410400390625 583.9580078125 553.3909912109375
v -1821.3603515625 584.0952758789062 553.4537963867188
v -1821.406494140625 583.9761962890625 553.4539184570312
v -1821.3798828125 584.0043334960938 553.1392822265625
v -1821.27978515625 584.2787475585938 553.2645874023438
v -1821.3720703125 584.0406494140625 553.2649536132812
v -1821.503662109375 583.6209716796875 552.638671875
v -1821.30322265625 584.169677734375 552.8881225585938
v -1821.4879150390625 583.693603515625 552.8888549804688
v -1821.751953125 582.855224609375 551.6453247070312
v -1821.3505859375 583.9518432617188 552.1396484375
v -1819.5411376953125 589.3778076171875 557.771240234375
v -1819.4285888671875 589.9737548828125 559.9149169921875
v -1817.79296875 594.703125 563.2312622070312
v -1816.4219970703125 597.9232788085938 560.9956665039062
v -1817.8984375 594.096923828125 561.0016479492188
v -1819.853271484375 588.720458984375 558.8377075195312
v -1819.4564208984375 589.8243408203125 559.3738403320312
v -1818.746337890625 591.585205078125 558.8333129882812
v -1818.6363525390625 592.1848754882812 561.004638671875
v -1817.9527587890625 593.7958374023438 559.908935546875
v -1818.6907958984375 591.8843994140625 559.9119262695312
v -1819.91015625 588.4234008789062 557.772705078125
v -1819.5126953125 589.5263671875 558.3020629882812
v -1819.881591796875 588.57177734375 558.3035278320312
v -1818.860595703125 590.990478515625 556.7163696289062
v -1818.064453125 593.197509765625 557.7653198242188
v -1818.802978515625 591.2872924804688 557.768310546875
v -1819.84619140625 588.7576904296875 558.9718017578125
v -1819.6688232421875 589.1978149414062 558.8369750976562
v -1819.6407470703125 589.3468627929688 559.3745727539062
v -1819.4703369140625 589.7496948242188 559.1046142578125
v -1819.65478515625 589.2722778320312 559.1053466796875
v -1819.1153564453125 590.630126953125 558.8347778320312
v -1819.0596923828125 590.9290161132812 559.9133911132812
v -1818.718505859375 591.7346801757812 559.3709106445312
v -1819.08740234375 590.7794189453125 559.3723754882812
v -1819.867431640625 588.6461181640625 558.5701904296875
v -1819.7611083984375 588.9591064453125 558.8373413085938
v -1819.7469482421875 589.0335693359375 559.105712890625
v -1819.661865234375 589.2350463867188 558.9710693359375
v -1819.7540283203125 588.996337890625 558.971435546875
v -1819.6971435546875 589.049072265625 558.3027954101562
v -1819.49853515625 589.6007080078125 558.5687255859375
v -1819.6829833984375 589.1234130859375 558.5694580078125
v -1819.172119140625 590.3324584960938 557.769775390625
v -1818.7745361328125 591.4360961914062 558.2991333007812
v -1819.1436767578125 590.4811401367188 558.3005981445312
v -1819.8001708984375 588.8770141601562 558.9716186523438
v -1819.7930908203125 588.9142456054688 559.1058959960938
v -1819.75048828125 589.0149536132812 559.03857421875
v -1819.796630859375 588.8956298828125 559.0387573242188
v -1819.7330322265625 589.108154296875 559.3749389648438
v -1819.6478271484375 589.3095703125 559.2398681640625
v -1819.739990234375 589.0708618164062 559.240234375
v -1819.4425048828125 589.8989868164062 559.6439208984375
v -1819.6268310546875 589.4215087890625 559.6446533203125
v -1812.988037109375 608.7120361328125 572.7921752929688
v -1806.6214599609375 627.982177734375 589.0029907226562
v -1816.0272216796875 600.3945922851562 570.3038940429688
v -1816.857177734375 597.8500366210938 567.8784790039062
v -1816.072998046875 600.0798950195312 569.08056640625
v -1816.810302734375 598.1624145507812 569.083740234375
v -1814.6441650390625 603.6029052734375 567.8692016601562
v -1814.4638671875 604.8692626953125 572.7985229492188
v -1813.075927734375 608.073486328125 570.2913208007812
v -1814.552001953125 604.232666015625 570.297607421875
v -1810.21142578125 615.1272583007812 567.8507080078125
v -1809.8695068359375 617.7007446289062 577.979736328125
v -1807.0748291015625 624.108154296875 572.7670288085938
v -1810.0335693359375 616.4052124023438 572.779541015625
v -1801.6932373046875 635.7216796875 558.7636108398438
v -1800.983154296875 640.8545532226562 577.9415283203125
v -1795.359130859375 653.69970703125 567.7909545898438
v -1801.3155517578125 638.2439575195312 567.8143920898438
v -1816.2164306640625 599.1461791992188 565.5171508789062
v -1817.6915283203125 595.3152465820312 565.5232543945312
v -1812.6727294921875 611.2864990234375 583.4212646484375
v -1814.298828125 606.1539306640625 577.99951171875
v -1812.9039306640625 609.355224609375 575.3612060546875
v -1814.3795166015625 605.5105590820312 575.3677368164062
v -1815.201416015625 602.9489135742188 572.8016967773438
v -1815.116943359375 603.5891723632812 575.3709716796875
v -1814.421142578125 605.1895141601562 574.074951171875
v -1815.15869140625 603.2686157226562 574.0781860351562
v -1814.3387451171875 605.8321533203125 576.6761474609375
v -1812.746337890625 610.6450805664062 580.6814575195312
v -1809.580078125 620.26171875 589.0173950195312
v -1806.7608642578125 626.7085571289062 583.3938598632812
v -1809.7186279296875 618.9932250976562 583.407470703125
v -1800.4400634765625 645.8444213867188 600.5550537109375
v -1794.7457275390625 658.9340209960938 588.9483642578125
v -1800.6925048828125 643.445068359375 588.97509765625
v -1782.0567626953125 696.0767211914062 625.77685546875
v -1794.03759765625 665.0848999023438 625.8462524414062
v -1758.4207763671875 753.8949584960938 699.9204711914062
v -1735.3056640625 815.698486328125 650.2426147460938
v -1758.5755615234375 756.58349609375 650.294189453125
v -1813.4842529296875 608.7205810546875 580.684814453125
v -1812.7091064453125 610.96630859375 582.0452880859375
v -1813.447021484375 609.0414428710938 582.0487670898438
v -1811.346923828125 613.8494262695312 577.9862670898438
v -1811.196044921875 615.1387329101562 583.414306640625
v -1809.79248046875 618.3486328125 580.66796875
v -1811.2698974609375 614.4957275390625 580.6746826171875
v -1813.4654541015625 608.8811645507812 581.365234375
v -1813.561279296875 608.0768432617188 577.9962158203125
v -1812.784423828125 610.322998046875 579.3303833007812
v -1813.522216796875 608.3989868164062 579.333740234375
v -1813.668701171875 608.2395629882812 580.6856689453125
v -1813.64990234375 608.4000854492188 581.3660888671875
v -1813.474853515625 608.8009033203125 581.024658203125
v -1813.6593017578125 608.3198852539062 581.0255126953125
v -1813.115234375 609.6827392578125 580.6831665039062
v -1813.078125 610.0038452148438 582.0469970703125
v -1812.7275390625 610.8057861328125 581.36181640625
v -1813.0965576171875 609.8433837890625 581.363525390625
v -1812.0081787109375 612.570068359375 580.6780395507812
v -1811.9344482421875 613.2123413085938 583.4177856445312
v -1811.2325439453125 614.8178100585938 582.0384521484375
v -1811.970947265625 612.8917846679688 582.0418701171875
v -1811.05810546875 616.4044799804688 589.024658203125
v -1809.6478271484375 619.6317749023438 586.1924438476562
v -1811.12548828125 615.77587890625 586.1995239257812
v -1806.4930419921875 629.2097778320312 594.7489624023438
v -1809.4532470703125 621.4851684570312 594.76416015625
v -1813.89111328125 607.4371948242188 579.33544921875
v -1813.503173828125 608.5598754882812 580.0076293945312
v -1813.8719482421875 607.5979614257812 580.0093383789062
v -1813.654541015625 608.3599853515625 581.1956787109375
v -1813.4561767578125 608.9613647460938 581.7066040039062
v -1813.645263671875 608.440185546875 581.5366821289062
v -1813.6475830078125 608.4201049804688 581.4513549804688
v -1813.5577392578125 608.640625 581.3656616210938
v -1813.5484619140625 608.7207641601562 581.70703125
v -1813.4608154296875 608.9212646484375 581.5358276367188
v -1813.5531005859375 608.6807250976562 581.5362548828125
v -1813.281005859375 609.3622436523438 581.3643798828125
v -1813.2625732421875 609.5226440429688 582.0479125976562
v -1813.0872802734375 609.9236450195312 581.7048950195312
v -1813.271728515625 609.4425048828125 581.7057495117188
v -1813.041748046875 610.3237915039062 583.4230346679688
v -1812.6907958984375 611.1265869140625 582.7318115234375
v -1813.059814453125 610.1639404296875 582.7335205078125
v -1809.5152587890625 620.88037109375 591.8765258789062
v -1810.3192138671875 618.3328247070312 589.02099609375
v -1811.0255126953125 616.7147216796875 590.4503784179688
v -1810.2545166015625 618.950927734375 591.8802490234375
v -1809.54736328125 620.5726318359375 590.4429931640625
v -1810.2864990234375 618.6434326171875 590.4467163085938
v -1808.1011962890625 624.1209716796875 589.0101928710938
v -1807.9736328125 625.3465576171875 594.7565307617188
v -1806.555908203125 628.60302734375 591.8617553710938
v -1808.0360107421875 624.7407836914062 591.8690795898438
v -1803.6590576171875 635.7100830078125 588.9888916015625
v -1803.4093017578125 638.1043701171875 600.5706176757812
v -1800.5616455078125 644.6793823242188 594.7193603515625
v -1803.529296875 636.9413452148438 594.7340087890625
v -1800.0074462890625 649.6058349609375 625.8831176757812
v -1794.246337890625 663.5247192382812 613.2766723632812
v -1800.20556640625 648.031005859375 613.310791015625
v -1809.48388671875 621.1846923828125 593.317138671875
v -1810.2232666015625 619.2549438476562 593.3209228515625
v -1810.6241455078125 617.986328125 591.882080078125
v -1810.23876953125 619.1033325195312 592.5997314453125
v -1807.8564453125 626.5055541992188 600.594482421875
v -1806.4327392578125 629.7996826171875 597.6591186523438
v -1807.9136962890625 625.9356689453125 597.6669311523438
v -1810.423583984375 618.6210327148438 592.6006469726562
v -1810.4080810546875 618.7725830078125 593.3218383789062
v -1810.2310791015625 619.1792602539062 592.9600830078125
v -1810.415771484375 618.6968994140625 592.9610595703125
v -1809.8848876953125 619.9155883789062 591.8783569335938
v -1809.8536376953125 620.2197265625 593.3190307617188
v -1809.49951171875 621.032958984375 592.595947265625
v -1809.869140625 620.068115234375 592.5978393554688
v -1808.7757568359375 622.8103637695312 591.872802734375
v -1808.7135009765625 623.4156494140625 594.7603759765625
v -1808.0045166015625 625.0455932617188 593.3096313476562
v -1808.7442626953125 623.1148681640625 593.3133544921875
v -1810.6162109375 618.0626831054688 592.2416381835938
v -1810.656005859375 617.6790161132812 590.4485473632812
v -1810.2703857421875 618.797607421875 591.1625366210938
v -1810.6400146484375 617.8330688476562 591.1643676757812
v -1810.5159912109375 618.3798828125 592.6011352539062
v -1810.419677734375 618.6589965820312 592.7808227539062
v -1810.5120849609375 618.4178466796875 592.78125
v -1810.4393310546875 618.4686279296875 591.8811645507812
v -1810.2467041015625 619.0272216796875 592.23974609375
v -1810.431396484375 618.544921875 592.24072265625
v -1806.31494140625 630.9639282226562 603.7739868164062
v -1803.1798095703125 640.2907104492188 613.3282470703125
v -1800.3179931640625 647.0046997070312 606.9345092773438
v -1803.28955078125 639.2637329101562 606.9510498046875
v -1807.1158447265625 628.4376831054688 600.5904541015625
v -1807.05615234375 629.0310668945312 603.7781372070312
v -1806.3446044921875 630.6705322265625 602.178955078125
v -1807.0855712890625 628.7378540039062 602.1830444335938
v -1804.892578125 634.2365112304688 600.5784912109375
v -1804.7740478515625 635.395263671875 606.95947265625
v -1803.34814453125 638.6989135742188 603.7576293945312
v -1804.83203125 634.8306884765625 603.7658081054688
v -1807.4560546875 627.7716674804688 602.18505859375
v -1807.4266357421875 628.0648193359375 603.7801513671875
v -1807.07080078125 628.8853759765625 602.9803466796875
v -1807.4412841796875 627.9191284179688 602.9823608398438
v -1800.1021728515625 648.8983764648438 619.6305541992188
v -1793.8609619140625 666.0454711914062 638.2034301757812
v -1781.4991455078125 697.0597534179688 675.0324096679688
v -1804.665771484375 636.42236328125 613.3370971679688
v -1803.1285400390625 640.74609375 616.4976806640625
v -1803.9228515625 638.3563842773438 613.3326416015625
v -1803.1539306640625 640.5235595703125 614.915283203125
v -1803.8970947265625 638.58935546875 614.9197387695312
v -1801.693115234375 644.1602783203125 613.3194580078125
v -1801.5911865234375 645.0288696289062 619.6396484375
v -1800.1527099609375 648.4854125976562 616.4797973632812
v -1801.6409912109375 644.6151733398438 616.4887084960938
v -1797.227783203125 655.7758178710938 613.2935791015625
v -1797.0240478515625 657.3436889648438 625.8645629882812
v -1794.1378173828125 664.38623046875 619.5948486328125
v -1797.1217041015625 656.6404418945312 619.612548828125
v -1788.520751953125 676.854736328125 600.495849609375
v -1788.0545654296875 680.576171875 625.810791015625
v -1782.279296875 694.5529174804688 613.2125244140625
v -1788.2716064453125 679.0331420898438 613.2438354492188
v -1770.990478515625 722.1707763671875 600.4215698242188
v -1770.1636962890625 726.9805908203125 650.3387451171875
v -1758.9056396484375 755.5225830078125 625.6657104492188
v -1770.5150146484375 725.799072265625 625.7171020507812
v -1803.2335205078125 639.7954711914062 610.1436767578125
v -1804.7186279296875 635.927001953125 610.1522827148438
v -1804.2686767578125 637.622314453125 614.9219970703125
v -1803.884521484375 638.7019653320312 615.7115478515625
v -1804.2943115234375 637.3893432617188 613.3348999023438
v -1803.909912109375 638.47412109375 614.126708984375
v -1804.281494140625 637.507080078125 614.1289672851562
v -1803.9761962890625 637.861083984375 610.14794921875
v -1804.69189453125 636.179443359375 611.7461547851562
v -1803.206298828125 640.0478515625 611.7374267578125
v -1803.94921875 638.1134643554688 611.7417602539062
v -1801.80419921875 643.133544921875 606.9427490234375
v -1800.260498046875 647.5363159179688 610.1266479492188
v -1801.7474365234375 643.665283203125 610.1351318359375
v -1797.466796875 653.5899658203125 600.5397338867188
v -1794.3634033203125 662.5010375976562 606.9022216796875
v -1797.3426513671875 654.7506103515625 606.918212890625
v -1804.2655029296875 637.6507568359375 615.1200561523438
v -1804.0828857421875 638.1058349609375 614.9208374023438
v -1804.0703125 638.2184448242188 615.7127075195312
v -1803.8907470703125 638.6459350585938 615.3157958984375
v -1804.0765380859375 638.1624755859375 615.31689453125
v -1803.5255126953125 639.556396484375 614.91748046875
v -1803.500244140625 639.7789916992188 616.4999389648438
v -1803.14111328125 640.6361083984375 615.7070922851562
v -1803.5128173828125 639.6690063476562 615.7093505859375
v -1802.4365234375 642.225341796875 613.3238525390625
v -1802.3848876953125 642.6804809570312 616.4932250976562
v -1801.666748046875 644.3928833007812 614.9063720703125
v -1802.410400390625 642.4580688476562 614.9108276367188
v -1804.2750244140625 637.5650634765625 614.5255737304688
v -1804.315185546875 637.50146484375 614.9222412109375
v -1804.26708984375 637.6365356445312 615.02099609375
v -1804.3135986328125 637.5156860351562 615.0213012695312
v -1804.17578125 637.8640747070312 614.92138671875
v -1804.16943359375 637.9207153320312 615.3175048828125
v -1804.0797119140625 638.1342163085938 615.118896484375
v -1804.172607421875 637.8924560546875 615.1195068359375
v -1804.095703125 637.9906005859375 614.1278686523438
v -1803.903564453125 638.5320434570312 614.5233764648438
v -1804.0892333984375 638.0485229492188 614.5244750976562
v -1803.5513916015625 639.323486328125 613.3304443359375
v -1803.166748046875 640.4083862304688 614.122314453125
v -1803.538330078125 639.4412231445312 614.12451171875
v -1804.367919921875 637.3233032226562 614.5261840820312
v -1804.2718505859375 637.59375 614.7238159179688
v -1804.36474609375 637.35205078125 614.724365234375
v -1804.290283203125 637.5761108398438 615.0211791992188
v -1804.2886962890625 637.59033203125 615.1201782226562
v -1804.266357421875 637.6436767578125 615.070556640625
v -1804.28955078125 637.5831909179688 615.0706787109375
v -1804.263916015625 637.6648559570312 615.2190551757812
v -1804.2222900390625 637.7432250976562 614.9216918945312
v -1804.2191162109375 637.7716064453125 615.1197509765625
v -1804.1741943359375 637.8782958984375 615.0204467773438
v -1804.220703125 637.7574462890625 615.020751953125
v -1804.18212890625 637.8067626953125 614.5250244140625
v -1804.0860595703125 638.0772705078125 614.7227172851562
v -1804.178955078125 637.8355102539062 614.7232666015625
v -1804.2647705078125 637.6578369140625 615.1695556640625
v -1804.2159423828125 637.7998657226562 615.3177490234375
v -1804.1710205078125 637.9066162109375 615.218505859375
v -1804.217529296875 637.7857666015625 615.21875
v -1804.073486328125 638.1905517578125 615.5148315429688
v -1804.1663818359375 637.9487915039062 615.515380859375
v -1804.288330078125 637.5938720703125 615.1449584960938
v -1804.2945556640625 637.5751953125 615.1202392578125
v -1804.28857421875 637.5921020507812 615.132568359375
v -1804.2943115234375 637.5769653320312 615.132568359375
v -1804.277099609375 637.6205444335938 615.1201171875
v -1804.2763671875 637.6276245117188 615.1696166992188
v -1804.26513671875 637.654296875 615.144775390625
v -1804.2767333984375 637.6240844726562 615.1448974609375
v -1804.2423095703125 637.711181640625 615.1199340820312
v -1804.24072265625 637.725341796875 615.2189331054688
v -1804.21826171875 637.7786865234375 615.1692504882812
v -1804.2415771484375 637.71826171875 615.16943359375
v -1804.3011474609375 637.552978515625 615.0707397460938
v -1804.2891845703125 637.5867309570312 615.095458984375
v -1804.30078125 637.5565185546875 615.0955200195312
v -1804.2943115234375 637.5778198242188 615.1387939453125
v -1804.2882080078125 637.5955810546875 615.1572875976562
v -1804.29150390625 637.5845336914062 615.132568359375
v -1804.291259765625 637.5863037109375 615.1449584960938
v -1804.2884521484375 637.5929565429688 615.1387329101562
v -1804.2913818359375 637.5853881835938 615.1387939453125
v -1804.282958984375 637.6054077148438 615.1201782226562
v -1804.2825927734375 637.6089477539062 615.1448974609375
v -1804.2769775390625 637.622314453125 615.1325073242188
v -1804.28271484375 637.607177734375 615.1325073242188
v -1804.2779541015625 637.6134643554688 615.0706176757812
v -1804.265869140625 637.647216796875 615.0952758789062
v -1804.277587890625 637.6170043945312 615.0953369140625
v -1804.243896484375 637.6969604492188 615.0208740234375
v -1804.2198486328125 637.7645263671875 615.0702514648438
v -1804.2430419921875 637.7041015625 615.0703735351562
v -1804.2882080078125 637.5947265625 615.151123046875
v -1804.2911376953125 637.587158203125 615.151123046875
v -1804.2821044921875 637.6124877929688 615.169677734375
v -1804.2764892578125 637.6258544921875 615.1572265625
v -1804.2823486328125 637.6107177734375 615.1572875976562
v -1804.264404296875 637.661376953125 615.1942749023438
v -1804.2760009765625 637.631103515625 615.1943969726562
v -1804.292724609375 637.58251953125 615.1449584960938
v -1804.291259765625 637.5867309570312 615.1480712890625
v -1804.2926025390625 637.5829467773438 615.1480712890625
v -1799.963134765625 649.903564453125 628.9884643554688
v -1796.8525390625 658.3170166015625 638.2220458984375
v -1793.9454345703125 665.6336059570312 632.0445556640625
v -1796.9344482421875 657.898193359375 632.0631103515625
v -1787.7161865234375 681.9425659179688 650.425048828125
v -1781.8658447265625 696.982421875 638.1331787109375
v -1787.8695068359375 681.5099487304688 638.1674194335938
v -1800.7528076171875 647.6719970703125 625.8878173828125
v -1799.9849853515625 649.7592163085938 627.4373779296875
v -1798.51611328125 653.4743041992188 625.873779296875
v -1798.427978515625 654.0316772460938 632.072509765625
v -1796.978271484375 657.6387329101562 628.9696655273438
v -1798.4710693359375 653.7706909179688 628.97900390625
v -1800.0538330078125 649.2713012695312 622.764404296875
v -1801.5435791015625 645.4027099609375 622.773681640625
v -1800.7415771484375 647.7499389648438 626.6653442382812
v -1800.7987060546875 647.3369140625 622.76904296875
v -1800.0303955078125 649.4432983398438 624.3255615234375
v -1800.7755126953125 647.5091552734375 624.3302001953125
v -1798.6123046875 652.7689208984375 619.6215209960938
v -1797.0718994140625 657.011474609375 622.74609375
v -1798.563232421875 653.1409301757812 622.7551879882812
v -1800.9390869140625 647.1885375976562 625.8889770507812
v -1800.7471923828125 647.7112426757812 626.2766723632812
v -1800.9334716796875 647.2278442382812 626.2778930664062
v -1800.380126953125 648.638916015625 625.885498046875
v -1800.3577880859375 648.7924194335938 627.439697265625
v -1799.9962158203125 649.6836547851562 626.66064453125
v -1800.368896484375 648.716796875 626.6630249023438
v -1799.2618408203125 651.5399780273438 625.8784790039062
v -1799.2171630859375 651.8370361328125 628.9837036132812
v -1798.493408203125 653.6270141601562 627.427978515625
v -1799.2392578125 651.6929931640625 627.4326782226562
v -1801.1480712890625 646.5421752929688 624.3325805664062
v -1800.76416015625 647.5917358398438 625.1094360351562
v -1801.13671875 646.6248168945312 625.11181640625
v -1796.892578125 658.123779296875 635.1466674804688
v -1793.783935546875 666.333740234375 644.3369140625
v -1797.6397705078125 656.1912231445312 635.1513671875
v -1796.872314453125 658.224365234375 636.685302734375
v -1797.61962890625 656.292236328125 636.6900024414062
v -1795.4403076171875 661.7655029296875 632.0537719726562
v -1795.3570556640625 662.180908203125 638.2127075195312
v -1793.9022216796875 665.8558349609375 635.1280517578125
v -1795.3978271484375 661.9894409179688 635.1373291015625
v -1791.0478515625 672.8291625976562 625.828369140625
v -1790.86669921875 673.7765502929688 638.1852416992188
v -1787.9581298828125 681.1124877929688 632.0084228515625
v -1790.953369140625 673.3717651367188 632.0263061523438
v -1793.821533203125 666.2042236328125 641.2725219726562
v -1795.3182373046875 662.341552734375 641.2816772460938
v -1790.71630859375 674.2260131835938 650.441650390625
v -1787.7889404296875 681.7821655273438 644.3016357421875
v -1790.7877197265625 674.056884765625 644.3190307617188
v -1781.5860595703125 697.3821411132812 662.6691284179688
v -1787.5943603515625 681.9820556640625 662.6950073242188
v -1769.933349609375 724.6310424804688 699.9100341796875
v -1758.4150390625 755.9514770507812 674.9871826171875
v -1769.9713134765625 726.5051879882812 675.0056762695312
v -1735.78759765625 802.9827270507812 749.133056640625
v -1758.7449951171875 745.3130493164062 749.1106567382812
v -1797.2459716796875 657.2582397460938 636.6876220703125
v -1797.2261962890625 657.3511352539062 638.2244262695312
v -1796.8623046875 658.2716674804688 637.453857421875
v -1797.236083984375 657.3056640625 637.4562377929688
v -1796.145263671875 660.0565185546875 635.1419677734375
v -1796.1048583984375 660.2489013671875 638.2173461914062
v -1795.377197265625 662.089111328125 636.6759033203125
v -1796.1248779296875 660.1566162109375 636.6806030273438
v -1797.4228515625 656.8226928710938 637.4573974609375
v -1797.2310791015625 657.3286743164062 637.8403930664062
v -1797.41796875 656.845703125 637.841552734375
v -1796.0662841796875 660.4104614257812 641.2863159179688
v -1795.33740234375 662.2650146484375 639.7478637695312
v -1796.0853271484375 660.3334350585938 639.7525634765625
v -1793.7481689453125 666.4356079101562 647.3983764648438
v -1793.73095703125 666.4766845703125 648.9285888671875
v -1787.6513671875 682.0047607421875 656.5515747070312
v -1790.65234375 674.29736328125 656.5669555664062
v -1792.2861328125 670.1950073242188 644.3279418945312
v -1792.2154541015625 670.3684692382812 650.4501342773438
v -1790.7510986328125 674.1544799804688 647.380859375
v -1792.25 670.2947998046875 647.3895874023438
v -1794.12255859375 665.4708862304688 647.400634765625
v -1793.739501953125 666.4569091796875 648.1635131835938
v -1794.114013671875 665.4923706054688 648.1657104492188
v -1792.9991455078125 668.3651123046875 647.3939819335938
v -1792.96484375 668.4398803710938 650.4544067382812
v -1792.2325439453125 670.3347778320312 648.919921875
v -1792.9818115234375 668.4056396484375 648.9242553710938
v -1790.6834716796875 674.2730712890625 653.5031127929688
v -1792.182861328125 670.4177856445312 653.5112915039062
v -1794.5325927734375 664.4033203125 644.3414306640625
v -1793.765869140625 666.3880004882812 645.867919921875
v -1794.5146484375 664.4581298828125 645.8723754882812
v -1789.152099609375 678.1508178710938 656.5592041015625
v -1789.09521484375 678.1328735351562 662.7017822265625
v -1787.6219482421875 682.003173828125 659.620361328125
v -1789.1226806640625 678.151611328125 659.6275634765625
v -1784.713623046875 689.660888671875 650.4088745117188
v -1784.5911865234375 689.6814575195312 662.6818237304688
v -1781.6427001953125 697.4241333007812 656.5222778320312
v -1784.648193359375 689.7137451171875 656.53662109375
v -1775.9412841796875 712.17919921875 650.3648681640625
v -1775.7386474609375 711.7816772460938 675.0181274414062
v -1770.046142578125 726.9073486328125 662.6258544921875
v -1775.8203125 712.1434936523438 662.6463623046875
v -1784.5020751953125 689.3792114257812 675.0405883789062
v -1781.5382080078125 697.26171875 668.840576171875
v -1784.5426025390625 689.5709838867188 668.8511352539062
v -1786.0440673828125 685.7260131835938 668.8566284179688
v -1784.5213623046875 689.4854736328125 671.9436645507812
v -1786.0225830078125 685.6430053710938 671.9485473632812
v -1781.46826171875 696.7724609375 681.2396240234375
v -1775.680419921875 709.9955444335938 699.906005859375
v -1769.9351806640625 725.7567749023438 687.4486083984375
v -1775.693359375 711.0761108398438 687.4521484375
v -1758.5465087890625 750.2421875 724.7314453125
v -1786.794677734375 683.8036499023438 668.859375
v -1786.0330810546875 685.6870727539062 670.4019775390625
v -1786.7835693359375 683.7653198242188 670.4046020507812
v -1786.093017578125 685.8316040039062 662.6883544921875
v -1787.56884765625 681.9415893554688 665.7758178710938
v -1784.56591796875 689.6361083984375 665.763671875
v -1786.067626953125 685.7886962890625 665.7697143554688
v -1786.4083251953125 684.7261962890625 670.4033203125
v -1786.3978271484375 684.6824340820312 671.9497680664062
v -1786.02783203125 685.6657104492188 671.1751098632812
v -1786.403076171875 684.7049560546875 671.1763916015625
v -1785.29345703125 687.6484375 668.8538818359375
v -1785.2720947265625 687.564208984375 671.9461059570312
v -1784.53173828125 689.5308227539062 670.3968505859375
v -1785.282470703125 687.60888671875 670.3994140625
v -1783.0406494140625 693.4161987304688 668.8458251953125
v -1783.0008544921875 693.2193603515625 675.0364379882812
v -1781.517578125 697.171142578125 671.9342651367188
v -1783.019775390625 693.3281860351562 671.9389038085938
v -1778.7042236328125 704.7623901367188 662.657470703125
v -1778.6197509765625 704.4204711914062 675.0250244140625
v -1775.7747802734375 712.0036010742188 668.82177734375
v -1778.6573486328125 704.63232421875 668.8309326171875
v -1786.400390625 684.69384765625 671.5630493164062
v -1786.0174560546875 685.6190185546875 672.7222290039062
v -1785.2525634765625 687.459228515625 675.042724609375
v -1784.511474609375 689.4349975585938 673.4916381835938
v -1785.2620849609375 687.5143432617188 673.493896484375
v -1786.210205078125 685.1627197265625 671.9491577148438
v -1786.02001953125 685.6311645507812 672.3353271484375
v -1786.2076416015625 685.1509399414062 672.3359375
v -1785.6473388671875 686.6036376953125 671.9473266601562
v -1785.6373291015625 686.5540161132812 673.4950561523438
v -1785.2669677734375 687.5399169921875 672.7198486328125
v -1785.6422119140625 686.5794677734375 672.7210693359375
v -1782.968994140625 692.9373168945312 681.2423706054688
v -1781.482666015625 696.927001953125 678.1344604492188
v -1782.98388671875 693.0892333984375 678.1378173828125
v -1778.570068359375 703.7359008789062 687.4544677734375
v -1775.711669921875 711.4738159179688 681.22998046875
v -1778.5906982421875 704.1229248046875 681.234619140625
v -1781.455810546875 696.5955200195312 684.347412109375
v -1782.2186279296875 694.8548583984375 681.2410278320312
v -1782.2059326171875 694.6792602539062 684.3484497070312
v -1781.4617919921875 696.6868286132812 682.793212890625
v -1782.2120361328125 694.7698974609375 682.79443359375
v -1780.0296630859375 700.4476318359375 681.237060546875
v -1780.0078125 700.0657958984375 687.4557495117188
v -1778.579345703125 703.9408569335938 684.3435668945312
v -1780.017822265625 700.2681274414062 684.345458984375
v -1775.68310546875 710.5846557617188 693.6792602539062
v -1778.5572509765625 703.2553100585938 693.679443359375
v -1769.961181640625 723.098388671875 712.3455810546875
v -1778.5626220703125 703.5075073242188 690.566650390625
v -1779.9998779296875 699.8401489257812 690.5673828125
v -1777.120361328125 706.9199829101562 693.6793212890625
v -1775.6807861328125 710.3025512695312 696.7930297851562
v -1777.117431640625 706.6406860351562 696.7926025390625
v -1772.8150634765625 718.4164428710938 687.4501953125
v -1772.8076171875 717.3134765625 699.907958984375
v -1769.9302978515625 725.2429809570312 693.6797485351562
v -1772.807373046875 717.9139404296875 693.6793823242188
v -1764.196533203125 741.2291259765625 674.9953002929688
v -1764.179931640625 739.2645874023438 699.9148559570312
v -1758.4000244140625 755.114501953125 687.4459838867188
v -1764.1705322265625 740.436767578125 687.4464721679688
v -1746.951904296875 786.1654052734375 650.261474609375
v -1746.8878173828125 783.1397094726562 699.9345703125
v -1735.2423095703125 814.77490234375 674.9813842773438
v -1746.8359375 785.3814697265625 674.9785766601562
v -1712.29736328125 870.4307250976562 600.3408813476562
v -1712.228515625 870.6262817382812 700.0037841796875
v -1711.9971923828125 874.5069580078125 650.2539672851562
v -1777.8387451171875 705.087646484375 693.6793823242188
v -1777.8355712890625 704.8097534179688 696.7923583984375
v -1777.11865234375 706.783447265625 695.2360229492188
v -1777.8369140625 704.9517822265625 695.2359008789062
v -1777.1318359375 707.406005859375 687.4533081054688
v -1775.6871337890625 710.8423461914062 690.5654296875
v -1777.1251220703125 707.1749267578125 690.5660400390625
v -1769.94384765625 723.9169311523438 706.1337890625
v -1772.815185546875 716.6111450195312 706.13037109375
v -1764.2838134765625 735.7112426757812 724.7225341796875
v -1758.4715576171875 752.2646484375 712.3628540039062
v -1764.219482421875 737.6835327148438 712.3541259765625
v -1747.2796630859375 774.1629638671875 749.1265869140625
v -1735.5423583984375 808.2989501953125 724.7603149414062
v -1747.0540771484375 779.2859497070312 724.747314453125
v -1713.0802001953125 846.2738037109375 796.4765014648438
v -1689.67919921875 917.8336181640625 749.0390625
v -1712.74853515625 860.5064086914062 749.1126098632812
v -1774.2442626953125 713.654541015625 699.9069213867188
v -1774.2503662109375 712.9580688476562 706.1287231445312
v -1772.810546875 716.9752807617188 703.020263671875
v -1774.2464599609375 713.3192749023438 703.0189208984375
v -1769.9847412109375 722.181640625 718.540283203125
v -1767.0911865234375 730.3914184570312 712.349853515625
v -1767.14990234375 728.4439086914062 724.7178344726562
v -1764.2489013671875 736.7420654296875 718.5494995117188
v -1767.11767578125 729.4623413085938 718.544921875
v -1758.6396484375 747.89990234375 736.9920043945312
v -1736.0174560546875 796.8770751953125 772.943603515625
v -1747.5096435546875 768.2249755859375 772.9158935546875
v -1753.01611328125 759.7413940429688 749.1196899414062
v -1747.397705078125 771.3076782226562 761.0869140625
v -1753.1314697265625 756.929443359375 761.0748901367188
v -1755.881591796875 752.5280151367188 749.115478515625
v -1753.07373046875 758.3571166992188 755.1178588867188
v -1755.9381103515625 751.1548461914062 755.1124267578125
v -1752.8031005859375 764.7673950195312 724.73974609375
v -1747.162841796875 776.8442993164062 737.005615234375
v -1752.904541015625 762.37548828125 736.99951171875
v -1757.3135986328125 748.9207153320312 749.1131591796875
v -1755.9097900390625 751.8462524414062 752.1195068359375
v -1757.3414306640625 748.2417602539062 752.116943359375
v -1755.77294921875 755.1384887695312 736.9959716796875
v -1758.691162109375 746.63232421875 743.0712280273438
v -1752.95947265625 761.0839233398438 743.0790405273438
v -1755.826171875 753.85888671875 743.0753173828125
v -1758.029296875 747.116943359375 749.1119384765625
v -1757.327392578125 748.5824584960938 750.616455078125
v -1758.043212890625 746.7794189453125 750.6151733398438
v -1757.2589111328125 750.2457885742188 743.0733032226562
v -1758.7178955078125 745.9785766601562 746.09619140625
v -1755.8536376953125 753.1992797851562 746.1005859375
v -1757.2860107421875 749.589111328125 746.0984497070312
v -1689.774658203125 884.7020263671875 835.8558959960938
v -1712.9525146484375 828.5444946289062 836.0084228515625
v -1753.1600341796875 756.1949462890625 764.040283203125
v -1750.265625 764.1194458007812 761.081298828125
v -1747.454833984375 769.8021240234375 767.0142211914062
v -1750.3226318359375 762.6240844726562 767.0067138671875
v -1741.53662109375 788.5770263671875 749.1310424804688
v -1741.767333984375 782.555419921875 772.9319458007812
v -1735.9078369140625 800.0402221679688 761.1009521484375
v -1741.6561279296875 785.67822265625 761.095703125
v -1724.2750244140625 831.7659301757812 749.1288452148438
v -1724.6392822265625 817.8671875 796.48291015625
v -1712.9615478515625 854.0516357421875 772.939208984375
v -1724.4986572265625 825.4891357421875 772.9521484375
v -1753.8475341796875 755.1317138671875 761.0731811523438
v -1753.145751953125 756.5641479492188 762.55859375
v -1753.8619384765625 754.7670288085938 762.5567626953125
v -1751.69873046875 760.524658203125 761.0781860351562
v -1751.7557373046875 759.034423828125 767.0025634765625
v -1750.2943115234375 763.3798217773438 764.0476684570312
v -1751.7274169921875 759.78759765625 764.0441284179688
v -1750.1488037109375 766.9530639648438 749.1234130859375
v -1747.3389892578125 772.7565307617188 755.126708984375
v -1750.207275390625 765.5577392578125 755.1226196289062
v -1754.5062255859375 754.7562255859375 755.115234375
v -1753.1026611328125 757.6495971679688 758.10107421875
v -1754.534912109375 754.0513305664062 758.0980224609375
v -1753.50390625 755.6655883789062 762.5576782226562
v -1753.1529541015625 756.3800659179688 763.2996826171875
v -1753.510986328125 755.4816284179688 763.2987670898438
v -1752.4151611328125 758.7271118164062 761.0765991210938
v -1752.44384765625 757.9913330078125 764.042236328125
v -1751.713134765625 760.1580200195312 762.5621337890625
v -1752.4295654296875 758.3611450195312 762.5603637695312
v -1751.6407470703125 761.9576416015625 755.1203002929688
v -1750.236572265625 764.8447875976562 758.1065673828125
v -1751.6697998046875 761.2473754882812 758.1038818359375
v -1753.3319091796875 755.9308471679688 763.2991943359375
v -1753.5145263671875 755.3893432617188 763.6691284179688
v -1753.339111328125 755.745849609375 764.039794921875
v -1753.156494140625 756.2876586914062 763.6700439453125
v -1753.3355712890625 755.8385009765625 763.6695556640625
v -1751.74169921875 759.4131469726562 765.5242309570312
v -1752.4580078125 757.6174926757812 765.522216796875
v -1750.3504638671875 761.850341796875 769.959228515625
v -1736.1097412109375 793.3723754882812 784.7125854492188
v -1741.86328125 779.0888061523438 784.6946411132812
v -1752.7877197265625 757.462646484375 762.5595092773438
v -1752.802001953125 757.0932006835938 764.041259765625
v -1752.4366455078125 758.1767578125 763.3015747070312
v -1752.7947998046875 757.2783813476562 763.3006591796875
v -1752.816162109375 756.7196655273438 765.5211791992188
v -1752.450927734375 757.804931640625 764.782470703125
v -1752.80908203125 756.9069213867188 764.7814331054688
v -1748.9439697265625 764.64111328125 772.9111938476562
v -1747.535888671875 767.4049072265625 775.859375
v -1744.6395263671875 775.3912353515625 772.9244384765625
v -1744.737060546875 771.943603515625 784.68359375
v -1741.817626953125 780.8726196289062 778.819091796875
v -1744.6905517578125 773.718017578125 778.8096923828125
v -1748.9571533203125 764.2351684570312 774.3831787109375
v -1748.8890380859375 766.2133178710938 767.0105590820312
v -1747.482666015625 769.0234375 769.9677734375
v -1748.9168701171875 765.4371337890625 769.963623046875
v -1744.52783203125 778.4939575195312 761.0917358398438
v -1741.7132568359375 784.1522827148438 767.0264892578125
v -1744.5849609375 776.9782104492188 767.0208129882812
v -1748.9637451171875 764.030029296875 775.1187744140625
v -1748.2269287109375 766.43310546875 772.91357421875
v -1748.253173828125 765.6142578125 775.8567504882812
v -1747.52294921875 767.8178100585938 774.3881225585938
v -1748.2401123046875 766.0265502929688 774.3856811523438
v -1746.0748291015625 771.808349609375 772.9202880859375
v -1746.1260986328125 770.1399536132812 778.8045654296875
v -1744.66552734375 774.5663452148438 775.8689575195312
v -1746.1009521484375 770.9859008789062 775.8642578125
v -1748.5986328125 765.130859375 774.3844604492188
v -1748.6116943359375 764.7189331054688 775.85546875
v -1748.2467041015625 765.8211059570312 775.121337890625
v -1748.605224609375 764.9255981445312 775.1200561523438
v -1748.7845458984375 764.4778442382812 775.1194458007812
v -1748.791015625 764.271240234375 775.8547973632812
v -1748.6085205078125 764.8224487304688 775.48779296875
v -1748.7877197265625 764.3746948242188 775.4871215820312
v -1748.87744140625 764.1508178710938 775.48681640625
v -1748.7894287109375 764.322998046875 775.6709594726562
v -1748.8790283203125 764.09912109375 775.670654296875
v -1713.0780029296875 837.8529052734375 816.8268432617188
v -1724.6595458984375 809.5573120117188 816.8487548828125
v -1739.0589599609375 782.2824096679688 796.4501953125
v -1736.1993408203125 787.5015258789062 801.5828247070312
v -1730.4119873046875 803.6419677734375 796.4749755859375
v -1730.4442138671875 795.3893432617188 816.8480224609375
v -1724.663330078125 813.8931884765625 806.7210693359375
v -1730.44189453125 799.6973876953125 806.71533203125
v -1739.07080078125 781.3489379882812 799.0107421875
v -1738.987548828125 786.2318115234375 784.704345703125
v -1736.1474609375 791.4540405273438 790.5858154296875
v -1739.0264892578125 784.3226318359375 790.576416015625
v -1730.2608642578125 811.1886596679688 772.9503784179688
v -1724.5821533203125 821.9072265625 784.7308959960938
v -1730.3489990234375 807.645751953125 784.724853515625
v -1739.7786865234375 780.5014038085938 796.4474487304688
v -1739.0650634765625 781.8192138671875 797.730224609375
v -1739.784912109375 780.0387573242188 797.7275390625
v -1737.618896484375 785.8438720703125 796.455322265625
v -1737.6405029296875 783.9444580078125 801.578125
v -1736.189697265625 788.4674072265625 799.0206909179688
v -1737.6304931640625 784.908447265625 799.0159301757812
v -1733.296142578125 796.5247192382812 796.4683227539062
v -1733.328857421875 792.5951538085938 806.709716796875
v -1730.4300537109375 801.7234497070312 801.5972900390625
v -1733.315673828125 794.61376953125 801.5909423828125
v -1740.4652099609375 780.7560424804688 790.5711669921875
v -1739.0435791015625 783.31982421875 793.5126953125
v -1740.482666015625 779.7554931640625 793.5072631835938
v -1738.3507080078125 783.1287841796875 799.013427734375
v -1737.6357421875 784.4299926757812 800.2969360351562
v -1738.35595703125 782.6508178710938 800.29443359375
v -1736.20751953125 786.5084838867188 804.1443481445312
v -1730.4466552734375 797.5802612304688 811.8065795898438
v -1733.335205078125 790.4852905273438 811.8021240234375
v -1724.624267578125 804.99609375 826.6838989257812
v -1712.6827392578125 819.390380859375 852.6813354492188
v -1688.416015625 850.347412109375 892.0684814453125
v -1734.771728515625 789.0430908203125 806.7062377929688
v -1733.3328857421875 791.550537109375 809.2606811523438
v -1734.776123046875 788.0003662109375 809.2574462890625
v -1734.0545654296875 789.7755126953125 809.2590942382812
v -1733.3343505859375 791.0203857421875 810.5327758789062
v -1734.0560302734375 789.2457885742188 810.5313110351562
v -1731.885498046875 796.1466064453125 806.7127075195312
v -1731.8912353515625 794.0330810546875 811.8045654296875
v -1730.4451904296875 798.6491088867188 809.2657470703125
v -1731.8892822265625 795.1001586914062 809.263427734375
v -1727.55322265625 806.7968139648438 806.7191162109375
v -1727.552490234375 802.4747314453125 816.8493041992188
v -1724.6650390625 811.7620239257812 811.81005859375
v -1727.556640625 804.672607421875 811.8092651367188
v -1718.861572265625 832.0784912109375 796.4835815429688
v -1718.8702392578125 823.7128295898438 816.8418579101562
v -1713.093017578125 842.2416381835938 806.708984375
v -1718.8798828125 828.075439453125 806.7190551757812
v -1701.5115966796875 874.6085205078125 796.4376220703125
v -1701.354248046875 856.6731567382812 835.94677734375
v -1689.9124755859375 894.2019653320312 816.6777954101562
v -1701.4913330078125 866.075439453125 816.77099609375
v -1658.4976806640625 979.2830810546875 795.9515991210938
v -1658.186279296875 941.20703125 867.3070068359375
v -1627.6492919921875 1034.4476318359375 834.7410888671875
v -1658.430908203125 960.3610229492188 835.4395141601562
v -1734.4154052734375 788.887939453125 809.25830078125
v -1734.055419921875 789.5112915039062 809.8955078125
v -1734.416259765625 788.6238403320312 809.8947143554688
v -1734.05029296875 790.8192138671875 806.7080078125
v -1734.774169921875 788.5244140625 807.9828491210938
v -1733.3310546875 792.0755615234375 807.9862060546875
v -1734.052734375 790.300048828125 807.9845581054688
v -1734.7576904296875 791.0579833984375 801.5870971679688
v -1733.322998046875 793.616943359375 804.1521606445312
v -1734.7655029296875 790.06298828125 804.1484375
v -1734.4166259765625 788.4913330078125 810.2127075195312
v -1730.4464111328125 796.4929809570312 814.3350219726562
v -1731.8912353515625 792.9475708007812 814.3333129882812
v -1734.23583984375 789.0675659179688 809.8951416015625
v -1734.2364501953125 788.8021240234375 810.5308837890625
v -1734.0557861328125 789.3787231445312 810.2135009765625
v -1734.2362060546875 788.9349975585938 810.2130737304688
v -1733.6937255859375 790.6630859375 809.2598876953125
v -1733.6951904296875 790.1331176757812 810.5320434570312
v -1733.3336181640625 791.2860717773438 809.8970336914062
v -1733.694580078125 790.3987426757812 809.8963012695312
v -1732.611083984375 793.325439453125 809.2620849609375
v -1732.61328125 792.25927734375 811.8034057617188
v -1731.890380859375 794.569091796875 810.535400390625
v -1732.6124267578125 792.7947998046875 810.5341186523438
v -1724.64599609375 807.2963256835938 821.8143310546875
v -1727.54052734375 800.2203369140625 821.8162841796875
v -1718.7537841796875 814.4522705078125 836.0291748046875
v -1713.0322265625 833.2421264648438 826.6527099609375
v -1718.829345703125 819.1263427734375 826.6720581054688
v -1728.99853515625 798.932373046875 816.848876953125
v -1728.9873046875 796.6813354492188 821.8165893554688
v -1727.5474853515625 801.353515625 819.3433837890625
v -1728.993896484375 797.8128051757812 819.3433227539062
v -1729.717041015625 796.042236328125 819.3430786132812
v -1728.9908447265625 797.2484741210938 820.582763671875
v -1729.714111328125 795.478271484375 820.5826416015625
v -1727.531494140625 799.0772705078125 824.26513671875
v -1724.5936279296875 802.673828125 831.4345703125
v -1729.3525390625 796.3634033203125 820.5827026367188
v -1728.9891357421875 796.9652099609375 821.2003784179688
v -1729.350830078125 796.0802612304688 821.2003784179688
v -1728.270751953125 799.583251953125 819.3433837890625
v -1728.2640380859375 798.450927734375 821.8164672851562
v -1727.5443115234375 800.7882690429688 820.5826416015625
v -1728.2677001953125 799.0184326171875 820.582763671875
v -1726.106201171875 806.0164184570312 816.8493041992188
v -1726.0933837890625 803.7586669921875 821.8155517578125
v -1724.65380859375 808.4328002929688 819.3421020507812
v -1726.100830078125 804.8934936523438 819.3429565429688
v -1721.765380859375 816.6368408203125 816.8463134765625
v -1721.7271728515625 812.0628051757812 826.6788940429688
v -1718.8538818359375 821.4390258789062 821.8048095703125
v -1721.7503662109375 814.3693237304688 821.810546875
v -1729.5333251953125 795.9208374023438 820.5827026367188
v -1729.5316162109375 795.6377563476562 821.2003784179688
v -1729.3516845703125 796.221923828125 820.8917236328125
v -1729.532470703125 795.7794189453125 820.8917236328125
v -1729.35546875 796.9275512695312 819.3432006835938
v -1729.715576171875 795.7606201171875 819.9635620117188
v -1728.992431640625 797.531005859375 819.9637451171875
v -1729.35400390625 796.6458129882812 819.9636840820312
v -1729.721435546875 797.160888671875 816.8485107421875
v -1730.4423828125 794.8320922851562 818.097900390625
v -1728.9964599609375 798.3742065429688 818.0985717773438
v -1729.719482421875 796.6032104492188 818.0982666015625
v -1729.0018310546875 801.1267700195312 811.8081665039062
v -1727.5555419921875 803.581787109375 814.3369750976562
v -1729.0010986328125 800.0377197265625 814.3362426757812
v -1729.622802734375 795.5581665039062 820.8916625976562
v -1729.5321044921875 795.7086181640625 821.0460815429688
v -1729.6224365234375 795.4873657226562 821.0460815429688
v -1730.0784912109375 795.1569213867188 819.3429565429688
v -1730.0771484375 794.8754272460938 819.9634399414062
v -1727.5362548828125 799.64990234375 823.0438842773438
v -1728.259765625 797.8809204101562 823.044189453125
v -1726.0723876953125 801.461669921875 826.6857299804688
v -1724.63623046875 806.1500244140625 824.2625732421875
v -1726.083984375 802.614013671875 824.2640991210938
v -1726.8077392578125 800.845703125 824.2646484375
v -1726.79638671875 799.6942138671875 826.6864624023438
v -1726.0784912109375 802.0386352539062 825.4784545898438
v -1726.8023681640625 800.2708129882812 825.4791259765625
v -1724.6099853515625 803.8366088867188 829.0755004882812
v -1721.654052734375 807.40087890625 836.037109375
v -1718.796142578125 816.791748046875 831.4210205078125
v -1721.6951904296875 809.7343139648438 831.4286499023438
v -1712.8360595703125 823.8950805664062 844.7162475585938
v -1700.709228515625 838.7337036132812 866.8936767578125
v -1689.5206298828125 875.3372192382812 852.6364135742188
v -1701.08447265625 847.4187622070312 852.6632690429688
v -1727.1641845703125 799.3867797851562 825.4794311523438
v -1726.7994384765625 799.982666015625 826.0836791992188
v -1727.161376953125 799.0988159179688 826.0840454101562
v -1726.0657958984375 800.88330078125 827.8855590820312
v -1726.9803466796875 799.540771484375 826.0838623046875
v -1727.1597900390625 798.9546508789062 826.3856201171875
v -1726.977294921875 799.2523193359375 826.6866455078125
v -1726.7978515625 799.8385009765625 826.3853149414062
v -1726.9788818359375 799.3966064453125 826.385498046875
v -1726.4404296875 801.1547241210938 825.4788208007812
v -1726.434326171875 800.5779418945312 826.6860961914062
v -1726.075439453125 801.7503662109375 826.0830078125
v -1726.4375 800.8665161132812 826.0833740234375
v -1725.360107421875 804.382080078125 824.2633666992188
v -1725.3482666015625 803.2289428710938 826.6848754882812
v -1724.6304931640625 805.5739135742188 825.4767456054688
v -1725.3544921875 803.8063354492188 825.4776611328125
v -1723.1983642578125 810.833251953125 821.8126831054688
v -1723.17578125 808.5298461914062 826.681640625
v -1721.7398681640625 813.2199096679688 824.2581176757812
v -1723.1881103515625 809.6853637695312 824.2605590820312
v -1727.0693359375 799.1755981445312 826.3855590820312
v -1726.9781494140625 799.324462890625 826.5361328125
v -1727.068603515625 799.103515625 826.5361938476562
v -1726.427734375 799.9998168945312 827.885986328125
v -1726.069091796875 801.1726684570312 827.28662109375
v -1726.43115234375 800.2890625 827.2869873046875
v -1725.3343505859375 802.0703125 829.07666015625
v -1724.617431640625 804.4169311523438 827.8836059570312
v -1725.341552734375 802.6502075195312 827.8846435546875
v -1723.14453125 806.2044067382812 831.4318237304688
v -1721.7122802734375 810.9002075195312 829.0700073242188
v -1723.1612548828125 807.3687744140625 829.072998046875
v -1724.6021728515625 803.2554931640625 830.25927734375
v -1721.67578125 808.567138671875 833.751953125
v -1723.12548828125 805.038818359375 833.7553100585938
v -1718.7020263671875 812.1250610351562 840.473876953125
v -1723.869140625 804.439208984375 831.4332275390625
v -1723.13525390625 805.6216430664062 832.59814453125
v -1723.8599853515625 803.8568115234375 832.599609375
v -1724.2313232421875 803.5565185546875 831.4339599609375
v -1724.2222900390625 802.9743041992188 832.600341796875
v -1723.8646240234375 804.1480102539062 832.017578125
v -1724.2269287109375 803.2654418945312 832.0182495117188
v -1723.8857421875 805.602783203125 829.0743408203125
v -1723.1531982421875 806.786865234375 830.2566528320312
v -1723.877685546875 805.0213012695312 830.258056640625
v -1724.4124755859375 803.1151733398438 831.4342651367188
v -1724.5914306640625 802.5283203125 831.72705078125
v -1724.407958984375 802.8241577148438 832.0186157226562
v -1724.2291259765625 803.4110107421875 831.7263793945312
v -1724.4102783203125 802.9696655273438 831.7266845703125
v -1724.2398681640625 804.138427734375 830.2586669921875
v -1724.597900390625 802.9647216796875 830.8480224609375
v -1723.8734130859375 804.7302856445312 830.8467407226562
v -1724.2357177734375 803.8475341796875 830.847412109375
v -1724.224609375 803.119873046875 832.3095703125
v -1722.3790283203125 805.6375732421875 836.0388793945312
v -1721.642333984375 806.8187866210938 837.1644897460938
v -1720.2039794921875 810.927001953125 836.0333251953125
v -1718.7291259765625 813.2860717773438 838.2733154296875
v -1720.1795654296875 809.7622680664062 838.2774658203125
v -1715.853271484375 821.5003051757812 836.0195922851562
v -1715.738037109375 816.8628540039062 844.7251586914062
v -1712.8990478515625 826.205322265625 840.454345703125
v -1715.800537109375 819.1670532226562 840.46484375
v -1707.1519775390625 842.619384765625 835.9810791015625
v -1706.8804931640625 833.4158325195312 852.67333984375
v -1701.2359619140625 851.9755859375 844.6687622070312
v -1707.0338134765625 837.946044921875 844.6949462890625
v -1722.0048828125 805.9373779296875 837.1653442382812
v -1721.63623046875 806.5281372070312 837.7241821289062
v -1720.9290771484375 809.1640625 836.0352783203125
v -1720.90478515625 808.0001220703125 838.2794189453125
v -1720.192138671875 810.3441162109375 837.1607055664062
v -1720.917236328125 808.58154296875 837.1626586914062
v -1720.2457275390625 813.263427734375 831.425048828125
v -1718.776123046875 815.6215209960938 833.7440795898438
v -1720.22607421875 812.0947265625 833.7482299804688
v -1715.930908203125 826.1862182617188 826.663330078125
v -1712.996826171875 830.8956909179688 831.4004516601562
v -1715.8966064453125 823.845703125 831.41162109375
v -1707.2845458984375 851.9747314453125 816.8034057617188
v -1701.4385986328125 861.4170532226562 826.5899658203125
v -1707.2347412109375 847.3401489257812 826.62548828125
v -1721.8236083984375 806.3780517578125 837.1649169921875
v -1721.8175048828125 806.0874633789062 837.7246704101562
v -1721.6392822265625 806.6734008789062 837.4447021484375
v -1721.820556640625 806.2327270507812 837.4451293945312
v -1721.27978515625 807.7001953125 837.16357421875
v -1721.267333984375 807.1189575195312 838.2803344726562
v -1720.9111328125 808.2906494140625 837.7223510742188
v -1721.273681640625 807.409423828125 837.7232666015625
v -1720.16650390625 809.1817626953125 839.38330078125
v -1720.8917236328125 807.419921875 839.3851928710938
v -1722.0166015625 806.519287109375 836.0379638671875
v -1721.6483154296875 807.1097412109375 836.6021118164062
v -1722.0107421875 806.2282104492188 836.6029663085938
v -1722.400634765625 806.8030395507812 833.753662109375
v -1721.665283203125 807.9837646484375 834.8994750976562
v -1722.39013671875 806.2200927734375 834.9012451171875
v -1721.8189697265625 806.1600952148438 837.5849609375
v -1721.633056640625 806.3828735351562 838.0030517578125
v -1721.726806640625 806.3078002929688 837.7244262695312
v -1721.6346435546875 806.4555053710938 837.8637084960938
v -1721.725341796875 806.2351684570312 837.8639526367188
v -1721.4549560546875 806.96875 837.7237548828125
v -1721.4486083984375 806.6783447265625 838.28076171875
v -1721.2705078125 807.26416015625 838.0021362304688
v -1721.4517822265625 806.823486328125 838.0026245117188
v -1720.8983154296875 807.7098388671875 838.8336791992188
v -1721.260986328125 806.8287963867188 838.8346557617188
v -1712.7635498046875 821.62353515625 848.7869873046875
v -1715.666015625 814.5975341796875 848.7933959960938
v -1717.189208984375 813.3453369140625 844.7291259765625
v -1715.7032470703125 815.725341796875 846.7824096679688
v -1717.1544189453125 812.2093505859375 846.7859497070312
v -1716.4288330078125 813.9674682617188 846.7842407226562
v -1715.6849365234375 815.1602172851562 847.7935791015625
v -1716.4105224609375 813.4027099609375 847.7952270507812
v -1706.498046875 824.7884521484375 866.8593139648438
v -1700.90625 843.007568359375 860.0292358398438
v -1706.6990966796875 829.032958984375 860.0180053710938
v -1688.7890625 858.2100219726562 879.8026123046875
v -1657.62890625 904.6982421875 918.1630859375
v -1628.8519287109375 993.683837890625 894.0888671875
v -1657.8743896484375 923.7499389648438 892.8564453125
v -1714.2869873046875 820.3794555664062 844.7208251953125
v -1714.2147216796875 818.111083984375 848.790283203125
v -1712.8009033203125 822.7544555664062 846.7747192382812
v -1714.251953125 819.2403564453125 846.7786865234375
v -1709.9345703125 830.9229736328125 844.7062377929688
v -1709.781005859375 826.4055786132812 852.6776123046875
v -1706.961181640625 835.6619262695312 848.7715454101562
v -1709.8619384765625 828.6452026367188 848.7796630859375
v -1716.4012451171875 813.1212768554688 848.2964477539062
v -1715.6466064453125 814.0372924804688 849.7821044921875
v -1714.134033203125 815.881103515625 852.6830444335938
v -1712.72412109375 820.5022583007812 850.755126953125
v -1714.1754150390625 816.9913330078125 850.7576904296875
v -1716.396484375 812.9808349609375 848.5459594726562
v -1716.0477294921875 814.281494140625 847.7943725585938
v -1716.0289306640625 813.7190551757812 848.7941284179688
v -1715.675537109375 814.8786010742188 848.2948608398438
v -1716.038330078125 814.0 848.295654296875
v -1714.9775390625 817.4829711914062 846.7805786132812
v -1714.9404296875 816.3544311523438 848.7918701171875
v -1714.233642578125 818.6744995117188 847.7901611328125
v -1714.959228515625 816.91748046875 847.7918701171875
v -1715.6563720703125 814.317138671875 849.2891235351562
v -1716.019287109375 813.438720703125 849.289794921875
v -1714.9010009765625 815.2355346679688 850.7589111328125
v -1714.1953125 817.5499877929688 849.7793579101562
v -1714.9210205078125 815.7937622070312 849.78076171875
v -1716.2103271484375 813.27978515625 848.7944946289062
v -1716.0240478515625 813.5787963867188 849.0422973632812
v -1716.20556640625 813.1395263671875 849.0426635742188
v -1716.301025390625 813.0601196289062 848.794677734375
v -1716.2078857421875 813.2096557617188 848.9186401367188
v -1716.298583984375 812.989990234375 848.9188232421875
v -1716.2198486328125 813.5606689453125 848.2960205078125
v -1716.03369140625 813.8594360351562 848.5452270507812
v -1716.215087890625 813.4201049804688 848.5455932617188
v -1712.6395263671875 818.2877807617188 854.567626953125
v -1709.598876953125 822.0362548828125 860.0128173828125
v -1706.7928466796875 831.20654296875 856.416748046875
v -1709.6929931640625 824.2030029296875 856.41650390625
v -1713.408447265625 817.6358642578125 852.6821899414062
v -1713.365234375 816.5340576171875 854.5679931640625
v -1712.661376953125 818.8379516601562 853.6293334960938
v -1713.386962890625 817.0838012695312 853.6299438476562
v -1711.2318115234375 822.8985595703125 852.6795654296875
v -1711.1436767578125 820.6992797851562 856.4163208007812
v -1709.73779296875 825.2997436523438 854.56591796875
v -1711.1885986328125 821.7943725585938 854.5668334960938
v -1713.3760986328125 816.8086547851562 854.1002197265625
v -1712.6173095703125 817.7399291992188 855.4964599609375
v -1713.5576171875 816.3701171875 854.100341796875
v -1713.3707275390625 816.6713256835938 854.3344116210938
v -1713.5521240234375 816.2327880859375 854.3345336914062
v -1713.024169921875 817.9609375 853.629638671875
v -1713.0023193359375 817.4109497070312 854.5678100585938
v -1712.6505126953125 818.5625610351562 854.0996704101562
v -1713.0133056640625 817.6856689453125 854.0999755859375
v -1711.957275390625 821.1445922851562 852.6804809570312
v -1711.9140625 820.0411987304688 854.5672607421875
v -1711.2103271484375 822.3453369140625 853.6280517578125
v -1711.9359130859375 820.591796875 853.6287231445312
v -1711.3126220703125 825.1349487304688 848.783447265625
v -1709.8223876953125 827.5206909179688 850.7495727539062
v -1711.273193359375 824.0120239257812 850.75244140625
v -1713.46142578125 816.4520263671875 854.33447265625
v -1713.4559326171875 816.3148803710938 854.5680541992188
v -1713.367919921875 816.6026611328125 854.4512939453125
v -1713.4586181640625 816.3834228515625 854.4513549804688
v -1712.6285400390625 818.0135498046875 855.033203125
v -1712.9913330078125 817.1368408203125 855.0333251953125
v -1711.869140625 818.9469604492188 856.4161987304688
v -1711.166259765625 821.2456665039062 855.4961547851562
v -1711.8917236328125 819.4929809570312 855.496337890625
v -1709.6466064453125 823.115234375 858.2314453125
v -1711.0972900390625 819.6131591796875 858.2301635742188
v -1706.6005859375 826.8939819335938 863.4934692382812
v -1700.5009765625 834.5887451171875 873.3837280273438
v -1713.1947021484375 817.2471923828125 854.10009765625
v -1713.183837890625 816.9725341796875 854.5679321289062
v -1713.0078125 817.5482177734375 854.3341674804688
v -1713.1893310546875 817.1098022460938 854.3342895507812
v -1713.5040283203125 816.2738037109375 854.4513549804688
v -1713.457275390625 816.34912109375 854.5097045898438
v -1713.502685546875 816.239501953125 854.509765625
v -1713.1727294921875 816.698486328125 855.0333862304688
v -1712.996826171875 817.2738647460938 854.8009033203125
v -1713.17822265625 816.83544921875 854.8009643554688
v -1709.5499267578125 820.9659423828125 861.7626953125
v -1710.3240966796875 820.2862548828125 860.0115966796875
v -1709.574462890625 821.5000610351562 860.8915405273438
v -1708.1488037109375 825.5353393554688 860.015380859375
v -1708.0498046875 823.3997802734375 863.4881591796875
v -1706.650390625 827.959228515625 861.7704467773438
v -1708.099853515625 824.4633178710938 861.7664794921875
v -1703.801513671875 836.0236206054688 860.0234985351562
v -1703.60205078125 831.7647094726562 866.8759765625
v -1700.8095703125 840.85400390625 863.5161743164062
v -1703.7037353515625 833.8775024414062 863.5044555664062
v -1695.2969970703125 861.3942260742188 852.6510009765625
v -1694.933837890625 852.6464233398438 866.9325561523438
v -1689.35595703125 870.862060546875 860.0551147460938
v -1695.124267578125 856.9525146484375 860.0415649414062
v -1674.0501708984375 922.6915893554688 835.680419921875
v -1673.580322265625 904.0950927734375 867.1211547851562
v -1658.3253173828125 950.5711669921875 852.51220703125
v -1673.8485107421875 913.1436157226562 852.5841674804688
v -1710.3118896484375 820.01806640625 860.4517822265625
v -1710.3719482421875 821.3643798828125 858.2307739257812
v -1709.6229248046875 822.5746459960938 859.126220703125
v -1710.34814453125 820.82421875 859.125244140625
v -1708.24267578125 827.7054443359375 856.4166259765625
v -1706.7467041015625 830.1153564453125 858.234130859375
v -1708.1964111328125 826.615966796875 858.2327880859375
v -1703.9815673828125 840.42041015625 852.6685791015625
v -1700.9981689453125 845.1954956054688 856.4168701171875
v -1703.8944091796875 838.2042236328125 856.4168701171875
v -1710.7108154296875 819.9488525390625 859.124755859375
v -1710.336181640625 820.554931640625 859.5693969726562
v -1710.6988525390625 819.6796875 859.56884765625
v -1710.50537109375 819.8486938476562 860.0112915039062
v -1710.3179931640625 820.152099609375 860.23193359375
v -1710.4993896484375 819.7145385742188 860.2315673828125
v -1709.96142578125 821.1612548828125 860.01220703125
v -1709.9371337890625 820.625244140625 860.8908081054688
v -1709.5867919921875 821.7678833007812 860.4531860351562
v -1709.9493408203125 820.8930053710938 860.4524536132812
v -1708.873779296875 823.7859497070312 860.0140991210938
v -1708.8248291015625 822.7147827148438 861.7645874023438
v -1708.12451171875 824.9982299804688 860.894775390625
v -1708.8494873046875 823.2493286132812 860.8931274414062
v -1710.5960693359375 819.6298828125 860.0111083984375
v -1710.50244140625 819.7815551757812 860.1214599609375
v -1710.593017578125 819.5628051757812 860.121337890625
v -1710.5174560546875 820.1173095703125 859.5691528320312
v -1710.6927490234375 819.5453491210938 859.7901611328125
v -1710.3302001953125 820.4205322265625 859.790771484375
v -1710.511474609375 819.98291015625 859.7904663085938
v -1709.9854736328125 821.699462890625 859.125732421875
v -1709.6109619140625 822.30517578125 859.5704956054688
v -1709.9735107421875 821.4301147460938 859.5699462890625
v -1708.9215087890625 824.8657836914062 858.2321166992188
v -1708.1727294921875 826.0745849609375 859.128173828125
v -1708.8978271484375 824.3247680664062 859.127197265625
v -1710.496337890625 819.6475219726562 860.341552734375
v -1710.544677734375 819.6051635742188 860.2315063476562
v -1710.497802734375 819.6810302734375 860.2865600585938
v -1710.543212890625 819.5716552734375 860.2864990234375
v -1710.40869140625 819.9332885742188 860.2317504882812
v -1710.402587890625 819.79931640625 860.4515991210938
v -1710.31494140625 820.0850219726562 860.3419189453125
v -1710.4056396484375 819.8662719726562 860.3417358398438
v -1710.142822265625 820.7237548828125 860.0119018554688
v -1710.130615234375 820.45556640625 860.4520874023438
v -1709.9554443359375 821.027099609375 860.2326049804688
v -1710.13671875 820.589599609375 860.2322387695312
v -1706.5496826171875 825.8370971679688 865.1890869140625
v -1708.0244140625 822.8712158203125 864.338623046875
v -1707.274169921875 824.091064453125 865.1857299804688
v -1706.52392578125 825.311767578125 866.0272216796875
v -1707.2484130859375 823.566162109375 866.0236206054688
v -1703.391357421875 827.635009765625 873.3547973632812
v -1700.60595703125 836.6456298828125 870.1775512695312
v -1703.4976806640625 829.6842651367188 870.154052734375
v -1694.5281982421875 844.4110717773438 879.7092895507812
v -1688.983642578125 862.30517578125 873.5189819335938
v -1694.7327880859375 848.4684448242188 873.4473266601562
v -1672.9891357421875 887.3936157226562 892.4110107421875
v -1658.0303955078125 932.2711791992188 880.5164794921875
v -1673.2816162109375 895.524658203125 880.1142578125
v -1705.15185546875 830.3865966796875 863.4988403320312
v -1705.0496826171875 828.2774658203125 866.8674926757812
v -1703.6533203125 832.8170166015625 865.202880859375
v -1705.1011962890625 829.327880859375 865.1958618164062
v -1707.636474609375 823.2178955078125 865.18408203125
v -1707.2613525390625 823.828369140625 865.60546875
v -1707.6236572265625 822.955322265625 865.6036987304688
v -1707.3250732421875 825.1470947265625 863.4907836914062
v -1706.5751953125 826.364501953125 864.3445434570312
v -1707.2998046875 824.6180419921875 864.341552734375
v -1707.6171875 822.82421875 865.8129272460938
v -1704.9447021484375 826.2006225585938 870.142822265625
v -1703.5501708984375 830.7205200195312 868.525634765625
v -1704.99755859375 827.235107421875 868.5158081054688
v -1707.620361328125 822.8897705078125 865.7083740234375
v -1707.4425048828125 823.391845703125 865.6045532226562
v -1707.4295654296875 823.1296997070312 866.022705078125
v -1707.2548828125 823.6972045898438 865.814697265625
v -1707.43603515625 823.2607421875 865.8138427734375
v -1706.9119873046875 824.964111328125 865.1873779296875
v -1706.88623046875 824.4390258789062 866.025390625
v -1706.536865234375 825.5741577148438 865.6089477539062
v -1706.8990478515625 824.7012939453125 865.607177734375
v -1705.8253173828125 827.5827026367188 865.1924438476562
v -1705.7738037109375 826.5331420898438 866.8634033203125
v -1705.0755615234375 828.8016357421875 866.0347290039062
v -1705.7996826171875 827.056884765625 866.0309448242188
v -1707.817626953125 822.7813110351562 865.1832885742188
v -1707.630126953125 823.0865478515625 865.3941040039062
v -1707.811279296875 822.6499633789062 865.3932495117188
v -1707.662109375 823.7446899414062 864.340087890625
v -1708.01171875 822.607666015625 864.7613525390625
v -1707.2869873046875 824.3543090820312 864.7644653320312
v -1707.6492919921875 823.4810180664062 864.7628784179688
v -1703.4447021484375 828.6558227539062 871.7630615234375
v -1700.395263671875 832.5620727539062 876.528076171875
v -1704.2210693359375 827.9426879882812 870.1483764648438
v -1704.16796875 826.9151611328125 871.7567749023438
v -1703.47119140625 829.1690673828125 870.9608154296875
v -1704.194580078125 827.427978515625 870.954833984375
v -1702.0513916015625 833.1659545898438 870.1655883789062
v -1701.9456787109375 831.1129760742188 873.3690185546875
v -1700.5537109375 835.6133422851562 871.7893676757812
v -1701.998779296875 832.1356201171875 871.7760009765625
v -1697.8197021484375 845.6945190429688 866.9125366210938
v -1697.6146240234375 841.5335693359375 873.41455078125
v -1694.8341064453125 850.5418701171875 870.2293090820312
v -1697.718017578125 843.5984497070312 870.20263671875
v -1704.556396484375 826.5571899414062 870.951904296875
v -1704.1812744140625 827.1713256835938 871.3563842773438
v -1704.5430908203125 826.3006591796875 871.3533325195312
v -1703.4180908203125 828.1444702148438 872.5609741210938
v -1704.536376953125 826.172607421875 871.5536499023438
v -1704.633544921875 826.0830078125 871.3526000976562
v -1704.539794921875 826.2366333007812 871.4535522460938
v -1704.630126953125 826.0189819335938 871.4527587890625
v -1704.3621826171875 826.7360229492188 871.3548583984375
v -1704.348876953125 826.4799194335938 871.7551879882812
v -1704.1746826171875 827.0431518554688 871.5567016601562
v -1704.3555908203125 826.60791015625 871.55517578125
v -1703.8328857421875 828.298583984375 870.9578247070312
v -1703.8062744140625 827.7855224609375 871.7598876953125
v -1703.4580078125 828.9122314453125 871.3624877929688
v -1703.819580078125 828.0418090820312 871.3594360351562
v -1702.7744140625 831.4253540039062 870.1597900390625
v -1702.7215576171875 830.39599609375 871.7694702148438
v -1702.025146484375 832.6498413085938 870.9730834960938
v -1702.748046875 830.9097290039062 870.9669189453125
v -1702.1552734375 835.2501831054688 866.8846435546875
v -1700.6578369140625 837.6857299804688 868.5463256835938
v -1702.1036376953125 834.2041015625 868.5358276367188
v -1704.7373046875 826.121826171875 870.950439453125
v -1704.5496826171875 826.4288940429688 871.1527709960938
v -1704.7305908203125 825.9935302734375 871.1513061523438
v -1704.5828857421875 827.0717163085938 870.1455688476562
v -1704.9315185546875 825.9432373046875 870.5465087890625
v -1704.2078857421875 827.68505859375 870.5521850585938
v -1704.5697021484375 826.814208984375 870.54931640625
v -1704.2738037109375 828.97802734375 868.5206909179688
v -1704.97119140625 826.7168579101562 869.3318481445312
v -1703.52392578125 830.201416015625 869.3424072265625
v -1704.24755859375 828.4594116210938 869.3370971679688
v -1701.8392333984375 829.090087890625 876.5109252929688
v -1700.34228515625 831.5596923828125 878.08203125
v -1688.59765625 854.2281494140625 885.9464111328125
v -1694.3275146484375 840.4666748046875 885.8416748046875
v -1697.4063720703125 837.4932250976562 879.6665649414062
v -1694.6304931640625 846.4251708984375 876.6022338867188
v -1697.510498046875 839.498779296875 876.56396484375
v -1701.1170654296875 830.8263549804688 876.5194091796875
v -1701.06396484375 829.824951171875 878.0728149414062
v -1700.3687744140625 832.0599975585938 877.3063354492188
v -1701.090576171875 830.3247680664062 877.2974243164062
v -1698.9522705078125 836.0316772460938 876.5457153320312
v -1698.8472900390625 834.0301513671875 879.6461791992188
v -1697.4583740234375 838.492431640625 878.1201782226562
v -1698.899658203125 835.02734375 878.1007690429688
v -1694.427001953125 842.4252319335938 882.783935546875
v -1697.30322265625 835.515869140625 882.7379760742188
v -1700.4481201171875 833.5717163085938 874.962646484375
v -1701.892578125 830.0978393554688 874.9466552734375
v -1701.4781494140625 829.9583129882812 876.5151977539062
v -1701.4515380859375 829.4569091796875 877.2930297851562
v -1701.103759765625 830.5753173828125 876.9087524414062
v -1701.46484375 829.7073974609375 876.9044189453125
v -1701.170166015625 831.8350830078125 874.95458984375
v -1701.8658447265625 829.593017578125 875.7303466796875
v -1700.421630859375 833.0659790039062 875.7468872070312
v -1701.1436767578125 831.3297729492188 875.7385864257812
v -1699.057373046875 838.0623168945312 873.39892578125
v -1697.5626220703125 840.512451171875 874.99609375
v -1699.0048828125 837.0432739257812 874.9791259765625
v -1701.6453857421875 829.2733764648438 876.9022827148438
v -1701.4581298828125 829.5820922851562 877.0988159179688
v -1701.0772705078125 830.0746459960938 877.6854248046875
v -1697.3546142578125 836.5010986328125 881.2052001953125
v -1698.795166015625 833.0400390625 881.1839599609375
v -1698.769287109375 832.5475463867188 881.9505615234375
v -1697.2523193359375 834.5374145507812 884.266845703125
v -1694.2308349609375 838.5345458984375 888.8978271484375
v -1688.2508544921875 846.4613647460938 898.2686767578125
v -1672.568603515625 869.2706909179688 918.1671142578125
v -1657.7349853515625 915.0765991210938 905.1069946289062
v -1672.7391357421875 879.1404418945312 904.8349609375
v -1629.3924560546875 941.5765991210938 944.3973999023438
v -1657.5716552734375 877.74658203125 945.4390869140625
v -1698.75634765625 832.3019409179688 882.3334350585938
v -1698.07470703125 834.7708740234375 881.1944580078125
v -1698.023193359375 833.7866821289062 882.7269287109375
v -1697.328857421875 836.0076293945312 881.97216796875
v -1698.048828125 834.2779541015625 881.9613037109375
v -1695.9666748046875 840.9535522460938 879.6875610351562
v -1695.8643798828125 838.9720458984375 882.7606201171875
v -1694.4774169921875 843.4146728515625 881.2496948242188
v -1695.915283203125 839.9593505859375 881.2271118164062
v -1691.6556396484375 851.3169555664062 879.7545776367188
v -1691.459228515625 847.3545532226562 885.8925170898438
v -1688.6925048828125 856.2053833007812 882.884521484375
v -1691.556640625 849.3220825195312 882.832763671875
v -1681.007568359375 876.9285888671875 879.9476928710938
v -1680.6683349609375 868.9450073242188 892.2275390625
v -1673.13232421875 891.408447265625 886.2968139648438
v -1680.833984375 872.8859252929688 886.109375
v -1697.2777099609375 835.0258178710938 883.5027465820312
v -1697.99755859375 833.297119140625 883.4915771484375
v -1695.7640380859375 837.0177612304688 885.8173828125
v -1694.376953125 841.442626953125 884.31396484375
v -1695.81396484375 837.9915161132812 884.2900390625
v -1698.38330078125 832.9218139648438 882.721435546875
v -1698.0103759765625 833.5416870117188 883.1093139648438
v -1698.370361328125 832.6769409179688 883.1038208007812
v -1698.3768310546875 832.79931640625 882.9126586914062
v -1698.4090576171875 833.412841796875 881.9559326171875
v -1698.0360107421875 834.0321044921875 882.34423828125
v -1698.3961181640625 833.1671142578125 882.3388061523438
v -1694.27880859375 839.4973754882812 887.3689575195312
v -1695.7149658203125 836.050537109375 887.3445434570312
v -1691.2733154296875 843.4928588867188 892.0159912109375
v -1688.5052490234375 852.277587890625 889.0030517578125
v -1691.364501953125 845.41357421875 888.9489135742188
v -1694.183837890625 837.5771484375 890.429931640625
v -1694.9967041015625 837.7743530273438 887.356689453125
v -1694.948486328125 836.8125610351562 888.8855590820312
v -1694.2547607421875 839.01513671875 888.1331176757812
v -1694.9725341796875 837.2926635742188 888.1207885742188
v -1692.892578125 843.912353515625 885.86669921875
v -1692.796875 841.975830078125 888.9229736328125
v -1691.4114990234375 846.3807983398438 887.420166015625
v -1692.8443603515625 842.9408569335938 887.3941650390625
v -1694.207275390625 838.0552978515625 889.6633911132812
v -1692.7047119140625 840.0595703125 891.9909057617188
v -1691.318359375 844.4517822265625 890.4804077148438
v -1692.750244140625 841.0162963867188 890.4547729492188
v -1688.3309326171875 848.4165649414062 895.1535034179688
v -1691.186279296875 841.571533203125 895.1045532226562
v -1680.3836669921875 860.8507690429688 904.7249755859375
v -1672.8564453125 883.3696899414062 898.5579833984375
v -1680.516357421875 864.9971923828125 898.402587890625
v -1691.2291259765625 842.5337524414062 893.5569458007812
v -1692.66015625 839.1027221679688 893.5326538085938
v -1691.1446533203125 840.6033325195312 896.6600341796875
v -1688.1763916015625 844.4580688476562 901.4243774414062
v -1692.6492919921875 838.8630981445312 893.9190673828125
v -1691.9444580078125 840.8187255859375 893.544677734375
v -1691.9013671875 839.857666015625 895.0927734375
v -1691.2076416015625 842.05322265625 894.329833984375
v -1691.9227294921875 840.3387451171875 894.3178100585938
v -1689.84375 846.9221801757812 892.0418701171875
v -1689.7576904296875 844.9962158203125 895.128662109375
v -1688.3729248046875 849.383544921875 893.60791015625
v -1689.800048828125 845.9607543945312 893.58203125
v -1684.5343017578125 859.6633911132812 892.14501953125
v -1684.375 855.748046875 898.3330078125
v -1680.59033203125 866.9837646484375 895.3023071289062
v -1684.452392578125 857.7181396484375 895.2250366210938
v -1692.6822509765625 839.5813598632812 892.760986328125
v -1692.643798828125 838.7432250976562 894.1124877929688
v -1692.30224609375 839.9608154296875 893.5386352539062
v -1692.280517578125 839.4811401367188 894.3118896484375
v -1691.93359375 840.578857421875 893.9310302734375
v -1692.2913818359375 839.7210693359375 893.925048828125
v -1691.98876953125 841.7766723632812 892.0033569335938
v -1691.2510986328125 843.0134887695312 892.7857666015625
v -1691.9664306640625 841.2979125976562 892.7732543945312
v -1692.47021484375 839.2921142578125 893.9220581054688
v -1692.45947265625 839.05224609375 894.3088989257812
v -1692.285888671875 839.6011352539062 894.118408203125
v -1692.46484375 839.1722412109375 894.1154174804688
v -1691.9119873046875 840.098388671875 894.705078125
v -1692.269775390625 839.2409057617188 894.6991577148438
v -1691.165283203125 841.08837890625 895.8812255859375
v -1689.6766357421875 843.0460205078125 898.246337890625
v -1688.290283203125 847.4434814453125 896.7066650390625
v -1689.7164306640625 844.0255737304688 896.6829833984375
v -1692.275146484375 839.361083984375 894.5054321289062
v -1688.2127685546875 845.4672241210938 899.8408203125
v -1684.2366943359375 851.6375122070312 904.6760864257812
v -1680.447265625 862.9609375 901.5397338867188
v -1684.3028564453125 853.7291870117188 901.479736328125
v -1672.6417236328125 874.507080078125 911.3389892578125
v -1680.27587890625 856.3115234375 911.2845458984375
v -1657.57666015625 892.9446411132812 930.9332275390625
v -1686.2374267578125 849.0983276367188 901.4514770507812
v -1686.17041015625 847.0152587890625 904.653076171875
v -1684.2689208984375 852.6939086914062 903.071044921875
v -1686.2030029296875 848.0673217773438 903.0453491210938
v -1680.3262939453125 858.6423950195312 907.969482421875
v -1684.177490234375 849.4490356445312 907.9328002929688
v -1687.1717529296875 845.7503662109375 903.0328979492188
v -1686.1865234375 847.5440673828125 903.847412109375
v -1687.155029296875 845.2282104492188 903.8356323242188
v -1684.2061767578125 850.5568237304688 906.2962036132812
v -1686.139404296875 845.9391479492188 906.276123046875
v -1687.14697265625 844.9650268554688 904.2383422851562
v -1686.1546630859375 846.4804077148438 905.462646484375
v -1686.6544189453125 845.858154296875 904.6475219726562
v -1686.6387939453125 845.3238525390625 905.4573974609375
v -1686.1624755859375 846.7485961914062 905.057373046875
v -1686.6466064453125 845.5917358398438 905.0519409179688
v -1685.2030029296875 849.32763671875 904.6644287109375
v -1685.1722412109375 848.249267578125 906.2860717773438
v -1684.2213134765625 851.1004028320312 905.4841918945312
v -1685.1873779296875 848.7916259765625 905.4732666015625
v -1682.307861328125 856.2494506835938 904.7000122070312
v -1682.2493896484375 854.05126953125 907.9507446289062
v -1680.354248046875 859.7603759765625 906.339111328125
v -1682.2777099609375 855.1640625 906.3171997070312
v -1676.55078125 870.01953125 904.7778930664062
v -1676.4473876953125 865.4351806640625 911.310546875
v -1672.6876220703125 876.88671875 908.052490234375
v -1676.4959716796875 867.7894287109375 908.0093383789062
v -1665.1859130859375 897.224853515625 904.9620361328125
v -1665.041259765625 887.11865234375 918.1642456054688
v -1657.6767578125 910.2039794921875 911.4776611328125
v -1665.104736328125 892.48095703125 911.4031372070312
v -1643.149658203125 959.2284545898438 893.414794921875
v -1643.1993408203125 938.927978515625 918.166015625
v -1629.1295166015625 983.6610107421875 905.8779907226562
v -1643.1842041015625 949.9724731445312 905.4539794921875
v -1598.4189453125 1083.6707763671875 868.4097290039062
v -1601.69775390625 1034.71728515625 918.2083740234375
v -1600.25732421875 1060.4434814453125 895.5321655273438
v -1686.8966064453125 845.2793579101562 904.6447143554688
v -1686.888671875 845.0131225585938 905.0492553710938
v -1686.6505126953125 845.7251586914062 904.849609375
v -1686.8927001953125 845.1464233398438 904.8468627929688
v -1686.670654296875 846.386474609375 903.8414916992188
v -1686.1783447265625 847.2803955078125 904.249755859375
v -1686.6624755859375 846.1229858398438 904.2440185546875
v -1685.2354736328125 850.3818359375 903.0580444335938
v -1684.252685546875 852.1685180664062 903.8717651367188
v -1685.218994140625 849.8575439453125 903.8594360351562
v -1682.3726806640625 858.3501586914062 901.5091552734375
v -1680.414794921875 861.9165649414062 903.1256103515625
v -1682.3394775390625 857.3104858398438 903.0977783203125
v -1676.676513671875 874.2054443359375 898.4775390625
v -1672.795654296875 881.2931518554688 901.6741943359375
v -1676.611083984375 872.1500244140625 901.6044921875
v -1665.3878173828125 905.6697998046875 892.6202392578125
v -1657.801513671875 919.52294921875 898.9376831054688
v -1665.281494140625 901.553466796875 898.7359619140625
v -1686.642578125 845.4580078125 905.2545166015625
v -1686.14697265625 846.2105712890625 905.8688354492188
v -1684.150634765625 848.31103515625 909.5872802734375
v -1680.2330322265625 853.8339233398438 914.6815185546875
v -1672.5283203125 864.0491943359375 924.4707641601562
v -1686.763671875 845.168701171875 905.2532348632812
v -1686.640625 845.3909301757812 905.35595703125
v -1686.4044189453125 846.1702270507812 905.0546875
v -1686.396728515625 845.9021606445312 905.4599609375
v -1686.1585693359375 846.6146850585938 905.2598876953125
v -1686.4005126953125 846.0364379882812 905.2572021484375
v -1685.6865234375 848.1717529296875 904.6587524414062
v -1685.6708984375 847.6363525390625 905.4678955078125
v -1685.195068359375 849.0604248046875 905.068359375
v -1685.6787109375 847.90478515625 905.0628662109375
v -1686.767578125 845.3024291992188 905.0505981445312
v -1686.64453125 845.52490234375 905.1531982421875
v -1686.765625 845.2356567382812 905.15185546875
v -1686.701171875 845.246337890625 905.3552856445312
v -1686.69921875 845.17919921875 905.4567260742188
v -1686.6396484375 845.357421875 905.4066162109375
v -1686.7001953125 845.2127685546875 905.406005859375
v -1686.3890380859375 845.6325073242188 905.8663330078125
v -1686.15087890625 846.345703125 905.6655883789062
v -1686.392822265625 845.767578125 905.6630249023438
v -1685.6556396484375 847.0945434570312 906.2810668945312
v -1685.1798095703125 848.5213012695312 905.879150390625
v -1685.6632080078125 847.3662719726562 905.8739624023438
v -1685.143310546875 847.1438598632812 907.9241333007812
v -1684.191650390625 850.0065307617188 907.1123657226562
v -1685.1575927734375 847.7001342773438 907.1029663085938
v -1686.5216064453125 845.7471923828125 905.255859375
v -1686.5177001953125 845.613037109375 905.4586791992188
v -1686.3985595703125 845.9693603515625 905.3585815429688
v -1686.5196533203125 845.68017578125 905.3572387695312
v -1684.163818359375 848.8839721679688 908.7577514648438
v -1682.1982421875 851.7314453125 911.2724609375
v -1680.3001708984375 857.4937744140625 909.6174926757812
v -1682.222900390625 852.9080810546875 909.60205078125
v -1683.1861572265625 850.6109008789062 909.5945434570312
v -1683.161376953125 849.4370727539062 911.2666015625
v -1682.2103271484375 852.3241577148438 910.4347534179688
v -1683.1734619140625 850.0283203125 910.4281005859375
v -1680.2535400390625 855.0925903320312 912.9721069335938
v -1676.37158203125 860.2557373046875 918.1691284179688
v -1672.601806640625 871.9766845703125 914.7064208984375
v -1676.4056396484375 862.93212890625 914.6932983398438
v -1683.6556396484375 848.87939453125 910.4248046875
v -1683.1673583984375 849.7338256835938 910.8467407226562
v -1683.6494140625 848.585205078125 910.8436279296875
v -1672.54541015625 866.74462890625 921.2747192382812
v -1676.348388671875 857.757568359375 921.2896118164062
v -1664.98291015625 875.6622924804688 931.0535888671875
v -1657.5972900390625 899.2105712890625 924.34716796875
v -1665.0028076171875 881.7713012695312 924.4120483398438
v -1643.1591796875 910.4765625 944.9754028320312
v -1629.4129638671875 958.5060424804688 930.3055419921875
v -1643.1912841796875 926.4859619140625 930.6488037109375
v -1602.109130859375 1000.6176147460938 943.0852661132812
v -1678.2821044921875 855.7272338867188 918.1702270507812
v -1676.359130859375 859.0265502929688 919.7188720703125
v -1678.269775390625 854.5045776367188 919.72314453125
v -1678.2642822265625 853.8786010742188 920.50732421875
v -1676.3392333984375 856.4468383789062 922.88232421875
v -1672.517333984375 861.167724609375 927.7632446289062
v -1677.302978515625 855.5017700195312 921.2932739257812
v -1676.3436279296875 857.1075439453125 922.0831909179688
v -1677.2982177734375 854.853515625 922.0875854492188
v -1674.4437255859375 862.2584838867188 921.2822265625
v -1674.4267578125 859.5782470703125 924.4844970703125
v -1672.5361328125 865.4191284179688 922.8612060546875
v -1674.4344482421875 860.9404296875 922.8718872070312
v -1668.791259765625 878.226318359375 918.1654663085938
v -1668.7513427734375 872.9435424804688 924.442138671875
v -1665.0198974609375 884.53173828125 921.2432861328125
v -1668.768798828125 875.670654296875 921.25927734375
v -1677.300537109375 855.178955078125 921.689697265625
v -1677.313720703125 856.7672729492188 919.7210083007812
v -1676.353515625 858.3971557617188 920.5015869140625
v -1677.30810546875 856.1395874023438 920.5044555664062
v -1674.4669189453125 864.7703857421875 918.1680297851562
v -1672.5562744140625 868.0277709960938 919.7103881835938
v -1674.45458984375 863.534423828125 919.7146606445312
v -1677.2960205078125 854.525390625 922.48681640625
v -1676.3353271484375 855.7750854492188 923.6871948242188
v -1677.5372314453125 854.2894287109375 922.088623046875
v -1677.297119140625 854.6897583007812 922.2869873046875
v -1676.8206787109375 855.98095703125 922.0853881835938
v -1676.81640625 855.3211669921875 922.8848876953125
v -1676.34130859375 856.778564453125 922.4820556640625
v -1676.8184814453125 855.6524047851562 922.4844360351562
v -1675.395263671875 860.0098266601562 921.2859497070312
v -1675.3861083984375 858.6954956054688 922.8771362304688
v -1674.4388427734375 861.6048583984375 922.0742797851562
v -1675.3905029296875 859.3580322265625 922.0787353515625
v -1677.417724609375 854.5714721679688 922.0880737304688
v -1677.4166259765625 854.4078369140625 922.2875366210938
v -1677.2977294921875 854.771728515625 922.187255859375
v -1677.4171142578125 854.48974609375 922.1878051757812
v -1677.0594482421875 855.4173583984375 922.0864868164062
v -1677.0572509765625 855.0889892578125 922.485595703125
v -1676.819580078125 855.8170166015625 922.2847290039062
v -1677.058349609375 855.2535400390625 922.285888671875
v -1676.825439453125 856.630126953125 921.2914428710938
v -1676.345947265625 857.4338989257812 921.6857299804688
v -1676.822998046875 856.306884765625 921.687744140625
v -1677.5394287109375 854.6146850585938 921.6907348632812
v -1677.2994384765625 855.0165405273438 921.8884887695312
v -1677.538330078125 854.452392578125 921.8895263671875
v -1677.4769287109375 854.3487548828125 922.1880493164062
v -1677.4168701171875 854.4487915039062 922.2376708984375
v -1677.4765625 854.3078002929688 922.2379760742188
v -1677.296630859375 854.607666015625 922.3868408203125
v -1677.05517578125 854.7579345703125 922.8861694335938
v -1676.8175048828125 855.4871215820312 922.6844482421875
v -1677.05615234375 854.923828125 922.6857299804688
v -1676.3372802734375 856.1123657226562 923.2839965820312
v -1676.814453125 854.9871215820312 923.2867431640625
v -1675.3785400390625 857.3370971679688 924.4912109375
v -1674.430419921875 860.2650146484375 923.6752319335938
v -1675.382080078125 858.0219116210938 923.6812744140625
v -1672.52197265625 862.6327514648438 926.1044311523438
v -1674.4208984375 858.1698608398438 926.12109375
v -1668.7332763671875 866.907958984375 931.1085815429688
v -1664.990478515625 878.8204345703125 927.67919921875
v -1668.739501953125 870.0282592773438 927.7224731445312
v -1657.5682373046875 885.7762451171875 937.9859008789062
v -1664.9832763671875 868.669677734375 938.1482543945312
v -1672.514404296875 859.6521606445312 929.4481201171875
v -1670.6248779296875 865.6062622070312 927.7431640625
v -1670.61962890625 862.5043334960938 931.1348266601562
v -1668.735595703125 868.4947509765625 929.4017333984375
v -1670.6214599609375 864.0818481445312 929.42529296875
v -1664.98046875 872.2800903320312 934.5436401367188
v -1668.7332763671875 863.566162109375 934.6087646484375
v -1668.7325439453125 865.2657470703125 932.8439331054688
v -1670.6195068359375 860.871826171875 932.8726806640625
v -1629.2777099609375 921.6997680664062 959.7207641601562
v -1643.1055908203125 891.5606079101562 960.4005737304688
v -1669.675048828125 863.0709228515625 932.8583984375
v -1669.67626953125 861.3764038085938 934.6243896484375
v -1668.732666015625 864.4232177734375 933.72265625
v -1669.6754150390625 862.2308959960938 933.7377319335938
v -1666.8543701171875 871.2941284179688 931.0814819335938
v -1666.85302734375 867.9323120117188 934.5767822265625
v -1664.98095703125 874.000244140625 932.7836303710938
v -1666.8529052734375 869.64208984375 932.8142700195312
v -1661.263427734375 884.3425903320312 930.9951171875
v -1661.2589111328125 877.2636108398438 938.0697021484375
v -1657.5709228515625 889.4769897460938 934.400390625
v -1661.259033203125 880.91845703125 934.4742431640625
v -1650.3082275390625 909.8971557617188 930.7985229492188
v -1650.2852783203125 894.3065795898438 945.2216186523438
v -1643.17822265625 918.9259033203125 937.5958251953125
v -1650.295166015625 902.5399780273438 937.8020629882812
v -1666.8575439453125 864.343505859375 938.1856079101562
v -1664.981201171875 870.5025024414062 936.3326416015625
v -1666.8546142578125 866.1654052734375 936.3679809570312
v -1661.2703857421875 869.33154296875 945.5374145507812
v -1657.568603515625 881.8596801757812 941.6719360351562
v -1661.2626953125 873.39501953125 941.7638549804688
v -1663.1226806640625 869.13134765625 941.8075561523438
v -1661.26611328125 871.386474609375 943.6419067382812
v -1663.127197265625 867.1348266601562 943.6871948242188
v -1657.5775146484375 873.4561767578125 949.267822265625
v -1650.27392578125 875.8416748046875 960.6839599609375
v -1643.134765625 901.2999877929688 952.6300048828125
v -1650.2783203125 885.3540649414062 952.9013671875
v -1661.2755126953125 867.232666015625 947.4478759765625
v -1662.200439453125 867.2144775390625 945.5609130859375
v -1661.2728271484375 868.2874755859375 946.4909057617188
v -1662.2032470703125 866.1735229492188 946.5147705078125
v -1659.4166259765625 873.5498657226562 945.4890747070312
v -1659.425048828125 869.28515625 949.3203125
v -1657.57421875 875.6223754882812 947.3469848632812
v -1659.42041015625 871.4384155273438 947.3983154296875
v -1653.909423828125 886.0731201171875 945.3338623046875
v -1653.91259765625 877.2286987304688 953.0242309570312
v -1650.281494140625 889.9102783203125 949.038818359375
v -1653.91015625 881.7304077148438 949.1571655273438
v -1650.27587890625 880.6578979492188 956.7896728515625
v -1653.9163818359375 872.5875244140625 956.9154663085938
v -1643.0723876953125 881.4226684570312 968.1278686523438
v -1628.853271484375 878.6495361328125 988.9122314453125
v -1646.66796875 883.7545776367188 960.547119140625
v -1646.64990234375 873.7298583984375 968.2749633789062
v -1643.0894775390625 886.5311889648438 964.2796020507812
v -1646.6590576171875 878.7821044921875 964.4270629882812
v -1636.11767578125 906.8370361328125 960.0781860351562
v -1635.98583984375 885.872802734375 975.3352661132812
v -1629.19189453125 911.0916137695312 967.4393310546875
v -1636.056396484375 896.4673461914062 967.8023681640625
v -1615.901123046875 971.4111328125 943.7463989257812
v -1615.48095703125 928.1199340820312 974.1859130859375
v -1601.9603271484375 978.6668701171875 958.1202392578125
v -1615.7557373046875 950.512939453125 958.936767578125
v -1648.46044921875 874.8668212890625 964.4970703125
v -1646.6544189453125 876.2646484375 966.3562622070312
v -1643.054443359375 876.2555541992188 971.925537109375
v -1648.4591064453125 873.617431640625 965.4628295898438
v -1648.465576171875 879.8111572265625 960.61669921875
v -1650.273193359375 873.3947143554688 962.627197265625
v -1646.6634521484375 881.279541015625 962.4898681640625
v -1648.4630126953125 877.3502807617188 962.5597534179688
v -1646.68505859375 893.37939453125 952.77001953125
v -1643.1207275390625 896.4903564453125 956.5108032226562
v -1646.6766357421875 888.6270751953125 956.65478515625
v -1636.205810546875 926.22412109375 944.6994018554688
v -1629.345458984375 931.9196166992188 951.9860229492188
v -1636.16796875 916.8124389648438 952.3235473632812
v -1648.45849609375 872.990966796875 965.94482421875
v -1647.558349609375 876.8277587890625 964.46240234375
v -1647.5548095703125 874.3173828125 966.3915405273438
v -1646.65673828125 877.5256958007812 965.392822265625
v -1647.556640625 875.5748901367188 965.4281616210938
v -1644.86865234375 882.67041015625 964.3546142578125
v -1644.85546875 877.590087890625 968.2027587890625
v -1643.0810546875 883.9855346679688 966.2088012695312
v -1644.862060546875 880.138916015625 966.2838134765625
v -1639.5889892578125 899.255126953125 960.2442626953125
v -1639.5413818359375 889.002197265625 967.9702758789062
v -1636.0882568359375 901.69091796875 963.9541015625
v -1639.5660400390625 894.1678466796875 964.1218872070312
v -1646.6522216796875 874.999267578125 967.3170776367188
v -1647.5531005859375 873.0554809570312 967.3523559570312
v -1648.0059814453125 873.3411865234375 966.408935546875
v -1647.553955078125 873.6869506835938 966.872314453125
v -1648.0052490234375 872.711669921875 966.8897094726562
v -1648.2318115234375 872.8524780273438 966.4176025390625
v -1648.005615234375 873.0265502929688 966.6494140625
v -1648.2315673828125 872.5380859375 966.6580200195312
v -1648.007568359375 874.5969848632812 965.445556640625
v -1647.5556640625 874.9467163085938 965.91015625
v -1648.0067138671875 873.9696655273438 965.9275512695312
v -1643.0634765625 878.8451538085938 970.0343017578125
v -1644.8486328125 875.0265502929688 970.1088256835938
v -1639.4874267578125 878.5194091796875 975.499267578125
v -1636.022216796875 891.1876220703125 971.602783203125
v -1639.51513671875 883.7791137695312 971.7694091796875
v -1628.9769287109375 889.4085083007812 982.1785278320312
v -1601.181640625 931.9614868164062 987.46484375
v -1615.1151123046875 905.6738891601562 988.2156372070312
v -1643.95458984375 876.9393920898438 970.0718994140625
v -1643.9466552734375 874.356689453125 971.962890625
v -1643.0589599609375 877.5516967773438 970.98193359375
v -1643.95068359375 875.6494140625 971.0194702148438
v -1641.3009033203125 885.2268676757812 968.0504150390625
v -1641.27880859375 880.0318603515625 971.8488159179688
v -1639.5284423828125 886.3965454101562 969.8772583007812
v -1641.2900390625 882.6353149414062 969.9570922851562
v -1644.3975830078125 874.695556640625 971.0379638671875
v -1643.9486083984375 875.0033569335938 971.49169921875
v -1644.395751953125 874.0504150390625 971.5101928710938
v -1643.0498046875 874.95703125 972.8646850585938
v -1639.50146484375 881.1525268554688 973.644287109375
v -1641.267333984375 877.4190673828125 973.7230834960938
v -1635.9476318359375 880.5441284179688 978.979736328125
v -1644.172119140625 874.527099609375 971.5009765625
v -1644.170166015625 873.880859375 971.97216796875
v -1643.9476318359375 874.6801147460938 971.7274169921875
v -1644.171142578125 874.2040405273438 971.7366943359375
v -1643.5045166015625 876.6014404296875 971.0007934570312
v -1643.5001220703125 875.3070068359375 971.9442749023438
v -1643.0567626953125 876.9039306640625 971.4542846679688
v -1643.5023193359375 875.9545288085938 971.4730834960938
v -1642.17529296875 880.7438354492188 969.9960327148438
v -1642.1651611328125 878.1473388671875 971.8875122070312
v -1641.284423828125 881.3349609375 970.9049682617188
v -1642.1702880859375 879.4468994140625 970.9437866210938
v -1643.0521240234375 875.6065673828125 972.3956909179688
v -1643.498046875 874.6588745117188 972.4144287109375
v -1642.15478515625 875.5413818359375 973.761474609375
v -1641.2730712890625 878.7265014648438 972.7882690429688
v -1642.159912109375 876.8453979492188 972.8268432617188
v -1639.47314453125 875.8823852539062 977.3319702148438
v -1637.731201171875 882.2101440429688 975.4185180664062
v -1637.6976318359375 876.9081420898438 979.0610961914062
v -1635.967041015625 883.2088623046875 977.1697387695312
v -1637.714599609375 879.5596313476562 977.2521362304688
v -1632.5233154296875 893.1193237304688 975.16162109375
v -1632.427001953125 882.3641967773438 982.3515625
v -1629.03515625 894.8330688476562 978.6316528320312
v -1632.4761962890625 887.7369384765625 978.8099975585938
v -1622.2796630859375 914.3238525390625 974.5933227539062
v -1621.9736328125 892.2951049804688 988.5743408203125
v -1615.3070068359375 916.824462890625 981.421630859375
v -1622.133544921875 903.247802734375 981.81103515625
v -1634.2076416015625 884.1532592773438 978.89599609375
v -1635.927978515625 877.8811645507812 980.7626953125
v -1634.1629638671875 878.8062744140625 982.4349365234375
v -1632.451904296875 885.0480346679688 980.5953979492188
v -1634.185546875 881.4773559570312 980.68017578125
v -1628.9161376953125 884.0144653320312 985.6033325195312
v -1632.401611328125 879.6878662109375 984.0762329101562
v -1630.642578125 880.5283813476562 985.6875610351562
v -1628.8848876953125 881.3289184570312 987.2713623046875
v -1630.61376953125 877.8546752929688 987.3536987304688
v -1614.909912109375 894.6439819335938 994.6215209960938
v -1621.803466796875 881.4430541992188 994.9401245117188
v -1625.5487060546875 896.3662109375 981.9979858398438
v -1625.4063720703125 885.5108032226562 988.746337890625
v -1622.0550537109375 897.7542114257812 985.2494506835938
v -1625.4788818359375 890.922607421875 985.4295654296875
v -1621.8895263671875 886.8611450195312 991.7998657226562
v -1625.331787109375 880.1217041015625 991.962646484375
v -1630.6065673828125 877.1871948242188 987.7659301757812
v -1629.74853515625 879.5946044921875 987.312744140625
v -1628.869140625 879.988525390625 988.0950927734375
v -1629.7333984375 878.257080078125 988.135986328125
v -1627.1951904296875 887.478759765625 985.517333984375
v -1627.1275634765625 882.0904541015625 988.830078125
v -1625.44287109375 888.2133178710938 987.1014404296875
v -1627.16162109375 884.7813720703125 987.187255859375
v -1631.5081787109375 878.7767944335938 985.7289428710938
v -1630.6282958984375 879.1907348632812 986.524169921875
v -1631.4945068359375 877.4420776367188 986.5650634765625
v -1630.6986083984375 885.8978271484375 982.2660522460938
v -1628.94677734375 886.707275390625 983.9063720703125
v -1630.6708984375 883.2091064453125 983.9923095703125
v -1630.1661376953125 877.3892822265625 988.15625
v -1629.725830078125 877.5888671875 988.5451049804688
v -1625.369384765625 882.81396484375 990.3661499023438
v -1627.0928955078125 879.4049072265625 990.44775390625
v -1630.3826904296875 876.954833984375 988.1663818359375
v -1630.162353515625 877.0554809570312 988.3609619140625
v -1630.1810302734375 878.725341796875 987.3333129882812
v -1629.740966796875 878.9256591796875 987.7252197265625
v -1630.173583984375 878.05712890625 987.74560546875
v -1629.778564453125 882.2742309570312 985.6456909179688
v -1628.9005126953125 882.6708374023438 986.4408569335938
v -1629.763671875 880.93359375 986.4827270507812
v -1630.3900146484375 877.622314453125 987.7557983398438
v -1630.169921875 877.72314453125 987.951171875
v -1630.3863525390625 877.28857421875 987.9613037109375
v -1630.2744140625 877.172119140625 988.1613159179688
v -1630.2706298828125 876.83837890625 988.365966796875
v -1630.164306640625 877.2223510742188 988.2586669921875
v -1630.2725830078125 877.0052490234375 988.2637329101562
v -1629.94970703125 877.8233642578125 988.1461181640625
v -1629.942138671875 877.155517578125 988.55517578125
v -1629.7296142578125 877.9229125976562 988.3407592773438
v -1629.9459228515625 877.4893798828125 988.3508911132812
v -1629.301025390625 879.1234741210938 988.1156005859375
v -1629.2855224609375 877.7859497070312 988.9324340820312
v -1628.8612060546875 879.31884765625 988.5044555664062
v -1629.2933349609375 878.4545288085938 988.5248413085938
v -1628.0225830078125 883.0578002929688 987.2294921875
v -1627.98974609375 880.3726196289062 988.871337890625
v -1627.1446533203125 883.4351806640625 988.011962890625
v -1628.0062255859375 881.7144775390625 988.0537109375
v -1625.2938232421875 877.4328002929688 993.53759765625
v -1625.3128662109375 878.7769165039062 992.7527465820312
v -1623.609375 883.5004272460938 991.8819580078125
v -1623.528076171875 878.1036987304688 995.0171508789062
v -1621.8466796875 884.1506958007812 993.3798217773438
v -1623.5689697265625 880.8008422851562 993.4593505859375
v -1618.546142578125 899.0126953125 988.3971557617188
v -1618.3577880859375 888.0723266601562 994.7827758789062
v -1615.013916015625 900.148681640625 991.4602661132812
v -1618.453125 893.5333862304688 991.6321411132812
v -1608.207763671875 918.8685302734375 987.8433227539062
v -1607.72802734375 896.5013427734375 1000.465576171875
v -1600.9241943359375 920.5563354492188 993.9544067382812
v -1607.97314453125 907.6549072265625 994.290771484375
v -1586.975830078125 982.412841796875 972.5145874023438
v -1586.4930419921875 958.1726684570312 986.7186889648438
v -1625.7442626953125 877.9306030273438 992.7723999023438
v -1625.3033447265625 878.1047973632812 993.1458129882812
v -1625.7349853515625 877.2590942382812 993.165283203125
v -1624.47021484375 881.8134155273438 991.9224853515625
v -1624.4310302734375 879.119140625 993.4986572265625
v -1623.5892333984375 882.1502685546875 992.6732177734375
v -1624.45068359375 880.4658813476562 992.713134765625
v -1623.6888427734375 888.9119262695312 988.6610717773438
v -1621.931884765625 889.5755615234375 990.1986694335938
v -1623.6494140625 886.2037963867188 990.2831420898438
v -1625.5191650390625 877.68212890625 993.1555786132812
v -1625.298583984375 877.7687377929688 993.3418579101562
v -1625.514404296875 877.3462524414062 993.3516235351562
v -1623.548583984375 879.4520263671875 994.2406005859375
v -1624.4112548828125 877.7730102539062 994.2792358398438
v -1614.8038330078125 889.1500854492188 997.7130126953125
v -1618.2606201171875 882.6199340820312 997.8628540039062
v -1624.8817138671875 879.6220092773438 992.7329711914062
v -1624.8623046875 878.2765502929688 993.5181884765625
v -1624.4407958984375 879.7924194335938 993.1065673828125
v -1624.8719482421875 878.94921875 993.126220703125
v -1624.421142578125 878.4459838867188 993.8895874023438
v -1624.8525390625 877.6040649414062 993.908935546875
v -1625.0780029296875 877.8548583984375 993.5278930664062
v -1624.857421875 877.9403076171875 993.7136840820312
v -1625.0732421875 877.5187377929688 993.723388671875
v -1614.5877685546875 878.156005859375 1003.7411499023438
v -1600.3790283203125 897.892822265625 1006.2377319335938
v -1607.4781494140625 885.3276977539062 1006.47265625
v -1616.4298095703125 880.4187622070312 1000.8176879882812
v -1614.64208984375 880.9083251953125 1002.2492065429688
v -1611.2210693359375 890.0989379882812 1000.6078491210938
v -1610.9866943359375 879.0025634765625 1006.5894775390625
v -1607.603271484375 890.9220581054688 1003.4835205078125
v -1611.1041259765625 884.55908203125 1003.6130981445312
v -1615.51025390625 879.2954711914062 1002.282470703125
v -1614.614990234375 879.5326538085938 1002.9962158203125
v -1615.483642578125 877.9221801757812 1003.0286865234375
v -1612.9603271484375 886.8836669921875 1000.6783447265625
v -1612.8475341796875 881.3631591796875 1003.6773681640625
v -1611.1627197265625 887.3305053710938 1002.1149291992188
v -1612.904052734375 884.125 1002.1823120117188
v -1611.4512939453125 901.1681518554688 994.457275390625
v -1607.8515625 902.0756225585938 997.4057006835938
v -1611.3370361328125 895.6320190429688 997.5603637695312
v -1615.04931640625 878.7278442382812 1003.012451171875
v -1615.4703369140625 877.2351684570312 1003.4010009765625
v -1615.0224609375 877.3523559570312 1003.7570190429688
v -1614.601318359375 878.844482421875 1003.368896484375
v -1615.035888671875 878.0402221679688 1003.3849487304688
v -1611.04541015625 881.7835083007812 1005.1040649414062
v -1612.7908935546875 878.5969848632812 1005.1651611328125
v -1607.3531494140625 879.7081909179688 1009.446044921875
v -1613.7734375 882.5181274414062 1002.2158203125
v -1613.718017578125 879.7610473632812 1003.7092895507812
v -1612.8758544921875 882.7445068359375 1002.9308471679688
v -1613.7457275390625 881.1400756835938 1002.9635620117188
v -1612.8192138671875 879.980712890625 1004.4220581054688
v -1613.690185546875 878.3809204101562 1004.4532470703125
v -1603.9449462890625 891.6212768554688 1006.355224609375
v -1603.6820068359375 880.2735595703125 1012.3245239257812
v -1600.2410888671875 892.1972045898438 1009.2368774414062
v -1603.8131103515625 885.96435546875 1009.3413696289062
v -1593.4083251953125 921.9143676757812 999.8928833007812
v -1585.6214599609375 922.9464721679688 1005.7794799804688
v -1593.1156005859375 910.4072875976562 1006.005126953125
v -1599.968994140625 880.697998046875 1015.2371215820312
v -1605.4588623046875 877.1671752929688 1012.3706665039062
v -1603.6171875 877.4122314453125 1013.8189086914062
v -1604.5714111328125 878.72119140625 1012.3475952148438
v -1603.6495361328125 878.8443603515625 1013.0712890625
v -1604.539306640625 877.2942504882812 1013.0936279296875
v -1601.8974609375 883.373779296875 1012.2784423828125
v -1601.76513671875 877.6209716796875 1015.2771606445312
v -1600.0362548828125 883.5895385742188 1013.73291015625
v -1601.8310546875 880.5034790039062 1013.7758178710938
v -1596.4871826171875 892.649169921875 1012.141357421875
v -1592.6793212890625 892.9755249023438 1015.080078125
v -1596.34716796875 886.8406372070312 1015.1578979492188
v -1605.5865478515625 882.8397827148438 1009.3937377929688
v -1607.2908935546875 876.8859252929688 1010.9309692382812
v -1603.7474365234375 883.123779296875 1010.83251953125
v -1605.5225830078125 880.0084228515625 1010.8817749023438
v -1604.9835205078125 876.5185546875 1013.1047973632812
v -1604.5233154296875 876.5797119140625 1013.4669799804688
v -1604.761474609375 876.906494140625 1013.0992431640625
v -1604.7454833984375 876.1921997070312 1013.4724731445312
v -1604.53125 876.9370727539062 1013.2802734375
v -1604.75341796875 876.5494384765625 1013.2858276367188
v -1604.0946044921875 878.0695190429688 1013.0824584960938
v -1604.0625 876.6384887695312 1013.8297119140625
v -1603.63330078125 878.128662109375 1013.4450073242188
v -1604.0784912109375 877.3543701171875 1013.4559936523438
v -1602.790771484375 881.8243408203125 1012.3014526367188
v -1602.72509765625 878.9585571289062 1013.79736328125
v -1601.8641357421875 881.9400634765625 1013.0267333984375
v -1602.7579345703125 880.3928833007812 1013.0490112304688
v -1602.0316162109375 889.0831298828125 1009.2890625
v -1600.1724853515625 889.3378295898438 1010.734375
v -1601.96435546875 886.2332153320312 1010.7833862304688
v -1596.77197265625 904.1516723632812 1006.120849609375
v -1592.9688720703125 904.6300659179688 1009.0305786132812
v -1596.629150390625 898.416015625 1009.1331176757812
v -1605.015380859375 877.9443969726562 1012.359130859375
v -1605.443115234375 876.4552001953125 1012.7432250976562
v -1604.5552978515625 878.008056640625 1012.7205200195312
v -1604.9993896484375 877.2318725585938 1012.7318725585938
v -1604.6358642578125 881.5669555664062 1010.8571166992188
v -1605.49072265625 878.589111328125 1011.6259765625
v -1603.7147216796875 881.699951171875 1011.5783081054688
v -1604.6036376953125 880.1453857421875 1011.6021728515625
v -1598.163330078125 883.7708740234375 1015.1973876953125
v -1599.9022216796875 877.7931518554688 1016.7467651367188
v -1598.028076171875 877.9285278320312 1018.22900390625
v -1596.2779541015625 883.91748046875 1016.673095703125
v -1598.0953369140625 880.85693359375 1016.7097778320312
v -1599.0 879.3255004882812 1016.7282104492188
v -1599.869140625 876.3353271484375 1017.5040893554688
v -1598.933349609375 876.401611328125 1018.2461547851562
v -1598.0616455078125 879.3946533203125 1017.4684448242188
v -1598.966552734375 877.865478515625 1017.4862060546875
f 1876 1992 1794
f 1992 1 1792
f 1 1876 1652
f 1876 1 1992
f 1892 1876 1878
f 1652 1892 1805
f 1876 1892 1652
f 1805 1892 1895 1893
f 1905 1895 1873
f 1893 1905 1486
f 1895 1905 1893
f 1888 1968 1791
f 1968 1895 1894
f 1895 1888 1873
f 1888 1895 1968
f 1892 1878 1894 1895
f 1967 1929 1931
f 1878 1967 1894
f 1929 1967 1878
f 1894 1967 1970 1968
f 1963 1970 1926
f 1968 1963 1791
f 1970 1963 1968
f 1970 1969 1881 1926
f 1967 1931 1969 1970
f 1978 1944 1969
f 1969 1944 1881
f 1944 1978 1691
f 1978 1969 1931 1930
f 1929 1877 1930 1931
f 1929 2037 1877
f 2037 1876 1794
f 1876 1929 1878
f 1929 1876 2037
f 1794 2036 2038 2037
f 2037 2038 1974 1877
f 2034 2038 1988
f 1974 2034 1934
f 2038 2034 1974
f 2036 1932 1988 2038
f 1977 1974 1976
f 1877 1977 1930
f 1974 1977 1877
f 1930 1977 1980 1978
f 1981 1976 1979
f 1977 1981 1980
f 1976 1981 1977
f 1982 1999 1975
f 1999 1974 1934
f 1974 1982 1976
f 1982 1974 1999
f 2030 1934 1998
f 1999 2030 2000
f 1934 2030 1999
f 1998 2029 2032 2030
f 2030 2032 2031 2000
f 2027 2032 2002
f 2031 2027 1986
f 2032 2027 2031
f 2029 1983 2002 2032
f 2026 2001 2004
f 1983 2026 2002
f 2001 2026 1983
f 2002 2026 2028 2027
f 2028 1986 2027
f 2026 2004 2021 2028
f 2024 2020 2022
f 2004 2024 2021
f 2020 2024 2004
f 2024 2025 2021
f 2020 1985 2003
f 2001 2020 2004
f 1985 2020 2001
f 2033 1987 1990
f 1932 2033 1988
f 1987 2033 1932
f 1988 2033 2035 2034
f 2034 2035 1998 1934
f 2029 2006 1983
f 2035 2029 1998
f 2006 2029 2035
f 2033 1990 2006 2035
f 1990 2005 2008 2006
f 2001 2008 1985
f 2006 2001 1983
f 2008 2001 2006
f 2023 2043 1933
f 2043 2008 2007
f 2008 2023 1985
f 2023 2008 2043
f 2005 1989 2007 2008
f 2005 2066 1989
f 2066 1987 1793
f 1987 2005 1990
f 2005 1987 2066
f 1792 1991 1994 1992
f 2036 1994 1932
f 1992 2036 1794
f 1994 2036 1992
f 1987 2070 1793
f 2070 1994 1993
f 1994 1987 1932
f 1987 1994 2070
f 1991 181 1993 1994
f 1486 1905 1907 1906
f 1906 1907 1882 1835
f 1902 1889 1875
f 1907 1902 1882
f 1889 1902 1907
f 1905 1873 1889 1907
f 1903 1835 1882
f 1883 1903 1884
f 1835 1903 1883
f 1896 1908 1910 1909
f 1882 1902 1904 1903
f 1924 1903 1904
f 1884 1924 1896
f 1903 1924 1884
f 1904 1923 1925 1924
f 1924 1925 1908 1896
f 1921 1925 1899
f 1908 1921 1880
f 1925 1921 1908
f 1923 1886 1899 1925
f 1923 1875 1886
f 1902 1923 1904
f 1875 1923 1902
f 1898 1885 1887
f 1875 1898 1886
f 1885 1898 1875
f 1920 1898 1901
f 1886 1920 1899
f 1898 1920 1886
f 1899 1920 1922 1921
f 1921 1922 1897 1880
f 1912 1897 1922
f 1920 1901 1912 1922
f 1916 1911 1914
f 1901 1916 1912
f 1911 1916 1901
f 1912 1916 1919 1917
f 1916 1914 1918 1919
f 1911 1900 1913 1914
f 1911 1887 1900
f 1898 1911 1901
f 1887 1911 1898
f 1879 1887 1885
f 1873 1888 1891 1889
f 1885 1950 1879
f 1950 1889 1891
f 1889 1885 1875
f 1885 1889 1950
f 1891 1949 1951 1950
f 1950 1951 1915 1879
f 1947 1951 1938
f 1915 1947 1874
f 1951 1947 1915
f 1949 1890 1938 1951
f 1949 1964 1890
f 1964 1888 1791
f 1888 1949 1891
f 1949 1888 1964
f 1791 1963 1966 1964
f 1964 1966 1937 1890
f 1959 1965 1928
f 1966 1959 1937
f 1965 1959 1966
f 1963 1926 1965 1966
f 1946 1960 1940
f 1960 1890 1937
f 1890 1946 1938
f 1946 1890 1960
f 1938 1946 1948 1947
f 1948 1971 1973 1972
f 1971 1956 1942
f 1956 1946 1940
f 1946 1971 1948
f 1971 1946 1956
f 1940 1955 1958 1956
f 1952 1958 1945
f 1956 1952 1942
f 1958 1952 1956
f 1955 1941 1957 1958
f 1942 1952 1954 1953
f 1937 1959 1962 1960
f 1955 1962 1941
f 1960 1955 1940
f 1962 1955 1960
f 1962 1961 1939 1941
f 1959 1928 1961 1962
f 1965 1943 1928
f 1943 1881 1927
f 1881 1965 1926
f 1965 1881 1943
f 2069 2012 2014
f 181 2069 1993
f 2012 2069 181
f 1993 2069 2072 2070
f 2065 2072 2009
f 2070 2065 1793
f 2072 2065 2070
f 2072 2071 1984 2009
f 2069 2014 2071 2072
f 2014 2077 2079 2071
f 2073 2091 2051
f 2091 2071 2079
f 2071 2073 1984
f 2073 2071 2091
f 2079 2090 2093 2091
f 2103 2091 2093
f 2051 2103 2083
f 2091 2103 2051
f 2093 2102 2105 2103
f 2103 2105 2084 2083
f 2094 2104 1936
f 2105 2094 2084
f 2104 2094 2105
f 2102 2092 2104 2105
f 2102 2078 2092
f 2090 2102 2093
f 2078 2102 2090
f 2090 2145 2078
f 2145 2077 2013
f 2077 2090 2079
f 2090 2077 2145
f 2077 2130 2013
f 2130 2012 1935
f 2012 2077 2014
f 2077 2012 2130
f 1793 2065 2068 2066
f 2066 2068 2039 1989
f 2061 2067 2011
f 2068 2061 2039
f 2067 2061 2068
f 2065 2009 2067 2068
f 2042 2062 2041
f 2062 1989 2039
f 1989 2042 2007
f 2042 1989 2062
f 2007 2042 2045 2043
f 2045 2046 2048 2047
f 2046 2058 2044
f 2058 2042 2041
f 2042 2046 2045
f 2046 2042 2058
f 2041 2057 2060 2058
f 2054 2060 2053
f 2058 2054 2044
f 2060 2054 2058
f 2057 2049 2059 2060
f 2044 2054 2056 2055
f 2039 2061 2064 2062
f 2057 2064 2049
f 2062 2057 2041
f 2064 2057 2062
f 2064 2063 2040 2049
f 2061 2011 2063 2064
f 2074 2050 2067
f 2067 2050 2011
f 2050 2074 2010
f 2074 2067 2009 1984
f 1984 2073 2076 2074
f 2073 2051 2075 2076
f 2095 2083 2084
f 2085 2095 2086
f 2083 2095 2085
f 2084 2094 2097 2095
f 2094 1936 2096 2097
f 2106 2096 1936
f 1935 2129 2132 2130
f 2144 2132 2087
f 2130 2144 2013
f 2132 2144 2130
f 2125 2131 2082
f 2132 2125 2087
f 2131 2125 2132
f 2129 2080 2131 2132
f 2013 2144 2146 2145
f 2145 2146 2099 2078
f 2141 2126 2089
f 2146 2141 2099
f 2126 2141 2146
f 2144 2087 2126 2146
f 2107 2142 2101
f 2142 2078 2099
f 2078 2107 2092
f 2107 2078 2142
f 2092 2107 2109 2104
f 2106 2109 2098
f 2104 2106 1936
f 2109 2106 2104
f 2107 2101 2108 2109
f 2138 2101 2110
f 2108 2138 2111
f 2101 2138 2108
f 2110 2137 2140 2138
f 2138 2140 2139 2111
f 2137 2100 2120 2140
f 2099 2141 2143 2142
f 2142 2143 2110 2101
f 2137 2122 2100
f 2143 2137 2110
f 2122 2137 2143
f 2141 2089 2122 2143
f 2089 2121 2124 2122
f 2119 2124 2118
f 2122 2119 2100
f 2124 2119 2122
f 2121 2112 2123 2124
f 2119 2120 2100
f 2112 2161 2162 2123
f 2087 2125 2128 2126
f 2121 2128 2112
f 2126 2121 2089
f 2128 2121 2126
f 2161 2158 2088
f 2158 2128 2127
f 2128 2161 2112
f 2161 2128 2158
f 2125 2082 2127 2128
f 2157 2148 2150
f 2082 2157 2127
f 2148 2157 2082
f 2127 2157 2160 2158
f 2154 2160 2147
f 2158 2154 2088
f 2160 2154 2158
f 2157 2150 2159 2160
f 2150 2182 2183 2159
f 2182 2169 2149
f 2169 2148 2113
f 2148 2182 2150
f 2182 2148 2169
f 2088 2154 2156 2155
f 2113 2168 2171 2169
f 2165 2191 2164
f 2191 2169 2171
f 2169 2165 2149
f 2165 2169 2191
f 2171 2190 2193 2191
f 2186 2193 2184
f 2191 2186 2164
f 2193 2186 2191
f 2190 2170 2192 2193
f 2190 2163 2170
f 2168 2190 2171
f 2163 2190 2168
f 2149 2165 2167 2166
f 2164 2186 2189 2187
f 2186 2184 2188 2189
f 2163 2194 2196 2170
f 2220 2194 2081
f 2196 2220 2195
f 2194 2220 2196
f 2080 2151 2153 2131
f 2148 2173 2113
f 2173 2131 2153
f 2131 2148 2082
f 2148 2131 2173
f 2153 2172 2175 2173
f 2168 2175 2163
f 2173 2168 2113
f 2175 2168 2173
f 2194 2203 2081
f 2203 2175 2174
f 2175 2194 2163
f 2194 2175 2203
f 2172 2152 2174 2175
f 2172 78 2152
f 2151 2172 2153
f 78 2172 2151
f 2198 2230 2178
f 2230 78 2176
f 78 2198 2152
f 2198 78 2230
f 2202 2198 2200
f 2152 2202 2174
f 2198 2202 2152
f 2174 2202 2205 2203
f 2219 2210 2197
f 2210 2203 2205
f 2203 2219 2081
f 2219 2203 2210
f 2205 2209 2212 2210
f 2206 2212 2201
f 2210 2206 2197
f 2212 2206 2210
f 2222 2211 2185
f 2212 2222 2201
f 2211 2222 2212
f 2209 2204 2211 2212
f 2209 2200 2204
f 2202 2209 2205
f 2200 2209 2202
f 2200 2213 2215 2204
f 2213 2199 2214 2215
f 2213 2226 2199
f 2226 2198 2178
f 2198 2213 2200
f 2213 2198 2226
f 2178 2225 2228 2226
f 2241 2226 2228
f 2199 2241 2223
f 2226 2241 2199
f 2228 2240 2243 2241
f 2241 2243 2224 2223
f 2237 2242 2217
f 2243 2237 2224
f 2242 2237 2243
f 2240 2227 2242 2243
f 2240 2216 2227
f 2225 2240 2228
f 2216 2240 2225
f 2216 2238 2239 2227
f 2177 2239 2238
f 2176 2229 2232 2230
f 2225 2232 2216
f 2230 2225 2178
f 2232 2225 2230
f 2238 2231 2177
f 2232 2238 2216
f 2231 2238 2232
f 2229 2114 2231 2232
f 2081 2219 2221 2220
f 2197 2221 2219
f 2197 2206 2208 2207
f 2201 2208 2206
f 2114 2244 2246 2231
f 2246 2177 2231
f 2246 2256 2259 2257
f 2256 2245 2258 2259
f 2256 2218 2245
f 2244 2256 2246
f 2218 2256 2244
f 1417 194 1315
f 2 1417 1263
f 194 1417 2
f 1263 1417 1419 1363
f 1414 1508 1312
f 1508 1363 1419
f 1363 1414 80
f 1414 1363 1508
f 1419 1507 1510 1508
f 1508 1510 1447 1312
f 1503 1509 1267
f 1510 1503 1447
f 1509 1503 1510
f 1507 1418 1509 1510
f 1507 1315 1418
f 1417 1507 1419
f 1315 1507 1417
f 1517 1483 1485
f 1315 1517 1418
f 1483 1517 1315
f 1418 1517 1519 1509
f 1509 1519 1481 1267
f 1513 1541 1444
f 1541 1519 1518
f 1519 1513 1481
f 1513 1519 1541
f 1517 1485 1518 1519
f 1540 1523 1525
f 1485 1540 1518
f 1523 1540 1485
f 1518 1540 1543 1541
f 1541 1543 1520 1444
f 1536 1542 1512
f 1543 1536 1520
f 1542 1536 1543
f 1540 1525 1542 1543
f 1525 1567 1569 1542
f 1564 1588 1531
f 1588 1542 1569
f 1542 1564 1512
f 1564 1542 1588
f 1569 1587 1590 1588
f 1583 1590 1573
f 1588 1583 1531
f 1590 1583 1588
f 1592 1589 81
f 1590 1592 1573
f 1589 1592 1590
f 1587 1568 1589 1590
f 1587 1524 1568
f 1567 1587 1569
f 1524 1587 1567
f 1567 1484 1524
f 1523 1567 1525
f 1484 1567 1523
f 1523 1618 1484
f 1618 1483 1314
f 1483 1523 1485
f 1523 1483 1618
f 1483 1622 1314
f 1622 194 79
f 194 1483 1315
f 1483 194 1622
f 80 1414 1416 1359
f 1411 1455 1348
f 1455 1359 1416
f 1359 1411 1298
f 1411 1359 1455
f 1416 1454 1457 1455
f 1473 1457 1442
f 1455 1473 1348
f 1457 1473 1455
f 1450 1456 1313
f 1457 1450 1442
f 1456 1450 1457
f 1454 1415 1456 1457
f 1454 1312 1415
f 1414 1454 1416
f 1312 1454 1414
f 1428 1411 1413
f 1298 1428 1380
f 1411 1428 1298
f 1437 1428 1430
f 1380 1437 1421
f 1428 1437 1380
f 1421 1437 1439 1433
f 1436 1439 1427
f 1433 1436 1310
f 1439 1436 1433
f 1437 1430 1438 1439
f 1428 1413 1429 1430
f 1413 1440 1441 1429
f 1440 1474 1412
f 1474 1411 1348
f 1411 1440 1413
f 1440 1411 1474
f 1348 1473 1475 1474
f 1474 1475 1445 1412
f 1471 1475 1451
f 1445 1471 1443
f 1475 1471 1445
f 1473 1442 1451 1475
f 1470 1450 1453
f 1442 1470 1451
f 1450 1470 1442
f 1451 1470 1472 1471
f 1472 1443 1471
f 1470 1453 1459 1472
f 1467 1458 1461
f 1453 1467 1459
f 1458 1467 1453
f 1459 1467 1469 1468
f 1476 1452 1460
f 1458 1476 1461
f 1452 1476 1458
f 1458 1313 1452
f 1450 1458 1453
f 1313 1458 1450
f 1477 1462 1463
f 1313 1477 1452
f 1462 1477 1313
f 1464 1504 1449
f 1504 1312 1447
f 1312 1464 1415
f 1464 1312 1504
f 1415 1464 1466 1456
f 1462 1466 1446
f 1456 1462 1313
f 1466 1462 1456
f 1464 1449 1465 1466
f 1492 1500 1480
f 1500 1449 1478
f 1449 1492 1465
f 1492 1449 1500
f 1465 1492 1494 1493
f 1496 1492 1480
f 1494 1496 1489
f 1492 1496 1494
f 1480 1495 1498 1496
f 1496 1498 1491 1489
f 1497 1491 1498
f 1495 1488 1497 1498
f 1478 1499 1502 1500
f 1495 1502 1488
f 1500 1495 1480
f 1502 1495 1500
f 1502 1501 1479 1488
f 1499 1448 1501 1502
f 1447 1503 1506 1504
f 1504 1506 1478 1449
f 1499 1505 1448
f 1506 1499 1478
f 1505 1499 1506
f 1503 1267 1505 1506
f 1514 1490 1505
f 1505 1490 1448
f 1490 1514 1482
f 1514 1505 1267 1481
f 1481 1513 1516 1514
f 1514 1516 1511 1482
f 1513 1444 1515 1516
f 1544 1537 1522
f 1537 1444 1520
f 1444 1544 1515
f 1544 1444 1537
f 1515 1544 1546 1545
f 1533 1544 1522
f 1546 1533 1530
f 1544 1533 1546
f 1522 1532 1535 1533
f 1535 1547 1549 1548
f 1547 1557 1534
f 1557 1532 1529
f 1532 1547 1535
f 1547 1532 1557
f 1529 1556 1559 1557
f 1553 1559 1552
f 1557 1553 1534
f 1559 1553 1557
f 1559 1558 1551 1552
f 1556 1550 1558 1559
f 1534 1553 1555 1554
f 1552 1555 1553
f 1520 1536 1539 1537
f 1532 1561 1529
f 1561 1537 1539
f 1537 1532 1522
f 1532 1537 1561
f 1539 1560 1563 1561
f 1556 1563 1550
f 1561 1556 1529
f 1563 1556 1561
f 1563 1562 1521 1550
f 1560 1538 1562 1563
f 1560 1512 1538
f 1536 1560 1539
f 1512 1560 1536
f 1512 1564 1566 1538
f 1584 1564 1531
f 1566 1584 1565
f 1564 1584 1566
f 1531 1583 1586 1584
f 1584 1586 1575 1565
f 1576 1600 1574
f 1600 1586 1585
f 1586 1576 1575
f 1576 1586 1600
f 1583 1573 1585 1586
f 1575 1576 1578 1577
f 1574 1578 1576
f 1574 1595 1598 1596
f 1595 1591 1597 1598
f 1599 1592 1594
f 1573 1599 1585
f 1592 1599 1573
f 1585 1599 1602 1600
f 1595 1602 1591
f 1600 1595 1574
f 1602 1595 1600
f 1602 1601 1579 1591
f 1599 1594 1601 1602
f 1592 81 1593 1594
f 79 1621 1624 1622
f 1617 1624 1526
f 1622 1617 1314
f 1624 1617 1622
f 1631 1623 1487
f 1624 1631 1526
f 1623 1631 1624
f 1621 198 1623 1624
f 1314 1617 1620 1618
f 1618 1620 1570 1484
f 1613 1619 1528
f 1620 1613 1570
f 1619 1613 1620
f 1617 1526 1619 1620
f 1580 1614 1572
f 1614 1484 1570
f 1484 1580 1524
f 1580 1484 1614
f 1524 1580 1582 1568
f 1582 1589 1568
f 1589 1582 81
f 1580 1572 1581 1582
f 1610 1572 1603
f 1581 1610 1604
f 1572 1610 1581
f 1603 1609 1612 1610
f 1612 1604 1610
f 1609 1571 1611 1612
f 1570 1613 1616 1614
f 1614 1616 1603 1572
f 1609 1615 1571
f 1616 1609 1603
f 1615 1609 1616
f 1613 1528 1615 1616
f 1528 1628 1630 1615
f 1625 1662 1608
f 1662 1615 1630
f 1615 1625 1571
f 1625 1615 1662
f 1630 1661 1664 1662
f 1662 1664 1663 1608
f 1658 1664 1639
f 1663 1658 1606
f 1664 1658 1663
f 1661 1629 1639 1664
f 1661 1679 1629
f 1679 1628 1605
f 1628 1661 1630
f 1661 1628 1679
f 1571 1625 1627 1611
f 1625 1608 1626 1627
f 1605 1678 1681 1679
f 1679 1681 1638 1629
f 1674 1680 1636
f 1681 1674 1638
f 1680 1674 1681
f 1678 1634 1680 1681
f 1657 1675 1641
f 1675 1629 1638
f 1629 1657 1639
f 1657 1629 1675
f 1639 1657 1660 1658
f 1658 1660 1659 1606
f 1671 1657 1641
f 1660 1671 1643
f 1657 1671 1660
f 1641 1670 1673 1671
f 1671 1673 1654 1643
f 1665 1672 1644
f 1673 1665 1654
f 1672 1665 1673
f 1670 1642 1672 1673
f 1666 1643 1654
f 1655 1666 1656
f 1643 1666 1655
f 1654 1665 1668 1666
f 1665 1644 1667 1668
f 1638 1674 1677 1675
f 1670 1677 1642
f 1675 1670 1641
f 1677 1670 1675
f 1677 1676 1640 1642
f 1674 1636 1676 1677
f 1676 1669 1640
f 1669 1645 1646
f 1645 1676 1636
f 1676 1645 1669
f 1717 1645 1680
f 1680 1645 1636
f 1645 1717 1635
f 1717 1680 1634 1527
f 1526 1631 1633 1619
f 1628 1683 1605
f 1683 1619 1633
f 1619 1628 1528
f 1628 1619 1683
f 1633 1682 1685 1683
f 1678 1685 1634
f 1683 1678 1605
f 1685 1678 1683
f 1685 1684 1527 1634
f 1682 1632 1684 1685
f 1682 1487 1632
f 1631 1682 1633
f 1487 1682 1631
f 1692 1648 1650
f 1487 1692 1632
f 1648 1692 1487
f 1632 1692 1694 1684
f 1716 1710 1647
f 1710 1684 1694
f 1684 1716 1527
f 1716 1684 1710
f 1694 1709 1712 1710
f 1730 1712 1686
f 1710 1730 1647
f 1712 1730 1710
f 1705 1711 1637
f 1712 1705 1686
f 1711 1705 1712
f 1709 1693 1711 1712
f 1709 1650 1693
f 1692 1709 1694
f 1650 1709 1692
f 1742 1697 1699
f 1650 1742 1693
f 1697 1742 1650
f 1693 1742 1744 1711
f 1739 1766 1696
f 1766 1711 1744
f 1711 1739 1637
f 1739 1711 1766
f 1744 1765 1767 1766
f 1766 1767 1759 1696
f 1762 1767 1756
f 1759 1762 1690
f 1767 1762 1759
f 1765 1743 1756 1767
f 1765 1699 1743
f 1742 1765 1744
f 1699 1765 1742
f 1755 1749 1751
f 1699 1755 1743
f 1749 1755 1699
f 1761 1755 1758
f 1743 1761 1756
f 1755 1761 1743
f 1756 1761 1764 1762
f 1783 1762 1764
f 1690 1783 1754
f 1762 1783 1690
f 1764 1782 1784 1783
f 1783 1784 1760 1754
f 1779 1784 1775
f 1760 1779 1748
f 1784 1779 1760
f 1782 1763 1775 1784
f 1782 1758 1763
f 1761 1782 1764
f 1758 1782 1761
f 1774 1768 1770
f 1758 1774 1763
f 1768 1774 1758
f 1778 1774 1777
f 1763 1778 1775
f 1774 1778 1763
f 1775 1778 1781 1779
f 1778 1777 1780 1781
f 1774 1770 1776 1777
f 1768 1757 1769 1770
f 1768 1751 1757
f 1755 1768 1758
f 1751 1768 1755
f 1751 1771 1772 1757
f 1771 1817 1750
f 1817 1749 1698
f 1749 1771 1751
f 1771 1749 1817
f 1749 1796 1698
f 1796 1697 1649
f 1697 1749 1699
f 1749 1697 1796
f 1697 1800 1649
f 1800 1648 1607
f 1648 1697 1650
f 1697 1648 1800
f 1527 1716 1719 1717
f 1717 1719 1718 1635
f 1731 1716 1647
f 1719 1731 1687
f 1716 1731 1719
f 1647 1730 1732 1731
f 1731 1732 1713 1687
f 1727 1732 1706
f 1713 1727 1689
f 1732 1727 1713
f 1730 1686 1706 1732
f 1687 1713 1715 1714
f 1723 1689 1702
f 1703 1723 1704
f 1689 1723 1703
f 1702 1722 1725 1723
f 1723 1725 1720 1704
f 1724 1720 1725
f 1722 1695 1724 1725
f 1745 1733 1735
f 1695 1745 1724
f 1733 1745 1695
f 1724 1745 1747 1746
f 1735 1747 1745
f 1733 1721 1734 1735
f 1726 1705 1708
f 1686 1726 1706
f 1705 1726 1686
f 1706 1726 1729 1727
f 1727 1729 1702 1689
f 1722 1728 1695
f 1729 1722 1702
f 1728 1722 1729
f 1726 1708 1728 1729
f 1708 1736 1738 1728
f 1733 1738 1721
f 1728 1733 1695
f 1738 1733 1728
f 1738 1737 1688 1721
f 1736 1707 1737 1738
f 1736 1637 1707
f 1705 1736 1708
f 1637 1736 1705
f 1637 1739 1741 1707
f 1739 1696 1740 1741
f 1607 1799 1802 1800
f 1795 1802 1752
f 1800 1795 1649
f 1802 1795 1800
f 1810 1850 1701
f 1850 1802 1801
f 1802 1810 1752
f 1810 1802 1850
f 1799 1700 1801 1802
f 1649 1795 1798 1796
f 1816 1829 1773
f 1829 1796 1798
f 1796 1816 1698
f 1816 1796 1829
f 1798 1828 1831 1829
f 1829 1831 1785 1773
f 1824 1830 1753
f 1831 1824 1785
f 1830 1824 1831
f 1828 1797 1830 1831
f 1828 1752 1797
f 1795 1828 1798
f 1752 1828 1795
f 1698 1816 1819 1817
f 1817 1819 1818 1750
f 1786 1818 1819
f 1816 1773 1786 1819
f 1813 1825 1788
f 1825 1773 1785
f 1773 1813 1786
f 1813 1773 1825
f 1786 1813 1815 1814
f 1821 1813 1788
f 1815 1821 1808
f 1813 1821 1815
f 1788 1820 1823 1821
f 1823 1808 1821
f 1820 1807 1822 1823
f 1785 1824 1827 1825
f 1820 1827 1807
f 1825 1820 1788
f 1827 1820 1825
f 1827 1826 1787 1807
f 1824 1753 1826 1827
f 1752 1810 1812 1797
f 1862 1809 1830
f 1830 1809 1753
f 1809 1862 1789
f 1862 1830 1797 1812
f 1812 1861 1863 1862
f 1858 1861 1811
f 1863 1858 1838
f 1861 1858 1863
f 1861 1846 1811
f 1846 1810 1701
f 1810 1861 1812
f 1861 1810 1846
f 1701 1845 1848 1846
f 1857 1848 1837
f 1846 1857 1811
f 1848 1857 1846
f 1841 1847 1833
f 1848 1841 1837
f 1847 1841 1848
f 1845 1832 1847 1848
f 1811 1857 1860 1858
f 1858 1860 1859 1838
f 1854 1860 1842
f 1859 1854 1839
f 1860 1854 1859
f 1857 1837 1842 1860
f 1853 1841 1844
f 1837 1853 1842
f 1841 1853 1837
f 1842 1853 1856 1854
f 1856 1839 1854
f 1853 1844 1855 1856
f 1871 1864 1866
f 1844 1871 1855
f 1864 1871 1844
f 1871 1872 1855
f 1864 1843 1865 1866
f 1864 1833 1843
f 1841 1864 1844
f 1833 1864 1841
f 1832 1868 1870 1847
f 1867 1870 1840
f 1847 1867 1833
f 1870 1867 1847
f 1868 1790 1869 1870
f 1849 1834 1836
f 1700 1849 1801
f 1834 1849 1700
f 1801 1849 1852 1850
f 1845 1852 1832
f 1850 1845 1701
f 1852 1845 1850
f 1868 1851 1790
f 1852 1868 1832
f 1851 1868 1852
f 1849 1836 1851 1852
f 1835 1851 1836
f 1851 1835 1790
f 1906 1834 1486
f 1836 1906 1835
f 1834 1906 1836
f 198 1651 1653 1623
f 1648 1804 1607
f 1804 1623 1653
f 1623 1648 1487
f 1648 1623 1804
f 1653 1803 1806 1804
f 1799 1806 1700
f 1804 1799 1607
f 1806 1799 1804
f 1834 1893 1486
f 1893 1806 1805
f 1806 1834 1700
f 1834 1806 1893
f 1803 1652 1805 1806
f 1803 1 1652
f 1651 1803 1653
f 1 1803 1651
f 3 204 1237 1235
f 1231 1237 1181
f 1235 1231 83
f 1237 1231 1235
f 1254 1236 84
f 1237 1254 1181
f 1236 1254 1237
f 204 82 1236 1237
f 83 1231 1234 1232
f 1246 1234 1197
f 1232 1246 1175
f 1234 1246 1232
f 1227 1233 1183
f 1234 1227 1197
f 1233 1227 1234
f 1231 1181 1233 1234
f 1175 1246 1248 1247
f 1247 1248 1215 1179
f 1243 1228 1199
f 1248 1243 1215
f 1228 1243 1248
f 1246 1197 1228 1248
f 1244 1179 1215
f 1195 1244 1217
f 1179 1244 1195
f 1215 1243 1245 1244
f 1244 1245 1238 1217
f 1240 1245 1224
f 1238 1240 1216
f 1245 1240 1238
f 1243 1199 1224 1245
f 1239 1223 1226
f 1199 1239 1224
f 1223 1239 1199
f 1224 1239 1242 1240
f 1240 1242 1222 1216
f 1241 1222 1242
f 1239 1226 1241 1242
f 1223 1218 1225 1226
f 1197 1227 1230 1228
f 1223 1230 1218
f 1228 1223 1199
f 1230 1223 1228
f 1230 1229 1198 1218
f 1227 1183 1229 1230
f 1219 1229 1183
f 1229 1219 1198
f 1219 1250 1253 1251
f 1294 1250 1182
f 1253 1294 1252
f 1250 1294 1253
f 1181 1254 1256 1233
f 1233 1256 1219 1183
f 1250 1277 1182
f 1277 1256 1255
f 1256 1250 1219
f 1250 1256 1277
f 1254 84 1255 1256
f 1276 1260 1262
f 84 1276 1255
f 1260 1276 84
f 1255 1276 1279 1277
f 1293 1279 1257
f 1277 1293 1182
f 1279 1293 1277
f 1272 1278 1249
f 1279 1272 1257
f 1278 1272 1279
f 1276 1262 1278 1279
f 1262 1324 1325 1278
f 1278 1325 1266 1249
f 1322 1325 1302
f 1266 1322 1221
f 1325 1322 1266
f 1324 1261 1302 1325
f 1324 1220 1261
f 1260 1324 1262
f 1220 1324 1260
f 1182 1293 1295 1294
f 1294 1295 1280 1252
f 1290 1295 1273
f 1280 1290 1259
f 1295 1290 1280
f 1293 1257 1273 1295
f 1281 1252 1280
f 1286 1259 1268
f 1269 1286 1271
f 1259 1286 1269
f 1268 1285 1288 1286
f 1286 1288 1282 1271
f 1284 1287 1270
f 1288 1284 1282
f 1287 1284 1288
f 1285 1265 1287 1288
f 1289 1272 1275
f 1257 1289 1273
f 1272 1289 1257
f 1273 1289 1292 1290
f 1290 1292 1268 1259
f 1285 1291 1265
f 1292 1285 1268
f 1291 1285 1292
f 1289 1275 1291 1292
f 1291 1283 1265
f 1283 1274 1258
f 1274 1291 1275
f 1291 1274 1283
f 1272 1249 1274 1275
f 1301 1358 1299
f 1358 1220 1297
f 1220 1301 1261
f 1301 1220 1358
f 1321 1301 1304
f 1261 1321 1302
f 1301 1321 1261
f 1302 1321 1323 1322
f 1322 1323 1300 1221
f 1317 1323 1306
f 1300 1317 1296
f 1323 1317 1300
f 1321 1304 1306 1323
f 1316 1305 1308
f 1304 1316 1306
f 1305 1316 1304
f 1306 1316 1320 1317
f 1327 1317 1320
f 1296 1327 1318
f 1317 1327 1296
f 1320 1326 1329 1327
f 1329 1318 1327
f 1326 1319 1328 1329
f 1326 1308 1319
f 1316 1326 1320
f 1308 1326 1316
f 1335 1330 1332
f 1308 1335 1319
f 1330 1335 1308
f 1338 1335 1337
f 1319 1338 1328
f 1335 1338 1319
f 1328 1338 1340 1339
f 1337 1340 1338
f 1335 1332 1336 1337
f 1369 1330 1307
f 1332 1369 1331
f 1330 1369 1332
f 1330 1350 1307
f 1350 1305 1303
f 1305 1330 1308
f 1330 1305 1350
f 1305 1354 1303
f 1354 1301 1299
f 1301 1305 1304
f 1305 1301 1354
f 1299 1353 1356 1354
f 1349 1356 1333
f 1354 1349 1303
f 1356 1349 1354
f 1373 1397 1311
f 1397 1356 1355
f 1356 1373 1333
f 1373 1356 1397
f 1353 1309 1355 1356
f 1303 1349 1352 1350
f 1368 1352 1341
f 1350 1368 1307
f 1352 1368 1350
f 1342 1351 1334
f 1352 1342 1341
f 1351 1342 1352
f 1349 1333 1351 1352
f 1307 1368 1370 1369
f 1370 1331 1369
f 1368 1341 1343 1370
f 1365 1342 1345
f 1341 1365 1343
f 1342 1365 1341
f 1343 1365 1367 1366
f 1371 1334 1344
f 1342 1371 1345
f 1334 1371 1342
f 1333 1373 1375 1351
f 1372 1375 1346
f 1351 1372 1334
f 1375 1372 1351
f 1393 1373 1311
f 1375 1393 1374
f 1373 1393 1375
f 1311 1392 1395 1393
f 1393 1395 1382 1374
f 1388 1394 1378
f 1395 1388 1382
f 1394 1388 1395
f 1392 1376 1394 1395
f 1389 1374 1382
f 1383 1389 1384
f 1374 1389 1383
f 1382 1388 1391 1389
f 1401 1389 1391
f 1384 1401 1385
f 1389 1401 1384
f 1391 1400 1403 1401
f 1400 1390 1402 1403
f 1400 1378 1390
f 1388 1400 1391
f 1378 1400 1388
f 1378 1404 1406 1390
f 1404 1386 1405 1406
f 1376 1407 1409 1394
f 1404 1409 1386
f 1394 1404 1378
f 1409 1404 1394
f 1409 1408 1377 1386
f 1407 1347 1408 1409
f 1410 1423 1426 1424
f 1435 1310 1425
f 1423 1435 1426
f 1310 1435 1423
f 1396 1379 1381
f 1309 1396 1355
f 1379 1396 1309
f 1355 1396 1399 1397
f 1392 1399 1376
f 1397 1392 1311
f 1399 1392 1397
f 1407 1398 1347
f 1399 1407 1376
f 1398 1407 1399
f 1396 1381 1398 1399
f 1381 1420 1422 1398
f 1432 1398 1422
f 1347 1432 1387
f 1398 1432 1347
f 1422 1431 1434 1432
f 1432 1434 1410 1387
f 1423 1433 1310
f 1434 1423 1410
f 1433 1423 1434
f 1431 1421 1433 1434
f 1431 1380 1421
f 1420 1431 1422
f 1380 1431 1420
f 1420 1298 1380
f 1379 1420 1381
f 1298 1420 1379
f 1297 1357 1360 1358
f 1353 1360 1309
f 1358 1353 1299
f 1360 1353 1358
f 1379 1359 1298
f 1360 1379 1309
f 1359 1379 1360
f 1357 80 1359 1360
f 82 208 1264 1236
f 1260 1362 1220
f 1362 1236 1264
f 1236 1260 84
f 1260 1236 1362
f 1264 1361 1364 1362
f 1362 1364 1297 1220
f 1357 1363 80
f 1364 1357 1297
f 1363 1357 1364
f 1361 1263 1363 1364
f 1361 2 1263
f 208 1361 1264
f 2 1361 208
f 11263 11198 11315 11316
f 11255 11271 11273 11256
f 11297 11272 11245
f 11273 11297 11259
f 11272 11297 11273
f 11271 11254 11272 11273
f 11271 11238 11254
f 11253 11271 11255
f 11238 11271 11253
f 11282 11257 11310 11311
f 11289 11301 11261
f 11302 11289 11279
f 11301 11289 11302
f 11300 11270 11301 11302
f 11290 11305 11304
f 11303 11292 11304 11305
f 11304 11280 11290
f 11291 11304 11292
f 11280 11304 11291
f 11289 11261 11291 11292
f 11291 11296 11280
f 11293 11291 11261
f 11296 11291 11293
f 11306 11294 11277
f 11296 11306 11280
f 11294 11306 11296
f 11296 11295 11284 11294
f 11293 11281 11295 11296
f 11309 11308 11282 11307
f 11294 11284 11308 11309
f 11308 11257 11282
f 11283 11308 11284
f 11257 11308 11283
f 11295 11283 11284
f 11260 11295 11281
f 11283 11295 11260
f 11259 11297 11299 11270
f 11301 11293 11261
f 11293 11299 11281
f 11299 11301 11270
f 11301 11299 11293
f 11299 11298 11260 11281
f 11297 11245 11298 11299
f 11298 11288 11260
f 11285 11298 11245
f 11288 11298 11285
f 11283 11286 11257
f 11288 11283 11260
f 11286 11283 11288
f 11288 11287 11265 11286
f 11285 11262 11287 11288
f 11310 11314 11278
f 11286 11310 11257
f 11314 11310 11286
f 11314 11313 11263 11312
f 11286 11265 11313 11314
f 11313 11198 11263
f 11264 11313 11265
f 11198 11313 11264
f 11287 11264 11265
f 11244 11287 11262
f 11264 11287 11244
f 11238 11274 11276 11254
f 11272 11285 11245
f 11285 11276 11262
f 11276 11272 11254
f 11272 11276 11285
f 11276 11275 11244 11262
f 11274 11034 11275 11276
f 11336 11335 11328 11334
f 11333 11329 11335 11336
f 11333 11317 11329
f 11324 11333 11330
f 11317 11333 11324
f 11351 11328 11338
f 11351 11350 11321 11349
f 11338 11327 11350 11351
f 11317 11337 11340 11329
f 11335 11338 11328
f 11340 11335 11329
f 11338 11335 11340
f 11340 11339 11327 11338
f 11337 11246 11339 11340
f 11354 11321 11342
f 11355 11354 11356 11357
f 11356 11366 11352
f 11366 11353 11038
f 11353 11356 11354
f 11356 11353 11366
f 11342 11320 11353 11354
f 11339 11344 11327
f 11341 11339 11246
f 11344 11339 11341
f 11350 11342 11321
f 11344 11350 11327
f 11342 11350 11344
f 11344 11343 11320 11342
f 11341 11134 11343 11344
f 11275 11269 11244
f 11266 11275 11034
f 11269 11275 11266
f 11264 11267 11198
f 11269 11264 11244
f 11267 11264 11269
f 11269 11268 11248 11267
f 11266 11165 11268 11269
f 11315 11323 11258
f 11323 11267 11319
f 11267 11315 11198
f 11315 11267 11323
f 11258 11323 11326 11322
f 11326 11325 11317 11324
f 11323 11319 11325 11326
f 11325 11337 11317
f 11337 11318 11246
f 11318 11325 11319
f 11325 11318 11337
f 11267 11248 11318 11319
f 11318 11341 11246
f 11341 11247 11134
f 11247 11318 11248
f 11318 11247 11341
f 11268 11247 11248
f 10741 11268 11165
f 11247 11268 10741
f 11363 11352 11364 11365
f 11364 11369 11362
f 11366 11364 11352
f 11369 11364 11366
f 11369 11368 11358 11367
f 11366 11038 11368 11369
f 11368 11373 11358
f 11370 11368 11038
f 11373 11368 11370
f 11371 11358 11373
f 11373 11372 11361 11371
f 11370 11346 11372 11373
f 11371 11361 11374 11375
f 11361 11398 11400 11374
f 11394 11400 11378
f 11374 11394 11359
f 11400 11394 11374
f 11400 11399 11332 11378
f 11398 11360 11399 11400
f 11372 11398 11361
f 11398 11249 11360
f 11249 11372 11346
f 11372 11249 11398
f 11456 11392 11463 11464
f 11454 11453 11437 11452
f 11451 11445 11453 11454
f 11451 11439 11445
f 11444 11451 11446
f 11439 11451 11444
f 11439 11455 11458 11445
f 11453 11456 11437
f 11458 11453 11445
f 11456 11453 11458
f 11458 11457 11392 11456
f 11455 11438 11457 11458
f 11455 11428 11438
f 11436 11455 11439
f 11428 11455 11436
f 11436 11376 11428
f 11410 11436 11429
f 11376 11436 11410
f 11359 11394 11397 11395
f 11405 11396 11381
f 11397 11405 11390
f 11396 11405 11397
f 11394 11378 11396 11397
f 11422 11419 11423 11424
f 11423 11420 11421
f 11406 11423 11419
f 11420 11423 11406
f 11420 11417 11418
f 11391 11420 11406
f 11417 11420 11391
f 11425 11405 11408
f 11390 11425 11393
f 11405 11425 11390
f 11393 11425 11427 11404
f 11427 11426 11406 11419
f 11425 11408 11426 11427
f 11426 11391 11406
f 11407 11426 11408
f 11391 11426 11407
f 11405 11381 11407 11408
f 11407 11412 11391
f 11409 11407 11381
f 11412 11407 11409
f 11417 11410 11379
f 11412 11417 11391
f 11410 11417 11412
f 11412 11411 11376 11410
f 11409 11380 11411 11412
f 11396 11409 11381
f 11409 11332 11380
f 11332 11396 11378
f 11396 11332 11409
f 11332 11413 11416 11380
f 11411 11440 11376
f 11440 11416 11414
f 11416 11411 11380
f 11411 11416 11440
f 11416 11415 11385 11414
f 11413 11382 11415 11416
f 11459 11440 11443
f 11376 11459 11428
f 11440 11459 11376
f 11428 11459 11462 11438
f 11457 11460 11392
f 11462 11457 11438
f 11460 11457 11462
f 11462 11461 11441 11460
f 11459 11443 11461 11462
f 11461 11432 11441
f 11442 11461 11443
f 11432 11461 11442
f 11440 11414 11442 11443
f 11463 11467 11447
f 11460 11463 11392
f 11467 11463 11460
f 11467 11466 11449 11465
f 11460 11441 11466 11467
f 11466 11448 11449
f 11432 11466 11441
f 11448 11466 11432
f 11448 11469 11430
f 11469 11431 11383
f 11431 11448 11432
f 11448 11431 11469
f 11442 11431 11432
f 11385 11442 11414
f 11431 11442 11385
f 11431 11473 11383
f 11473 11384 86
f 11384 11431 11385
f 11431 11384 11473
f 11415 11384 11385
f 11331 11415 11382
f 11384 11415 11331
f 11249 11401 11403 11360
f 11399 11413 11332
f 11413 11403 11382
f 11403 11399 11360
f 11399 11403 11413
f 11403 11402 11331 11382
f 11401 11037 11402 11403
f 11247 11345 11134
f 11345 11169 11251
f 11169 11247 10741
f 11247 11169 11345
f 11343 11348 11320
f 11345 11343 11134
f 11348 11343 11345
f 11353 11370 11038
f 11370 11348 11346
f 11348 11353 11320
f 11353 11348 11370
f 11348 11347 11249 11346
f 11345 11251 11347 11348
f 11347 11401 11249
f 11401 11250 11037
f 11250 11347 11251
f 11347 11250 11401
f 11169 85 11250 11251
f 11430 11469 11472 11468
f 11472 11471 11450 11470
f 11469 11383 11471 11472
f 11507 11488 11508 11509
f 11525 11519 11521
f 11490 11525 11499
f 11519 11525 11490
f 11527 11499 11525
f 11528 11526 11513
f 11527 11528 11517
f 11526 11528 11527
f 11525 11521 11526 11527
f 11526 11532 11513
f 11532 11520 11502
f 11520 11526 11521
f 11526 11520 11532
f 11519 11500 11520 11521
f 11531 11517 11528
f 11531 11530 11518 11529
f 11528 11513 11530 11531
f 11530 11535 11518
f 11532 11530 11513
f 11535 11530 11532
f 11535 11534 11514 11533
f 11532 11502 11534 11535
f 11534 11539 11514
f 11536 11534 11502
f 11539 11534 11536
f 11539 11538 11377 11537
f 11536 11501 11538 11539
f 11520 11536 11502
f 11536 11489 11501
f 11489 11520 11500
f 11520 11489 11536
f 11488 11522 11524 11508
f 11519 11524 11500
f 11508 11519 11490
f 11524 11519 11508
f 11524 11523 11489 11500
f 11522 11486 11523 11524
f 11474 11510 11512 11487
f 11488 11487 11512
f 11522 11511 11486
f 11512 11522 11488
f 11511 11522 11512
f 11510 11433 11511 11512
f 11471 11481 11450
f 11481 11473 11476
f 11473 11471 11383
f 11471 11473 11481
f 11450 11481 11485 11482
f 11485 11484 11474 11483
f 11481 11476 11484 11485
f 11484 11510 11474
f 11510 11475 11433
f 11475 11484 11476
f 11484 11475 11510
f 11473 86 11475 11476
f 11475 11493 11433
f 11493 11477 11480
f 11477 11475 86
f 11475 11477 11493
f 11511 11503 11486
f 11503 11493 11496
f 11493 11511 11433
f 11511 11493 11503
f 11523 11540 11489
f 11540 11503 11506
f 11503 11523 11486
f 11523 11503 11540
f 11489 11540 11543 11501
f 11538 11541 11377
f 11543 11538 11501
f 11541 11538 11543
f 11543 11542 11504 11541
f 11540 11506 11542 11543
f 11542 11494 11504
f 11505 11542 11506
f 11494 11542 11505
f 11503 11496 11505 11506
f 11505 11567 11494
f 11567 11495 11478
f 11495 11505 11496
f 11505 11495 11567
f 11493 11480 11495 11496
f 11495 11550 11478
f 11550 11479 11435
f 11479 11495 11480
f 11495 11479 11550
f 11477 11387 11479 11480
f 11504 11494 11515 11516
f 11570 11561 11571 11572
f 11570 11545 11561
f 11560 11570 11562
f 11545 11570 11560
f 11577 11563 11566
f 11498 11577 11545
f 11563 11577 11498
f 11545 11577 11580 11561
f 11571 11583 11544
f 11583 11580 11578
f 11580 11571 11561
f 11571 11580 11583
f 11580 11579 11564 11578
f 11577 11566 11579 11580
f 11579 11549 11564
f 11565 11579 11566
f 11549 11579 11565
f 11563 11546 11565 11566
f 11583 11578 11584 11585
f 11584 11581 11582
f 11564 11584 11578
f 11581 11584 11564
f 11581 11573 11574
f 11549 11581 11564
f 11573 11581 11549
f 11573 11492 11547
f 11548 11573 11549
f 11492 11573 11548
f 11565 11548 11549
f 11497 11565 11546
f 11548 11565 11497
f 11494 11567 11569 11515
f 11563 11569 11546
f 11515 11563 11498
f 11569 11563 11515
f 11569 11568 11497 11546
f 11567 11478 11568 11569
f 11551 11491 11575 11576
f 11568 11553 11497
f 11550 11568 11478
f 11553 11568 11550
f 11548 11551 11492
f 11553 11548 11497
f 11551 11548 11553
f 11553 11552 11491 11551
f 11550 11435 11552 11553
f 11552 11602 11491
f 11602 11554 11557
f 11554 11552 11435
f 11552 11554 11602
f 11491 11602 11604 11575
f 11598 11604 11591
f 11575 11598 1187
f 11604 11598 11575
f 11604 11603 11555 11591
f 11602 11557 11603 11604
f 11603 1176 11555
f 11556 11603 11557
f 1176 11603 11556
f 11554 11434 11556 11557
f 11479 11554 11435
f 11554 1174 11434
f 1174 11479 11387
f 11479 1174 11554
f 11597 11605 11609 11606
f 11609 11608 11586 11607
f 11605 11596 11608 11609
f 11605 11590 11596
f 11595 11605 11597
f 11590 11605 11595
f 11590 11589 1187
f 11627 11663 11666 11664
f 11645 11665 11631
f 11666 11645 11643
f 11665 11645 11666
f 11663 11629 11665 11666
f 11648 11647 11644 11646
f 11645 11631 11647 11648
f 11647 11652 11644
f 11649 11647 11631
f 11652 11647 11649
f 11652 11651 11628 11650
f 11649 11630 11651 11652
f 11665 11649 11631
f 11649 11620 11630
f 11620 11665 11629
f 11665 11620 11649
f 11620 11653 11656 11630
f 11651 11654 11628
f 11656 11651 11630
f 11654 11651 11656
f 11656 11655 11635 11654
f 11653 11632 11655 11656
f 11635 11634 11626 11633
f 11655 11634 11635
f 1178 11655 11632
f 11634 11655 1178
f 11613 11598 11601
f 1187 11613 11590
f 11598 11613 1187
f 11590 11613 11616 11596
f 11608 11614 11586
f 11616 11608 11596
f 11614 11608 11616
f 11616 11615 11599 11614
f 11613 11601 11615 11616
f 11615 11594 11599
f 11600 11615 11601
f 11594 11615 11600
f 11598 11591 11600 11601
f 11614 11599 11617 11618
f 11617 11610 11611
f 11594 11617 11599
f 11610 11617 11594
f 11610 11588 11592
f 11593 11610 11594
f 11588 11610 11593
f 11600 11593 11594
f 11555 11600 11591
f 11593 11600 11555
f 11639 11619 11622
f 11588 11639 11612
f 11619 11639 11588
f 11612 11639 11642 11640
f 11642 11667 11670 11668
f 11663 11670 11629
f 11668 11663 11627
f 11670 11663 11668
f 11670 11669 11620 11629
f 11667 11641 11669 11670
f 11667 11622 11641
f 11639 11667 11642
f 11622 11667 11639
f 11622 11657 11659 11641
f 11669 11653 11620
f 11653 11659 11632
f 11659 11669 11641
f 11669 11659 11653
f 11659 11658 1178 11632
f 11657 11621 11658 11659
f 11657 11587 11621
f 11619 11657 11622
f 11587 11657 11619
f 11593 11619 11588
f 11619 1176 11587
f 1176 11593 11555
f 11593 1176 11619
f 11660 11623 11625
f 1176 11660 11587
f 11623 11660 1176
f 11587 11660 11662 11621
f 11658 11636 1178
f 11662 11658 11621
f 11636 11658 11662
f 11662 11661 1184 11636
f 11660 11625 11661 11662
f 11661 1180 1184
f 11624 11661 11625
f 1180 11661 11624
f 11623 1177 11624 11625
f 11634 11671 11626
f 11671 11636 11638
f 11636 11634 1178
f 11634 11636 11671
f 11676 11671 11675
f 11626 11676 11672
f 11671 11676 11626
f 11672 11676 11680 11677
f 11680 11679 11673 11678
f 11676 11675 11679 11680
f 11679 1188 11673
f 11674 11679 11675
f 1188 11679 11674
f 11671 11638 11674 11675
f 11674 1186 1188
f 11637 11674 11638
f 1186 11674 11637
f 11636 1184 11637 11638
f 1206 1201 1207 1208
f 1206 1190 1201
f 1200 1206 1202
f 1190 1206 1200
f 1203 1191 1193
f 1186 1203 1189
f 1191 1203 1186
f 1209 1203 1205
f 1189 1209 1190
f 1203 1209 1189
f 1190 1209 1211 1201
f 1209 1205 1210 1211
f 1203 1193 1204 1205
f 1191 1185 1192 1193
f 11637 1191 1186
f 1191 1180 1185
f 1180 11637 1184
f 11637 1180 1191
f 1212 1194 1196
f 1180 1212 1185
f 1194 1212 1180
f 1185 1212 1214 1192
f 1212 1196 1213 1214
f 1194 1179 1195 1196
f 1247 1194 11624
f 11624 1194 1180
f 1194 1247 1179
f 1247 11624 1177 1175
f 1174 11558 11559 11434
f 11556 11623 1176
f 11623 11559 1177
f 11559 11556 11434
f 11556 11559 11623
f 11559 1232 1175 1177
f 11558 83 1232 11559
f 11250 11386 11037
f 11386 11173 11252
f 11173 11250 85
f 11250 11173 11386
f 11402 11389 11331
f 11386 11402 11037
f 11389 11402 11386
f 11384 11477 86
f 11477 11389 11387
f 11389 11384 11331
f 11384 11389 11477
f 11389 11388 1174 11387
f 11386 11252 11388 11389
f 11388 11558 1174
f 11558 1235 83
f 1235 11388 11252
f 11388 1235 11558
f 11173 3 1235 11252
f 2690 2675 2677
f 4 2690 2634
f 2675 2690 4
f 2634 2690 2693 2691
f 2686 2693 2674
f 2691 2686 2562
f 2693 2686 2691
f 2705 2692 2646
f 2693 2705 2674
f 2692 2705 2693
f 2690 2677 2692 2693
f 2677 2723 2725 2692
f 2725 2749 2751 2750
f 2749 2734 2724
f 2734 2723 2676
f 2723 2749 2725
f 2749 2723 2734
f 2723 2738 2676
f 2738 2675 2578
f 2675 2723 2677
f 2723 2675 2738
f 2714 2686 2689
f 2562 2714 2687
f 2686 2714 2562
f 2687 2714 2716 2715
f 2715 2716 2682 2649
f 2711 2702 2681
f 2716 2711 2682
f 2702 2711 2716
f 2714 2689 2702 2716
f 2689 2701 2704 2702
f 2697 2704 2696
f 2702 2697 2681
f 2704 2697 2702
f 2701 2688 2703 2704
f 2701 2674 2688
f 2686 2701 2689
f 2674 2701 2686
f 2712 2649 2682
f 2683 2712 2685
f 2649 2712 2683
f 2682 2711 2713 2712
f 2712 2713 2707 2685
f 2709 2713 2698
f 2707 2709 2684
f 2713 2709 2707
f 2711 2681 2698 2713
f 2708 2697 2700
f 2681 2708 2698
f 2697 2708 2681
f 2698 2708 2710 2709
f 2700 2710 2708
f 2697 2696 2699 2700
f 2674 2705 2706 2688
f 2578 2737 2740 2738
f 2733 2784 2728
f 2784 2738 2740
f 2738 2733 2676
f 2733 2738 2784
f 2740 2783 2785 2784
f 2784 2785 2761 2728
f 2780 2785 2771
f 2761 2780 2727
f 2785 2780 2761
f 2783 2739 2771 2785
f 2783 2726 2739
f 2737 2783 2740
f 2726 2783 2737
f 2676 2733 2736 2734
f 2730 2758 2729
f 2758 2734 2736
f 2734 2730 2724
f 2730 2734 2758
f 2736 2757 2760 2758
f 2754 2760 2752
f 2758 2754 2729
f 2760 2754 2758
f 2757 2735 2759 2760
f 2757 2728 2735
f 2733 2757 2736
f 2728 2757 2733
f 2724 2730 2732 2731
f 2729 2754 2756 2755
f 2728 2761 2762 2735
f 2776 2727 2767
f 2768 2776 2769
f 2727 2776 2768
f 2767 2775 2778 2776
f 2776 2778 2774 2769
f 2775 2763 2777 2778
f 2770 2799 2766
f 2799 2726 2764
f 2726 2770 2739
f 2770 2726 2799
f 2779 2770 2773
f 2739 2779 2771
f 2770 2779 2739
f 2771 2779 2782 2780
f 2780 2782 2767 2727
f 2775 2781 2763
f 2782 2775 2767
f 2781 2775 2782
f 2779 2773 2781 2782
f 2770 2766 2772 2773
f 2793 2766 2786
f 2772 2793 2787
f 2766 2793 2772
f 2786 2792 2796 2793
f 2821 2793 2796
f 2787 2821 2794
f 2793 2821 2787
f 2796 2820 2823 2821
f 2821 2823 2822 2794
f 2820 2795 2815 2823
f 2820 2765 2795
f 2792 2820 2796
f 2765 2820 2792
f 2764 2798 2801 2799
f 2799 2801 2786 2766
f 2792 2800 2765
f 2801 2792 2786
f 2800 2792 2801
f 2798 2526 2800 2801
f 2526 2808 2810 2800
f 2806 2810 2797
f 2800 2806 2765
f 2810 2806 2800
f 2808 2788 2809 2810
f 2814 2806 2807
f 2765 2814 2795
f 2806 2814 2765
f 2817 2814 2816
f 2795 2817 2815
f 2814 2817 2795
f 2815 2817 2819 2818
f 2834 2788 2824
f 2809 2834 2825
f 2788 2834 2809
f 2824 2833 2836 2834
f 2834 2836 2826 2825
f 2833 2753 2835 2836
f 2402 232 2328
f 5 2402 186
f 232 2402 5
f 186 2402 2405 2403
f 2423 2405 2324
f 2403 2423 88
f 2405 2423 2403
f 2398 2474 2255
f 2474 2405 2404
f 2405 2398 2324
f 2398 2405 2474
f 2402 2328 2404 2405
f 2473 2433 2435
f 2328 2473 2404
f 2433 2473 2328
f 2404 2473 2476 2474
f 2474 2476 2431 2255
f 2469 2498 2387
f 2498 2476 2475
f 2476 2469 2431
f 2469 2476 2498
f 2473 2435 2475 2476
f 2497 2488 2490
f 2435 2497 2475
f 2488 2497 2435
f 2475 2497 2500 2498
f 2498 2500 2486 2387
f 2493 2499 2455
f 2500 2493 2486
f 2499 2493 2500
f 2497 2490 2499 2500
f 2490 2502 2504 2499
f 2508 2502 2489
f 2504 2508 2503
f 2502 2508 2504
f 2502 2511 2489
f 2511 2488 2434
f 2488 2502 2490
f 2502 2488 2511
f 2488 2515 2434
f 2515 2433 2327
f 2433 2488 2435
f 2488 2433 2515
f 2433 2519 2327
f 2519 232 87
f 232 2433 2328
f 2433 232 2519
f 88 2423 2425 2424
f 2424 2425 2332 2273
f 2420 2399 2326
f 2425 2420 2332
f 2399 2420 2425
f 2423 2324 2399 2425
f 2353 2421 2335
f 2421 2273 2332
f 2273 2353 2333
f 2353 2273 2421
f 2333 2353 2356 2354
f 2349 2356 2329
f 2354 2349 2018
f 2356 2349 2354
f 2372 2355 2323
f 2356 2372 2329
f 2355 2372 2356
f 2353 2335 2355 2356
f 2417 2335 2382
f 2355 2417 2384
f 2335 2417 2355
f 2382 2416 2419 2417
f 2417 2419 2418 2384
f 2414 2419 2391
f 2418 2414 2383
f 2419 2414 2418
f 2416 2334 2391 2419
f 2332 2420 2422 2421
f 2421 2422 2382 2335
f 2416 2395 2334
f 2422 2416 2382
f 2395 2416 2422
f 2420 2326 2395 2422
f 2326 2394 2397 2395
f 2390 2397 2388
f 2395 2390 2334
f 2397 2390 2395
f 2409 2428 2386
f 2428 2397 2396
f 2397 2409 2388
f 2409 2397 2428
f 2394 2385 2396 2397
f 2413 2390 2393
f 2334 2413 2391
f 2390 2413 2334
f 2391 2413 2415 2414
f 2415 2383 2414
f 2389 2415 2411
f 2411 2415 2407
f 2413 2393 2407 2415
f 2410 2406 2408
f 2393 2410 2407
f 2406 2410 2393
f 2407 2410 2412 2411
f 2406 2388 2392
f 2390 2406 2393
f 2388 2406 2390
f 2426 2396 2385
f 2396 2427 2429 2428
f 2324 2398 2401 2399
f 2394 2449 2385
f 2449 2399 2401
f 2399 2394 2326
f 2394 2399 2449
f 2401 2448 2450 2449
f 2449 2450 2426 2385
f 2445 2450 2440
f 2426 2445 2325
f 2450 2445 2426
f 2448 2400 2440 2450
f 2448 2255 2400
f 2398 2448 2401
f 2255 2448 2398
f 2018 2349 2352 2350
f 2344 2379 2336
f 2379 2350 2352
f 2350 2344 2330
f 2344 2350 2379
f 2352 2378 2381 2379
f 2374 2381 2361
f 2379 2374 2336
f 2381 2374 2379
f 2381 2380 2331 2361
f 2378 2351 2380 2381
f 2378 2329 2351
f 2349 2378 2352
f 2329 2378 2349
f 2330 2344 2348 2345
f 2366 2345 2348
f 2337 2366 2346
f 2345 2366 2337
f 2348 2365 2368 2366
f 2366 2368 2367 2346
f 2365 2347 2364 2368
f 2365 2375 2347
f 2375 2344 2336
f 2344 2365 2348
f 2365 2344 2375
f 2336 2374 2377 2375
f 2375 2377 2363 2347
f 2369 2376 2362
f 2377 2369 2363
f 2376 2369 2377
f 2374 2361 2376 2377
f 2363 2364 2347
f 2363 2369 2371 2370
f 2329 2372 2373 2351
f 2323 2373 2372
f 2439 2470 2432
f 2470 2255 2431
f 2255 2439 2400
f 2439 2255 2470
f 2444 2439 2442
f 2400 2444 2440
f 2439 2444 2400
f 2440 2444 2447 2445
f 2457 2445 2447
f 2325 2457 2438
f 2445 2457 2325
f 2447 2456 2459 2457
f 2457 2459 2443 2438
f 2451 2463 2430
f 2463 2459 2458
f 2459 2451 2443
f 2451 2459 2463
f 2456 2446 2458 2459
f 2456 2442 2446
f 2444 2456 2447
f 2442 2456 2444
f 2460 2452 2453
f 2442 2460 2446
f 2452 2460 2442
f 2462 2460 2461
f 2446 2462 2458
f 2460 2462 2446
f 2458 2462 2464 2463
f 2452 2466 2441
f 2466 2439 2432
f 2439 2452 2442
f 2452 2439 2466
f 2432 2465 2468 2466
f 2479 2465 2454
f 2468 2479 2467
f 2465 2479 2468
f 2454 2478 2481 2479
f 2478 2477 2480 2481
f 2431 2469 2472 2470
f 2465 2483 2454
f 2483 2470 2472
f 2470 2465 2432
f 2465 2470 2483
f 2472 2482 2485 2483
f 2478 2485 2477
f 2483 2478 2454
f 2485 2478 2483
f 2482 2471 2484 2485
f 2482 2387 2471
f 2469 2482 2472
f 2387 2482 2469
f 2494 2387 2486
f 2471 2494 2487
f 2387 2494 2471
f 2486 2493 2496 2494
f 2501 2455 2495
f 2493 2501 2496
f 2455 2501 2493
f 87 2518 2521 2519
f 2514 2521 2491
f 2519 2514 2327
f 2521 2514 2519
f 2527 2568 2437
f 2568 2521 2520
f 2521 2527 2491
f 2527 2521 2568
f 2610 2518 2436
f 2521 2610 2520
f 2518 2610 2521
f 2327 2514 2517 2515
f 2510 2543 2505
f 2543 2515 2517
f 2515 2510 2434
f 2510 2515 2543
f 2517 2542 2544 2543
f 2558 2543 2544
f 2505 2558 2524
f 2543 2558 2505
f 2544 2557 2559 2558
f 2558 2559 2545 2524
f 2554 2559 2539
f 2545 2554 2492
f 2559 2554 2545
f 2557 2532 2539 2559
f 2557 2516 2532
f 2542 2557 2544
f 2516 2557 2542
f 2542 2491 2516
f 2514 2542 2517
f 2491 2542 2514
f 2434 2510 2513 2511
f 2507 2513 2506
f 2511 2507 2489
f 2513 2507 2511
f 2510 2505 2512 2513
f 2489 2507 2509 2508
f 2506 2509 2507
f 2546 2505 2524
f 2512 2546 2525
f 2505 2546 2512
f 2524 2545 2547 2546
f 2536 2545 2492
f 2547 2536 2530
f 2545 2536 2547
f 2550 2492 2535
f 2536 2550 2537
f 2492 2550 2536
f 2535 2549 2552 2550
f 2550 2552 2548 2537
f 2549 2529 2551 2552
f 2531 2527 2528
f 2491 2531 2516
f 2527 2531 2491
f 2538 2531 2534
f 2516 2538 2532
f 2531 2538 2516
f 2553 2538 2541
f 2532 2553 2539
f 2538 2553 2532
f 2539 2553 2556 2554
f 2554 2556 2535 2492
f 2549 2555 2529
f 2556 2549 2535
f 2555 2549 2556
f 2553 2541 2555 2556
f 2538 2534 2540 2541
f 2531 2528 2533 2534
f 2437 2528 2527
f 2437 2564 2566 2565
f 2436 2609 2612 2610
f 2610 2612 2567 2520
f 2605 2611 2563
f 2612 2605 2567
f 2611 2605 2612
f 2609 2561 2611 2612
f 2606 2520 2567
f 2568 2606 2570
f 2520 2606 2568
f 2564 2573 2560
f 2573 2568 2570
f 2568 2564 2437
f 2564 2568 2573
f 2602 2570 2572
f 2573 2602 2575
f 2570 2602 2573
f 2582 2573 2575
f 2560 2582 2571
f 2573 2582 2560
f 2598 2575 2581
f 2582 2598 2584
f 2575 2598 2582
f 2584 2571 2582
f 2594 2584 2587
f 2588 2594 2589
f 2584 2594 2588
f 2587 2593 2596 2594
f 2618 2594 2596
f 2589 2618 2591
f 2594 2618 2589
f 2596 2617 2621 2618
f 2637 2618 2621
f 2591 2637 2619
f 2618 2637 2591
f 2621 2636 2638 2637
f 2620 2638 2636
f 2636 2595 2620
f 2617 2636 2621
f 2595 2636 2617
f 2617 2583 2595
f 2593 2617 2596
f 2583 2617 2593
f 2581 2597 2600 2598
f 2598 2600 2587 2584
f 2593 2599 2583
f 2600 2593 2587
f 2599 2593 2600
f 2597 2574 2599 2600
f 2572 2601 2604 2602
f 2602 2604 2581 2575
f 2597 2603 2574
f 2604 2597 2581
f 2603 2597 2604
f 2601 2569 2603 2604
f 2567 2605 2608 2606
f 2606 2608 2572 2570
f 2601 2607 2569
f 2608 2601 2572
f 2607 2601 2608
f 2605 2563 2607 2608
f 2563 2630 2632 2607
f 2627 2672 2585
f 2672 2607 2632
f 2607 2627 2569
f 2627 2607 2672
f 2632 2671 2673 2672
f 2672 2673 2642 2585
f 2667 2656 2577
f 2673 2667 2642
f 2656 2667 2673
f 2671 2631 2656 2673
f 2671 2576 2631
f 2630 2671 2632
f 2576 2671 2630
f 2569 2627 2629 2603
f 2624 2629 2590
f 2603 2624 2574
f 2629 2624 2603
f 2629 2628 2586 2590
f 2627 2585 2628 2629
f 2574 2624 2626 2599
f 2622 2626 2592
f 2599 2622 2583
f 2626 2622 2599
f 2624 2590 2625 2626
f 2639 2622 2623
f 2583 2639 2595
f 2622 2639 2583
f 2641 2639 2640
f 2595 2641 2620
f 2639 2641 2595
f 2668 2585 2642
f 2628 2668 2644
f 2585 2668 2628
f 2642 2667 2670 2668
f 2668 2670 2669 2644
f 2665 2670 2652
f 2669 2665 2643
f 2670 2665 2669
f 2667 2577 2652 2670
f 2664 2651 2654
f 2577 2664 2652
f 2651 2664 2577
f 2652 2664 2666 2665
f 2666 2643 2665
f 2664 2654 2660 2666
f 2659 2660 2654
f 2662 2663 2660
f 2659 2647 2653
f 2651 2659 2654
f 2647 2659 2651
f 2655 2718 2650
f 2718 2576 2648
f 2576 2655 2631
f 2655 2576 2718
f 2631 2655 2658 2656
f 2651 2658 2647
f 2656 2651 2577
f 2658 2651 2656
f 2661 2657 2645
f 2658 2661 2647
f 2657 2661 2658
f 2655 2650 2657 2658
f 2650 2694 2695 2657
f 2649 2695 2694
f 2648 2717 2719 2718
f 2718 2719 2694 2650
f 2715 2719 2687
f 2694 2715 2649
f 2719 2715 2694
f 2717 2562 2687 2719
f 2561 2633 2635 2611
f 2630 2721 2576
f 2721 2611 2635
f 2611 2630 2563
f 2630 2611 2721
f 2635 2720 2722 2721
f 2721 2722 2648 2576
f 2717 2691 2562
f 2722 2717 2648
f 2691 2717 2722
f 2720 2634 2691 2722
f 2720 4 2634
f 2633 2720 2635
f 4 2720 2633
f 6 343 347 344
f 344 347 345 176
f 347 346 179 345
f 343 175 346 347
f 176 345 351 348
f 348 351 349 90
f 351 350 177 349
f 345 179 350 351
f 350 91 177
f 178 350 179
f 91 350 178
f 346 178 179
f 89 346 175
f 178 346 89
f 90 349 355 352
f 352 355 353 180
f 355 354 183 353
f 349 177 354 355
f 180 353 1997 1995
f 1995 1997 1792 1
f 1991 1996 181
f 1997 1991 1792
f 1996 1991 1997
f 353 183 1996 1997
f 183 2015 2017 1996
f 2012 2134 1935
f 2134 1996 2017
f 1996 2012 181
f 2012 1996 2134
f 2017 2133 2136 2134
f 2129 2136 2080
f 2134 2129 1935
f 2136 2129 2134
f 2151 2234 78
f 2234 2136 2135
f 2136 2151 2080
f 2151 2136 2234
f 2133 2016 2135 2136
f 2133 182 2016
f 2015 2133 2017
f 182 2133 2015
f 2288 2015 354
f 354 2015 183
f 2015 2288 182
f 2288 354 177 91
f 91 2287 2289 2288
f 2288 2289 2115 182
f 2284 2272 2019
f 2289 2284 2115
f 2272 2284 2289
f 2287 185 2272 2289
f 2179 2285 2117
f 2285 182 2115
f 182 2179 2016
f 2179 182 2285
f 2233 2179 2181
f 2016 2233 2135
f 2179 2233 2016
f 2135 2233 2236 2234
f 2234 2236 2176 78
f 2229 2235 2114
f 2236 2229 2176
f 2235 2229 2236
f 2233 2181 2235 2236
f 2181 2247 2249 2235
f 2244 2249 2218
f 2235 2244 2114
f 2249 2244 2235
f 2260 2248 2052
f 2249 2260 2218
f 2248 2260 2249
f 2247 2180 2248 2249
f 2247 2117 2180
f 2179 2247 2181
f 2117 2247 2179
f 2282 2117 2250
f 2180 2282 2252
f 2117 2282 2180
f 2294 2261 2290
f 2291 2294 2292
f 2261 2294 2291
f 2290 2293 2295 2294
f 2300 2293 2251
f 2295 2300 2276
f 2293 2300 2295
f 2250 2281 2283 2282
f 2297 2282 2283
f 2252 2297 2261
f 2282 2297 2252
f 2283 2296 2298 2297
f 2297 2298 2290 2261
f 2293 2304 2251
f 2304 2298 2278
f 2298 2293 2290
f 2293 2298 2304
f 2296 2264 2278 2298
f 2296 2116 2264
f 2281 2296 2283
f 2116 2296 2281
f 2115 2284 2286 2285
f 2285 2286 2250 2117
f 2281 2268 2116
f 2286 2281 2250
f 2268 2281 2286
f 2284 2019 2268 2286
f 2019 2267 2270 2268
f 2263 2320 2262
f 2320 2268 2270
f 2268 2263 2116
f 2263 2268 2320
f 2270 2319 2321 2320
f 2320 2321 2310 2262
f 2317 2321 2314
f 2310 2317 2254
f 2321 2317 2310
f 2319 2269 2314 2321
f 2319 2253 2269
f 2267 2319 2270
f 2253 2319 2267
f 2277 2263 2266
f 2116 2277 2264
f 2263 2277 2116
f 2303 2277 2280
f 2264 2303 2278
f 2277 2303 2264
f 2278 2303 2306 2304
f 2299 2306 2275
f 2304 2299 2251
f 2306 2299 2304
f 2305 2275 2306
f 2303 2280 2305 2306
f 2277 2266 2279 2280
f 2263 2262 2265 2266
f 2251 2299 2302 2300
f 2302 2307 2309 2308
f 2307 2275 2301
f 2299 2307 2302
f 2275 2307 2299
f 2313 2339 2312
f 2339 2253 2311
f 2253 2313 2269
f 2313 2253 2339
f 2316 2313 2315
f 2269 2316 2314
f 2313 2316 2269
f 2314 2316 2318 2317
f 2315 2318 2316
f 2311 2338 2340 2339
f 2358 2339 2340
f 2312 2358 2322
f 2339 2358 2312
f 2340 2357 2360 2358
f 2358 2360 2359 2322
f 2345 2357 2330
f 2360 2345 2337
f 2357 2345 2360
f 2357 2350 2330
f 2350 2338 2018
f 2338 2357 2340
f 2357 2338 2350
f 185 2271 2274 2272
f 2267 2342 2253
f 2342 2272 2274
f 2272 2267 2019
f 2267 2272 2342
f 2274 2341 2343 2342
f 2342 2343 2311 2253
f 2338 2354 2018
f 2354 2343 2333
f 2343 2338 2311
f 2338 2343 2354
f 2341 2273 2333 2343
f 2341 2424 2273
f 2424 2271 88
f 2271 2341 2274
f 2341 2271 2424
f 89 184 187 178
f 2287 187 185
f 178 2287 91
f 187 2287 178
f 2271 2403 88
f 2403 187 186
f 187 2271 185
f 2271 187 2403
f 184 5 186 187
f 7 356 360 357
f 357 360 358 189
f 360 359 192 358
f 356 188 359 360
f 189 358 364 361
f 361 364 362 93
f 364 363 190 362
f 358 192 363 364
f 366 363 192
f 363 94 190
f 94 366 191
f 366 94 363
f 188 365 368 359
f 359 368 366 192
f 368 367 191 366
f 365 92 367 368
f 362 193 93
f 196 362 190
f 193 362 196
f 193 196 194 2
f 196 195 79 194
f 190 94 195 196
f 94 197 199 195
f 1621 199 198
f 195 1621 79
f 199 1621 195
f 1651 1995 1
f 1995 199 180
f 199 1651 198
f 1651 199 1995
f 352 375 90
f 375 199 197
f 199 352 180
f 352 199 375
f 92 369 372 367
f 367 372 370 191
f 372 371 201 370
f 369 200 371 372
f 374 370 201
f 370 94 191
f 94 374 197
f 374 94 370
f 201 373 376 374
f 374 376 375 197
f 376 348 90 375
f 373 176 348 376
f 200 377 378 371
f 371 378 373 201
f 378 344 176 373
f 377 6 344 378
f 8 268 385 384
f 384 385 202 96
f 380 385 211
f 202 380 97
f 385 380 202
f 268 95 211 385
f 96 202 206 203
f 203 206 204 3
f 206 205 82 204
f 202 97 205 206
f 381 205 97
f 209 381 207
f 205 381 209
f 205 209 208 82
f 209 193 2 208
f 387 209 207
f 193 387 93
f 209 387 193
f 379 390 212
f 390 95 210
f 95 379 211
f 379 95 390
f 211 379 383 380
f 380 383 381 97
f 383 382 207 381
f 379 212 382 383
f 212 386 388 382
f 382 388 387 207
f 388 361 93 387
f 386 189 361 388
f 210 389 391 390
f 390 391 386 212
f 391 357 189 386
f 389 7 357 391
f 10520 10846 10375
f 10846 10522 10525
f 10522 10520 9
f 10520 10522 10846
f 10375 10846 10849 10615
f 10844 10847 99
f 10849 10844 10615
f 10847 10844 10849
f 10849 10848 10523 10847
f 10846 10525 10848 10849
f 10848 100 10523
f 10524 10848 10525
f 100 10848 10524
f 10522 98 10524 10525
f 10908 11052 10740
f 11052 10847 10912
f 10847 10908 99
f 10908 10847 11052
f 11050 11055 10997
f 11052 11050 10740
f 11055 11050 11052
f 11071 11104 10499
f 11104 11055 11053
f 11055 11071 10997
f 11071 11055 11104
f 11055 11054 10910 11053
f 11052 10912 11054 11055
f 11054 11191 10910
f 11191 10911 10743
f 10911 11054 10912
f 11054 10911 11191
f 10847 10523 10911 10912
f 11102 11107 11086
f 11104 11102 10499
f 11107 11102 11104
f 11125 11105 11033
f 11107 11125 11086
f 11105 11125 11107
f 11107 11106 11090 11105
f 11104 11053 11106 11107
f 11128 11135 11094
f 11135 11105 11131
f 11105 11128 11033
f 11128 11105 11135
f 11143 11179 11181 11146
f 11181 11180 11136 11148
f 11179 11142 11180 11181
f 11179 11138 11142
f 11141 11179 11143
f 11138 11179 11141
f 11138 11182 11184 11142
f 11180 11205 11136
f 11205 11184 11152
f 11184 11180 11142
f 11180 11184 11205
f 11184 11183 11129 11152
f 11182 11137 11183 11184
f 11182 11131 11137
f 11135 11182 11138
f 11131 11182 11135
f 11131 11185 11187 11137
f 11183 11156 11129
f 11187 11183 11137
f 11156 11183 11187
f 11187 11186 11088 11156
f 11185 11130 11186 11187
f 11185 11090 11130
f 11105 11185 11131
f 11090 11185 11105
f 11090 11188 11190 11130
f 11186 11160 11088
f 11190 11186 11130
f 11160 11186 11190
f 11190 11189 11036 11160
f 11188 11089 11189 11190
f 11106 11188 11090
f 11188 10910 11089
f 10910 11106 11053
f 11106 10910 11188
f 11218 11217 11195 11216
f 11202 11147 11217 11218
f 11209 11177 11151
f 11178 11209 11176
f 11177 11209 11178
f 11175 11148 11177 11178
f 11215 11214 11149 11213
f 11212 11200 11214 11215
f 11211 11210 11194 11199
f 11209 11151 11210 11211
f 11210 11225 11194
f 11225 11201 11204
f 11201 11210 11151
f 11210 11201 11225
f 11194 11225 11228 11200
f 11214 11226 11149
f 11228 11214 11200
f 11226 11214 11228
f 11228 11227 11202 11226
f 11225 11204 11227 11228
f 11227 11147 11202
f 11203 11227 11204
f 11147 11227 11203
f 11201 11150 11203 11204
f 11177 11201 11151
f 11201 11136 11150
f 11136 11177 11148
f 11177 11136 11201
f 11224 11223 11140 11222
f 11153 11144 11223 11224
f 11136 11205 11208 11150
f 11203 11206 11147
f 11208 11203 11150
f 11206 11203 11208
f 11208 11207 11155 11206
f 11205 11152 11207 11208
f 11217 11221 11195
f 11206 11217 11147
f 11221 11217 11206
f 11195 11221 11219 11145
f 11221 11220 11153 11219
f 11206 11155 11220 11221
f 11220 11144 11153
f 11154 11220 11155
f 11144 11220 11154
f 11207 11154 11155
f 11129 11207 11152
f 11154 11207 11129
f 11229 11233 11196
f 11233 11157 11232
f 11157 11229 11140
f 11229 11157 11233
f 11241 11236 11242 11243
f 11242 11230 11234
f 11235 11242 11236
f 11230 11242 11235
f 11233 11232 11235 11236
f 11235 11133 11230
f 11231 11235 11232
f 11133 11235 11231
f 11157 11139 11231 11232
f 11154 11159 11144
f 11156 11154 11129
f 11159 11154 11156
f 11223 11157 11140
f 11159 11223 11144
f 11157 11223 11159
f 11159 11158 11139 11157
f 11156 11088 11158 11159
f 11237 11230 11133
f 11237 11240 11197
f 11161 11237 11133
f 11240 11237 11161
f 11274 11239 11034
f 11240 11274 11238
f 11239 11274 11240
f 11161 11132 11239 11240
f 11158 11163 11139
f 11160 11158 11088
f 11163 11158 11160
f 11231 11161 11133
f 11163 11231 11139
f 11161 11231 11163
f 11163 11162 11132 11161
f 11160 11036 11162 11163
f 11162 11167 11132
f 11164 11162 11036
f 11167 11162 11164
f 11239 11266 11034
f 11266 11167 11165
f 11167 11239 11132
f 11239 11167 11266
f 11167 11166 10741 11165
f 11164 11035 11166 11167
f 10910 11191 11193 11089
f 11189 11164 11036
f 11193 11189 11089
f 11164 11189 11193
f 11193 11192 11035 11164
f 11191 10743 11192 11193
f 11192 11171 11035
f 11168 11192 10743
f 11171 11192 11168
f 11166 11169 10741
f 11171 11166 11035
f 11169 11166 11171
f 11171 11170 85 11169
f 11168 10742 11170 11171
f 10911 11168 10743
f 11168 100 10742
f 100 10911 10523
f 10911 100 11168
f 100 11172 11174 10742
f 11170 11173 85
f 11174 11170 10742
f 11173 11170 11174
f 11174 203 3 11173
f 11172 96 203 11174
f 282 384 11172 10524
f 282 10524 98
f 10524 11172 100
f 11172 384 96
f 384 282 8
f 10477 10464 10478 10479
f 10478 10491 10470
f 10491 10480 10483
f 10480 10478 10464
f 10478 10480 10491
f 10491 10483 10492 10493
f 10492 10465 10481
f 10482 10492 10483
f 10465 10492 10482
f 10480 123 10482 10483
f 11117 11110 11113
f 11092 11117 11095
f 11110 11117 11092
f 11095 11117 11120 11109
f 11120 11119 11111 11118
f 11117 11113 11119 11120
f 11119 11099 11111
f 11112 11119 11113
f 11099 11119 11112
f 11110 11096 11112 11113
f 11127 11121 11122
f 11099 11127 11111
f 11121 11127 11099
f 11121 11087 11097
f 11098 11121 11099
f 11087 11121 11098
f 11112 11098 11099
f 11091 11112 11096
f 11098 11112 11091
f 11083 11114 11116 11108
f 11110 11116 11096
f 11108 11110 11092
f 11116 11110 11108
f 11116 11115 11091 11096
f 11114 11070 11115 11116
f 11123 11126 11093
f 11101 11123 11087
f 11126 11123 11101
f 11126 11125 11033 11124
f 11101 11086 11125 11126
f 11115 11103 11091
f 11100 11115 11070
f 11103 11115 11100
f 11098 11101 11087
f 11103 11098 11091
f 11101 11098 11103
f 11103 11102 11086 11101
f 11100 10499 11102 11103
f 11026 11025 11017
f 11026 11005 11015
f 11016 11026 11017
f 11005 11026 11016
f 11014 11002 11016 11017
f 11027 10996 11003
f 11004 11027 11005
f 10996 11027 11004
f 11016 11004 11005
f 10948 11016 11002
f 11004 11016 10948
f 11013 11018 11021 11019
f 11014 11021 11002
f 11019 11014 10995
f 11021 11014 11019
f 11021 11020 10948 11002
f 11018 11012 11020 11021
f 11018 10820 11012
f 10954 11018 11013
f 10820 11018 10954
f 10926 10991 10994 10992
f 10987 10994 10949
f 10992 10987 10924
f 10994 10987 10992
f 10994 10993 10906 10949
f 10991 10925 10993 10994
f 10991 10839 10925
f 10914 10991 10926
f 10839 10991 10914
f 10924 10987 10990 10988
f 10990 10989 10952 10961
f 10987 10949 10989 10990
f 10984 10961 10985 10986
f 10966 10963 10967 10968
f 10967 10972 10965
f 10969 10967 10963
f 10972 10967 10969
f 10972 10971 10950 10970
f 10969 10962 10971 10972
f 10985 10969 10963
f 10969 10952 10962
f 10952 10985 10961
f 10985 10952 10969
f 10952 10973 10976 10962
f 10971 10974 10950
f 10976 10971 10962
f 10974 10971 10976
f 10976 10975 10947 10974
f 10973 10951 10975 10976
f 10989 10973 10952
f 10973 10906 10951
f 10906 10989 10949
f 10989 10906 10973
f 10906 10977 10980 10951
f 10975 10978 10947
f 10980 10975 10951
f 10978 10975 10980
f 10980 10979 10956 10978
f 10977 10953 10979 10980
f 10978 10964 10947
f 10964 10954 10904
f 10954 10978 10956
f 10978 10954 10964
f 10956 10955 10820 10954
f 10979 10955 10956
f 10905 10979 10953
f 10955 10979 10905
f 10839 10981 10983 10925
f 10993 10977 10906
f 10977 10983 10953
f 10983 10993 10925
f 10993 10983 10977
f 10983 10982 10905 10953
f 10981 10614 10982 10983
f 11065 11040 11043
f 11029 11065 11030
f 11040 11065 11029
f 11030 11065 11067 11039
f 11067 11066 11041 11061
f 11065 11043 11066 11067
f 11066 11011 11041
f 11042 11066 11043
f 11011 11066 11042
f 11040 11028 11042 11043
f 11040 10999 11028
f 11007 11040 11029
f 10999 11040 11007
f 11064 11062 11063
f 11041 11064 11061
f 11062 11064 11041
f 11062 11056 11057
f 11011 11062 11041
f 11056 11062 11011
f 11056 11060 11031
f 11045 11056 11011
f 11060 11056 11045
f 11060 11059 10998 11058
f 11045 11010 11059 11060
f 10999 11044 11047 11028
f 11042 11045 11011
f 11047 11042 11028
f 11045 11042 11047
f 11047 11046 11010 11045
f 11044 10907 11046 11047
f 11077 11069 11074
f 11077 11076 11032 11075
f 11074 11068 11076 11077
f 11074 10998 11068
f 11058 11074 11069
f 10998 11074 11058
f 10998 11078 11081 11068
f 11076 11079 11032
f 11081 11076 11068
f 11079 11076 11081
f 11081 11080 11072 11079
f 11078 11049 11080 11081
f 11082 11085 11073
f 11079 11082 11032
f 11085 11082 11079
f 11114 11084 11070
f 11085 11114 11083
f 11084 11114 11085
f 11079 11072 11084 11085
f 11084 11100 11070
f 11100 11071 10499
f 11071 11084 11072
f 11084 11071 11100
f 11080 11071 11072
f 10997 11080 11049
f 11071 11080 10997
f 11046 11051 11010
f 11048 11046 10907
f 11051 11046 11048
f 11059 11078 10998
f 11078 11051 11049
f 11051 11059 11010
f 11059 11051 11078
f 11051 11050 10997 11049
f 11048 10740 11050 11051
f 10982 10960 10905
f 10957 10982 10614
f 10960 10982 10957
f 10955 11022 10820
f 11022 10960 10958
f 10960 10955 10905
f 10955 10960 11022
f 10960 10959 10909 10958
f 10957 10843 10959 10960
f 10820 11022 11024 11012
f 11020 11006 10948
f 11024 11020 11012
f 11006 11020 11024
f 11024 11023 11001 11006
f 11022 10958 11023 11024
f 11004 11009 10996
f 11006 11004 10948
f 11009 11004 11006
f 11009 11008 10999 11007
f 11006 11001 11008 11009
f 11008 11044 10999
f 11044 11000 10907
f 11000 11008 11001
f 11008 11000 11044
f 11023 11000 11001
f 10909 11023 10958
f 11000 11023 10909
f 11000 11048 10907
f 11048 10908 10740
f 10908 11000 10909
f 11000 10908 11048
f 10959 10908 10909
f 99 10959 10843
f 10908 10959 99
f 10482 10533 10465
f 10533 10484 10487
f 10484 10482 123
f 10482 10484 10533
f 10465 10533 10535 10494
f 10529 10534 10485
f 10535 10529 10500
f 10534 10529 10535
f 10533 10487 10534 10535
f 10534 10506 10485
f 10506 10486 10469
f 10486 10534 10487
f 10534 10486 10506
f 10484 10466 10486 10487
f 10528 10539 10542 10536
f 10542 10541 10505 10540
f 10539 10527 10541 10542
f 10539 10503 10527
f 10526 10539 10528
f 10503 10539 10526
f 10503 10543 10546 10527
f 10541 10544 10505
f 10546 10541 10527
f 10544 10541 10546
f 10546 10545 10504 10544
f 10543 10501 10545 10546
f 10500 10529 10532 10530
f 10526 10532 10503
f 10530 10526 10502
f 10532 10526 10530
f 10543 10531 10501
f 10532 10543 10503
f 10531 10543 10532
f 10529 10485 10531 10532
f 10507 10495 10537 10538
f 10531 10547 10501
f 10547 10506 10509
f 10506 10531 10485
f 10531 10506 10547
f 10545 10550 10504
f 10547 10545 10501
f 10550 10545 10547
f 10504 10550 10548 10496
f 10550 10549 10507 10548
f 10547 10509 10549 10550
f 10549 10495 10507
f 10508 10549 10509
f 10495 10549 10508
f 10506 10469 10508 10509
f 10508 10592 10495
f 10592 10510 10513
f 10510 10508 10469
f 10508 10510 10592
f 10495 10592 10594 10537
f 10588 10594 10556
f 10537 10588 10467
f 10594 10588 10537
f 10594 10593 10511 10556
f 10592 10513 10593 10594
f 10593 10572 10511
f 10572 10512 10463
f 10512 10593 10513
f 10593 10512 10572
f 10510 10468 10512 10513
f 10486 10510 10469
f 10510 10386 10468
f 10386 10486 10466
f 10486 10386 10510
f 10643 10642 10620 10641
f 10627 10602 10642 10643
f 10642 10646 10620
f 10631 10642 10602
f 10646 10642 10631
f 10646 10645 10609 10644
f 10631 10497 10645 10646
f 10467 10588 10591 10589
f 10584 10590 10559
f 10591 10584 10560
f 10590 10584 10591
f 10588 10556 10590 10591
f 10598 10560 10585 10599
f 10595 10583 10596 10597
f 10596 10567 10581
f 10582 10596 10583
f 10567 10596 10582
f 10580 10565 10582 10583
f 10582 10566 10567
f 10561 10582 10565
f 10566 10582 10561
f 10560 10584 10587 10585
f 10580 10587 10565
f 10585 10580 10562
f 10587 10580 10585
f 10587 10586 10561 10565
f 10584 10559 10586 10587
f 10586 10571 10561
f 10568 10586 10559
f 10571 10586 10568
f 10566 10569 10557
f 10571 10566 10561
f 10569 10566 10571
f 10571 10570 10552 10569
f 10568 10558 10570 10571
f 10590 10568 10559
f 10568 10511 10558
f 10511 10590 10556
f 10590 10511 10568
f 10569 10552 10600 10601
f 10600 10605 10563
f 10605 10573 10604
f 10573 10600 10552
f 10600 10573 10605
f 10608 10563 10605
f 10638 10621 10625
f 10619 10638 10622
f 10621 10638 10619
f 10638 10625 10639 10640
f 10639 10606 10623
f 10624 10639 10625
f 10606 10639 10624
f 10621 10618 10624 10625
f 10621 10608 10618
f 10617 10621 10619
f 10608 10621 10617
f 10608 10626 10629 10618
f 10624 10627 10606
f 10629 10624 10618
f 10627 10624 10629
f 10629 10628 10602 10627
f 10626 10607 10628 10629
f 10626 10604 10607
f 10605 10626 10608
f 10604 10626 10605
f 10604 10630 10633 10607
f 10628 10631 10602
f 10633 10628 10607
f 10631 10628 10633
f 10633 10632 10497 10631
f 10630 10603 10632 10633
f 10630 10551 10603
f 10573 10630 10604
f 10551 10630 10573
f 10511 10572 10575 10558
f 10570 10573 10552
f 10575 10570 10558
f 10573 10570 10575
f 10575 10574 10551 10573
f 10572 10463 10574 10575
f 10574 10634 10551
f 10634 10576 10579
f 10576 10574 10463
f 10574 10576 10634
f 10551 10634 10637 10603
f 10632 10635 10497
f 10637 10632 10603
f 10635 10632 10637
f 10637 10636 10577 10635
f 10634 10579 10636 10637
f 10636 10555 10577
f 10578 10636 10579
f 10555 10636 10578
f 10576 10515 10578 10579
f 10645 10661 10609
f 10661 10635 10649
f 10635 10645 10497
f 10645 10635 10661
f 10669 10661 10663
f 10609 10669 10650
f 10661 10669 10609
f 10650 10669 10672 10670
f 10664 10672 10657
f 10670 10664 10564
f 10672 10664 10670
f 10672 10671 10654 10657
f 10669 10663 10671 10672
f 10671 10647 10654
f 10662 10671 10663
f 10647 10671 10662
f 10661 10649 10662 10663
f 10662 10612 10647
f 10648 10662 10649
f 10612 10662 10648
f 10635 10577 10648 10649
f 10564 10664 10668 10665
f 10668 10667 10660 10666
f 10664 10657 10667 10668
f 10673 10656 10658
f 10659 10673 10660
f 10656 10673 10659
f 10667 10659 10660
f 10654 10667 10657
f 10659 10667 10654
f 10659 10655 10656
f 10647 10659 10654
f 10655 10659 10647
f 10712 10716 10610
f 10717 10712 10674
f 10716 10712 10717
f 10715 10651 10716 10717
f 10655 10715 10652
f 10715 10612 10651
f 10612 10655 10647
f 10655 10612 10715
f 10612 10693 10695 10651
f 10716 10689 10610
f 10689 10695 10676
f 10695 10716 10651
f 10716 10695 10689
f 10695 10694 10553 10676
f 10693 10611 10694 10695
f 10648 10693 10612
f 10693 10555 10611
f 10555 10648 10577
f 10648 10555 10693
f 10555 10696 10698 10611
f 10694 10679 10553
f 10698 10694 10611
f 10679 10694 10698
f 10698 10697 10376 10679
f 10696 10554 10697 10698
f 10578 10696 10555
f 10696 10462 10554
f 10462 10578 10515
f 10578 10462 10696
f 10386 10514 10517 10468
f 10512 10576 10463
f 10576 10517 10515
f 10517 10512 10468
f 10512 10517 10576
f 10517 10516 10462 10515
f 10514 10337 10516 10517
f 10830 10829 10813 10828
f 10822 10798 10829 10830
f 10829 10812 10813
f 10780 10829 10798
f 10812 10829 10780
f 10825 10811 10826 10827
f 10826 10785 10809
f 10810 10826 10811
f 10785 10826 10810
f 10808 10795 10810 10811
f 10808 10792 10795
f 10794 10808 10796
f 10792 10808 10794
f 10821 10797 10800
f 10787 10821 10792
f 10797 10821 10787
f 10792 10821 10824 10795
f 10810 10822 10785
f 10824 10810 10795
f 10822 10810 10824
f 10824 10823 10798 10822
f 10821 10800 10823 10824
f 10823 10780 10798
f 10799 10823 10800
f 10780 10823 10799
f 10797 10786 10799 10800
f 10797 10498 10786
f 10784 10797 10787
f 10498 10797 10784
f 10720 10688 10721 10722
f 10718 10720 10703
f 10720 10704 10688
f 10704 10718 10705
f 10718 10704 10720
f 10702 10675 10704 10705
f 10702 10713 10675
f 10714 10702 10687
f 10713 10702 10714
f 10712 10610 10713 10714
f 10713 10706 10675
f 10706 10689 10692
f 10689 10713 10610
f 10713 10689 10706
f 10704 10723 10688
f 10723 10706 10709
f 10706 10704 10675
f 10704 10706 10723
f 10721 10726 10719
f 10723 10721 10688
f 10726 10721 10723
f 10726 10725 10707 10724
f 10723 10709 10725 10726
f 10725 10690 10707
f 10708 10725 10709
f 10690 10725 10708
f 10706 10692 10708 10709
f 10708 10678 10690
f 10691 10708 10692
f 10678 10708 10691
f 10689 10676 10691 10692
f 10707 10690 10727 10728
f 10727 10710 10711
f 10678 10727 10690
f 10710 10727 10678
f 10653 10678 10677
f 10691 10677 10678
f 10553 10691 10676
f 10677 10691 10553
f 10777 10758 10761
f 10736 10777 10752
f 10758 10777 10736
f 10752 10777 10779 10757
f 10779 10778 10759 10771
f 10777 10761 10778 10779
f 10778 10730 10759
f 10760 10778 10761
f 10730 10778 10760
f 10758 10735 10760 10761
f 10758 10732 10735
f 10734 10758 10736
f 10732 10758 10734
f 10734 10680 10732
f 10731 10734 10733
f 10680 10734 10731
f 10774 10771 10775 10776
f 10775 10772 10773
f 10759 10775 10771
f 10772 10775 10759
f 10772 10766 10767
f 10730 10772 10759
f 10766 10772 10730
f 10766 10770 10753
f 10763 10766 10730
f 10770 10766 10763
f 10770 10769 10756 10768
f 10763 10745 10769 10770
f 10784 10755 10498
f 10756 10784 10754
f 10755 10784 10756
f 10769 10755 10756
f 10729 10769 10745
f 10755 10769 10729
f 10762 10744 10747
f 10680 10762 10732
f 10744 10762 10680
f 10732 10762 10765 10735
f 10760 10763 10730
f 10765 10760 10735
f 10763 10760 10765
f 10765 10764 10745 10763
f 10762 10747 10764 10765
f 10764 10729 10745
f 10746 10764 10747
f 10729 10764 10746
f 10744 10613 10746 10747
f 10677 10682 10653
f 10679 10677 10553
f 10682 10677 10679
f 10744 10681 10613
f 10682 10744 10680
f 10681 10744 10682
f 10679 10376 10681 10682
f 10681 10748 10613
f 10748 10683 10686
f 10683 10681 10376
f 10681 10683 10748
f 10746 10805 10729
f 10805 10748 10751
f 10748 10746 10613
f 10746 10748 10805
f 10729 10805 10807 10755
f 10801 10807 10788
f 10755 10801 10498
f 10807 10801 10755
f 10807 10806 10749 10788
f 10805 10751 10806 10807
f 10806 10684 10749
f 10750 10806 10751
f 10684 10806 10750
f 10748 10686 10750 10751
f 10750 10857 10684
f 10857 10685 10616
f 10685 10750 10686
f 10750 10685 10857
f 10683 10519 10685 10686
f 10498 10801 10804 10786
f 10799 10802 10780
f 10804 10799 10786
f 10802 10799 10804
f 10804 10803 10791 10802
f 10801 10788 10803 10804
f 10812 10816 10793
f 10802 10812 10780
f 10816 10812 10802
f 10816 10815 10789 10814
f 10802 10791 10815 10816
f 10815 10783 10789
f 10790 10815 10791
f 10783 10815 10790
f 10803 10790 10791
f 10749 10803 10788
f 10790 10803 10749
f 10862 10877 10880 10878
f 10880 10879 10832 10863
f 10877 10861 10879 10880
f 10877 10853 10861
f 10860 10877 10862
f 10853 10877 10860
f 10853 10881 10883 10861
f 10879 10895 10832
f 10895 10883 10866
f 10883 10879 10861
f 10879 10883 10895
f 10883 10882 10781 10866
f 10881 10852 10882 10883
f 10881 10817 10852
f 10851 10881 10853
f 10817 10881 10851
f 10851 10783 10817
f 10789 10851 10818
f 10783 10851 10789
f 10884 10854 10856
f 10783 10884 10817
f 10854 10884 10783
f 10817 10884 10886 10852
f 10882 10870 10781
f 10886 10882 10852
f 10870 10882 10886
f 10886 10885 10834 10870
f 10884 10856 10885 10886
f 10885 10739 10834
f 10855 10885 10856
f 10739 10885 10855
f 10854 10782 10855 10856
f 10790 10854 10783
f 10854 10684 10782
f 10684 10790 10749
f 10790 10684 10854
f 10874 10863 10875 10876
f 10888 10865 10889 10890
f 10889 10894 10887
f 10891 10889 10865
f 10894 10889 10891
f 10894 10893 10850 10892
f 10891 10864 10893 10894
f 10875 10891 10865
f 10891 10832 10864
f 10832 10875 10863
f 10875 10832 10891
f 10832 10895 10898 10864
f 10893 10896 10850
f 10898 10893 10864
f 10896 10893 10898
f 10898 10897 10869 10896
f 10895 10866 10897 10898
f 10869 10868 10833 10867
f 10897 10868 10869
f 10781 10897 10866
f 10868 10897 10781
f 10940 10917 10941 10942
f 10927 10931 10923
f 10928 10927 10919
f 10931 10927 10928
f 10931 10930 10903 10929
f 10928 10918 10930 10931
f 10941 10928 10919
f 10928 10901 10918
f 10901 10941 10917
f 10941 10901 10928
f 10901 10932 10935 10918
f 10930 10933 10903
f 10935 10930 10918
f 10933 10930 10935
f 10935 10934 10902 10933
f 10932 10899 10934 10935
f 10943 10920 10922
f 10835 10943 10900
f 10920 10943 10835
f 10900 10943 10946 10944
f 10946 10945 10901 10917
f 10943 10922 10945 10946
f 10945 10932 10901
f 10932 10921 10899
f 10921 10945 10922
f 10945 10921 10932
f 10920 10819 10921 10922
f 10868 10873 10833
f 10870 10868 10781
f 10873 10868 10870
f 10833 10873 10871 10831
f 10873 10872 10837 10871
f 10870 10834 10872 10873
f 10920 10836 10819
f 10837 10920 10835
f 10836 10920 10837
f 10872 10836 10837
f 10739 10872 10834
f 10836 10872 10739
f 10836 10913 10819
f 10913 10838 10841
f 10838 10836 10739
f 10836 10838 10913
f 10921 10936 10899
f 10936 10913 10916
f 10913 10921 10819
f 10921 10913 10936
f 10934 10939 10902
f 10936 10934 10899
f 10939 10934 10936
f 10902 10939 10937 10737
f 10939 10938 10914 10937
f 10936 10916 10938 10939
f 10938 10839 10914
f 10915 10938 10916
f 10839 10938 10915
f 10913 10841 10915 10916
f 10915 10981 10839
f 10981 10840 10614
f 10840 10915 10841
f 10915 10840 10981
f 10838 10738 10840 10841
f 10684 10857 10859 10782
f 10855 10838 10739
f 10859 10855 10782
f 10838 10855 10859
f 10859 10858 10738 10838
f 10857 10616 10858 10859
f 10858 10845 10738
f 10842 10858 10616
f 10845 10858 10842
f 10840 10957 10614
f 10957 10845 10843
f 10845 10840 10738
f 10840 10845 10957
f 10845 10844 99 10843
f 10842 10615 10844 10845
f 10685 10842 10616
f 10842 10375 10615
f 10375 10685 10519
f 10685 10375 10842
f 10516 10699 10462
f 10699 10518 10521
f 10518 10516 10337
f 10516 10518 10699
f 10462 10699 10701 10554
f 10697 10683 10376
f 10701 10697 10554
f 10683 10697 10701
f 10701 10700 10519 10683
f 10699 10521 10700 10701
f 10700 10375 10519
f 10520 10700 10521
f 10375 10700 10520
f 10518 9 10520 10521
f 10 3830 3832 3831
f 3831 3832 3610 3424
f 3827 3774 3587
f 3832 3827 3610
f 3774 3827 3832
f 3830 3585 3774 3832
f 3727 3828 3612
f 3828 3424 3610
f 3424 3727 3583
f 3727 3424 3828
f 3583 3727 3729 3627
f 3744 3627 3729
f 3072 3744 3609
f 3627 3744 3072
f 3729 3743 3746 3744
f 3744 3746 3723 3609
f 3739 3745 3592
f 3746 3739 3723
f 3745 3739 3746
f 3743 3728 3745 3746
f 3743 3612 3728
f 3727 3743 3729
f 3612 3743 3727
f 3753 3825 3734
f 3825 3612 3732
f 3612 3753 3728
f 3753 3612 3825
f 3728 3753 3755 3745
f 3751 3755 3731
f 3745 3751 3592
f 3755 3751 3745
f 3755 3754 3726 3731
f 3753 3734 3754 3755
f 3734 3785 3786 3754
f 3783 3785 3733
f 3786 3783 3759
f 3785 3783 3786
f 3732 3824 3826 3825
f 3825 3826 3785 3734
f 3822 3826 3766
f 3785 3822 3733
f 3826 3822 3785
f 3824 3611 3766 3826
f 3610 3827 3829 3828
f 3828 3829 3732 3612
f 3824 3770 3611
f 3829 3824 3732
f 3770 3824 3829
f 3827 3587 3770 3829
f 3587 3769 3772 3770
f 3765 3772 3756
f 3770 3765 3611
f 3772 3765 3770
f 3799 3771 3736
f 3772 3799 3756
f 3771 3799 3772
f 3769 3735 3771 3772
f 3821 3765 3768
f 3611 3821 3766
f 3765 3821 3611
f 3766 3821 3823 3822
f 3822 3823 3782 3733
f 3818 3796 3758
f 3823 3818 3782
f 3796 3818 3823
f 3821 3768 3796 3823
f 3768 3795 3798 3796
f 3791 3798 3760
f 3796 3791 3758
f 3798 3791 3796
f 3859 3797 3757
f 3798 3859 3760
f 3797 3859 3798
f 3795 3767 3797 3798
f 3795 3756 3767
f 3765 3795 3768
f 3756 3795 3765
f 3819 3733 3782
f 3783 3819 3784
f 3733 3819 3783
f 3841 3784 3802
f 3803 3841 3804
f 3784 3841 3803
f 3802 3840 3843 3841
f 3841 3843 3842 3804
f 3879 3840 3761
f 3843 3879 3788
f 3840 3879 3843
f 3782 3818 3820 3819
f 3819 3820 3802 3784
f 3840 3815 3761
f 3815 3820 3792
f 3820 3840 3802
f 3840 3820 3815
f 3818 3758 3792 3820
f 3814 3791 3794
f 3758 3814 3792
f 3791 3814 3758
f 3792 3814 3817 3815
f 3878 3817 3787
f 3815 3878 3761
f 3817 3878 3815
f 3810 3816 3781
f 3817 3810 3787
f 3816 3810 3817
f 3814 3794 3816 3817
f 3794 3856 3858 3816
f 3853 3858 3807
f 3816 3853 3781
f 3858 3853 3816
f 3858 3857 3762 3807
f 3856 3793 3857 3858
f 3856 3760 3793
f 3791 3856 3794
f 3760 3856 3791
f 3761 3878 3880 3879
f 3879 3880 3837 3788
f 3876 3880 3811
f 3837 3876 3790
f 3880 3876 3837
f 3878 3787 3811 3880
f 3788 3837 3839 3838
f 3835 3837 3790
f 3839 3835 3806
f 3837 3835 3839
f 3873 3790 3834
f 3835 3873 3836
f 3790 3873 3835
f 3836 3862 3864 3863
f 3834 3872 3874 3873
f 3873 3874 3862 3836
f 3869 3874 3846
f 3862 3869 3809
f 3874 3869 3862
f 3872 3805 3846 3874
f 3868 3845 3848
f 3805 3868 3846
f 3845 3868 3805
f 3846 3868 3871 3869
f 3869 3871 3844 3809
f 3865 3870 3833
f 3871 3865 3844
f 3870 3865 3871
f 3868 3848 3870 3871
f 3848 3881 3883 3870
f 3883 3833 3870
f 3881 3847 3882 3883
f 3881 3808 3847
f 3845 3881 3848
f 3808 3881 3845
f 3844 3865 3867 3866
f 3808 3884 3885 3847
f 3875 3810 3813
f 3787 3875 3811
f 3810 3875 3787
f 3811 3875 3877 3876
f 3876 3877 3834 3790
f 3872 3850 3805
f 3877 3872 3834
f 3850 3872 3877
f 3875 3813 3850 3877
f 3813 3849 3852 3850
f 3845 3852 3808
f 3850 3845 3805
f 3852 3845 3850
f 3884 3851 3789
f 3852 3884 3808
f 3851 3884 3852
f 3849 3812 3851 3852
f 3849 3781 3812
f 3810 3849 3813
f 3781 3849 3810
f 3781 3853 3855 3812
f 3853 3807 3854 3855
f 3760 3859 3861 3793
f 3859 3757 3860 3861
f 3756 3799 3801 3767
f 3799 3736 3800 3801
f 3736 3886 3887 3800
f 3735 3888 3890 3771
f 3886 3890 3763
f 3771 3886 3736
f 3890 3886 3771
f 3930 3888 3586
f 3890 3930 3889
f 3888 3930 3890
f 3585 3773 3776 3774
f 3769 3776 3735
f 3774 3769 3587
f 3776 3769 3774
f 3888 3920 3586
f 3920 3776 3775
f 3776 3888 3735
f 3888 3776 3920
f 3773 3259 3775 3776
f 3740 3609 3723
f 3724 3740 3725
f 3609 3740 3724
f 3723 3739 3742 3740
f 3748 3740 3742
f 3725 3748 3730
f 3740 3748 3725
f 3742 3747 3750 3748
f 3747 3741 3749 3750
f 3747 3592 3741
f 3739 3747 3742
f 3592 3747 3739
f 3592 3751 3752 3741
f 3919 3894 3896
f 3259 3919 3775
f 3894 3919 3259
f 3775 3919 3922 3920
f 3929 3922 3891
f 3920 3929 3586
f 3922 3929 3920
f 3915 3921 3764
f 3922 3915 3891
f 3921 3915 3922
f 3919 3896 3921 3922
f 3896 3939 3941 3921
f 3954 3948 3909
f 3948 3921 3941
f 3921 3954 3764
f 3954 3921 3948
f 3941 3947 3950 3948
f 3942 3972 3934
f 3972 3948 3950
f 3948 3942 3909
f 3942 3948 3972
f 3950 3971 3974 3972
f 3967 3974 3956
f 3972 3967 3934
f 3974 3967 3972
f 3974 3973 3738 3956
f 3971 3949 3973 3974
f 3971 3940 3949
f 3947 3971 3950
f 3940 3971 3947
f 3947 3895 3940
f 3939 3947 3941
f 3895 3947 3939
f 3939 3995 3895
f 3995 3894 3737
f 3894 3939 3896
f 3939 3894 3995
f 3586 3929 3931 3930
f 3930 3931 3905 3889
f 3926 3916 3893
f 3931 3926 3905
f 3916 3926 3931
f 3929 3891 3916 3931
f 3927 3889 3905
f 3906 3927 3907
f 3889 3927 3906
f 3905 3926 3928 3927
f 3928 3907 3927
f 3926 3893 3912 3928
f 3923 3911 3914
f 3893 3923 3912
f 3911 3923 3893
f 3912 3923 3925 3924
f 3932 3908 3913
f 3911 3932 3914
f 3908 3932 3911
f 3891 3915 3918 3916
f 3911 3918 3908
f 3916 3911 3893
f 3918 3911 3916
f 3933 3917 3892
f 3918 3933 3908
f 3917 3933 3918
f 3915 3764 3917 3918
f 3764 3954 3955 3917
f 3943 3954 3909
f 3955 3943 3935
f 3954 3943 3955
f 3909 3942 3946 3943
f 3961 3943 3946
f 3935 3961 3944
f 3943 3961 3935
f 3946 3960 3962 3961
f 3964 3960 3945
f 3962 3964 3959
f 3960 3964 3962
f 3960 3968 3945
f 3968 3942 3934
f 3942 3960 3946
f 3960 3942 3968
f 3934 3967 3970 3968
f 3963 3970 3958
f 3968 3963 3945
f 3970 3963 3968
f 3978 3969 3957
f 3970 3978 3958
f 3969 3978 3970
f 3967 3956 3969 3970
f 3945 3963 3966 3964
f 3966 3959 3964
f 3963 3958 3965 3966
f 3958 3978 3979 3965
f 3737 3994 3997 3995
f 3995 3997 3951 3895
f 3990 3996 3938
f 3997 3990 3951
f 3996 3990 3997
f 3994 3936 3996 3997
f 3975 3991 3953
f 3991 3895 3951
f 3895 3975 3940
f 3975 3895 3991
f 3940 3975 3977 3949
f 3975 3953 3976 3977
f 3980 3976 3953
f 3980 3986 3989 3987
f 3986 3952 3988 3989
f 3951 3990 3993 3991
f 3991 3993 3980 3953
f 3986 3992 3952
f 3993 3986 3980
f 3992 3986 3993
f 3990 3938 3992 3993
f 3938 4004 4006 3992
f 4006 3952 3992
f 4004 3981 4005 4006
f 3952 4002 4003 3988
f 3981 4027 4028 4005
f 4020 4027 3937
f 4028 4020 4012
f 4027 4020 4028
f 3936 4007 4009 3996
f 4004 4066 3981
f 4066 3996 4009
f 3996 4004 3938
f 4004 3996 4066
f 4009 4065 4067 4066
f 4066 4067 4027 3981
f 4063 4067 4024
f 4027 4063 3937
f 4067 4063 4027
f 4065 4008 4024 4067
f 4065 101 4008
f 4007 4065 4009
f 101 4065 4007
f 4023 4013 4015
f 101 4023 4008
f 4013 4023 101
f 4062 4023 4026
f 4008 4062 4024
f 4023 4062 4008
f 4024 4062 4064 4063
f 4063 4064 4019 3937
f 4059 4039 4011
f 4064 4059 4019
f 4039 4059 4064
f 4062 4026 4039 4064
f 4026 4038 4041 4039
f 4034 4041 4029
f 4039 4034 4011
f 4041 4034 4039
f 4073 4040 4010
f 4041 4073 4029
f 4040 4073 4041
f 4038 4025 4040 4041
f 4038 4015 4025
f 4023 4038 4026
f 4015 4038 4023
f 4015 4042 4044 4025
f 4042 4014 4043 4044
f 4042 3982 4014
f 4013 4042 4015
f 3982 4042 4013
f 4060 3937 4019
f 4020 4060 4022
f 3937 4060 4020
f 4112 4022 4047
f 4048 4112 4049
f 4022 4112 4048
f 4047 4111 4113 4112
f 4108 4111 4021
f 4113 4108 4033
f 4111 4108 4113
f 4019 4059 4061 4060
f 4060 4061 4047 4022
f 4111 4056 4021
f 4056 4061 4035
f 4061 4111 4047
f 4111 4061 4056
f 4059 4011 4035 4061
f 4055 4034 4037
f 4011 4055 4035
f 4034 4055 4011
f 4035 4055 4058 4056
f 4107 4082 4032
f 4082 4056 4058
f 4056 4107 4021
f 4107 4056 4082
f 4058 4081 4084 4082
f 4082 4084 4050 4032
f 4077 4083 4031
f 4084 4077 4050
f 4083 4077 4084
f 4081 4057 4083 4084
f 4081 4037 4057
f 4055 4081 4058
f 4037 4081 4055
f 4090 4070 4072
f 4037 4090 4057
f 4070 4090 4037
f 4057 4090 4092 4083
f 4087 4092 4069
f 4083 4087 4031
f 4092 4087 4083
f 4092 4091 4054 4069
f 4090 4072 4091 4092
f 4070 4036 4071 4072
f 4070 4029 4036
f 4034 4070 4037
f 4029 4070 4034
f 4021 4107 4110 4108
f 4108 4110 4109 4033
f 4107 4032 4051 4110
f 4104 4078 4053
f 4078 4032 4050
f 4032 4104 4051
f 4104 4032 4078
f 4051 4104 4106 4105
f 4053 4101 4103 4102
f 4068 4098 4100 4099
f 4119 4098 4076
f 4100 4119 4086
f 4098 4119 4100
f 4076 4118 4121 4119
f 4130 4119 4121
f 4086 4130 4097
f 4119 4130 4086
f 4121 4129 4132 4130
f 4130 4132 4114 4097
f 4129 4120 4131 4132
f 4129 4085 4120
f 4118 4129 4121
f 4085 4129 4118
f 4133 4126 4128
f 4085 4133 4120
f 4126 4133 4085
f 4136 4133 4135
f 4120 4136 4131
f 4133 4136 4120
f 4131 4136 4139 4137
f 4136 4135 4138 4139
f 4133 4128 4134 4135
f 4126 4052 4127 4128
f 4050 4077 4080 4078
f 4101 4094 4068
f 4094 4078 4080
f 4078 4101 4053
f 4101 4078 4094
f 4080 4093 4096 4094
f 4098 4123 4076
f 4123 4094 4096
f 4094 4098 4068
f 4098 4094 4123
f 4096 4122 4125 4123
f 4118 4125 4085
f 4123 4118 4076
f 4125 4118 4123
f 4126 4124 4052
f 4125 4126 4085
f 4124 4126 4125
f 4122 4095 4124 4125
f 4122 4079 4095
f 4093 4122 4096
f 4079 4122 4093
f 4093 4031 4079
f 4077 4093 4080
f 4031 4093 4077
f 4115 4087 4089
f 4031 4115 4079
f 4087 4115 4031
f 4079 4115 4117 4095
f 4115 4089 4116 4117
f 4087 4069 4088 4089
f 4029 4073 4075 4036
f 4073 4010 4074 4075
f 3982 4045 4046 4014
f 3017 213 217
f 11 3017 214
f 213 3017 11
f 214 3017 3020 3018
f 3013 3020 3005
f 3018 3013 103
f 3020 3013 3018
f 3030 3104 215
f 3104 3020 3019
f 3020 3030 3005
f 3030 3020 3104
f 3017 217 3019 3020
f 3103 3068 3070
f 217 3103 3019
f 3068 3103 217
f 3019 3103 3106 3104
f 3112 3106 3066
f 3104 3112 215
f 3106 3112 3104
f 3099 3152 3012
f 3152 3106 3105
f 3106 3099 3066
f 3099 3106 3152
f 3103 3070 3105 3106
f 3151 3138 3140
f 3070 3151 3105
f 3138 3151 3070
f 3105 3151 3154 3152
f 3147 3154 3136
f 3152 3147 3012
f 3154 3147 3152
f 3159 3153 3097
f 3154 3159 3136
f 3153 3159 3154
f 3151 3140 3153 3154
f 3140 3240 3242 3153
f 3239 3249 3146
f 3249 3153 3242
f 3153 3239 3097
f 3239 3153 3249
f 3242 3248 3251 3249
f 3247 3251 3246
f 3249 3247 3146
f 3251 3247 3249
f 3248 3241 3250 3251
f 3248 3314 3241
f 3314 3240 3139
f 3240 3248 3242
f 3248 3240 3314
f 3240 3269 3139
f 3269 3138 3069
f 3138 3240 3140
f 3240 3138 3269
f 3138 3273 3069
f 3273 3068 216
f 3068 3138 3070
f 3138 3068 3273
f 3068 3277 216
f 3277 213 102
f 213 3068 217
f 3068 213 3277
f 103 3013 3016 3014
f 3022 3038 3007
f 3038 3014 3016
f 3014 3022 2866
f 3022 3014 3038
f 3016 3037 3040 3038
f 3033 3040 3008
f 3038 3033 3007
f 3040 3033 3038
f 3042 3086 3006
f 3086 3040 3039
f 3040 3042 3008
f 3042 3040 3086
f 3037 3015 3039 3040
f 3037 3005 3015
f 3013 3037 3016
f 3005 3037 3013
f 2866 3022 3024 3023
f 3024 3003 3023
f 3034 3022 3007
f 3024 3034 3009
f 3022 3034 3024
f 3007 3033 3036 3034
f 3034 3036 3021 3009
f 3025 3050 3010
f 3050 3036 3035
f 3036 3025 3021
f 3025 3036 3050
f 3033 3008 3035 3036
f 3021 3025 3027 3026
f 3010 3045 3048 3046
f 3045 3041 3047 3048
f 3049 3042 3044
f 3008 3049 3035
f 3042 3049 3008
f 3035 3049 3052 3050
f 3045 3052 3041
f 3050 3045 3010
f 3052 3045 3050
f 3052 3051 3028 3041
f 3049 3044 3051 3052
f 3042 3006 3043 3044
f 3006 3074 3075 3043
f 3077 3029 3057
f 3058 3077 3059
f 3029 3077 3058
f 3057 3076 3079 3077
f 3079 3059 3077
f 3076 3053 3078 3079
f 3053 3088 3089 3078
f 3054 3030 3032
f 3005 3054 3015
f 3030 3054 3005
f 3085 3054 3056
f 3015 3085 3039
f 3054 3085 3015
f 3039 3085 3087 3086
f 3086 3087 3074 3006
f 3082 3087 3061
f 3074 3082 3029
f 3087 3082 3074
f 3085 3056 3061 3087
f 3081 3060 3063
f 3056 3081 3061
f 3060 3081 3056
f 3061 3081 3084 3082
f 3082 3084 3057 3029
f 3076 3083 3053
f 3084 3076 3057
f 3083 3076 3084
f 3081 3063 3083 3084
f 3063 3090 3092 3083
f 3088 3092 3080
f 3083 3088 3053
f 3092 3088 3083
f 3092 3091 3011 3080
f 3090 3062 3091 3092
f 3090 3055 3062
f 3060 3090 3063
f 3055 3090 3060
f 3060 3032 3055
f 3054 3060 3056
f 3032 3060 3054
f 3093 3064 3065
f 3032 3093 3055
f 3064 3093 3032
f 3055 3093 3095 3062
f 3093 3065 3094 3095
f 3031 3065 3064
f 3064 3113 3031
f 3113 3030 215
f 3030 3064 3032
f 3064 3030 3113
f 215 3112 3114 3113
f 3127 3113 3114
f 3031 3127 3096
f 3113 3127 3031
f 3114 3126 3128 3127
f 3127 3128 3115 3096
f 3123 3128 3109
f 3115 3123 3067
f 3128 3123 3115
f 3126 3100 3109 3128
f 3126 3066 3100
f 3112 3126 3114
f 3066 3126 3112
f 3096 3115 3117 3116
f 3107 3118 3120 3119
f 3098 3120 3118
f 3108 3099 3102
f 3066 3108 3100
f 3099 3108 3066
f 3122 3108 3111
f 3100 3122 3109
f 3108 3122 3100
f 3109 3122 3125 3123
f 3123 3125 3107 3067
f 3118 3124 3098
f 3125 3118 3107
f 3124 3118 3125
f 3122 3111 3124 3125
f 3111 3130 3132 3124
f 3129 3132 3121
f 3124 3129 3098
f 3132 3129 3124
f 3130 3110 3131 3132
f 3130 3102 3110
f 3108 3130 3111
f 3102 3130 3108
f 3102 3133 3135 3110
f 3133 3101 3134 3135
f 3133 3148 3101
f 3148 3099 3012
f 3099 3133 3102
f 3133 3099 3148
f 3012 3147 3150 3148
f 3163 3148 3150
f 3101 3163 3144
f 3148 3163 3101
f 3150 3162 3165 3163
f 3176 3163 3165
f 3144 3176 3145
f 3163 3176 3144
f 3165 3175 3178 3176
f 3176 3178 3155 3145
f 3166 3202 3137
f 3202 3178 3177
f 3178 3166 3155
f 3166 3178 3202
f 3175 3164 3177 3178
f 3175 3149 3164
f 3162 3175 3165
f 3149 3175 3162
f 3162 3136 3149
f 3147 3162 3150
f 3136 3162 3147
f 3167 3145 3155
f 3156 3167 3157
f 3145 3167 3156
f 3155 3166 3170 3167
f 3207 3167 3170
f 3157 3207 3168
f 3167 3207 3157
f 3170 3206 3209 3207
f 3207 3209 3208 3168
f 3219 3206 3169
f 3209 3219 3186
f 3206 3219 3209
f 3206 3198 3169
f 3198 3166 3137
f 3166 3206 3170
f 3206 3166 3198
f 3137 3197 3200 3198
f 3218 3200 3185
f 3198 3218 3169
f 3200 3218 3198
f 3193 3199 3181
f 3200 3193 3185
f 3199 3193 3200
f 3197 3179 3199 3200
f 3169 3218 3220 3219
f 3234 3219 3220
f 3186 3234 3205
f 3219 3234 3186
f 3220 3233 3235 3234
f 3234 3235 3221 3205
f 3229 3215 3187
f 3235 3229 3221
f 3215 3229 3235
f 3233 3194 3215 3235
f 3233 3185 3194
f 3218 3233 3220
f 3185 3233 3218
f 3230 3205 3221
f 3222 3230 3223
f 3205 3230 3222
f 3221 3229 3232 3230
f 3230 3232 3231 3223
f 3225 3232 3211
f 3231 3225 3192
f 3232 3225 3231
f 3229 3187 3211 3232
f 3224 3210 3213
f 3187 3224 3211
f 3210 3224 3187
f 3211 3224 3228 3225
f 3225 3228 3226 3192
f 3224 3213 3227 3228
f 3213 3236 3237 3227
f 3236 3191 3212
f 3210 3236 3213
f 3191 3236 3210
f 3214 3193 3196
f 3185 3214 3194
f 3193 3214 3185
f 3194 3214 3217 3215
f 3210 3217 3191
f 3215 3210 3187
f 3217 3210 3215
f 3238 3216 3188
f 3217 3238 3191
f 3216 3238 3217
f 3214 3196 3216 3217
f 3193 3181 3195 3196
f 3199 3189 3181
f 3189 3171 3180
f 3171 3199 3179
f 3199 3171 3189
f 3172 3159 3161
f 3136 3172 3149
f 3159 3172 3136
f 3182 3172 3174
f 3149 3182 3164
f 3172 3182 3149
f 3201 3182 3184
f 3164 3201 3177
f 3182 3201 3164
f 3177 3201 3204 3202
f 3197 3204 3179
f 3202 3197 3137
f 3204 3197 3202
f 3204 3203 3171 3179
f 3201 3184 3203 3204
f 3203 3190 3171
f 3190 3183 3158
f 3183 3203 3184
f 3203 3183 3190
f 3182 3174 3183 3184
f 3172 3161 3173 3174
f 3159 3097 3160 3161
f 102 3276 3279 3277
f 3272 3279 3141
f 3277 3272 216
f 3279 3272 3277
f 3396 3479 3073
f 3479 3279 3278
f 3279 3396 3141
f 3396 3279 3479
f 3276 3071 3278 3279
f 216 3272 3275 3273
f 3268 3275 3243
f 3273 3268 3069
f 3275 3268 3273
f 3299 3434 3143
f 3434 3275 3274
f 3275 3299 3243
f 3299 3275 3434
f 3272 3141 3274 3275
f 3069 3268 3271 3269
f 3313 3271 3252
f 3269 3313 3139
f 3271 3313 3269
f 3264 3270 3245
f 3271 3264 3252
f 3270 3264 3271
f 3268 3243 3270 3271
f 3139 3313 3315 3314
f 3314 3315 3284 3241
f 3311 3315 3265
f 3284 3311 3254
f 3315 3311 3284
f 3313 3252 3265 3315
f 3241 3284 3285 3250
f 3308 3254 3260
f 3261 3308 3263
f 3254 3308 3261
f 3331 3316 3326
f 3327 3331 3328
f 3316 3331 3327
f 3370 3326 3330
f 3331 3370 3332
f 3326 3370 3331
f 3332 3347 3349 3348
f 3330 3369 3371 3370
f 3370 3371 3347 3332
f 3367 3371 3340
f 3347 3367 3318
f 3371 3367 3347
f 3369 3262 3340 3371
f 3260 3307 3309 3308
f 3324 3308 3309
f 3263 3324 3286
f 3308 3324 3263
f 3309 3323 3325 3324
f 3334 3324 3325
f 3286 3334 3316
f 3324 3334 3286
f 3325 3333 3335 3334
f 3373 3334 3335
f 3316 3373 3326
f 3334 3373 3316
f 3335 3372 3374 3373
f 3373 3374 3330 3326
f 3369 3344 3262
f 3374 3369 3330
f 3344 3369 3374
f 3372 3320 3344 3374
f 3372 3304 3320
f 3333 3372 3335
f 3304 3372 3333
f 3333 3289 3304
f 3323 3333 3325
f 3289 3333 3323
f 3323 3255 3289
f 3307 3323 3309
f 3255 3323 3307
f 3303 3288 3291
f 3255 3303 3289
f 3288 3303 3255
f 3319 3303 3306
f 3289 3319 3304
f 3303 3319 3289
f 3343 3319 3322
f 3304 3343 3320
f 3319 3343 3304
f 3320 3343 3346 3344
f 3339 3346 3317
f 3344 3339 3262
f 3346 3339 3344
f 3358 3345 3302
f 3346 3358 3317
f 3345 3358 3346
f 3343 3322 3345 3346
f 3319 3306 3321 3322
f 3303 3291 3305 3306
f 3288 3287 3290 3291
f 3366 3339 3342
f 3262 3366 3340
f 3339 3366 3262
f 3340 3366 3368 3367
f 3367 3368 3336 3318
f 3362 3383 3329
f 3383 3368 3355
f 3368 3362 3336
f 3362 3368 3383
f 3366 3342 3355 3368
f 3382 3354 3357
f 3342 3382 3355
f 3354 3382 3342
f 3355 3382 3385 3383
f 3378 3385 3351
f 3383 3378 3329
f 3385 3378 3383
f 3386 3384 3350
f 3385 3386 3351
f 3384 3386 3385
f 3382 3357 3384 3385
f 3354 3341 3356 3357
f 3354 3317 3341
f 3339 3354 3342
f 3317 3354 3339
f 3363 3318 3336
f 3337 3363 3338
f 3318 3363 3337
f 3336 3362 3365 3363
f 3363 3365 3364 3338
f 3379 3362 3329
f 3365 3379 3352
f 3362 3379 3365
f 3329 3378 3381 3379
f 3379 3381 3361 3352
f 3375 3380 3353
f 3381 3375 3361
f 3380 3375 3381
f 3378 3351 3380 3381
f 3361 3375 3377 3376
f 3351 3386 3388 3380
f 3386 3350 3387 3388
f 3317 3358 3360 3341
f 3358 3302 3359 3360
f 3310 3264 3267
f 3252 3310 3265
f 3264 3310 3252
f 3265 3310 3312 3311
f 3311 3312 3260 3254
f 3307 3293 3255
f 3312 3307 3260
f 3293 3307 3312
f 3310 3267 3293 3312
f 3267 3292 3295 3293
f 3288 3295 3287
f 3293 3288 3255
f 3295 3288 3293
f 3295 3294 3253 3287
f 3292 3266 3294 3295
f 3292 3245 3266
f 3264 3292 3267
f 3245 3292 3264
f 3245 3296 3298 3266
f 3296 3256 3297 3298
f 3389 3390 3392 3391
f 3244 3392 3390
f 3243 3299 3301 3270
f 3296 3400 3256
f 3400 3270 3301
f 3270 3296 3245
f 3296 3270 3400
f 3301 3399 3402 3400
f 3400 3402 3389 3256
f 3390 3401 3244
f 3402 3390 3389
f 3401 3390 3402
f 3399 3300 3401 3402
f 3399 3143 3300
f 3299 3399 3301
f 3143 3399 3299
f 3431 3143 3393
f 3300 3431 3395
f 3143 3431 3300
f 3428 3395 3403
f 3404 3428 3405
f 3395 3428 3404
f 3403 3427 3429 3428
f 3429 3405 3428
f 3427 3394 3410 3429
f 3393 3430 3432 3431
f 3431 3432 3403 3395
f 3427 3413 3394
f 3432 3427 3403
f 3413 3427 3432
f 3430 3257 3413 3432
f 3257 3412 3415 3413
f 3409 3415 3408
f 3413 3409 3394
f 3415 3409 3413
f 3436 3414 3407
f 3415 3436 3408
f 3414 3436 3415
f 3412 3406 3414 3415
f 3426 3409 3411
f 3394 3426 3410
f 3409 3426 3394
f 3406 3452 3453 3414
f 3444 3452 3142
f 3453 3444 3439
f 3452 3444 3453
f 3433 3396 3398
f 3141 3433 3274
f 3396 3433 3141
f 3274 3433 3435 3434
f 3434 3435 3393 3143
f 3430 3417 3257
f 3435 3430 3393
f 3417 3430 3435
f 3433 3398 3417 3435
f 3398 3416 3419 3417
f 3412 3419 3406
f 3417 3412 3257
f 3419 3412 3417
f 3452 3449 3142
f 3449 3419 3418
f 3419 3452 3406
f 3452 3419 3449
f 3416 3397 3418 3419
f 3416 3073 3397
f 3396 3416 3398
f 3073 3416 3396
f 3440 3475 3422
f 3475 3073 3420
f 3073 3440 3397
f 3440 3073 3475
f 3448 3440 3442
f 3397 3448 3418
f 3440 3448 3397
f 3418 3448 3451 3449
f 3443 3451 3438
f 3449 3443 3142
f 3451 3443 3449
f 3454 3450 3437
f 3451 3454 3438
f 3450 3454 3451
f 3448 3442 3450 3451
f 3471 3440 3422
f 3442 3471 3441
f 3440 3471 3442
f 3422 3470 3473 3471
f 3516 3471 3473
f 3441 3516 3461
f 3471 3516 3441
f 3473 3515 3517 3516
f 3516 3517 3464 3461
f 3512 3501 3458
f 3517 3512 3464
f 3501 3512 3517
f 3515 3472 3501 3517
f 3515 3457 3472
f 3470 3515 3473
f 3457 3515 3470
f 3465 3441 3461
f 3462 3465 3463
f 3441 3465 3462
f 3513 3461 3464
f 3465 3513 3467
f 3461 3513 3465
f 3509 3467 3482
f 3483 3509 3485
f 3467 3509 3483
f 3482 3508 3511 3509
f 3509 3511 3510 3485
f 3505 3511 3493
f 3510 3505 3484
f 3511 3505 3510
f 3552 3508 3466
f 3511 3552 3493
f 3508 3552 3511
f 3464 3512 3514 3513
f 3513 3514 3482 3467
f 3508 3531 3466
f 3531 3514 3497
f 3514 3508 3482
f 3508 3514 3531
f 3512 3458 3497 3514
f 3530 3496 3499
f 3458 3530 3497
f 3496 3530 3458
f 3497 3530 3533 3531
f 3551 3533 3492
f 3531 3551 3466
f 3533 3551 3531
f 3526 3532 3491
f 3533 3526 3492
f 3532 3526 3533
f 3530 3499 3532 3533
f 3532 3519 3491
f 3519 3498 3487
f 3498 3532 3499
f 3532 3498 3519
f 3496 3486 3498 3499
f 3466 3551 3553 3552
f 3552 3553 3504 3493
f 3548 3527 3495
f 3553 3548 3504
f 3527 3548 3553
f 3551 3492 3527 3553
f 3549 3493 3504
f 3505 3549 3507
f 3493 3549 3505
f 3504 3548 3550 3549
f 3549 3550 3534 3507
f 3546 3550 3523
f 3534 3546 3506
f 3550 3546 3534
f 3548 3495 3523 3550
f 3545 3522 3525
f 3495 3545 3523
f 3522 3545 3495
f 3523 3545 3547 3546
f 3560 3546 3547
f 3506 3560 3521
f 3546 3560 3506
f 3547 3559 3562 3560
f 3560 3562 3561 3521
f 3555 3562 3542
f 3561 3555 3520
f 3562 3555 3561
f 3559 3536 3542 3562
f 3559 3525 3536
f 3545 3559 3547
f 3525 3559 3545
f 3541 3535 3538
f 3525 3541 3536
f 3535 3541 3525
f 3554 3541 3544
f 3536 3554 3542
f 3541 3554 3536
f 3542 3554 3558 3555
f 3564 3555 3558
f 3520 3564 3556
f 3555 3564 3520
f 3558 3563 3567 3564
f 3564 3567 3565 3556
f 3563 3557 3566 3567
f 3563 3544 3557
f 3554 3563 3558
f 3544 3563 3554
f 3573 3568 3569
f 3544 3573 3557
f 3568 3573 3544
f 3575 3573 3574
f 3557 3575 3566
f 3573 3575 3557
f 3575 3576 3566
f 3543 3569 3568
f 3568 3538 3543
f 3541 3568 3544
f 3538 3568 3541
f 3538 3570 3571 3543
f 3570 3524 3537
f 3535 3570 3538
f 3524 3570 3535
f 3535 3518 3524
f 3522 3535 3525
f 3518 3535 3522
f 3572 3539 3540
f 3518 3572 3524
f 3539 3572 3518
f 3492 3526 3529 3527
f 3522 3529 3518
f 3527 3522 3495
f 3529 3522 3527
f 3539 3528 3494
f 3529 3539 3518
f 3528 3539 3529
f 3526 3491 3528 3529
f 3500 3488 3490
f 3457 3500 3472
f 3488 3500 3457
f 3472 3500 3503 3501
f 3496 3503 3486
f 3501 3496 3458
f 3503 3496 3501
f 3503 3502 3468 3486
f 3500 3490 3502 3503
f 3488 3421 3489 3490
f 3420 3474 3477 3475
f 3470 3477 3457
f 3475 3470 3422
f 3477 3470 3475
f 3488 3476 3421
f 3477 3488 3457
f 3476 3488 3477
f 3474 3258 3476 3477
f 3142 3443 3447 3444
f 3444 3447 3445 3439
f 3443 3438 3446 3447
f 3456 3454 3455
f 3438 3456 3446
f 3454 3456 3438
f 3258 3579 3581 3476
f 3577 3598 3469
f 3598 3476 3581
f 3476 3577 3421
f 3577 3476 3598
f 3581 3597 3600 3598
f 3593 3600 3591
f 3598 3593 3469
f 3600 3593 3598
f 3600 3599 3460 3591
f 3597 3580 3599 3600
f 3597 3641 3580
f 3641 3579 3459
f 3579 3597 3581
f 3597 3579 3641
f 3421 3577 3578 3489
f 3469 3578 3577
f 3469 3593 3596 3594
f 3593 3591 3595 3596
f 3459 3640 3642 3641
f 3641 3642 3604 3580
f 3637 3622 3603
f 3642 3637 3604
f 3622 3637 3642
f 3640 3601 3622 3642
f 3638 3580 3604
f 3599 3638 3606
f 3580 3638 3599
f 3634 3606 3629
f 3630 3634 3631
f 3606 3634 3630
f 3629 3633 3636 3634
f 3634 3636 3635 3631
f 3649 3633 3605
f 3636 3649 3615
f 3633 3649 3636
f 3604 3637 3639 3638
f 3638 3639 3629 3606
f 3633 3653 3605
f 3653 3639 3618
f 3639 3633 3629
f 3633 3639 3653
f 3637 3603 3618 3639
f 3652 3617 3620
f 3603 3652 3618
f 3617 3652 3603
f 3618 3652 3655 3653
f 3648 3655 3614
f 3653 3648 3605
f 3655 3648 3653
f 3658 3654 3613
f 3655 3658 3614
f 3654 3658 3655
f 3652 3620 3654 3655
f 3654 3647 3613
f 3647 3619 3608
f 3619 3654 3620
f 3654 3619 3647
f 3617 3607 3619 3620
f 3605 3648 3651 3649
f 3667 3649 3651
f 3615 3667 3632
f 3649 3667 3615
f 3651 3666 3669 3667
f 3667 3669 3643 3632
f 3662 3668 3616
f 3669 3662 3643
f 3668 3662 3669
f 3666 3650 3668 3669
f 3666 3614 3650
f 3648 3666 3651
f 3614 3666 3648
f 3663 3632 3643
f 3644 3663 3646
f 3632 3663 3644
f 3689 3690 3661
f 3643 3662 3665 3663
f 3687 3663 3665
f 3646 3687 3656
f 3663 3687 3646
f 3665 3686 3688 3687
f 3699 3687 3688
f 3656 3699 3661
f 3687 3699 3656
f 3688 3698 3700 3699
f 3699 3700 3689 3661
f 3695 3700 3683
f 3689 3695 3645
f 3700 3695 3689
f 3698 3678 3683 3700
f 3698 3664 3678
f 3686 3698 3688
f 3664 3698 3686
f 3686 3616 3664
f 3662 3686 3665
f 3616 3686 3662
f 3677 3670 3672
f 3616 3677 3664
f 3670 3677 3616
f 3682 3677 3680
f 3664 3682 3678
f 3677 3682 3664
f 3694 3682 3685
f 3678 3694 3683
f 3682 3694 3678
f 3683 3694 3697 3695
f 3715 3695 3697
f 3645 3715 3681
f 3695 3715 3645
f 3697 3714 3717 3715
f 3715 3717 3691 3681
f 3701 3716 3676
f 3717 3701 3691
f 3716 3701 3717
f 3714 3696 3716 3717
f 3714 3685 3696
f 3694 3714 3697
f 3685 3714 3694
f 3720 3707 3709
f 3685 3720 3696
f 3707 3720 3685
f 3696 3720 3722 3716
f 3718 3722 3706
f 3716 3718 3676
f 3722 3718 3716
f 3720 3709 3721 3722
f 3707 3684 3708 3709
f 3707 3680 3684
f 3682 3707 3685
f 3680 3707 3682
f 3680 3710 3711 3684
f 3710 3672 3679
f 3677 3710 3680
f 3672 3710 3677
f 3672 3712 3713 3679
f 3712 3657 3671
f 3670 3712 3672
f 3657 3712 3670
f 3702 3681 3691
f 3692 3702 3693
f 3681 3702 3692
f 3691 3701 3705 3702
f 3702 3705 3703 3693
f 3701 3676 3704 3705
f 3676 3718 3719 3704
f 3673 3658 3660
f 3614 3673 3650
f 3658 3673 3614
f 3650 3673 3675 3668
f 3670 3675 3657
f 3668 3670 3616
f 3675 3670 3668
f 3674 3657 3675
f 3673 3660 3674 3675
f 3658 3613 3659 3660
f 3601 3621 3624 3622
f 3617 3624 3607
f 3622 3617 3603
f 3624 3617 3622
f 3624 3623 3602 3607
f 3621 3072 3623 3624
f 3478 3423 3425
f 3071 3478 3278
f 3423 3478 3071
f 3278 3478 3481 3479
f 3479 3481 3420 3073
f 3474 3480 3258
f 3481 3474 3420
f 3480 3474 3481
f 3478 3425 3480 3481
f 3425 3582 3584 3480
f 3579 3626 3459
f 3626 3480 3584
f 3480 3579 3258
f 3579 3480 3626
f 3584 3625 3628 3626
f 3640 3628 3601
f 3626 3640 3459
f 3628 3640 3626
f 3621 3627 3072
f 3628 3621 3601
f 3627 3621 3628
f 3625 3583 3627 3628
f 3625 3424 3583
f 3582 3625 3584
f 3424 3625 3582
f 3582 3831 3424
f 3831 3423 10
f 3423 3582 3425
f 3582 3423 3831
f 12 218 222 219
f 219 222 220 105
f 222 221 106 220
f 218 104 221 222
f 2678 220 2580
f 105 2678 2522
f 220 2678 105
f 2522 2678 2680 2615
f 2675 2742 2578
f 2742 2615 2680
f 2615 2675 4
f 2675 2615 2742
f 2680 2741 2744 2742
f 2737 2803 2726
f 2803 2742 2744
f 2742 2737 2578
f 2737 2742 2803
f 2744 2802 2805 2803
f 2803 2805 2764 2726
f 2798 2804 2526
f 2805 2798 2764
f 2804 2798 2805
f 2802 2743 2804 2805
f 2802 2679 2743
f 2741 2802 2744
f 2679 2802 2741
f 2741 2580 2679
f 2678 2741 2680
f 2580 2741 2678
f 2789 2745 2747
f 2580 2789 2679
f 2745 2789 2580
f 2811 2789 2791
f 2679 2811 2743
f 2789 2811 2679
f 2743 2811 2813 2804
f 2808 2838 2788
f 2838 2804 2813
f 2804 2808 2526
f 2808 2804 2838
f 2813 2837 2840 2838
f 2838 2840 2824 2788
f 2833 2839 2753
f 2840 2833 2824
f 2839 2833 2840
f 2837 2812 2839 2840
f 2837 2791 2812
f 2811 2837 2813
f 2791 2837 2811
f 2791 2827 2829 2812
f 2829 2841 2843 2842
f 2828 2843 2841
f 2841 2790 2828
f 2827 2841 2829
f 2790 2841 2827
f 2827 2747 2790
f 2789 2827 2791
f 2747 2827 2789
f 2844 2830 2831
f 2747 2844 2790
f 2830 2844 2747
f 2844 2828 2790
f 2830 2860 2746
f 2860 2745 2579
f 2745 2830 2747
f 2830 2745 2860
f 2745 2852 2579
f 2852 220 106
f 220 2745 2580
f 2745 220 2852
f 106 2851 2854 2852
f 2859 2880 2832
f 2880 2852 2854
f 2852 2859 2579
f 2859 2852 2880
f 2854 2879 2882 2880
f 2875 2882 2846
f 2880 2875 2832
f 2882 2875 2880
f 2942 2881 2748
f 2882 2942 2846
f 2881 2942 2882
f 2879 2853 2881 2882
f 2879 224 2853
f 2851 2879 2854
f 224 2879 2851
f 2579 2859 2861 2860
f 2887 2860 2861
f 2746 2887 2845
f 2860 2887 2746
f 2861 2886 2888 2887
f 2888 2845 2887
f 2903 2886 2847
f 2888 2903 2856
f 2886 2903 2888
f 2886 2876 2847
f 2876 2859 2832
f 2859 2886 2861
f 2886 2859 2876
f 2832 2875 2878 2876
f 2902 2878 2855
f 2876 2902 2847
f 2878 2902 2876
f 2871 2877 2849
f 2878 2871 2855
f 2877 2871 2878
f 2875 2846 2877 2878
f 2847 2902 2904 2903
f 2903 2904 2883 2856
f 2908 2899 2858
f 2899 2904 2872
f 2904 2908 2883
f 2908 2904 2899
f 2902 2855 2872 2904
f 2909 2856 2883
f 2884 2909 2885
f 2856 2909 2884
f 2883 2908 2910 2909
f 2910 2885 2909
f 2922 2908 2858
f 2910 2922 2869
f 2908 2922 2910
f 2858 2921 2923 2922
f 2922 2923 2905 2869
f 2965 2918 2870
f 2918 2923 2895
f 2923 2965 2905
f 2965 2923 2918
f 2921 2868 2895 2923
f 2966 2869 2905
f 2906 2966 2907
f 2869 2966 2906
f 2905 2965 2967 2966
f 2967 2907 2966
f 2962 2965 2870
f 2967 2962 2892
f 2965 2962 2967
f 2870 2961 2964 2962
f 2962 2964 2963 2892
f 2958 2964 2914
f 2963 2958 2893
f 2964 2958 2963
f 2961 2891 2914 2964
f 2892 2963 2974 2973
f 2957 2913 2916
f 2891 2957 2914
f 2913 2957 2891
f 2914 2957 2960 2958
f 2958 2960 2959 2893
f 2954 2960 2925
f 2959 2954 2911
f 2960 2954 2959
f 2957 2916 2925 2960
f 2953 2924 2927
f 2916 2953 2925
f 2924 2953 2916
f 2925 2953 2956 2954
f 2970 2954 2956
f 2911 2970 2955
f 2954 2970 2911
f 2956 2969 2972 2970
f 2970 2972 2971 2955
f 2969 2946 2951 2972
f 2969 2927 2946
f 2953 2969 2956
f 2927 2969 2953
f 2950 2945 2947
f 2927 2950 2946
f 2945 2950 2927
f 2968 2950 2952
f 2946 2968 2951
f 2950 2968 2946
f 2945 2915 2926
f 2924 2945 2927
f 2915 2945 2924
f 2924 2889 2915
f 2913 2924 2916
f 2889 2924 2913
f 2948 2928 2929
f 2889 2948 2915
f 2928 2948 2889
f 2915 2948 2949 2926
f 2917 2894 2897
f 2868 2917 2895
f 2894 2917 2868
f 2895 2917 2920 2918
f 2961 2920 2891
f 2918 2961 2870
f 2920 2961 2918
f 2913 2919 2889
f 2920 2913 2891
f 2919 2913 2920
f 2917 2897 2919 2920
f 2897 2930 2932 2919
f 2928 2932 2912
f 2919 2928 2889
f 2932 2928 2919
f 2930 2896 2931 2932
f 2930 2862 2896
f 2894 2930 2897
f 2862 2930 2894
f 2862 2933 2935 2896
f 2933 2890 2934 2935
f 2898 2871 2874
f 2855 2898 2872
f 2871 2898 2855
f 2872 2898 2901 2899
f 2921 2901 2868
f 2899 2921 2858
f 2901 2921 2899
f 2894 2900 2862
f 2901 2894 2868
f 2900 2894 2901
f 2898 2874 2900 2901
f 2874 2936 2938 2900
f 2933 2938 2890
f 2900 2933 2862
f 2938 2933 2900
f 2938 2937 2857 2890
f 2936 2873 2937 2938
f 2936 2849 2873
f 2871 2936 2874
f 2849 2936 2871
f 2849 2939 2941 2873
f 2939 2863 2940 2941
f 2846 2942 2944 2877
f 2939 2991 2863
f 2991 2877 2944
f 2877 2939 2849
f 2939 2877 2991
f 2944 2990 2993 2991
f 2991 2993 2992 2863
f 2986 2993 2982
f 2992 2986 2848
f 2993 2986 2992
f 2990 2943 2982 2993
f 2990 2748 2943
f 2942 2990 2944
f 2748 2990 2942
f 2981 2975 2977
f 2748 2981 2943
f 2975 2981 2748
f 2985 2981 2984
f 2943 2985 2982
f 2981 2985 2943
f 2982 2985 2989 2986
f 2995 2986 2989
f 2848 2995 2987
f 2986 2995 2848
f 2989 2994 2997 2995
f 2994 2988 2996 2997
f 2994 2984 2988
f 2985 2994 2989
f 2984 2994 2985
f 2984 2998 2999 2988
f 2998 2977 2983
f 2981 2998 2984
f 2977 2998 2981
f 3000 2864 2976
f 2975 3000 2977
f 2864 3000 2975
f 2978 2865 2867
f 224 2978 2853
f 2865 2978 224
f 2853 2978 2980 2881
f 2975 2980 2864
f 2881 2975 2748
f 2980 2975 2881
f 3001 2979 2850
f 2980 3001 2864
f 2979 3001 2980
f 2978 2867 2979 2980
f 2867 3002 3004 2979
f 3023 3002 2866
f 3004 3023 3003
f 3002 3023 3004
f 3002 3014 2866
f 3014 2865 103
f 2865 3002 2867
f 3002 2865 3014
f 104 223 225 221
f 2851 225 224
f 221 2851 106
f 225 2851 221
f 2865 3018 103
f 3018 225 214
f 225 2865 224
f 2865 225 3018
f 223 11 214 225
f 13 226 230 227
f 227 230 228 108
f 230 229 109 228
f 226 107 229 230
f 108 228 234 231
f 231 234 232 5
f 234 233 87 232
f 228 109 233 234
f 109 236 2523 233
f 2518 2614 2436
f 2614 233 2523
f 233 2518 87
f 2518 233 2614
f 2523 2613 2616 2614
f 2609 2616 2561
f 2614 2609 2436
f 2616 2609 2614
f 2633 2615 4
f 2616 2633 2561
f 2615 2633 2616
f 2613 2522 2615 2616
f 2613 105 2522
f 236 2613 2523
f 105 2613 236
f 107 235 237 229
f 229 237 236 109
f 237 219 105 236
f 235 12 219 237
f 440 239 14
f 242 440 238
f 239 440 242
f 421 240 111
f 242 421 239
f 240 421 242
f 242 241 112 240
f 444 242 238
f 241 444 110
f 242 444 241
f 111 240 245 243
f 343 245 175
f 243 343 6
f 245 343 243
f 245 244 89 175
f 240 112 244 245
f 112 246 247 244
f 244 247 184 89
f 247 231 5 184
f 246 108 231 247
f 110 248 249 241
f 241 249 246 112
f 249 227 108 246
f 248 13 227 249
f 15 392 396 393
f 393 396 394 251
f 396 395 254 394
f 392 250 395 396
f 251 394 400 397
f 397 400 398 114
f 400 399 252 398
f 394 254 399 400
f 254 401 404 399
f 399 404 402 252
f 404 403 115 402
f 401 253 403 404
f 250 405 407 395
f 395 407 401 254
f 407 406 253 401
f 405 113 406 407
f 412 398 252
f 398 255 114
f 255 412 257
f 412 255 398
f 356 409 188
f 409 255 257
f 255 356 7
f 356 255 409
f 257 408 411 409
f 409 411 365 188
f 411 410 92 365
f 408 256 410 411
f 252 402 414 412
f 412 414 408 257
f 414 413 256 408
f 402 115 413 414
f 416 413 115
f 413 259 256
f 259 416 258
f 416 259 413
f 410 369 92
f 369 259 200
f 259 410 256
f 410 259 369
f 377 243 6
f 259 377 200
f 243 377 259
f 420 259 258
f 243 420 111
f 259 420 243
f 415 406 449
f 449 406 113
f 406 415 253
f 415 449 260 261
f 253 415 418 403
f 403 418 416 115
f 418 417 258 416
f 415 261 417 418
f 261 419 422 417
f 417 422 420 258
f 422 421 111 420
f 419 239 421 422
f 453 419 261 260
f 419 453 14 239
f 16 262 266 263
f 424 263 266
f 117 424 264
f 263 424 117
f 266 423 427 424
f 424 427 425 264
f 427 426 118 425
f 423 265 426 427
f 423 116 265
f 262 423 266
f 116 423 262
f 117 264 270 267
f 267 270 268 8
f 270 269 95 268
f 425 270 264
f 269 425 118
f 270 425 269
f 429 269 118
f 272 429 271
f 269 429 272
f 269 272 210 95
f 389 255 7
f 272 389 210
f 255 389 272
f 433 272 271
f 255 433 114
f 272 433 255
f 428 436 274
f 436 116 273
f 116 428 265
f 428 116 436
f 265 428 431 426
f 426 431 429 118
f 431 430 271 429
f 428 274 430 431
f 274 432 434 430
f 430 434 433 271
f 434 397 114 433
f 432 251 397 434
f 273 435 437 436
f 436 437 432 274
f 437 393 251 432
f 435 15 393 437
f 17 275 279 276
f 276 279 277 120
f 279 278 121 277
f 275 119 278 279
f 277 281 10522 10338
f 277 10338 120
f 10338 10522 9
f 10522 281 98
f 281 277 121
f 121 280 283 281
f 281 283 282 98
f 283 267 8 282
f 280 117 267 283
f 119 284 285 278
f 278 285 280 121
f 285 263 117 280
f 284 16 263 285
f 10019 10024 9888
f 10021 10019 18
f 10024 10019 10021
f 10136 10234 9604
f 10234 10024 10022
f 10024 10136 9888
f 10136 10024 10234
f 10024 10023 9892 10022
f 10021 9593 10023 10024
f 10232 10268 10185
f 10268 10234 10237
f 10234 10232 9604
f 10232 10234 10268
f 10185 10268 10271 10239
f 10266 10269 10003
f 10271 10266 10239
f 10269 10266 10271
f 10271 10270 10235 10269
f 10268 10237 10270 10271
f 10270 10189 10235
f 10236 10270 10237
f 10189 10270 10236
f 10234 10022 10236 10237
f 10285 10295 10244
f 10295 10269 10289
f 10269 10285 10003
f 10285 10269 10295
f 10293 10298 10290
f 10295 10293 10244
f 10298 10293 10295
f 10298 10297 10287 10296
f 10295 10289 10297 10298
f 10297 10326 10287
f 10326 10288 10247
f 10288 10297 10289
f 10297 10288 10326
f 10269 10235 10288 10289
f 10296 10287 10302 10303
f 10325 10324 10306 10323
f 10322 10304 10324 10325
f 10324 10305 10306
f 10299 10324 10304
f 10305 10324 10299
f 10287 10326 10328 10302
f 10322 10328 10304
f 10302 10322 10300
f 10328 10322 10302
f 10328 10327 10299 10304
f 10326 10247 10327 10328
f 10327 10310 10299
f 10307 10327 10247
f 10310 10327 10307
f 10305 10340 10245
f 10340 10310 10308
f 10310 10305 10299
f 10305 10310 10340
f 10310 10309 10187 10308
f 10307 10246 10309 10310
f 10288 10307 10247
f 10307 10189 10246
f 10189 10288 10235
f 10288 10189 10307
f 10189 10311 10314 10246
f 10309 10312 10187
f 10314 10309 10246
f 10312 10309 10314
f 10314 10313 9890 10312
f 10311 10188 10313 10314
f 10236 10311 10189
f 10311 9892 10188
f 9892 10236 10022
f 10236 9892 10311
f 9892 10315 10318 10188
f 10313 10316 9890
f 10318 10313 10188
f 10316 10313 10318
f 10318 10317 124 10316
f 10315 9891 10317 10318
f 10023 10315 9892
f 10315 122 9891
f 122 10023 9593
f 10023 122 10315
f 10343 10245 10340
f 10343 10342 10330 10341
f 10340 10308 10342 10343
f 10342 10329 10330
f 10187 10342 10308
f 10329 10342 10187
f 10329 10345 10301
f 10345 10312 10333
f 10312 10329 10187
f 10329 10312 10345
f 10301 10345 10348 10344
f 10348 10347 10331 10346
f 10345 10333 10347 10348
f 10347 10248 10331
f 10332 10347 10333
f 10248 10347 10332
f 10312 9890 10332 10333
f 10368 10361 10369 10370
f 10369 10362 10363
f 10355 10369 10361
f 10362 10369 10355
f 10399 10356 10400 10401
f 10362 10399 10357
f 10399 10352 10356
f 10352 10362 10355
f 10362 10352 10399
f 10404 10412 10416 10413
f 10416 10415 10377 10414
f 10412 10403 10415 10416
f 10412 10390 10403
f 10402 10412 10404
f 10390 10412 10402
f 10402 10354 10390
f 10389 10402 10391
f 10354 10402 10389
f 10422 10405 10408
f 10354 10422 10390
f 10405 10422 10354
f 10390 10422 10425 10403
f 10415 10423 10377
f 10425 10415 10403
f 10423 10415 10425
f 10425 10424 10406 10423
f 10422 10408 10424 10425
f 10424 10395 10406
f 10407 10424 10408
f 10395 10424 10407
f 10405 10392 10407 10408
f 10428 10427 10418 10426
f 10423 10406 10427 10428
f 10427 10417 10418
f 10395 10427 10406
f 10417 10427 10395
f 10417 10380 10393
f 10394 10417 10395
f 10380 10417 10394
f 10407 10394 10395
f 10378 10407 10392
f 10394 10407 10378
f 10380 10436 10438 10419
f 10443 10437 10351
f 10438 10443 10429
f 10437 10443 10438
f 10436 10379 10437 10438
f 10394 10436 10380
f 10436 10353 10379
f 10353 10394 10378
f 10394 10353 10436
f 10409 10396 10398
f 10352 10409 10356
f 10396 10409 10352
f 10356 10409 10411 10400
f 10405 10411 10392
f 10400 10405 10354
f 10411 10405 10400
f 10411 10410 10378 10392
f 10409 10398 10410 10411
f 10410 10353 10378
f 10397 10410 10398
f 10353 10410 10397
f 10396 10334 10397 10398
f 10451 10443 10446
f 10429 10451 10435
f 10443 10451 10429
f 10455 10451 10454
f 10435 10455 10442
f 10451 10455 10435
f 10459 10458 10460 10461
f 10460 10452 10456
f 10457 10460 10458
f 10452 10460 10457
f 10455 10454 10457 10458
f 10457 10444 10452
f 10453 10457 10454
f 10444 10457 10453
f 10451 10446 10453 10454
f 10453 10430 10444
f 10445 10453 10446
f 10430 10453 10445
f 10443 10351 10445 10446
f 10445 10450 10430
f 10447 10445 10351
f 10450 10445 10447
f 10450 10449 10434 10448
f 10447 10431 10449 10450
f 10434 10433 10421 10432
f 10449 10433 10434
f 10382 10449 10431
f 10433 10449 10382
f 10473 10421 10471
f 10488 10473 10489 10490
f 10489 10480 10464
f 10480 10472 123
f 10472 10489 10473
f 10489 10472 10480
f 10471 10420 10472 10473
f 10433 10471 10421
f 10471 10350 10420
f 10350 10433 10382
f 10433 10350 10471
f 10397 10439 10353
f 10439 10381 10384
f 10381 10397 10334
f 10397 10381 10439
f 10353 10439 10441 10379
f 10437 10447 10351
f 10447 10441 10431
f 10441 10437 10379
f 10437 10441 10447
f 10441 10440 10382 10431
f 10439 10384 10440 10441
f 10440 10350 10382
f 10383 10440 10384
f 10350 10440 10383
f 10381 10190 10383 10384
f 10332 10358 10248
f 10358 10316 10336
f 10316 10332 9890
f 10332 10316 10358
f 10364 10358 10360
f 10248 10364 10349
f 10358 10364 10248
f 10371 10364 10367
f 10349 10371 10365
f 10364 10371 10349
f 10365 10371 10374 10372
f 10368 10374 10361
f 10372 10368 10191
f 10374 10368 10372
f 10374 10373 10355 10361
f 10371 10367 10373 10374
f 10373 10352 10355
f 10366 10373 10367
f 10352 10373 10366
f 10364 10360 10366 10367
f 10366 10396 10352
f 10396 10359 10334
f 10359 10366 10360
f 10366 10359 10396
f 10358 10336 10359 10360
f 10359 10381 10334
f 10381 10335 10190
f 10335 10359 10336
f 10359 10335 10381
f 10316 124 10335 10336
f 10335 10385 10190
f 10385 10320 10339
f 10320 10335 124
f 10335 10320 10385
f 10383 10474 10350
f 10474 10385 10388
f 10385 10383 10190
f 10383 10385 10474
f 10350 10474 10476 10420
f 10472 10484 123
f 10484 10476 10466
f 10476 10472 10420
f 10472 10476 10484
f 10476 10475 10386 10466
f 10474 10388 10475 10476
f 10475 10514 10386
f 10514 10387 10337
f 10387 10475 10388
f 10475 10387 10514
f 10385 10339 10387 10388
f 10387 10518 10337
f 10518 10338 9
f 10338 10387 10339
f 10387 10338 10518
f 10320 120 10338 10339
f 122 10319 10321 9891
f 10317 10320 124
f 10321 10317 9891
f 10320 10317 10321
f 10321 276 120 10320
f 10319 17 276 10321
f 9992 9960 9989
f 10000 9999 9990 9998
f 9997 9992 9999 10000
f 9999 9985 9990
f 9991 9999 9992
f 9985 9999 9991
f 9989 9460 9991 9992
f 10294 10293 10290 10292
f 10291 10244 10293 10294
f 10291 10285 10244
f 10286 10291 10284
f 10285 10291 10286
f 10265 10003 10285 10286
f 10211 10182 10221 10222
f 10229 10228 10186 10227
f 10226 10208 10228 10229
f 10221 10226 10209
f 10226 10135 10208
f 10135 10221 10182
f 10221 10135 10226
f 10186 10252 10255 10253
f 10260 10254 10240
f 10255 10260 10241
f 10254 10260 10255
f 10252 10231 10254 10255
f 10272 10277 10257
f 10277 10258 10243
f 10258 10272 10259
f 10272 10258 10277
f 10256 10250 10258 10259
f 10256 10241 10250
f 10249 10256 10251
f 10241 10256 10249
f 10277 10243 10278 10279
f 10278 10283 10273
f 10280 10278 10243
f 10283 10278 10280
f 10283 10282 10276 10281
f 10280 10261 10282 10283
f 10276 10275 10238 10274
f 10282 10275 10276
f 10242 10282 10261
f 10275 10282 10242
f 10241 10260 10263 10250
f 10258 10280 10243
f 10280 10263 10261
f 10263 10258 10250
f 10258 10263 10280
f 10263 10262 10242 10261
f 10260 10240 10262 10263
f 10262 10267 10242
f 10264 10262 10240
f 10267 10262 10264
f 10275 10265 10238
f 10267 10275 10242
f 10265 10275 10267
f 10267 10266 10003 10265
f 10264 10239 10266 10267
f 10254 10264 10240
f 10264 10185 10239
f 10185 10254 10231
f 10254 10185 10264
f 10135 10230 10233 10208
f 10228 10252 10186
f 10252 10233 10231
f 10233 10228 10208
f 10228 10233 10252
f 10233 10232 10185 10231
f 10230 9604 10232 10233
f 9991 9996 9985
f 9993 9991 9460
f 9996 9991 9993
f 9994 9985 9996
f 9996 9995 9988 9994
f 9993 9950 9995 9996
f 10026 10032 10035 10033
f 10029 10035 10006
f 10033 10029 10004
f 10035 10029 10033
f 10066 10034 9986
f 10035 10066 10006
f 10034 10066 10035
f 10032 10025 10034 10035
f 10032 9988 10025
f 9994 10032 10026
f 9988 10032 9994
f 9988 10036 10038 10025
f 10034 10051 9986
f 10051 10038 10009
f 10038 10034 10025
f 10034 10038 10051
f 10038 10037 9955 10009
f 10036 9987 10037 10038
f 9995 10036 9988
f 10036 9885 9987
f 9885 9995 9950
f 9995 9885 10036
f 10069 10055 10070 10071
f 10081 10063 10065
f 10031 10081 10055
f 10063 10081 10031
f 10055 10081 10083 10070
f 10077 10083 10059
f 10070 10077 10027
f 10083 10077 10070
f 10083 10082 10043 10059
f 10081 10065 10082 10083
f 10082 10008 10043
f 10064 10082 10065
f 10008 10082 10064
f 10063 10030 10064 10065
f 10063 10006 10030
f 10029 10063 10031
f 10006 10063 10029
f 10128 10108 10129 10130
f 10129 10121 10122
f 10090 10129 10108
f 10121 10129 10090
f 10093 10107 10110 10105
f 10110 10109 10090 10108
f 10107 10092 10109 10110
f 10107 10073 10092
f 10091 10107 10093
f 10073 10107 10091
f 10095 10084 10126 10127
f 10073 10111 10114 10092
f 10109 10112 10090
f 10114 10109 10092
f 10112 10109 10114
f 10114 10113 10097 10112
f 10111 10094 10113 10114
f 10121 10125 10106
f 10112 10121 10090
f 10125 10121 10112
f 10125 10124 10095 10123
f 10112 10097 10124 10125
f 10124 10084 10095
f 10096 10124 10097
f 10084 10124 10096
f 10113 10096 10097
f 10042 10113 10094
f 10096 10113 10042
f 10102 10075 10103 10104
f 10075 10115 10117 10103
f 10111 10117 10094
f 10103 10111 10073
f 10117 10111 10103
f 10117 10116 10042 10094
f 10115 10074 10116 10117
f 10115 10057 10074
f 10072 10115 10075
f 10057 10115 10072
f 10072 10027 10057
f 10056 10072 10058
f 10027 10072 10056
f 10118 10077 10080
f 10027 10118 10057
f 10077 10118 10027
f 10057 10118 10120 10074
f 10116 10098 10042
f 10120 10116 10074
f 10098 10116 10120
f 10120 10119 10078 10098
f 10118 10080 10119 10120
f 10119 10062 10078
f 10079 10119 10080
f 10062 10119 10079
f 10077 10059 10079 10080
f 10096 10101 10084
f 10098 10096 10042
f 10101 10096 10098
f 10126 10099 10076
f 10101 10126 10084
f 10099 10126 10101
f 10101 10100 10087 10099
f 10098 10078 10100 10101
f 10087 10086 10060 10085
f 10100 10086 10087
f 10062 10100 10078
f 10086 10100 10062
f 10086 10046 10060
f 10061 10086 10062
f 10046 10086 10061
f 10079 10061 10062
f 10043 10079 10059
f 10061 10079 10043
f 10060 10046 10088 10089
f 10088 10028 10044
f 10045 10088 10046
f 10028 10088 10045
f 10061 10045 10046
f 10008 10061 10043
f 10045 10061 10008
f 10045 10050 10028
f 10047 10045 10008
f 10050 10045 10047
f 10050 10049 10005 10048
f 10047 10007 10049 10050
f 10006 10066 10068 10030
f 10064 10047 10008
f 10068 10064 10030
f 10047 10064 10068
f 10068 10067 10007 10047
f 10066 9986 10067 10068
f 10164 10149 10165 10166
f 10165 10156 10138
f 10156 10148 9953
f 10148 10165 10149
f 10165 10148 10156
f 10147 10144 10148 10149
f 10147 10001 10144
f 10010 10147 10145
f 10001 10147 10010
f 10067 10054 10007
f 10051 10067 9986
f 10054 10067 10051
f 10049 10052 10005
f 10054 10049 10007
f 10052 10049 10054
f 10054 10053 10012 10052
f 10051 10009 10053 10054
f 10012 10011 10001 10010
f 10053 10011 10012
f 9955 10053 10009
f 10011 10053 9955
f 10011 10150 10001
f 10150 10013 10016
f 10013 10011 9955
f 10011 10013 10150
f 10001 10150 10152 10144
f 10148 10160 9953
f 10160 10152 10140
f 10152 10148 10144
f 10148 10152 10160
f 10152 10151 10014 10140
f 10150 10016 10151 10152
f 10151 9889 10014
f 10015 10151 10016
f 9889 10151 10015
f 10013 9954 10015 10016
f 9885 10039 10041 9987
f 10037 10013 9955
f 10041 10037 9987
f 10013 10037 10041
f 10041 10040 9954 10013
f 10039 9718 10040 10041
f 10153 10138 10154 10155
f 10154 10159 10146
f 10156 10154 10138
f 10159 10154 10156
f 10159 10158 10139 10157
f 10156 9953 10158 10159
f 10214 10206 10215 10216
f 10223 10168 10224 10225
f 10205 10204 10181 10203
f 10197 10173 10204 10205
f 10204 10180 10181
f 10002 10204 10173
f 10180 10204 10002
f 10158 10163 10139
f 10160 10158 9953
f 10163 10158 10160
f 10139 10163 10161 10131
f 10163 10162 10143 10161
f 10160 10140 10162 10163
f 10143 10142 10134 10141
f 10162 10142 10143
f 10014 10162 10140
f 10142 10162 10014
f 10200 10195 10201 10202
f 10201 10132 10193
f 10194 10201 10195
f 10132 10201 10194
f 10192 10170 10194 10195
f 10192 10167 10170
f 10169 10192 10171
f 10167 10192 10169
f 10196 10172 10175
f 10134 10196 10167
f 10172 10196 10134
f 10167 10196 10199 10170
f 10194 10197 10132
f 10199 10194 10170
f 10197 10194 10199
f 10199 10198 10173 10197
f 10196 10175 10198 10199
f 10198 10002 10173
f 10174 10198 10175
f 10002 10198 10174
f 10172 10133 10174 10175
f 10142 10172 10134
f 10172 9889 10133
f 9889 10142 10014
f 10142 9889 10172
f 9889 10176 10179 10133
f 10174 10177 10002
f 10179 10174 10133
f 10177 10174 10179
f 10179 10178 10137 10177
f 10176 10018 10178 10179
f 10180 10210 10168
f 10210 10177 10184
f 10177 10180 10002
f 10180 10177 10210
f 10224 10217 10206
f 10217 10210 10213
f 10210 10224 10168
f 10224 10210 10217
f 10215 10220 10207
f 10217 10215 10206
f 10220 10215 10217
f 10220 10219 10211 10218
f 10217 10213 10219 10220
f 10219 10182 10211
f 10212 10219 10213
f 10182 10219 10212
f 10210 10184 10212 10213
f 10212 10135 10182
f 10183 10212 10184
f 10135 10212 10183
f 10177 10137 10183 10184
f 10183 10230 10135
f 10230 10136 9604
f 10136 10183 10137
f 10183 10136 10230
f 10178 10136 10137
f 9888 10178 10018
f 10136 10178 9888
f 10040 10020 9954
f 10017 10040 9718
f 10020 10040 10017
f 10015 10176 9889
f 10176 10020 10018
f 10020 10015 9954
f 10015 10020 10176
f 10020 10019 9888 10018
f 10017 18 10019 10020
f 4324 4245 4247
f 19 4324 4180
f 4245 4324 19
f 4180 4324 4326 4325
f 4325 4326 4242 127
f 4321 4303 4145
f 4326 4321 4242
f 4303 4321 4326
f 4324 4247 4303 4326
f 4247 4302 4305 4303
f 4298 4409 4254
f 4409 4303 4305
f 4303 4298 4145
f 4298 4303 4409
f 4305 4408 4411 4409
f 4409 4411 4346 4254
f 4404 4468 3904
f 4468 4411 4410
f 4411 4404 4346
f 4404 4411 4468
f 4408 4304 4410 4411
f 4408 4505 4304
f 4505 4302 4246
f 4302 4408 4305
f 4408 4302 4505
f 4302 4509 4246
f 4509 4245 3903
f 4245 4302 4247
f 4302 4245 4509
f 4280 4322 4244
f 4322 127 4242
f 127 4280 4176
f 4280 127 4322
f 4176 4280 4282 4281
f 4281 4282 4240 3901
f 4278 4282 4257
f 4240 4278 4165
f 4282 4278 4240
f 4280 4244 4257 4282
f 4277 4319 4259
f 4319 4244 4256
f 4244 4277 4257
f 4277 4244 4319
f 4257 4277 4279 4278
f 4278 4279 4268 4165
f 4283 4274 4253
f 4274 4279 4263
f 4279 4283 4268
f 4283 4279 4274
f 4277 4259 4263 4279
f 4273 4316 4265
f 4316 4259 4262
f 4259 4273 4263
f 4273 4259 4316
f 4263 4273 4276 4274
f 4270 4276 4260
f 4274 4270 4253
f 4276 4270 4274
f 4273 4265 4275 4276
f 4312 4265 4308
f 4275 4312 4309
f 4265 4312 4275
f 4308 4311 4314 4312
f 4312 4314 4313 4309
f 4329 4311 4264
f 4314 4329 4289
f 4311 4329 4314
f 4262 4315 4317 4316
f 4316 4317 4308 4265
f 4311 4333 4264
f 4333 4317 4292
f 4317 4311 4308
f 4311 4317 4333
f 4315 4258 4292 4317
f 4256 4318 4320 4319
f 4319 4320 4262 4259
f 4315 4295 4258
f 4320 4315 4262
f 4295 4315 4320
f 4318 4243 4295 4320
f 4242 4321 4323 4322
f 4322 4323 4256 4244
f 4318 4299 4243
f 4323 4318 4256
f 4299 4318 4323
f 4321 4145 4299 4323
f 4250 4240 4241
f 3901 4250 4214
f 4240 4250 3901
f 4252 4250 4251
f 4214 4252 4238
f 4250 4252 4214
f 4268 4269 4165
f 4268 4283 4285 4284
f 4271 4283 4253
f 4285 4271 4261
f 4283 4271 4285
f 4253 4270 4272 4271
f 4260 4272 4270
f 4145 4298 4301 4299
f 4294 4368 4266
f 4368 4299 4301
f 4299 4294 4243
f 4294 4299 4368
f 4301 4367 4369 4368
f 4368 4369 4339 4266
f 4373 4364 4255
f 4364 4369 4353
f 4369 4373 4339
f 4373 4369 4364
f 4367 4300 4353 4369
f 4367 4254 4300
f 4298 4367 4301
f 4254 4367 4298
f 4243 4294 4297 4295
f 4291 4297 4286
f 4295 4291 4258
f 4297 4291 4295
f 4343 4297 4296
f 4286 4343 4267
f 4297 4343 4286
f 4294 4266 4296 4297
f 4332 4291 4293
f 4258 4332 4292
f 4291 4332 4258
f 4292 4332 4335 4333
f 4328 4335 4288
f 4333 4328 4264
f 4335 4328 4333
f 4336 4334 4287
f 4335 4336 4288
f 4334 4336 4335
f 4332 4293 4334 4335
f 4286 4293 4291
f 4264 4328 4331 4329
f 4329 4331 4310 4289
f 4327 4330 4290
f 4331 4327 4310
f 4330 4327 4331
f 4328 4288 4330 4331
f 4288 4336 4338 4330
f 4336 4287 4337 4338
f 4342 4374 4341
f 4374 4266 4339
f 4266 4342 4296
f 4342 4266 4374
f 4296 4342 4344 4343
f 4341 4344 4342
f 4339 4373 4375 4374
f 4375 4341 4374
f 4340 4375 4371
f 4371 4375 4350
f 4381 4373 4255
f 4375 4381 4350
f 4373 4381 4375
f 4255 4380 4382 4381
f 4381 4382 4370 4350
f 4376 4387 4351
f 4387 4382 4360
f 4382 4376 4370
f 4376 4382 4387
f 4380 4349 4360 4382
f 4377 4350 4370
f 4371 4377 4372
f 4350 4377 4371
f 4370 4376 4379 4377
f 4377 4379 4378 4372
f 4376 4351 4358 4379
f 4357 4383 4385 4384
f 4386 4359 4362
f 4349 4386 4360
f 4359 4386 4349
f 4360 4386 4389 4387
f 4387 4389 4357 4351
f 4383 4388 4356
f 4389 4383 4357
f 4388 4383 4389
f 4386 4362 4388 4389
f 4359 4345 4361 4362
f 4352 4405 4348
f 4405 4254 4346
f 4254 4352 4300
f 4352 4254 4405
f 4363 4352 4355
f 4300 4363 4353
f 4352 4363 4300
f 4353 4363 4366 4364
f 4380 4366 4349
f 4364 4380 4255
f 4366 4380 4364
f 4359 4365 4345
f 4366 4359 4349
f 4365 4359 4366
f 4363 4355 4365 4366
f 4401 4352 4348
f 4355 4401 4354
f 4352 4401 4355
f 4348 4400 4403 4401
f 4401 4403 4396 4354
f 4397 4415 4391
f 4415 4403 4402
f 4403 4397 4396
f 4397 4403 4415
f 4400 4390 4402 4403
f 4396 4397 4399 4398
f 4414 4412 4413
f 4390 4414 4402
f 4412 4414 4390
f 4402 4414 4417 4415
f 4414 4413 4416 4417
f 4346 4404 4407 4405
f 4400 4407 4390
f 4405 4400 4348
f 4407 4400 4405
f 4412 4425 4347
f 4425 4407 4406
f 4407 4412 4390
f 4412 4407 4425
f 4404 3904 4406 4407
f 4424 4418 4420
f 3904 4424 4406
f 4418 4424 3904
f 4406 4424 4427 4425
f 4427 4347 4425
f 4424 4420 4426 4427
f 4428 4477 4419
f 4477 4418 4392
f 4418 4428 4420
f 4428 4418 4477
f 4392 4465 4478 4477
f 4429 4461 4476 4475
f 3903 4508 4511 4509
f 4504 4511 4393
f 4509 4504 4246
f 4511 4504 4509
f 4561 4642 4307
f 4642 4511 4510
f 4511 4561 4393
f 4561 4511 4642
f 4508 4306 4510 4511
f 4246 4504 4507 4505
f 4505 4507 4421 4304
f 4500 4506 4395
f 4507 4500 4421
f 4506 4500 4507
f 4504 4393 4506 4507
f 4467 4501 4423
f 4501 4304 4421
f 4304 4467 4410
f 4467 4304 4501
f 4410 4467 4469 4468
f 4468 4469 4418 3904
f 4464 4469 4435
f 4418 4464 4392
f 4469 4464 4418
f 4467 4423 4435 4469
f 4463 4497 4437
f 4497 4423 4434
f 4423 4463 4435
f 4463 4423 4497
f 4435 4463 4466 4464
f 4464 4466 4465 4392
f 4460 4466 4439
f 4465 4460 4429
f 4466 4460 4465
f 4463 4437 4439 4466
f 4459 4493 4441
f 4493 4437 4438
f 4437 4459 4439
f 4459 4437 4493
f 4439 4459 4462 4460
f 4460 4462 4461 4429
f 4456 4462 4445
f 4461 4456 4430
f 4462 4456 4461
f 4459 4441 4445 4462
f 4455 4489 4447
f 4489 4441 4444
f 4441 4455 4445
f 4455 4441 4489
f 4445 4455 4458 4456
f 4472 4456 4458
f 4430 4472 4457
f 4456 4472 4430
f 4458 4471 4474 4472
f 4472 4474 4473 4457
f 4481 4471 4450
f 4474 4481 4453
f 4471 4481 4474
f 4471 4485 4450
f 4485 4455 4447
f 4455 4471 4458
f 4471 4455 4485
f 4447 4484 4487 4485
f 4480 4487 4452
f 4485 4480 4450
f 4487 4480 4485
f 4517 4486 4451
f 4487 4517 4452
f 4486 4517 4487
f 4484 4449 4486 4487
f 4450 4480 4483 4481
f 4520 4481 4483
f 4453 4520 4470
f 4481 4520 4453
f 4483 4519 4522 4520
f 4529 4520 4522
f 4470 4529 4479
f 4520 4529 4470
f 4522 4528 4531 4529
f 4542 4529 4531
f 4479 4542 4515
f 4529 4542 4479
f 4531 4541 4544 4542
f 4542 4544 4523 4515
f 4537 4543 4454
f 4544 4537 4523
f 4543 4537 4544
f 4541 4530 4543 4544
f 4541 4521 4530
f 4528 4541 4531
f 4521 4541 4528
f 4528 4482 4521
f 4519 4528 4522
f 4482 4528 4519
f 4519 4452 4482
f 4480 4519 4483
f 4452 4519 4480
f 4515 4516 4479
f 4538 4515 4523
f 4524 4538 4525
f 4515 4538 4524
f 4523 4537 4540 4538
f 4546 4538 4540
f 4525 4546 4532
f 4538 4546 4525
f 4540 4545 4548 4546
f 4545 4539 4547 4548
f 4545 4454 4539
f 4537 4545 4540
f 4454 4545 4537
f 4454 4549 4550 4539
f 4526 4517 4518
f 4452 4526 4482
f 4517 4526 4452
f 4534 4526 4527
f 4482 4534 4521
f 4526 4534 4482
f 4551 4534 4536
f 4521 4551 4530
f 4534 4551 4521
f 4530 4551 4552 4543
f 4549 4552 4533
f 4543 4549 4454
f 4552 4549 4543
f 4536 4552 4551
f 4534 4527 4535 4536
f 4444 4488 4491 4489
f 4484 4491 4449
f 4489 4484 4447
f 4491 4484 4489
f 4491 4490 4446 4449
f 4488 4440 4490 4491
f 4438 4492 4495 4493
f 4493 4495 4444 4441
f 4488 4494 4440
f 4495 4488 4444
f 4494 4488 4495
f 4492 4436 4494 4495
f 4434 4496 4499 4497
f 4497 4499 4438 4437
f 4492 4498 4436
f 4499 4492 4438
f 4498 4492 4499
f 4496 4422 4498 4499
f 4421 4500 4503 4501
f 4501 4503 4434 4423
f 4496 4502 4422
f 4503 4496 4434
f 4502 4496 4503
f 4500 4395 4502 4503
f 4395 4558 4560 4502
f 4567 4560 4442
f 4502 4567 4422
f 4560 4567 4502
f 4554 4559 4432
f 4560 4554 4442
f 4559 4554 4560
f 4558 4431 4559 4560
f 4422 4567 4568 4498
f 4498 4568 4448 4436
f 4565 4568 4555
f 4448 4565 4443
f 4568 4565 4448
f 4567 4442 4555 4568
f 4564 4554 4557
f 4442 4564 4555
f 4554 4564 4442
f 4555 4564 4566 4565
f 4566 4443 4565
f 4557 4566 4564
f 4554 4432 4556 4557
f 4431 4596 4597 4559
f 4594 4596 4394
f 4597 4594 4570
f 4596 4594 4597
f 4393 4561 4563 4506
f 4558 4611 4431
f 4611 4506 4563
f 4506 4558 4395
f 4558 4506 4611
f 4563 4610 4612 4611
f 4611 4612 4596 4431
f 4608 4612 4579
f 4596 4608 4394
f 4612 4608 4596
f 4610 4562 4579 4612
f 4610 4307 4562
f 4561 4610 4563
f 4307 4610 4561
f 4578 4639 4573
f 4639 4307 4571
f 4307 4578 4562
f 4578 4307 4639
f 4607 4578 4581
f 4562 4607 4579
f 4578 4607 4562
f 4579 4607 4609 4608
f 4608 4609 4593 4394
f 4603 4587 4569
f 4609 4603 4593
f 4587 4603 4609
f 4607 4581 4587 4609
f 4581 4586 4589 4587
f 4582 4589 4576
f 4587 4582 4569
f 4589 4582 4587
f 4615 4588 4553
f 4589 4615 4576
f 4588 4615 4589
f 4586 4580 4588 4589
f 4586 4573 4580
f 4578 4586 4581
f 4573 4586 4578
f 4573 4590 4591 4580
f 4571 4638 4640 4639
f 4639 4640 4590 4573
f 4636 4640 4619
f 4590 4636 4572
f 4640 4636 4590
f 4638 4433 4619 4640
f 4604 4394 4593
f 4594 4604 4595
f 4394 4604 4594
f 4593 4603 4606 4604
f 4604 4606 4605 4595
f 4599 4606 4583
f 4605 4599 4577
f 4606 4599 4605
f 4603 4569 4583 4606
f 4598 4582 4585
f 4569 4598 4583
f 4582 4598 4569
f 4583 4598 4602 4599
f 4599 4602 4600 4577
f 4598 4585 4601 4602
f 4585 4613 4614 4601
f 4613 4576 4584
f 4582 4613 4585
f 4576 4613 4582
f 4635 4684 4621
f 4684 4433 4618
f 4433 4635 4619
f 4635 4433 4684
f 4619 4635 4637 4636
f 4657 4636 4637
f 4572 4657 4617
f 4636 4657 4572
f 4637 4656 4659 4657
f 4657 4659 4658 4617
f 4653 4659 4632
f 4658 4653 4616
f 4659 4653 4658
f 4656 4627 4632 4659
f 4656 4680 4627
f 4680 4635 4621
f 4635 4656 4637
f 4656 4635 4680
f 4621 4679 4682 4680
f 4680 4682 4631 4627
f 4675 4681 4629
f 4682 4675 4631
f 4681 4675 4682
f 4679 4626 4681 4682
f 4652 4676 4634
f 4676 4627 4631
f 4627 4652 4632
f 4652 4627 4676
f 4632 4652 4655 4653
f 4653 4655 4654 4616
f 4649 4655 4645
f 4654 4649 4625
f 4655 4649 4654
f 4672 4652 4634
f 4655 4672 4645
f 4652 4672 4655
f 4634 4671 4674 4672
f 4672 4674 4648 4645
f 4667 4673 4646
f 4674 4667 4648
f 4673 4667 4674
f 4671 4644 4673 4674
f 4668 4645 4648
f 4649 4668 4651
f 4645 4668 4649
f 4692 4660 4664
f 4665 4692 4666
f 4660 4692 4665
f 4735 4664 4691
f 4692 4735 4694
f 4664 4735 4692
f 4691 4734 4736 4735
f 4736 4694 4735
f 4693 4736 4732
f 4732 4736 4710
f 4744 4734 4650
f 4736 4744 4710
f 4734 4744 4736
f 4648 4667 4670 4668
f 4702 4668 4670
f 4651 4702 4660
f 4668 4702 4651
f 4670 4701 4704 4702
f 4729 4702 4704
f 4660 4729 4664
f 4702 4729 4660
f 4704 4728 4730 4729
f 4729 4730 4691 4664
f 4734 4725 4650
f 4725 4730 4713
f 4730 4734 4691
f 4734 4730 4725
f 4728 4703 4713 4730
f 4728 4669 4703
f 4701 4728 4704
f 4669 4728 4701
f 4701 4646 4669
f 4667 4701 4670
f 4646 4701 4667
f 4706 4695 4697
f 4646 4706 4669
f 4695 4706 4646
f 4712 4706 4708
f 4669 4712 4703
f 4706 4712 4669
f 4724 4712 4715
f 4703 4724 4713
f 4712 4724 4703
f 4713 4724 4727 4725
f 4743 4727 4709
f 4725 4743 4650
f 4727 4743 4725
f 4720 4726 4705
f 4727 4720 4709
f 4726 4720 4727
f 4724 4715 4726 4727
f 4712 4708 4714 4715
f 4706 4697 4707 4708
f 4695 4663 4696 4697
f 4650 4743 4745 4744
f 4744 4745 4731 4710
f 4739 4721 4711
f 4745 4739 4731
f 4721 4739 4745
f 4743 4709 4721 4745
f 4740 4710 4731
f 4732 4740 4733
f 4710 4740 4732
f 4731 4739 4742 4740
f 4740 4742 4741 4733
f 4739 4711 4718 4742
f 4737 4717 4719
f 4711 4737 4718
f 4717 4737 4711
f 4737 4738 4718
f 4709 4720 4723 4721
f 4717 4723 4716
f 4721 4717 4711
f 4723 4717 4721
f 4720 4705 4722 4723
f 4644 4698 4700 4673
f 4695 4700 4663
f 4673 4695 4646
f 4700 4695 4673
f 4698 4633 4699 4700
f 4631 4675 4678 4676
f 4671 4678 4644
f 4676 4671 4634
f 4678 4671 4676
f 4698 4677 4633
f 4678 4698 4644
f 4677 4698 4678
f 4675 4629 4677 4678
f 4681 4647 4629
f 4647 4620 4628
f 4620 4681 4626
f 4681 4620 4647
f 4618 4683 4686 4684
f 4679 4686 4626
f 4684 4679 4621
f 4686 4679 4684
f 4686 4685 4620 4626
f 4683 4592 4685 4686
f 4617 4658 4662 4661
f 4641 5001 4575
f 5001 4306 4574
f 4306 4641 4510
f 4641 4306 5001
f 4510 4641 4643 4642
f 4642 4643 4571 4307
f 4638 4688 4433
f 4688 4643 4623
f 4643 4638 4571
f 4638 4643 4688
f 4641 4575 4623 4643
f 4687 4998 4624
f 4998 4575 4622
f 4575 4687 4623
f 4687 4575 4998
f 4623 4687 4690 4688
f 4688 4690 4618 4433
f 4683 4689 4592
f 4690 4683 4618
f 4689 4683 4690
f 4687 4624 4689 4690
f 4624 4995 4996 4689
f 4689 4996 4630 4592
f 5007 4622 4997
f 4998 5007 4999
f 4622 5007 4998
f 4998 4999 4995 4624
f 5024 4997 5006
f 5007 5024 5009
f 4997 5024 5007
f 5007 5009 5008 4999
f 5006 5018 5026 5024
f 5024 5026 5025 5009
f 5037 4574 5000
f 5001 5037 5002
f 4574 5037 5001
f 5011 5001 5002
f 4575 5011 4622
f 5001 5011 4575
f 5034 5002 5010
f 5011 5034 5012
f 5002 5034 5011
f 5014 5011 5012
f 4622 5014 4997
f 5011 5014 4622
f 5031 5012 5013
f 5014 5031 5015
f 5012 5031 5014
f 5017 5014 5015
f 4997 5017 5006
f 5014 5017 4997
f 5028 5015 5016
f 5017 5028 5019
f 5015 5028 5017
f 5021 5017 5019
f 5006 5021 5018
f 5017 5021 5006
f 5019 5020 5023 5021
f 5021 5023 5022 5018
f 5016 5027 5029 5028
f 5028 5029 5020 5019
f 5013 5030 5032 5031
f 5043 5031 5032
f 5015 5043 5016
f 5031 5043 5015
f 5032 5042 5044 5043
f 5043 5044 5027 5016
f 5010 5033 5035 5034
f 5034 5035 5013 5012
f 5000 5036 5038 5037
f 5037 5038 5010 5002
f 3588 4179 128
f 4179 20 125
f 20 3588 126
f 3588 20 4179
f 3777 3588 3590
f 126 3777 3282
f 3588 3777 126
f 3282 3777 3780 3778
f 3830 3780 3585
f 3778 3830 10
f 3780 3830 3778
f 3773 3779 3259
f 3780 3773 3585
f 3779 3773 3780
f 3777 3590 3779 3780
f 3590 3897 3899 3779
f 3894 3999 3737
f 3999 3779 3899
f 3779 3894 3259
f 3894 3779 3999
f 3899 3998 4001 3999
f 3994 4001 3936
f 3999 3994 3737
f 4001 3994 3999
f 4007 4000 101
f 4001 4007 3936
f 4000 4007 4001
f 3998 3898 4000 4001
f 3998 3589 3898
f 3897 3998 3899
f 3589 3998 3897
f 3897 128 3589
f 3588 3897 3590
f 128 3897 3588
f 3983 4175 3902
f 4175 128 3900
f 128 3983 3589
f 3983 128 4175
f 4016 3983 3985
f 3589 4016 3898
f 3983 4016 3589
f 3898 4016 4018 4000
f 4013 4018 3982
f 4000 4013 101
f 4018 4013 4000
f 4045 4157 3910
f 4157 4018 4017
f 4018 4045 3982
f 4045 4018 4157
f 4016 3985 4017 4018
f 4156 4140 4142
f 3985 4156 4017
f 4140 4156 3985
f 4017 4156 4158 4157
f 4158 3910 4157
f 4030 4158 4153
f 4153 4158 4147
f 4156 4142 4147 4158
f 4152 4146 4149
f 4142 4152 4147
f 4146 4152 4142
f 4147 4152 4155 4153
f 4152 4149 4154 4155
f 4159 4188 4148
f 4188 4146 4141
f 4146 4159 4149
f 4159 4146 4188
f 4146 4167 4141
f 4167 4140 3984
f 4140 4146 4142
f 4146 4140 4167
f 4140 4171 3984
f 4171 3983 3902
f 3983 4140 3985
f 4140 3983 4171
f 3902 4170 4173 4171
f 4166 4226 4150
f 4226 4171 4173
f 4171 4166 3984
f 4166 4171 4226
f 4173 4225 4228 4226
f 4226 4228 4191 4150
f 4221 4227 4144
f 4228 4221 4191
f 4227 4221 4228
f 4225 4172 4227 4228
f 4225 4143 4172
f 4170 4225 4173
f 4143 4225 4170
f 3984 4166 4169 4167
f 4187 4199 4160
f 4199 4167 4169
f 4167 4187 4141
f 4187 4167 4199
f 4169 4198 4201 4199
f 4194 4201 4161
f 4199 4194 4160
f 4201 4194 4199
f 4202 4200 4151
f 4201 4202 4161
f 4200 4202 4201
f 4198 4168 4200 4201
f 4198 4150 4168
f 4166 4198 4169
f 4150 4198 4166
f 4141 4187 4189 4188
f 4189 4148 4188
f 4195 4187 4160
f 4189 4195 4162
f 4187 4195 4189
f 4160 4194 4197 4195
f 4195 4197 4186 4162
f 4190 4206 4163
f 4206 4197 4196
f 4197 4190 4186
f 4190 4197 4206
f 4194 4161 4196 4197
f 4205 4202 4204
f 4161 4205 4196
f 4202 4205 4161
f 4196 4205 4208 4206
f 4208 4163 4206
f 4205 4204 4207 4208
f 4202 4151 4203 4204
f 4222 4150 4191
f 4168 4222 4193
f 4150 4222 4168
f 4218 4193 4209
f 4210 4218 4211
f 4193 4218 4210
f 4209 4217 4220 4218
f 4220 4211 4218
f 4217 4192 4219 4220
f 4191 4221 4224 4222
f 4222 4224 4209 4193
f 4217 4223 4192
f 4224 4217 4209
f 4223 4217 4224
f 4221 4144 4223 4224
f 4144 4231 4233 4223
f 4229 4233 4216
f 4223 4229 4192
f 4233 4229 4223
f 4231 4212 4232 4233
f 4192 4229 4230 4219
f 4234 4213 4215
f 4143 4234 4172
f 4213 4234 4143
f 4172 4234 4236 4227
f 4231 4236 4212
f 4227 4231 4144
f 4236 4231 4227
f 4236 4235 4164 4212
f 4234 4215 4235 4236
f 4215 4237 4239 4235
f 4239 4164 4235
f 4237 4214 4238 4239
f 4237 3901 4214
f 4213 4237 4215
f 3901 4237 4213
f 3900 4174 4177 4175
f 4170 4177 4143
f 4175 4170 3902
f 4177 4170 4175
f 4213 4281 3901
f 4281 4177 4176
f 4177 4213 4143
f 4213 4177 4281
f 4174 127 4176 4177
f 125 4178 4181 4179
f 4179 4181 3900 128
f 4174 4325 127
f 4325 4181 4180
f 4181 4174 3900
f 4174 4181 4325
f 4178 19 4180 4181
f 21 129 131 130
f 213 3281 102
f 3281 130 131
f 130 213 11
f 213 130 3281
f 131 3280 3283 3281
f 3276 3283 3071
f 3281 3276 102
f 3283 3276 3281
f 3423 3778 10
f 3778 3283 3282
f 3283 3423 3071
f 3423 3283 3778
f 3280 126 3282 3283
f 3280 20 126
f 129 3280 131
f 20 3280 129
f 286 132 134
f 22 286 133
f 132 286 22
f 133 286 289 287
f 287 289 218 12
f 289 288 104 218
f 286 134 288 289
f 288 223 104
f 223 130 11
f 130 288 134
f 288 130 223
f 132 21 130 134
f 290 135 137
f 23 290 136
f 135 290 23
f 136 290 293 291
f 291 293 226 13
f 293 292 107 226
f 290 137 292 293
f 137 294 295 292
f 292 295 235 107
f 295 287 12 235
f 294 133 287 295
f 294 22 133
f 135 294 137
f 22 294 135
f 24 296 300 297
f 297 300 298 139
f 300 299 140 298
f 296 138 299 300
f 438 298 303
f 139 438 301
f 298 438 139
f 301 438 442 439
f 439 442 440 14
f 442 441 238 440
f 438 303 441 442
f 303 443 446 441
f 441 446 444 238
f 446 445 110 444
f 443 302 445 446
f 443 140 302
f 298 443 303
f 140 443 298
f 140 304 305 302
f 445 248 110
f 305 445 302
f 248 445 305
f 305 291 13 248
f 304 136 291 305
f 299 304 140
f 304 23 136
f 23 299 138
f 299 23 304
f 306 141 143
f 25 306 142
f 141 306 25
f 142 306 309 307
f 392 309 250
f 307 392 15
f 309 392 307
f 405 448 113
f 448 309 308
f 309 405 250
f 405 309 448
f 306 143 308 309
f 447 310 311
f 143 447 308
f 310 447 143
f 308 447 451 448
f 448 451 449 113
f 451 450 260 449
f 447 311 450 451
f 311 452 454 450
f 450 454 453 260
f 454 439 14 453
f 452 301 439 454
f 452 139 301
f 310 452 311
f 139 452 310
f 310 297 139
f 297 141 24
f 141 310 143
f 310 141 297
f 26 312 316 313
f 313 316 314 145
f 316 315 146 314
f 312 144 315 316
f 145 314 322 320
f 320 322 262 16
f 322 321 116 262
f 314 146 321 322
f 146 323 324 321
f 321 324 273 116
f 435 307 15
f 324 435 273
f 307 435 324
f 323 142 307 324
f 315 323 146
f 323 25 142
f 25 315 144
f 315 25 323
f 27 325 329 326
f 326 329 327 148
f 329 328 149 327
f 325 147 328 329
f 327 331 275
f 275 331 119
f 331 327 149
f 327 275 17 148
f 149 330 332 331
f 331 332 284 119
f 332 320 16 284
f 330 145 320 332
f 147 333 334 328
f 328 334 330 149
f 334 313 145 330
f 333 26 313 334
f 28 335 339 336
f 9572 337 151
f 339 9572 336
f 337 9572 339
f 339 338 152 337
f 335 150 338 339
f 9591 9595 9461
f 337 9591 151
f 9595 9591 337
f 9719 10021 18
f 10021 9595 9593
f 9595 9719 9461
f 9719 9595 10021
f 9595 9594 122 9593
f 337 152 9594 9595
f 10319 9594 341
f 341 9594 152
f 9594 10319 122
f 10319 341 148 17
f 150 340 342 338
f 338 342 341 152
f 342 326 148 341
f 340 27 326 342
f 9501 9505 9497
f 9502 9501 9491
f 9505 9501 9502
f 9518 9503 9489
f 9505 9518 9497
f 9503 9518 9505
f 9505 9504 9480 9503
f 9502 9490 9504 9505
f 9514 9502 9491
f 9502 9477 9490
f 9477 9514 9488
f 9514 9477 9502
f 9507 9498 9480
f 9498 9476 9478
f 9476 9507 9479
f 9507 9476 9498
f 9477 9506 9509 9490
f 9504 9507 9480
f 9509 9504 9490
f 9507 9504 9509
f 9509 9508 9479 9507
f 9506 9443 9508 9509
f 9517 9516 9477 9488
f 9515 9494 9516 9517
f 9516 9506 9477
f 9506 9493 9443
f 9493 9516 9494
f 9516 9493 9506
f 9492 9452 9493 9494
f 9492 9463 9469
f 9469 9463 9448
f 9463 9492 9453
f 9492 9469 9352 9452
f 9467 9466 9448 9465
f 9464 9451 9466 9467
f 9450 9468 9471 9451
f 9466 9469 9448
f 9471 9466 9451
f 9469 9466 9471
f 9471 9470 9352 9469
f 9468 9449 9470 9471
f 9468 9388 9449
f 9436 9468 9450
f 9388 9468 9436
f 9349 9444 9447 9435
f 9442 9445 9434
f 9447 9442 9435
f 9445 9442 9447
f 9447 9446 9438 9445
f 9444 9409 9446 9447
f 9438 9437 9388 9436
f 9446 9437 9438
f 165 9446 9409
f 9437 9446 165
f 9618 9606 9607
f 9583 9618 9605
f 9606 9618 9583
f 9621 9620 9583 9605
f 9619 9596 9620 9621
f 9612 9584 9653 9654
f 9681 9649 9679
f 9681 9680 9637 9663
f 9679 9648 9680 9681
f 9679 9634 9648
f 9647 9679 9649
f 9634 9679 9647
f 9678 9677 9666 9676
f 9675 9663 9677 9678
f 9666 9665 9655 9664
f 9677 9665 9666
f 9637 9677 9663
f 9665 9677 9637
f 9665 9670 9655
f 9667 9665 9637
f 9670 9665 9667
f 9655 9670 9668 9635
f 9670 9669 9615 9668
f 9667 9636 9669 9670
f 9634 9682 9684 9648
f 9680 9667 9637
f 9684 9680 9648
f 9667 9680 9684
f 9684 9683 9636 9667
f 9682 9628 9683 9684
f 9682 9651 9628
f 9652 9682 9634
f 9651 9682 9652
f 9650 9617 9651 9652
f 9651 9671 9628
f 9671 9639 9642
f 9639 9651 9617
f 9651 9639 9671
f 9683 9674 9636
f 9671 9683 9628
f 9674 9683 9671
f 9669 9672 9615
f 9674 9669 9636
f 9672 9669 9674
f 9674 9673 9640 9672
f 9671 9642 9673 9674
f 9673 9536 9640
f 9641 9673 9642
f 9536 9673 9641
f 9639 9616 9641 9642
f 9653 9639 9617
f 9639 9575 9616
f 9575 9653 9584
f 9653 9575 9639
f 9531 9622 9624 9596
f 9620 9608 9583
f 9624 9620 9596
f 9608 9620 9624
f 9624 9623 9600 9608
f 9622 9597 9623 9624
f 9606 9611 9601
f 9608 9606 9583
f 9611 9606 9608
f 9609 9601 9611
f 9611 9610 9598 9609
f 9608 9600 9610 9611
f 9610 9586 9598
f 9599 9610 9600
f 9586 9610 9599
f 9623 9599 9600
f 9579 9623 9597
f 9599 9623 9579
f 9614 9613 9584 9612
f 9598 9586 9613 9614
f 9613 9575 9584
f 9585 9613 9586
f 9575 9613 9585
f 9599 9585 9586
f 9457 9599 9579
f 9585 9599 9457
f 9819 9837 9839 9832
f 9833 9839 9824
f 9832 9833 9811
f 9839 9833 9832
f 9839 9838 9534 9824
f 9837 9818 9838 9839
f 9837 9806 9818
f 9817 9837 9819
f 9806 9837 9817
f 9784 9783 9756 9782
f 9759 9688 9783 9784
f 9805 9804 9765
f 9795 9775 9796 9797
f 9778 9777 9755 9776
f 9796 9777 9778
f 9767 9796 9775
f 9777 9796 9767
f 9800 9799 9767 9775
f 9798 9757 9799 9800
f 9798 9802 9757
f 9803 9798 9766
f 9802 9798 9803
f 9801 9711 9802 9803
f 9802 9791 9757
f 9791 9768 9771
f 9768 9802 9711
f 9802 9768 9791
f 9799 9794 9767
f 9791 9799 9757
f 9794 9799 9791
f 9777 9792 9755
f 9794 9777 9767
f 9792 9777 9794
f 9794 9793 9769 9792
f 9791 9771 9793 9794
f 9793 9761 9769
f 9770 9793 9771
f 9761 9793 9770
f 9768 9758 9770 9771
f 9781 9780 9759 9779
f 9769 9761 9780 9781
f 9780 9688 9759
f 9760 9780 9761
f 9688 9780 9760
f 9770 9760 9761
f 9710 9770 9758
f 9760 9770 9710
f 9685 9772 9774 9765
f 9805 9768 9711
f 9768 9774 9758
f 9774 9805 9765
f 9805 9774 9768
f 9774 9773 9710 9758
f 9772 9602 9773 9774
f 9748 9704 9749 9750
f 9749 9728 9702
f 9728 9703 9694
f 9703 9749 9704
f 9749 9703 9728
f 9701 9696 9703 9704
f 9703 9732 9694
f 9732 9695 9692
f 9695 9703 9696
f 9703 9695 9732
f 9693 9689 9695 9696
f 9725 9723 9751 9752
f 9727 9726 9723 9725
f 9724 9702 9726 9727
f 9726 9731 9723
f 9728 9726 9702
f 9731 9726 9728
f 9751 9729 9722
f 9731 9751 9723
f 9729 9751 9731
f 9731 9730 9721 9729
f 9728 9694 9730 9731
f 9733 9753 9707
f 9753 9690 9705
f 9690 9733 9706
f 9733 9690 9753
f 9730 9735 9721
f 9732 9730 9694
f 9735 9730 9732
f 9721 9735 9733 9707
f 9735 9734 9706 9733
f 9732 9692 9734 9735
f 9734 9739 9706
f 9736 9734 9692
f 9739 9734 9736
f 9706 9739 9737 9690
f 9739 9738 9687 9737
f 9736 9691 9738 9739
f 9695 9736 9692
f 9736 9657 9691
f 9657 9695 9689
f 9695 9657 9736
f 9737 9754 9690
f 9754 9708 9709
f 9708 9737 9687
f 9737 9708 9754
f 9772 9708 9741
f 9741 9708 9687
f 9708 9772 9685
f 9772 9741 9686 9602
f 9657 9740 9743 9691
f 9738 9741 9687
f 9743 9738 9691
f 9741 9738 9743
f 9743 9742 9686 9741
f 9740 9629 9742 9743
f 9697 9656 9672
f 9672 9656 9615
f 9656 9697 9638
f 9697 9672 9640 9659
f 9638 9697 9700 9698
f 9693 9700 9689
f 9698 9693 9630
f 9700 9693 9698
f 9700 9699 9657 9689
f 9697 9659 9699 9700
f 9699 9740 9657
f 9740 9658 9629
f 9658 9699 9659
f 9699 9658 9740
f 9640 9536 9658 9659
f 9658 9744 9629
f 9744 9644 9662
f 9644 9658 9536
f 9658 9644 9744
f 9742 9747 9686
f 9744 9742 9629
f 9747 9742 9744
f 9686 9747 9745 9602
f 9747 9746 9660 9745
f 9744 9662 9746 9747
f 9746 9633 9660
f 9661 9746 9662
f 9633 9746 9661
f 9644 9587 9661 9662
f 9773 9764 9710
f 9745 9773 9602
f 9764 9773 9745
f 9760 9762 9688
f 9764 9760 9710
f 9762 9760 9764
f 9764 9763 9714 9762
f 9745 9660 9763 9764
f 9783 9820 9756
f 9820 9762 9787
f 9762 9783 9688
f 9783 9762 9820
f 9840 9820 9822
f 9756 9840 9806
f 9820 9840 9756
f 9806 9840 9842 9818
f 9838 9828 9534
f 9842 9838 9818
f 9828 9838 9842
f 9842 9841 9813 9828
f 9840 9822 9841 9842
f 9841 9785 9813
f 9821 9841 9822
f 9785 9841 9821
f 9820 9787 9821 9822
f 9821 9712 9785
f 9786 9821 9787
f 9712 9821 9786
f 9762 9714 9786 9787
f 9786 9631 9712
f 9713 9786 9714
f 9631 9786 9713
f 9763 9713 9714
f 9633 9763 9660
f 9713 9763 9633
f 9713 9462 9631
f 9632 9713 9633
f 9462 9713 9632
f 9661 9632 9633
f 9535 9661 9587
f 9632 9661 9535
f 9585 9643 9575
f 9643 9567 9589
f 9567 9585 9457
f 9585 9567 9643
f 9575 9643 9646 9616
f 9641 9644 9536
f 9646 9641 9616
f 9644 9641 9646
f 9646 9645 9587 9644
f 9643 9589 9645 9646
f 9645 9535 9587
f 9588 9645 9589
f 9535 9645 9588
f 9567 9341 9588 9589
f 9825 9812 9850 9851
f 9843 9833 9836
f 9811 9843 9823
f 9833 9843 9811
f 9846 9845 9834 9844
f 9843 9836 9845 9846
f 9845 9827 9834
f 9835 9845 9836
f 9827 9845 9835
f 9833 9824 9835 9836
f 9849 9848 9825 9847
f 9834 9827 9848 9849
f 9848 9812 9825
f 9826 9848 9827
f 9812 9848 9826
f 9835 9826 9827
f 9534 9835 9824
f 9826 9835 9534
f 9927 9931 9926
f 9928 9927 9905
f 9931 9927 9928
f 9931 9930 9925 9929
f 9928 9900 9930 9931
f 9924 9928 9905
f 9928 9906 9900
f 9906 9924 9907
f 9924 9906 9928
f 9904 9893 9906 9907
f 9938 9937 9872 9936
f 9909 9894 9937 9938
f 9906 9932 9900
f 9932 9908 9911
f 9908 9906 9893
f 9906 9908 9932
f 9930 9935 9925
f 9932 9930 9900
f 9935 9930 9932
f 9925 9935 9933 9895
f 9935 9934 9909 9933
f 9932 9911 9934 9935
f 9934 9894 9909
f 9910 9934 9911
f 9894 9934 9910
f 9908 9881 9910 9911
f 9921 9903 9922 9923
f 9922 9908 9893
f 9908 9902 9881
f 9902 9922 9903
f 9922 9902 9908
f 9901 9715 9902 9903
f 9966 9981 9980
f 9979 9963 9980 9981
f 9966 9965 9957 9964
f 9980 9965 9966
f 9959 9980 9963
f 9965 9980 9959
f 9958 9982 9984 9975
f 9984 9983 9959 9963
f 9982 9942 9983 9984
f 9983 9970 9959
f 9967 9983 9942
f 9970 9983 9967
f 9965 9968 9957
f 9970 9965 9959
f 9968 9965 9970
f 9970 9969 9956 9968
f 9967 9939 9969 9970
f 9976 9940 9944
f 9916 9976 9941
f 9940 9976 9916
f 9982 9977 9942
f 9978 9982 9958
f 9977 9982 9978
f 9976 9944 9977 9978
f 9977 9967 9942
f 9967 9943 9939
f 9943 9977 9944
f 9977 9943 9967
f 9940 9882 9943 9944
f 9989 9961 9460
f 9962 9989 9960
f 9961 9989 9962
f 9946 9919 9961 9962
f 9943 9971 9939
f 9971 9945 9948
f 9945 9943 9882
f 9943 9945 9971
f 9969 9974 9956
f 9971 9969 9939
f 9974 9969 9971
f 9956 9974 9972 9920
f 9974 9973 9946 9972
f 9971 9948 9973 9974
f 9973 9919 9946
f 9947 9973 9948
f 9919 9973 9947
f 9945 9853 9947 9948
f 9902 9912 9881
f 9912 9896 9899
f 9896 9902 9715
f 9902 9896 9912
f 9910 9915 9894
f 9912 9910 9881
f 9915 9910 9912
f 9937 9913 9872
f 9915 9937 9894
f 9913 9937 9915
f 9915 9914 9897 9913
f 9912 9899 9914 9915
f 9914 9884 9897
f 9898 9914 9899
f 9884 9914 9898
f 9896 9863 9898 9899
f 9940 9917 9882
f 9918 9940 9916
f 9917 9940 9918
f 9897 9884 9917 9918
f 9917 9945 9882
f 9945 9883 9853
f 9883 9917 9884
f 9917 9883 9945
f 9898 9883 9884
f 9603 9898 9863
f 9883 9898 9603
f 9826 9831 9812
f 9828 9826 9534
f 9831 9826 9828
f 9850 9829 9807
f 9831 9850 9812
f 9829 9850 9831
f 9831 9830 9816 9829
f 9828 9813 9830 9831
f 9816 9815 9810 9814
f 9830 9815 9816
f 9785 9830 9813
f 9815 9830 9785
f 9810 9809 9790 9808
f 9815 9809 9810
f 9712 9815 9785
f 9809 9815 9712
f 9808 9790 9870 9871
f 9870 9858 9788
f 9858 9789 9717
f 9789 9870 9790
f 9870 9789 9858
f 9809 9789 9790
f 9631 9809 9712
f 9789 9809 9631
f 9855 9788 9856 9857
f 9879 9878 9875 9877
f 9876 9859 9878 9879
f 9880 9901 9873
f 9901 9874 9715
f 9874 9880 9875
f 9880 9874 9901
f 9878 9874 9875
f 9852 9878 9859
f 9874 9878 9852
f 9856 9861 9854
f 9858 9856 9788
f 9861 9856 9858
f 9861 9860 9852 9859
f 9858 9717 9860 9861
f 9860 9865 9852
f 9862 9860 9717
f 9865 9860 9862
f 9874 9896 9715
f 9896 9865 9863
f 9865 9874 9852
f 9874 9865 9896
f 9865 9864 9603 9863
f 9862 9716 9864 9865
f 9789 9862 9717
f 9862 9462 9716
f 9462 9789 9631
f 9789 9462 9862
f 9462 9866 9869 9716
f 9864 9867 9603
f 9869 9864 9716
f 9867 9864 9869
f 9869 9868 9720 9867
f 9866 9590 9868 9869
f 9883 9949 9853
f 9949 9867 9887
f 9867 9883 9603
f 9883 9867 9949
f 9947 9952 9919
f 9949 9947 9853
f 9952 9947 9949
f 9961 9993 9460
f 9993 9952 9950
f 9952 9961 9919
f 9961 9952 9993
f 9952 9951 9885 9950
f 9949 9887 9951 9952
f 9951 10039 9885
f 10039 9886 9718
f 9886 9951 9887
f 9951 9886 10039
f 9867 9720 9886 9887
f 9886 10017 9718
f 10017 9719 18
f 9719 9886 9720
f 9886 9719 10017
f 9868 9719 9720
f 9461 9868 9590
f 9719 9868 9461
f 9588 9592 9535
f 9571 9588 9341
f 9592 9588 9571
f 9632 9866 9462
f 9866 9592 9590
f 9592 9632 9535
f 9632 9592 9866
f 9592 9591 9461 9590
f 9571 151 9591 9592
f 9437 9472 9388
f 9472 9399 9441
f 9399 9437 165
f 9437 9399 9472
f 9388 9472 9475 9449
f 9470 9473 9352
f 9475 9470 9449
f 9473 9470 9475
f 9475 9474 9439 9473
f 9472 9441 9474 9475
f 9474 9391 9439
f 9440 9474 9441
f 9391 9474 9440
f 9399 9338 9440 9441
f 9352 9473 9496 9452
f 9493 9510 9443
f 9510 9496 9481
f 9496 9493 9452
f 9493 9496 9510
f 9496 9495 9456 9481
f 9473 9439 9495 9496
f 9508 9513 9479
f 9510 9508 9443
f 9513 9508 9510
f 9479 9513 9511 9476
f 9513 9512 9484 9511
f 9510 9481 9512 9513
f 9542 9499 9511
f 9511 9499 9476
f 9499 9542 9269
f 9542 9511 9484 9482
f 9484 9483 9454 9482
f 9512 9483 9484
f 9456 9512 9481
f 9483 9512 9456
f 9483 9389 9454
f 9455 9483 9456
f 9389 9483 9455
f 9495 9455 9456
f 9391 9495 9439
f 9455 9495 9391
f 9455 9342 9389
f 9390 9455 9391
f 9342 9455 9390
f 9440 9390 9391
f 9113 9440 9338
f 9390 9440 9113
f 9551 9542 9544
f 9269 9551 9519
f 9542 9551 9269
f 9519 9551 9553 9545
f 9547 9553 9538
f 9545 9547 9500
f 9553 9547 9545
f 9553 9552 9524 9538
f 9551 9544 9552 9553
f 9552 9522 9524
f 9543 9552 9544
f 9522 9552 9543
f 9542 9482 9543 9544
f 9500 9547 9550 9537
f 9546 9548 9523
f 9550 9546 9537
f 9548 9546 9550
f 9550 9549 9541 9548
f 9547 9538 9549 9550
f 9541 9540 9527 9539
f 9549 9540 9541
f 9524 9549 9538
f 9540 9549 9524
f 9527 9526 9520 9525
f 9540 9526 9527
f 9522 9540 9524
f 9526 9540 9522
f 9526 9487 9520
f 9521 9526 9522
f 9487 9526 9521
f 9543 9521 9522
f 9454 9543 9482
f 9521 9543 9454
f 9554 9558 9528
f 9558 9529 9485
f 9529 9554 9530
f 9554 9529 9558
f 9520 9487 9529 9530
f 9529 9562 9485
f 9562 9486 9459
f 9486 9529 9487
f 9529 9486 9562
f 9521 9486 9487
f 9389 9521 9454
f 9486 9521 9389
f 9557 9561 9556
f 9558 9557 9528
f 9561 9557 9558
f 9561 9560 9555 9559
f 9558 9485 9560 9561
f 9576 9533 9577 9578
f 9577 9625 9574
f 9625 9563 9581
f 9563 9577 9533
f 9577 9563 9625
f 9574 9625 9627 9582
f 9622 9627 9597
f 9582 9622 9531
f 9627 9622 9582
f 9627 9626 9579 9597
f 9625 9581 9626 9627
f 9626 9457 9579
f 9580 9626 9581
f 9457 9626 9580
f 9563 9532 9580 9581
f 9560 9565 9555
f 9562 9560 9485
f 9565 9560 9562
f 9555 9565 9563 9533
f 9565 9564 9532 9563
f 9562 9459 9564 9565
f 9564 9569 9532
f 9566 9564 9459
f 9569 9564 9566
f 9580 9567 9457
f 9569 9580 9532
f 9567 9580 9569
f 9569 9568 9341 9567
f 9566 9458 9568 9569
f 9486 9566 9459
f 9566 9342 9458
f 9342 9486 9389
f 9486 9342 9566
f 9342 9570 9573 9458
f 9568 9571 9341
f 9573 9568 9458
f 9571 9568 9573
f 9573 9572 151 9571
f 9570 336 9572 9573
f 9390 9570 9342
f 9570 28 336
f 28 9390 9113
f 9390 28 9570
f 5224 5052 4249
f 5052 29 4248
f 29 5224 4184
f 5224 29 5052
f 4184 5224 5226 5225
f 5225 5226 4245 19
f 5226 4513 3903 4245
f 5221 5224 4249
f 5226 5221 4513
f 5224 5221 5226
f 4249 5220 5223 5221
f 5221 5223 5222 4513
f 5217 5223 5049
f 5222 5217 4514
f 5223 5217 5222
f 5220 4512 5049 5223
f 5222 5004 4508
f 4508 5004 4306
f 5004 5222 4514
f 5222 4508 3903 4513
f 5046 5218 5003
f 5218 5004 4514
f 5004 5046 5005
f 5046 5004 5218
f 5040 5004 5005
f 4306 5040 4574
f 5004 5040 4306
f 5005 5039 5041 5040
f 5040 5041 5000 4574
f 5058 5214 5045
f 5214 5046 5003
f 5046 5058 5047
f 5058 5046 5214
f 5046 5047 5039 5005
f 5065 5210 5057
f 5210 5058 5045
f 5058 5065 5060
f 5065 5058 5210
f 5058 5060 5059 5047
f 5057 5064 5067 5065
f 5065 5067 5066 5060
f 5216 5088 5050
f 5088 4512 5048
f 4512 5216 5049
f 5216 4512 5088
f 5049 5216 5219 5217
f 5217 5219 5218 4514
f 5213 5219 5062
f 5218 5213 5003
f 5219 5213 5218
f 5216 5050 5062 5219
f 5212 5085 5063
f 5085 5050 5061
f 5050 5212 5062
f 5212 5050 5085
f 5062 5212 5215 5213
f 5213 5215 5214 5003
f 5209 5215 5069
f 5214 5209 5045
f 5215 5209 5214
f 5212 5063 5069 5215
f 5208 5082 5070
f 5082 5063 5068
f 5063 5208 5069
f 5208 5063 5082
f 5069 5208 5211 5209
f 5209 5211 5210 5045
f 5211 5072 5057 5210
f 5205 5208 5070
f 5211 5205 5072
f 5208 5205 5211
f 5070 5204 5207 5205
f 5205 5207 5206 5072
f 5207 5079 5073 5206
f 5201 5204 5071
f 5207 5201 5079
f 5204 5201 5207
f 5075 5206 5073
f 5206 5057 5072
f 5057 5075 5064
f 5075 5057 5206
f 5073 5074 5077 5075
f 5075 5077 5076 5064
f 5071 5200 5203 5201
f 5201 5203 5202 5079
f 5197 5203 5098
f 5202 5197 5080
f 5203 5197 5202
f 5200 5078 5098 5203
f 5094 5202 5080
f 5202 5073 5079
f 5073 5094 5074
f 5094 5073 5202
f 5111 5198 5093
f 5198 5094 5080
f 5094 5111 5096
f 5111 5094 5198
f 5094 5096 5095 5074
f 5118 5194 5105
f 5194 5111 5093
f 5111 5118 5113
f 5118 5111 5194
f 5111 5113 5112 5096
f 5144 5190 5109
f 5190 5118 5105
f 5118 5144 5120
f 5144 5118 5190
f 5118 5120 5119 5113
f 5109 5116 5146 5144
f 5144 5146 5145 5120
f 5196 5132 5099
f 5132 5078 5097
f 5078 5196 5098
f 5196 5078 5132
f 5098 5196 5199 5197
f 5197 5199 5198 5080
f 5193 5199 5104
f 5198 5193 5093
f 5199 5193 5198
f 5196 5099 5104 5199
f 5192 5129 5106
f 5129 5099 5103
f 5099 5192 5104
f 5192 5099 5129
f 5104 5192 5195 5193
f 5193 5195 5194 5093
f 5189 5195 5108
f 5194 5189 5105
f 5195 5189 5194
f 5192 5106 5108 5195
f 5188 5126 5110
f 5126 5106 5107
f 5106 5188 5108
f 5188 5106 5126
f 5108 5188 5191 5189
f 5189 5191 5190 5105
f 5191 5115 5109 5190
f 5185 5188 5110
f 5191 5185 5115
f 5188 5185 5191
f 5110 5184 5187 5185
f 5185 5187 5186 5115
f 5187 5122 5117 5186
f 5181 5184 5114
f 5187 5181 5122
f 5184 5181 5187
f 5141 5186 5117
f 5186 5109 5115
f 5109 5141 5116
f 5141 5109 5186
f 5117 5123 5143 5141
f 5141 5143 5142 5116
f 5114 5180 5183 5181
f 5181 5183 5182 5122
f 5177 5183 5152
f 5182 5177 5124
f 5183 5177 5182
f 5180 5121 5152 5183
f 5138 5182 5124
f 5182 5117 5122
f 5117 5138 5123
f 5138 5117 5182
f 5148 5178 5137
f 5178 5138 5124
f 5138 5148 5140
f 5148 5138 5178
f 5138 5140 5139 5123
f 5174 5148 5137
f 5150 5174 5147
f 5148 5174 5150
f 5148 5150 5149 5140
f 5176 5167 5153
f 5167 5121 5151
f 5121 5176 5152
f 5176 5121 5167
f 5152 5176 5179 5177
f 5177 5179 5178 5124
f 5173 5179 5158
f 5178 5173 5137
f 5179 5173 5178
f 5231 5176 5153
f 5179 5231 5158
f 5176 5231 5179
f 5153 5230 5232 5231
f 5231 5232 5172 5158
f 5228 5232 5165
f 5172 5228 5159
f 5232 5228 5172
f 5230 5157 5165 5232
f 5158 5172 5175 5173
f 5173 5175 5174 5137
f 5175 5160 5147 5174
f 5162 5172 5159
f 5175 5162 5160
f 5172 5162 5175
f 5159 5161 5164 5162
f 5162 5164 5163 5160
f 5165 5227 5229 5228
f 5228 5229 5161 5159
f 5151 5166 5168 5167
f 5230 5233 5157
f 5233 5167 5168
f 5167 5230 5153
f 5230 5167 5233
f 5107 5125 5127 5126
f 5184 5155 5114
f 5155 5126 5127
f 5126 5184 5110
f 5184 5126 5155
f 5127 5154 5156 5155
f 5180 5170 5121
f 5170 5155 5156
f 5155 5180 5114
f 5180 5155 5170
f 5156 5169 5171 5170
f 5170 5171 5151 5121
f 5103 5128 5130 5129
f 5129 5130 5107 5106
f 5097 5131 5133 5132
f 5132 5133 5103 5099
f 5068 5081 5083 5082
f 5204 5101 5071
f 5101 5082 5083
f 5082 5204 5070
f 5204 5082 5101
f 5083 5100 5102 5101
f 5200 5135 5078
f 5135 5101 5102
f 5101 5200 5071
f 5200 5101 5135
f 5102 5134 5136 5135
f 5135 5136 5097 5078
f 5061 5084 5086 5085
f 5085 5086 5068 5063
f 5048 5087 5089 5088
f 5088 5089 5061 5050
f 5241 4248 5051
f 5052 5241 5053
f 4248 5241 5052
f 5220 5091 4512
f 5091 5052 5053
f 5052 5220 4249
f 5220 5052 5091
f 5238 5053 5090
f 5091 5238 5092
f 5053 5238 5091
f 5235 5091 5092
f 4512 5235 5048
f 5091 5235 4512
f 5254 5092 5234
f 5235 5254 5236
f 5092 5254 5235
f 5235 5236 5087 5048
f 5234 5248 5256 5254
f 5254 5256 5255 5236
f 5261 5090 5237
f 5238 5261 5239
f 5090 5261 5238
f 5247 5238 5239
f 5092 5247 5234
f 5238 5247 5092
f 5258 5239 5246
f 5247 5258 5249
f 5239 5258 5247
f 5251 5247 5249
f 5234 5251 5248
f 5247 5251 5234
f 5249 5250 5253 5251
f 5251 5253 5252 5248
f 5246 5257 5259 5258
f 5258 5259 5250 5249
f 5237 5260 5262 5261
f 5261 5262 5246 5239
f 5296 5051 5240
f 5241 5296 5242
f 5051 5296 5241
f 5264 5241 5242
f 5053 5264 5090
f 5241 5264 5053
f 5242 5263 5265 5264
f 5264 5265 5237 5090
f 5240 5271 5297 5296
f 5296 5297 5263 5242
f 30 4182 4185 4183
f 4183 4185 125 20
f 4178 5225 19
f 5225 4185 4184
f 4185 4178 125
f 4178 4185 5225
f 4182 29 4184 4185
f 129 4183 20
f 4183 31 30
f 31 129 21
f 129 31 4183
f 132 31 21
f 32 132 22
f 31 132 32
f 155 135 23
f 135 32 22
f 32 155 33
f 155 32 135
f 34 153 156 154
f 296 156 138
f 154 296 24
f 156 296 154
f 156 155 23 138
f 153 33 155 156
f 154 141 318
f 318 141 25
f 141 154 24
f 154 318 35 34
f 36 317 319 159
f 312 319 144
f 159 312 26
f 319 312 159
f 319 318 25 144
f 317 35 318 319
f 37 157 160 158
f 325 160 147
f 158 325 27
f 160 325 158
f 333 159 26
f 160 333 147
f 159 333 160
f 157 36 159 160
f 8916 163 162
f 161 8916 38
f 163 8916 161
f 9114 335 28
f 335 163 150
f 163 9114 162
f 9114 163 335
f 340 158 27
f 163 340 150
f 158 340 163
f 161 37 158 163
f 9055 9054 9048 9053
f 9052 9032 9054 9055
f 9054 9059 9048
f 9056 9054 9032
f 9059 9054 9056
f 9048 9059 9057 9043
f 9059 9058 9042 9057
f 9056 8888 9058 9059
f 9037 9036 9010 9026
f 9035 9011 9036 9037
f 9052 9050 9032
f 9051 9052 9047
f 9050 9052 9051
f 9049 9034 9050 9051
f 9050 9056 9032
f 9056 9033 8888
f 9033 9050 9034
f 9050 9033 9056
f 9012 8976 9033 9034
f 8932 9038 9040 9011
f 9036 9028 9010
f 9040 9036 9011
f 9028 9036 9040
f 9040 9039 9014 9028
f 9038 8999 9039 9040
f 9027 9031 9024
f 9028 9027 9010
f 9031 9027 9028
f 9041 9029 8977
f 9031 9041 9024
f 9029 9041 9031
f 9031 9030 9012 9029
f 9028 9014 9030 9031
f 9030 8976 9012
f 9013 9030 9014
f 8976 9030 9013
f 9039 9013 9014
f 8911 9039 8999
f 9013 9039 8911
f 8994 8993 8980
f 9002 8981 8984
f 8965 9002 8974
f 8981 9002 8965
f 8974 9002 9005 8980
f 8994 9003 8963
f 9005 8994 8980
f 9003 8994 9005
f 9005 9004 8982 9003
f 9002 8984 9004 9005
f 9004 8934 8982
f 8983 9004 8984
f 8934 9004 8983
f 8981 8964 8983 8984
f 8981 8925 8964
f 8929 8981 8965
f 8925 8981 8929
f 9006 9009 8995
f 9003 9006 8963
f 9009 9006 9003
f 9009 9008 8998 9007
f 9003 8982 9008 9009
f 8998 8997 8975 8996
f 9008 8997 8998
f 8934 9008 8982
f 8997 9008 8934
f 8997 9001 8975
f 8986 8997 8934
f 9001 8997 8986
f 9038 9001 8999
f 8975 9038 8932
f 9001 9038 8975
f 9001 9000 8911 8999
f 8986 8933 9000 9001
f 8925 8985 8988 8964
f 8983 8986 8934
f 8988 8983 8964
f 8986 8983 8988
f 8988 8987 8933 8986
f 8985 8511 8987 8988
f 9156 9168 9167
f 9153 9116 9167 9168
f 9155 9154 9116 9153
f 9152 9138 9154 9155
f 9152 9106 9138
f 9137 9152 9139
f 9106 9152 9137
f 9093 9161 9163 9150
f 9157 9163 9140
f 9150 9157 9106
f 9163 9157 9150
f 9163 9162 9120 9140
f 9161 9117 9162 9163
f 9106 9157 9160 9138
f 9154 9158 9116
f 9160 9154 9138
f 9158 9154 9160
f 9160 9159 9143 9158
f 9157 9140 9159 9160
f 9167 9171 9156
f 9158 9167 9116
f 9171 9167 9158
f 9169 9156 9171
f 9171 9170 9141 9169
f 9158 9143 9170 9171
f 9170 9118 9141
f 9142 9170 9143
f 9118 9170 9142
f 9159 9142 9143
f 9120 9159 9140
f 9142 9159 9120
f 9142 9077 9118
f 9119 9142 9120
f 9077 9142 9119
f 9162 9119 9120
f 9092 9162 9117
f 9119 9162 9092
f 9072 9164 9166 9151
f 9161 9166 9117
f 9151 9161 9093
f 9166 9161 9151
f 9166 9165 9092 9117
f 9164 9065 9165 9166
f 9174 9173 9146 9172
f 9141 9118 9173 9174
f 9146 9145 9107 9144
f 9173 9145 9146
f 9077 9173 9118
f 9145 9173 9077
f 9145 9149 9107
f 9122 9145 9077
f 9149 9145 9122
f 9107 9149 9147 9075
f 9149 9148 9070 9147
f 9122 9076 9148 9149
f 9165 9124 9092
f 9121 9165 9065
f 9124 9165 9121
f 9119 9122 9077
f 9124 9119 9092
f 9122 9119 9124
f 9124 9123 9076 9122
f 9121 9018 9123 9124
f 9186 9185 9176 9184
f 9183 9178 9185 9186
f 9185 9068 9176
f 9177 9185 9178
f 9068 9185 9177
f 9175 9108 9177 9178
f 9070 9126 9182 9108
f 9177 9180 9068
f 9182 9177 9108
f 9180 9177 9182
f 9182 9181 9023 9180
f 9126 9069 9181 9182
f 9123 9128 9076
f 9125 9123 9018
f 9128 9123 9125
f 9148 9126 9070
f 9128 9148 9076
f 9126 9148 9128
f 9128 9127 9069 9126
f 9125 8912 9127 9128
f 9232 9231 9220 9230
f 9229 9221 9231 9232
f 9234 9222 9220
f 9222 9216 9218
f 9216 9234 9219
f 9234 9216 9222
f 9211 9233 9236 9221
f 9231 9234 9220
f 9236 9231 9221
f 9234 9231 9236
f 9236 9235 9219 9234
f 9233 9200 9235 9236
f 9238 9223 9216
f 9223 9110 9214
f 9110 9238 9215
f 9238 9110 9223
f 9235 9240 9219
f 9237 9235 9200
f 9240 9235 9237
f 9219 9240 9238 9216
f 9240 9239 9215 9238
f 9237 9197 9239 9240
f 9233 9212 9200
f 9213 9233 9211
f 9212 9233 9213
f 9210 9202 9212 9213
f 9212 9237 9200
f 9237 9201 9197
f 9201 9212 9202
f 9212 9201 9237
f 9199 9179 9201 9202
f 9199 9188 9179
f 9189 9199 9187
f 9188 9199 9189
f 9196 9188 9189
f 9068 9196 9176
f 9188 9196 9068
f 9214 9110 9224 9225
f 9242 9224 9110
f 9224 9228 9217
f 9228 9242 9204
f 9242 9228 9224
f 9226 9217 9228
f 9228 9227 9209 9226
f 9204 9190 9227 9228
f 9262 9261 9207 9254
f 9226 9209 9261 9262
f 9261 9278 9207
f 9278 9208 9021
f 9208 9261 9209
f 9261 9208 9278
f 9227 9208 9209
f 9109 9227 9190
f 9208 9227 9109
f 9188 9203 9179
f 9203 9180 9192
f 9180 9188 9068
f 9188 9180 9203
f 9201 9241 9197
f 9241 9203 9206
f 9203 9201 9179
f 9201 9203 9241
f 9239 9244 9215
f 9241 9239 9197
f 9244 9239 9241
f 9215 9244 9242 9110
f 9244 9243 9204 9242
f 9241 9206 9243 9244
f 9243 9190 9204
f 9205 9243 9206
f 9190 9243 9205
f 9203 9192 9205 9206
f 9205 9109 9190
f 9191 9205 9192
f 9109 9205 9191
f 9180 9023 9191 9192
f 9191 9195 9109
f 9130 9191 9023
f 9195 9191 9130
f 9208 9282 9021
f 9282 9195 9193
f 9195 9208 9109
f 9208 9195 9282
f 9195 9194 166 9193
f 9130 9022 9194 9195
f 9127 9132 9069
f 9129 9127 8912
f 9132 9127 9129
f 9181 9130 9023
f 9132 9181 9069
f 9130 9181 9132
f 9132 9131 9022 9130
f 9129 8726 9131 9132
f 8987 8992 8933
f 8989 8987 8511
f 8992 8987 8989
f 9000 8990 8911
f 8992 9000 8933
f 8990 9000 8992
f 8992 8991 8937 8990
f 8989 8921 8991 8992
f 9013 9017 8976
f 8990 9013 8911
f 9017 9013 8990
f 9033 9060 8888
f 9060 9017 9015
f 9017 9033 8976
f 9033 9017 9060
f 9017 9016 8935 9015
f 8990 8937 9016 9017
f 9016 8914 8935
f 8936 9016 8937
f 8914 9016 8936
f 8991 8936 8937
f 8792 8991 8921
f 8936 8991 8792
f 9058 9063 9042
f 9060 9058 8888
f 9063 9058 9060
f 9042 9063 9061 9025
f 9063 9062 9046 9061
f 9060 9015 9062 9063
f 9082 9064 9061
f 9061 9064 9025
f 9064 9082 8978
f 9082 9061 9046 9044
f 9046 9045 9020 9044
f 9062 9045 9046
f 8935 9062 9015
f 9045 9062 8935
f 9099 9082 9085
f 8978 9099 9083
f 9082 9099 8978
f 9083 9099 9102 9100
f 9102 9101 9071 9078
f 9099 9085 9101 9102
f 9101 9067 9071
f 9084 9101 9085
f 9067 9101 9084
f 9082 9044 9084 9085
f 9105 9104 9086 9094
f 9103 9098 9104 9105
f 9104 9081 9086
f 9097 9104 9098
f 9081 9104 9097
f 9096 9078 9097 9098
f 9089 9088 9079 9087
f 9095 9088 9089
f 9081 9095 9086
f 9088 9095 9081
f 9088 9074 9079
f 9080 9088 9081
f 9074 9088 9080
f 9097 9080 9081
f 9071 9097 9078
f 9080 9097 9071
f 9079 9074 9090 9091
f 9090 9164 9072
f 9164 9073 9065
f 9073 9090 9074
f 9090 9073 9164
f 9080 9073 9074
f 9067 9080 9071
f 9073 9080 9067
f 9073 9121 9065
f 9121 9066 9018
f 9066 9073 9067
f 9073 9066 9121
f 9084 9066 9067
f 9020 9084 9044
f 9066 9084 9020
f 9066 9125 9018
f 9125 9019 8912
f 9019 9066 9020
f 9066 9019 9125
f 9045 9019 9020
f 8914 9045 8935
f 9019 9045 8914
f 9019 9129 8912
f 9129 8913 8726
f 8913 9019 8914
f 9019 8913 9129
f 8936 8913 8914
f 164 8936 8792
f 8913 8936 164
f 9418 9366 9416
f 9429 9428 9402 9412
f 9427 9418 9428 9429
f 9428 9395 9402
f 9417 9428 9418
f 9395 9428 9417
f 9416 9392 9417 9418
f 9426 9425 9415 9424
f 9423 9412 9425 9426
f 9430 9405 9413
f 9414 9430 9415
f 9405 9430 9414
f 9425 9414 9415
f 9402 9425 9412
f 9414 9425 9402
f 9431 9413 9405
f 9431 9393 9403
f 9404 9431 9405
f 9393 9431 9404
f 9414 9404 9405
f 9395 9414 9402
f 9404 9414 9395
f 9404 9351 9393
f 9394 9404 9395
f 9351 9404 9394
f 9417 9394 9395
f 9365 9417 9392
f 9394 9417 9365
f 9346 9419 9422 9420
f 9416 9422 9392
f 9420 9416 9366
f 9422 9416 9420
f 9422 9421 9365 9392
f 9419 9335 9421 9422
f 9403 9393 9432 9433
f 9408 9407 9387 9406
f 9432 9407 9408
f 9351 9432 9393
f 9407 9432 9351
f 9407 9411 9387
f 9396 9407 9351
f 9411 9407 9396
f 9444 9411 9409
f 9387 9444 9349
f 9411 9444 9387
f 9411 9410 165 9409
f 9396 9350 9410 9411
f 9421 9398 9365
f 9376 9421 9335
f 9398 9421 9376
f 9394 9396 9351
f 9398 9394 9365
f 9396 9394 9398
f 9398 9397 9350 9396
f 9376 9268 9397 9398
f 9367 9358 9343
f 9359 9367 9353
f 9358 9367 9359
f 9357 9345 9358 9359
f 9358 9371 9343
f 9371 9344 9337
f 9344 9358 9345
f 9358 9344 9371
f 9332 9308 9344 9345
f 9360 9356 9361 9362
f 9383 9386 9363
f 9368 9383 9355
f 9386 9383 9368
f 9386 9385 9348 9384
f 9368 9354 9385 9386
f 9353 9367 9370 9356
f 9361 9368 9355
f 9370 9361 9356
f 9368 9361 9370
f 9370 9369 9354 9368
f 9367 9343 9369 9370
f 9419 9364 9372
f 9372 9364 9348
f 9364 9419 9346
f 9419 9372 9347 9335
f 9369 9374 9354
f 9371 9369 9343
f 9374 9369 9371
f 9385 9372 9348
f 9374 9385 9354
f 9372 9385 9374
f 9374 9373 9347 9372
f 9371 9337 9373 9374
f 9373 9378 9347
f 9375 9373 9337
f 9378 9373 9375
f 9347 9378 9376 9335
f 9378 9377 9268 9376
f 9375 9336 9377 9378
f 9344 9375 9337
f 9375 8979 9336
f 8979 9344 9308
f 9344 8979 9375
f 9298 9296 9320 9321
f 9300 9313 9312
f 9311 9297 9312 9313
f 9319 9296 9298
f 9299 9319 9300
f 9296 9319 9299
f 9312 9299 9300
f 9245 9312 9297
f 9299 9312 9245
f 9299 9304 9296
f 9301 9299 9245
f 9304 9299 9301
f 9320 9302 9266
f 9304 9320 9296
f 9302 9320 9304
f 9304 9303 9265 9302
f 9301 9198 9303 9304
f 9257 9260 9259
f 9258 9254 9259 9260
f 9295 9294 9292 9293
f 9287 9271 9294 9295
f 9292 9291 9255 9290
f 9294 9291 9292
f 9263 9294 9271
f 9291 9294 9263
f 9289 9288 9271 9287
f 9286 9273 9288 9289
f 9288 9263 9271
f 9272 9288 9273
f 9263 9288 9272
f 9270 9257 9272 9273
f 9272 9277 9263
f 9274 9272 9257
f 9277 9272 9274
f 9291 9275 9255
f 9277 9291 9263
f 9275 9291 9277
f 9277 9276 9247 9275
f 9274 9256 9276 9277
f 9259 9274 9257
f 9274 9207 9256
f 9207 9259 9254
f 9259 9207 9274
f 9316 9315 9245 9297
f 9314 9264 9315 9316
f 9264 9275 9247
f 9275 9264 9255
f 9247 9279 9318 9264
f 9315 9301 9245
f 9318 9315 9264
f 9301 9315 9318
f 9318 9317 9198 9301
f 9279 9246 9317 9318
f 9207 9278 9281 9256
f 9276 9279 9247
f 9281 9276 9256
f 9279 9276 9281
f 9281 9280 9246 9279
f 9278 9021 9280 9281
f 9326 9325 9322 9324
f 9323 9112 9325 9326
f 9325 9329 9322
f 9305 9325 9112
f 9329 9325 9305
f 9322 9329 9327 9267
f 9329 9328 9310 9327
f 9305 9248 9328 9329
f 9331 9334 9330
f 9327 9331 9267
f 9334 9331 9327
f 9332 9330 9334
f 9334 9333 9308 9332
f 9327 9310 9333 9334
f 9333 8979 9308
f 9309 9333 9310
f 8979 9333 9309
f 9328 9309 9310
f 9111 9328 9248
f 9309 9328 9111
f 9280 9285 9246
f 9282 9280 9021
f 9285 9280 9282
f 9317 9283 9198
f 9285 9317 9246
f 9283 9317 9285
f 9285 9284 9250 9283
f 9282 9193 9284 9285
f 9303 9307 9265
f 9283 9303 9198
f 9307 9303 9283
f 9265 9307 9305 9112
f 9307 9306 9248 9305
f 9283 9250 9306 9307
f 9306 9111 9248
f 9249 9306 9250
f 9111 9306 9249
f 9284 9249 9250
f 166 9284 9193
f 9249 9284 166
f 9249 9253 9111
f 9134 9249 166
f 9253 9249 9134
f 9309 9379 8979
f 9379 9253 9251
f 9253 9309 9111
f 9309 9253 9379
f 9253 9252 9115 9251
f 9134 8915 9252 9253
f 8979 9379 9382 9336
f 9377 9380 9268
f 9382 9377 9336
f 9380 9377 9382
f 9382 9381 9340 9380
f 9379 9251 9381 9382
f 9397 9401 9350
f 9380 9397 9268
f 9401 9397 9380
f 9410 9399 165
f 9401 9410 9350
f 9399 9410 9401
f 9401 9400 9338 9399
f 9380 9340 9400 9401
f 9400 9113 9338
f 9339 9400 9340
f 9113 9400 9339
f 9381 9339 9340
f 9115 9381 9251
f 9339 9381 9115
f 9339 28 9113
f 9114 9339 9115
f 28 9339 9114
f 9252 9114 9115
f 162 9252 8915
f 9114 9252 162
f 8913 9133 8726
f 9133 8721 8917
f 8721 8913 164
f 8913 8721 9133
f 9131 9136 9022
f 9133 9131 8726
f 9136 9131 9133
f 9194 9134 166
f 9136 9194 9022
f 9134 9194 9136
f 9136 9135 8915 9134
f 9133 8917 9135 9136
f 9135 162 8915
f 8916 9135 8917
f 162 9135 8916
f 8721 38 8916 8917
f 5284 39 5054
f 5055 5284 5056
f 39 5284 5055
f 5244 5055 5056
f 29 5244 4248
f 5055 5244 29
f 5281 5056 5243
f 5244 5281 5245
f 5056 5281 5244
f 5267 5244 5245
f 4248 5267 5051
f 5244 5267 4248
f 5278 5245 5266
f 5267 5278 5268
f 5245 5278 5267
f 5270 5267 5268
f 5051 5270 5240
f 5267 5270 5051
f 5274 5268 5269
f 5270 5274 5272
f 5268 5274 5270
f 5293 5270 5272
f 5240 5293 5271
f 5270 5293 5240
f 5302 5272 5275
f 5293 5302 5295
f 5272 5302 5293
f 5293 5295 5294 5271
f 5275 5291 5304 5302
f 5302 5304 5303 5295
f 5313 5269 5273
f 5274 5313 5276
f 5269 5313 5274
f 5290 5274 5276
f 5272 5290 5275
f 5274 5290 5272
f 5310 5276 5289
f 5290 5310 5292
f 5276 5310 5290
f 5299 5290 5292
f 5275 5299 5291
f 5290 5299 5275
f 5306 5292 5298
f 5299 5306 5301
f 5292 5306 5299
f 5299 5301 5300 5291
f 5319 5298 5305
f 5306 5319 5308
f 5298 5319 5306
f 5306 5308 5307 5301
f 5365 5305 5318
f 5319 5365 5321
f 5305 5365 5319
f 5319 5321 5320 5308
f 5318 5330 5367 5365
f 5365 5367 5366 5321
f 5343 5289 5309
f 5310 5343 5311
f 5289 5343 5310
f 5323 5310 5311
f 5292 5323 5298
f 5310 5323 5292
f 5340 5311 5322
f 5323 5340 5324
f 5311 5340 5323
f 5326 5323 5324
f 5298 5326 5305
f 5323 5326 5298
f 5337 5324 5325
f 5326 5337 5327
f 5324 5337 5326
f 5329 5326 5327
f 5305 5329 5318
f 5326 5329 5305
f 5333 5327 5328
f 5329 5333 5331
f 5327 5333 5329
f 5362 5329 5331
f 5318 5362 5330
f 5329 5362 5318
f 5331 5334 5364 5362
f 5362 5364 5363 5330
f 5349 5328 5332
f 5333 5349 5335
f 5328 5349 5333
f 5359 5333 5335
f 5331 5359 5334
f 5333 5359 5331
f 5335 5350 5361 5359
f 5359 5361 5360 5334
f 5373 5332 5348
f 5349 5373 5351
f 5332 5373 5349
f 5356 5349 5351
f 5335 5356 5350
f 5349 5356 5335
f 5369 5351 5355
f 5356 5369 5358
f 5351 5369 5356
f 5356 5358 5357 5350
f 5378 5355 5368
f 5369 5378 5371
f 5355 5378 5369
f 5369 5371 5370 5358
f 5379 5371 5378
f 5348 5372 5374 5373
f 5381 5373 5374
f 5351 5381 5355
f 5373 5381 5351
f 5374 5380 5382 5381
f 5384 5381 5382
f 5355 5384 5368
f 5381 5384 5355
f 5383 5384 5382
f 5325 5336 5338 5337
f 5353 5337 5338
f 5327 5353 5328
f 5337 5353 5327
f 5338 5352 5354 5353
f 5376 5353 5354
f 5328 5376 5332
f 5353 5376 5328
f 5354 5375 5377 5376
f 5376 5377 5348 5332
f 5322 5339 5341 5340
f 5340 5341 5325 5324
f 5309 5342 5344 5343
f 5343 5344 5322 5311
f 5273 5312 5314 5313
f 5346 5313 5314
f 5276 5346 5289
f 5313 5346 5276
f 5314 5345 5347 5346
f 5346 5347 5309 5289
f 5390 5266 5277
f 5278 5390 5279
f 5266 5390 5278
f 5316 5278 5279
f 5268 5316 5269
f 5278 5316 5268
f 5386 5279 5315
f 5316 5386 5317
f 5279 5386 5316
f 5316 5317 5273 5269
f 5396 5315 5385
f 5386 5396 5388
f 5315 5396 5386
f 5386 5388 5387 5317
f 5385 5395 5398 5396
f 5396 5398 5397 5388
f 5416 5277 5389
f 5390 5416 5391
f 5277 5416 5390
f 5400 5390 5391
f 5279 5400 5315
f 5390 5400 5279
f 5413 5391 5399
f 5400 5413 5401
f 5391 5413 5400
f 5403 5400 5401
f 5315 5403 5385
f 5400 5403 5315
f 5410 5401 5402
f 5403 5410 5404
f 5401 5410 5403
f 5406 5403 5404
f 5385 5406 5395
f 5403 5406 5385
f 5404 5405 5408 5406
f 5406 5408 5407 5395
f 5402 5409 5411 5410
f 5410 5411 5405 5404
f 5399 5412 5414 5413
f 5413 5414 5402 5401
f 5389 5415 5417 5416
f 5416 5417 5399 5391
f 5429 5243 5280
f 5281 5429 5282
f 5243 5429 5281
f 5393 5281 5282
f 5245 5393 5266
f 5281 5393 5245
f 5426 5282 5392
f 5393 5426 5394
f 5282 5426 5393
f 5419 5393 5394
f 5266 5419 5277
f 5393 5419 5266
f 5422 5394 5418
f 5419 5422 5420
f 5394 5422 5419
f 5458 5419 5420
f 5277 5458 5389
f 5419 5458 5277
f 5420 5423 5459 5458
f 5458 5459 5415 5389
f 5435 5418 5421
f 5422 5435 5424
f 5418 5435 5422
f 5455 5422 5424
f 5420 5455 5423
f 5422 5455 5420
f 5424 5436 5457 5455
f 5455 5457 5456 5423
f 5442 5421 5434
f 5435 5442 5437
f 5421 5442 5435
f 5452 5435 5437
f 5424 5452 5436
f 5435 5452 5424
f 5437 5443 5454 5452
f 5452 5454 5453 5436
f 5461 5434 5441
f 5442 5461 5444
f 5434 5461 5442
f 5449 5442 5444
f 5437 5449 5443
f 5442 5449 5437
f 5444 5448 5451 5449
f 5449 5451 5450 5443
f 5441 5460 5462 5461
f 5461 5462 5448 5444
f 5392 5425 5427 5426
f 5439 5426 5427
f 5394 5439 5418
f 5426 5439 5394
f 5427 5438 5440 5439
f 5446 5439 5440
f 5418 5446 5421
f 5439 5446 5418
f 5440 5445 5447 5446
f 5464 5446 5447
f 5421 5464 5434
f 5446 5464 5421
f 5447 5463 5465 5464
f 5464 5465 5441 5434
f 5470 5280 5428
f 5429 5470 5430
f 5280 5470 5429
f 5467 5429 5430
f 5282 5467 5392
f 5429 5467 5282
f 5430 5466 5468 5467
f 5467 5468 5425 5392
f 5428 5469 5471 5470
f 5470 5471 5466 5430
f 5492 5054 5283
f 5284 5492 5285
f 5054 5492 5284
f 5432 5284 5285
f 5056 5432 5243
f 5284 5432 5056
f 5489 5285 5431
f 5432 5489 5433
f 5285 5489 5432
f 5473 5432 5433
f 5243 5473 5280
f 5432 5473 5243
f 5486 5433 5472
f 5473 5486 5474
f 5433 5486 5473
f 5476 5473 5474
f 5280 5476 5428
f 5473 5476 5280
f 5483 5474 5475
f 5476 5483 5477
f 5474 5483 5476
f 5479 5476 5477
f 5428 5479 5469
f 5476 5479 5428
f 5477 5478 5481 5479
f 5479 5481 5480 5469
f 5475 5482 5484 5483
f 5483 5484 5478 5477
f 5508 5472 5485
f 5486 5508 5487
f 5472 5508 5486
f 5486 5487 5475 5474
f 5485 5502 5510 5508
f 5508 5510 5509 5487
f 5522 5431 5488
f 5489 5522 5490
f 5431 5522 5489
f 5498 5489 5490
f 5433 5498 5472
f 5489 5498 5433
f 5519 5490 5497
f 5498 5519 5499
f 5490 5519 5498
f 5501 5498 5499
f 5472 5501 5485
f 5498 5501 5472
f 5516 5499 5500
f 5501 5516 5503
f 5499 5516 5501
f 5505 5501 5503
f 5485 5505 5502
f 5501 5505 5485
f 5512 5503 5504
f 5505 5512 5507
f 5503 5512 5505
f 5505 5507 5506 5502
f 5504 5511 5514 5512
f 5512 5514 5513 5507
f 5542 5500 5515
f 5516 5542 5517
f 5500 5542 5516
f 5528 5516 5517
f 5503 5528 5504
f 5516 5528 5503
f 5539 5517 5527
f 5528 5539 5529
f 5517 5539 5528
f 5531 5528 5529
f 5504 5531 5511
f 5528 5531 5504
f 5535 5529 5530
f 5531 5535 5533
f 5529 5535 5531
f 5531 5533 5532 5511
f 5530 5534 5537 5535
f 5535 5537 5536 5533
f 5527 5538 5540 5539
f 5539 5540 5530 5529
f 5515 5541 5543 5542
f 5542 5543 5527 5517
f 5497 5518 5520 5519
f 5545 5519 5520
f 5499 5545 5500
f 5519 5545 5499
f 5520 5544 5546 5545
f 5545 5546 5515 5500
f 5548 5488 5521
f 5522 5548 5523
f 5488 5548 5522
f 5522 5523 5497 5490
f 5555 5521 5547
f 5548 5555 5550
f 5521 5555 5548
f 5548 5550 5549 5523
f 5562 5547 5554
f 5555 5562 5557
f 5547 5562 5555
f 5555 5557 5556 5550
f 5554 5561 5564 5562
f 5562 5564 5563 5557
f 5591 5283 5491
f 5492 5591 5493
f 5283 5591 5492
f 5525 5492 5493
f 5285 5525 5431
f 5492 5525 5285
f 5588 5493 5524
f 5525 5588 5526
f 5493 5588 5525
f 5552 5525 5526
f 5431 5552 5488
f 5525 5552 5431
f 5585 5526 5551
f 5552 5585 5553
f 5526 5585 5552
f 5559 5552 5553
f 5488 5559 5521
f 5552 5559 5488
f 5582 5553 5558
f 5559 5582 5560
f 5553 5582 5559
f 5566 5559 5560
f 5521 5566 5547
f 5559 5566 5521
f 5579 5560 5565
f 5566 5579 5567
f 5560 5579 5566
f 5569 5566 5567
f 5547 5569 5554
f 5566 5569 5547
f 5576 5567 5568
f 5569 5576 5570
f 5567 5576 5569
f 5572 5569 5570
f 5554 5572 5561
f 5569 5572 5554
f 5570 5571 5574 5572
f 5572 5574 5573 5561
f 5568 5575 5577 5576
f 5576 5577 5571 5570
f 5565 5578 5580 5579
f 5579 5580 5568 5567
f 5558 5581 5583 5582
f 5582 5583 5565 5560
f 5551 5584 5586 5585
f 5585 5586 5558 5553
f 5600 5524 5587
f 5588 5600 5589
f 5524 5600 5588
f 5597 5588 5589
f 5526 5597 5551
f 5588 5597 5526
f 5589 5596 5598 5597
f 5597 5598 5584 5551
f 5614 5587 5599
f 5600 5614 5601
f 5587 5614 5600
f 5606 5600 5601
f 5589 5606 5596
f 5600 5606 5589
f 5610 5601 5605
f 5606 5610 5608
f 5601 5610 5606
f 5606 5608 5607 5596
f 5605 5609 5612 5610
f 5610 5612 5611 5608
f 5599 5613 5615 5614
f 5620 5614 5615
f 5601 5620 5605
f 5614 5620 5601
f 5615 5619 5621 5620
f 5620 5621 5609 5605
f 5623 5491 5590
f 5591 5623 5592
f 5491 5623 5591
f 5603 5591 5592
f 5493 5603 5524
f 5591 5603 5493
f 5592 5602 5604 5603
f 5617 5603 5604
f 5524 5617 5587
f 5603 5617 5524
f 5604 5616 5618 5617
f 5617 5618 5599 5587
f 5637 5590 5622
f 5623 5637 5624
f 5590 5637 5623
f 5629 5623 5624
f 5592 5629 5602
f 5623 5629 5592
f 5633 5624 5628
f 5629 5633 5631
f 5624 5633 5629
f 5629 5631 5630 5602
f 5643 5628 5632
f 5633 5643 5635
f 5628 5643 5633
f 5633 5635 5634 5631
f 5632 5642 5645 5643
f 5643 5645 5644 5635
f 5663 5622 5636
f 5637 5663 5638
f 5622 5663 5637
f 5647 5637 5638
f 5624 5647 5628
f 5637 5647 5624
f 5660 5638 5646
f 5647 5660 5648
f 5638 5660 5647
f 5650 5647 5648
f 5628 5650 5632
f 5647 5650 5628
f 5657 5648 5649
f 5650 5657 5651
f 5648 5657 5650
f 5653 5650 5651
f 5632 5653 5642
f 5650 5653 5632
f 5651 5652 5655 5653
f 5653 5655 5654 5642
f 5673 5649 5656
f 5657 5673 5658
f 5649 5673 5657
f 5669 5657 5658
f 5651 5669 5652
f 5657 5669 5651
f 5658 5668 5671 5669
f 5669 5671 5670 5652
f 5656 5672 5674 5673
f 5673 5674 5668 5658
f 5646 5659 5661 5660
f 5676 5660 5661
f 5648 5676 5649
f 5660 5676 5648
f 5661 5675 5677 5676
f 5676 5677 5656 5649
f 5636 5662 5664 5663
f 5663 5664 5646 5638
f 4182 5055 29
f 5055 40 39
f 40 4182 30
f 4182 40 5055
f 41 40 30 31
f 42 41 31 32
f 169 32 33
f 42 169 43
f 32 169 42
f 44 167 170 168
f 168 170 153 34
f 170 169 33 153
f 167 43 169 170
f 168 45 44
f 35 168 34
f 45 168 35
f 317 45 35
f 46 317 36
f 45 317 46
f 8533 157 37
f 157 46 36
f 46 8533 47
f 8533 46 157
f 8531 8534 8328
f 8277 8531 48
f 8534 8531 8277
f 8722 161 38
f 8534 8722 8328
f 161 8722 8534
f 8534 8533 37 161
f 8277 47 8533 8534
f 8466 8503 8502
f 8461 8431 8502 8503
f 8540 8539 8542
f 8542 8541 8464 8515
f 8539 8504 8541 8542
f 8466 8543 8545 8504
f 8541 8519 8464
f 8545 8541 8504
f 8519 8541 8545
f 8545 8544 8436 8519
f 8543 8465 8544 8545
f 8502 8543 8466
f 8543 8405 8465
f 8405 8502 8431
f 8502 8405 8543
f 8557 8556 8507 8555
f 8516 8514 8556 8557
f 8561 8536 8549
f 8550 8561 8551
f 8536 8561 8550
f 8548 8538 8550 8551
f 8550 8518 8536
f 8537 8550 8538
f 8518 8550 8537
f 8535 8515 8537 8538
f 8564 8563 8554 8562
f 8549 8536 8563 8564
f 8554 8553 8516 8552
f 8563 8553 8554
f 8518 8563 8536
f 8553 8563 8518
f 8553 8514 8516
f 8517 8553 8518
f 8514 8553 8517
f 8537 8517 8518
f 8464 8537 8515
f 8517 8537 8464
f 8570 8565 8566
f 8507 8570 8555
f 8565 8570 8507
f 8565 8569 8558
f 8520 8565 8507
f 8569 8565 8520
f 8610 8569 8567
f 8558 8610 8505
f 8569 8610 8558
f 8569 8568 8434 8567
f 8520 8506 8568 8569
f 8517 8522 8514
f 8519 8517 8464
f 8522 8517 8519
f 8556 8520 8507
f 8522 8556 8514
f 8520 8556 8522
f 8522 8521 8506 8520
f 8519 8436 8521 8522
f 8521 8526 8506
f 8523 8521 8436
f 8526 8521 8523
f 8568 8524 8434
f 8526 8568 8506
f 8524 8568 8526
f 8526 8525 8410 8524
f 8523 8435 8525 8526
f 8405 8485 8547 8465
f 8544 8523 8436
f 8547 8544 8465
f 8523 8544 8547
f 8547 8546 8435 8523
f 8485 8325 8546 8547
f 8628 8627 8624 8626
f 8625 8615 8627 8628
f 8624 8623 8584 8622
f 8627 8623 8624
f 8593 8627 8615
f 8623 8627 8593
f 8592 8614 8617 8603
f 8617 8616 8593 8615
f 8614 8572 8616 8617
f 8614 8605 8572
f 8606 8614 8592
f 8605 8614 8606
f 8604 8601 8605 8606
f 8670 8669 8598 8638
f 8668 8600 8669 8670
f 8669 8655 8598
f 8655 8599 8587
f 8599 8669 8600
f 8669 8599 8655
f 8589 8575 8599 8600
f 8671 8642 8648
f 8649 8671 8650
f 8642 8671 8649
f 8647 8641 8649 8650
f 8649 8654 8642
f 8651 8649 8641
f 8654 8649 8651
f 8672 8652 8639
f 8654 8672 8642
f 8652 8672 8654
f 8654 8653 8631 8652
f 8651 8640 8653 8654
f 8667 8651 8641
f 8651 8598 8640
f 8598 8667 8638
f 8667 8598 8651
f 8656 8643 8631
f 8643 8585 8629
f 8585 8656 8630
f 8656 8585 8643
f 8598 8655 8658 8640
f 8653 8656 8631
f 8658 8653 8640
f 8656 8653 8658
f 8658 8657 8630 8656
f 8655 8587 8657 8658
f 8657 8662 8630
f 8659 8657 8587
f 8662 8657 8659
f 8630 8662 8660 8585
f 8662 8661 8510 8660
f 8659 8586 8661 8662
f 8599 8659 8587
f 8659 8559 8586
f 8559 8599 8575
f 8599 8559 8659
f 8505 8610 8612 8602
f 8607 8612 8588
f 8602 8607 8571
f 8612 8607 8602
f 8612 8611 8577 8588
f 8610 8567 8611 8612
f 8571 8607 8609 8601
f 8605 8618 8572
f 8618 8609 8594
f 8609 8605 8601
f 8605 8609 8618
f 8609 8608 8591 8594
f 8607 8588 8608 8609
f 8616 8621 8593
f 8618 8616 8572
f 8621 8616 8618
f 8623 8619 8584
f 8621 8623 8593
f 8619 8623 8621
f 8621 8620 8597 8619
f 8618 8594 8620 8621
f 8619 8613 8584
f 8613 8595 8560
f 8595 8619 8597
f 8619 8595 8613
f 8597 8596 8589 8595
f 8620 8596 8597
f 8591 8620 8594
f 8596 8620 8591
f 8596 8575 8589
f 8590 8596 8591
f 8575 8596 8590
f 8608 8590 8591
f 8577 8608 8588
f 8590 8608 8577
f 8590 8559 8575
f 8576 8590 8577
f 8559 8590 8576
f 8611 8576 8577
f 8434 8611 8567
f 8576 8611 8434
f 8683 8691 8632
f 8691 8674 8675
f 8674 8683 8573
f 8683 8674 8691
f 8646 8696 8698 8689
f 8713 8692 8644
f 8692 8698 8678
f 8698 8713 8689
f 8713 8698 8692
f 8698 8697 8634 8678
f 8696 8645 8697 8698
f 8696 8585 8645
f 8629 8696 8646
f 8585 8696 8629
f 8711 8710 8632 8709
f 8679 8673 8710 8711
f 8712 8702 8677
f 8702 8692 8695
f 8692 8712 8644
f 8712 8692 8702
f 8701 8705 8690
f 8702 8701 8677
f 8705 8701 8702
f 8705 8704 8693 8703
f 8702 8695 8704 8705
f 8704 8681 8693
f 8694 8704 8695
f 8681 8704 8694
f 8692 8678 8694 8695
f 8708 8707 8679 8706
f 8693 8681 8707 8708
f 8707 8673 8679
f 8680 8707 8681
f 8673 8707 8680
f 8694 8680 8681
f 8634 8694 8678
f 8680 8694 8634
f 8680 8685 8673
f 8682 8680 8634
f 8685 8680 8682
f 8710 8683 8632
f 8685 8710 8673
f 8683 8710 8685
f 8685 8684 8573 8683
f 8682 8633 8684 8685
f 8585 8660 8700 8645
f 8697 8682 8634
f 8700 8697 8645
f 8682 8697 8700
f 8700 8699 8633 8682
f 8660 8510 8699 8700
f 8699 8688 8633
f 8664 8699 8510
f 8688 8699 8664
f 8684 8686 8573
f 8688 8684 8633
f 8686 8684 8688
f 8688 8687 8637 8686
f 8664 8578 8687 8688
f 8741 8674 8686
f 8686 8674 8573
f 8674 8741 8508
f 8741 8686 8637 8635
f 8637 8636 8408 8635
f 8687 8636 8637
f 8509 8687 8578
f 8636 8687 8509
f 8576 8663 8559
f 8663 8524 8580
f 8524 8576 8434
f 8576 8524 8663
f 8559 8663 8666 8586
f 8661 8664 8510
f 8666 8661 8586
f 8664 8661 8666
f 8666 8665 8578 8664
f 8663 8580 8665 8666
f 8665 8509 8578
f 8579 8665 8580
f 8509 8665 8579
f 8524 8410 8579 8580
f 8579 8583 8509
f 8527 8579 8410
f 8583 8579 8527
f 8636 8581 8408
f 8583 8636 8509
f 8581 8636 8583
f 8583 8582 8329 8581
f 8527 8409 8582 8583
f 8546 8529 8435
f 8489 8546 8325
f 8529 8546 8489
f 8525 8527 8410
f 8529 8525 8435
f 8527 8525 8529
f 8529 8528 8409 8527
f 8489 172 8528 8529
f 8771 8753 8768
f 8771 8770 8754 8769
f 8768 8744 8770 8771
f 8768 8764 8744
f 8765 8768 8753
f 8764 8768 8765
f 8763 8737 8764 8765
f 8773 8755 8729
f 8778 8773 8760
f 8755 8773 8778
f 8778 8777 8758 8776
f 8760 8746 8777 8778
f 8758 8757 8724 8756
f 8777 8757 8758
f 8728 8777 8746
f 8757 8777 8728
f 8766 8759 8737
f 8759 8745 8748
f 8745 8766 8727
f 8766 8745 8759
f 8764 8772 8744
f 8772 8759 8762
f 8759 8764 8737
f 8764 8759 8772
f 8770 8775 8754
f 8772 8770 8744
f 8775 8770 8772
f 8754 8775 8773 8729
f 8775 8774 8760 8773
f 8772 8762 8774 8775
f 8774 8746 8760
f 8761 8774 8762
f 8746 8774 8761
f 8759 8748 8761 8762
f 8761 8728 8746
f 8747 8761 8748
f 8728 8761 8747
f 8745 8676 8747 8748
f 8767 8745 8727
f 8745 8739 8676
f 8739 8767 8740
f 8767 8739 8745
f 8738 8714 8739 8740
f 8805 8811 8814 8808
f 8810 8812 8803
f 8814 8810 8808
f 8812 8810 8814
f 8814 8813 8796 8812
f 8811 8804 8813 8814
f 8811 8798 8804
f 8802 8811 8805
f 8798 8811 8802
f 8798 8815 8818 8804
f 8813 8816 8796
f 8818 8813 8804
f 8816 8813 8818
f 8818 8817 8783 8816
f 8815 8797 8817 8818
f 8815 8785 8797
f 8795 8815 8798
f 8785 8815 8795
f 8785 8819 8822 8797
f 8817 8820 8783
f 8822 8817 8797
f 8820 8817 8822
f 8822 8821 8779 8820
f 8819 8784 8821 8822
f 8819 8781 8784
f 8782 8819 8785
f 8781 8819 8782
f 8781 8823 8826 8784
f 8821 8824 8779
f 8826 8821 8784
f 8824 8821 8826
f 8826 8825 8736 8824
f 8823 8780 8825 8826
f 8823 8715 8780
f 8731 8823 8781
f 8715 8823 8731
f 8837 8836 8809 8835
f 8812 8796 8836 8837
f 8801 8838 8806
f 8838 8801 8807
f 8836 8840 8809
f 8816 8836 8796
f 8840 8836 8816
f 8809 8840 8838 8807
f 8840 8839 8806 8838
f 8816 8783 8839 8840
f 8841 8799 8801
f 8788 8841 8800
f 8799 8841 8788
f 8839 8843 8806
f 8820 8839 8783
f 8843 8839 8820
f 8806 8843 8841 8801
f 8843 8842 8800 8841
f 8820 8779 8842 8843
f 8882 8866 8855
f 8866 8858 8861
f 8858 8882 8851
f 8882 8858 8866
f 8865 8869 8857
f 8866 8865 8855
f 8869 8865 8866
f 8869 8868 8859 8867
f 8866 8861 8868 8869
f 8868 8786 8859
f 8860 8868 8861
f 8786 8868 8860
f 8858 8850 8860 8861
f 8883 8858 8851
f 8858 8788 8850
f 8788 8883 8799
f 8883 8788 8858
f 8788 8844 8864 8850
f 8860 8862 8786
f 8864 8860 8850
f 8862 8860 8864
f 8864 8863 8734 8862
f 8844 8787 8863 8864
f 8842 8846 8800
f 8824 8842 8779
f 8846 8842 8824
f 8800 8846 8844 8788
f 8846 8845 8787 8844
f 8824 8736 8845 8846
f 8845 8849 8787
f 8828 8845 8736
f 8849 8845 8828
f 8863 8847 8734
f 8849 8863 8787
f 8847 8863 8849
f 8849 8848 8513 8847
f 8828 8735 8848 8849
f 8715 8827 8830 8780
f 8825 8828 8736
f 8830 8825 8780
f 8828 8825 8830
f 8830 8829 8735 8828
f 8827 8574 8829 8830
f 8508 8741 8743 8714
f 8739 8749 8676
f 8749 8743 8730
f 8743 8739 8714
f 8739 8743 8749
f 8743 8742 8717 8730
f 8741 8635 8742 8743
f 8747 8752 8728
f 8749 8747 8676
f 8752 8747 8749
f 8757 8750 8724
f 8752 8757 8728
f 8750 8757 8752
f 8752 8751 8733 8750
f 8749 8730 8751 8752
f 8731 8750 8733
f 8750 8731 8724
f 8733 8732 8715 8731
f 8751 8732 8733
f 8717 8751 8730
f 8732 8751 8717
f 8732 8827 8715
f 8827 8716 8574
f 8716 8732 8717
f 8732 8716 8827
f 8742 8716 8717
f 8408 8742 8635
f 8716 8742 8408
f 8949 8942 8944
f 8887 8949 8924
f 8942 8949 8887
f 8924 8949 8952 8950
f 8952 8951 8928 8938
f 8949 8944 8951 8952
f 8951 8927 8928
f 8943 8951 8944
f 8927 8951 8943
f 8942 8918 8943 8944
f 8956 8955 8946 8954
f 8953 8948 8955 8956
f 8955 8941 8946
f 8947 8955 8948
f 8941 8955 8947
f 8945 8938 8947 8948
f 8970 8959 8966
f 8967 8970 8968
f 8959 8970 8967
f 8969 8967 8968
f 8946 8969 8954
f 8967 8969 8946
f 8971 8939 8957
f 8958 8971 8959
f 8939 8971 8958
f 8967 8958 8959
f 8941 8967 8946
f 8958 8967 8941
f 8958 8931 8939
f 8940 8958 8941
f 8931 8958 8940
f 8947 8940 8941
f 8928 8947 8938
f 8940 8947 8928
f 8957 8939 8972 8973
f 8962 8961 8929 8960
f 8972 8961 8962
f 8931 8972 8939
f 8961 8972 8931
f 8961 8925 8929
f 8930 8961 8931
f 8925 8961 8930
f 8940 8930 8931
f 8927 8940 8928
f 8930 8940 8927
f 8930 8985 8925
f 8985 8926 8511
f 8926 8930 8927
f 8930 8926 8985
f 8943 8926 8927
f 8886 8943 8918
f 8926 8943 8886
f 8789 8905 8920 8909
f 8910 8942 8887
f 8942 8920 8918
f 8920 8910 8909
f 8910 8920 8942
f 8920 8919 8886 8918
f 8905 8725 8919 8920
f 8872 8871 8856 8870
f 8859 8786 8871 8872
f 8897 8896 8893 8895
f 8894 8884 8896 8897
f 8889 8898 8884
f 8898 8873 8892
f 8873 8889 8854
f 8889 8873 8898
f 8896 8901 8893
f 8898 8896 8884
f 8901 8896 8898
f 8908 8899 8852
f 8901 8908 8893
f 8899 8908 8901
f 8901 8900 8890 8899
f 8898 8892 8900 8901
f 8900 8791 8890
f 8891 8900 8892
f 8791 8900 8891
f 8873 8853 8891 8892
f 8871 8875 8856
f 8862 8871 8786
f 8875 8871 8862
f 8856 8875 8873 8854
f 8875 8874 8853 8873
f 8862 8734 8874 8875
f 8904 8903 8885 8902
f 8890 8791 8903 8904
f 8903 8907 8885
f 8876 8903 8791
f 8907 8903 8876
f 8885 8907 8905 8789
f 8907 8906 8725 8905
f 8876 8790 8906 8907
f 8874 8878 8853
f 8847 8874 8734
f 8878 8874 8847
f 8891 8876 8791
f 8878 8891 8853
f 8876 8891 8878
f 8878 8877 8790 8876
f 8847 8513 8877 8878
f 8877 8881 8790
f 8832 8877 8513
f 8881 8877 8832
f 8906 8879 8725
f 8881 8906 8790
f 8879 8906 8881
f 8881 8880 8794 8879
f 8832 8718 8880 8881
f 8919 8923 8886
f 8879 8919 8725
f 8923 8919 8879
f 8926 8989 8511
f 8989 8923 8921
f 8923 8926 8886
f 8926 8923 8989
f 8923 8922 8792 8921
f 8879 8794 8922 8923
f 8922 164 8792
f 8793 8922 8794
f 164 8922 8793
f 8880 8793 8794
f 8512 8880 8718
f 8793 8880 8512
f 8716 8831 8574
f 8831 8581 8720
f 8581 8716 8408
f 8716 8581 8831
f 8829 8834 8735
f 8831 8829 8574
f 8834 8829 8831
f 8848 8832 8513
f 8834 8848 8735
f 8832 8848 8834
f 8834 8833 8718 8832
f 8831 8720 8833 8834
f 8833 8512 8718
f 8719 8833 8720
f 8512 8833 8719
f 8581 8329 8719 8720
f 8719 8723 8512
f 8530 8719 8329
f 8723 8719 8530
f 8793 8721 164
f 8723 8793 8512
f 8721 8793 8723
f 8723 8722 38 8721
f 8530 8328 8722 8723
f 8528 8532 8409
f 8492 8528 172
f 8532 8528 8492
f 8582 8530 8329
f 8532 8582 8409
f 8530 8582 8532
f 8532 8531 8328 8530
f 8492 48 8531 8532
f 5685 49 5286
f 5287 5685 5288
f 49 5685 5287
f 5495 5287 5288
f 39 5495 5054
f 5287 5495 39
f 5682 5288 5494
f 5495 5682 5496
f 5288 5682 5495
f 5594 5495 5496
f 5054 5594 5283
f 5495 5594 5054
f 5679 5496 5593
f 5594 5679 5595
f 5496 5679 5594
f 5626 5594 5595
f 5283 5626 5491
f 5594 5626 5283
f 5595 5625 5627 5626
f 5640 5626 5627
f 5491 5640 5590
f 5626 5640 5491
f 5627 5639 5641 5640
f 5666 5640 5641
f 5590 5666 5622
f 5640 5666 5590
f 5641 5665 5667 5666
f 5666 5667 5636 5622
f 5593 5678 5680 5679
f 5679 5680 5625 5595
f 5694 5494 5681
f 5682 5694 5683
f 5494 5694 5682
f 5691 5682 5683
f 5496 5691 5593
f 5682 5691 5496
f 5683 5690 5692 5691
f 5691 5692 5678 5593
f 5704 5681 5693
f 5694 5704 5695
f 5681 5704 5694
f 5700 5694 5695
f 5683 5700 5690
f 5694 5700 5683
f 5695 5699 5702 5700
f 5700 5702 5701 5690
f 5693 5703 5705 5704
f 5704 5705 5699 5695
f 5723 5286 5684
f 5685 5723 5686
f 5286 5723 5685
f 5697 5685 5686
f 5288 5697 5494
f 5685 5697 5288
f 5720 5686 5696
f 5697 5720 5698
f 5686 5720 5697
f 5707 5697 5698
f 5494 5707 5681
f 5697 5707 5494
f 5717 5698 5706
f 5707 5717 5708
f 5698 5717 5707
f 5710 5707 5708
f 5681 5710 5693
f 5707 5710 5681
f 5713 5708 5709
f 5710 5713 5711
f 5708 5713 5710
f 5752 5710 5711
f 5693 5752 5703
f 5710 5752 5693
f 5711 5714 5754 5752
f 5752 5754 5753 5703
f 5729 5709 5712
f 5713 5729 5715
f 5709 5729 5713
f 5749 5713 5715
f 5711 5749 5714
f 5713 5749 5711
f 5715 5730 5751 5749
f 5749 5751 5750 5714
f 5736 5712 5728
f 5729 5736 5731
f 5712 5736 5729
f 5746 5729 5731
f 5715 5746 5730
f 5729 5746 5715
f 5731 5737 5748 5746
f 5746 5748 5747 5730
f 5756 5728 5735
f 5736 5756 5738
f 5728 5756 5736
f 5743 5736 5738
f 5731 5743 5737
f 5736 5743 5731
f 5738 5742 5745 5743
f 5743 5745 5744 5737
f 5735 5755 5757 5756
f 5756 5757 5742 5738
f 5706 5716 5718 5717
f 5733 5717 5718
f 5708 5733 5709
f 5717 5733 5708
f 5718 5732 5734 5733
f 5740 5733 5734
f 5709 5740 5712
f 5733 5740 5709
f 5734 5739 5741 5740
f 5759 5740 5741
f 5712 5759 5728
f 5740 5759 5712
f 5741 5758 5760 5759
f 5759 5760 5735 5728
f 5769 5696 5719
f 5720 5769 5721
f 5696 5769 5720
f 5762 5720 5721
f 5698 5762 5706
f 5720 5762 5698
f 5765 5721 5761
f 5762 5765 5763
f 5721 5765 5762
f 5788 5762 5763
f 5706 5788 5716
f 5762 5788 5706
f 5763 5766 5790 5788
f 5788 5790 5789 5716
f 5775 5761 5764
f 5765 5775 5767
f 5761 5775 5765
f 5785 5765 5767
f 5763 5785 5766
f 5765 5785 5763
f 5767 5776 5787 5785
f 5785 5787 5786 5766
f 5792 5764 5774
f 5775 5792 5777
f 5764 5792 5775
f 5782 5775 5777
f 5767 5782 5776
f 5775 5782 5767
f 5777 5781 5784 5782
f 5782 5784 5783 5776
f 5774 5791 5793 5792
f 5792 5793 5781 5777
f 5719 5768 5770 5769
f 5779 5769 5770
f 5721 5779 5761
f 5769 5779 5721
f 5770 5778 5780 5779
f 5795 5779 5780
f 5761 5795 5764
f 5779 5795 5761
f 5780 5794 5796 5795
f 5795 5796 5774 5764
f 5811 5684 5722
f 5723 5811 5724
f 5684 5811 5723
f 5772 5723 5724
f 5686 5772 5696
f 5723 5772 5686
f 5808 5724 5771
f 5772 5808 5773
f 5724 5808 5772
f 5798 5772 5773
f 5696 5798 5719
f 5772 5798 5696
f 5805 5773 5797
f 5798 5805 5799
f 5773 5805 5798
f 5801 5798 5799
f 5719 5801 5768
f 5798 5801 5719
f 5799 5800 5803 5801
f 5801 5803 5802 5768
f 5797 5804 5806 5805
f 5805 5806 5800 5799
f 5771 5807 5809 5808
f 5808 5809 5797 5773
f 5831 5722 5810
f 5811 5831 5812
f 5722 5831 5811
f 5817 5811 5812
f 5724 5817 5771
f 5811 5817 5724
f 5828 5812 5816
f 5817 5828 5818
f 5812 5828 5817
f 5820 5817 5818
f 5771 5820 5807
f 5817 5820 5771
f 5824 5818 5819
f 5820 5824 5822
f 5818 5824 5820
f 5820 5822 5821 5807
f 5837 5819 5823
f 5824 5837 5826
f 5819 5837 5824
f 5824 5826 5825 5822
f 5823 5836 5839 5837
f 5837 5839 5838 5826
f 5861 5816 5827
f 5828 5861 5829
f 5816 5861 5828
f 5841 5828 5829
f 5818 5841 5819
f 5828 5841 5818
f 5858 5829 5840
f 5841 5858 5842
f 5829 5858 5841
f 5844 5841 5842
f 5819 5844 5823
f 5841 5844 5819
f 5855 5842 5843
f 5844 5855 5845
f 5842 5855 5844
f 5847 5844 5845
f 5823 5847 5836
f 5844 5847 5823
f 5851 5845 5846
f 5847 5851 5849
f 5845 5851 5847
f 5847 5849 5848 5836
f 5867 5846 5850
f 5851 5867 5853
f 5846 5867 5851
f 5851 5853 5852 5849
f 5874 5850 5866
f 5867 5874 5869
f 5850 5874 5867
f 5867 5869 5868 5853
f 5866 5873 5876 5874
f 5874 5876 5875 5869
f 5843 5854 5856 5855
f 5871 5855 5856
f 5845 5871 5846
f 5855 5871 5845
f 5856 5870 5872 5871
f 5878 5871 5872
f 5846 5878 5850
f 5871 5878 5846
f 5872 5877 5879 5878
f 5881 5878 5879
f 5850 5881 5866
f 5878 5881 5850
f 5879 5880 5882 5881
f 5881 5882 5873 5866
f 5840 5857 5859 5858
f 5858 5859 5843 5842
f 5827 5860 5862 5861
f 5861 5862 5840 5829
f 5810 5830 5832 5831
f 5864 5831 5832
f 5812 5864 5816
f 5831 5864 5812
f 5832 5863 5865 5864
f 5864 5865 5827 5816
f 5287 50 49
f 40 5287 39
f 50 5287 40
f 51 50 40 41
f 52 51 41 42
f 53 52 42 43
f 167 53 43
f 54 167 44
f 53 167 54
f 55 54 44 45
f 56 55 45 46
f 8278 46 47
f 56 8278 57
f 46 8278 56
f 8275 8279 173
f 7859 8275 58
f 8279 8275 7859
f 8493 8277 48
f 8279 8493 173
f 8277 8493 8279
f 8279 8278 47 8277
f 7859 57 8278 8279
f 8332 8331 8320 8330
f 8332 8288 8331
f 8341 8340 8321 8339
f 8319 8246 8340 8341
f 8333 8340 8246
f 8340 8338 8321
f 8338 8333 8289
f 8333 8338 8340
f 8321 8338 8336 8244
f 8338 8337 8161 8336
f 8289 8245 8337 8338
f 8312 8315 8163
f 8318 8312 8293
f 8315 8312 8318
f 8315 8318 8316 8296
f 8318 8317 8299 8316
f 8293 8285 8317 8318
f 8316 8288 8296
f 8297 8316 8299
f 8288 8316 8297
f 8299 8298 8291 8297
f 8317 8298 8299
f 8241 8317 8285
f 8298 8317 8241
f 8331 8335 8320
f 8297 8331 8288
f 8335 8331 8297
f 8320 8335 8333 8246
f 8335 8334 8289 8333
f 8297 8291 8334 8335
f 8334 8245 8289
f 8290 8334 8291
f 8245 8334 8290
f 8298 8290 8291
f 8071 8298 8241
f 8290 8298 8071
f 8345 8371 8342
f 8371 8343 8324
f 8343 8345 8344
f 8345 8343 8371
f 8344 8244 8343
f 8383 8352 8363
f 8364 8383 8365
f 8352 8383 8364
f 8362 8355 8364 8365
f 8354 8367 8370 8355
f 8364 8368 8352
f 8370 8364 8355
f 8368 8364 8370
f 8370 8369 8348 8368
f 8367 8353 8369 8370
f 8395 8394 8386 8393
f 8382 8363 8394 8395
f 8386 8385 8366 8384
f 8394 8385 8386
f 8352 8394 8363
f 8385 8394 8352
f 8387 8356 8358
f 8346 8387 8357
f 8356 8387 8346
f 8385 8389 8366
f 8368 8385 8352
f 8389 8385 8368
f 8366 8389 8387 8358
f 8389 8388 8357 8387
f 8368 8348 8388 8389
f 8388 8392 8357
f 8372 8388 8348
f 8392 8388 8372
f 8357 8392 8390 8346
f 8392 8391 8322 8390
f 8372 8347 8391 8392
f 8342 8371 8374 8353
f 8369 8372 8348
f 8374 8369 8353
f 8372 8369 8374
f 8374 8373 8347 8372
f 8371 8324 8373 8374
f 8373 8378 8347
f 8375 8373 8324
f 8378 8373 8375
f 8391 8376 8322
f 8378 8391 8347
f 8376 8391 8378
f 8378 8377 8159 8376
f 8375 8323 8377 8378
f 8375 8343 8336
f 8336 8343 8244
f 8343 8375 8324
f 8375 8336 8161 8323
f 8161 8271 8381 8323
f 8377 8379 8159
f 8381 8377 8323
f 8379 8377 8381
f 8381 8380 174 8379
f 8271 8160 8380 8381
f 8268 8290 8071
f 8290 8273 8245
f 8273 8268 8156
f 8268 8273 8290
f 8337 8271 8161
f 8273 8337 8245
f 8271 8337 8273
f 8273 8272 8160 8271
f 8156 171 8272 8273
f 8398 8397 8361 8396
f 8356 8346 8397 8398
f 8401 8400 8359 8399
f 8396 8361 8400 8401
f 8400 8351 8359
f 8360 8400 8361
f 8351 8400 8360
f 8390 8397 8346
f 8397 8360 8361
f 8360 8390 8322
f 8390 8360 8397
f 8424 8423 8402 8414
f 8422 8404 8423 8424
f 8423 8349 8402
f 8403 8423 8404
f 8349 8423 8403
f 8359 8351 8403 8404
f 8403 8327 8349
f 8350 8403 8351
f 8327 8403 8350
f 8376 8360 8322
f 8360 8350 8351
f 8350 8376 8159
f 8376 8350 8360
f 8421 8420 8417 8419
f 8418 8414 8420 8421
f 8444 8443 8438 8442
f 8441 8440 8443 8444
f 8443 8427 8438
f 8439 8443 8440
f 8427 8443 8439
f 8437 8419 8439 8440
f 8447 8446 8425 8445
f 8438 8427 8446 8447
f 8446 8415 8425
f 8426 8446 8427
f 8415 8446 8426
f 8439 8426 8427
f 8417 8439 8419
f 8426 8439 8417
f 8426 8413 8415
f 8416 8426 8417
f 8413 8426 8416
f 8420 8416 8417
f 8402 8420 8414
f 8416 8420 8402
f 8450 8449 8430 8448
f 8425 8415 8449 8450
f 8430 8429 8411 8428
f 8449 8429 8430
f 8413 8449 8415
f 8429 8449 8413
f 8429 8480 8411
f 8480 8412 8407
f 8412 8429 8413
f 8429 8412 8480
f 8416 8412 8413
f 8349 8416 8402
f 8412 8416 8349
f 8495 8472 8455
f 8472 8456 8453
f 8456 8495 8457
f 8495 8456 8472
f 8454 8428 8456 8457
f 8498 8497 8460 8496
f 8469 8467 8497 8498
f 8471 8470 8467 8469
f 8468 8455 8470 8471
f 8473 8499 8460
f 8499 8451 8458
f 8451 8473 8459
f 8473 8451 8499
f 8470 8475 8467
f 8472 8470 8455
f 8475 8470 8472
f 8497 8473 8460
f 8475 8497 8467
f 8473 8497 8475
f 8475 8474 8459 8473
f 8472 8453 8474 8475
f 8474 8479 8459
f 8476 8474 8453
f 8479 8474 8476
f 8459 8479 8477 8451
f 8479 8478 8433 8477
f 8476 8452 8478 8479
f 8456 8476 8453
f 8476 8411 8452
f 8411 8456 8428
f 8456 8411 8476
f 8463 8501 8500
f 8458 8451 8500 8501
f 8463 8462 8431 8461
f 8477 8500 8451
f 8500 8462 8463
f 8462 8477 8433
f 8477 8462 8500
f 8481 8462 8433
f 8462 8405 8431
f 8405 8481 8432
f 8481 8405 8462
f 8411 8480 8483 8452
f 8478 8481 8433
f 8483 8478 8452
f 8481 8478 8483
f 8483 8482 8432 8481
f 8480 8407 8482 8483
f 8482 8487 8432
f 8484 8482 8407
f 8487 8482 8484
f 8432 8487 8485 8405
f 8487 8486 8325 8485
f 8484 8406 8486 8487
f 8412 8484 8407
f 8484 8327 8406
f 8327 8412 8349
f 8412 8327 8484
f 8327 8488 8491 8406
f 8486 8489 8325
f 8491 8486 8406
f 8489 8486 8491
f 8491 8490 172 8489
f 8488 8326 8490 8491
f 8488 8350 8379
f 8379 8350 8159
f 8350 8488 8327
f 8488 8379 174 8326
f 174 8274 8494 8326
f 8490 8492 172
f 8494 8490 8326
f 8492 8490 8494
f 8494 8493 48 8492
f 8274 173 8493 8494
f 8272 8276 8160
f 8066 8272 171
f 8276 8272 8066
f 8380 8274 174
f 8276 8380 8160
f 8274 8380 8276
f 8276 8275 173 8274
f 8066 58 8275 8276
f 5907 59 5687
f 5688 5907 5689
f 59 5907 5688
f 5726 5688 5689
f 49 5726 5286
f 5688 5726 49
f 5904 5689 5725
f 5726 5904 5727
f 5689 5904 5726
f 5814 5726 5727
f 5286 5814 5684
f 5726 5814 5286
f 5901 5727 5813
f 5814 5901 5815
f 5727 5901 5814
f 5834 5814 5815
f 5684 5834 5722
f 5814 5834 5684
f 5898 5815 5833
f 5834 5898 5835
f 5815 5898 5834
f 5884 5834 5835
f 5722 5884 5810
f 5834 5884 5722
f 5895 5835 5883
f 5884 5895 5885
f 5835 5895 5884
f 5887 5884 5885
f 5810 5887 5830
f 5884 5887 5810
f 5891 5885 5886
f 5887 5891 5889
f 5885 5891 5887
f 5887 5889 5888 5830
f 5913 5886 5890
f 5891 5913 5893
f 5886 5913 5891
f 5891 5893 5892 5889
f 5890 5912 5915 5913
f 5913 5915 5914 5893
f 5883 5894 5896 5895
f 5917 5895 5896
f 5885 5917 5886
f 5895 5917 5885
f 5896 5916 5918 5917
f 5920 5917 5918
f 5886 5920 5890
f 5917 5920 5886
f 5918 5919 5921 5920
f 5920 5921 5912 5890
f 5933 5833 5897
f 5898 5933 5899
f 5833 5933 5898
f 5898 5899 5883 5835
f 5897 5927 5935 5933
f 5933 5935 5934 5899
f 5943 5813 5900
f 5901 5943 5902
f 5813 5943 5901
f 5923 5901 5902
f 5815 5923 5833
f 5901 5923 5815
f 5940 5902 5922
f 5923 5940 5924
f 5902 5940 5923
f 5926 5923 5924
f 5833 5926 5897
f 5923 5926 5833
f 5937 5924 5925
f 5926 5937 5928
f 5924 5937 5926
f 5930 5926 5928
f 5897 5930 5927
f 5926 5930 5897
f 5928 5929 5932 5930
f 5930 5932 5931 5927
f 5953 5925 5936
f 5937 5953 5938
f 5925 5953 5937
f 5949 5937 5938
f 5928 5949 5929
f 5937 5949 5928
f 5938 5948 5951 5949
f 5949 5951 5950 5929
f 5936 5952 5954 5953
f 5953 5954 5948 5938
f 5922 5939 5941 5940
f 5956 5940 5941
f 5924 5956 5925
f 5940 5956 5924
f 5941 5955 5957 5956
f 5956 5957 5936 5925
f 5959 5900 5942
f 5943 5959 5944
f 5900 5959 5943
f 5943 5944 5922 5902
f 5998 5942 5958
f 5959 5998 5961
f 5942 5998 5959
f 5959 5961 5960 5944
f 5958 5970 6000 5998
f 5998 6000 5999 5961
f 5986 5725 5903
f 5904 5986 5905
f 5725 5986 5904
f 5946 5904 5905
f 5727 5946 5813
f 5904 5946 5727
f 5983 5905 5945
f 5946 5983 5947
f 5905 5983 5946
f 5963 5946 5947
f 5813 5963 5900
f 5946 5963 5813
f 5980 5947 5962
f 5963 5980 5964
f 5947 5980 5963
f 5966 5963 5964
f 5900 5966 5942
f 5963 5966 5900
f 5977 5964 5965
f 5966 5977 5967
f 5964 5977 5966
f 5969 5966 5967
f 5942 5969 5958
f 5966 5969 5942
f 5973 5967 5968
f 5969 5973 5971
f 5967 5973 5969
f 5995 5969 5971
f 5958 5995 5970
f 5969 5995 5958
f 5971 5974 5997 5995
f 5995 5997 5996 5970
f 6002 5968 5972
f 5973 6002 5975
f 5968 6002 5973
f 5992 5973 5975
f 5971 5992 5974
f 5973 5992 5971
f 5975 5991 5994 5992
f 5992 5994 5993 5974
f 5972 6001 6003 6002
f 6002 6003 5991 5975
f 5965 5976 5978 5977
f 6005 5977 5978
f 5967 6005 5968
f 5977 6005 5967
f 5978 6004 6006 6005
f 6005 6006 5972 5968
f 5962 5979 5981 5980
f 5980 5981 5965 5964
f 6008 5945 5982
f 5983 6008 5984
f 5945 6008 5983
f 5983 5984 5962 5947
f 5982 6007 6010 6008
f 6008 6010 6009 5984
f 6018 5903 5985
f 5986 6018 5987
f 5903 6018 5986
f 6012 5986 5987
f 5905 6012 5945
f 5986 6012 5905
f 5987 6011 6013 6012
f 6015 6012 6013
f 5945 6015 5982
f 6012 6015 5945
f 6013 6014 6016 6015
f 6015 6016 6007 5982
f 6024 5985 6017
f 6018 6024 6019
f 5985 6024 6018
f 6018 6019 6011 5987
f 6017 6023 6026 6024
f 6024 6026 6025 6019
f 6040 5687 5906
f 5907 6040 5908
f 5687 6040 5907
f 5989 5907 5908
f 5689 5989 5725
f 5907 5989 5689
f 6037 5908 5988
f 5989 6037 5990
f 5908 6037 5989
f 6021 5989 5990
f 5725 6021 5903
f 5989 6021 5725
f 6034 5990 6020
f 6021 6034 6022
f 5990 6034 6021
f 6028 6021 6022
f 5903 6028 5985
f 6021 6028 5903
f 6022 6027 6029 6028
f 6031 6028 6029
f 5985 6031 6017
f 6028 6031 5985
f 6029 6030 6032 6031
f 6031 6032 6023 6017
f 6046 6020 6033
f 6034 6046 6035
f 6020 6046 6034
f 6066 6034 6035
f 6022 6066 6027
f 6034 6066 6022
f 6035 6047 6068 6066
f 6066 6068 6067 6027
f 6053 6033 6045
f 6046 6053 6048
f 6033 6053 6046
f 6063 6046 6048
f 6035 6063 6047
f 6046 6063 6035
f 6048 6054 6065 6063
f 6063 6065 6064 6047
f 6070 6045 6052
f 6053 6070 6055
f 6045 6070 6053
f 6060 6053 6055
f 6048 6060 6054
f 6053 6060 6048
f 6055 6059 6062 6060
f 6060 6062 6061 6054
f 6052 6069 6071 6070
f 6070 6071 6059 6055
f 5988 6036 6038 6037
f 6050 6037 6038
f 5990 6050 6020
f 6037 6050 5990
f 6038 6049 6051 6050
f 6057 6050 6051
f 6020 6057 6033
f 6050 6057 6020
f 6051 6056 6058 6057
f 6073 6057 6058
f 6033 6073 6045
f 6057 6073 6033
f 6058 6072 6074 6073
f 6073 6074 6052 6045
f 6083 5906 6039
f 6040 6083 6041
f 5906 6083 6040
f 6076 6040 6041
f 5908 6076 5988
f 6040 6076 5908
f 6079 6041 6075
f 6076 6079 6077
f 6041 6079 6076
f 6102 6076 6077
f 5988 6102 6036
f 6076 6102 5988
f 6077 6080 6104 6102
f 6102 6104 6103 6036
f 6089 6075 6078
f 6079 6089 6081
f 6075 6089 6079
f 6099 6079 6081
f 6077 6099 6080
f 6079 6099 6077
f 6122 6081 6090
f 6099 6122 6101
f 6081 6122 6099
f 6099 6101 6100 6080
f 6090 6097 6124 6122
f 6122 6124 6123 6101
f 6110 6078 6088
f 6089 6110 6091
f 6078 6110 6089
f 6096 6089 6091
f 6081 6096 6090
f 6089 6096 6081
f 6106 6091 6095
f 6096 6106 6098
f 6091 6106 6096
f 6119 6096 6098
f 6090 6119 6097
f 6096 6119 6090
f 6129 6098 6107
f 6119 6129 6121
f 6098 6129 6119
f 6119 6121 6120 6097
f 6107 6117 6131 6129
f 6129 6131 6130 6121
f 6136 6095 6105
f 6106 6136 6108
f 6095 6136 6106
f 6116 6106 6108
f 6098 6116 6107
f 6106 6116 6098
f 6133 6108 6115
f 6116 6133 6118
f 6108 6133 6116
f 6126 6116 6118
f 6107 6126 6117
f 6116 6126 6107
f 6118 6125 6128 6126
f 6126 6128 6127 6117
f 6115 6132 6134 6133
f 6133 6134 6125 6118
f 6105 6135 6137 6136
f 6136 6137 6115 6108
f 6088 6109 6111 6110
f 6139 6110 6111
f 6091 6139 6095
f 6110 6139 6091
f 6111 6138 6140 6139
f 6139 6140 6105 6095
f 6039 6082 6084 6083
f 6093 6083 6084
f 6041 6093 6075
f 6083 6093 6041
f 6084 6092 6094 6093
f 6113 6093 6094
f 6075 6113 6078
f 6093 6113 6075
f 6094 6112 6114 6113
f 6113 6114 6088 6078
f 5688 60 59
f 50 5688 49
f 60 5688 50
f 61 60 50 51
f 62 61 51 52
f 63 62 52 53
f 64 63 53 54
f 65 64 54 55
f 66 65 55 56
f 7797 7860 67
f 7860 56 57
f 56 7797 66
f 7797 56 7860
f 8042 8046 7984
f 7856 8042 68
f 8046 8042 7856
f 7984 8046 8044 7846
f 8046 8045 7861 8044
f 7856 7425 8045 8046
f 8044 8067 7846
f 8067 7859 58
f 7859 8044 7861
f 8044 7859 8067
f 7861 7860 57 7859
f 8045 7860 7861
f 67 8045 7425
f 7860 8045 67
f 8140 8143 8141 8076
f 8143 8142 8132 8141
f 8139 8134 8142 8143
f 8142 8124 8132
f 8133 8142 8134
f 8124 8142 8133
f 8131 8126 8133 8134
f 8133 8110 8124
f 8125 8133 8126
f 8110 8133 8125
f 8123 8112 8125 8126
f 8125 8103 8110
f 8111 8125 8112
f 8103 8125 8111
f 8109 8105 8111 8112
f 8111 8069 8103
f 8104 8111 8105
f 8069 8111 8104
f 8081 8077 8104 8105
f 8096 8095 8090 8094
f 8095 8100 8090
f 8097 8095 8070
f 8100 8095 8097
f 8090 8100 8098 8082
f 8100 8099 8093 8098
f 8097 8087 8099 8100
f 8098 8077 8082
f 8091 8098 8093
f 8077 8098 8091
f 8093 8092 8085 8091
f 8099 8092 8093
f 8073 8099 8087
f 8092 8099 8073
f 8091 8104 8077
f 8104 8083 8069
f 8083 8091 8085
f 8091 8083 8104
f 8085 8084 7847 8083
f 8092 8084 8085
f 8061 8092 8073
f 8084 8092 8061
f 8102 8101 8087 8097
f 8102 8089 8101
f 8101 8073 8087
f 8088 8101 8089
f 8073 8101 8088
f 8086 8075 8088 8089
f 8088 8061 8073
f 8074 8088 8075
f 8061 8088 8074
f 8075 7982 8074
f 8239 8238 8227 8237
f 8227 8226 8219 8225
f 8238 8226 8227
f 8209 8238 8217
f 8226 8238 8209
f 8218 8222 8209
f 8224 8218 8213
f 8222 8218 8224
f 8224 8223 8216 8222
f 8221 8178 8223 8224
f 8226 8230 8219
f 8222 8226 8209
f 8230 8226 8222
f 8219 8230 8228 8170
f 8230 8229 8214 8228
f 8222 8216 8229 8230
f 8229 8072 8214
f 8215 8229 8216
f 8072 8229 8215
f 8223 8215 8216
f 8171 8223 8178
f 8215 8223 8171
f 8203 8178 8180
f 8171 8203 8179
f 8178 8203 8171
f 8199 8202 8168
f 8205 8199 8175
f 8202 8199 8205
f 8202 8205 8203 8180
f 8205 8204 8179 8203
f 8175 8151 8204 8205
f 8197 8196 8191 8195
f 8196 8177 8191
f 8192 8196 8193
f 8177 8196 8192
f 8198 8201 8199 8168
f 8201 8200 8175 8199
f 8191 8177 8200 8201
f 8200 8151 8175
f 8176 8200 8177
f 8151 8200 8176
f 8192 8176 8177
f 8169 8192 8174
f 8176 8192 8169
f 8282 8250 8252
f 8243 8282 8251
f 8250 8282 8243
f 8284 8283 8251 8282
f 8247 8172 8283 8284
f 8308 8287 8292
f 8304 8308 8305
f 8287 8308 8304
f 8311 8310 8301 8309
f 8306 8303 8310 8311
f 8310 8295 8301
f 8302 8310 8303
f 8295 8310 8302
f 8307 8302 8303
f 8292 8307 8300
f 8302 8307 8292
f 8163 8314 8312
f 8314 8313 8293 8312
f 8301 8295 8313 8314
f 8313 8285 8293
f 8294 8313 8295
f 8285 8313 8294
f 8302 8294 8295
f 8287 8302 8292
f 8294 8302 8287
f 8294 8241 8285
f 8286 8294 8287
f 8241 8294 8286
f 8304 8286 8287
f 8243 8304 8250
f 8286 8304 8243
f 8265 8286 8243
f 8286 8071 8241
f 8071 8265 8242
f 8265 8071 8286
f 8262 8283 8172
f 8283 8267 8251
f 8267 8262 8253
f 8262 8267 8283
f 8251 8267 8265 8243
f 8267 8266 8242 8265
f 8253 8155 8266 8267
f 8258 8281 8249
f 8281 8172 8247
f 8172 8258 8248
f 8258 8172 8281
f 8280 8258 8249
f 8260 8280 8256
f 8258 8280 8260
f 8260 8259 8248 8258
f 8257 8240 8259 8260
f 8259 8264 8248
f 8261 8259 8240
f 8264 8259 8261
f 8248 8264 8262 8172
f 8264 8263 8253 8262
f 8261 8255 8263 8264
f 8263 8155 8253
f 8254 8263 8255
f 8155 8263 8254
f 8210 8173 8254 8255
f 8231 8210 8212
f 8173 8231 8211
f 8210 8231 8173
f 8228 8220 8170
f 8233 8228 8214
f 8220 8228 8233
f 8220 8233 8231 8212
f 8233 8232 8211 8231
f 8214 8072 8232 8233
f 8232 8236 8211
f 8181 8232 8072
f 8236 8232 8181
f 8211 8236 8234 8173
f 8236 8235 8186 8234
f 8181 8152 8235 8236
f 8234 8254 8173
f 8254 8184 8155
f 8184 8234 8186
f 8234 8184 8254
f 8186 8185 8158 8184
f 8235 8185 8186
f 8078 8235 8152
f 8185 8235 8078
f 8266 8270 8242
f 8184 8266 8155
f 8270 8266 8184
f 8242 8270 8268 8071
f 8270 8269 8156 8268
f 8184 8158 8269 8270
f 8269 171 8156
f 8157 8269 8158
f 171 8269 8157
f 8185 8157 8158
f 8065 8185 8078
f 8157 8185 8065
f 8162 8106 8148
f 8149 8162 8150
f 8106 8162 8149
f 8114 8149 8108
f 8149 8080 8106
f 8080 8114 8107
f 8114 8080 8149
f 8141 8144 8076
f 8147 8141 8132
f 8144 8141 8147
f 8144 8147 8145 8135
f 8147 8146 8138 8145
f 8132 8124 8146 8147
f 8145 8127 8135
f 8136 8145 8138
f 8127 8145 8136
f 8138 8137 8130 8136
f 8146 8137 8138
f 8110 8146 8124
f 8137 8146 8110
f 8136 8113 8127
f 8128 8136 8130
f 8113 8136 8128
f 8130 8129 8116 8128
f 8137 8129 8130
f 8103 8137 8110
f 8129 8137 8103
f 8128 8108 8113
f 8114 8128 8116
f 8108 8128 8114
f 8116 8115 8107 8114
f 8129 8115 8116
f 8069 8129 8103
f 8115 8129 8069
f 8194 8190 8169
f 8187 8194 8164
f 8190 8194 8187
f 8176 8188 8151
f 8190 8176 8169
f 8188 8176 8190
f 8190 8189 8165 8188
f 8187 8167 8189 8190
f 8189 8154 8165
f 8166 8189 8167
f 8154 8189 8166
f 8148 8106 8166 8167
f 8204 8208 8179
f 8188 8204 8151
f 8208 8204 8188
f 8179 8208 8206 8171
f 8208 8207 8183 8206
f 8188 8165 8207 8208
f 8206 8215 8171
f 8215 8181 8072
f 8181 8206 8183
f 8206 8181 8215
f 8183 8182 8152 8181
f 8207 8182 8183
f 8154 8207 8165
f 8182 8207 8154
f 8182 8078 8152
f 8153 8182 8154
f 8078 8182 8153
f 8166 8153 8154
f 8080 8166 8106
f 8153 8166 8080
f 8117 8153 8080
f 8153 8065 8078
f 8065 8117 8079
f 8117 8065 8153
f 8115 8119 8107
f 8083 8115 8069
f 8119 8115 8083
f 8107 8119 8117 8080
f 8119 8118 8079 8117
f 8083 7847 8118 8119
f 8118 8122 8079
f 8062 8118 7847
f 8122 8118 8062
f 8079 8122 8120 8065
f 8122 8121 8068 8120
f 8062 7983 8121 8122
f 8120 8157 8065
f 8157 8066 171
f 8066 8120 8068
f 8120 8066 8157
f 8068 8067 58 8066
f 8121 8067 8068
f 7846 8121 7983
f 8067 8121 7846
f 8050 8053 8051 8030
f 8053 8052 8029 8051
f 8032 8031 8052 8053
f 8049 8048 8032 8047
f 8048 8031 8032
f 8033 8048 8034
f 8031 8048 8033
f 8056 8055 8027 8054
f 8051 8056 8030
f 8055 8051 8029
f 8056 8051 8055
f 8035 8055 8029
f 8055 8003 8027
f 8003 8035 8028
f 8035 8003 8055
f 8033 8037 8031
f 8024 8033 7999
f 8037 8033 8024
f 8052 8035 8029
f 8037 8052 8031
f 8035 8052 8037
f 8037 8036 8028 8035
f 8024 7991 8036 8037
f 8057 8027 8060
f 8057 8060 8058 7982
f 8060 8059 8001 8058
f 8027 8003 8059 8060
f 8038 8059 8003
f 8059 7985 8001
f 7985 8038 8002
f 8038 7985 8059
f 8036 8040 8028
f 8006 8036 7991
f 8040 8036 8006
f 8028 8040 8038 8003
f 8040 8039 8002 8038
f 8006 7843 8039 8040
f 8058 8074 7982
f 8074 8064 8061
f 8064 8058 8001
f 8058 8064 8074
f 8084 8062 7847
f 8064 8084 8061
f 8062 8084 8064
f 8064 8063 7983 8062
f 8001 7985 8063 8064
f 8041 8063 7985
f 8063 7846 7983
f 7846 8041 7984
f 8041 7846 8063
f 8039 8043 8002
f 7979 8039 7843
f 8043 8039 7979
f 8002 8043 8041 7985
f 8043 8042 7984 8041
f 7979 68 8042 8043
f 6155 69 5909
f 5910 6155 5911
f 69 6155 5910
f 6043 5910 5911
f 59 6043 5687
f 5910 6043 59
f 6152 5911 6042
f 6043 6152 6044
f 5911 6152 6043
f 6086 6043 6044
f 5687 6086 5906
f 6043 6086 5687
f 6149 6044 6085
f 6086 6149 6087
f 6044 6149 6086
f 6142 6086 6087
f 5906 6142 6039
f 6086 6142 5906
f 6145 6087 6141
f 6142 6145 6143
f 6087 6145 6142
f 6163 6142 6143
f 6039 6163 6082
f 6142 6163 6039
f 6143 6146 6165 6163
f 6163 6165 6164 6082
f 6167 6141 6144
f 6145 6167 6147
f 6141 6167 6145
f 6160 6145 6147
f 6143 6160 6146
f 6145 6160 6143
f 6147 6159 6162 6160
f 6160 6162 6161 6146
f 6144 6166 6168 6167
f 6167 6168 6159 6147
f 6085 6148 6150 6149
f 6170 6149 6150
f 6087 6170 6141
f 6149 6170 6087
f 6150 6169 6171 6170
f 6170 6171 6144 6141
f 6176 6042 6151
f 6152 6176 6153
f 6042 6176 6152
f 6173 6152 6153
f 6044 6173 6085
f 6152 6173 6044
f 6153 6172 6174 6173
f 6173 6174 6148 6085
f 6151 6175 6177 6176
f 6176 6177 6172 6153
f 6195 5909 6154
f 6155 6195 6156
f 5909 6195 6155
f 6179 6155 6156
f 5911 6179 6042
f 6155 6179 5911
f 6192 6156 6178
f 6179 6192 6180
f 6156 6192 6179
f 6182 6179 6180
f 6042 6182 6151
f 6179 6182 6042
f 6189 6180 6181
f 6182 6189 6183
f 6180 6189 6182
f 6185 6182 6183
f 6151 6185 6175
f 6182 6185 6151
f 6183 6184 6187 6185
f 6185 6187 6186 6175
f 6209 6181 6188
f 6189 6209 6190
f 6181 6209 6189
f 6201 6189 6190
f 6183 6201 6184
f 6189 6201 6183
f 6205 6190 6200
f 6201 6205 6203
f 6190 6205 6201
f 6201 6203 6202 6184
f 6215 6200 6204
f 6205 6215 6207
f 6200 6215 6205
f 6205 6207 6206 6203
f 6204 6214 6217 6215
f 6215 6217 6216 6207
f 6188 6208 6210 6209
f 6219 6209 6210
f 6190 6219 6200
f 6209 6219 6190
f 6210 6218 6220 6219
f 6222 6219 6220
f 6200 6222 6204
f 6219 6222 6200
f 6220 6221 6223 6222
f 6222 6223 6214 6204
f 6178 6191 6193 6192
f 6212 6192 6193
f 6180 6212 6181
f 6192 6212 6180
f 6193 6211 6213 6212
f 6212 6213 6188 6181
f 6232 6154 6194
f 6195 6232 6196
f 6154 6232 6195
f 6225 6195 6196
f 6156 6225 6178
f 6195 6225 6156
f 6228 6196 6224
f 6225 6228 6226
f 6196 6228 6225
f 6241 6225 6226
f 6178 6241 6191
f 6225 6241 6178
f 6226 6229 6243 6241
f 6241 6243 6242 6191
f 6249 6224 6227
f 6228 6249 6230
f 6224 6249 6228
f 6238 6228 6230
f 6226 6238 6229
f 6228 6238 6226
f 6245 6230 6237
f 6238 6245 6240
f 6230 6245 6238
f 6238 6240 6239 6229
f 6255 6237 6244
f 6245 6255 6247
f 6237 6255 6245
f 6245 6247 6246 6240
f 6244 6254 6257 6255
f 6255 6257 6256 6247
f 6227 6248 6250 6249
f 6259 6249 6250
f 6230 6259 6237
f 6249 6259 6230
f 6250 6258 6260 6259
f 6262 6259 6260
f 6237 6262 6244
f 6259 6262 6237
f 6260 6261 6263 6262
f 6262 6263 6254 6244
f 6194 6231 6233 6232
f 6252 6232 6233
f 6196 6252 6224
f 6232 6252 6196
f 6233 6251 6253 6252
f 6252 6253 6227 6224
f 5910 6510 69
f 6510 60 70
f 60 5910 59
f 5910 60 6510
f 6513 61 71
f 60 6513 70
f 61 6513 60
f 6516 62 72
f 61 6516 71
f 62 6516 61
f 6519 63 73
f 62 6519 72
f 63 6519 62
f 74 73 63 64
f 75 74 64 65
f 7798 65 66
f 75 7798 76
f 65 7798 75
f 7795 7799 7426
f 7388 7795 77
f 7799 7795 7388
f 7426 7799 7797 67
f 7799 7798 66 7797
f 7388 76 7798 7799
f 7893 7892 7835 7864
f 7892 7756 7835
f 7836 7892 7837
f 7756 7892 7836
f 7753 7888 7891 7863
f 7886 7889 7849
f 7891 7886 7863
f 7889 7886 7891
f 7891 7890 7867 7889
f 7888 7864 7890 7891
f 7902 7906 7870
f 7889 7902 7849
f 7906 7902 7889
f 7870 7906 7904 7839
f 7906 7905 7865 7904
f 7889 7867 7905 7906
f 7905 7852 7865
f 7866 7905 7867
f 7852 7905 7866
f 7890 7866 7867
f 7835 7890 7864
f 7866 7890 7835
f 7904 7873 7839
f 7909 7904 7865
f 7873 7904 7909
f 7873 7909 7907 7580
f 7909 7908 7850 7907
f 7865 7852 7908 7909
f 7908 7754 7850
f 7851 7908 7852
f 7754 7908 7851
f 7866 7851 7852
f 7756 7866 7835
f 7851 7866 7756
f 7851 7583 7754
f 7755 7851 7756
f 7583 7851 7755
f 7750 7836 7603
f 7836 7755 7756
f 7755 7750 7490
f 7750 7755 7836
f 7907 7923 7580
f 7923 7912 7876
f 7912 7907 7850
f 7907 7912 7923
f 7876 7912 7910 7841
f 7912 7911 7855 7910
f 7850 7754 7911 7912
f 7910 7934 7841
f 7934 7853 7424
f 7853 7910 7855
f 7910 7853 7934
f 7855 7854 7581 7853
f 7911 7854 7855
f 7583 7911 7754
f 7854 7911 7583
f 7791 7854 7583
f 7854 7427 7581
f 7427 7791 7582
f 7791 7427 7854
f 7788 7755 7490
f 7793 7788 7577
f 7755 7788 7793
f 7755 7793 7791 7583
f 7793 7792 7582 7791
f 7577 7382 7792 7793
f 7965 7969 7938
f 7853 7965 7424
f 7969 7965 7853
f 7938 7969 7967 7844
f 7969 7968 7858 7967
f 7853 7581 7968 7969
f 7967 7980 7844
f 7980 7856 68
f 7856 7967 7858
f 7967 7856 7980
f 7858 7857 7425 7856
f 7968 7857 7858
f 7427 7968 7581
f 7857 7968 7427
f 7794 7857 7427
f 7857 67 7425
f 67 7794 7426
f 7794 67 7857
f 7792 7796 7582
f 7421 7792 7382
f 7796 7792 7421
f 7582 7796 7794 7427
f 7796 7795 7426 7794
f 7421 77 7795 7796
f 7993 7994 7974
f 8026 8025 7991 8024
f 8021 8026 8004
f 8025 8021 8000
f 8026 8021 8025
f 8020 8023 8021 8004
f 8023 8022 8000 8021
f 8009 8005 8022 8023
f 8019 8018 8009 8017
f 8016 8011 8018 8019
f 8018 8005 8009
f 8010 8018 8011
f 8005 8018 8010
f 8010 8015 8005
f 8012 8010 7992
f 8015 8010 8012
f 8022 8013 8000
f 8015 8022 8005
f 8013 8022 8015
f 8015 8014 8008 8013
f 8012 7995 8014 8015
f 8013 8025 8000
f 8025 8006 7991
f 8006 8013 8008
f 8013 8006 8025
f 8008 8007 7843 8006
f 8014 8007 8008
f 7978 8014 7995
f 8007 8014 7978
f 7997 7996 7978 7995
f 7998 7996 7997
f 7845 7998 7990
f 7996 7998 7845
f 7975 7996 7845
f 7996 7981 7978
f 7981 7975 7937
f 7975 7981 7996
f 8007 7979 7843
f 7981 8007 7978
f 7979 8007 7981
f 7981 7980 68 7979
f 7937 7844 7980 7981
f 7986 7989 7970
f 7958 7986 7957
f 7989 7986 7958
f 7970 7989 7987 7955
f 7989 7988 7954 7987
f 7958 7956 7988 7989
f 7960 7959 7956 7958
f 7960 7940 7959
f 7973 7972 7952 7971
f 7987 7973 7955
f 7972 7987 7954
f 7973 7987 7972
f 7961 7972 7954
f 7972 7939 7952
f 7939 7961 7953
f 7961 7939 7972
f 7959 7963 7956
f 7949 7959 7940
f 7963 7959 7949
f 7988 7961 7954
f 7963 7988 7956
f 7961 7988 7963
f 7963 7962 7953 7961
f 7949 7840 7962 7963
f 7971 7994 7936
f 7994 7977 7974
f 7977 7971 7952
f 7971 7977 7994
f 7974 7977 7975 7845
f 7977 7976 7937 7975
f 7952 7939 7976 7977
f 7964 7976 7939
f 7976 7844 7937
f 7844 7964 7938
f 7964 7844 7976
f 7962 7966 7953
f 7933 7962 7840
f 7966 7962 7933
f 7953 7966 7964 7939
f 7966 7965 7938 7964
f 7933 7424 7965 7966
f 7951 7950 7840 7949
f 7941 7932 7950 7951
f 7945 7944 7942 7943
f 7944 7948 7942
f 7929 7944 7842
f 7948 7944 7929
f 7942 7948 7946 7932
f 7948 7947 7935 7946
f 7929 7875 7947 7948
f 7946 7950 7932
f 7950 7933 7840
f 7933 7946 7935
f 7946 7933 7950
f 7935 7934 7424 7933
f 7947 7934 7935
f 7841 7947 7875
f 7934 7947 7841
f 7925 7928 7926 7918
f 7928 7927 7877 7926
f 7920 7919 7927 7928
f 7920 7921 7919
f 7931 7930 7875 7929
f 7926 7931 7918
f 7930 7926 7877
f 7931 7926 7930
f 7922 7930 7877
f 7930 7841 7875
f 7841 7922 7876
f 7922 7841 7930
f 7921 7924 7919
f 7872 7921 7838
f 7924 7921 7872
f 7927 7922 7877
f 7924 7927 7919
f 7922 7927 7924
f 7924 7923 7876 7922
f 7872 7580 7923 7924
f 7874 7873 7580 7872
f 7869 7874 7848
f 7873 7869 7839
f 7874 7869 7873
f 7898 7881 7883
f 7871 7898 7882
f 7881 7898 7871
f 7914 7917 7915 7897
f 7917 7916 7900 7915
f 7894 7878 7916 7917
f 7915 7883 7897
f 7898 7915 7900
f 7883 7915 7898
f 7900 7899 7882 7898
f 7916 7899 7900
f 7862 7916 7878
f 7899 7916 7862
f 7901 7869 7871
f 7839 7901 7870
f 7869 7901 7839
f 7899 7903 7882
f 7885 7899 7862
f 7903 7899 7885
f 7882 7903 7901 7871
f 7903 7902 7870 7901
f 7885 7849 7902 7903
f 7913 7878 7894
f 7895 7913 7896
f 7878 7913 7895
f 7895 7862 7878
f 7879 7895 7880
f 7862 7895 7879
f 7879 7885 7862
f 7887 7879 7868
f 7885 7879 7887
f 7887 7886 7849 7885
f 7884 7863 7886 7887
f 6198 6157 6158
f 69 6198 5909
f 6157 6198 69
f 6275 6158 6197
f 6198 6275 6199
f 6158 6275 6198
f 6235 6198 6199
f 5909 6235 6154
f 6198 6235 5909
f 6272 6199 6234
f 6235 6272 6236
f 6199 6272 6235
f 6265 6235 6236
f 6154 6265 6194
f 6235 6265 6154
f 6268 6236 6264
f 6265 6268 6266
f 6236 6268 6265
f 6283 6265 6266
f 6194 6283 6231
f 6265 6283 6194
f 6303 6266 6269
f 6283 6303 6285
f 6266 6303 6283
f 6283 6285 6284 6231
f 6269 6281 6305 6303
f 6303 6305 6304 6285
f 6291 6264 6267
f 6268 6291 6270
f 6264 6291 6268
f 6280 6268 6270
f 6266 6280 6269
f 6268 6280 6266
f 6287 6270 6279
f 6280 6287 6282
f 6270 6287 6280
f 6300 6280 6282
f 6269 6300 6281
f 6280 6300 6269
f 6282 6288 6302 6300
f 6300 6302 6301 6281
f 6307 6279 6286
f 6287 6307 6289
f 6279 6307 6287
f 6297 6287 6289
f 6282 6297 6288
f 6287 6297 6282
f 6289 6296 6299 6297
f 6297 6299 6298 6288
f 6286 6306 6308 6307
f 6307 6308 6296 6289
f 6267 6290 6292 6291
f 6310 6291 6292
f 6270 6310 6279
f 6291 6310 6270
f 6292 6309 6311 6310
f 6310 6311 6286 6279
f 6234 6271 6273 6272
f 6294 6272 6273
f 6236 6294 6264
f 6272 6294 6236
f 6273 6293 6295 6294
f 6294 6295 6267 6264
f 6323 6197 6274
f 6275 6323 6276
f 6197 6323 6275
f 6313 6275 6276
f 6199 6313 6234
f 6275 6313 6199
f 6320 6276 6312
f 6313 6320 6314
f 6276 6320 6313
f 6316 6313 6314
f 6234 6316 6271
f 6313 6316 6234
f 6314 6315 6318 6316
f 6316 6318 6317 6271
f 6312 6319 6321 6320
f 6320 6321 6315 6314
f 6274 6322 6324 6323
f 6323 6324 6312 6276
f 6326 6277 6278
f 6158 6326 6197
f 6277 6326 6158
f 6339 6278 6325
f 6326 6339 6327
f 6278 6339 6326
f 6329 6326 6327
f 6197 6329 6274
f 6326 6329 6197
f 6336 6327 6328
f 6329 6336 6330
f 6327 6336 6329
f 6332 6329 6330
f 6274 6332 6322
f 6329 6332 6274
f 6330 6331 6334 6332
f 6332 6334 6333 6322
f 6328 6335 6337 6336
f 6336 6337 6331 6330
f 6354 6325 6338
f 6339 6354 6340
f 6325 6354 6339
f 6339 6340 6328 6327
f 6338 6348 6356 6354
f 6354 6356 6355 6340
f 6344 6341 6342
f 6278 6344 6325
f 6341 6344 6278
f 6365 6342 6343
f 6344 6365 6345
f 6342 6365 6344
f 6347 6344 6345
f 6325 6347 6338
f 6344 6347 6325
f 6362 6345 6346
f 6347 6362 6349
f 6345 6362 6347
f 6351 6347 6349
f 6338 6351 6348
f 6347 6351 6338
f 6358 6349 6350
f 6351 6358 6353
f 6349 6358 6351
f 6351 6353 6352 6348
f 6350 6357 6360 6358
f 6358 6360 6359 6353
f 6380 6346 6361
f 6362 6380 6363
f 6346 6380 6362
f 6370 6362 6363
f 6349 6370 6350
f 6362 6370 6349
f 6377 6363 6369
f 6370 6377 6371
f 6363 6377 6370
f 6373 6370 6371
f 6350 6373 6357
f 6370 6373 6350
f 6393 6371 6372
f 6373 6393 6375
f 6371 6393 6373
f 6373 6375 6374 6357
f 6372 6387 6395 6393
f 6393 6395 6394 6375
f 6404 6369 6376
f 6377 6404 6378
f 6369 6404 6377
f 6386 6377 6378
f 6371 6386 6372
f 6377 6386 6371
f 6401 6378 6385
f 6386 6401 6388
f 6378 6401 6386
f 6390 6386 6388
f 6372 6390 6387
f 6386 6390 6372
f 6397 6388 6389
f 6390 6397 6392
f 6388 6397 6390
f 6390 6392 6391 6387
f 6410 6389 6396
f 6397 6410 6399
f 6389 6410 6397
f 6397 6399 6398 6392
f 6446 6396 6409
f 6410 6446 6412
f 6396 6446 6410
f 6410 6412 6411 6399
f 6409 6421 6448 6446
f 6446 6448 6447 6412
f 6434 6385 6400
f 6401 6434 6402
f 6385 6434 6401
f 6414 6401 6402
f 6388 6414 6389
f 6401 6414 6388
f 6431 6402 6413
f 6414 6431 6415
f 6402 6431 6414
f 6417 6414 6415
f 6389 6417 6396
f 6414 6417 6389
f 6428 6415 6416
f 6417 6428 6418
f 6415 6428 6417
f 6420 6417 6418
f 6396 6420 6409
f 6417 6420 6396
f 6424 6418 6419
f 6420 6424 6422
f 6418 6424 6420
f 6443 6420 6422
f 6409 6443 6421
f 6420 6443 6409
f 6422 6425 6445 6443
f 6443 6445 6444 6421
f 6454 6419 6423
f 6424 6454 6426
f 6419 6454 6424
f 6440 6424 6426
f 6422 6440 6425
f 6424 6440 6422
f 6450 6426 6439
f 6440 6450 6442
f 6426 6450 6440
f 6440 6442 6441 6425
f 6439 6449 6452 6450
f 6450 6452 6451 6442
f 6423 6453 6455 6454
f 6460 6454 6455
f 6426 6460 6439
f 6454 6460 6426
f 6455 6459 6461 6460
f 6460 6461 6449 6439
f 6416 6427 6429 6428
f 6457 6428 6429
f 6418 6457 6419
f 6428 6457 6418
f 6429 6456 6458 6457
f 6457 6458 6423 6419
f 6413 6430 6432 6431
f 6431 6432 6416 6415
f 6400 6433 6435 6434
f 6434 6435 6413 6402
f 6376 6403 6405 6404
f 6437 6404 6405
f 6378 6437 6385
f 6404 6437 6378
f 6405 6436 6438 6437
f 6437 6438 6400 6385
f 6361 6379 6381 6380
f 6407 6380 6381
f 6363 6407 6369
f 6380 6407 6363
f 6381 6406 6408 6407
f 6407 6408 6376 6369
f 6343 6364 6366 6365
f 6383 6365 6366
f 6345 6383 6346
f 6365 6383 6345
f 6366 6382 6384 6383
f 6383 6384 6361 6346
f 6463 6367 6368
f 6342 6463 6343
f 6367 6463 6342
f 6472 6368 6462
f 6463 6472 6464
f 6368 6472 6463
f 6463 6464 6364 6343
f 6462 6466 6474 6472
f 6472 6474 6473 6464
f 6469 6465 6467
f 6462 6469 6466
f 6465 6469 6462
f 6467 6468 6471 6469
f 6469 6471 6470 6466
f 6478 6475 6476
f 6467 6478 6468
f 6475 6478 6467
f 6476 6477 6480 6478
f 6478 6480 6479 6468
f 6509 6511 6510 70
f 6511 6157 69 6510
f 6512 6514 6513 71
f 6514 6509 70 6513
f 6515 6517 6516 72
f 6517 6512 71 6516
f 6518 6520 6519 73
f 6520 6515 72 6519
f 7443 7395 7383
f 7397 7443 7386
f 7395 7443 7397
f 7397 7396 7390 7395
f 7395 7422 7383
f 7422 7388 77
f 7388 7395 7390
f 7395 7388 7422
f 7390 7389 76 7388
f 7561 7565 7557
f 7562 7561 7510
f 7565 7561 7562
f 7557 7565 7563 7552
f 7565 7564 7560 7563
f 7562 7549 7564 7565
f 7563 7509 7552
f 7558 7563 7560
f 7509 7563 7558
f 7560 7559 7384 7558
f 7564 7559 7560
f 7498 7564 7549
f 7559 7564 7498
f 7550 7518 7498 7549
f 7803 7772 7774
f 7764 7803 7773
f 7772 7803 7764
f 7834 7833 7805 7832
f 7829 7834 7800
f 7833 7829 7769
f 7834 7829 7833
f 7832 7774 7802
f 7803 7832 7805
f 7774 7832 7803
f 7805 7804 7773 7803
f 7808 7833 7769
f 7833 7804 7805
f 7804 7808 7747
f 7808 7804 7833
f 7782 7762 7764
f 7752 7782 7763
f 7762 7782 7752
f 7779 7804 7747
f 7804 7784 7773
f 7784 7779 7759
f 7779 7784 7804
f 7773 7784 7782 7764
f 7784 7783 7763 7782
f 7759 7620 7783 7784
f 7762 7603 7749
f 7750 7762 7752
f 7603 7762 7750
f 7785 7750 7752
f 7490 7785 7751
f 7750 7785 7490
f 7783 7787 7763
f 7766 7783 7620
f 7787 7783 7766
f 7763 7787 7785 7752
f 7787 7786 7751 7785
f 7766 7576 7786 7787
f 7828 7831 7829 7800
f 7831 7830 7769 7829
f 7825 7831 7806
f 7830 7825 7801
f 7831 7825 7830
f 7824 7811 7827
f 7824 7827 7825 7806
f 7827 7826 7801 7825
f 7811 7807 7826 7827
f 7823 7822 7811 7821
f 7822 7807 7811
f 7812 7822 7813
f 7807 7822 7812
f 7812 7817 7807
f 7814 7812 7771
f 7817 7812 7814
f 7826 7815 7801
f 7817 7826 7807
f 7815 7826 7817
f 7817 7816 7810 7815
f 7814 7775 7816 7817
f 7815 7830 7801
f 7830 7808 7769
f 7808 7815 7810
f 7815 7808 7830
f 7810 7809 7747 7808
f 7816 7809 7810
f 7770 7816 7775
f 7809 7816 7770
f 7820 7819 7775 7814
f 7818 7777 7819 7820
f 7819 7770 7775
f 7776 7819 7777
f 7770 7819 7776
f 7776 7781 7770
f 7778 7776 7758
f 7781 7776 7778
f 7809 7779 7747
f 7781 7809 7770
f 7779 7809 7781
f 7781 7780 7759 7779
f 7778 7761 7780 7781
f 7780 7620 7759
f 7760 7780 7761
f 7620 7780 7760
f 7757 7748 7760 7761
f 7621 7765 7768 7748
f 7760 7766 7620
f 7768 7760 7748
f 7766 7760 7768
f 7768 7767 7576 7766
f 7765 7610 7767 7768
f 7607 7610 7491
f 7613 7607 7573
f 7610 7607 7613
f 7767 7611 7576
f 7613 7767 7610
f 7611 7767 7613
f 7613 7612 7579 7611
f 7640 7613 7573
f 7612 7640 7511
f 7613 7640 7612
f 7786 7790 7751
f 7611 7786 7576
f 7790 7786 7611
f 7751 7790 7788 7490
f 7790 7789 7577 7788
f 7611 7579 7789 7790
f 7789 7382 7577
f 7578 7789 7579
f 7382 7789 7578
f 7595 7612 7511
f 7612 7578 7579
f 7578 7595 7420
f 7595 7578 7612
f 7589 7570 7572
f 7512 7589 7571
f 7570 7589 7512
f 7588 7600 7598
f 7600 7599 7591 7598
f 7587 7568 7599 7600
f 7598 7572 7588
f 7589 7598 7591
f 7572 7598 7589
f 7591 7590 7571 7589
f 7599 7590 7591
f 7553 7599 7568
f 7590 7599 7553
f 7737 7740 7686
f 7743 7737 7712
f 7740 7737 7743
f 7740 7743 7741 7684
f 7743 7742 7680 7741
f 7712 7685 7742 7743
f 7732 7735 7733 7718
f 7735 7734 7714 7733
f 7722 7719 7734 7735
f 7736 7739 7737 7686
f 7739 7738 7712 7737
f 7733 7739 7718
f 7738 7733 7714
f 7739 7733 7738
f 7725 7738 7714
f 7738 7685 7712
f 7685 7725 7713
f 7725 7685 7738
f 7723 7727 7719
f 7724 7723 7683
f 7727 7723 7724
f 7734 7725 7714
f 7727 7734 7719
f 7725 7734 7727
f 7727 7726 7713 7725
f 7724 7682 7726 7727
f 7726 7731 7713
f 7728 7726 7682
f 7731 7726 7728
f 7713 7731 7729 7685
f 7731 7730 7717 7729
f 7728 7701 7730 7731
f 7729 7742 7685
f 7742 7715 7680
f 7715 7729 7717
f 7729 7715 7742
f 7717 7716 7676 7715
f 7730 7716 7717
f 7681 7730 7701
f 7716 7730 7681
f 7703 7702 7681 7701
f 7703 7655 7702
f 7687 7746 7744
f 7746 7745 7690 7744
f 7741 7746 7684
f 7745 7741 7680
f 7746 7741 7745
f 7744 7645 7687
f 7688 7744 7690
f 7645 7744 7688
f 7690 7689 7674 7688
f 7715 7745 7680
f 7745 7689 7690
f 7689 7715 7676
f 7715 7689 7745
f 7705 7689 7676
f 7689 7643 7674
f 7643 7705 7675
f 7705 7643 7689
f 7702 7707 7681
f 7704 7702 7655
f 7707 7702 7704
f 7716 7705 7676
f 7707 7716 7681
f 7705 7716 7707
f 7707 7706 7675 7705
f 7704 7646 7706 7707
f 7706 7711 7675
f 7708 7706 7646
f 7711 7706 7708
f 7675 7711 7709 7643
f 7711 7710 7657 7709
f 7708 7659 7710 7711
f 7710 7632 7657
f 7658 7710 7659
f 7632 7710 7658
f 7656 7644 7658 7659
f 7721 7691 7679 7720
f 7692 7677 7679
f 7650 7692 7678
f 7677 7692 7650
f 7688 7691 7645
f 7694 7688 7674
f 7691 7688 7694
f 7691 7694 7692 7679
f 7694 7693 7678 7692
f 7674 7643 7693 7694
f 7677 7604 7647
f 7648 7677 7650
f 7604 7677 7648
f 7695 7648 7650
f 7630 7695 7649
f 7648 7695 7630
f 7709 7693 7643
f 7693 7697 7678
f 7697 7709 7657
f 7709 7697 7693
f 7678 7697 7695 7650
f 7697 7696 7649 7695
f 7657 7632 7696 7697
f 7696 7700 7649
f 7661 7696 7632
f 7700 7696 7661
f 7649 7700 7698 7630
f 7700 7699 7614 7698
f 7661 7631 7699 7700
f 7629 7660 7663 7644
f 7658 7661 7632
f 7663 7658 7644
f 7661 7658 7663
f 7663 7662 7631 7661
f 7660 7616 7662 7663
f 7662 7667 7631
f 7664 7662 7616
f 7667 7662 7664
f 7699 7665 7614
f 7667 7699 7631
f 7665 7699 7667
f 7667 7666 7601 7665
f 7664 7615 7666 7667
f 7605 7668 7671 7615
f 7666 7669 7601
f 7671 7666 7615
f 7669 7666 7671
f 7671 7670 7623 7669
f 7668 7625 7670 7671
f 7670 7575 7623
f 7624 7670 7625
f 7575 7670 7624
f 7622 7602 7624 7625
f 7673 7651 7633 7672
f 7634 7617 7619
f 7609 7634 7618
f 7617 7634 7609
f 7648 7651 7604
f 7654 7648 7630
f 7651 7648 7654
f 7651 7654 7652 7633
f 7654 7653 7636 7652
f 7698 7654 7630
f 7653 7698 7614
f 7654 7698 7653
f 7652 7619 7633
f 7634 7652 7636
f 7619 7652 7634
f 7636 7635 7618 7634
f 7665 7653 7614
f 7653 7635 7636
f 7635 7665 7601
f 7665 7635 7653
f 7617 7491 7606
f 7607 7617 7609
f 7491 7617 7607
f 7637 7607 7609
f 7573 7637 7608
f 7607 7637 7573
f 7669 7635 7601
f 7635 7639 7618
f 7639 7669 7623
f 7669 7639 7635
f 7618 7639 7637 7609
f 7639 7638 7608 7637
f 7623 7575 7638 7639
f 7638 7642 7608
f 7626 7638 7575
f 7642 7638 7626
f 7608 7642 7640 7573
f 7642 7641 7511 7640
f 7626 7574 7641 7642
f 7566 7570 7628 7602
f 7624 7626 7575
f 7628 7624 7602
f 7626 7624 7628
f 7628 7627 7574 7626
f 7570 7512 7627 7628
f 7592 7627 7512
f 7627 7597 7574
f 7597 7592 7554
f 7592 7597 7627
f 7641 7595 7511
f 7597 7641 7574
f 7595 7641 7597
f 7597 7596 7420 7595
f 7554 7502 7596 7597
f 7569 7584 7553
f 7586 7569 7567
f 7584 7569 7586
f 7586 7585 7556 7584
f 7551 7509 7585 7586
f 7590 7594 7571
f 7584 7590 7553
f 7594 7590 7584
f 7571 7594 7592 7512
f 7594 7593 7554 7592
f 7584 7556 7593 7594
f 7593 7502 7554
f 7555 7593 7556
f 7502 7593 7555
f 7558 7585 7509
f 7585 7555 7556
f 7555 7558 7384
f 7558 7555 7585
f 7499 7555 7384
f 7555 7505 7502
f 7505 7499 7417
f 7499 7505 7555
f 7596 7503 7420
f 7505 7596 7502
f 7503 7596 7505
f 7505 7504 7423 7503
f 7417 7385 7504 7505
f 7503 7578 7420
f 7578 7421 7382
f 7421 7503 7423
f 7503 7421 7578
f 7423 7422 77 7421
f 7442 7504 7385
f 7504 7422 7423
f 7422 7442 7383
f 7442 7422 7504
f 7492 7493 7465
f 7478 7462 7464
f 7447 7478 7463
f 7462 7478 7447
f 7484 7487 7485 7477
f 7487 7486 7480 7485
f 7476 7460 7486 7487
f 7485 7464 7477
f 7478 7485 7480
f 7464 7485 7478
f 7480 7479 7463 7478
f 7486 7479 7480
f 7448 7486 7460
f 7479 7486 7448
f 7479 7483 7463
f 7473 7479 7448
f 7483 7479 7473
f 7463 7483 7481 7447
f 7483 7482 7415 7481
f 7473 7435 7482 7483
f 7461 7473 7448
f 7475 7461 7459
f 7473 7461 7475
f 7475 7474 7435 7473
f 7446 7407 7474 7475
f 7462 7493 7412
f 7493 7468 7465
f 7468 7462 7447
f 7462 7468 7493
f 7465 7468 7466 7402
f 7468 7467 7413 7466
f 7481 7468 7447
f 7467 7481 7415
f 7468 7481 7467
f 7436 7467 7415
f 7467 7387 7413
f 7387 7436 7414
f 7436 7387 7467
f 7432 7474 7407
f 7474 7438 7435
f 7438 7432 7409
f 7432 7438 7474
f 7482 7436 7415
f 7438 7482 7435
f 7436 7482 7438
f 7438 7437 7414 7436
f 7409 7391 7437 7438
f 7458 7457 7455 7456
f 7455 7454 7452 7453
f 7457 7454 7455
f 7430 7457 7445
f 7454 7457 7430
f 7453 7431 7449
f 7450 7453 7452
f 7431 7453 7450
f 7452 7451 7434 7450
f 7454 7451 7452
f 7428 7454 7430
f 7451 7454 7428
f 7450 7407 7431
f 7432 7450 7434
f 7407 7450 7432
f 7434 7433 7409 7432
f 7451 7433 7434
f 7411 7451 7428
f 7433 7451 7411
f 7433 7391 7409
f 7410 7433 7411
f 7391 7433 7410
f 7429 7410 7411
f 7398 7429 7408
f 7410 7429 7398
f 7543 7534 7536
f 7513 7543 7535
f 7534 7543 7513
f 7545 7544 7535 7543
f 7533 7508 7544 7545
f 7544 7548 7535
f 7540 7544 7508
f 7548 7544 7540
f 7535 7548 7546 7513
f 7548 7547 7539 7546
f 7540 7522 7547 7548
f 7546 7506 7513
f 7537 7546 7539
f 7506 7546 7537
f 7539 7538 7497 7537
f 7547 7538 7539
f 7507 7547 7522
f 7538 7547 7507
f 7542 7541 7522 7540
f 7541 7507 7522
f 7523 7541 7524
f 7507 7541 7523
f 7514 7517 7515 7416
f 7517 7516 7495 7515
f 7537 7517 7506
f 7516 7537 7497
f 7517 7537 7516
f 7526 7516 7497
f 7516 7488 7495
f 7488 7526 7496
f 7526 7488 7516
f 7523 7528 7507
f 7525 7523 7494
f 7528 7523 7525
f 7538 7526 7497
f 7528 7538 7507
f 7526 7538 7528
f 7528 7527 7496 7526
f 7525 7489 7527 7528
f 7527 7532 7496
f 7529 7527 7489
f 7532 7527 7529
f 7496 7532 7530 7488
f 7532 7531 7419 7530
f 7529 7469 7531 7532
f 7515 7518 7416
f 7521 7515 7495
f 7518 7515 7521
f 7518 7521 7519 7498
f 7521 7520 7501 7519
f 7495 7488 7520 7521
f 7519 7559 7498
f 7559 7499 7384
f 7499 7519 7501
f 7519 7499 7559
f 7501 7500 7417 7499
f 7530 7520 7488
f 7520 7500 7501
f 7500 7530 7419
f 7530 7500 7520
f 7470 7500 7419
f 7500 7385 7417
f 7385 7470 7418
f 7470 7385 7500
f 7466 7469 7402
f 7472 7466 7413
f 7469 7466 7472
f 7531 7470 7419
f 7472 7531 7469
f 7470 7531 7472
f 7472 7471 7418 7470
f 7413 7387 7471 7472
f 7439 7471 7387
f 7471 7444 7418
f 7444 7439 7392
f 7439 7444 7471
f 7418 7444 7442 7385
f 7444 7443 7383 7442
f 7392 7386 7443 7444
f 7403 7406 7404 7398
f 7406 7405 7401 7404
f 7404 7410 7398
f 7410 7399 7391
f 7399 7404 7401
f 7404 7399 7410
f 7401 7400 7394 7399
f 7437 7441 7414
f 7399 7437 7391
f 7441 7437 7399
f 7414 7441 7439 7387
f 7441 7440 7392 7439
f 7399 7394 7440 7441
f 7440 7386 7392
f 7393 7440 7394
f 7386 7440 7393
f 2501 773 772
f 773 2501 2495
f 775 774 2495
f 774 773 2495
f 2496 2501 772
f 2487 771 770
f 2487 2494 771
f 2496 771 2494
f 2471 2487 770
f 2496 772 771
f 778 777 2503
f 2509 780 779
f 2506 780 2509
f 778 2509 779
f 778 2503 2508
f 2455 776 775
f 2504 776 2455
f 2495 2455 775
f 776 2504 2503
f 2455 2499 2504
f 2503 777 776
f 778 2508 2509
f 765 2441 2466
f 764 2441 765
f 2467 767 766
f 2479 767 2467
f 2468 766 765
f 764 763 2461
f 2464 2461 763
f 2453 764 2461
f 2461 2464 2462
f 2441 764 2453
f 2461 2460 2453
f 2453 2452 2441
f 766 2468 2467
f 2477 770 2480
f 770 2484 2471
f 2477 2485 2484
f 2477 2484 770
f 2481 768 767
f 765 2466 2468
f 2481 767 2479
f 2480 769 2481
f 769 768 2481
f 770 769 2480
f 790 2533 2528
f 789 2533 790
f 791 2528 2565
f 791 790 2528
f 791 2565 792
f 2551 2529 788
f 787 2551 788
f 789 788 2540
f 2540 2534 789
f 2534 2533 789
f 2540 788 2555
f 2565 793 792
f 799 798 2560
f 2571 801 800
f 2588 801 2571
f 799 2571 800
f 798 797 2560
f 2566 796 795
f 2566 795 794
f 794 2565 2566
f 797 2566 2564
f 797 796 2566
f 793 2565 794
f 799 2560 2571
f 2437 2565 2528
f 2547 783 2525
f 782 2525 783
f 783 2547 2530
f 2525 2546 2547
f 2530 784 783
f 781 780 2506
f 2513 781 2506
f 781 2513 2512
f 2525 782 2512
f 782 781 2512
f 787 786 2548
f 2552 2551 787
f 788 2529 2555
f 2540 2555 2541
f 785 784 2537
f 786 785 2548
f 2548 785 2537
f 784 2536 2537
f 2552 787 2548
f 2530 2536 784
f 2371 743 742
f 2371 2369 743
f 2362 743 2369
f 2370 2371 742
f 2362 744 743
f 2367 2368 739
f 738 2367 739
f 740 739 2364
f 2364 2370 740
f 741 740 2370
f 742 741 2370
f 2370 2364 2363
f 739 2368 2364
f 2373 745 2331
f 744 2331 745
f 2373 2323 745
f 746 745 2323
f 2384 746 2323
f 2380 2373 2331
f 744 2362 2376
f 2376 2331 744
f 2361 2331 2376
f 2373 2380 2351
f 733 732 2318
f 2315 735 734
f 2313 735 2315
f 733 2315 734
f 2315 733 2318
f 729 2310 730
f 731 730 2254
f 2317 2318 731
f 732 731 2318
f 2254 2317 731
f 2310 2254 730
f 738 2359 2360
f 737 2359 738
f 2367 738 2346
f 738 2337 2346
f 2337 738 2360
f 2322 737 736
f 2322 2359 737
f 2312 2322 736
f 2312 735 2313
f 736 735 2312
f 757 756 2427
f 757 2426 758
f 2426 757 2427
f 758 2325 759
f 754 2386 2428
f 753 2386 754
f 755 754 2429
f 756 755 2429
f 754 2428 2429
f 2429 2427 756
f 2443 760 759
f 2463 762 2430
f 761 2430 762
f 763 2463 2464
f 762 2463 763
f 760 2443 2451
f 2430 761 2451
f 759 2438 2443
f 2438 759 2325
f 2325 758 2426
f 761 760 2451
f 2426 2427 2396
f 748 2389 2411
f 747 2389 748
f 2412 750 749
f 748 2412 749
f 2412 748 2411
f 746 2418 2383
f 747 2383 2415
f 746 2384 2418
f 2415 2389 747
f 2384 2323 2355
f 746 2383 747
f 2410 750 2412
f 752 2392 2388
f 751 2392 752
f 753 2409 2386
f 2409 752 2388
f 752 2409 753
f 750 2410 2408
f 2406 751 2408
f 2392 751 2406
f 2408 751 750
f 842 2777 2763
f 2772 842 2781
f 843 842 2772
f 2763 2781 842
f 842 841 2777
f 2774 840 839
f 841 840 2774
f 2769 2774 839
f 841 2774 2778
f 2777 841 2778
f 838 2769 839
f 844 2818 2819
f 846 845 2816
f 2819 2817 845
f 845 844 2819
f 2823 2818 2822
f 843 2794 2822
f 2818 844 2822
f 843 2787 2794
f 2781 2773 2772
f 844 843 2822
f 843 2772 2787
f 2816 847 846
f 2756 834 833
f 2754 834 2756
f 835 834 2752
f 2760 835 2752
f 2752 834 2754
f 832 2756 833
f 2755 831 2732
f 832 831 2755
f 830 2732 831
f 2756 832 2755
f 2730 2755 2732
f 2729 2755 2730
f 836 2762 837
f 2768 837 2762
f 838 2768 2769
f 2761 2727 2768 2762
f 837 2768 838
f 835 2760 2759
f 836 835 2759
f 2735 836 2759
f 2762 836 2735
f 2828 857 856
f 2828 859 858
f 2844 859 2828
f 857 2828 858
f 2843 2828 856
f 2753 855 2835
f 854 2835 855
f 855 2753 2839
f 2842 855 2839
f 855 2842 2843
f 2843 856 855
f 2829 2842 2839 2812
f 864 863 2746
f 2888 865 2845
f 866 865 2888
f 864 2845 865
f 2845 864 2746
f 2831 861 860
f 862 861 2831
f 2844 2831 860
f 2831 2830 862
f 863 862 2746
f 859 2844 860
f 2806 849 2807
f 848 2807 849
f 849 2797 850
f 850 2797 2810
f 849 2806 2797
f 845 2817 2816
f 848 2816 2814
f 2807 848 2814
f 848 847 2816
f 2818 2823 2815
f 852 2826 853
f 854 853 2826
f 2836 2835 854
f 2826 2836 854
f 2825 852 851
f 2825 2826 852
f 2809 2825 851
f 2809 850 2810
f 851 850 2809
f 810 2586 2628
f 809 2586 810
f 2643 812 811
f 2666 812 2643
f 2669 811 810
f 808 2592 2626
f 807 2592 808
f 809 808 2625
f 2625 808 2626
f 809 2625 2590
f 2586 809 2590
f 811 2669 2643
f 814 813 2663
f 2662 816 815
f 2659 816 2662
f 814 2662 815
f 2662 814 2663
f 810 2644 2669
f 810 2628 2644
f 2666 2660 2663
f 812 2666 2663
f 2660 2659 2662
f 2663 813 812
f 2591 2619 802
f 803 802 2619
f 2638 804 803
f 2620 804 2638
f 2619 2638 803
f 797 2564 2560
f 2588 2589 801
f 2584 2588 2571
f 2589 2591 802
f 2619 2637 2638
f 2589 802 801
f 2623 807 2640
f 806 2640 807
f 807 2623 2622
f 2640 2639 2623
f 2622 2592 807
f 805 804 2620
f 806 805 2641
f 805 2620 2641
f 2641 2640 806
f 826 825 2706
f 2703 2706 825
f 2706 2705 826
f 2646 827 826
f 2688 2706 2703
f 2699 825 824
f 2696 825 2699
f 2699 824 2700
f 825 2696 2703
f 2696 2704 2703
f 2750 828 827
f 829 2751 830
f 2731 830 2751
f 2749 2724 2731
f 2751 2749 2731
f 2731 2732 830
f 829 828 2750
f 2750 827 2646
f 826 2705 2646
f 2692 2725 2750
f 2751 829 2750
f 2646 2692 2750
f 818 2645 2657
f 817 2645 818
f 2683 819 2695
f 818 2695 819
f 2695 818 2657
f 816 2653 817
f 817 2653 2661
f 816 2659 2653
f 2645 817 2661
f 2653 2647 2661
f 820 819 2685
f 822 821 2684
f 823 2710 824
f 2700 824 2710
f 822 2710 823
f 2710 822 2709
f 2684 820 2707
f 2707 820 2685
f 2695 2649 2683
f 2709 822 2684
f 2685 819 2683
f 820 2684 821
f 2746 862 2830
f 640 1957 641
f 1941 641 1957
f 641 1939 642
f 642 1939 1943
f 641 1941 1939
f 1945 639 638
f 1945 638 637
f 1945 1958 640
f 1957 640 1958
f 1952 1945 637
f 639 1945 640
f 1944 1691 644
f 645 644 1691
f 1691 1980 645
f 643 1944 644
f 1961 1943 1939
f 1927 642 1943
f 1928 1943 1961
f 643 1927 1881
f 1944 643 1881
f 643 642 1927
f 646 645 1980
f 634 633 1887
f 1915 1874 635
f 1972 635 1874
f 634 1915 635
f 634 1887 1879
f 632 1918 1914
f 631 1918 632
f 633 632 1913
f 1913 632 1914
f 633 1900 1887
f 1900 633 1913
f 1879 1915 634
f 1953 1954 636
f 637 636 1954
f 1973 1953 636
f 1952 637 1954
f 1942 1953 1971
f 1947 1948 1972 1874
f 1973 636 1972
f 1971 1953 1973
f 636 635 1972
f 2023 657 656
f 1933 2047 657
f 657 2023 1933
f 1985 2023 656
f 2024 2022 655
f 2022 656 655
f 654 2024 655
f 656 2003 1985
f 2022 2020 2003
f 2022 2003 656
f 657 2047 658
f 2056 661 2055
f 662 661 2056
f 2056 2054 2053
f 2059 662 2053
f 662 2056 2053
f 658 2047 2048
f 2046 658 2048
f 2055 659 658
f 660 2055 661
f 2055 658 2046
f 659 2055 660
f 1933 2043 2047
f 2046 2044 2055
f 649 1979 1976
f 648 1979 649
f 649 1975 650
f 649 1982 1975
f 1982 649 1976
f 1981 648 647
f 1981 1979 648
f 646 1980 1981
f 1980 1691 1978
f 1981 647 646
f 650 1975 1999
f 2025 653 652
f 654 2025 2024
f 2028 2021 2025
f 653 2025 654
f 651 2025 652
f 650 2031 1986
f 2028 651 1986
f 650 2000 2031
f 2000 650 1999
f 2028 2025 651
f 650 1986 651
f 611 1808 1823
f 1822 614 613
f 1807 614 1822
f 1823 613 612
f 611 1823 612
f 1818 610 609
f 1814 610 1818
f 1750 1818 609
f 610 1815 1808
f 610 1814 1815
f 1808 611 610
f 1814 1818 1786
f 1823 1822 613
f 1789 616 615
f 1789 1862 616
f 615 1809 1789
f 1826 1809 615
f 1807 1787 614
f 1809 1826 1753
f 1826 615 1787
f 616 1859 617
f 615 614 1787
f 1748 606 605
f 606 1781 607
f 1748 1779 606
f 1760 1748 605
f 604 603 1754
f 605 604 1760
f 1760 604 1754
f 603 1690 1754
f 603 1759 1690
f 602 1759 603
f 608 607 1781
f 1757 1772 1769
f 609 1769 1772
f 609 1772 1771
f 1750 609 1771
f 1769 608 1776
f 608 1781 1780
f 606 1779 1781
f 1769 1776 1770
f 1780 1777 1776
f 1780 1776 608
f 1769 609 608
f 627 1909 1910
f 1910 1880 1897
f 1917 628 1897
f 628 1910 1897
f 628 627 1910
f 627 1884 1909
f 1790 624 1869
f 625 624 1790
f 623 1869 624
f 1884 627 626
f 626 625 1883
f 1790 1883 625
f 1880 1910 1908
f 1919 630 629
f 629 1917 1919
f 1919 1918 631
f 631 630 1919
f 1917 1897 1912
f 1909 1884 1896
f 1790 1835 1883
f 626 1883 1884
f 629 628 1917
f 1871 619 1872
f 620 1871 621
f 1871 620 619
f 622 621 1865
f 1856 1872 618
f 618 1872 619
f 617 1859 1839
f 1856 617 1839
f 616 1838 1859
f 616 1862 1863
f 1856 618 617
f 616 1863 1838
f 1866 1865 621
f 1840 623 622
f 623 1840 1870
f 622 1867 1840
f 1870 1869 623
f 1843 1867 622
f 621 1871 1866
f 1867 1843 1833
f 1872 1856 1855
f 622 1865 1843
f 706 705 2237
f 2217 2242 707
f 2239 707 2242
f 2217 706 2237
f 706 2217 707
f 703 702 2223
f 704 703 2224
f 704 2224 2237
f 703 2223 2224
f 2237 705 704
f 2199 2223 702
f 711 710 2257
f 2259 2258 712
f 713 712 2258
f 711 2259 712
f 2259 711 2257
f 2242 2227 2239
f 2177 708 2239
f 708 707 2239
f 2177 2257 709
f 710 709 2257
f 2246 2257 2177
f 708 2177 709
f 2208 698 697
f 2201 699 2208
f 700 699 2201
f 698 2208 699
f 697 696 2207
f 2196 2195 695
f 696 695 2195
f 2170 2196 695
f 2195 2220 2221
f 696 2221 2207
f 696 2195 2221
f 2208 697 2207
f 701 2185 2211
f 700 2185 701
f 702 2214 2199
f 701 2215 2214
f 2214 702 701
f 2215 701 2204
f 2201 2222 700
f 701 2211 2204
f 2221 2197 2207
f 2185 700 2222
f 722 2309 723
f 723 2309 2307
f 2275 724 2301
f 723 2301 724
f 2301 723 2307
f 721 720 2308
f 722 721 2308
f 2309 722 2308
f 2276 2308 720
f 2302 2308 2300
f 724 2275 725
f 2265 728 727
f 2265 2262 728
f 2310 728 2262
f 2266 2265 727
f 2310 729 728
f 2275 2305 725
f 726 725 2305
f 2279 726 2305
f 727 726 2279
f 2305 2280 2279
f 2279 2266 727
f 2052 715 2260
f 716 715 2052
f 2248 717 716
f 2252 717 2248
f 2052 2248 716
f 2218 713 2245
f 713 2258 2245
f 713 2218 2260
f 715 714 2260
f 714 713 2260
f 719 2292 2294
f 718 2292 719
f 2308 2276 2300
f 719 2295 2276
f 2276 720 719
f 2295 719 2294
f 718 2291 2292
f 2252 2291 718
f 2291 2252 2261
f 2252 2248 2180
f 718 717 2252
f 2096 673 672
f 2106 674 2096
f 673 2096 674
f 2097 2096 672
f 671 670 2085
f 672 671 2086
f 2086 671 2085
f 2097 2086 2095
f 2097 672 2086
f 2085 670 2075
f 674 2106 675
f 676 2111 2139
f 677 2120 678
f 2140 677 2139
f 677 676 2139
f 675 2106 2098
f 2109 2108 676
f 2111 676 2108
f 2098 2109 676
f 676 675 2098
f 678 2120 679
f 2083 2085 2051
f 2040 663 2049
f 664 663 2040
f 2050 664 2063
f 665 664 2050
f 2040 2063 664
f 2047 2043 2045
f 663 2059 2049
f 2053 2060 2059
f 2059 663 662
f 2076 669 668
f 2085 2075 2051
f 669 2076 2075
f 2075 670 669
f 667 2076 668
f 2010 667 666
f 2074 667 2010
f 2050 2010 666
f 2050 2063 2011
f 2074 2076 667
f 666 665 2050
f 690 2167 2187
f 691 2187 692
f 694 693 2188
f 691 690 2187
f 693 692 2189
f 689 688 2159
f 2166 689 2183
f 2183 689 2159
f 2167 689 2166
f 2182 2149 2166 2183
f 2167 690 689
f 2147 2159 688
f 2188 693 2189
f 2193 694 2184
f 695 2192 2170
f 694 2193 2192
f 2192 695 694
f 2165 2164 2187
f 692 2187 2189
f 2165 2187 2167
f 694 2188 2184
f 681 2118 682
f 682 2118 2124
f 682 2123 2162
f 2161 683 2162
f 683 682 2162
f 2123 682 2124
f 2119 680 2120
f 681 680 2119
f 677 2140 2120
f 2118 681 2119
f 680 679 2120
f 686 685 2156
f 687 2154 2147
f 688 687 2147
f 2159 2147 2160
f 686 2156 687
f 2155 2156 684
f 685 684 2156
f 683 2161 2155
f 2155 2161 2088
f 2154 687 2156
f 684 683 2155
f 3730 1003 1002
f 1003 3750 1004
f 3730 3748 1003
f 3725 3730 1002
f 3623 1000 3602
f 1001 1000 3724
f 3608 3602 1000
f 1001 3724 3725
f 3623 3072 3609 3724
f 1000 3623 3724
f 3725 1002 1001
f 3750 1005 1004
f 3751 1006 3752
f 1005 3749 3752
f 1006 3731 3726
f 1006 3751 3731
f 3726 1007 1006
f 1005 3750 3749
f 1003 3748 3750
f 3741 3752 3749
f 1006 1005 3752
f 996 3679 3713
f 3712 3671 997
f 998 997 3671
f 3713 3712 997
f 997 996 3713
f 996 995 3708
f 3721 3708 995
f 3711 996 3708
f 3708 3721 3709
f 3679 996 3711
f 3708 3684 3711
f 3711 3710 3679
f 3647 3608 999
f 1000 999 3608
f 3602 3619 3607
f 3613 3647 999
f 3619 3602 3608
f 3657 3674 998
f 3659 998 3674
f 3671 3657 998
f 999 3659 3613
f 3674 3660 3659
f 3659 999 998
f 3883 3882 1013
f 1014 1013 3882
f 1014 3882 3885
f 3884 1014 3885
f 3885 3882 3847
f 3833 3883 1013
f 1010 3867 3865
f 1009 3867 1010
f 1011 1010 3833
f 1010 3865 3833
f 1013 1012 3833
f 1012 1011 3833
f 1015 3855 3854
f 3807 3762 1016
f 1017 1016 3762
f 3854 3807 1016
f 1016 1015 3854
f 3884 3789 1014
f 1015 3851 3855
f 3812 3855 3851
f 3789 3851 1015
f 3789 1015 1014
f 3839 3806 3842
f 1007 3842 3806
f 3806 3863 3864
f 3842 3838 3839
f 1008 3806 3864
f 3786 3759 1007
f 3759 3842 1007
f 3754 3786 1007
f 3804 3759 3803
f 3803 3759 3783
f 3759 3804 3842
f 3726 3754 1007
f 3842 3843 3838
f 1007 3806 1008
f 3809 1009 1008
f 3809 3844 3866
f 1009 3809 3866
f 3866 3867 1009
f 3862 3809 1008
f 3835 3836 3863
f 3788 3838 3843
f 3835 3863 3806
f 1008 3864 3862
f 3494 3540 3539
f 3487 3540 3494
f 3528 3519 3494
f 3487 3494 3519
f 3491 3519 3528
f 3487 980 3540
f 980 3571 3570
f 979 3571 980
f 3572 980 3537
f 980 3570 3537
f 3537 3524 3572
f 3572 3540 980
f 981 980 3487
f 3578 982 981
f 3594 983 3578
f 984 983 3594
f 982 3578 983
f 3489 3578 981
f 3498 3468 3487
f 3486 3468 3498
f 3502 981 3468
f 3490 3489 3502
f 3502 3489 981
f 981 3487 3468
f 974 3565 3567
f 973 3565 974
f 3576 976 975
f 3575 976 3576
f 974 3576 975
f 3520 3556 973
f 3565 973 3556
f 3561 3520 973
f 973 3521 3561
f 972 3521 973
f 3506 3521 972
f 974 3567 3576
f 3569 979 978
f 3569 3543 979
f 3543 3571 979
f 3573 3569 978
f 3575 3574 977
f 978 977 3574
f 3566 3576 3567
f 3573 978 3574
f 3575 977 976
f 991 3703 992
f 994 993 3704
f 995 994 3719
f 3703 3705 992
f 992 3705 993
f 3689 989 3690
f 989 3689 990
f 988 3690 989
f 3692 3693 991
f 3703 991 3693
f 990 3692 991
f 3692 990 3645
f 994 3704 3719
f 3718 3706 995
f 3706 3721 995
f 3722 3721 3706
f 3692 3645 3681
f 993 3705 3704
f 3645 990 3689
f 995 3719 3718
f 3656 3661 3690
f 3460 986 3595
f 985 3595 986
f 986 3630 987
f 3460 3630 986
f 988 987 3635
f 3591 3460 3595
f 3469 3594 3578
f 985 984 3594
f 3596 3595 985
f 3596 985 3594
f 987 3631 3635
f 988 3646 3690
f 3656 3690 3646
f 3615 3644 988
f 988 3644 3646
f 3632 3644 3615
f 3636 3615 3635
f 987 3630 3631
f 3630 3599 3606
f 3460 3599 3630
f 3615 988 3635
f 4139 1053 1052
f 1053 4139 4138
f 1052 4137 4139
f 4138 1054 1053
f 1051 4137 1052
f 1050 4137 1051
f 4114 1050 1049
f 1049 4097 4114
f 1049 4086 4097
f 1050 4114 4137
f 1048 4086 1049
f 4137 4114 4132
f 1055 4127 4052
f 4052 4117 1055
f 4124 4117 4052
f 4088 1055 4116
f 1055 1054 4127
f 4138 4135 4134
f 1054 4134 4128
f 4127 1054 4128
f 1054 4138 4134
f 4137 4132 4131
f 4105 1046 4109
f 1045 4109 1046
f 4106 4102 1046
f 4110 4105 4109
f 1046 4105 4106
f 1044 4049 1045
f 1045 4049 4112
f 1044 4048 4049
f 1045 4113 4033
f 1045 4112 4113
f 4033 4109 1045
f 1046 4102 1047
f 4103 4099 1047
f 1048 1047 4099
f 4086 1048 4100
f 4101 4099 4103
f 1048 4099 4100
f 4068 4099 4101
f 4104 4053 4102
f 4051 4105 4110
f 4104 4102 4106
f 1047 4102 4103
f 4117 4116 1055
f 1062 4030 4153
f 1061 4030 1062
f 4154 1064 1063
f 4149 1064 4154
f 4155 1063 1062
f 4046 1060 1059
f 3910 1060 4046
f 1058 4046 1059
f 4046 4045 3910
f 1061 3910 4158
f 1061 1060 3910
f 4155 4154 1063
f 1066 4148 4189
f 1065 4148 1066
f 4162 1067 1066
f 1067 4186 1068
f 1065 1064 4149
f 1062 4153 4155
f 1065 4149 4159
f 4159 4148 1065
f 4030 1061 4158
f 4088 4054 1056
f 4091 1056 4054
f 4072 4071 4091
f 1056 4091 4071
f 4071 4075 1056
f 4089 4088 4116
f 4124 4095 4117
f 4069 4054 4088
f 1056 1055 4088
f 4043 1058 1057
f 1058 4043 4014
f 1057 4044 4043
f 4014 4046 1058
f 4040 4044 1057
f 1056 4075 4074
f 4071 4036 4075
f 1057 4010 4040
f 4044 4040 4025
f 4010 1057 4074
f 1056 4074 1057
f 4020 4022 4048
f 1026 3925 3923
f 3932 3913 1028
f 1029 1028 3913
f 3914 1028 1027
f 1026 3914 1027
f 3907 1024 1023
f 1024 3907 3928
f 3906 3907 1023
f 3924 3925 1025
f 1026 1025 3925
f 1024 3924 1025
f 3928 3924 1024
f 3914 3932 1028
f 3933 3892 1029
f 1030 1029 3892
f 1031 1030 3944
f 3955 1030 3892
f 3913 3908 3933
f 1026 3923 3914
f 3924 3928 3912
f 3933 1029 3913
f 3890 3889 3906
f 3757 1018 3860
f 1017 3860 1018
f 3797 1019 3757
f 1018 3757 1019
f 3801 1019 3797
f 1017 3762 3857
f 3803 3783 3784
f 3793 3861 3857
f 1017 3857 3861
f 3861 3860 1017
f 3763 1022 1021
f 3763 3906 1023
f 1022 3763 1023
f 3890 3906 3763
f 3886 3763 1021
f 1019 3800 3887
f 1019 3801 3800
f 1020 3887 3886
f 1021 1020 3886
f 1020 1019 3887
f 3797 3767 3801
f 1030 3935 3944
f 1040 1039 3989
f 3988 4003 1041
f 1042 1041 4003
f 1040 3988 1041
f 3988 1040 3989
f 3976 1038 1037
f 3987 1038 3976
f 3977 3976 1037
f 3987 1039 1038
f 3987 3976 3980
f 3987 3989 1039
f 3738 3977 1037
f 4028 4012 1043
f 1044 1043 4012
f 1044 4012 4020
f 4048 1044 4020
f 4005 4028 1043
f 4006 1042 4002
f 4006 4002 3952
f 4006 1043 1042
f 4006 4005 1043
f 4002 1042 4003
f 1031 3959 1032
f 1032 3959 3966
f 1034 1033 3965
f 1033 1032 3966
f 1030 3955 3935
f 3892 3917 3955
f 3944 3961 3962
f 3959 1031 3962
f 3944 3962 1031
f 3979 1035 1034
f 1036 3957 3969
f 1035 3979 3957
f 3738 1036 3969
f 3977 3738 3973
f 3977 3973 3949
f 3738 1037 1036
f 1034 3965 3979
f 1033 3966 3965
f 3957 3979 3978
f 3738 3969 3956
f 1036 1035 3957
f 3058 3059 903
f 903 3059 3079
f 905 904 3078
f 904 903 3079
f 3028 3051 901
f 900 3028 901
f 902 901 3075
f 902 3075 3058
f 3058 3075 3074
f 901 3043 3075
f 3058 903 902
f 3043 901 3051
f 906 905 3078
f 3080 3011 907
f 908 907 3011
f 3011 3091 3095
f 908 3011 3095
f 3089 3080 907
f 906 3078 3089
f 904 3079 3078
f 3029 3058 3074
f 3088 3080 3089
f 906 3089 907
f 896 3027 897
f 897 3027 3046
f 899 898 3046
f 898 897 3046
f 3003 894 893
f 894 3003 3024
f 3004 3003 893
f 3026 896 895
f 3027 896 3026
f 895 894 3024
f 3026 895 3009
f 900 899 3048
f 900 3048 3047
f 3028 3047 3041
f 3043 3051 3044
f 3025 3010 3046
f 3021 3026 3009
f 3009 895 3024
f 3027 3025 3046
f 899 3046 3048
f 3047 3028 900
f 917 3135 3134
f 3134 3101 918
f 918 917 3134
f 919 918 3144
f 3121 917 916
f 3131 917 3121
f 3121 916 3129
f 3135 917 3131
f 3121 3132 3131
f 3131 3110 3135
f 3157 920 919
f 3192 3226 922
f 3226 923 922
f 922 3231 3192
f 922 3223 3231
f 3222 3223 922
f 920 3168 3208
f 920 3157 3168
f 3208 3209 921
f 921 3186 922
f 922 3186 3222
f 921 920 3208
f 919 3156 3157
f 3116 3117 911
f 912 911 3117
f 3117 3115 912
f 913 912 3119
f 910 3116 911
f 908 3095 3094
f 3091 3062 3095
f 3065 910 909
f 910 3065 3031
f 3094 3065 909
f 909 908 3094
f 3031 3116 910
f 3120 915 914
f 3120 3098 915
f 3129 915 3098
f 3129 916 915
f 913 3119 3120
f 3067 3107 3119
f 912 3115 3067
f 3031 3096 3116
f 3119 912 3067
f 913 3120 914
f 3144 3156 919
f 873 2952 874
f 874 2952 2950
f 2947 876 875
f 2950 875 874
f 875 2950 2947
f 2968 873 872
f 2968 872 871
f 2952 873 2968
f 871 2951 2968
f 2971 2951 871
f 2945 876 2947
f 2912 877 2928
f 2931 877 2912
f 877 2931 878
f 878 2931 2935
f 2912 2932 2931
f 876 2926 2949
f 876 2945 2926
f 877 2929 2928
f 2949 2948 2929
f 2929 877 2949
f 876 2949 877
f 2973 2974 868
f 869 868 2974
f 2974 2963 869
f 868 2967 2973
f 2967 868 2907
f 2888 2884 866
f 2885 867 866
f 867 2885 2910
f 2884 2885 866
f 2907 867 2906
f 867 2910 2906
f 2907 868 867
f 2959 870 869
f 870 2955 2971
f 870 2959 2911
f 2972 2951 2971
f 870 2911 2955
f 869 2963 2893
f 2906 2910 2869
f 2973 2967 2892
f 869 2893 2959
f 2971 871 870
f 2977 886 2983
f 2999 2983 886
f 886 3000 2976
f 886 2977 3000
f 2976 887 886
f 2996 885 884
f 2988 885 2996
f 2996 884 2997
f 2983 2999 2998
f 885 2988 2999
f 2999 886 885
f 889 2850 890
f 891 890 2850
f 3004 892 891
f 893 892 3004
f 2979 891 2850
f 3004 891 2979
f 888 887 3001
f 2850 889 888
f 3001 2850 888
f 887 2864 3001
f 2976 2864 887
f 879 2857 2937
f 2941 2940 879
f 880 879 2940
f 2937 2941 879
f 2857 878 2934
f 878 2935 2934
f 2931 2896 2935
f 2856 2884 2888
f 2890 2857 2934
f 2941 2937 2873
f 879 878 2857
f 2995 882 2987
f 881 2987 882
f 882 2995 2997
f 884 883 2997
f 883 882 2997
f 880 2940 2863
f 881 880 2848
f 880 2992 2848
f 880 2863 2992
f 2848 2987 881
f 952 951 3392
f 3244 954 953
f 952 3244 953
f 3244 952 3392
f 950 3297 3391
f 949 3297 950
f 951 950 3392
f 3392 950 3391
f 3256 3389 3391
f 3297 3256 3391
f 954 3244 3401
f 3411 958 957
f 957 3426 3411
f 3408 959 3411
f 959 958 3411
f 956 3426 957
f 954 3404 3405
f 955 3405 3429
f 954 3401 3404
f 3401 3300 3395 3404
f 956 955 3410
f 3426 956 3410
f 3429 3410 955
f 3405 955 954
f 3302 947 3359
f 946 3359 947
f 948 3302 3345
f 947 3302 948
f 3305 948 3321
f 3321 948 3345
f 946 3387 3350
f 945 3387 946
f 3360 946 3356
f 946 3350 3356
f 3356 3341 3360
f 3360 3359 946
f 3345 3322 3321
f 3294 949 3253
f 948 3290 3253
f 3266 3298 3294
f 949 3294 3298
f 3298 3297 949
f 3305 3321 3306
f 3253 3290 3287
f 3305 3291 3290
f 3305 3290 948
f 3253 949 948
f 968 3463 3483
f 3510 3484 970
f 971 970 3484
f 3485 970 969
f 968 3483 969
f 3437 967 966
f 3450 967 3437
f 3437 966 3454
f 967 3462 3463
f 3450 3442 3441 3462
f 967 3450 3462
f 3463 968 967
f 3485 3510 970
f 3534 972 971
f 971 3507 3534
f 971 3505 3507
f 3534 3506 972
f 3465 3467 3483
f 969 3483 3485
f 3483 3463 3465
f 971 3484 3505
f 3436 3407 960
f 961 960 3407
f 3439 3445 961
f 962 961 3445
f 3453 961 3407
f 3408 3411 3409
f 3436 960 3408
f 961 3453 3439
f 960 959 3408
f 3456 965 964
f 966 3455 3454
f 965 3456 3455
f 3455 966 965
f 963 3456 964
f 962 3445 3447
f 3407 3414 3453
f 962 3447 3446
f 3456 963 3446
f 963 962 3446
f 3183 929 3158
f 3180 3158 929
f 3174 3173 3183
f 929 3183 3173
f 3173 930 929
f 3180 928 3189
f 3195 3189 928
f 3181 3189 3195
f 3190 3180 3171
f 3190 3158 3180
f 928 3180 929
f 3247 933 932
f 3247 3246 934
f 935 934 3246
f 933 3247 934
f 3146 3247 932
f 3173 3161 3160
f 930 3160 3097
f 930 3173 3160
f 3239 3146 931
f 932 931 3146
f 930 3239 931
f 926 3237 3236
f 925 3237 926
f 927 3212 3191
f 926 3212 927
f 3212 926 3236
f 3227 925 924
f 3227 924 923
f 3237 925 3227
f 923 3228 3227
f 928 927 3188
f 927 3238 3188
f 3195 928 3216
f 3216 928 3188
f 927 3191 3238
f 3205 3222 3186
f 3186 921 3209
f 3145 3156 3144
f 3144 918 3101
f 3216 3196 3195
f 923 3226 3228
f 930 3097 3239
f 3376 3377 941
f 942 941 3377
f 3375 942 3377
f 3353 943 942
f 3338 3364 939
f 940 939 3364
f 3337 3338 939
f 3365 940 3364
f 941 940 3376
f 3352 3376 940
f 3349 3337 939
f 944 943 3353
f 3353 3388 945
f 3388 3387 945
f 3356 3350 3384
f 3356 3384 3357
f 942 3375 3353
f 940 3365 3352
f 3380 3388 3353
f 3376 3352 3361
f 944 3353 945
f 938 937 3286
f 938 3328 3349
f 3327 938 3286
f 938 3327 3328
f 3349 939 938
f 937 936 3263
f 3250 935 3246
f 936 935 3285
f 3285 935 3250
f 3285 3261 936
f 3250 3246 3251
f 3349 3328 3348
f 3347 3337 3349
f 3348 3331 3332
f 3316 3327 3286
f 3286 937 3263
f 3284 3254 3261
f 3285 3284 3261
f 3263 936 3261
f 3328 3331 3348
f 3347 3318 3337
f 1336 1331 522
f 522 1331 1370
f 1367 524 523
f 1365 524 1367
f 1366 523 522
f 520 1340 521
f 1337 521 1340
f 1331 1336 1332
f 521 1337 1336
f 1336 522 521
f 523 1366 1367
f 1371 1344 526
f 527 526 1344
f 1344 1372 527
f 528 527 1346
f 1345 1371 526
f 1345 525 524
f 526 525 1345
f 1365 1345 524
f 1366 1370 1343
f 522 1370 1366
f 514 513 1300
f 1318 516 515
f 1329 516 1318
f 1296 515 514
f 1300 513 512
f 509 508 1266
f 510 509 1221
f 512 511 1300
f 510 1221 511
f 508 507 1274
f 1318 515 1296
f 1339 519 518
f 1340 519 1339
f 1329 1328 1339
f 520 519 1340
f 517 1339 518
f 514 1300 1296
f 511 1221 1300
f 1339 517 1329
f 1329 517 516
f 509 1266 1221
f 1266 508 1274
f 1372 1346 527
f 1425 537 536
f 1425 539 538
f 537 1425 538
f 1435 1425 536
f 1408 534 1377
f 533 1377 534
f 535 534 1424
f 536 535 1426
f 535 1424 1426
f 1426 1435 536
f 1424 534 1387
f 1425 1310 539
f 1439 1438 540
f 540 1438 1429
f 1441 542 541
f 1440 542 1441
f 541 540 1429
f 1427 539 1436
f 1436 539 1310
f 1410 1424 1387
f 1439 540 1427
f 540 539 1427
f 1387 534 1347
f 530 529 1385
f 1402 532 531
f 1390 532 1402
f 1403 531 530
f 530 1385 1401
f 528 1346 1383
f 1375 1383 1346
f 1344 1334 1372
f 528 1384 1385
f 528 1383 1384
f 1385 529 528
f 1403 1402 531
f 1386 533 1405
f 532 1405 533
f 1377 533 1386
f 534 1408 1347
f 1390 1406 532
f 530 1401 1403
f 1374 1383 1375
f 1405 532 1406
f 474 1238 475
f 476 1241 477
f 476 475 1222
f 477 1241 478
f 470 469 1195
f 470 1195 471
f 473 472 1217
f 1195 472 471
f 473 1217 474
f 1241 479 478
f 481 480 1241
f 481 1225 482
f 1225 481 1241
f 482 1198 483
f 475 1216 1222
f 475 1238 1216
f 472 1195 1217
f 1222 1241 476
f 474 1217 1238
f 480 479 1241
f 1196 1195 469
f 460 1210 461
f 461 1210 1204
f 463 462 1192
f 1204 462 461
f 459 458 1207
f 460 459 1211
f 1201 1211 1207
f 459 1207 1211
f 1211 1210 460
f 457 1207 458
f 463 1214 464
f 1213 467 466
f 1213 1196 468
f 469 468 1196
f 1214 1213 466
f 467 1213 468
f 1210 1205 1204
f 462 1193 1192
f 464 1214 465
f 1214 463 1192
f 462 1204 1193
f 1214 466 465
f 484 483 1198
f 503 502 1282
f 1284 1270 504
f 505 504 1270
f 503 1284 504
f 1284 503 1282
f 1281 1280 499
f 498 1281 499
f 499 1269 500
f 500 1271 1282
f 502 501 1282
f 501 500 1282
f 500 1269 1271
f 1283 1258 506
f 507 506 1258
f 1266 1274 1249
f 1274 507 1258
f 505 1283 506
f 505 1270 1287
f 1287 1283 505
f 1269 1280 1259
f 1287 1265 1283
f 499 1280 1269
f 487 1251 488
f 489 1251 490
f 489 488 1251
f 491 490 1251
f 1241 1226 1225
f 482 1218 1198
f 1198 485 484
f 1251 486 1198
f 486 1251 487
f 485 1198 486
f 1218 482 1225
f 1251 492 491
f 496 495 1253
f 1252 498 497
f 1281 498 1252
f 496 1252 497
f 1252 496 1253
f 1219 1251 1198
f 1253 493 492
f 494 493 1253
f 1253 492 1251
f 1253 495 494
f 1429 1441 541
f 585 1627 1626
f 1606 1659 586
f 587 586 1659
f 586 1626 1608
f 586 585 1626
f 1612 583 1604
f 584 583 1612
f 582 1604 583
f 584 1612 1611
f 1627 585 1611
f 585 584 1611
f 586 1663 1606
f 1668 589 588
f 589 1668 1667
f 591 590 1667
f 590 589 1667
f 1666 1668 588
f 587 1659 1655
f 1659 1660 1655
f 586 1608 1663
f 588 1656 1666
f 587 1655 1656
f 1656 588 587
f 1591 576 1597
f 575 1597 576
f 576 1579 577
f 576 1591 1579
f 574 573 1596
f 575 574 1598
f 1578 1596 573
f 574 1596 1598
f 1598 1597 575
f 1574 1596 1578
f 577 1579 1601
f 580 579 1582
f 581 1604 582
f 1581 1604 581
f 580 1581 581
f 1581 580 1582
f 1594 1593 1601
f 1593 577 1601
f 81 1582 578
f 579 578 1582
f 1593 81 578
f 1593 578 577
f 599 598 1746
f 1735 600 1747
f 601 600 1734
f 599 1747 600
f 1747 599 1746
f 596 595 1704
f 597 596 1720
f 597 1720 1746
f 1746 1720 1724
f 596 1704 1720
f 1746 598 597
f 1704 595 1703
f 1734 600 1735
f 1741 1740 601
f 602 601 1740
f 602 1740 1696
f 1759 602 1696
f 1737 1741 601
f 1721 1688 1734
f 1741 1737 1707
f 1737 601 1688
f 601 1734 1688
f 1669 1646 592
f 593 592 1646
f 592 1640 1669
f 591 1640 592
f 1672 591 1644
f 1655 1660 1643
f 1640 591 1672
f 1672 1642 1640
f 1644 591 1667
f 1646 1645 593
f 594 1714 1715
f 1713 1689 1703
f 1715 1713 1703
f 1715 595 594
f 593 1635 1718
f 593 1645 1635
f 1719 1687 1714 1718
f 594 1718 1714
f 594 593 1718
f 1703 595 1715
f 551 1493 552
f 553 1489 554
f 553 552 1494
f 554 1491 555
f 1460 1463 550
f 550 1463 1462
f 1460 1477 1463
f 550 1462 1446
f 551 1446 1493
f 551 550 1446
f 556 555 1491
f 1497 558 557
f 1497 1479 558
f 559 558 1479
f 1501 559 1479
f 1488 1479 1497
f 556 1491 1497
f 1491 554 1489
f 1489 553 1494
f 1466 1493 1446
f 1494 552 1493
f 557 556 1497
f 1443 545 544
f 545 1468 546
f 1443 1472 545
f 1445 1443 544
f 1412 543 542
f 1438 1430 1429
f 543 1412 1445
f 1412 542 1440
f 1445 544 543
f 1469 547 546
f 549 548 1461
f 1477 1460 1452
f 1476 549 1461
f 549 1476 1460
f 1460 550 549
f 1467 1461 547
f 1469 1467 547
f 546 1468 1469
f 1468 1472 1459
f 545 1472 1468
f 1461 548 547
f 1493 1466 1465
f 1552 1551 569
f 570 569 1551
f 1551 1558 1521
f 570 1551 1521
f 1555 1552 569
f 567 566 1554
f 568 567 1554
f 1549 1554 566
f 568 1554 1555
f 1555 569 568
f 1534 1554 1547
f 1577 1578 572
f 1578 573 572
f 1565 1575 1577
f 571 1565 1577
f 571 1577 572
f 571 570 1566
f 1562 1566 570
f 1558 1550 1521
f 1538 1566 1562
f 570 1521 1562
f 1566 1565 571
f 1511 562 561
f 563 1511 1545
f 562 1511 563
f 1482 1511 561
f 1490 560 559
f 1501 1490 559
f 560 1490 1482
f 1501 1448 1490
f 1482 561 560
f 1546 564 563
f 1548 1549 565
f 566 565 1549
f 1533 1535 1548
f 1547 1554 1549
f 564 1530 1548
f 564 1546 1530
f 563 1545 1546
f 1545 1516 1515
f 1533 1548 1530
f 1511 1516 1545
f 565 564 1548
f 456 455 1208
f 457 456 1207
f 1189 1190 1200
f 1202 1208 7381
f 1208 1207 456
f 1206 1208 1202
f 455 7381 1208
f 7381 7380 1200
f 1189 1200 7380
f 1202 7381 1200
f 7380 7379 1189
f 1188 7379 7378
f 1189 7379 1188
f 7378 11673 1188
f 1188 1186 1189
f 7377 11673 7378
f 7376 11678 7377
f 11678 11673 7377
f 7375 11678 7376
f 11677 11680 7375
f 11678 7375 11680
f 7374 11677 7375
f 11677 7374 11672
f 11626 11672 7374
f 11654 11635 11633
f 7374 11633 11626
f 7373 11633 7374
f 11628 7373 7372
f 11633 7373 11654
f 11654 7373 11628
f 7371 11644 11650
f 7372 7371 11650
f 7372 11650 11628
f 7370 11644 7371
f 11652 11650 11644
f 7369 11648 11646
f 7370 11646 11644
f 7369 11646 7370
f 7369 7368 11648
f 11643 11645 11648
f 7368 11643 11648
f 11664 11666 11643
f 7368 11664 11643
f 7367 11664 7368
f 11664 7367 11627
f 11668 11627 7367
f 7367 11640 11642
f 11668 7367 11642
f 7366 11640 7367
f 7365 11612 7366
f 11640 7366 11612
f 11588 11612 7365
f 7364 11611 11592
f 7365 7364 11592
f 7365 11592 11588
f 11592 11611 11610
f 11586 11614 11618
f 11611 11618 11617
f 7363 11618 7364
f 7362 11609 11607
f 7363 11586 11618
f 11575 1187 11589
f 11611 7364 11618
f 11586 7363 11607
f 7362 11607 7363
f 7362 7361 11609
f 7361 11606 11609
f 7360 11597 11606
f 7360 11606 7361
f 7359 11595 7360
f 11597 7360 11595
f 11589 11595 7359
f 7358 11576 11589
f 11576 11575 11589
f 7357 11576 7358
f 7359 7358 11589
f 11590 11595 11589
f 11492 7357 7356
f 7357 11492 11551
f 7356 11547 11492
f 11551 11576 7357
f 7355 11547 7356
f 7355 11574 11547
f 11573 11547 11574
f 11581 11574 7355
f 11585 11584 11582
f 7355 11582 11581
f 7354 11582 7355
f 7353 11585 7354
f 11582 7354 11585
f 11544 11583 7353
f 11585 7353 11583
f 7352 11544 7353
f 7352 7351 11544
f 11571 11544 7351
f 11572 11571 7351
f 11562 11570 11572
f 7351 11562 11572
f 7350 11562 7351
f 11498 11545 11560
f 11498 7350 11516
f 11560 7350 11498
f 11515 11498 11516
f 11562 7350 11560
f 11516 7349 11541
f 7350 7349 11516
f 11504 11516 11541
f 7349 11377 11541
f 7348 11377 7349
f 11537 11377 7348
f 7348 11514 11537
f 11539 11537 11514
f 11518 11535 11533
f 7348 11533 11514
f 7347 11533 7348
f 11529 11518 7347
f 11533 7347 11518
f 7346 11529 7347
f 7345 11531 7346
f 11529 7346 11531
f 11517 11531 7345
f 11517 7344 7343
f 7345 7344 11517
f 7342 11490 11499
f 11527 11517 7343
f 11499 11527 7343
f 7343 7342 11499
f 11509 11508 11490
f 7342 11509 11490
f 11507 11509 7341
f 7342 7341 11509
f 7340 11487 7341
f 11487 11488 11507
f 7338 11485 11483
f 7340 11474 11487
f 11474 7340 11483
f 7339 11483 7340
f 7338 11483 7339
f 7337 11450 11482
f 11482 11485 7338
f 11470 11450 7337
f 7338 7337 11482
f 11507 7341 11487
f 7337 7336 11470
f 11472 11470 7336
f 7334 11430 11468
f 7335 11472 7336
f 11468 11472 7335
f 7334 7333 11430
f 11468 7335 7334
f 11430 7333 11449
f 7333 11465 11449
f 11448 11430 11449
f 7332 11465 7333
f 11447 11467 7332
f 11465 7332 11467
f 11464 11463 11447
f 7331 11447 7332
f 11464 11447 7331
f 7329 11437 7330
f 11464 7331 7330
f 11437 11464 7330
f 7329 11452 11437
f 11437 11456 11464
f 7328 11452 7329
f 11454 7328 7327
f 11452 7328 11454
f 11451 11454 7327
f 11439 11444 11436
f 11446 7327 7326
f 11451 7327 11446
f 11444 11446 7326
f 7326 11410 11429
f 11436 11444 11429
f 11379 11410 7326
f 11444 7326 11429
f 7326 7325 11379
f 11417 11379 7325
f 7324 11420 11418
f 7325 11418 11417
f 7324 11418 7325
f 7323 11421 7324
f 11421 11420 7324
f 11423 11421 7323
f 7322 11422 11424
f 7323 7322 11424
f 7323 11424 11423
f 7321 11422 7322
f 11404 11427 11422
f 11419 11422 11427
f 7320 11422 7321
f 11404 11422 7320
f 11393 7320 7319
f 11404 7320 11393
f 11390 11393 7319
f 11395 11397 7319
f 11390 7319 11397
f 7318 11395 7319
f 11395 7318 11359
f 11374 11359 7318
f 7316 11371 11375
f 7317 11374 7318
f 11375 11374 7317
f 7316 7315 11371
f 11375 7317 7316
f 11367 7314 7313
f 11371 7315 7314
f 11358 7314 11367
f 11358 11371 7314
f 7313 11362 11369
f 11365 11364 11362
f 11362 7313 11365
f 7312 11363 11365
f 7311 11363 7312
f 11365 7313 7312
f 11357 7311 7310
f 7311 11357 11363
f 11363 11357 11356
f 11363 11356 11352
f 11369 11367 7313
f 11357 7310 11355
f 7309 11355 7310
f 11355 11321 11354
f 7309 11321 11355
f 7308 11321 7309
f 7307 11349 7308
f 11349 11321 7308
f 11351 11349 7307
f 11334 7306 7305
f 7307 7306 11351
f 11351 7306 11328
f 7306 11334 11328
f 11336 7304 11330
f 11334 7304 11336
f 11333 11336 11330
f 7305 7304 11334
f 11324 11330 7303
f 7304 7303 11330
f 7302 11324 7303
f 11322 11326 7302
f 11324 7302 11326
f 7301 11322 7302
f 11258 7301 7300
f 11322 7301 11258
f 11312 11263 11316
f 11258 11316 11315
f 11316 11258 7300
f 7300 7299 11316
f 7299 11312 11316
f 11278 11312 7299
f 11311 11310 11278
f 11312 11278 11314
f 11311 11278 7299
f 11307 11282 11311
f 7298 11307 11311
f 11309 7298 11277
f 11307 7298 11309
f 11294 11309 11277
f 7297 11306 11277
f 11290 11280 11306
f 7297 11277 7298
f 11253 11240 11238
f 7299 7298 11311
f 7296 11306 7297
f 7295 11290 7296
f 11290 11306 7296
f 11289 11292 11303
f 7294 11305 7295
f 11290 7295 11305
f 11303 11305 7294
f 11303 11279 11289
f 7293 11302 11279
f 7294 11279 11303
f 7293 11279 7294
f 7293 11300 11302
f 7292 11259 7293
f 11270 11300 11259
f 11300 7293 11259
f 11273 11259 7292
f 11256 7292 7291
f 11273 7292 11256
f 11255 11256 7291
f 11253 7291 7290
f 11255 7291 11253
f 7290 11197 11240
f 7290 11240 11253
f 7289 11197 7290
f 11230 11237 7288
f 7289 7288 11237
f 11234 11230 7288
f 7289 11237 11197
f 11242 11234 7287
f 7288 7287 11234
f 11243 11242 7287
f 11241 11243 7286
f 7287 7286 11243
f 11233 11241 7285
f 11236 11241 11233
f 7284 11229 11196
f 11222 11140 11229
f 11196 11233 7285
f 7284 11222 11229
f 11196 7285 7284
f 7283 11222 7284
f 7282 11224 7283
f 11222 7283 11224
f 11219 11224 7282
f 7286 7285 11241
f 11224 11219 11153
f 11216 11195 11145
f 7282 7281 11216
f 7282 11145 11219
f 11226 11218 7281
f 11202 11218 11226
f 11216 7281 11218
f 7281 11149 11226
f 7281 11213 11149
f 7280 11213 7281
f 11145 7282 11216
f 11212 11194 11200
f 11212 11215 7280
f 11213 7280 11215
f 11212 7280 7279
f 11212 11199 11194
f 11181 11148 11175
f 7278 11211 11199
f 11199 11212 7279
f 11141 11135 11138
f 7278 11199 7279
f 7277 11178 11176
f 11211 7278 11176
f 11211 11176 11209
f 7277 11176 7278
f 7277 7276 11178
f 11175 11178 7276
f 11146 11175 7276
f 7275 11143 11146
f 11181 11175 11146
f 11141 11143 7275
f 7276 7275 11146
f 7275 7274 11141
f 7274 11135 11141
f 7273 11094 7274
f 11094 11135 7274
f 11128 11094 7273
f 11033 11128 7271
f 7272 7271 11128
f 11128 7273 7272
f 7270 11126 11124
f 7271 11124 11033
f 11093 11126 7270
f 7271 7270 11124
f 7269 11123 11093
f 11097 11087 7269
f 11123 7269 11087
f 11122 11097 7269
f 7270 7269 11093
f 7268 11127 11122
f 7269 7268 11122
f 11097 11122 11121
f 11118 11127 7267
f 11111 11127 11118
f 7268 7267 11127
f 7267 7266 11118
f 11120 11118 7266
f 7265 11095 11109
f 7266 11109 11120
f 7265 11109 7266
f 7265 7264 11095
f 11092 11095 7264
f 11108 11092 7264
f 7263 11108 7264
f 11083 11108 7263
f 11085 11083 7263
f 11073 7263 7262
f 11073 11085 7263
f 11032 11082 7262
f 7262 11082 11073
f 7262 11075 11032
f 7260 11077 7261
f 11075 7262 7261
f 7260 7259 11069
f 11058 11069 7259
f 11077 7260 11069
f 7261 11077 11075
f 7259 7258 11058
f 11060 11058 7258
f 11057 11031 7258
f 7258 11031 11060
f 11056 11031 11057
f 11063 11062 11057
f 7257 11063 11057
f 7256 11064 7257
f 11063 7257 11064
f 7255 11064 7256
f 7258 7257 11057
f 11061 7255 7254
f 11064 7255 11061
f 7253 11030 11039
f 7254 11067 11061
f 11067 7254 11039
f 7254 7253 11039
f 11029 11030 7253
f 7252 11029 7253
f 7251 11007 7252
f 11029 7252 11007
f 11009 11007 7251
f 7251 10996 11009
f 7250 11027 11003
f 11015 11005 11027
f 7251 11003 10996
f 7250 7249 11027
f 7249 11015 11027
f 11015 7249 7248
f 11026 11015 7248
f 11014 11017 11025
f 7251 7250 11003
f 7247 11026 7248
f 11025 7246 11014
f 7246 10995 11014
f 7245 10995 7246
f 7247 7246 11025
f 11026 7247 11025
f 7245 11013 11019
f 10954 11013 7245
f 10995 7245 11019
f 7244 10964 10904
f 7245 10904 10954
f 7244 10904 7245
f 7244 10974 10964
f 10947 10964 10974
f 7243 10974 7244
f 10950 10974 7243
f 10970 10950 7243
f 7243 7242 10970
f 10972 10970 7242
f 10965 10972 7242
f 7240 10967 10965
f 7241 10965 7242
f 7241 7240 10965
f 7240 10968 10967
f 10963 10966 10985
f 10990 10961 10984
f 7240 7239 10968
f 10966 10968 7239
f 10986 10966 7239
f 10984 10986 7238
f 10985 10966 10986
f 10990 10984 10988
f 7238 10986 7239
f 10984 7238 10988
f 10924 7238 7237
f 10988 7238 10924
f 10992 10924 7237
f 10926 10992 7237
f 10914 10926 10937
f 7237 7236 10926
f 10937 10926 7236
f 10737 10937 7236
f 10933 10902 10737
f 7235 10737 7236
f 10933 10737 7235
f 10929 10903 7235
f 10933 7235 10903
f 10931 10929 7234
f 7234 10929 7235
f 10931 7234 10923
f 7233 10923 7234
f 7232 10923 7233
f 7231 10919 10927
f 10941 10919 7231
f 7232 7231 10927
f 10923 7232 10927
f 7231 10942 10941
f 10940 10946 10917
f 10944 10946 10940
f 7230 10940 10942
f 7230 7229 10940
f 7229 10944 10940
f 10900 10944 7229
f 7228 10835 10900
f 7227 10835 7228
f 7229 7228 10900
f 7231 7230 10942
f 10871 10837 7227
f 10835 7227 10837
f 7226 10833 10831
f 7227 10831 10871
f 7226 10831 7227
f 7225 10867 7226
f 10833 7226 10867
f 10896 10867 7225
f 10867 10896 10869
f 7225 10850 10896
f 10892 10850 7225
f 10887 10894 10892
f 7224 10887 10892
f 10889 7224 10890
f 10887 7224 10889
f 10875 10865 10888
f 10880 10863 10874
f 10860 10851 10853
f 7225 7224 10892
f 7224 7223 10890
f 10888 10890 7223
f 10876 10875 7221
f 7220 10874 10876
f 7222 10888 7223
f 7222 10875 10888
f 7222 7221 10875
f 7220 10876 7221
f 7219 10878 7220
f 7220 10878 10874
f 10878 10880 10874
f 10862 10878 7219
f 10860 10862 7219
f 10818 7219 7218
f 10860 7219 10818
f 7217 10816 10814
f 7218 10789 10818
f 10818 10851 10860
f 10789 7218 10814
f 7218 7217 10814
f 7217 10793 10816
f 10793 7217 7216
f 10793 10813 10812
f 10793 10828 10813
f 10828 10793 7216
f 7215 10830 7216
f 10828 7216 10830
f 10785 10822 7215
f 10830 7215 10822
f 7214 10785 7215
f 7213 10809 7214
f 10785 7214 10809
f 7212 10809 7213
f 10827 10826 7212
f 10809 7212 10826
f 7211 10827 7212
f 10825 10808 10811
f 10787 10792 10794
f 10784 10787 10754
f 7211 10796 10825
f 10796 10808 10825
f 10794 10796 7211
f 10827 7211 10825
f 10794 7210 10787
f 10754 10787 7210
f 7209 10754 7210
f 7211 7210 10794
f 10756 7209 7208
f 10753 10768 7208
f 7208 10768 10756
f 7209 10756 10754
f 10770 10768 10753
f 7207 10766 10753
f 10767 10766 7207
f 7208 7207 10753
f 10773 10772 10767
f 7206 10767 7207
f 10773 10767 7206
f 7206 10776 10775
f 10774 10779 10771
f 10757 10779 10774
f 7204 10774 10776
f 7205 10776 7206
f 7204 10776 7205
f 7202 10757 7203
f 10774 7204 7203
f 10757 7202 10752
f 10757 10774 7203
f 10773 7206 10775
f 7201 10736 7202
f 10736 10733 10734
f 10733 10736 7201
f 7201 7200 10733
f 10731 10733 7200
f 7199 10731 7200
f 10731 7199 7198
f 10731 7198 10682
f 7197 10653 7198
f 10680 10731 10682
f 10752 7202 10736
f 7198 10653 10682
f 10653 10710 10678
f 10710 7197 10711
f 10653 7197 10710
f 7196 10707 10728
f 10711 7196 10728
f 10711 10728 10727
f 7195 10726 10724
f 7196 10724 10707
f 7195 10724 7196
f 7197 7196 10711
f 10719 7195 7194
f 10719 10726 7195
f 7193 10720 10722
f 7194 10721 10719
f 10721 7194 10722
f 7194 7193 10722
f 7193 10703 10720
f 7192 10703 7193
f 7192 7191 10703
f 10718 10703 7191
f 10705 10718 7191
f 10687 10702 10705
f 7190 10714 10687
f 7190 10712 10714
f 7191 7190 10687
f 7190 7189 10674
f 10712 7190 10674
f 10674 7189 10717
f 10656 10655 10652
f 10717 10652 10715
f 10717 7189 10652
f 10705 7191 10687
f 7189 10658 10652
f 10658 10656 10652
f 7188 10673 10658
f 7188 10660 10673
f 7188 10658 7189
f 10666 7188 7187
f 10666 7187 7186
f 7185 10668 10666
f 10665 10668 7185
f 7186 7185 10666
f 10666 10660 7188
f 7184 10564 10665
f 7183 10650 10670
f 7182 10609 10650
f 7183 10670 10564
f 7183 10564 7184
f 7182 10650 7183
f 10620 10646 10644
f 7182 10644 10609
f 10641 10644 7182
f 10620 10644 10641
f 7185 7184 10665
f 7182 7181 10641
f 10643 10641 7181
f 10627 10643 7180
f 7180 10643 7181
f 10627 7180 10606
f 7179 10606 7180
f 10623 7179 7178
f 7176 10639 7177
f 7177 10639 10623
f 7178 7177 10623
f 7179 10623 10606
f 7176 10640 10639
f 10640 10622 10638
f 7176 10622 10640
f 7175 10617 10619
f 10563 10617 7175
f 10622 7175 10619
f 10601 10563 7174
f 10608 10617 10563
f 10600 10563 10601
f 7175 7174 10563
f 7176 7175 10622
f 10569 10601 7174
f 7173 10557 7174
f 10567 10557 7173
f 10569 7174 10557
f 10566 10557 10567
f 10581 7172 7171
f 7173 7172 10567
f 10567 7172 10581
f 7169 10597 7170
f 7170 10596 10581
f 7171 7170 10581
f 7170 10597 10596
f 10595 10580 10583
f 10562 10580 10595
f 7169 7168 10595
f 10562 7168 10599
f 10595 7168 10562
f 10585 10562 10599
f 10591 10560 10598
f 7167 10599 7168
f 10597 7169 10595
f 10599 7167 10598
f 10589 10598 7167
f 7167 10467 10589
f 10591 10598 10589
f 7166 10467 7167
f 10537 10467 7166
f 7165 10538 7166
f 10537 7166 10538
f 10507 10538 7165
f 7165 10548 10507
f 7165 10496 10548
f 7164 10496 7165
f 7164 10544 10496
f 10504 10496 10544
f 7164 10505 10544
f 7164 10540 10505
f 7163 10540 7164
f 10536 7163 7162
f 10540 7163 10542
f 10542 7163 10536
f 7161 10536 7162
f 10528 10536 7161
f 10526 10528 7160
f 7160 10528 7161
f 7159 10530 10502
f 10502 10526 7160
f 7158 10500 10530
f 7159 10502 7160
f 7159 7158 10530
f 10535 10500 7158
f 10494 10535 7158
f 7157 10465 10494
f 10481 10465 7157
f 7158 7157 10494
f 7157 7156 10481
f 10492 10481 7156
f 7155 10493 7156
f 7156 10493 10492
f 10491 10493 7155
f 7155 10470 10491
f 7153 10478 10470
f 7154 10470 7155
f 10477 10489 10464
f 7153 10470 7154
f 7152 10477 10479
f 10478 7153 10479
f 10490 10477 7152
f 7153 7152 10479
f 7151 10488 10490
f 10489 10477 10490
f 7150 10488 7151
f 7152 7151 10490
f 10432 10421 7150
f 10488 7150 10421
f 7149 10432 7150
f 10421 10473 10488
f 10448 10434 7149
f 10432 7149 10434
f 10450 10448 7148
f 7148 10448 7149
f 10450 7148 10430
f 7147 10444 7148
f 10430 7148 10444
f 10452 10444 7147
f 7146 10460 10456
f 7147 7146 10456
f 7147 10456 10452
f 7146 7145 10461
f 10459 10455 10458
f 10442 10455 10459
f 7144 10459 10461
f 7145 7144 10461
f 7144 10442 10459
f 7143 10442 7144
f 7142 10435 7143
f 10442 7143 10435
f 10429 10435 7142
f 10460 7146 10461
f 10419 10438 10429
f 7141 10380 10419
f 10393 10380 7141
f 10419 7142 7141
f 10429 7142 10419
f 10418 10417 10393
f 10426 10418 10393
f 7140 10428 10426
f 7140 10423 10428
f 7141 10426 10393
f 7140 10426 7141
f 10377 7140 7139
f 7137 10416 10414
f 7139 10414 10377
f 10377 10423 7140
f 7138 10414 7139
f 7138 7137 10414
f 7137 10413 10416
f 7136 10413 7137
f 7136 10402 10404
f 10391 10402 7136
f 10413 7136 10404
f 7136 7135 10391
f 10389 10391 7135
f 10389 10400 10354
f 7134 10389 7135
f 10400 10389 10401
f 10357 7134 7133
f 10389 7134 10401
f 10401 7134 10357
f 7132 10357 7133
f 10401 10357 10399
f 10362 10357 7132
f 10363 7132 7131
f 7130 10369 10363
f 10370 10369 7130
f 7131 7130 10363
f 10363 10362 7132
f 10191 10368 10370
f 7130 7129 10191
f 7129 10365 10372
f 7128 10365 7129
f 10191 7129 10372
f 10370 7130 10191
f 7127 10349 7128
f 10365 7128 10349
f 10331 10248 7127
f 10349 7127 10248
f 7126 10331 7127
f 7125 10346 7126
f 10331 7126 10346
f 10348 10346 7125
f 10344 10348 7124
f 7125 7124 10348
f 7123 10344 7124
f 7122 10301 7123
f 10344 7123 10301
f 10330 10329 7122
f 10301 7122 10329
f 7121 10330 7122
f 7120 10341 7121
f 10330 7121 10341
f 10343 10341 7120
f 7119 10245 10343
f 7118 10245 7119
f 7120 7119 10343
f 10306 10305 7118
f 10245 7118 10305
f 7117 10325 10323
f 7118 10323 10306
f 7117 10323 7118
f 7116 7115 10325
f 10325 7117 7116
f 7114 10302 10300
f 7115 7114 10300
f 7115 10300 10322
f 10325 7115 10322
f 7114 10303 10302
f 10296 7113 7112
f 10296 10303 7113
f 10298 10296 7112
f 7114 7113 10303
f 10292 10290 7112
f 10298 7112 10290
f 7111 10292 7112
f 7110 10294 7111
f 10294 10292 7111
f 7109 10294 7110
f 10284 10291 7109
f 10294 7109 10291
f 7108 10284 7109
f 10286 10284 7108
f 10265 10286 7107
f 7108 7107 10286
f 10238 10265 7107
f 10274 10238 7107
f 7106 10276 10274
f 10281 10276 7106
f 7107 7106 10274
f 7106 7105 10281
f 10283 10281 7105
f 10279 10273 7105
f 7105 10273 10283
f 10278 10273 10279
f 7103 10257 7104
f 10279 7104 10277
f 7105 7104 10279
f 7102 10272 10257
f 7103 7102 10257
f 7104 10257 10277
f 7101 10259 10272
f 10255 10241 10249
f 10251 10256 10259
f 7101 10251 10259
f 7100 10249 10251
f 7100 10251 7101
f 7099 10253 7100
f 10255 10249 7100
f 10253 7099 10186
f 7100 10253 10255
f 7102 7101 10272
f 7099 10227 10186
f 10229 7098 7097
f 10227 7098 10229
f 10226 10229 7096
f 7099 7098 10227
f 7097 7096 10229
f 7096 10209 10226
f 7095 10209 7096
f 7095 10211 10222
f 10209 7095 10222
f 10209 10222 10221
f 7095 10218 10211
f 10220 7094 7093
f 10218 7094 10220
f 10207 10220 7093
f 7095 7094 10218
f 10207 7091 10215
f 7093 7092 10207
f 10224 10206 10214
f 10180 10168 10223
f 7091 10207 7092
f 10214 10216 7090
f 10216 10215 7091
f 7090 10225 10224
f 7090 10216 7091
f 10224 10214 7090
f 7089 10225 7090
f 10223 10225 7089
f 10180 10223 10181
f 10181 10223 10203
f 7089 10205 10203
f 10193 10205 7089
f 10223 7089 10203
f 10205 10132 10197
f 7088 10201 10193
f 10205 10193 10132
f 7088 7087 10201
f 7087 10202 10201
f 7086 10202 7087
f 7085 10200 7086
f 10202 7086 10200
f 10200 7085 10171
f 10192 10195 10200
f 7089 7088 10193
f 10200 10171 10192
f 10169 10134 10167
f 10141 10134 10169
f 7084 10169 10171
f 7084 7083 10169
f 7083 10141 10169
f 7082 10141 7083
f 10131 7082 7081
f 7082 10161 10141
f 10141 10161 10143
f 7085 7084 10171
f 7082 10131 10161
f 7080 10159 10157
f 10139 7081 10157
f 7081 7080 10157
f 7080 10146 10159
f 7078 10154 10146
f 7079 10146 7080
f 10153 10165 10138
f 10139 10131 7081
f 7078 10146 7079
f 10155 10154 7077
f 7078 7077 10154
f 10149 10164 10147
f 10153 10155 7075
f 7076 7075 10155
f 10155 7077 7076
f 7074 10164 10166
f 7075 10166 10153
f 10164 7074 10145
f 7075 7074 10166
f 10153 10166 10165
f 10145 10147 10164
f 10145 7074 10010
f 7073 10010 7074
f 10052 10012 10010
f 7073 10052 10010
f 10005 10052 7073
f 7072 10048 7073
f 10005 7073 10048
f 10028 10048 7072
f 10048 10028 10050
f 7071 10028 7072
f 10044 10028 7071
f 7071 10089 10044
f 10088 10044 10089
f 7070 10060 10089
f 10085 10060 7070
f 7071 7070 10089
f 7069 10087 10085
f 10099 10087 7069
f 7070 7069 10085
f 10127 10126 10076
f 7069 10076 10099
f 10127 10076 7069
f 10123 10095 10127
f 10123 10127 7068
f 10122 10121 10106
f 7068 10125 10123
f 10091 10103 10073
f 10056 10070 10027
f 7068 10127 7069
f 7068 10106 10125
f 7067 10122 7068
f 10122 10106 7068
f 10128 10110 10108
f 7067 10129 10122
f 7066 10130 7067
f 10129 7067 10130
f 10128 10130 7066
f 7065 7064 10128
f 10110 10128 7064
f 7066 7065 10128
f 7064 10105 10110
f 7064 7063 10105
f 10093 10105 7063
f 7062 10091 7063
f 7063 10091 10093
f 10104 7062 7061
f 10103 10091 7062
f 10104 10103 7062
f 10102 10104 7061
f 10056 10058 7061
f 10102 7061 10058
f 10072 10102 10058
f 10071 10056 7061
f 10072 10075 10102
f 10056 10071 10070
f 10031 10069 7060
f 10055 10069 10031
f 10029 10031 7060
f 7060 10069 10071
f 10033 10004 7060
f 10029 7060 10004
f 7059 10033 7060
f 9994 7059 7058
f 10033 7059 10026
f 10026 7059 9994
f 7061 7060 10071
f 7058 9990 9985
f 7057 9990 7058
f 9998 9990 7057
f 7055 10000 7056
f 9998 7057 7056
f 9997 10000 7054
f 9992 9997 9960
f 7055 7054 10000
f 7056 10000 9998
f 9960 9997 7053
f 9994 7058 9985
f 7053 9997 7054
f 9972 9946 9962
f 7053 7052 9960
f 9960 7052 9962
f 9972 9962 7052
f 7051 9920 7052
f 9920 9972 7052
f 9968 9920 7051
f 9920 9968 9956
f 7051 9957 9968
f 9964 9957 7051
f 9966 9964 7050
f 9984 9963 9979
f 9981 9966 7050
f 7049 7048 9981
f 9981 7050 7049
f 9975 9979 7047
f 7048 7047 9979
f 9984 9979 9975
f 7046 9975 7047
f 9981 7048 9979
f 7051 7050 9964
f 4190 1069 1068
f 5066 4755 4754
f 5095 4757 4756
f 4755 5076 4756
f 4757 5145 4758
f 4750 5027 4751
f 4752 5033 4753
f 4754 4753 5039
f 4752 4751 5042
f 4758 5139 5149
f 5149 4759 4758
f 4761 4760 5161
f 4763 4762 5227
f 5229 4762 4761
f 4763 5227 5157
f 4759 5163 4760
f 5163 5164 4760
f 5163 4759 5147
f 5150 4759 5149
f 5161 4760 5164
f 5229 4761 5161
f 5229 5227 4762
f 4763 5166 4764
f 4746 4995 4747
f 4748 5022 4749
f 4748 4747 5008
f 5029 4750 4749
f 5142 5143 4758
f 1173 4630 4746
f 5142 4758 5146
f 4758 5143 5139
f 5143 5123 5139
f 5149 5139 5140
f 5163 5147 5160
f 5227 5165 5157
f 4763 5157 5233
f 4763 5168 5166
f 5151 4764 5166
f 5171 4764 5151
f 5154 5169 5156
f 5171 5169 4764
f 5168 4763 5233
f 5147 4759 5150
f 5169 4765 4764
f 4774 5253 4775
f 5250 4776 4775
f 5252 4774 4773
f 5259 4777 4776
f 5084 4769 4768
f 5087 4771 4770
f 5255 4773 4772
f 4772 4771 5087
f 4768 5081 5086
f 4777 5257 4778
f 5260 4780 4779
f 4782 5294 4783
f 4782 4781 5263
f 4783 5303 4784
f 4786 4785 5366
f 5363 4787 4786
f 4788 5379 4789
f 4788 4787 5370
f 4785 4784 5307
f 5260 4779 4778
f 4790 4789 5368
f 4765 5154 5125
f 4766 5128 4767
f 4788 5371 5379
f 4766 4765 5125
f 4787 5357 5370
f 5134 4768 4767
f 4778 5257 5262
f 5358 5370 5357
f 5357 4787 5361
f 5370 5371 4788
f 5379 5378 4789
f 5169 5154 4765
f 5384 5383 4791
f 4792 4791 5383
f 4793 4792 5380
f 5383 5382 4792
f 4793 5372 5377
f 4791 5368 5384
f 5374 5372 5380
f 4793 5380 5372
f 5380 4792 5382
f 5377 4794 4793
f 5368 4789 5378
f 4790 5368 4791
f 5023 4749 5022
f 5029 4749 5020
f 5027 4750 5029
f 5023 5020 4749
f 5025 5026 4748
f 5018 5022 5026
f 5042 4751 5044
f 5112 4757 5095
f 5095 4756 5077
f 5027 5044 4751
f 5008 5025 4748
f 5146 4758 5145
f 5125 5154 5127
f 5146 5116 5142
f 5119 4757 5112
f 5119 5112 5113
f 5095 5096 5112
f 5120 5145 5119
f 5107 5130 5125
f 4754 5059 5066
f 5145 4757 5119
f 5009 5025 5008
f 5042 5032 5030
f 5035 5030 5013
f 4746 4630 4996
f 4996 4995 4746
f 5008 4995 4999
f 4752 5030 5035
f 5042 5030 4752
f 4747 4995 5008
f 5067 4755 5066
f 5064 5076 5067
f 5077 4756 5076
f 5095 5077 5074
f 5036 4753 5033
f 5010 5038 5033
f 5038 5036 5033
f 5059 5060 5066
f 4753 5036 5041
f 4754 5039 5059
f 5035 5033 4752
f 5067 5076 4755
f 5026 5022 4748
f 4767 5133 5131
f 5367 4786 5366
f 5253 5250 4775
f 5364 4787 5363
f 5130 4766 5125
f 4786 5367 5363
f 5133 5128 5103
f 5133 4767 5128
f 5320 5366 4785
f 5363 5367 5330
f 5366 5320 5321
f 4785 5307 5320
f 4787 5360 5361
f 5372 5348 5377
f 5350 5357 5361
f 5352 5375 5354
f 5338 5336 5352
f 4794 5352 5336
f 5352 4794 5375
f 5375 4794 5377
f 5364 5334 5360
f 5259 4776 5250
f 5136 5131 5097
f 5102 5100 5134
f 5100 4768 5134
f 5136 5134 5131
f 5100 5083 5081
f 4768 5100 5081
f 5130 5128 4766
f 5252 5253 4774
f 5134 4767 5131
f 4773 5256 5252
f 4770 4769 5089
f 5308 5320 5307
f 5336 5325 5341
f 5307 4784 5300
f 5265 4781 4780
f 5304 4784 5303
f 5303 4783 5294
f 5307 5300 5301
f 5304 5291 5300
f 5300 4784 5304
f 5257 4777 5259
f 4795 5336 5341
f 4787 5364 5360
f 4795 4794 5336
f 1172 4630 1173
f 4796 4795 5342
f 4797 5397 4798
f 5347 4796 5342
f 4798 5407 4799
f 4801 4800 5405
f 4802 4801 5409
f 4803 5456 4804
f 5414 4802 5409
f 4800 4799 5405
f 4804 5453 4805
f 4806 4805 5450
f 4809 4808 5462
f 4808 4807 5448
f 4807 4806 5451
f 4811 5466 4812
f 4810 5438 5425
f 4816 4815 5478
f 4815 4814 5481
f 4812 5466 4813
f 4809 5463 4810
f 4809 5460 5465
f 5344 5339 5322
f 5339 5344 4795
f 5342 4795 5344
f 5408 5405 4799
f 5453 5454 4805
f 4796 5312 4797
f 5408 4799 5407
f 5409 4801 5411
f 4802 5412 4803
f 4804 5457 5453
f 5405 5411 4801
f 5450 4805 5454
f 4798 5398 5407
f 4818 4817 5482
f 4821 4820 5514
f 4820 4819 5506
f 4819 4818 5509
f 5451 5448 4807
f 5448 5462 4808
f 4813 5480 4814
f 5460 4809 5462
f 5536 4822 5532
f 5532 4822 4821
f 4806 5450 5451
f 4817 4816 5484
f 5514 5532 4821
f 5341 5339 4795
f 5536 4824 4823
f 5543 4826 5538
f 5538 4826 4825
f 5537 4825 4824
f 5574 4830 4829
f 5573 4829 4828
f 5580 4832 5575
f 5575 4832 4831
f 5571 4831 4830
f 4828 4827 5563
f 4834 4833 5581
f 4837 4836 5612
f 4836 4835 5611
f 4835 4834 5584
f 4841 4840 5616
f 4840 4839 5619
f 5655 4844 4843
f 4843 4842 5645
f 4842 4841 5634
f 4838 4837 5609
f 4833 4832 5578
f 5532 5533 5536
f 5534 4825 5537
f 5540 5534 5530
f 5536 5537 4824
f 4825 5534 5540
f 5538 4825 5540
f 5574 4829 5573
f 5571 4830 5574
f 4827 4826 5544
f 5564 5573 4828
f 4831 5571 5577
f 5671 4845 5670
f 4844 5655 5670
f 4846 5671 5668
f 4845 5671 4846
f 4847 4846 5668
f 4839 4838 5621
f 5654 5655 4843
f 5645 5654 4843
f 5670 5655 5652
f 4847 5668 5674
f 5674 5672 4847
f 5575 4831 5577
f 4845 4844 5670
f 4822 5536 4823
f 5347 5342 5309
f 5345 5312 4796
f 4797 5387 5397
f 5398 4798 5397
f 5347 5345 4796
f 5414 5409 5402
f 4803 5417 5415
f 4803 5459 5456
f 5457 4804 5456
f 5414 5412 4802
f 5398 5395 5407
f 5450 5454 5443
f 5460 5441 5465
f 4809 5465 5463
f 5463 5447 5445
f 4811 4810 5425
f 5532 5514 5511
f 5514 4820 5513
f 5506 5513 4820
f 5453 5457 5436
f 5312 5345 5314
f 5387 5388 5397
f 5387 4797 5312
f 5387 5312 5273 5317
f 5417 5412 5399
f 5417 4803 5412
f 5423 5456 5459
f 4803 5415 5459
f 5440 5438 5445
f 5438 4810 5445
f 5481 5478 4815
f 5481 4814 5480
f 5513 5506 5507
f 5463 5445 4810
f 5480 4813 5471
f 5478 5484 4816
f 5484 5482 4817
f 5509 5482 5475 5487
f 5510 4819 5509
f 5506 5510 5502
f 4818 5482 5509
f 4819 5510 5506
f 4826 5543 5541
f 4828 5563 5564
f 5573 5564 5561
f 4827 5556 5563
f 4826 5546 5544
f 5546 5541 5515
f 5546 4826 5541
f 5556 5557 5563
f 4827 5549 5556
f 5544 5518 4827
f 4832 5580 5578
f 5583 5581 4833
f 4836 5611 5612
f 4837 5612 5609
f 4835 5607 5611
f 5583 5578 5565
f 4839 5621 5619
f 4840 5618 5616
f 4842 5644 5645
f 5654 5645 5642
f 4842 5634 5644
f 5621 4838 5609
f 5580 5575 5568
f 5518 5544 5520
f 4827 5518 5549
f 4833 5578 5583
f 4835 5598 5607
f 5586 5584 4834
f 5549 5518 5497 5523
f 5550 5556 5549
f 4834 5581 5586
f 5598 4835 5584
f 5586 5581 5558
f 5598 5596 5607
f 5619 5613 4840
f 4841 5630 5634
f 5644 5634 5635
f 5613 5619 5615
f 5613 5599 5618
f 5630 4841 5616
f 5634 5630 5631
f 5630 5616 5604 5602
f 5618 4840 5613
f 5608 5611 5607
f 5543 5538 5527
f 4356 1115 4385
f 1114 4385 1115
f 4356 4388 1115
f 4361 1115 4388
f 4362 4361 4388
f 4383 4356 4385
f 4361 1116 1115
f 1113 1112 4384
f 1114 1113 4384
f 4385 1114 4384
f 4358 4384 1112
f 4357 4384 4351
f 1118 4398 4399
f 1120 1119 4397
f 4397 1119 4399
f 1119 1118 4399
f 4398 1118 4354
f 1116 4361 4345
f 1117 1116 4345
f 4354 1117 4365
f 1117 4354 1118
f 4345 4365 1117
f 1121 1120 4391
f 4344 1107 1106
f 1108 4344 4341
f 1107 4344 1108
f 4343 4344 1106
f 1104 1103 4286
f 1105 1104 4267
f 1106 1105 4267
f 1104 4286 4267
f 4267 4343 1106
f 4293 4286 1103
f 1109 1108 4341
f 4358 1111 4378
f 1110 4378 1111
f 1112 1111 4358
f 4378 4379 4358
f 4358 4351 4384
f 4341 4375 1109
f 1109 4340 1110
f 1110 4340 4371
f 4375 4340 1109
f 1110 4371 4372
f 4372 4378 1110
f 1131 4476 4461
f 1130 4476 1131
f 1131 4457 4473
f 1131 4430 4457
f 4473 1132 1131
f 1129 4419 4477
f 1128 4419 1129
f 1130 1129 4478
f 4478 1129 4477
f 1130 4478 4475
f 4476 1130 4475
f 4478 4465 4475
f 1131 4461 4430
f 1134 1133 4524
f 1134 4525 4532
f 1136 1135 4532
f 1135 1134 4532
f 4525 1134 4524
f 4475 4465 4429
f 1132 4516 1133
f 4524 1133 4516
f 1132 4470 4516
f 1132 4473 4453
f 4515 4524 4516
f 4417 1123 1122
f 1123 4416 1124
f 1123 4417 4416
f 4415 4417 1122
f 4391 1120 4397
f 4354 4365 4355
f 4415 1122 4391
f 4396 4398 4354
f 4416 4413 1124
f 1122 1121 4391
f 1126 4426 1127
f 1128 1127 4426
f 4420 4428 1128
f 4419 1128 4428
f 4426 4420 1128
f 1124 4412 4347
f 1125 1124 4347
f 4427 1125 4347
f 4413 4412 1124
f 1126 1125 4427
f 4426 1126 4427
f 4216 1080 1079
f 4233 1080 4216
f 1081 1080 4232
f 4212 1081 4232
f 4230 4216 1079
f 1078 1077 4219
f 4230 1079 4219
f 4219 1079 1078
f 1077 4220 4219
f 4229 4216 4230
f 1076 4220 1077
f 1080 4233 4232
f 4252 1085 1084
f 4252 4251 1086
f 1087 1086 4251
f 1085 4252 1086
f 4238 4252 1084
f 1081 4212 4164
f 1082 1081 4164
f 1082 4164 4239
f 1082 4239 1083
f 1084 1083 4238
f 4239 4238 1083
f 4208 1072 1071
f 1072 4207 1073
f 1072 4208 4207
f 4163 4208 1071
f 1069 4190 4163
f 1071 1070 4163
f 1068 4186 4190
f 4186 1067 4162
f 4162 1066 4189
f 1073 4207 4203
f 4211 1076 1075
f 4220 1076 4211
f 4193 4210 4200 4168
f 1075 4210 4211
f 1074 4210 1075
f 1074 1073 4151
f 4151 1073 4203
f 4207 4204 4203
f 1074 4151 4200
f 4210 1074 4200
f 4327 1099 1098
f 1099 4327 4290
f 1101 1100 4290
f 1100 1099 4290
f 4310 1098 1097
f 1095 4260 1096
f 1097 1096 4313
f 4313 1096 4309
f 4313 4289 1097
f 1096 4275 4309
f 4275 1096 4260
f 4310 4327 1098
f 4287 1102 4337
f 1101 4337 1102
f 1102 4287 4334
f 1103 1102 4334
f 4334 4293 1103
f 1097 4289 4310
f 4313 4314 4289
f 4330 4338 1101
f 4337 1101 4338
f 4330 1101 4290
f 4269 1091 1090
f 4284 1091 4269
f 4261 1091 4285
f 4285 1091 4284
f 4261 1092 1091
f 1089 4269 1090
f 1087 4251 4250
f 1088 1087 4241
f 1087 4250 4241
f 4269 1089 4241
f 1089 1088 4241
f 4240 4269 4241
f 4272 1094 1093
f 1095 1094 4272
f 4275 4260 4276
f 4272 4260 1095
f 4271 4272 1093
f 1092 4261 4271
f 1093 1092 4271
f 4165 4269 4240
f 4268 4284 4269
f 1170 4722 4705
f 4726 4714 4705
f 1170 4705 4714
f 4708 1170 4714
f 4715 4714 4726
f 1170 1169 4722
f 4719 1169 1168
f 1169 4719 4717
f 4737 4719 1168
f 1169 4716 4722
f 4716 4723 4722
f 4716 1169 4717
f 1171 4699 4633
f 1171 4677 4647
f 4633 4677 1171
f 1172 1171 4628
f 4628 1171 4647
f 1171 4696 4699
f 1170 4707 4696
f 4696 4707 4697
f 1170 4708 4707
f 4699 4663 4700
f 4663 4699 4696
f 1170 4696 1171
f 1163 4694 4736
f 1164 1163 4693
f 4733 4741 1164
f 1165 1164 4741
f 4732 1164 4693
f 4665 4666 1161
f 1162 1161 4666
f 4665 1161 4651
f 4692 4694 1162
f 1163 1162 4694
f 4666 4692 1162
f 1164 4732 4733
f 1166 1165 4738
f 1167 4737 1168
f 4738 1167 1166
f 1167 4738 4737
f 4742 4738 4741
f 4718 4738 4742
f 4736 4693 1163
f 4738 1165 4741
f 4665 4651 4660
f 5081 5068 5086
f 5084 5089 4769
f 5087 5255 4772
f 4773 5255 5256
f 5084 4768 5086
f 5257 5246 5262
f 4781 5265 5263
f 5297 5294 4782
f 5303 5294 5295
f 5260 4778 5262
f 5248 5252 5256
f 5438 5427 5425
f 4811 5425 5468
f 4813 5466 5471
f 5480 5471 5469
f 5466 4811 5468
f 4685 1172 4620
f 4630 1172 4685
f 4592 4630 4685
f 4677 4629 4647
f 5041 5039 4753
f 5039 5047 5059
f 5036 5000 5041
f 1172 4628 4620
f 5061 5089 5084
f 5087 4770 5089
f 5236 5255 5087
f 5265 5260 5237
f 5263 5297 4782
f 5271 5294 5297
f 5260 5265 4780
f 1141 4446 1142
f 4490 1142 4446
f 4440 1143 4490
f 1142 4490 1143
f 4494 1143 4440
f 4518 4451 1140
f 1141 1140 4451
f 4451 4518 4517
f 4527 4518 1140
f 1141 4486 4446
f 4449 4446 4486
f 4451 4486 1141
f 4566 1147 1146
f 4566 4557 1147
f 4556 1147 4557
f 4556 1148 1147
f 1145 4566 1146
f 4448 1143 4494
f 4443 1144 1143
f 1145 1144 4443
f 4443 1143 4448
f 4494 4436 4448
f 4443 4566 1145
f 1138 4547 4539
f 1137 4547 1138
f 4549 4533 4550
f 1139 4550 4533
f 4550 1138 4539
f 4550 1139 1138
f 4548 1137 1136
f 4548 4547 1137
f 4546 4548 1136
f 4535 1139 4536
f 1140 1139 4535
f 4527 4526 4518
f 1140 4535 4527
f 4479 4516 4470
f 4470 1132 4453
f 1139 4552 4536
f 4453 4473 4474
f 1139 4533 4552
f 4546 1136 4532
f 1157 4591 4590
f 1156 4591 1157
f 1157 4662 1158
f 1158 4662 4658
f 1157 4661 4662
f 4615 4553 1155
f 1156 1155 4553
f 4576 4615 1155
f 4588 4580 1156
f 4591 1156 4580
f 4553 4588 1156
f 4661 1157 4572
f 4625 1160 1159
f 4649 4651 4625
f 1161 1160 4625
f 4654 4625 1159
f 4625 4651 1161
f 1159 4616 4654
f 4616 1158 4658
f 4617 4661 4572
f 4572 1157 4590
f 1159 1158 4616
f 4577 4600 1150
f 1151 1150 4600
f 1150 4605 4577
f 1150 4595 4605
f 4570 4595 1150
f 4559 1148 4432
f 1149 1148 4597
f 4556 4432 1148
f 1149 4597 4570
f 1148 4559 4597
f 4570 1150 1149
f 4595 4570 4594
f 4613 1154 4614
f 1153 4614 1154
f 1155 4584 4576
f 1154 4613 4584
f 4584 1155 1154
f 1151 4600 4602
f 1152 1151 4601
f 1151 4602 4601
f 4614 1153 4601
f 1153 1152 4601
f 5659 4848 5675
f 4849 5639 4850
f 4849 5662 5667
f 4849 4848 5662
f 4853 5692 4854
f 4867 4866 5783
f 4865 5789 4866
f 4865 4864 5739
f 4852 5678 4853
f 4875 5804 4876
f 5875 4879 4878
f 5852 4878 4877
f 4877 4876 5838
f 4870 4869 5793
f 4869 4868 5781
f 4872 5803 4873
f 4871 5778 4872
f 4871 4870 5796
f 4874 4873 5800
f 4868 4867 5784
f 4855 5702 4856
f 5744 4860 4859
f 4856 5699 4857
f 5656 5677 5672
f 5675 5672 5677
f 4851 4850 5625
f 5675 4848 5672
f 4858 5750 4859
f 4859 5748 5744
f 4858 4857 5753
f 5745 4860 5744
f 4854 5701 4855
f 4862 4861 5757
f 4864 4863 5758
f 5868 5875 4878
f 5755 4863 4862
f 4878 5852 5868
f 5853 5868 5852
f 5794 5778 4871
f 5848 5852 4877
f 5875 5868 5869
f 5876 4879 5875
f 5876 5873 4879
f 5742 4861 4860
f 5873 4880 4879
f 4847 5672 4848
f 4902 4901 5993
f 4905 4904 6003
f 4904 4903 5991
f 4903 4902 5994
f 4897 4896 5948
f 4896 4895 5951
f 4900 4899 5999
f 4899 4898 5955
f 4898 4897 5952
f 5996 4901 4900
f 4912 6023 4913
f 4916 4915 6061
f 4914 6030 4915
f 4913 6032 4914
f 4906 6009 4907
f 4906 5976 5981
f 4910 6011 4911
f 4908 6016 4909
f 4907 6007 4908
f 4912 4911 6026
f 4906 4905 6004
f 5882 4881 4880
f 5854 4883 5870
f 5877 4883 4882
f 5880 4882 4881
f 4881 5882 5880
f 5877 5880 5879
f 5872 5870 5877
f 4882 5880 5877
f 5877 5870 4883
f 4884 4883 5854
f 5873 5882 4880
f 4891 4890 5912
f 4894 4893 5931
f 4892 5916 5894
f 4892 4891 5919
f 4886 4885 5860
f 4885 4884 5857
f 4889 4888 5914
f 4888 4887 5892
f 4886 5863 4887
f 5912 4890 4889
f 4894 5950 4895
f 4916 6059 4917
f 5659 5675 5661
f 4861 5742 5757
f 4862 5757 5755
f 5742 4860 5745
f 4848 5664 5662
f 4859 5750 5747
f 5748 4859 5747
f 5755 5735 5760
f 5748 5737 5744
f 5755 5760 4863
f 5760 5758 4863
f 4870 5793 5791
f 5839 4877 5838
f 5870 5856 5854
f 5849 5852 5848
f 5783 4866 5787
f 5783 5784 4867
f 5781 5793 4869
f 4876 5825 5838
f 4871 5796 5794
f 4868 5784 5781
f 5739 5732 4865
f 5848 4877 5839
f 5664 5659 5646
f 5750 4858 5754
f 4852 4851 5678
f 5751 5747 5750
f 5659 5664 4848
f 5739 5758 5741
f 5786 5787 4866
f 5776 5783 5787
f 5758 5739 4864
f 4866 5790 5786
f 5751 5730 5747
f 5848 5839 5836
f 5854 5843 5859
f 4884 5854 5859
f 5796 5791 5774
f 5796 4870 5791
f 5826 5838 5825
f 5806 4875 4874
f 4876 5821 5825
f 5840 5862 5857
f 4884 5859 5857
f 5914 4888 5892
f 5915 5912 4889
f 5912 5921 4891
f 4889 5914 5915
f 5951 4895 5950
f 5948 4896 5951
f 5952 4897 5954
f 4900 6000 5996
f 5955 5939 4899
f 5948 5954 4897
f 5950 4894 5932
f 5934 4893 4892
f 4902 5993 5994
f 4904 5991 6003
f 4905 6003 6001
f 5991 4903 5994
f 5993 5997 5974
f 4905 6001 6006
f 6004 4905 6006
f 6014 4910 4909
f 6006 6001 5972
f 6061 4915 6064
f 4901 5996 5997
f 4891 5921 5919
f 5857 5862 4885
f 5893 5914 5892
f 5860 5865 4886
f 4887 5888 5892
f 5931 4893 5935
f 5916 4892 5919
f 5931 5932 4894
f 5957 5952 5936
f 5932 5929 5950
f 5918 5916 5919
f 5999 4899 5960
f 5957 5955 4898
f 5970 5996 6000
f 6000 4900 5999
f 6062 4916 6061
f 5957 4898 5952
f 5976 6004 5978
f 6065 6061 6064
f 6054 6061 6065
f 6004 5976 4906
f 6068 6064 4915
f 6062 6059 4916
f 5862 5860 4885
f 4901 5997 5993
f 6059 6071 4917
f 6214 4945 4944
f 4948 4947 6208
f 4947 6218 6208
f 6223 4946 4945
f 4939 6172 4940
f 4941 4940 6177
f 6206 4943 4942
f 6186 4942 4941
f 4944 4943 6217
f 6221 4947 4946
f 4958 4957 6296
f 4960 6306 6311
f 4960 4959 6306
f 4959 4958 6308
f 6257 4952 4951
f 4950 6256 4951
f 4955 6258 6248
f 4954 4953 6263
f 4952 6254 4953
f 6301 4957 4956
f 4950 4949 6239
f 4926 4925 6128
f 4929 4928 6137
f 4928 4927 6134
f 4927 4926 6125
f 4919 6074 4920
f 4918 6069 4919
f 4924 4923 6124
f 6056 4921 4920
f 6072 6056 4920
f 6127 4925 4924
f 4935 6166 4936
f 6174 4939 4938
f 4938 4937 6148
f 4935 4934 6159
f 4932 4931 6164
f 4931 4930 6114
f 4933 6162 4934
f 6161 4933 4932
f 6114 4930 6109
f 4929 6140 4930
f 4922 6104 4923
f 4955 4954 6258
f 4978 6444 4979
f 4980 4979 6451
f 4980 6449 4981
f 4982 4981 6461
f 4975 4974 6360
f 6394 4976 4975
f 6447 4978 4977
f 4977 4976 6391
f 6352 4974 4973
f 4982 6459 4983
f 4985 4984 6456
f 6436 4987 4986
f 6430 4986 4985
f 4987 6406 6379
f 4984 6453 6458
f 4989 4988 6473
f 4990 4989 6470
f 4991 6479 4992
f 4991 4990 6471
f 6453 4984 4983
f 6477 4993 4992
f 6319 4968 4967
f 6334 4971 4970
f 4969 6333 4970
f 4966 6321 4967
f 6295 4963 4962
f 4961 6309 4962
f 4965 6315 4966
f 4964 6318 4965
f 4963 6317 4964
f 4971 6331 4972
f 6441 6451 4979
f 6449 4980 6452
f 6461 4981 6449
f 6451 6452 4980
f 6444 6445 4979
f 6445 6441 4979
f 6441 6445 6425
f 6459 6455 6453
f 6442 6451 6441
f 6453 4983 6459
f 6335 4973 4972
f 6461 6459 4982
f 4961 4960 6311
f 6477 4994 4993
f 6448 6444 4978
f 6131 4924 6130
f 4924 6120 6130
f 6125 4926 6128
f 6134 4927 6125
f 6127 6128 4925
f 6071 6069 4918
f 6074 6072 4920
f 4924 6124 6120
f 6130 6120 6121
f 6127 6131 6117
f 4924 6131 6127
f 6137 6132 6115
f 4928 6132 6137
f 6140 6135 6105
f 4929 6137 6135
f 4929 6135 6140
f 6138 4930 6140
f 6138 6109 4930
f 6217 4943 6216
f 6214 4944 6217
f 6206 6216 4943
f 4945 6214 6223
f 6134 6132 4928
f 6074 6069 6052
f 6049 4922 4921
f 4919 6069 6074
f 4923 6123 6124
f 4923 6100 6123
f 6097 6120 6124
f 6202 6206 4942
f 4937 4936 6169
f 6207 6216 6206
f 6111 6109 6138
f 4951 6256 6257
f 4953 6254 6263
f 4954 6263 6261
f 6254 4952 6257
f 6218 6221 6220
f 4948 6211 4949
f 4950 6239 6246
f 6261 6260 6258
f 6247 6256 6246
f 6261 6258 4954
f 6218 4947 6221
f 6223 6221 4946
f 6256 4950 6246
f 6448 4978 6447
f 6444 6448 6421
f 4977 6411 6447
f 6392 6398 6391
f 6398 4977 6391
f 6447 6411 6412
f 6398 6399 6411
f 6398 6411 4977
f 6395 6391 4976
f 4984 6458 6456
f 6456 6429 6427
f 6432 6427 6416
f 6456 6427 4985
f 4985 6427 6432
f 6435 6430 6413
f 4986 6430 6435
f 6438 6433 6400
f 4985 6432 6430
f 6433 4986 6435
f 6458 6453 6423
f 6288 6298 6302
f 6296 4957 6299
f 6306 4959 6308
f 4958 6296 6308
f 6394 6395 4976
f 6298 6299 4957
f 6301 6302 6298
f 4969 4968 6324
f 6394 6374 6375
f 6374 4975 6360
f 6394 4975 6374
f 4955 6251 4956
f 6391 6395 6387
f 6405 6403 6436
f 6403 4987 6436
f 6438 4986 6433
f 6403 6376 6408
f 6403 6408 6406
f 4991 6471 6479
f 6438 6436 4986
f 4987 6384 6382 4988
f 6403 6406 4987
f 4992 6479 6480
f 6480 6477 4992
f 6298 4957 6301
f 6301 4956 6304
f 6477 6476 4994
f 4917 6071 4918
f 5667 5662 5636
f 5701 4854 5692
f 5705 5753 4857
f 5754 4858 5753
f 5667 5665 4849
f 5732 5739 5734
f 5790 4866 5789
f 5766 5786 5790
f 5732 5789 4865
f 5789 5732 5718 5716
f 5754 5714 5750
f 5778 5794 5780
f 5802 5778 5770 5768
f 5803 4872 5802
f 5800 4873 5803
f 5778 5802 4872
f 5804 4875 5806
f 5809 5821 4876
f 5865 5860 5827
f 5821 5822 5825
f 5809 4876 5804
f 5800 5806 4874
f 5639 5665 5641
f 5701 5702 4855
f 5665 5639 4849
f 5888 4887 5863
f 5680 5678 4851
f 5702 5699 4856
f 5699 5705 4857
f 5705 5703 5753
f 5888 5863 5832 5830
f 5934 4892 5894
f 5935 4893 5934
f 5934 5894 5883 5899
f 5896 5894 5916
f 5939 5955 5941
f 5960 5939 5922 5944
f 5961 5999 5960
f 5939 5960 4899
f 5935 5927 5931
f 5888 5889 5892
f 5865 5863 4886
f 5979 4906 5981
f 6009 5979 5962 5984
f 6010 4907 6009
f 6007 4907 6010
f 5979 6009 4906
f 6014 4909 6016
f 6011 6025 4911
f 6023 4912 6026
f 6032 4913 6023
f 6025 6026 4911
f 6011 4910 6014
f 6007 6016 4908
f 6067 4915 6030
f 4914 6032 6030
f 6101 6123 6100
f 6306 6286 6311
f 4961 6311 6309
f 6067 6030 6029 6027
f 6068 4915 6067
f 6047 6064 6068
f 6056 6072 6058
f 4923 6104 6100
f 5981 5976 5965
f 6112 4931 6114
f 4932 6165 6161
f 6088 6114 6109
f 6159 4934 6162
f 6168 4935 6159
f 6202 4942 6187
f 6203 6206 6202
f 6171 6169 4936
f 6168 6166 4935
f 6161 6162 4933
f 6092 6164 4931
f 6208 6218 6210
f 6211 6242 4949
f 6240 6246 6239
f 6239 4949 6243
f 4956 6284 6304
f 6305 6301 6304
f 6253 6251 4955
f 6309 6292 6290
f 6305 6281 6301
f 6250 6248 6258
f 6309 6290 4962
f 6049 6103 4922
f 5804 5797 5809
f 5821 5809 5807
f 6014 6013 6011
f 6025 6011 6019
f 6103 6049 6038 6036
f 4921 6056 6049
f 6104 4922 6103
f 6049 6056 6051
f 5627 5625 5639
f 4850 5639 5625
f 6112 6094 6092
f 5680 4851 5625
f 4853 5678 5692
f 5701 5692 5690
f 6165 4932 6164
f 6166 6144 6171
f 6146 6161 6165
f 6164 6092 6084 6082
f 6169 6150 6148
f 4937 6169 6148
f 4938 6148 6174
f 6171 4936 6166
f 6092 4931 6112
f 6080 6100 6104
f 6187 4942 6186
f 6208 6188 6213
f 6184 6202 6187
f 6242 6211 6193 6191
f 6211 4948 6213
f 6243 4949 6242
f 6248 6227 6253
f 6229 6239 6243
f 6213 4948 6208
f 6284 6251 6233 6231
f 6284 4956 6251
f 6290 6267 6295
f 6285 6304 6284
f 6317 6293 6273 6271
f 6295 6293 4963
f 6317 4963 6293
f 6315 4965 6318
f 6321 4966 6315
f 6317 6318 4964
f 6295 4962 6290
f 6253 4955 6248
f 6172 6177 4940
f 6177 6175 6186
f 74 75 6502
f 75 76 7389
f 6518 73 74
f 6312 6324 6319
f 6322 6333 6324
f 6277 6158 6157
f 6487 6511 6509
f 6488 6509 6514
f 6511 6485 6157
f 6319 6324 4968
f 6324 6333 4969
f 4939 6174 6172
f 6177 6186 4941
f 6321 6319 4967
f 6356 6352 4973
f 4971 6334 6331
f 4974 6359 6360
f 6352 6353 6359
f 6334 4970 6333
f 6337 4972 6331
f 6335 4972 6337
f 6356 4973 6355
f 6352 6356 6348
f 6335 6355 4973
f 6355 6335 6328 6340
f 6384 6379 6361
f 6474 6470 4989
f 4988 6364 6473
f 6379 6406 6381
f 4987 6379 6384
f 6382 6366 6364
f 6364 4988 6382
f 6474 4989 6473
f 6470 6474 6466
f 6357 6374 6360
f 6277 6157 6483
f 6341 6278 6277
f 6512 6517 6492
f 6515 6493 6517
f 6520 6495 6515
f 6518 74 6499
f 7389 7396 6506
f 7389 7390 7396
f 6502 75 6503
f 6511 6487 6486
f 6367 6342 6341
f 6518 6497 6520
f 6464 6473 6364
f 6482 6341 6277
f 6507 7397 7393
f 7393 7397 7386
f 7394 7400 7393
f 6507 7396 7397
f 6479 6471 6468
f 6465 6481 6475
f 6465 6475 6467
f 6481 6368 6367
f 6465 6462 6368
f 6465 6368 6481
f 6484 6483 6157
f 6485 6484 6157
f 6277 6483 6482
f 6485 6511 6486
f 6475 4994 6476
f 6514 6489 6488
f 6481 6367 6482
f 6509 6488 6487
f 6491 6512 6492
f 6512 6491 6490
f 6494 6493 6515
f 6493 6492 6517
f 6514 6512 6490
f 6490 6489 6514
f 6475 6481 4994
f 6494 6515 6495
f 6498 6497 6518
f 6498 6518 6499
f 6520 6497 6496
f 6499 74 6500
f 7403 7398 6521
f 6522 6521 7398
f 7401 7405 7400
f 74 6502 6501
f 6500 74 6501
f 6496 6495 6520
f 75 6504 6503
f 75 7389 6505
f 75 6505 6504
f 6507 6506 7396
f 6508 7405 7406
f 6508 7406 7403
f 6508 6507 7405
f 6507 7400 7405
f 7393 7400 6507
f 6521 6508 7403
f 6506 6505 7389
f 6341 6482 6367
f 6471 4990 6470
f 6522 7398 7408
f 7506 7517 6546
f 7524 7541 7542
f 7542 7540 7508
f 6543 7545 7543
f 7534 7513 7506
f 7533 6541 7508
f 7542 7508 6541
f 6542 6541 7533
f 6542 7533 7545
f 6541 7524 7542
f 7402 7469 7529
f 7402 6539 7492
f 7529 6539 7402
f 7465 7402 7492
f 6540 6539 7529
f 7494 7523 7524
f 7494 6540 7525
f 7489 7525 6540
f 7524 6540 7494
f 6540 7529 7489
f 6541 6540 7524
f 7562 7550 7549
f 7416 7518 7550
f 6548 7562 7510
f 7557 7552 6551
f 7561 7557 6550
f 6553 7552 7509
f 6549 7510 7561
f 7510 6549 6548
f 6550 6549 7561
f 7550 7562 6548
f 7557 6551 6550
f 6545 6544 7534
f 7536 7534 6544
f 7536 6543 7543
f 6544 6543 7536
f 7545 6543 6542
f 6548 6547 7550
f 7416 7550 6547
f 7514 7416 6547
f 7517 7514 6546
f 6547 6546 7514
f 6545 7506 6546
f 6545 7534 7506
f 6529 7431 7407
f 7456 7455 7453
f 6526 7456 6527
f 7456 7453 7449
f 7446 6529 7407
f 6530 6529 7446
f 6530 7446 7475
f 6527 7449 6528
f 7431 6529 6528
f 7456 7449 6527
f 7449 7431 6528
f 7428 7430 6524
f 6523 7408 7429
f 6522 7408 6523
f 7428 6523 7429
f 6523 7428 6524
f 6526 7458 7456
f 6525 7457 7458
f 6525 7458 6526
f 6524 7445 6525
f 7457 6525 7445
f 7430 7445 6524
f 7412 6535 7462
f 7464 7462 6535
f 6534 7477 7464
f 7484 7477 6534
f 6535 6534 7464
f 6537 7492 6538
f 7493 7492 6537
f 6539 6538 7492
f 6537 6536 7493
f 7412 7493 6536
f 6535 7412 6536
f 7461 7448 7460
f 7459 7461 6531
f 6531 7461 7460
f 7475 7459 6530
f 6530 7459 6531
f 7484 6533 7487
f 7476 7487 6533
f 6534 6533 7484
f 6532 6531 7476
f 6533 6532 7476
f 7476 6531 7460
f 7411 7428 7429
f 4974 6352 6359
f 7045 9958 7046
f 9958 9975 7046
f 9978 7045 9941
f 9958 7045 9978
f 9976 9978 9941
f 7044 9916 9941
f 7043 9918 7044
f 9916 7044 9918
f 9913 9918 7043
f 7045 7044 9941
f 9918 9913 9897
f 7042 9938 9936
f 7043 9936 9872
f 7043 9872 9913
f 9933 9909 7042
f 9938 7042 9909
f 9895 9933 7042
f 9929 9925 9895
f 7041 9895 7042
f 7043 7042 9936
f 9895 7041 9929
f 9931 9929 7041
f 7040 9927 9926
f 7041 9926 9931
f 7040 9926 7041
f 7039 7038 9927
f 9927 7040 7039
f 7037 9924 9905
f 7036 9924 7037
f 7038 7037 9905
f 9927 7038 9905
f 7036 9904 9907
f 9923 9922 9904
f 9901 9903 9921
f 7035 9923 7036
f 9923 9904 7036
f 9921 9923 7035
f 7035 7034 9873
f 9901 9921 9873
f 9873 7034 9880
f 9921 7035 9873
f 9924 7036 9907
f 9922 9893 9904
f 9875 9880 7033
f 7032 9879 9877
f 9877 9875 7033
f 7032 7031 9879
f 9877 7033 7032
f 7030 7029 9876
f 9876 7029 9861
f 7031 7030 9876
f 9879 7031 9876
f 9861 9859 9876
f 7034 7033 9880
f 7029 7028 9854
f 9855 9870 9788
f 7027 9856 9854
f 7028 7027 9854
f 7027 9857 9856
f 7026 9857 7027
f 9871 9855 7026
f 9857 7026 9855
f 9870 9855 9871
f 7025 9871 7026
f 9861 7029 9854
f 9808 7025 7024
f 9871 7025 9808
f 9829 9816 9814
f 7024 9810 9808
f 9810 7024 9814
f 7024 9807 9814
f 9829 9814 9807
f 7023 9807 7024
f 7023 9825 9851
f 9807 7023 9851
f 9807 9851 9850
f 7023 9847 9825
f 7022 9849 9847
f 7022 9844 9849
f 9834 9849 9844
f 7021 9844 7022
f 9846 7021 7020
f 9844 7021 9846
f 9846 7019 9843
f 9756 9806 9817
f 7023 7022 9847
f 7020 7019 9846
f 7019 9823 9843
f 7017 9832 9811
f 9823 7018 9811
f 7017 9819 9832
f 7018 7017 9811
f 9823 7019 7018
f 9817 7016 9756
f 7016 9782 9756
f 9784 9782 7016
f 7017 7016 9817
f 9819 7017 9817
f 9779 9759 9784
f 7015 9781 9779
f 9792 9769 9781
f 7015 9779 9784
f 7014 9781 7015
f 9781 7014 9792
f 9792 7014 9755
f 9801 9805 9711
f 7016 7015 9784
f 7013 9776 7014
f 9776 9755 7014
f 7011 9796 9778
f 9776 7013 9778
f 7012 7011 9778
f 9778 7013 7012
f 7011 9797 9796
f 7009 9795 7010
f 7011 7010 9797
f 7010 9795 9797
f 9795 9800 9775
f 9766 9798 9800
f 9685 7007 9709
f 7009 9766 9800
f 7008 9766 7009
f 9803 9766 7008
f 9801 9803 7008
f 7007 9804 7008
f 9805 9801 7008
f 9685 9804 7007
f 9805 7008 9804
f 9709 9708 9685
f 9795 7009 9800
f 9685 9765 9804
f 7007 9705 9754
f 7006 9753 9705
f 9754 9705 9690
f 7007 7006 9705
f 7005 9707 7006
f 9753 7006 9707
f 9729 9707 7005
f 9707 9729 9721
f 7005 9722 9729
f 9722 7005 7004
f 9754 9709 7007
f 9693 9696 9701
f 9724 9749 9702
f 7003 9725 9752
f 7002 9727 9725
f 9701 9704 7000
f 9749 9724 9750
f 7001 9724 9727
f 9701 9630 9693
f 9722 9752 9751
f 9752 9722 7004
f 7003 9752 7004
f 7003 7002 9725
f 9750 9724 7001
f 7000 9748 9750
f 7002 7001 9727
f 7001 7000 9750
f 9748 7000 9704
f 6999 9630 7000
f 6999 9638 9698
f 7000 9630 9701
f 9656 9638 6999
f 9630 6999 9698
f 9668 9615 9656
f 6998 9655 9635
f 9656 9635 9668
f 6998 9635 9656
f 6997 9664 6998
f 9655 6998 9664
f 9666 9664 6997
f 6996 9678 9676
f 6997 6996 9676
f 6997 9676 9666
f 6999 6998 9656
f 9681 9675 6993
f 9663 9675 9681
f 6994 9675 9678
f 6994 6993 9675
f 9678 6995 6994
f 6992 9647 9649
f 6993 9649 9681
f 9634 9647 6992
f 6993 6992 9649
f 6992 9652 9634
f 6996 6995 9678
f 9653 9650 6991
f 9617 9650 9653
f 6992 6991 9650
f 9653 6991 9654
f 6991 6990 9654
f 9612 9654 6990
f 9612 6990 6989
f 9609 9598 9614
f 9614 9612 6989
f 9609 9614 6988
f 9652 6992 9650
f 6988 9614 6989
f 9601 6987 6986
f 6988 6987 9601
f 9601 9609 6988
f 9606 9601 6986
f 6985 9607 6986
f 9606 6986 9607
f 6984 9607 6985
f 9618 6984 6983
f 9607 6984 9618
f 9605 9618 6983
f 9605 6983 9621
f 9531 9596 9619
f 9582 9531 6982
f 9574 9582 6981
f 6982 9619 6983
f 9621 6983 9619
f 6982 9531 9619
f 6981 9582 6982
f 6980 9574 6981
f 6980 6979 9574
f 6979 9577 9574
f 6979 9578 9577
f 6977 9533 9576
f 9555 9533 6977
f 6978 9576 9578
f 6978 6977 9576
f 9559 9555 6977
f 6976 9559 6977
f 9556 9561 6976
f 9559 6976 9561
f 6975 9556 6976
f 6979 6978 9578
f 6974 9528 9557
f 6971 9554 6972
f 9520 9530 6970
f 6972 9554 9528
f 6974 9557 6975
f 6973 9528 6974
f 6973 6972 9528
f 9554 6971 9530
f 6969 9527 9525
f 9520 6970 9525
f 9556 6975 9557
f 6970 9530 6971
f 9539 6969 6968
f 9525 6970 6969
f 6969 9539 9527
f 9541 9539 9548
f 9523 9548 6968
f 9539 6968 9548
f 6967 9523 6968
f 6966 9546 6967
f 9523 6967 9546
f 6965 9546 6966
f 6964 9500 9537
f 6963 9519 9545
f 6962 9269 9519
f 6964 9545 9500
f 6964 9537 6965
f 6963 9545 6964
f 9499 6962 9478
f 9519 6963 6962
f 9476 9499 9478
f 9499 9269 6962
f 9546 6965 9537
f 6962 6961 9478
f 9498 9478 6961
f 9480 9498 6960
f 6960 9498 6961
f 9480 6960 9503
f 6959 9489 6960
f 9489 9503 6960
f 9518 9489 6959
f 6958 9497 9518
f 6957 9497 6958
f 6959 6958 9518
f 6956 9491 9501
f 9492 9494 9515
f 6956 9514 9491
f 6957 6956 9501
f 9488 9514 6956
f 6955 9488 6956
f 6955 9515 9517
f 9515 6955 9453
f 9488 6955 9517
f 9453 9492 9515
f 9497 6957 9501
f 9463 9453 6954
f 6954 9448 9463
f 9448 6954 9465
f 6954 6953 9465
f 9467 9465 6953
f 6952 9467 6953
f 6951 9464 6952
f 9467 6952 9464
f 6950 9464 6951
f 9464 9450 9451
f 6955 6954 9453
f 9450 6950 6949
f 9464 6950 9450
f 9445 9438 9436
f 9436 9450 6949
f 9445 9436 6949
f 6948 9434 6949
f 9434 9445 6949
f 9442 9434 6948
f 6946 9442 6947
f 6948 6947 9442
f 9442 6946 9435
f 6946 6945 9435
f 9349 9435 6945
f 6944 9387 9349
f 9406 9387 6944
f 6945 6944 9349
f 6943 9408 9406
f 9432 9408 6943
f 6944 6943 9406
f 6942 9433 6943
f 6943 9433 9432
f 9403 9433 6942
f 6942 9413 9431
f 9415 9430 6940
f 6941 9430 9413
f 6940 9430 6941
f 9413 6942 6941
f 9415 6940 9424
f 9429 9412 9423
f 9427 9429 6937
f 9427 9366 9418
f 9403 6942 9431
f 6939 9424 6940
f 6938 9423 9426
f 6937 9423 6938
f 6939 6938 9426
f 6939 9426 9424
f 9366 6937 6936
f 9429 9423 6937
f 9366 9427 6937
f 9420 9366 6936
f 6936 9364 9346
f 9384 9364 6936
f 9420 6936 9346
f 9364 9384 9348
f 9363 9386 9384
f 6935 9383 9363
f 6934 9355 9383
f 9360 9353 9356
f 6932 9361 9355
f 9357 9332 9345
f 6935 9384 6936
f 9363 9384 6935
f 6935 6934 9383
f 9362 9361 6932
f 6930 9353 9360
f 9357 9359 6929
f 9353 6930 9359
f 6931 9360 9362
f 9355 6934 6933
f 9355 6933 6932
f 9362 6932 6931
f 6931 6930 9360
f 6930 6929 9359
f 6929 6928 9357
f 6925 9331 9330
f 6927 9330 9332
f 9322 9267 6923
f 6924 9331 6925
f 6927 6926 9330
f 6927 9332 6928
f 9267 9331 6924
f 9330 6926 6925
f 9265 9112 9323 9302
f 9322 6923 9324
f 9332 9357 6928
f 6923 9267 6924
f 6923 6922 9324
f 9323 9326 6921
f 9324 6922 9326
f 9302 9323 6919
f 6921 9326 6922
f 6920 9323 6921
f 6918 9266 6919
f 9323 6920 6919
f 9266 6918 9320
f 9266 9302 6919
f 6918 9321 9320
f 6916 9319 9298
f 6915 9300 9319
f 6917 9298 9321
f 6916 9298 6917
f 6915 9319 6916
f 6915 6914 9300
f 6914 9313 9300
f 9311 9313 6914
f 6918 6917 9321
f 9316 9311 6913
f 9316 9297 9311
f 9314 9255 9264
f 9314 9316 6913
f 9255 9314 6913
f 6913 9290 9255
f 9293 9292 9290
f 9293 9290 6913
f 6912 9295 9293
f 6911 9295 6912
f 6913 6912 9293
f 6914 6913 9311
f 9257 9270 9260
f 9258 9262 9254
f 6910 9287 6911
f 9295 6911 9287
f 9289 9287 6910
f 9270 9286 6908
f 6909 9289 6910
f 9273 9286 9270
f 9289 6909 9286
f 6906 9226 9262
f 6908 9286 6909
f 6907 9258 9260
f 6906 9258 6907
f 6908 6907 9260
f 6908 9260 9270
f 6905 9226 6906
f 6904 9226 6905
f 9225 9224 9217
f 9226 6904 9217
f 6904 9225 9217
f 6906 9262 9258
f 6903 9225 6904
f 6903 9223 9214
f 9218 9216 9223
f 9223 6903 9218
f 6902 9222 9218
f 6902 9218 6903
f 9202 9210 9199
f 6902 9220 9222
f 9070 9108 9175 9147
f 9225 6903 9214
f 6901 9232 9230
f 9211 9221 9229
f 9230 9220 6902
f 9213 9211 6898
f 6901 9230 6902
f 6900 9232 6901
f 6898 9229 6899
f 9232 6900 6899
f 9211 9229 6898
f 9229 9232 6899
f 6898 6897 9213
f 6897 9187 9210
f 9187 9199 9210
f 6895 9196 9189
f 9187 6896 9189
f 6894 9196 6895
f 6896 9187 6897
f 6895 9189 6896
f 9175 9178 9183
f 6894 9176 9196
f 9147 9175 6891
f 9213 6897 9210
f 6893 9184 6894
f 9176 6894 9184
f 9183 9186 6893
f 6892 9183 6893
f 9184 6893 9186
f 6892 6891 9175
f 6892 9175 9183
f 6890 9075 6891
f 9144 9107 6890
f 9075 6890 9107
f 6889 9144 6890
f 9075 9147 6891
f 9144 9172 9146
f 9169 9141 9174
f 6889 9174 9172
f 9169 9174 6888
f 6888 9174 6889
f 9156 6888 6887
f 6887 6886 9168
f 6885 9168 6886
f 9156 6887 9168
f 6888 9156 9169
f 9144 6889 9172
f 6884 9155 9153
f 9150 9106 9137
f 9093 9150 6883
f 6885 6884 9153
f 9139 9152 9155
f 6884 9139 9155
f 6883 9137 9139
f 6884 6883 9139
f 9137 6883 9150
f 6883 9151 9093
f 9168 6885 9153
f 9072 9151 6882
f 9079 9091 6881
f 6882 9090 9072
f 9090 6882 9091
f 6882 6881 9091
f 6880 9089 9087
f 9079 6881 9087
f 9102 9078 9096
f 6879 9095 9089
f 6883 6882 9151
f 6880 9087 6881
f 6880 6879 9089
f 9086 9095 6878
f 9094 9086 6878
f 6879 6878 9095
f 6877 9094 6878
f 9103 9105 6876
f 9094 6877 6876
f 6875 9103 6876
f 9105 9094 6876
f 9103 9096 9098
f 9103 6875 9100
f 9100 9102 9096
f 6874 8978 9083
f 6873 9064 8978
f 6875 9083 9100
f 6874 9083 6875
f 6873 8978 6874
f 6871 9025 6872
f 9064 6873 6872
f 9057 9025 6871
f 9025 9064 6872
f 9096 9103 9100
f 9025 9057 9042
f 9048 9043 6870
f 9053 9048 6870
f 6871 9043 9057
f 6870 6869 9053
f 9055 9053 6869
f 6868 9055 6869
f 9047 6868 6867
f 9055 6868 9052
f 9052 6868 9047
f 6871 6870 9043
f 6867 6866 9051
f 6866 9034 9049
f 9012 9034 6866
f 6866 9049 9051
f 8977 9029 6866
f 9012 6866 9029
f 6865 8977 6866
f 6865 9024 9041
f 6865 9027 9024
f 6865 9041 8977
f 9047 6867 9051
f 6864 9027 6865
f 6863 9010 9027
f 6861 9037 9026
f 9026 9010 6862
f 6863 6862 9010
f 6863 9027 6864
f 6860 9035 6861
f 9026 6862 6861
f 9035 6860 8932
f 9035 9037 6861
f 8932 9011 9035
f 8996 8975 8932
f 8998 8996 6859
f 9007 8998 6859
f 6860 6859 8996
f 6859 8995 9007
f 9009 9007 8995
f 6858 8995 6859
f 6857 9006 6858
f 8995 6858 9006
f 9006 6857 8963
f 8932 6860 8996
f 6856 8994 8963
f 8993 8974 8980
f 6854 8965 8974
f 6856 6855 8994
f 6855 8993 8994
f 6854 8993 6855
f 6854 6853 8965
f 8974 8993 6854
f 8960 8929 6853
f 8929 8965 6853
f 6857 6856 8963
f 8973 8962 8960
f 8945 8952 8938
f 8973 8972 8962
f 6852 8957 8973
f 6852 8971 8957
f 8953 8945 8948
f 6852 8959 8971
f 8945 8950 8952
f 6853 8973 8960
f 6852 8973 6853
f 6851 8966 6852
f 8966 8959 6852
f 6851 8968 8970
f 6850 8969 8968
f 6851 8970 8966
f 6850 6849 8969
f 8968 6851 6850
f 6848 8956 8954
f 6847 8956 6848
f 6849 6848 8954
f 8969 6849 8954
f 8953 6847 8945
f 6847 8950 8945
f 6845 8887 8924
f 6844 8887 6845
f 6846 8924 8950
f 6846 6845 8924
f 8950 6847 6846
f 8909 8910 6843
f 8789 8909 6842
f 6844 8910 8887
f 8885 8789 6841
f 8956 6847 8953
f 6843 8910 6844
f 6840 8904 8902
f 8885 6841 8902
f 8899 8890 8904
f 6843 6842 8909
f 6841 6840 8902
f 6841 8789 6842
f 8852 8899 6839
f 8904 6840 6839
f 6838 8852 6839
f 8899 8904 6839
f 6838 8893 8908
f 8894 8889 8884
f 6834 8889 8894
f 6838 6837 8893
f 6837 8895 8893
f 8895 6837 6836
f 8856 8854 6833
f 8897 8895 6835
f 8889 6834 8854
f 8894 8897 6834
f 8852 6838 8908
f 6835 8895 6836
f 6835 6834 8897
f 8870 8856 6833
f 6832 8872 8870
f 6834 6833 8854
f 8872 6832 8867
f 8859 8872 8867
f 6833 6832 8870
f 6831 8869 6832
f 8867 6832 8869
f 8857 8869 6831
f 6830 8865 8857
f 6829 8882 8855
f 6828 8851 8882
f 6829 8855 8865
f 6829 6828 8882
f 8865 6830 6829
f 6827 8799 8883
f 6826 8799 6827
f 8851 6828 6827
f 8883 8851 6827
f 6831 6830 8857
f 8799 6826 8801
f 8807 8801 6826
f 8835 8809 8807
f 6825 8807 6826
f 8835 8807 6825
f 6824 8837 6825
f 8835 6825 8837
f 8812 8837 6824
f 6823 8803 6824
f 8812 6824 8803
f 6822 8803 6823
f 8782 8731 8781
f 6818 8731 8782
f 8782 8785 8795
f 8808 8810 6822
f 8803 6822 8810
f 8808 6822 6821
f 8795 8798 6820
f 8805 8808 6821
f 8798 8802 6820
f 8802 8805 6821
f 8795 6819 8782
f 6820 8802 6821
f 6819 6818 8782
f 8795 6820 6819
f 6818 6817 8731
f 6817 8724 8731
f 8756 6817 6816
f 8724 6817 8756
f 8758 8756 8776
f 6816 8778 8776
f 8755 8778 6816
f 8756 6816 8776
f 8729 8755 6815
f 6814 8771 8769
f 6815 8754 8729
f 8754 6815 8769
f 6814 6813 8771
f 8769 6815 6814
f 8765 8753 6812
f 8771 6813 6812
f 8771 6812 8753
f 6811 8765 6812
f 6816 6815 8755
f 7997 7995 8012
f 7998 7997 6626
f 6624 7998 6625
f 6627 7997 8012
f 7998 6626 6625
f 8010 8011 7992
f 7992 6628 8012
f 6628 6627 8012
f 7997 6627 6626
f 7992 8016 6628
f 7993 7974 7845
f 7994 7993 6621
f 7936 7994 6619
f 6619 7994 6620
f 6623 7993 7845
f 6623 7990 6624
f 7990 7998 6624
f 6623 7845 7990
f 7993 6623 6622
f 6622 6621 7993
f 6621 6620 7994
f 6634 8004 8026
f 6633 8004 6634
f 7999 8026 8024
f 8026 6635 6634
f 8047 8032 8053
f 7999 8033 8034
f 8026 7999 6635
f 6635 7999 6636
f 8023 8020 8017
f 7992 8011 8016
f 6629 8016 8019
f 6629 8019 8017
f 6632 8020 6633
f 8004 6633 8020
f 6632 8017 8020
f 8017 6632 6631
f 6631 6630 8017
f 6630 6629 8017
f 6629 6628 8016
f 8017 8009 8023
f 7943 7942 7932
f 6605 7842 6606
f 7945 7842 7944
f 7932 7941 7943
f 6607 7943 6608
f 7943 6609 6608
f 6606 7945 6607
f 7943 6607 7945
f 7945 6606 7842
f 7931 7929 7842
f 7920 7928 6604
f 6602 6601 7920
f 7921 7920 6601
f 7838 7921 6601
f 6602 7920 6603
f 6605 7918 7931
f 7925 7918 6605
f 7842 6605 7931
f 7925 6604 7928
f 6605 6604 7925
f 6603 7920 6604
f 7936 7973 7971
f 6617 7970 7955
f 6618 7955 7973
f 6618 6617 7955
f 7973 7936 6618
f 6619 6618 7936
f 6615 7957 6616
f 6616 7957 7986
f 6617 6616 7986
f 7970 6617 7986
f 7940 6611 7951
f 7941 7951 6611
f 7941 6610 7943
f 6609 7943 6610
f 6611 6610 7941
f 6614 6613 7957
f 6613 7958 7957
f 6615 6614 7957
f 6612 7940 7960
f 6611 7940 6612
f 6613 6612 7960
f 6613 7960 7958
f 7951 7949 7940
f 8108 8149 6665
f 8127 8113 6663
f 8113 8108 6664
f 6662 8144 8135
f 8076 8144 6662
f 6663 8135 8127
f 6661 8140 8076
f 6660 8140 6661
f 6662 6661 8076
f 8140 6660 8143
f 6662 8135 6663
f 8123 6656 8112
f 8109 8112 6656
f 8123 8126 8131
f 6656 8123 6657
f 6658 8139 6659
f 8143 6660 6659
f 8139 6657 8134
f 8131 8134 6657
f 8123 8131 6657
f 6658 6657 8139
f 8143 6659 8139
f 8174 8194 8169
f 8148 8167 8187
f 6670 8187 8164
f 8174 8164 8194
f 8195 8191 8201
f 8193 8174 8192
f 8193 6671 8174
f 6673 8193 8196
f 8164 8174 6671
f 6667 8162 8148
f 8108 6665 6664
f 8150 6665 8149
f 6666 8150 8162
f 8187 6670 6669
f 6669 6668 8148
f 8148 6668 6667
f 6667 6666 8162
f 6666 6665 8150
f 8148 8187 6669
f 6664 6663 8113
f 8164 6671 6670
f 8057 7982 6645
f 6642 8056 8054
f 6641 8056 6642
f 6643 8054 8057
f 8057 8054 8027
f 8054 6643 6642
f 6646 7982 8075
f 6646 8075 6647
f 7982 6646 6645
f 6645 6644 8057
f 6644 6643 8057
f 6637 8049 6638
f 8047 6638 8049
f 6636 8034 8049
f 7999 8034 6636
f 6637 6636 8049
f 8053 6640 8047
f 8050 8030 6641
f 8056 6641 8030
f 6640 8050 6641
f 8053 8050 6640
f 6640 6639 8047
f 8047 6639 6638
f 8049 8034 8048
f 8082 8077 6655
f 8082 8094 8090
f 8094 8082 6655
f 8109 8081 8105
f 6656 6655 8081
f 6655 6654 8094
f 8077 8081 6655
f 6653 8096 6654
f 8096 8094 6654
f 8109 6656 8081
f 8096 6651 8095
f 8102 8097 6649
f 6647 8086 6648
f 8089 8102 6648
f 8075 8086 6647
f 6648 8102 6649
f 6652 6651 8096
f 8096 6653 6652
f 6650 6649 8070
f 8097 8070 6649
f 6651 6650 8070
f 8070 8095 6651
f 8086 8089 6648
f 7718 7739 7736
f 7722 7735 6569
f 6569 7735 7732
f 6571 7684 7746
f 6571 7740 7684
f 6569 7732 6570
f 7718 7736 6570
f 6570 7732 7718
f 6571 7686 7740
f 7703 7728 6565
f 6566 7682 7724
f 7728 7682 6565
f 6565 7682 6566
f 7703 7701 7728
f 6568 6567 7722
f 6567 7719 7722
f 6569 6568 7722
f 6566 7724 7683
f 6567 6566 7683
f 6567 7683 7723
f 7719 6567 7723
f 6574 7617 7606
f 7673 7604 7651
f 7672 7633 7619
f 6575 7491 7610
f 6575 7606 7491
f 6573 7673 7672
f 6572 7673 6573
f 6574 7619 7617
f 7672 7619 6573
f 6573 7619 6574
f 7673 7647 7604
f 7720 7679 7677
f 7721 7645 7691
f 6572 7720 7647
f 7677 7647 7720
f 7721 7720 6572
f 7673 6572 7647
f 7721 6571 7645
f 6571 7746 7687
f 6572 6571 7721
f 7645 6571 7687
f 6571 6570 7736
f 7736 7686 6571
f 6559 7572 7570
f 7587 7600 6556
f 6556 7600 6557
f 7566 6559 7570
f 6560 6559 7566
f 6560 7566 7602
f 6557 7588 6558
f 7572 6559 6558
f 7600 7588 6557
f 7588 7572 6558
f 7551 7586 6554
f 7551 6553 7509
f 6553 6552 7552
f 6553 7551 6554
f 7587 6555 7568
f 7569 7568 6555
f 6556 6555 7587
f 6554 7586 7567
f 6555 6554 7567
f 6555 7567 7569
f 7568 7569 7553
f 7656 7659 7708
f 7629 7644 7656
f 6563 7656 7708
f 6563 7646 7704
f 6564 6563 7655
f 7704 7655 6563
f 7703 6564 7655
f 6563 7708 7646
f 6565 6564 7703
f 6563 6562 7656
f 7622 7625 7668
f 7622 7605 6561
f 7668 7605 7622
f 6560 7622 6561
f 7622 6560 7602
f 7615 7664 7605
f 6561 7664 7616
f 6561 7616 7660
f 6562 6561 7629
f 7660 7629 6561
f 7656 6562 7629
f 6561 7605 7664
f 6591 7863 7884
f 7893 7864 7888
f 7863 6591 7753
f 6592 7884 7887
f 7871 7869 7881
f 7868 6592 7887
f 6593 7868 7879
f 6592 6591 7884
f 6593 6592 7868
f 7603 7836 6589
f 6588 6587 7603
f 7603 6587 7749
f 6588 7603 6589
f 6590 7888 7753
f 6590 7893 7888
f 6591 6590 7753
f 6589 7837 7893
f 7892 7893 7837
f 7836 7837 6589
f 6590 6589 7893
f 7848 7883 7881
f 6598 7917 7914
f 6599 7914 7897
f 6599 7897 7883
f 7838 6600 7872
f 7874 7872 6600
f 6601 6600 7838
f 6599 7848 7874
f 7883 7848 6599
f 6600 6599 7874
f 6599 6598 7914
f 7848 7881 7869
f 6593 7880 6594
f 7895 6594 7880
f 7879 7880 6593
f 6594 7895 7896
f 6597 6596 7894
f 7894 6598 6597
f 6595 7896 7913
f 6594 7896 6595
f 6596 6595 7913
f 7894 6596 7913
f 7917 6598 7894
f 6579 7776 7777
f 6578 7761 7778
f 6579 7777 7818
f 7814 7771 6581
f 6582 7771 7812
f 6580 7818 7820
f 6579 7818 6580
f 7820 7814 6581
f 6580 7820 6581
f 7765 6576 7610
f 6576 6575 7610
f 6575 6574 7606
f 6576 7765 7621
f 6579 6578 7758
f 6578 7778 7758
f 7776 6579 7758
f 7757 6577 7748
f 7621 7748 6577
f 6576 7621 6577
f 6578 6577 7757
f 7761 6578 7757
f 7802 7834 7832
f 7806 7831 7828
f 7802 7800 7834
f 6586 7772 7749
f 7772 7762 7749
f 7774 7772 6586
f 6587 6586 7749
f 6586 7828 7802
f 6586 7802 7774
f 7800 7802 7828
f 6585 7828 6586
f 7828 7824 7806
f 7813 6582 7812
f 7823 7813 7822
f 7813 6583 6582
f 6585 7821 7824
f 7811 7824 7821
f 7823 7821 6585
f 7828 6585 7824
f 7823 6584 7813
f 6585 6584 7823
f 7813 6584 6583
f 6582 6581 7771
f 7764 7762 7772
f 8763 8766 8737
f 6810 8767 8727
f 6810 8727 8766
f 6810 8763 6811
f 8763 8765 6811
f 6810 8766 8763
f 6809 8738 8740
f 6808 8738 6809
f 6810 6809 8740
f 6810 8740 8767
f 8738 8508 8714
f 8508 6808 6807
f 8738 6808 8508
f 6805 8691 8675
f 6807 8674 8508
f 8674 6807 8675
f 6806 6805 8675
f 8675 6807 6806
f 6803 8711 8709
f 6805 6804 8691
f 8691 6804 8632
f 8632 6804 8709
f 6803 8709 6804
f 8679 8711 6803
f 6802 8708 8706
f 6802 8693 8708
f 8706 8679 6803
f 6803 6802 8706
f 6802 8703 8693
f 6801 8703 6802
f 6801 6800 8703
f 8705 8703 6800
f 8690 8705 6800
f 6798 8701 8690
f 6797 8712 8677
f 6797 8644 8712
f 6798 8677 8701
f 6798 6797 8677
f 8690 6799 6798
f 6797 8689 8713
f 6796 8689 6797
f 8644 6797 8713
f 8646 8689 6796
f 6800 6799 8690
f 8629 6796 6795
f 8646 6796 8629
f 8652 8631 8643
f 6795 8643 8629
f 8643 6795 8652
f 6794 8639 6795
f 8652 6795 8639
f 8672 8639 6794
f 8642 8672 6793
f 6793 8672 6794
f 6793 8648 8642
f 8647 8667 8641
f 8589 8600 8668 8595
f 6789 8667 8647
f 8671 8648 6791
f 8650 8671 6790
f 8670 8638 6789
f 8668 8670 6788
f 6789 8638 8667
f 8595 8668 8560
f 8647 8650 6790
f 6791 6790 8671
f 6790 6789 8647
f 8648 6792 6791
f 6787 8560 6788
f 6788 8670 6789
f 8613 8560 6787
f 8622 8584 8613
f 6788 8560 8668
f 6787 8622 8613
f 8622 6787 6786
f 6792 8648 6793
f 8602 8571 6780
f 8505 8602 6779
f 8571 8601 8604
f 8624 8622 6786
f 6776 8565 8558
f 8505 6778 8558
f 8625 8617 8615
f 8466 8504 8539
f 6785 8626 6786
f 8624 6786 8626
f 6785 8625 8628
f 6784 8625 6785
f 8626 6785 8628
f 6782 8603 6783
f 8625 6784 6783
f 6782 8592 8603
f 8603 8617 6783
f 6781 8592 6782
f 8625 6783 8617
f 8606 8592 6781
f 6781 8571 8604
f 8606 6781 8604
f 8571 6781 6780
f 6778 8505 6779
f 6780 6779 8602
f 6778 6777 8558
f 8565 6776 8566
f 6775 8570 8566
f 6777 6776 8558
f 6772 8557 8555
f 6771 8516 8557
f 6773 8555 8570
f 6774 6773 8570
f 8516 6771 8552
f 6772 8555 6773
f 8570 6775 6774
f 8552 6771 8562
f 8557 6772 6771
f 8554 8552 8562
f 6770 8564 8562
f 6770 8549 8564
f 6770 8562 6771
f 8566 6776 6775
f 6768 8551 8561
f 8535 8548 6765
f 8548 8535 8538
f 6766 8548 8551
f 6769 6768 8561
f 8561 6770 6769
f 6767 6766 8551
f 8551 6768 6767
f 6766 6765 8548
f 8549 6770 8561
f 6765 6764 8535
f 8542 8535 6764
f 6763 8539 8540
f 6764 8540 8542
f 8542 8515 8535
f 6763 8540 6764
f 8539 6762 8466
f 8539 6763 6762
f 6760 6759 8466
f 6761 8466 6762
f 6758 8503 6759
f 6760 8466 6761
f 6757 8461 8503
f 6759 8503 8466
f 8463 8461 6756
f 6756 8461 6757
f 6754 8458 8501
f 8463 6755 8501
f 8496 8460 8499
f 6754 8499 8458
f 6747 8430 8428
f 6758 6757 8503
f 6754 8496 8499
f 6753 8498 8496
f 6753 8469 8498
f 6755 6754 8501
f 6753 6752 8469
f 8496 6754 6753
f 6750 8471 6751
f 6752 6751 8471
f 8468 8471 6750
f 8469 6752 8471
f 6755 8463 6756
f 6749 8457 8495
f 8454 6747 8428
f 8448 8430 6747
f 6747 8450 8448
f 6748 8454 8457
f 8468 6749 8495
f 6749 6748 8457
f 6750 6749 8468
f 6747 8445 8450
f 6747 8454 6748
f 6746 8445 6747
f 8450 8445 8425
f 8495 8455 8468
f 6694 8250 8304
f 8252 8284 8282
f 6692 8284 8252
f 6693 8252 8250
f 8292 8300 8308
f 8305 6694 8304
f 6695 8305 8308
f 6693 8250 6694
f 6695 6694 8305
f 6693 6692 8252
f 6692 8281 8247
f 6691 8280 8249
f 6691 8249 8281
f 6691 6690 8280
f 8281 6692 6691
f 6688 8256 6689
f 8280 6690 6689
f 8256 6688 6687
f 8256 8280 6689
f 6687 8260 8256
f 8284 6692 8247
f 8321 8244 8339
f 6701 8309 8314
f 8301 8314 8309
f 8296 8288 6703
f 8163 8315 6702
f 6701 8314 8163
f 6702 8315 8296
f 8330 8320 8246
f 6701 6700 8309
f 6701 8163 6702
f 6695 8300 8307
f 8308 8300 6695
f 6698 8307 8303
f 8307 6696 6695
f 6699 8306 6700
f 8311 6700 8306
f 6698 8306 6699
f 8306 6698 8303
f 6698 6697 8307
f 6697 6696 8307
f 8309 6700 8311
f 6677 8180 8221
f 8178 8221 8180
f 8202 8180 6677
f 8221 8224 6678
f 8261 8210 8255
f 6685 8212 8210
f 6684 8170 8220
f 8225 8219 8170
f 6685 8220 8212
f 6678 6677 8221
f 8197 8195 6675
f 8197 6673 8196
f 6673 6672 8193
f 6673 8197 6674
f 6676 8168 8202
f 8198 8168 6676
f 6677 6676 8202
f 8201 8198 6675
f 6676 6675 8198
f 6674 8197 6675
f 6675 8195 8201
f 6683 8225 6684
f 8220 6685 6684
f 6683 8239 8237
f 8225 6683 8237
f 8225 8237 8227
f 6686 8261 8240
f 6687 8257 8260
f 8257 6686 8240
f 6686 8210 8261
f 6687 6686 8257
f 8210 6686 6685
f 8170 6684 8225
f 8213 8218 6679
f 8224 8213 6678
f 6679 8218 8209
f 6678 8213 6679
f 6682 6681 8238
f 8238 8239 6682
f 6683 6682 8239
f 6680 6679 8217
f 8209 8217 6679
f 6681 6680 8217
f 8238 6681 8217
f 8418 8424 8414
f 8422 8399 8359 8404
f 6739 8424 8418
f 8419 8437 8421
f 6736 8399 8422
f 8421 6740 8418
f 6738 8422 8424
f 6735 8401 8399
f 8398 8396 6731
f 6728 8358 8356
f 8384 8366 8358
f 6730 8356 8398
f 6729 6728 8356
f 8356 6730 6729
f 8384 6727 8393
f 8358 6728 6727
f 8386 8384 8393
f 8384 8358 6727
f 6733 8396 8401
f 8398 6731 6730
f 8447 6746 8442
f 8437 8440 6742
f 6745 8444 8442
f 6745 6744 8444
f 8442 6746 6745
f 6742 8441 6743
f 6744 6743 8441
f 8440 8441 6742
f 8444 6744 8441
f 6742 6741 8437
f 8438 8447 8442
f 6736 6735 8399
f 8401 6734 6733
f 6734 8401 6735
f 6737 6736 8422
f 6740 8421 6741
f 6741 8421 8437
f 6738 8424 6739
f 6740 6739 8418
f 6737 8422 6738
f 6732 8396 6733
f 6732 6731 8396
f 8445 6746 8447
f 6711 8339 6712
f 6713 6712 8339
f 6710 8341 6711
f 8339 6711 8341
f 8319 8341 6710
f 8367 8342 8353
f 8342 8367 6720
f 8344 8345 6717
f 6714 6713 8244
f 6719 8345 8342
f 6714 8244 8344
f 8332 8330 6705
f 8332 6704 8288
f 6704 6703 8288
f 8296 6703 6702
f 6704 8332 6705
f 6708 8319 6709
f 6710 6709 8319
f 6708 8330 8319
f 8330 6708 6707
f 6707 6706 8330
f 6706 6705 8330
f 8339 8244 6713
f 6726 8395 8393
f 8383 8363 6723
f 8365 8383 6722
f 6726 6725 8395
f 8382 8395 6725
f 6724 8382 6725
f 6724 6723 8382
f 6723 8363 8382
f 6723 6722 8383
f 6722 8362 8365
f 6727 6726 8393
f 6717 8345 6718
f 6717 6716 8344
f 6716 6715 8344
f 6719 6718 8345
f 8362 6721 8355
f 8354 8355 6721
f 6722 6721 8362
f 8354 6720 8367
f 6720 6719 8342
f 6721 6720 8354
f 6714 8344 6715
f 8319 8330 8246
f 8193 6672 6671
f 7552 6552 6551
f 4163 1070 1069
